iteration,scale,ground_charge,charge,matrix_rank,energy_real,energy_imag,pole_real,pole_imag,matrix_support_abs,add11_real,add11_imag,add12_real,add12_imag,add21_real,add21_imag,add22_real,add22_imag,rem11_real,rem11_imag,rem12_real,rem12_imag,rem21_real,rem21_imag,rem22_real,rem22_imag,max_residual,biorth_error,min_pair_overlap
0,0.7853981633974483,2,3,0,0.22142557083042858,0.0009235964115037304,0.1739072366594502,0.0007253909253155038,50.19826502614171,9.161634756973712,-8.83502195363458,8.837846452455942,8.908890935021313,8.83784645245594,8.908890935021313,-8.659681538797251,8.837106688018185,0.0,0.0,0.0,0.0,0.0,0.0,0.0,0.0,1.0471881703153445e-14,1.7790189592656869e-12,0.000199999996444512
0,0.7853981633974483,2,1,1,0.2214255708304323,0.0009235964115037359,-0.17390723665945312,-0.000725390925315508,50.198265026048624,0.0,0.0,0.0,0.0,0.0,0.0,0.0,0.0,-8.65968153879684,8.837106687985557,-8.837846452423314,-8.908890935020896,-8.837846452423314,-8.908890935020896,9.161634756973298,-8.83502195360195,1.0471881703153445e-14,1.7790189592656869e-12,0.000199999996444512
0,0.7853981633974483,2,3,2,0.21958586986032297,-0.0009159192997849251,0.17246233889632875,-0.000719361335871357,49.78124546573637,-8.514343949487017,8.835019343814976,-8.83781435292463,-8.761468334591294,-8.837814352924628,-8.761468334591294,9.012127144377901,-8.837104067815543,0.0,0.0,0.0,0.0,0.0,0.0,0.0,0.0,1.0471881703153445e-14,1.7790189592656869e-12,0.000199999996444512
0,0.7853981633974483,2,1,3,0.21958586986031964,-0.0009159192997850084,-0.17246233889632614,0.0007193613358714224,49.781245465635436,0.0,0.0,0.0,0.0,0.0,0.0,0.0,0.0,9.01212714437753,-8.837104067780384,8.83781435288947,8.761468334590916,8.83781435288947,8.761468334590914,-8.514343949486646,8.835019343779818,1.0471881703153445e-14,1.7790189592656869e-12,0.000199999996444512
0,0.7853981633974483,2,3,4,0.6625530717161557,0.0008919691893884677,0.5203679656792065,0.0007005509631528132,0.013272740490696626,0.0024288531550061307,-0.0023293199762291048,0.002330251817726647,0.002362028405161907,0.0023302518177266154,0.0023620284051618953,-0.0022961355670452132,0.002330238661479749,0.0,0.0,0.0,0.0,0.0,0.0,0.0,0.0,1.0471881703153445e-14,1.7790189592656869e-12,0.000199999996444512
0,0.7853981633974483,2,1,5,0.6625530717161559,0.0008919691893900576,-0.5203679656792066,-0.0007005509631540619,0.013272740490686977,0.0,0.0,0.0,0.0,0.0,0.0,0.0,0.0,-0.00229613556704106,0.0023302386614805627,-0.002330251817727434,-0.0023620284051577485,-0.0023302518177274086,-0.00236202840515772,0.0024288531550019487,-0.00232931997622987,1.0471881703153445e-14,1.7790189592656869e-12,0.000199999996444512
0,0.7853981633974483,2,3,6,0.6607913273538673,-0.0008696003051812565,0.5189842948926894,-0.0006829824825792194,0.013087918741806016,-0.002231723078384461,0.0023293093943372754,-0.0023302333600319666,-0.002296691795946691,-0.002330233360031976,-0.002296691795946695,0.0023625924230803183,-0.0023302384626263713,0.0,0.0,0.0,0.0,0.0,0.0,0.0,0.0,1.0471881703153445e-14,1.7790189592656869e-12,0.000199999996444512
0,0.7853981633974483,2,1,7,0.6607913273538675,-0.0008696003051828445,-0.5189842948926895,0.0006829824825804666,0.01308791874179339,0.0,0.0,0.0,0.0,0.0,0.0,0.0,0.0,0.0023625924230760123,-0.002330238462626158,0.0023302333600317697,0.0022966917959424205,0.0023302333600317476,0.002296691795942403,-0.0022317230783802044,0.0023293093943370625,1.0471881703153445e-14,1.7790189592656869e-12,0.000199999996444512
1,0.4534498410585544,3,2,0,0.016513819463766843,0.0028415092382680232,-0.007488188811114738,-0.001288481912459049,90.91676430169693,0.0,0.0,0.0,0.0,0.0,0.0,0.0,0.0,-15.617125735747358,16.07062805491444,-16.073850258316863,-16.06847269740242,-16.0738502583183,-16.068472697398796,16.526247913422317,-16.070643786991127,5.853153267083984e-13,2.6881067508903967e-10,0.019998000149951345
1,0.4534498410585544,3,4,1,0.01651381946374597,0.0028415092382654745,0.007488188811105273,0.0012884819124578935,90.91676430169653,16.526247913422754,-16.070643786990534,16.07385025831639,16.068472697402893,16.07385025831757,16.06847269739924,-15.617125735747834,16.070628054913833,0.0,0.0,0.0,0.0,0.0,0.0,0.0,0.0,5.853153267083984e-13,2.6881067508903967e-10,0.019998000149951345
1,0.4534498410585544,3,2,2,1.2681982566239682,0.000313327274932061,-0.5750642978968742,-0.00014207820301725304,4.626254001884915,0.0,0.0,0.0,0.0,0.0,0.0,0.0,0.0,-0.8282776339778022,0.7836863218239818,-0.7828865990806618,-0.8512308557526619,-0.7828865990805473,-0.8512308557523395,0.8744971640556721,-0.7817463213767717,5.853153267083984e-13,2.6881067508903967e-10,0.019998000149951345
1,0.4534498410585544,3,4,3,1.2681982566240002,0.0003133272750057321,0.5750642978968887,0.0001420782030506592,4.626254001655757,0.8744971640030952,-0.7817463213492927,0.7828865990530091,0.8512308557000154,0.7828865990532634,0.8512308556998386,-0.8282776339252426,0.7836863217965033,0.0,0.0,0.0,0.0,0.0,0.0,0.0,0.0,5.853153267083984e-13,2.6881067508903967e-10,0.019998000149951345
1,0.4534498410585544,3,2,4,1.2667250838616062,-0.0001381859584124903,-0.5743962879419293,6.266040087866773e-5,4.421656020883487,0.0,0.0,0.0,0.0,0.0,0.0,0.0,0.0,0.8001936241885816,-0.7852112808511631,0.7852664562187253,0.7779296556600068,0.7852664562192542,0.77792965566121,-0.755979731468009,0.7850103969148566,5.853153267083984e-13,2.6881067508903967e-10,0.019998000149951345
1,0.4534498410585544,3,4,5,1.2667250838615949,-0.00013818595833857547,0.5743962879419242,-6.266040084515107e-5,4.421656020646232,-0.7559797314095745,0.7850103968892342,-0.7852664561932087,-0.7779296556022721,-0.7852664561935808,-0.7779296556020577,0.8001936241301397,-0.7852112808255727,0.0,0.0,0.0,0.0,0.0,0.0,0.0,0.0,5.853153267083984e-13,2.6881067508903967e-10,0.019998000149951345
1,0.4534498410585544,3,2,6,1.2739491440373147,0.0053711982283617486,-0.5776720368804018,-0.002435568982944624,0.17795990621994667,0.0,0.0,0.0,0.0,0.0,0.0,0.0,0.0,0.022846589267931715,0.03744333275367365,-0.03830049783880392,0.022632542674096732,-0.03830049783881431,0.02263254267410817,-0.02240317407116181,-0.039166712876633036,5.853153267083984e-13,2.6881067508903967e-10,0.019998000149951345
1,0.4534498410585544,3,4,7,1.2739491440373116,0.005371198228304551,0.5776720368804004,0.0024355689829186878,0.1779599062101373,-0.022403174069624214,-0.03916671287467853,0.0383004978368721,-0.022632542672557127,0.03830049783686326,-0.022632542672577475,0.02284658926639854,0.037443332751745446,0.0,0.0,0.0,0.0,0.0,0.0,0.0,0.0,5.853153267083984e-13,2.6881067508903967e-10,0.019998000149951345
1,0.4534498410585544,3,2,8,2.5489465351806952,0.0028426513985001303,-1.1558194012444392,-0.0012889998248347616,4.913526515276382e-5,0.0,0.0,0.0,0.0,0.0,0.0,0.0,0.0,-8.482651294776097e-6,8.643747322400832e-6,-8.644292357679655e-6,-8.726583891612532e-6,-8.644292357722594e-6,-8.726583891608472e-6,8.97397350712283e-6,-8.641346068041888e-6,5.853153267083984e-13,2.6881067508903967e-10,0.019998000149951345
1,0.4534498410585544,3,4,9,2.548946535180692,0.0028426513984986116,1.1558194012444378,0.0012889998248340729,4.913526514726181e-5,8.973973507126227e-6,-8.641346066060166e-6,8.644292355737867e-6,8.726583891604182e-6,8.644292355761008e-6,8.726583891610918e-6,-8.482651294766917e-6,8.643747320478165e-6,0.0,0.0,0.0,0.0,0.0,0.0,0.0,0.0,5.853153267083984e-13,2.6881067508903967e-10,0.019998000149951345
1,0.4534498410585544,3,4,10,2.551258139467169,0.002559478666916176,1.156867597840731,0.0011605951947059007,3.1911723862935684e-5,-5.403412815870939e-6,5.715721582674265e-6,-5.719033796787865e-6,-5.561804708788353e-6,-5.71903379687989e-6,-5.56180470874701e-6,5.722483770142698e-6,-5.720120831666394e-6,0.0,0.0,0.0,0.0,0.0,0.0,0.0,0.0,5.853153267083984e-13,2.6881067508903967e-10,0.019998000149951345
1,0.4534498410585544,3,2,11,2.5512581394671505,0.002559478666950099,-1.1568675978407226,-0.001160595194721283,3.191172386049641e-5,0.0,0.0,0.0,0.0,0.0,0.0,0.0,0.0,5.722483769792503e-6,-5.720120831112927e-6,5.71903379629822e-6,5.561804708460025e-6,5.719033796289859e-6,5.5618047084366594e-6,-5.403412815581424e-6,5.715721582148395e-6,5.853153267083984e-13,2.6881067508903967e-10,0.019998000149951345
1,0.4534498410585544,3,4,12,2.551541491212395,0.0028429041981779908,1.1569960836445674,0.0012891144568085069,1.59465131092458e-5,2.8574587264747287e-6,-2.860490680400379e-6,2.8598883253114708e-6,2.7771666902070372e-6,2.859888325263448e-6,2.7771666902873148e-6,-2.698018387136432e-6,2.8581748747613375e-6,0.0,0.0,0.0,0.0,0.0,0.0,0.0,0.0,5.853153267083984e-13,2.6881067508903967e-10,0.019998000149951345
1,0.4534498410585544,3,2,13,2.5515414912123617,0.002842904198192417,-1.1569960836445523,-0.0012891144568150485,1.594651310813525e-5,0.0,0.0,0.0,0.0,0.0,0.0,0.0,0.0,-2.6980183870096157e-6,2.8581748744554256e-6,-2.859888325023904e-6,-2.7771666901035116e-6,-2.8598883250207818e-6,-2.7771666901391196e-6,2.857458726351145e-6,-2.8604906801771307e-6,5.853153267083984e-13,2.6881067508903967e-10,0.019998000149951345
1,0.4534498410585544,3,2,14,3.8032986115301934,0.0003195582290707044,-1.724605150896587,-0.00014490362818106404,7.302959366726336e-7,0.0,0.0,0.0,0.0,0.0,0.0,0.0,0.0,-1.304360724648267e-7,1.2404406054247177e-7,-1.2392703185424554e-7,-1.340597549438762e-7,-1.239270318502747e-7,-1.3405975494165132e-7,1.3773299750691885e-7,-1.2375636934870687e-7,5.853153267083984e-13,2.6881067508903967e-10,0.019998000149951345
1,0.4534498410585544,3,4,15,3.80329861153016,0.00031955822914335246,1.7246051508965718,0.00014490362821400628,7.302959366356565e-7,1.3773299747878357e-7,-1.2375636936987605e-7,1.2392703186921772e-7,1.3405975491801617e-7,1.2392703186710766e-7,1.3405975491288373e-7,-1.3043607243844986e-7,1.2404406055326832e-7,0.0,0.0,0.0,0.0,0.0,0.0,0.0,0.0,5.853153267083984e-13,2.6881067508903967e-10,0.019998000149951345
1,0.4534498410585544,3,4,16,3.8018302797381147,-0.00012999667133943094,1.7239393360788475,-5.894696995700609e-5,7.16564666793524e-7,-1.223188755899983e-7,1.2740343397698088e-7,-1.2745034186546546e-7,-1.2587596883620416e-7,-1.2745034186444788e-7,-1.258759688394468e-7,1.2948403214992066e-7,-1.2744688917101175e-7,0.0,0.0,0.0,0.0,0.0,0.0,0.0,0.0,5.853153267083984e-13,2.6881067508903967e-10,0.019998000149951345
1,0.4534498410585544,3,2,17,3.801830279738117,-0.00012999667129623936,-1.7239393360788486,5.894696993742088e-5,7.1656466661833e-7,0.0,0.0,0.0,0.0,0.0,0.0,0.0,0.0,1.2948403202371497e-7,-1.2744688923918576e-7,1.2745034192798326e-7,1.2587596871237316e-7,1.274503419268415e-7,1.2587596871210637e-7,-1.2231887546514832e-7,1.274034340338472e-7,5.853153267083984e-13,2.6881067508903967e-10,0.019998000149951345
1,0.4534498410585544,3,2,18,3.809036668735047,0.005367565599628438,-1.7272070720241126,-0.0024339217680228796,2.4419807732413717e-8,0.0,0.0,0.0,0.0,0.0,0.0,0.0,0.0,3.685827456673544e-9,4.758379832210868e-9,-4.878533652094367e-9,3.669689538603401e-9,-4.87853365179216e-9,3.669689537934898e-9,-3.651599912906771e-9,-5.0001549570675295e-9,5.853153267083984e-13,2.6881067508903967e-10,0.019998000149951345
1,0.4534498410585544,3,4,19,3.8090366687350414,0.005367565599557379,1.7272070720241102,0.002433921767990658,2.4419807699350673e-8,-3.651599915345654e-9,-5.000154944294546e-9,4.878533639961474e-9,-3.6696895411929078e-9,4.878533639458974e-9,-3.6696895403831074e-9,3.6858274592801226e-9,4.75837982049938e-9,0.0,0.0,0.0,0.0,0.0,0.0,0.0,0.0,5.853153267083984e-13,2.6881067508903967e-10,0.019998000149951345
1,0.4534498410585544,3,4,20,5.086705667335749,0.0028441087027462446,2.306565876365043,0.001289660639213536,1.052674809679028e-17,1.8756898094780183e-18,1.8988256886631145e-18,-1.8458088181114032e-18,1.8756527655228655e-18,-1.845797014375447e-18,1.8756646835926596e-18,-1.8748882707468426e-18,-1.793530390012377e-18,0.0,0.0,0.0,0.0,0.0,0.0,0.0,0.0,5.853153267083984e-13,2.6881067508903967e-10,0.019998000149951345
1,0.4534498410585544,3,2,21,5.086705667335755,0.0028441087027501004,-2.306565876365046,-0.0012896606392152844,1.052654044808419e-17,0.0,0.0,0.0,0.0,0.0,0.0,0.0,0.0,-1.874754313224013e-18,-1.7935952174017766e-18,1.8458619453131603e-18,-1.875531136239966e-18,1.84585071257449e-18,-1.8755355047545033e-18,1.8755735539028388e-18,1.89886766405507e-18,5.853153267083984e-13,2.6881067508903967e-10,0.019998000149951345
1,0.4534498410585544,3,2,22,1.272686508357019,0.005822636997478548,-0.5770994949318567,-0.002640273821048306,6.497091627865402e-20,0.0,0.0,0.0,0.0,0.0,0.0,0.0,0.0,7.730194229948255e-21,1.3621925413991437e-20,-1.4282559760340573e-20,7.712824216996743e-21,-1.429772351777845e-20,7.707509990418338e-21,-7.67459988864313e-21,-1.4982284988829964e-20,5.853153267083984e-13,2.6881067508903967e-10,0.019998000149951345
1,0.4534498410585544,3,4,23,1.2726865083570387,0.0058226369975047645,0.5770994949318657,0.002640273821060194,5.451044699769514e-20,-7.921816208853139e-21,-1.1744857167894624e-20,1.1088833642994113e-20,-7.89197723262531e-21,1.113035455625035e-20,-7.874559758641554e-21,7.831751593392367e-21,1.0499787156458727e-20,0.0,0.0,0.0,0.0,0.0,0.0,0.0,0.0,5.853153267083984e-13,2.6881067508903967e-10,0.019998000149951345
1,0.4534498410585544,3,2,24,2.5518248429327786,0.0031261368161423714,-1.157124569437139,-0.0014175462424070536,5.2049749774284905e-25,0.0,0.0,0.0,0.0,0.0,0.0,0.0,0.0,-9.096710004826451e-26,2.4455083797140565e-26,-2.8710935613142366e-26,-1.1625003952019425e-25,-1.505748404136656e-26,-1.3413359951209369e-25,1.7086688595273826e-25,-1.5642691029489157e-26,5.853153267083984e-13,2.6881067508903967e-10,0.019998000149951345
1,0.4534498410585544,3,4,25,2.5518248429327905,0.0031261368161418783,1.1571245694371444,0.00141754624240683,5.096694261705174e-25,1.668980047590605e-25,5.894707525277736e-27,1.0184626126797796e-26,1.2255496176614163e-25,-6.741327506815767e-27,1.2634189620768942e-25,-9.297211808360558e-26,6.04324352313055e-27,0.0,0.0,0.0,0.0,0.0,0.0,0.0,0.0,5.853153267083984e-13,2.6881067508903967e-10,0.019998000149951345
1,0.4534498410585544,3,4,26,3.8077779243698346,0.0058170473014759845,1.7266362945917737,0.002637739174284378,3.6798837451157565e-25,1.0344777759832085e-25,1.487555443372311e-26,-1.2212035200498306e-26,8.91485456371504e-26,-9.434622453530485e-27,9.275010962354675e-26,-7.990713221639254e-26,-7.589216484296535e-27,0.0,0.0,0.0,0.0,0.0,0.0,0.0,0.0,5.853153267083984e-13,2.6881067508903967e-10,0.019998000149951345
1,0.4534498410585544,3,2,27,2.5530437076962063,0.0028428528587181867,-1.1576772634703871,-0.0012890911769386187,1.31739165351921e-25,0.0,0.0,0.0,0.0,0.0,0.0,0.0,0.0,2.846551284492811e-26,1.6959326126226116e-26,-1.6535150902956509e-26,2.8601281160608733e-26,-1.6389882417819474e-26,2.8448547482382845e-26,-2.857691045236428e-26,-1.5967655992956297e-26,5.853153267083984e-13,2.6881067508903967e-10,0.019998000149951345
1,0.4534498410585544,3,2,28,3.8077779243698795,0.00581704730149217,-1.7266362945917941,-0.0026377391742917174,1.2975998678201265e-25,0.0,0.0,0.0,0.0,0.0,0.0,0.0,0.0,-2.632763215194977e-26,8.720743388954038e-27,-8.609383097422688e-27,-3.00876844751606e-26,-9.774041260407272e-27,-3.176200914661606e-26,3.626350545313847e-26,-9.54452900611613e-27,5.853153267083984e-13,2.6881067508903967e-10,0.019998000149951345
1,0.4534498410585544,3,4,29,2.553043707696206,0.0028428528587189916,1.157677263470387,0.0012890911769389837,1.0966223734016348e-25,-2.174983421299604e-26,-1.6288827996462814e-26,1.6834597575382817e-26,-2.1790409821694516e-26,1.659585983291734e-26,-2.1669387993335228e-26,2.1704237804612455e-26,1.7144471706309837e-26,0.0,0.0,0.0,0.0,0.0,0.0,0.0,0.0,5.853153267083984e-13,2.6881067508903967e-10,0.019998000149951345
2,0.2617993877991494,4,3,0,0.28130780994223836,0.0026723193518848123,-0.07364621242599748,-0.0006996115703272635,47.22892996977718,0.0,0.0,0.0,0.0,0.0,0.0,0.0,0.0,-8.190690858255055,8.271771495918346,-8.271244758691218,-8.425159425593172,-8.271244757713589,-8.425159425190287,8.662935816286284,-8.267347295156114,1.7815652980378847e-12,4.0266885430483755e-10,0.019998000149785537
2,0.2617993877991494,4,5,1,0.2813078099438526,0.002672319352314226,0.0736462124264201,0.0006996115704396838,47.22892995429575,8.662935814924056,-8.267347291018657,8.271244754648343,8.425159424231756,8.271244753483113,8.425159423825326,-8.190690856892548,8.271771491781891,0.0,0.0,0.0,0.0,0.0,0.0,0.0,0.0,1.7815652980378847e-12,4.0266885430483755e-10,0.019998000149785537
2,0.2617993877991494,4,3,2,0.2760128094899803,-0.002622106367734903,-0.0722599845492001,0.000686465841817249,46.34365984769061,0.0,0.0,0.0,0.0,0.0,0.0,0.0,0.0,8.345565995023591,-8.271742303681549,8.271152135355795,8.112215945592407,8.271152134370391,8.112215945164785,-7.882173707477673,8.267316418108637,1.7815652980378847e-12,4.0266885430483755e-10,0.019998000149785537
2,0.2617993877991494,4,5,3,0.27601280948872886,-0.0026221063676804424,0.07225998454887247,-0.0006864658418029912,46.34365983213682,-7.882173706121207,8.267316413992337,-8.27115213133512,-8.112215944238521,-8.271152130157853,-8.112215943805635,8.345565993668675,-8.271742299564057,0.0,0.0,0.0,0.0,0.0,0.0,0.0,0.0,1.7815652980378847e-12,4.0266885430483755e-10,0.019998000149785537
2,0.2617993877991494,4,5,4,2.401489802541123,0.00018007926774218398,0.6287085601111663,4.714464205022288e-5,3.179149027735167,0.5804530751357672,-0.5592999084778484,0.5594853658718307,0.564446416698025,0.55948536264703,0.564446415236545,-0.5486635057784884,0.5594449967239377,0.0,0.0,0.0,0.0,0.0,0.0,0.0,0.0,1.7815652980378847e-12,4.0266885430483755e-10,0.019998000149785537
2,0.2617993877991494,4,3,5,2.4014898025458615,0.0001800792702196588,-0.6287085601124067,-4.714464269882427e-5,3.1791490062108676,0.0,0.0,0.0,0.0,0.0,0.0,0.0,0.0,-0.5486635100432411,0.559444984779081,-0.5594853537287376,-0.5644464207685677,-0.5594853508987444,-0.5644464196901663,0.5804530793999493,-0.5592998965330399,1.7815652980378847e-12,4.0266885430483755e-10,0.019998000149785537
2,0.2617993877991494,4,5,6,2.4011312440233334,-0.00017844747936335975,0.6286146897107188,-4.671744085162893e-5,3.150317603212672,-0.538615278744398,0.5593010062032419,-0.559483473676348,-0.5542540425681359,-0.5594834704474165,-0.5542540410903336,0.5701165539522705,-0.5594441915530385,0.0,0.0,0.0,0.0,0.0,0.0,0.0,0.0,1.7815652980378847e-12,4.0266885430483755e-10,0.019998000149785537
2,0.2617993877991494,4,3,7,2.4011312440205757,-0.00017844747862588804,-0.6286146897099968,4.6717440658559284e-5,3.150317581369265,0.0,0.0,0.0,0.0,0.0,0.0,0.0,0.0,0.5701165582620435,-0.5594441795981621,0.5594834615243208,0.5542540466827389,0.5594834586881121,0.55425404558997,-0.5386152830536522,0.5593009942485005,1.7815652980378847e-12,4.0266885430483755e-10,0.019998000149785537
2,0.2617993877991494,4,3,8,0.8392477581640257,0.00249068766994469,-0.21971454929915055,-0.0006520605071904098,0.053420335410884784,0.0,0.0,0.0,0.0,0.0,0.0,0.0,0.0,-0.009320505298321353,0.009300293636618375,-0.009298103828432661,-0.009585702798333722,-0.009298103825455862,-0.009585702796775158,0.009854618771311652,-0.009292078992460944,1.7815652980378847e-12,4.0266885430483755e-10,0.019998000149785537
2,0.2617993877991494,4,5,9,0.8392477581663995,0.002490687670529277,0.219714549299772,0.0006520605073434543,0.0534203353863668,0.009854618769145484,-0.009292078985921163,0.009298103822015664,0.009585702796151601,0.009298103818793313,0.009585702794563512,-0.00932050529609721,0.009300293630076936,0.0,0.0,0.0,0.0,0.0,0.0,0.0,0.0,1.7815652980378847e-12,4.0266885430483755e-10,0.019998000149785537
2,0.2617993877991494,4,3,10,0.8344076180172226,-0.002349001718794277,-0.21844740357185538,0.0006149672119194914,0.0517546816118645,0.0,0.0,0.0,0.0,0.0,0.0,0.0,0.0,0.009257509030553722,-0.009300147397351587,0.009297731894152355,0.008996923713192806,0.009297731891493863,0.00899692371232294,-0.008740056767813937,0.009291716875136094,1.7815652980378847e-12,4.0266885430483755e-10,0.019998000149785537
2,0.2617993877991494,4,5,11,0.8344076180154747,-0.002349001718495046,0.21844740357139777,-0.0006149672118411529,0.05175468158361412,-0.00874005676624308,0.009291716866860521,-0.009297731885980782,-0.008996923711556196,-0.009297731883139225,-0.0089969237107237,0.009257509028891105,-0.009300147389101971,0.0,0.0,0.0,0.0,0.0,0.0,0.0,0.0,1.7815652980378847e-12,4.0266885430483755e-10,0.019998000149785537
2,0.2617993877991494,4,3,12,2.9700933336571236,0.00021249042613556354,-0.7775686164577698,-5.562986347547091e-5,0.0004827361027542205,0.0,0.0,0.0,0.0,0.0,0.0,0.0,0.0,-8.355209257763321e-5,8.471198841885091e-5,-8.471132135413144e-5,-8.594864761191854e-5,-8.471132081671076e-5,-8.594864731330724e-5,8.837907999863805e-5,-8.467626751824455e-5,1.7815652980378847e-12,4.0266885430483755e-10,0.019998000149785537
2,0.2617993877991494,4,5,13,2.9700933336583315,0.00021249042625980964,0.777568616458086,5.562986350799847e-5,0.00048273609461357505,8.837907745013951e-5,-8.467626720490597e-5,8.4711321128979e-5,8.59486451803529e-5,8.471132041600624e-5,8.594864464684461e-5,-8.355209002824417e-5,8.471198810530326e-5,0.0,0.0,0.0,0.0,0.0,0.0,0.0,0.0,1.7815652980378847e-12,4.0266885430483755e-10,0.019998000149785537
2,0.2617993877991494,4,3,14,2.9697656164046613,-0.0001152004371430997,-0.7774828202817039,3.0159403918257894e-5,0.00047543321886021715,0.0,0.0,0.0,0.0,0.0,0.0,0.0,0.0,8.576090752014648e-5,-8.471222472644093e-5,8.471026166909657e-5,8.336699486115861e-5,8.471026111338404e-5,8.336699451072311e-5,-8.100695928538994e-5,8.467494448331111e-5,1.7815652980378847e-12,4.0266885430483755e-10,0.019998000149785537
2,0.2617993877991494,4,5,15,2.9697656164037296,-0.00011520043695623615,0.77748282028146,-3.015940386933713e-5,0.00047543321068534036,-8.100695687284907e-5,8.467494399085883e-5,-8.471026126688239e-5,-8.336699255457857e-5,-8.471026053143109e-5,-8.336699199017654e-5,8.57609051057281e-5,-8.471222423378434e-5,0.0,0.0,0.0,0.0,0.0,0.0,0.0,0.0,1.7815652980378847e-12,4.0266885430483755e-10,0.019998000149785537
2,0.2617993877991494,4,5,16,2.9523858306284763,0.004817698572336571,0.7729328030054183,0.0012612705368385505,0.00041597360204440005,6.83580013582666e-5,-8.031764014790731e-5,8.013514589137825e-5,6.627144574914203e-5,8.013514590007784e-5,6.627144576482007e-5,-6.421693891099792e-5,7.992613665552425e-5,0.0,0.0,0.0,0.0,0.0,0.0,0.0,0.0,1.7815652980378847e-12,4.0266885430483755e-10,0.019998000149785537
2,0.2617993877991494,4,3,17,2.9523858306250776,0.004817698566325034,-0.7729328030045285,-0.0012612705352647337,0.0004159736015134143,0.0,0.0,0.0,0.0,0.0,0.0,0.0,0.0,-6.421693880439707e-5,7.992613657443594e-5,-8.013514580899332e-5,-6.627144563673211e-5,-8.013514582013235e-5,-6.627144565696844e-5,6.835800124453617e-5,-8.031764006672054e-5,1.7815652980378847e-12,4.0266885430483755e-10,0.019998000149785537
2,0.2617993877991494,4,3,18,2.942289130948269,-0.004665329595770398,-0.7702894932103481,0.0012213804320539432,0.0002860101117127855,0.0,0.0,0.0,0.0,0.0,0.0,0.0,0.0,6.309819267394735e-5,-3.574020604319557e-5,3.611469498308046e-5,6.170761022573919e-5,3.6114694994624764e-5,6.170761022723364e-5,-6.0331468719863035e-5,3.646449800224786e-5,1.7815652980378847e-12,4.0266885430483755e-10,0.019998000149785537
2,0.2617993877991494,4,5,19,2.942289130947722,-0.004665329593105408,0.770289493210205,-0.0012213804313562506,0.00028601011074515963,-6.0331468526699475e-5,3.6464497859704284e-5,-3.6114694841420736e-5,-6.17076100268911e-5,-3.611469485415394e-5,-6.170761003063795e-5,6.309819247163735e-5,-3.574020590370199e-5,0.0,0.0,0.0,0.0,0.0,0.0,0.0,0.0,1.7815652980378847e-12,4.0266885430483755e-10,0.019998000149785537
2,0.2617993877991494,4,5,20,2.946477229668991,-0.00029568764025114484,0.7713859348914757,-7.741084319752484e-5,0.00024919675019069443,-2.6713308621452765e-5,5.530805493551669e-5,-5.570692685729643e-5,-2.7884387070502575e-5,-5.570692681091948e-5,-2.788438699705929e-5,2.907774598505107e-5,-5.6094640521765105e-5,0.0,0.0,0.0,0.0,0.0,0.0,0.0,0.0,1.7815652980378847e-12,4.0266885430483755e-10,0.019998000149785537
2,0.2617993877991494,4,3,21,2.9464772296691946,-0.00029568763863174925,-0.7713859348915288,7.741084277356807e-5,0.00024919674940112864,0.0,0.0,0.0,0.0,0.0,0.0,0.0,0.0,2.907774558312893e-5,-5.6094640501926204e-5,5.5706926836731934e-5,2.7884386669066895e-5,5.570692679089639e-5,2.788438659772089e-5,-2.6713308222580135e-5,5.530805491466529e-5,1.7815652980378847e-12,4.0266885430483755e-10,0.019998000149785537
2,0.2617993877991494,4,5,22,2.946506898865393,0.000346628550385095,0.7713937022689301,9.074714228452448e-5,0.00012027918574653181,2.8262972095321033e-5,-1.1456064898535505e-5,1.1688181659070401e-5,2.7703585819759017e-5,1.1688181657577992e-5,2.7703585858311532e-5,-2.7148872638892632e-5,1.1909216049140779e-5,0.0,0.0,0.0,0.0,0.0,0.0,0.0,0.0,1.7815652980378847e-12,4.0266885430483755e-10,0.019998000149785537
2,0.2617993877991494,4,3,23,2.946506898865991,0.0003466285529585295,-0.7713937022690867,-9.074714295824807e-5,0.0001202791856287866,0.0,0.0,0.0,0.0,0.0,0.0,0.0,0.0,-2.714887253238943e-5,1.190921622178913e-5,-1.168818183305092e-5,-2.7703585715730734e-5,-1.1688181829611129e-5,-2.7703585752474593e-5,2.8262971991943057e-5,-1.1456065071823692e-5,1.7815652980378847e-12,4.0266885430483755e-10,0.019998000149785537
2,0.2617993877991494,4,3,24,5.082350661838363,0.0026545582121898963,-1.3305562918498852,-0.0006949617148285194,9.4685093822147e-6,0.0,0.0,0.0,0.0,0.0,0.0,0.0,0.0,-1.6509436221454027e-6,1.6495091975085339e-6,-1.6491516551896275e-6,-1.6979489038156884e-6,-1.6491516563300913e-6,-1.6979489057523028e-6,1.7456137122205378e-6,-1.6481148025513258e-6,1.7815652980378847e-12,4.0266885430483755e-10,0.019998000149785537
2,0.2617993877991494,4,5,25,5.0823506618375145,0.0026545582125670824,1.3305562918496632,0.0006949617149272665,9.468509375702454e-6,1.7456137124700902e-6,-1.6481148000410445e-6,1.6491516527200845e-6,1.6979489035495318e-6,1.6491516538727996e-6,1.6979489062626215e-6,-1.6509436221432991e-6,1.649509195087212e-6,0.0,0.0,0.0,0.0,0.0,0.0,0.0,0.0,1.7815652980378847e-12,4.0266885430483755e-10,0.019998000149785537
2,0.2617993877991494,4,5,26,5.077094086876579,-0.002601447233995433,1.3291801237429697,-0.0006810572932517949,9.188792818683744e-6,-1.5538346998017508e-6,1.6477403114869594e-6,-1.6487507133023688e-6,-1.599441492869752e-6,-1.6487507125233922e-6,-1.5994414902893903e-6,1.645707655658929e-6,-1.6491212058679972e-6,0.0,0.0,0.0,0.0,0.0,0.0,0.0,0.0,1.7815652980378847e-12,4.0266885430483755e-10,0.019998000149785537
2,0.2617993877991494,4,3,27,5.077094086875347,-0.0026014472338756712,-1.3291801237426473,0.0006810572932204414,9.188792810703798e-6,0.0,0.0,0.0,0.0,0.0,0.0,0.0,0.0,1.6457076502801068e-6,-1.6491212084548909e-6,1.6487507156009858e-6,1.5994414873281894e-6,1.648750715165671e-6,1.5994414850065985e-6,-1.553834694359419e-6,1.647740313841189e-6,1.7815652980378847e-12,4.0266885430483755e-10,0.019998000149785537
2,0.2617993877991494,4,3,28,5.084570136932107,0.002191705681885265,-1.3311373490706628,-0.0005737872057534797,7.344998591120658e-6,0.0,0.0,0.0,0.0,0.0,0.0,0.0,0.0,1.1851393249836823e-6,-1.4365352055093487e-6,1.4327484075974452e-6,1.1483499769314433e-6,1.4327484057301678e-6,1.148349974525144e-6,-1.1121336339527768e-6,1.4285021532412367e-6,1.7815652980378847e-12,4.0266885430483755e-10,0.019998000149785537
2,0.2617993877991494,4,5,29,5.084570136931492,0.002191705681861748,1.3311373490705019,0.0005737872057473229,7.344998555905098e-6,-1.1121336173285524e-6,1.4285021552568867e-6,-1.4327484094960782e-6,-1.1483499599687003e-6,-1.4327484078456474e-6,-1.1483499583283547e-6,1.1851393084484707e-6,-1.4365352074995608e-6,0.0,0.0,0.0,0.0,0.0,0.0,0.0,0.0,1.7815652980378847e-12,4.0266885430483755e-10,0.019998000149785537
2,0.2617993877991494,4,3,30,5.079657036857611,-0.002081182907231172,-1.3298511024789639,0.0005448524110111748,5.207653264376197e-6,0.0,0.0,0.0,0.0,0.0,0.0,0.0,0.0,-1.1088279362701603e-6,6.465666702269178e-7,-6.398037940030864e-7,-1.1337812527394234e-6,-6.39803793351085e-7,-1.1337812522667637e-6,1.1589903995394133e-6,-6.325873534600508e-7,1.7815652980378847e-12,4.0266885430483755e-10,0.019998000149785537
2,0.2617993877991494,4,5,31,5.079657036857553,-0.0020811829079500064,1.3298511024789486,-0.0005448524111993652,5.207653257721139e-6,1.1589903946818763e-6,-6.32587358696902e-7,6.398037994323111e-7,1.1337812481697319e-6,6.398037983472631e-7,1.1337812471337896e-6,-1.1088279314234911e-6,6.46566675414381e-7,0.0,0.0,0.0,0.0,0.0,0.0,0.0,0.0,1.7815652980378847e-12,4.0266885430483755e-10,0.019998000149785537
2,0.2617993877991494,4,3,32,5.084036149129269,0.0024841630785647825,-1.3309975513907877,-0.0006503523731615104,4.5152530510672695e-6,0.0,0.0,0.0,0.0,0.0,0.0,0.0,0.0,-4.913882476193694e-7,9.985492475936463e-7,-1.005620109355145e-6,-5.126599118876174e-7,-1.0056201091939857e-6,-5.126599108867616e-7,5.343337821888774e-7,-1.0124858265567663e-6,1.7815652980378847e-12,4.0266885430483755e-10,0.019998000149785537
2,0.2617993877991494,4,5,33,5.0840361491289,0.0024841630779406923,1.330997551390691,0.0006503523729981239,4.515253040084503e-6,5.343337708072255e-7,-1.0124858291584407e-6,1.0056201121135493e-6,5.126599003835053e-7,1.0056201118222868e-6,5.126598997413295e-7,-4.913882363463483e-7,9.985492503731682e-7,0.0,0.0,0.0,0.0,0.0,0.0,0.0,0.0,1.7815652980378847e-12,4.0266885430483755e-10,0.019998000149785537
2,0.2617993877991494,4,5,34,5.0784237964072165,-0.002487920994627826,1.3295282408840414,-0.0006513361932862158,2.1550764303079576e-6,-4.848586476731477e-7,2.169368168341625e-7,-2.1304936084347332e-7,-4.948263341128672e-7,-2.1304936063919645e-7,-4.948263332069177e-7,5.048791997962207e-7,-2.089639570730441e-7,0.0,0.0,0.0,0.0,0.0,0.0,0.0,0.0,1.7815652980378847e-12,4.0266885430483755e-10,0.019998000149785537
2,0.2617993877991494,4,3,35,5.07842379640735,-0.002487920994534478,-1.3295282408840763,0.0006513361932617773,2.1550764289723925e-6,0.0,0.0,0.0,0.0,0.0,0.0,0.0,0.0,5.048791998303343e-7,-2.0896395609671945e-7,2.1304935973896517e-7,4.948263341847171e-7,2.1304935969002962e-7,4.948263332923229e-7,-4.848586477968238e-7,2.169368157595009e-7,1.7815652980378847e-12,4.0266885430483755e-10,0.019998000149785537
2,0.2617993877991494,4,5,36,7.204118434404159,0.00018120973660510232,1.8860337957595756,4.7440598106460904e-5,2.0537408610377857e-7,3.754512555354621e-8,-3.6081428740690146e-8,3.6094774262549536e-8,3.651110682470728e-8,3.609477425952628e-8,3.6511106708687396e-8,-3.54915229676458e-8,3.6093512451858436e-8,0.0,0.0,0.0,0.0,0.0,0.0,0.0,0.0,1.7815652980378847e-12,4.0266885430483755e-10,0.019998000149785537
2,0.2617993877991494,4,3,37,7.2041184344071825,0.00018120973765868228,-1.886033795760367,-4.744059838228749e-5,2.0537408375922483e-7,0.0,0.0,0.0,0.0,0.0,0.0,0.0,0.0,-3.549152268141647e-8,3.6093511902875975e-8,-3.609477371352362e-8,-3.651110654426767e-8,-3.6094773711210516e-8,-3.651110642532814e-8,3.754512527632909e-8,-3.608142819209622e-8,1.7815652980378847e-12,4.0266885430483755e-10,0.019998000149785537
2,0.2617993877991494,4,5,38,7.203760866679367,-0.00017632620615641928,1.8859401847481283,-4.616209282469718e-5,2.0298225302774872e-7,-3.46579298660193e-8,3.6081587324905946e-8,-3.609463776879087e-8,-3.566555559317442e-8,-3.609463784093426e-8,-3.566555567565478e-8,3.668761640450585e-8,-3.609341917594998e-8,0.0,0.0,0.0,0.0,0.0,0.0,0.0,0.0,1.7815652980378847e-12,4.0266885430483755e-10,0.019998000149785537
2,0.2617993877991494,4,3,39,7.2037608666769195,-0.00017632620544614976,-1.8859401847474875,4.616209263874905e-5,2.0298225043556006e-7,0.0,0.0,0.0,0.0,0.0,0.0,0.0,0.0,3.6687616017267125e-8,-3.609341864317498e-8,3.609463723110169e-8,3.566555522562365e-8,3.6094637313377177e-8,3.566555527719567e-8,-3.4657929487336415e-8,3.6081586792398686e-8,1.7815652980378847e-12,4.0266885430483755e-10,0.019998000149785537
2,0.2617993877991494,4,5,40,5.640170385791188,0.002503814721259369,1.4765931540830253,0.0006554971611882007,2.6139801065552754e-9,4.866603231261777e-10,-4.4991546867784926e-10,4.503397440911908e-10,4.735051527461903e-10,4.5033976880949925e-10,4.735052117827028e-10,-4.605301394344075e-10,4.5057460609365143e-10,0.0,0.0,0.0,0.0,0.0,0.0,0.0,0.0,1.7815652980378847e-12,4.0266885430483755e-10,0.019998000149785537
2,0.2617993877991494,4,3,41,5.64017038579069,0.0025038147207850957,-1.4765931540828952,-0.0006554971610640362,2.6139800667621506e-9,0.0,0.0,0.0,0.0,0.0,0.0,0.0,0.0,-4.6053014999718025e-10,4.505745817278452e-10,-4.503397211054303e-10,-4.735051639898021e-10,-4.503397435642323e-10,-4.73505218959811e-10,4.866603309630053e-10,-4.499154448626481e-10,1.7815652980378847e-12,4.0266885430483755e-10,0.019998000149785537
2,0.2617993877991494,4,5,42,5.635306672906384,-0.002359442466310999,1.4753198370273528,-0.0006177005932275348,2.4810491243670314e-9,-4.143757624429984e-10,4.4972468268717453e-10,-4.501398768448458e-10,-4.2668601717482816e-10,-4.501398549111873e-10,-4.266859641337361e-10,4.3917624066089144e-10,-4.503843386858344e-10,0.0,0.0,0.0,0.0,0.0,0.0,0.0,0.0,1.7815652980378847e-12,4.0266885430483755e-10,0.019998000149785537
2,0.2617993877991494,4,3,43,5.635306672906391,-0.0023594424664929834,-1.4753198370273546,0.0006177005932751781,2.481049078468406e-9,0.0,0.0,0.0,0.0,0.0,0.0,0.0,0.0,4.391761935493994e-10,-4.503843690916698e-10,4.501399058286194e-10,4.266859710378214e-10,4.5013988510201785e-10,4.2668591447543013e-10,-4.1437571379250677e-10,4.497247114384212e-10,1.7815652980378847e-12,4.0266885430483755e-10,0.019998000149785537
2,0.2617993877991494,4,5,44,5.642438784005553,0.0020368949090989966,1.4771870193468308,0.0005332578402133214,2.020443745039564e-9,-3.109553592265209e-10,3.8897859274264156e-10,-3.900183213561083e-10,-3.209318861869259e-10,-3.9001830892920367e-10,-3.209318495940716e-10,3.3106435814251685e-10,-3.909296335825474e-10,0.0,0.0,0.0,0.0,0.0,0.0,0.0,0.0,1.7815652980378847e-12,4.0266885430483755e-10,0.019998000149785537
2,0.2617993877991494,4,3,45,5.642438784007086,0.0020368949089950876,-1.4771870193472323,-0.000533257840186118,2.0204433460309793e-9,0.0,0.0,0.0,0.0,0.0,0.0,0.0,0.0,3.3106428971698183e-10,-3.9092956093225697e-10,3.9001825141527814e-10,3.2093181586510914e-10,3.900182334986888e-10,3.20931782581689e-10,-3.109552903547004e-10,3.8897851998926667e-10,1.7815652980378847e-12,4.0266885430483755e-10,0.019998000149785537
2,0.2617993877991494,4,3,46,5.637977535721848,-0.0018400765557661089,-1.4760190672773368,0.0004817309158031347,1.3899796232882273e-9,0.0,0.0,0.0,0.0,0.0,0.0,0.0,0.0,-2.9363494898021423e-10,1.7649989892295496e-10,-1.7478362870096747e-10,-3.003186875206726e-10,-1.7478362613447933e-10,-3.003187092832569e-10,3.07072337208089e-10,-1.7294721446896968e-10,1.7815652980378847e-12,4.0266885430483755e-10,0.019998000149785537
2,0.2617993877991494,4,5,47,5.637977535722491,-0.0018400765564265814,1.476019067277505,-0.000481730915976046,1.3899792291389375e-9,3.070722718265969e-10,-1.729471295245984e-10,1.7478354427071457e-10,3.003186213406812e-10,1.7478354072111746e-10,3.0031864628059156e-10,-2.936348851899313e-10,1.7649981401979414e-10,0.0,0.0,0.0,0.0,0.0,0.0,0.0,0.0,1.7815652980378847e-12,4.0266885430483755e-10,0.019998000149785537
2,0.2617993877991494,4,5,48,5.641967314871739,0.002318978772517493,1.477063589016232,0.0006071072229643026,1.2315030346561223e-9,1.4797770402672733e-10,-2.749534064461335e-10,2.731289754978356e-10,1.4205125784894731e-10,2.7312899714308873e-10,1.4205127978954866e-10,-1.362340739754863e-10,2.712477238829769e-10,0.0,0.0,0.0,0.0,0.0,0.0,0.0,0.0,1.7815652980378847e-12,4.0266885430483755e-10,0.019998000149785537
2,0.2617993877991494,4,3,49,5.641967314871633,0.0023189787734170207,-1.4770635890162043,-0.0006071072231997984,1.2315026794240195e-9,0.0,0.0,0.0,0.0,0.0,0.0,0.0,0.0,-1.362340133514813e-10,2.7124765677292047e-10,-2.7312890743420017e-10,-1.4205119662466083e-10,-2.731289304786146e-10,-1.4205121515499405e-10,1.4797763874627825e-10,-2.7495333886205317e-10,1.7815652980378847e-12,4.0266885430483755e-10,0.019998000149785537
2,0.2617993877991494,4,3,50,5.636837429018694,-0.002226576340839869,-1.4757205880404254,0.0005829163229199479,5.748381953307962e-10,0.0,0.0,0.0,0.0,0.0,0.0,0.0,0.0,1.3413817549203309e-10,-5.700603845060455e-11,5.8070428466664775e-11,1.314465556169526e-10,5.807042789569012e-11,1.3144654067573502e-10,-1.2877813841099822e-10,5.908223463355477e-11,1.7815652980378847e-12,4.0266885430483755e-10,0.019998000149785537
2,0.2617993877991494,4,5,51,5.636837429018232,-0.002226576341040176,1.4757205880403046,-0.0005829163229723883,5.748377184672138e-10,-1.2877802009104672e-10,5.908221077394615e-11,-5.807040475121224e-11,-1.314464357702493e-10,-5.8070405062561616e-11,-1.3144642043768194e-10,1.3413805370430021e-10,-5.700601577946289e-11,0.0,0.0,0.0,0.0,0.0,0.0,0.0,0.0,1.7815652980378847e-12,4.0266885430483755e-10,0.019998000149785537
2,0.2617993877991494,4,3,52,3.5166391271614525,-7.139932251362929e-5,-0.9206539706014034,1.869229892334217e-5,2.061281082923272e-11,0.0,0.0,0.0,0.0,0.0,0.0,0.0,0.0,4.719922315445323e-12,2.244294953728021e-12,-2.1467431652755476e-12,4.6844712142279165e-12,-2.146747014303174e-12,4.6844836312856125e-12,-4.648173467390327e-12,-2.0510688327315257e-12,1.7815652980378847e-12,4.0266885430483755e-10,0.019998000149785537
2,0.2617993877991494,4,5,53,3.516639127160156,-7.139932286601668e-5,0.9206539706010639,-1.8692299015596975e-5,2.061276805873398e-11,-4.648167236398543e-12,-2.0510563420930955e-12,2.1467304124618543e-12,-4.684464739672035e-12,2.1467349274600575e-12,-4.684477963198284e-12,4.719916401173654e-12,2.2442826137470056e-12,0.0,0.0,0.0,0.0,0.0,0.0,0.0,0.0,1.7815652980378847e-12,4.0266885430483755e-10,0.019998000149785537
2,0.2617993877991494,4,5,54,3.516966966366617,0.0002564147296255379,0.920739798704612,6.712921923865024e-5,9.196344117705078e-12,5.488662822472246e-13,2.266191722300511e-12,-2.2264913374396284e-12,5.727021960102334e-13,-2.226497088312125e-12,5.727088780959393e-13,-5.956541540713532e-13,-2.1870256077982595e-12,0.0,0.0,0.0,0.0,0.0,0.0,0.0,0.0,1.7815652980378847e-12,4.0266885430483755e-10,0.019998000149785537
2,0.2617993877991494,4,3,55,3.516966966365927,0.0002564147307817545,-0.9207397987044313,-6.712921954134704e-5,9.196330966349174e-12,0.0,0.0,0.0,0.0,0.0,0.0,0.0,0.0,-5.95648965551012e-13,-2.1870236800993526e-12,2.2264892343787944e-12,-5.726968126417159e-13,2.2264951064521136e-12,-5.727037483586072e-13,5.488609582173758e-13,2.266189561974988e-12,1.7815652980378847e-12,4.0266885430483755e-10,0.019998000149785537
2,0.2617993877991494,4,5,56,7.772374629931761,-0.0001279719651738169,2.0348029198617756,-3.350298213795933e-5,2.6064533658738867e-12,-4.5021853298151746e-13,4.582811799938689e-13,-4.583032988856728e-13,-4.631582342081184e-13,-4.583032032599682e-13,-4.631583987785058e-13,4.762813853682046e-13,-4.581400231549742e-13,0.0,0.0,0.0,0.0,0.0,0.0,0.0,0.0,1.7815652980378847e-12,4.0266885430483755e-10,0.019998000149785537
2,0.2617993877991494,4,3,57,7.772374629929138,-0.00012797196515512005,-2.0348029198610886,3.350298213306451e-5,2.6064525193614473e-12,0.0,0.0,0.0,0.0,0.0,0.0,0.0,0.0,4.762799609717391e-13,-4.581411679534195e-13,4.583043775197936e-13,4.63156850623419e-13,4.583043971095935e-13,4.631569386393342e-13,-4.502171133774473e-13,4.582823074238224e-13,1.7815652980378847e-12,4.0266885430483755e-10,0.019998000149785537
2,0.2617993877991494,4,5,58,7.772730864806621,0.0002282333898704532,2.0348961819339264,5.975136174340923e-5,2.576686653326174e-12,4.656060340832408e-13,-4.5828894054556e-13,4.583012446459126e-13,4.5263190603062533e-13,4.5830128580457e-13,4.526318036257721e-13,-4.398409587658273e-13,4.581325001869603e-13,0.0,0.0,0.0,0.0,0.0,0.0,0.0,0.0,1.7815652980378847e-12,4.0266885430483755e-10,0.019998000149785537
2,0.2617993877991494,4,3,59,7.77273086480891,0.00022823338961957575,-2.034896181934526,-5.9751361677729674e-5,2.5766863995500613e-12,0.0,0.0,0.0,0.0,0.0,0.0,0.0,0.0,-4.398410892436765e-13,4.581322869713733e-13,-4.583010632158029e-13,-4.5263196291966545e-13,-4.583010480320667e-13,-4.526319906067486e-13,4.656061474247573e-13,-4.582887349575104e-13,1.7815652980378847e-12,4.0266885430483755e-10,0.019998000149785537
2,0.2617993877991494,4,3,60,7.755003594416906,0.0048126414545243985,-2.030255193398549,-0.0012599465864912955,2.3260946234934792e-12,0.0,0.0,0.0,0.0,0.0,0.0,0.0,0.0,-3.5878638083404767e-13,4.471902894583135e-13,-4.4836706155601204e-13,-3.702742164540271e-13,-4.4836695508056104e-13,-3.7027417245156824e-13,3.8194132397460623e-13,-4.4939558198784875e-13,1.7815652980378847e-12,4.0266885430483755e-10,0.019998000149785537
2,0.2617993877991494,4,5,61,7.755003594420325,0.004812641460575109,2.0302551933994444,0.0012599465880753678,2.3260903096410994e-12,3.819401160262212e-13,-4.49395169994869e-13,4.48366652183806e-13,3.702729970844743e-13,4.483665157557912e-13,3.7027303240469423e-13,-3.587852290810661e-13,4.47189853417228e-13,0.0,0.0,0.0,0.0,0.0,0.0,0.0,0.0,1.7815652980378847e-12,4.0266885430483755e-10,0.019998000149785537
2,0.2617993877991494,4,3,62,7.7449215700346,-0.0046575040832616075,-2.027615725587485,0.0012193317176699275,1.6065212869764575e-12,0.0,0.0,0.0,0.0,0.0,0.0,0.0,0.0,3.544409446670564e-13,-2.0072152875232726e-13,2.0282570257988416e-13,3.4663018765344414e-13,2.028257300269635e-13,3.4663027453826935e-13,-3.3890062012559636e-13,2.0479123632383465e-13,1.7815652980378847e-12,4.0266885430483755e-10,0.019998000149785537
2,0.2617993877991494,4,5,63,7.744921570033931,-0.00465750408073918,2.02761572558731,-0.0012193317170095573,1.6065188785832742e-12,-3.3889972572062334e-13,2.0479155585227473e-13,-2.0282604174402675e-13,-3.4662932343821765e-13,-2.0282604286714153e-13,-3.466293620037304e-13,3.544400625436984e-13,-2.007218608773311e-13,0.0,0.0,0.0,0.0,0.0,0.0,0.0,0.0,1.7815652980378847e-12,4.0266885430483755e-10,0.019998000149785537
2,0.2617993877991494,4,3,64,7.749104160305314,-0.0002931819361013466,-2.028710725159773,7.675485138510188e-5,1.3696882759133225e-12,0.0,0.0,0.0,0.0,0.0,0.0,0.0,0.0,1.529987887955794e-13,-3.1176219472706063e-13,3.0948729807865824e-13,1.4648807302315235e-13,3.0948733033946186e-13,1.464880554972761e-13,-1.4010112354968965e-13,3.0715381312179096e-13,1.7815652980378847e-12,4.0266885430483755e-10,0.019998000149785537
2,0.2617993877991494,4,5,65,7.749104160305034,-0.0002931819377167775,2.0287107251596996,-7.67548518080207e-5,1.3696880168605396e-12,-1.4010176286220104e-13,3.0715344212901623e-13,-3.094869120155801e-13,-1.4648874392049652e-13,-3.094869559296503e-13,-1.4648868823546468e-13,1.5299945336128e-13,-3.117618048839612e-13,0.0,0.0,0.0,0.0,0.0,0.0,0.0,0.0,1.7815652980378847e-12,4.0266885430483755e-10,0.019998000149785537
2,0.2617993877991494,4,5,66,7.749133755576902,0.00034726977184776353,2.0287184731837566,9.091501367089479e-5,6.932042264322496e-13,1.6425013265372876e-13,-6.255866346356302e-14,6.396439780873472e-14,1.610552827853147e-13,6.396444345377526e-14,1.610552973145893e-13,-1.578860205770374e-13,6.5305750656658e-14,0.0,0.0,0.0,0.0,0.0,0.0,0.0,0.0,1.7815652980378847e-12,4.0266885430483755e-10,0.019998000149785537
2,0.2617993877991494,4,3,67,7.749133755577504,0.0003472697743302387,-2.0287184731839143,-9.091501432080526e-5,6.932038919075707e-13,0.0,0.0,0.0,0.0,0.0,0.0,0.0,0.0,-1.5788598746554672e-13,6.530560141096791e-14,-6.396425164845872e-14,-1.6105526469975147e-13,-6.396428095661446e-14,-1.6105525794427878e-13,1.6425010834783764e-13,-6.255850376801338e-14,1.7815652980378847e-12,4.0266885430483755e-10,0.019998000149785537
2,0.2617993877991494,4,3,68,9.881275258392145,-0.0026112545175612377,-2.5869118133219455,0.0006836248340852953,7.696658531785671e-19,0.0,0.0,0.0,0.0,0.0,0.0,0.0,0.0,1.782468191876576e-19,7.944048683196077e-20,-7.583112462630176e-20,1.7683770500814421e-19,-7.583189785123093e-20,1.7682865246626328e-19,-1.7538921396033557e-19,-7.22932946671185e-20,1.7815652980378847e-12,4.0266885430483755e-10,0.019998000149785537
2,0.2617993877991494,4,5,69,9.881275258395021,-0.002611254517693922,2.5869118133226983,-0.0006836248341200319,7.687799144795884e-19,-1.752484748521146e-19,-7.206285706785429e-20,7.560624065210621e-20,-1.7670015853618052e-19,7.558968687227325e-20,-1.7668441069294984e-19,1.7810576041473956e-19,7.920379212624742e-20,0.0,0.0,0.0,0.0,0.0,0.0,0.0,0.0,1.7815652980378847e-12,4.0266885430483755e-10,0.019998000149785537
2,0.2617993877991494,4,5,70,9.886554762248037,0.002667676027546969,2.5882939841993013,0.0006983959508582633,3.17437827150873e-19,1.409808184331412e-20,7.924239126120893e-20,-7.793197415940594e-20,1.5008003791709123e-20,-7.791507003586721e-20,1.5006475713349976e-20,-1.5885076463881295e-20,-7.661059934853666e-20,0.0,0.0,0.0,0.0,0.0,0.0,0.0,0.0,1.7815652980378847e-12,4.0266885430483755e-10,0.019998000149785537
2,0.2617993877991494,4,3,71,9.88655476225018,0.0026676760268981876,-2.5882939841998622,-0.0006983959506884127,3.171893512332047e-19,0.0,0.0,0.0,0.0,0.0,0.0,0.0,0.0,-1.5811740296015016e-20,-7.656398921941711e-20,7.787193118763071e-20,-1.4936526624786505e-20,7.787570784447036e-20,-1.4937004517964086e-20,1.4030620075727084e-20,7.918962137969843e-20,1.7815652980378847e-12,4.0266885430483755e-10,0.019998000149785537
2,0.2617993877991494,4,3,72,2.9508747072791763,0.005283332381275936,-0.7725371918376825,-0.0013831731829574622,1.4726221850623842e-19,0.0,0.0,0.0,0.0,0.0,0.0,0.0,0.0,4.0699335366690246e-21,3.61037577308825e-20,-3.665165505104911e-20,3.5754680627474765e-21,-3.662604076909502e-20,3.5973514135309374e-21,-3.0885791272606828e-21,-3.7173778941233255e-20,1.7815652980378847e-12,4.0266885430483755e-10,0.019998000149785537
2,0.2617993877991494,4,5,73,2.9508747072793557,0.005283332381188766,0.7725371918377295,0.0013831731829346413,1.300353537081852e-19,-6.415886072982588e-21,-3.230333083462646e-20,3.1796256327554273e-20,-6.790370899126245e-21,3.177985639502825e-20,-6.811686937793253e-21,7.173662980760549e-21,3.1273926172358077e-20,0.0,0.0,0.0,0.0,0.0,0.0,0.0,0.0,1.7815652980378847e-12,4.0266885430483755e-10,0.019998000149785537
2,0.2617993877991494,4,3,74,2.940404478567465,-0.005185843388351249,-0.7697960923708395,0.0013576506242926234,9.951056844610486e-20,0.0,0.0,0.0,0.0,0.0,0.0,0.0,0.0,2.9770407599968254e-21,-2.5053491573436346e-20,2.4755992638185894e-20,2.5798851230450222e-21,2.4727875488116732e-20,2.586271581388021e-21,-2.1990542265426733e-21,2.442922944439443e-20,1.7815652980378847e-12,4.0266885430483755e-10,0.019998000149785537
2,0.2617993877991494,4,5,75,2.940404478567438,-0.005185843388273735,0.7697960923708325,-0.0013576506242723304,9.469484726057486e-20,-2.6462259655564847e-21,2.3191275266484393e-20,-2.3498303583891148e-20,-3.00944500263805e-21,-2.3461397810338017e-20,-3.0191085679606272e-21,3.391631989663058e-21,-2.3767223896079673e-20,0.0,0.0,0.0,0.0,0.0,0.0,0.0,0.0,1.7815652980378847e-12,4.0266885430483755e-10,0.019998000149785537
2,0.2617993877991494,4,3,76,8.31926876268911,-6.953213643500974e-5,-2.177979469008596,1.8203470751052484e-5,8.949145422184707e-20,0.0,0.0,0.0,0.0,0.0,0.0,0.0,0.0,2.0483729086045188e-20,9.753762411046972e-21,-9.318771129789207e-21,2.0294805915485535e-20,-9.34342654524664e-21,2.037101534073105e-20,-2.017823442607473e-20,-8.91645035576844e-21,1.7815652980378847e-12,4.0266885430483755e-10,0.019998000149785537
2,0.2617993877991494,4,5,77,8.319268762684322,-6.95321367060707e-5,2.177979469007343,-1.8203470822016074e-5,8.904409519467826e-20,-2.0045821597439792e-20,-8.937903366511746e-21,9.329695237746306e-21,-2.016176044346167e-20,9.368596225117338e-21,-2.024112778773649e-20,2.0353333282855992e-20,9.76836091700175e-21,0.0,0.0,0.0,0.0,0.0,0.0,0.0,0.0,1.7815652980378847e-12,4.0266885430483755e-10,0.019998000149785537
2,0.2617993877991494,4,5,78,8.319595585270077,0.0002572653261496789,2.1780650309602123,6.735190488793444e-5,4.331962652871516e-20,2.8002307268090193e-21,1.0620217892078853e-20,-1.041242692276909e-20,2.887902967705912e-21,-1.045108247633329e-20,2.9271816333096714e-21,-3.0106685092189068e-21,-1.0244449181377214e-20,0.0,0.0,0.0,0.0,0.0,0.0,0.0,0.0,1.7815652980378847e-12,4.0266885430483755e-10,0.019998000149785537
2,0.2617993877991494,4,3,79,8.31959558526744,0.00025726532917195837,-2.1780650309595218,-6.735190567916536e-5,4.28002434483789e-20,0.0,0.0,0.0,0.0,0.0,0.0,0.0,0.0,-3.0177810811784435e-21,-1.0108847553862942e-20,1.0280031333319937e-20,-2.8973172599685983e-21,1.030974311146777e-20,-2.932000098267866e-21,2.8073521161160278e-21,1.0482057551373063e-20,1.7815652980378847e-12,4.0266885430483755e-10,0.019998000149785537
3,0.15114994701951814,5,4,0,0.04508732989879771,0.008112887388585172,-0.006814947525454811,-0.0012262624989599657,86.30829517220451,0.0,0.0,0.0,0.0,0.0,0.0,0.0,0.0,-14.824914325754214,15.256605791807846,-15.259681425976577,-15.253382894579456,-15.259681424818176,-15.253382894652939,15.687954115535865,-15.256654485299409,2.834311216098968e-12,1.2991585018930459e-9,0.014561149153275464
3,0.15114994701951814,5,6,1,0.045087329900241,0.008112887389058918,0.0068149475256729635,0.0012262624990315722,86.30829517212153,15.687954115504724,-15.25665448530088,15.259681425978082,15.25338289454908,15.25968142481955,15.253382894621756,-14.824914325723785,15.256605791809253,0.0,0.0,0.0,0.0,0.0,0.0,0.0,0.0,2.834311216098968e-12,1.2991585018930459e-9,0.014561149153275464
3,0.15114994701951814,5,4,2,2.0819933825776937,0.0008470926424224423,-0.3146931894716058,-0.00012803800802277577,4.42984693650928,0.0,0.0,0.0,0.0,0.0,0.0,0.0,0.0,-0.7950844864188104,0.7483260691187236,-0.7475024843917305,-0.8170611414817727,-0.7475024843870158,-0.8170611413758246,0.83933673205699,-0.7463520154163156,2.834311216098968e-12,1.2991585018930459e-9,0.014561149153275464
3,0.15114994701951814,5,6,3,2.0819933825776227,0.0008470926423953529,0.314693189471595,0.00012803800801868123,4.429846930609921,0.8393367297644879,-0.7463520157372769,0.747502484787931,0.8170611392357077,0.747502484632577,0.817061139037184,-0.795084484126491,0.7483260694386245,0.0,0.0,0.0,0.0,0.0,0.0,0.0,0.0,2.834311216098968e-12,1.2991585018930459e-9,0.014561149153275464
3,0.15114994701951814,5,4,4,2.077959992575784,-0.0003855250224726152,-0.3140835427865081,5.827208672143433e-5,4.10210818376244,0.0,0.0,0.0,0.0,0.0,0.0,0.0,0.0,0.7400546144593885,-0.7308115918810987,0.7307973879642556,0.7193995780269639,0.7307973879592279,0.7193995779275898,-0.6990368028880168,0.7304953657589115,2.834311216098968e-12,1.2991585018930459e-9,0.014561149153275464
3,0.15114994701951814,5,6,5,2.0779599925760612,-0.00038552502221860484,0.31408354278655,-5.8272086683040676e-5,4.10210817822083,-0.6990368005815534,0.7304953660852257,-0.7307973883650194,-0.7193995757692077,-0.7307973882119805,-0.7193995755721417,0.7400546121525108,-0.7308115922073835,0.0,0.0,0.0,0.0,0.0,0.0,0.0,0.0,2.834311216098968e-12,1.2991585018930459e-9,0.014561149153275464
3,0.15114994701951814,5,4,6,4.296059557833951,0.00039937779889742675,-0.6493491745592963,-6.0365933144117826e-5,2.6098600977593858,0.0,0.0,0.0,0.0,0.0,0.0,0.0,0.0,-0.4560410155227171,0.4536789359240253,-0.4535523749523112,-0.46899711077593387,-0.45355237466414033,-0.4689971108266649,0.4821345895048035,-0.4532381785630193,2.834311216098968e-12,1.2991585018930459e-9,0.014561149153275464
3,0.15114994701951814,5,6,7,4.2960595578008105,0.00039937781873747476,0.6493491745542871,6.036593614294003e-5,2.6098600522119964,0.48213458110757534,-0.4532381708662097,0.4535523672655544,0.4689971025885627,0.453552366959407,0.4689971022161554,-0.45604100712516465,0.4536789282259977,0.0,0.0,0.0,0.0,0.0,0.0,0.0,0.0,2.834311216098968e-12,1.2991585018930459e-9,0.014561149153275464
3,0.15114994701951814,5,4,8,4.293531025605197,-0.0002341349100203026,-0.6489669870468829,3.538947924498838e-5,2.4942809220595015,0.0,0.0,0.0,0.0,0.0,0.0,0.0,0.0,0.45151113554567146,-0.44282237711196376,0.4428568321977371,0.43895191471360323,0.44285683190747555,0.43895191476576406,-0.42656980154529306,0.4427156707974465,2.834311216098968e-12,1.2991585018930459e-9,0.014561149153275464
3,0.15114994701951814,5,6,9,4.29353102562799,-0.00023413491165618326,0.6489669870503281,-3.538947949225166e-5,2.4942808765515387,-0.4265697931469068,0.4427156631022482,-0.44285682451323477,-0.43895190652608995,-0.4428568242050477,-0.43895190615319213,0.4515111271470482,-0.4428223694168768,0.0,0.0,0.0,0.0,0.0,0.0,0.0,0.0,2.834311216098968e-12,1.2991585018930459e-9,0.014561149153275464
3,0.15114994701951814,5,6,10,2.0982902951345306,0.015386826608257367,0.3171564669411534,0.002325718026636613,0.17118212059243593,-0.018360993871735856,-0.039327846157317416,0.038515717884590794,-0.018649766007370658,0.03851571788252018,-0.018649766002462653,0.01892313035956762,0.037711046434655136,0.0,0.0,0.0,0.0,0.0,0.0,0.0,0.0,2.834311216098968e-12,1.2991585018930459e-9,0.014561149153275464
3,0.15114994701951814,5,4,11,2.0982902951341176,0.015386826607592732,-0.31715646694109095,-0.0023257180265361535,0.17118212058489016,0.0,0.0,0.0,0.0,0.0,0.0,0.0,0.0,0.018923130373962253,0.037711046425036074,-0.038515717877087005,0.0186497660234699,-0.03851571787169579,0.018649766015548987,-0.01836099388651553,-0.039327846148620955,2.834311216098968e-12,1.2991585018930459e-9,0.014561149153275464
3,0.15114994701951814,5,4,12,4.3121090916735,0.015830213913369695,-0.6517750607488321,-0.0023927359943134684,0.03389966773330251,0.0,0.0,0.0,0.0,0.0,0.0,0.0,0.0,0.004202091786001051,0.007221965850959852,-0.00738436014410383,0.004157915525851683,-0.007384360141114177,0.004157915522266672,-0.004110785185551136,-0.007548417009686362,2.834311216098968e-12,1.2991585018930459e-9,0.014561149153275464
3,0.15114994701951814,5,6,13,4.312109091660849,0.015830213923927694,0.6517750607469198,0.0023927359959093094,0.033899667679825024,-0.004110785202608191,-0.007548416984187055,0.007384360119966282,-0.004157915541934011,0.007384360115540036,-0.004157915539995426,0.004202091802767158,0.007221965826726913,0.0,0.0,0.0,0.0,0.0,0.0,0.0,0.0,2.834311216098968e-12,1.2991585018930459e-9,0.014561149153275464
3,0.15114994701951814,5,4,14,6.41427151188558,0.008231374510433438,-0.96951679919031,-0.0012441718211498264,5.8453564762315125e-5,0.0,0.0,0.0,0.0,0.0,0.0,0.0,0.0,-8.310294292210798e-6,1.1769215179970424e-5,-1.181642658133696e-5,-8.596622279982067e-6,-1.1816426582854168e-5,-8.596622277498133e-6,8.88767614799266e-6,-1.1860198390115276e-5,2.834311216098968e-12,1.2991585018930459e-9,0.014561149153275464
3,0.15114994701951814,5,6,15,6.4142715119026,0.008231374523052242,0.9695167991928825,0.0012441718230571579,5.845356332280493e-5,8.887676107670272e-6,-1.1860197963275758e-5,1.1816426160063698e-5,8.596622246278658e-6,1.181642616194654e-5,8.596622245444968e-6,-8.3102942665743e-6,1.1769214764660519e-5,0.0,0.0,0.0,0.0,0.0,0.0,0.0,0.0,2.834311216098968e-12,1.2991585018930459e-9,0.014561149153275464
3,0.15114994701951814,5,4,16,6.419552016658853,0.007471084370145761,-0.9703149472070265,-0.001129254006725882,4.488473199455989e-5,0.0,0.0,0.0,0.0,0.0,0.0,0.0,0.0,8.020658248845364e-6,-8.073598395293806e-6,8.071279391117778e-6,7.794665384493809e-6,8.0712793762732e-6,7.794665369025805e-6,-7.571900393187063e-6,8.06584186055383e-6,2.834311216098968e-12,1.2991585018930459e-9,0.014561149153275464
3,0.15114994701951814,5,6,17,6.41955201664752,0.00747108437262654,0.9703149472053135,0.0011292540071008515,4.488473176762532e-5,-7.57190002987112e-6,8.065842132542242e-6,-8.071279677059177e-6,-7.79466501937451e-6,-8.07127963433991e-6,-7.794665007614707e-6,8.020657885520346e-6,-8.073598667166693e-6,0.0,0.0,0.0,0.0,0.0,0.0,0.0,0.0,2.834311216098968e-12,1.2991585018930459e-9,0.014561149153275464
3,0.15114994701951814,5,4,18,6.420120541383225,0.007961100900753635,-0.9704008796889946,-0.00120331997936595,2.477501493262938e-5,0.0,0.0,0.0,0.0,0.0,0.0,0.0,0.0,-3.843770388861387e-6,4.744946517117242e-6,-4.756903930088151e-6,-3.966183941538426e-6,-4.756903910831847e-6,-3.966183927430375e-6,4.090499924716238e-6,-4.7672744700044495e-6,2.834311216098968e-12,1.2991585018930459e-9,0.014561149153275464
3,0.15114994701951814,5,6,19,6.420120541393309,0.007961100888917248,0.9704008796905188,0.0012033199775768808,2.4775014846007337e-5,4.090499561028654e-6,-4.767274746126928e-6,4.756904223557133e-6,3.966183575625865e-6,4.756904169985701e-6,3.9661835630330775e-6,-3.843770022168453e-6,4.744946793426398e-6,0.0,0.0,0.0,0.0,0.0,0.0,0.0,0.0,2.834311216098968e-12,1.2991585018930459e-9,0.014561149153275464
3,0.15114994701951814,5,6,20,6.413972968673884,0.008001613866445318,0.969471674399679,0.0012094435119838515,1.6067321170949865e-5,4.0342396571422435e-6,-5.665838864721516e-7,6.148268293950247e-7,3.969294697497283e-6,6.148268346705371e-7,3.969294708156626e-6,-3.904595361621945e-6,6.614820106866546e-7,0.0,0.0,0.0,0.0,0.0,0.0,0.0,0.0,2.834311216098968e-12,1.2991585018930459e-9,0.014561149153275464
3,0.15114994701951814,5,4,21,6.413972968703053,0.00800161386620497,-0.969471674404088,-0.001209443511947523,1.606732047899767e-5,0.0,0.0,0.0,0.0,0.0,0.0,0.0,0.0,-3.904595251949118e-6,6.614816363623633e-7,-6.148264492374603e-7,-3.9692945841975095e-6,-6.148264535505483e-7,-3.969294589289054e-6,4.034239534436483e-6,-5.665834994775667e-7,2.834311216098968e-12,1.2991585018930459e-9,0.014561149153275464
3,0.15114994701951814,5,4,22,8.630533139237414,0.008114819124179851,-1.3045046267459308,-0.001226554480692757,1.1383496174598164e-5,0.0,0.0,0.0,0.0,0.0,0.0,0.0,0.0,-1.9647927534556856e-6,2.0029864979371096e-6,-2.0031251840180725e-6,-2.021306224746308e-6,-2.003125183955774e-6,-2.0213062236020984e-6,2.0786207832539976e-6,-2.002455187335487e-6,2.834311216098968e-12,1.2991585018930459e-9,0.014561149153275464
3,0.15114994701951814,5,6,23,8.630533139227076,0.008114819124631915,1.304504626744368,0.0012265544807610865,1.1383496069107788e-5,2.078620734269128e-6,-2.0024551985484557e-6,2.0031251941370652e-6,2.0213061764218156e-6,2.0031251952261256e-6,2.021306176489958e-6,-1.9647927069784063e-6,2.0029865081440866e-6,0.0,0.0,0.0,0.0,0.0,0.0,0.0,0.0,2.834311216098968e-12,1.2991585018930459e-9,0.014561149153275464
3,0.15114994701951814,5,4,24,8.634274879742469,0.007634814014682507,-1.3050701906250306,-0.0011540017338231355,7.483915183783344e-6,0.0,0.0,0.0,0.0,0.0,0.0,0.0,0.0,1.3433651761755658e-6,-1.340144585575266e-6,1.3399270972207057e-6,1.3056825990158274e-6,1.3399270940523395e-6,1.3056826039679856e-6,-1.2685358931902712e-6,1.3391872255727118e-6,2.834311216098968e-12,1.2991585018930459e-9,0.014561149153275464
3,0.15114994701951814,5,6,25,8.634274879744646,0.00763481401463864,1.3050701906253597,0.0011540017338165052,7.48391489696642e-6,-1.2685358638634588e-6,1.3391871539968143e-6,-1.3399270196789549e-6,-1.3056825703885187e-6,-1.3399270284426396e-6,-1.3056825739951604e-6,1.3433651469318704e-6,-1.3401445139866368e-6,0.0,0.0,0.0,0.0,0.0,0.0,0.0,0.0,2.834311216098968e-12,1.2991585018930459e-9,0.014561149153275464
3,0.15114994701951814,5,4,26,4.204474166546728,0.007315539467209371,-0.6355060475184706,-0.0011057434028878905,3.878365795425939e-6,0.0,0.0,0.0,0.0,0.0,0.0,0.0,0.0,9.711237822223294e-7,1.5458681143703743e-7,-1.3885934687735612e-7,9.595476455353202e-7,-1.3885934533761788e-7,9.595476309888606e-7,-9.479158737783149e-7,-1.2351568870415184e-7,2.834311216098968e-12,1.2991585018930459e-9,0.014561149153275464
3,0.15114994701951814,5,6,27,4.204474166537072,0.007315539468718759,0.6355060475170112,0.0011057434031160344,3.878365596788385e-6,-9.479158344829436e-7,-1.23515616348208e-7,1.388592695987102e-7,-9.595476069137698e-7,1.3885927718666122e-7,-9.595475903169495e-7,9.711237421950175e-7,1.5458673835866963e-7,0.0,0.0,0.0,0.0,0.0,0.0,0.0,0.0,2.834311216098968e-12,1.2991585018930459e-9,0.014561149153275464
3,0.15114994701951814,5,4,28,8.634755093969178,0.008115122324440737,-1.3051427749799556,-0.0012266003093961263,3.73987727602742e-6,0.0,0.0,0.0,0.0,0.0,0.0,0.0,0.0,-6.334573795503455e-7,6.696548499201066e-7,-6.700372796103572e-7,-6.520201461005865e-7,-6.700372775845361e-7,-6.52020153395217e-7,6.708508826892412e-7,-6.701588457156702e-7,2.834311216098968e-12,1.2991585018930459e-9,0.014561149153275464
3,0.15114994701951814,5,6,29,8.634755093967463,0.008115122322008991,1.3051427749796964,0.0012266003090285681,3.739877070983039e-6,6.708508934828729e-7,-6.701587644529007e-7,6.70037193538149e-7,6.520201568162202e-7,6.700372021207977e-7,6.52020161637272e-7,-6.334573877697718e-7,6.696547696009725e-7,0.0,0.0,0.0,0.0,0.0,0.0,0.0,0.0,2.834311216098968e-12,1.2991585018930459e-9,0.014561149153275464
3,0.15114994701951814,5,6,30,4.198293429154994,0.008117819203129744,0.6345718293891685,0.0012270079424670879,2.6356544695249973e-6,5.407121290636358e-7,3.926923226687674e-7,-3.7959979967862294e-7,5.385422286947496e-7,-3.7959980675734155e-7,5.385422389794452e-7,-5.362204555800414e-7,-3.667226702634252e-7,0.0,0.0,0.0,0.0,0.0,0.0,0.0,0.0,2.834311216098968e-12,1.2991585018930459e-9,0.014561149153275464
3,0.15114994701951814,5,4,31,4.198293429155669,0.00811781920412037,-0.6345718293892705,-0.0012270079426168208,2.6356542230407555e-6,0.0,0.0,0.0,0.0,0.0,0.0,0.0,0.0,-5.362203403090902e-7,-3.6672272933069224e-7,3.795998595918816e-7,-5.385421095114772e-7,3.7959986258844815e-7,-5.385421257868786e-7,5.407120119903916e-7,3.9269237933286617e-7,2.834311216098968e-12,1.2991585018930459e-9,0.014561149153275464
3,0.15114994701951814,5,6,32,6.242382623315085,0.0008756706364525524,0.9435358027896358,0.00013235757030635102,2.300124166639649e-6,4.3661166313835895e-7,-3.8662923153015155e-7,3.8725049824697954e-7,4.250466931859924e-7,3.8725049862886435e-7,4.2504669392475116e-7,-4.13636590159103e-7,3.877017156955987e-7,0.0,0.0,0.0,0.0,0.0,0.0,0.0,0.0,2.834311216098968e-12,1.2991585018930459e-9,0.014561149153275464
3,0.15114994701951814,5,4,33,6.24238262331193,0.0008756706386643387,-0.9435358027891589,-0.0001323575706406624,2.3001241545775252e-6,0.0,0.0,0.0,0.0,0.0,0.0,0.0,0.0,-4.136365864557991e-7,3.877017152640487e-7,-3.872504981089432e-7,-4.2504668954351427e-7,-3.8725049794633134e-7,-4.250466901559681e-7,4.366116594310995e-7,-3.866292311402955e-7,2.834311216098968e-12,1.2991585018930459e-9,0.014561149153275464
3,0.15114994701951814,5,6,34,4.205277787540456,0.008119888184383394,0.6356275147890964,0.0012273206688739615,2.1571801363612865e-6,5.359467168058828e-7,1.0914782324553615e-7,-1.0013108955952364e-7,5.298903845381645e-7,-1.001310895083529e-7,5.298903877566592e-7,-5.237939607017233e-7,-9.132630394483081e-8,0.0,0.0,0.0,0.0,0.0,0.0,0.0,0.0,2.834311216098968e-12,1.2991585018930459e-9,0.014561149153275464
3,0.15114994701951814,5,4,35,4.205277787536575,0.008119888186828008,-0.6356275147885099,-0.0012273206692434647,2.157180042427849e-6,0.0,0.0,0.0,0.0,0.0,0.0,0.0,0.0,-5.237939229181689e-7,-9.132637644575328e-8,1.001311647459442e-7,-5.298903455856967e-7,1.0013116103280634e-7,-5.2989035116685e-7,5.35946679052187e-7,1.0914789749575847e-7,2.834311216098968e-12,1.2991585018930459e-9,0.014561149153275464
3,0.15114994701951814,5,4,36,6.413426712354113,0.0075165304537238775,-0.9693891077858866,-0.0011361231798509587,2.1505507382529016e-6,0.0,0.0,0.0,0.0,0.0,0.0,0.0,0.0,3.793727418268367e-7,-3.916536459809922e-7,3.9140571266145194e-7,3.685470751749341e-7,3.914057182770206e-7,3.685470758470147e-7,-3.578779418235513e-7,3.91010334857628e-7,2.834311216098968e-12,1.2991585018930459e-9,0.014561149153275464
3,0.15114994701951814,5,6,37,6.413426712365228,0.007516530447176536,0.9693891077875667,0.0011361231788613285,2.1505505397093618e-6,-3.5787799475397473e-7,3.9101021683993894e-7,-3.914055958733435e-7,-3.6854712522549775e-7,-3.914055989560174e-7,-3.685471316968259e-7,3.7937279484447174e-7,-3.9165352790874483e-7,0.0,0.0,0.0,0.0,0.0,0.0,0.0,0.0,2.834311216098968e-12,1.2991585018930459e-9,0.014561149153275464
3,0.15114994701951814,5,4,38,6.238374200848559,-0.00034738493648530343,-0.9429299299461886,5.250721474513229e-5,2.1243972911346884e-6,0.0,0.0,0.0,0.0,0.0,0.0,0.0,0.0,3.826393439680826e-7,-3.7909876405492624e-7,3.7907390818855875e-7,3.7194255267534474e-7,3.790739083810906e-7,3.7194255247486306e-7,-3.613973609843939e-7,3.789002451727882e-7,2.834311216098968e-12,1.2991585018930459e-9,0.014561149153275464
3,0.15114994701951814,5,6,39,6.238374200845993,-0.0003473849354083281,0.9429299299458006,-5.250721458234753e-5,2.1243972814336674e-6,-3.6139735284226333e-7,3.789002496695615e-7,-3.7907391276882054e-7,-3.719425445810372e-7,-3.790739129509802e-7,-3.719425443187119e-7,3.826393358606073e-7,-3.790987687067571e-7,0.0,0.0,0.0,0.0,0.0,0.0,0.0,0.0,2.834311216098968e-12,1.2991585018930459e-9,0.014561149153275464
3,0.15114994701951814,5,6,40,6.420513085471258,0.008273732908188459,0.9704602127071037,0.0012505742907263295,2.1044179381871974e-6,5.0844608715203e-7,1.6180179780549153e-7,-1.5242401161282482e-7,5.035128385815423e-7,-1.5242400667002875e-7,5.035128368237583e-7,-4.985185783797326e-7,-1.4324761341033292e-7,0.0,0.0,0.0,0.0,0.0,0.0,0.0,0.0,2.834311216098968e-12,1.2991585018930459e-9,0.014561149153275464
3,0.15114994701951814,5,4,41,6.4205130854613985,0.008273732909748512,-0.9704602127056133,-0.0012505742909621313,2.1044178170643773e-6,0.0,0.0,0.0,0.0,0.0,0.0,0.0,0.0,-4.9851854889777e-7,-1.4324760641990199e-7,1.5242400272663168e-7,-5.03512808839961e-7,1.5242400147718394e-7,-5.035128075488772e-7,5.084460576151882e-7,1.6180179072666156e-7,2.834311216098968e-12,1.2991585018930459e-9,0.014561149153275464
3,0.15114994701951814,5,4,42,8.456421106619247,0.00043268734669749294,-1.2781876022402343,-6.540066952934194e-5,1.0008743048944373e-6,0.0,0.0,0.0,0.0,0.0,0.0,0.0,0.0,-1.7363143883891607e-7,1.7524117005734303e-7,-1.7522846170586558e-7,-1.7860028722116433e-7,-1.7522846168655336e-7,-1.786002871012874e-7,1.836392125768365e-7,-1.7514429920358325e-7,2.834311216098968e-12,1.2991585018930459e-9,0.014561149153275464
3,0.15114994701951814,5,6,43,8.456421106621544,0.0004326873502235552,1.2781876022405814,6.540067006230606e-5,1.0008742843135145e-6,1.8363920656861478e-7,-1.751442979360553e-7,1.752284604424494e-7,1.7860028136003203e-7,1.7522846028715826e-7,1.7860028115957512e-7,-1.7363143304358727e-7,1.7524116866448231e-7,0.0,0.0,0.0,0.0,0.0,0.0,0.0,0.0,2.834311216098968e-12,1.2991585018930459e-9,0.014561149153275464
3,0.15114994701951814,5,6,44,8.453900710248533,-0.0001972091928174654,1.2778066444623326,-2.9808159046121833e-5,9.956753786525985e-7,-1.7156374585248963e-7,1.754783019231851e-7,-1.7549860610355023e-7,-1.7650675848285783e-7,-1.7549860618302183e-7,-1.7650675856794968e-7,1.8151995651742334e-7,-1.7544829362252586e-7,0.0,0.0,0.0,0.0,0.0,0.0,0.0,0.0,2.834311216098968e-12,1.2991585018930459e-9,0.014561149153275464
3,0.15114994701951814,5,4,45,8.453900710248206,-0.00019720919333208325,-1.277806644462283,2.9808159123906295e-5,9.95675377885651e-7,0.0,0.0,0.0,0.0,0.0,0.0,0.0,0.0,1.815199579150081e-7,-1.754482918589838e-7,1.7549860444170605e-7,1.765067599418893e-7,1.7549860445516233e-7,1.765067599390406e-7,-1.7156374728330512e-7,1.7547830029612913e-7,2.834311216098968e-12,1.2991585018930459e-9,0.014561149153275464
3,0.15114994701951814,5,6,46,8.457478164417532,0.001323734533247931,1.2783473764704416,0.00020008240456833136,9.680444195922437e-7,1.6589980881093488e-7,-1.8088865360037956e-7,1.8064422771873661e-7,1.610316186796103e-7,1.8064422784888603e-7,1.610316188537373e-7,-1.562356735285157e-7,1.8033537487037875e-7,0.0,0.0,0.0,0.0,0.0,0.0,0.0,0.0,2.834311216098968e-12,1.2991585018930459e-9,0.014561149153275464
3,0.15114994701951814,5,4,47,8.457478164413327,0.0013237345009216375,-1.278347376469806,-0.0002000823996822138,9.680444109483053e-7,0.0,0.0,0.0,0.0,0.0,0.0,0.0,0.0,-1.5623567126364575e-7,1.8033537406266198e-7,-1.8064422691843212e-7,-1.6103161630970388e-7,-1.8064422706867136e-7,-1.6103161650270311e-7,1.6589980635297595e-7,-1.8088865282989004e-7,2.834311216098968e-12,1.2991585018930459e-9,0.014561149153275464
3,0.15114994701951814,5,4,48,8.452975239132929,0.00011654599573650629,-1.2776667595522408,-1.761592108090991e-5,7.513626714013117e-7,0.0,0.0,0.0,0.0,0.0,0.0,0.0,0.0,5.760894905489119e-8,-1.8158701578831588e-7,1.798226795296859e-7,5.42622594707757e-8,1.7982267955215286e-7,5.426225947936314e-8,-5.0987494623881916e-8,1.780366240053623e-7,2.834311216098968e-12,1.2991585018930459e-9,0.014561149153275464
3,0.15114994701951814,5,6,49,8.452975239124028,0.00011654601293751947,1.2776667595508955,1.7615923680842144e-5,7.513626616907629e-7,-5.0987487144282916e-8,1.780366237138716e-7,-1.7982267935363933e-7,-5.426225193876796e-8,-1.798226792428106e-7,-5.426225181667164e-8,5.760894133793558e-8,-1.8158701559613996e-7,0.0,0.0,0.0,0.0,0.0,0.0,0.0,0.0,2.834311216098968e-12,1.2991585018930459e-9,0.014561149153275464
3,0.15114994701951814,5,6,50,8.451855121446023,-0.00018907795392970883,1.2774974538232096,-2.8579122719034382e-5,4.6625240377906937e-7,-1.1490611524504952e-7,-1.8271689776719184e-9,3.5012479349180306e-9,-1.165046753123647e-7,3.5012478276193644e-9,-1.1650467535990549e-7,1.1810182560812936e-7,5.221928372740285e-9,0.0,0.0,0.0,0.0,0.0,0.0,0.0,0.0,2.834311216098968e-12,1.2991585018930459e-9,0.014561149153275464
3,0.15114994701951814,5,4,51,8.451855121433034,-0.00018907792643431919,-1.2774974538212462,2.8579118563107695e-5,4.6625238126196785e-7,0.0,0.0,0.0,0.0,0.0,0.0,0.0,0.0,1.1810181985783676e-7,5.2219291900008846e-9,-3.501248756876374e-9,1.1650466966789132e-7,-3.5012487303648384e-9,1.1650466968946861e-7,-1.1490610967941781e-7,-1.8271698835139595e-9,2.834311216098968e-12,1.2991585018930459e-9,0.014561149153275464
3,0.15114994701951814,5,6,52,8.455270398496879,0.0013257512011505008,1.2780136727685032,0.00020038722381496074,1.6146020293982012e-7,4.0645275542009775e-8,4.885685210196729e-9,-4.2498331772968235e-9,4.0138676280270036e-8,-4.249833222314355e-9,4.0138676479330236e-8,-3.963037407369978e-8,-3.630036320243866e-9,0.0,0.0,0.0,0.0,0.0,0.0,0.0,0.0,2.834311216098968e-12,1.2991585018930459e-9,0.014561149153275464
3,0.15114994701951814,5,4,53,8.45527039849016,0.0013257512144656189,-1.2780136727674878,-0.00020038722582754013,1.6146019930581632e-7,0.0,0.0,0.0,0.0,0.0,0.0,0.0,0.0,-3.9630373104536156e-8,-3.6300371094635272e-9,4.249833993710494e-9,-4.0138675269828875e-8,4.249833982110911e-9,-4.0138675495854184e-8,4.064527451681662e-8,4.885685996756116e-9,2.834311216098968e-12,1.2991585018930459e-9,0.014561149153275464
3,0.15114994701951814,5,6,54,6.258618281009186,0.015370742226778963,0.9459898215899262,0.0023232868732283108,8.835242112230747e-8,-9.116772866276932e-9,-2.0462501046828725e-8,2.0046033530140597e-8,-9.273195545029315e-9,2.004603357428219e-8,-9.273195612933079e-9,9.421599136291917e-9,1.963327373196618e-8,0.0,0.0,0.0,0.0,0.0,0.0,0.0,0.0,2.834311216098968e-12,1.2991585018930459e-9,0.014561149153275464
3,0.15114994701951814,5,4,55,6.258618281010287,0.015370742229795661,-0.9459898215900926,-0.0023232868736842846,8.835241812194755e-8,0.0,0.0,0.0,0.0,0.0,0.0,0.0,0.0,9.421599511068e-9,1.9633272724451982e-8,-2.004603255568803e-8,9.27319592727271e-9,-2.0046032548333406e-8,9.273195981799913e-9,-9.116773242016774e-9,-2.0462500054012855e-8,2.834311216098968e-12,1.2991585018930459e-9,0.014561149153275464
3,0.15114994701951814,5,6,56,8.473220059473835,0.015067634051070998,1.2807267630741885,0.0022774720885288687,4.797564680307804e-8,-7.71839368394573e-9,-9.401705403022272e-9,9.16113751681824e-9,-7.74035495881224e-9,9.161137514683233e-9,-7.740354992328273e-9,7.758651192916846e-9,8.923665037519468e-9,0.0,0.0,0.0,0.0,0.0,0.0,0.0,0.0,2.834311216098968e-12,1.2991585018930459e-9,0.014561149153275464
3,0.15114994701951814,5,4,57,8.473220059467092,0.015067634042383433,-1.2807267630731693,-0.002277472087215744,4.797564623997374e-8,0.0,0.0,0.0,0.0,0.0,0.0,0.0,0.0,7.758651580858485e-9,8.923664511278611e-9,-9.161136996007208e-9,7.740355362651524e-9,-9.16113698954775e-9,7.74035539011077e-9,-7.718394097684855e-9,-9.401704883617788e-9,2.834311216098968e-12,1.2991585018930459e-9,0.014561149153275464
3,0.15114994701951814,5,6,58,8.474272187930467,0.014767392897918005,1.2808857922346661,0.002232090654136715,1.240653459135444e-8,1.5953486728617882e-9,-2.7110817323259378e-9,2.69499283017675e-9,1.5349863337643181e-9,2.694992855345157e-9,1.5349863477439205e-9,-1.4757018828177352e-9,2.6782897431478114e-9,0.0,0.0,0.0,0.0,0.0,0.0,0.0,0.0,2.834311216098968e-12,1.2991585018930459e-9,0.014561149153275464
3,0.15114994701951814,5,4,59,8.47427218794548,0.014767392914796762,-1.2808857922369354,-0.0022320906566879383,1.24065336808184e-8,0.0,0.0,0.0,0.0,0.0,0.0,0.0,0.0,-1.4757012508069217e-9,2.6782898252842038e-9,-2.6949929285643938e-9,-1.534985707588025e-9,-2.694992946487913e-9,-1.53498572107643e-9,1.5953480525121778e-9,-2.7110818396608485e-9,2.834311216098968e-12,1.2991585018930459e-9,0.014561149153275464
3,0.15114994701951814,5,4,60,8.472416136397497,0.01580954016693025,-1.2806052501437923,-0.0023896111586344513,1.0297340091979978e-8,0.0,0.0,0.0,0.0,0.0,0.0,0.0,0.0,1.6822332197376065e-9,1.900485153373637e-9,-1.9514883518522995e-9,1.6787589080316571e-9,-1.9514883465866038e-9,1.6787589028087087e-9,-1.674503861434135e-9,-2.003162892452564e-9,2.834311216098968e-12,1.2991585018930459e-9,0.014561149153275464
3,0.15114994701951814,5,6,61,8.472416136392532,0.015809540161487758,1.2806052501430418,0.002389611157811819,1.0297339850416075e-8,-1.6745037869227035e-9,-2.00316287426317e-9,1.9514883331074695e-9,-1.678758833649756e-9,1.951488334338061e-9,-1.6787588280322164e-9,1.6822331451608936e-9,1.9004851405248814e-9,0.0,0.0,0.0,0.0,0.0,0.0,0.0,0.0,2.834311216098968e-12,1.2991585018930459e-9,0.014561149153275464
3,0.15114994701951814,5,4,62,8.475851081014895,0.014510660058171813,-1.281124441840727,-0.0021932854990109074,4.721448324399133e-9,0.0,0.0,0.0,0.0,0.0,0.0,0.0,0.0,-9.4629607837885e-11,-1.193366246513893e-9,1.1751724253248023e-9,-1.0993217186807988e-10,1.1751724615686527e-9,-1.0993211842327793e-10,1.2476460468722567e-10,1.1570225192369295e-9,2.834311216098968e-12,1.2991585018930459e-9,0.014561149153275464
3,0.15114994701951814,5,6,63,8.47585108101544,0.014510660057798271,1.2811244418408094,0.002193285498954447,4.721448120186624e-9,1.2476470046665373e-10,1.1570224596724526e-9,-1.1751723505508515e-9,1.0993226721134816e-10,-1.1751724156621363e-9,1.0993221713849323e-10,-9.462970615093584e-11,-1.1933661853726187e-9,0.0,0.0,0.0,0.0,0.0,0.0,0.0,0.0,2.834311216098968e-12,1.2991585018930459e-9,0.014561149153275464
3,0.15114994701951814,5,6,64,10.574690492554133,0.008308606402045025,1.5983639076973595,0.0012558454174751348,1.942309001078268e-11,3.6787114891446106e-12,-3.274072183403746e-12,3.2790734408541152e-12,3.58103964442214e-12,3.2790736616101126e-12,3.581039919890635e-12,-3.484679417984459e-12,3.282642239351984e-12,0.0,0.0,0.0,0.0,0.0,0.0,0.0,0.0,2.834311216098968e-12,1.2991585018930459e-9,0.014561149153275464
3,0.15114994701951814,5,4,65,10.574690492522965,0.008308606416300983,-1.5983639076926484,-0.0012558454196299222,1.9423051087517796e-11,0.0,0.0,0.0,0.0,0.0,0.0,0.0,0.0,-3.4846719199030163e-12,3.2826362270561364e-12,-3.279067624392773e-12,-3.5810318818060114e-12,-3.279067590243174e-12,-3.5810321814704574e-12,3.67870348340791e-12,-3.2740663139705683e-12,2.834311216098968e-12,1.2991585018930459e-9,0.014561149153275464
3,0.15114994701951814,5,6,66,10.579941885498464,0.0074971369034055185,1.5991576554626736,0.0011331918457478185,1.8730770582785598e-11,-3.720808114106531e-12,2.7330567155216764e-12,-2.7183297597262874e-12,-3.812623855290051e-12,-2.7183298296853922e-12,-3.812624015821108e-12,3.9055267832990784e-12,-2.702077604915038e-12,0.0,0.0,0.0,0.0,0.0,0.0,0.0,0.0,2.834311216098968e-12,1.2991585018930459e-9,0.014561149153275464
3,0.15114994701951814,5,4,67,10.5799418854962,0.007497136906723011,-1.5991576554623317,-0.0011331918462492573,1.873073788381031e-11,0.0,0.0,0.0,0.0,0.0,0.0,0.0,0.0,3.905517347553676e-12,-2.7020767006704843e-12,2.7183286876229024e-12,3.812614409469071e-12,2.7183290100354913e-12,3.812614731581203e-12,-3.720798819360739e-12,2.7330557274464606e-12,2.834311216098968e-12,1.2991585018930459e-9,0.014561149153275464
3,0.15114994701951814,5,6,68,10.574241675659731,0.007937044324501881,1.5982960690475492,0.0011996838291400264,5.773919564383977e-12,1.461636454374446e-12,-8.251546373053692e-14,1.0172986434229494e-13,1.4398183085289771e-12,1.0173021149003129e-13,1.4398183917395827e-12,-1.4180408214675472e-12,1.2036868278997055e-13,0.0,0.0,0.0,0.0,0.0,0.0,0.0,0.0,2.834311216098968e-12,1.2991585018930459e-9,0.014561149153275464
3,0.15114994701951814,5,4,69,10.574241675669763,0.007937044325943521,-1.5982960690490653,-0.0011996838293579304,5.773858755890364e-12,0.0,0.0,0.0,0.0,0.0,0.0,0.0,0.0,-1.4180249492323365e-12,1.203750102709319e-13,-1.0173654587014828e-13,-1.4398028020261833e-12,-1.017364890668257e-13,-1.4398024998884805e-12,1.4616209348533849e-12,-8.252208828818158e-14,2.834311216098968e-12,1.2991585018930459e-9,0.014561149153275464
3,0.15114994701951814,5,6,70,10.573667845818306,0.007450210126578602,1.5982093346974195,0.0011260988659166334,9.69504561805497e-13,-2.0872558618260402e-13,1.1634410803288945e-13,-1.1499513685062115e-13,-2.133458788412436e-13,-1.1499532371395588e-13,-2.1334565988399728e-13,2.1801193277540693e-13,-1.1356100768219134e-13,0.0,0.0,0.0,0.0,0.0,0.0,0.0,0.0,2.834311216098968e-12,1.2991585018930459e-9,0.014561149153275464
3,0.15114994701951814,5,4,71,10.573667845824943,0.007450210125985768,-1.5982093346984227,-0.0011260988658270265,9.69485470519169e-13,0.0,0.0,0.0,0.0,0.0,0.0,0.0,0.0,2.1800686879421262e-13,-1.1356041810835321e-13,1.149947442822759e-13,2.133407667782808e-13,1.149945724540449e-13,2.1334054378209093e-13,-2.0872042318355026e-13,1.163435498879413e-13,2.834311216098968e-12,1.2991585018930459e-9,0.014561149153275464
3,0.15114994701951814,5,6,72,8.365819332988693,0.008125207478609193,1.2644931489561015,0.0012281246799143721,2.514661582075311e-14,-1.3632366335917895e-15,-6.228418925582848e-15,6.121336159858989e-15,-1.4308271490149726e-15,6.1213508100131935e-15,-1.4307954219954903e-15,1.4959373943158557e-15,6.0148397580729325e-15,0.0,0.0,0.0,0.0,0.0,0.0,0.0,0.0,2.834311216098968e-12,1.2991585018930459e-9,0.014561149153275464
3,0.15114994701951814,5,4,73,8.365819332987058,0.008125207476740013,-1.2644931489558544,-0.0012281246796318455,2.5146235029915027e-14,0.0,0.0,0.0,0.0,0.0,0.0,0.0,0.0,1.4960833772091019e-15,6.0147064030098145e-15,-6.1212085646710704e-15,1.4309752165597254e-15,-6.121213312539354e-15,1.430944971285288e-15,-1.3633882709660964e-15,-6.228287231917538e-15,2.834311216098968e-12,1.2991585018930459e-9,0.014561149153275464
3,0.15114994701951814,5,6,74,4.310230486985436,0.016463548431049198,0.6514911097497605,0.002488464473106357,5.2107476738240814e-17,1.4372959129751257e-18,-1.311923330207379e-17,1.297516729494022e-17,1.2022568711311093e-18,1.2963446323774219e-17,1.2322210239632547e-18,-1.0023777156503255e-18,1.2817986241964002e-17,0.0,0.0,0.0,0.0,0.0,0.0,0.0,0.0,2.834311216098968e-12,1.2991585018930459e-9,0.014561149153275464
3,0.15114994701951814,5,4,75,4.310230486972525,0.01646354845514992,-0.6514911097478091,-0.00248846447674918,3.0669479943554225e-17,0.0,0.0,0.0,0.0,0.0,0.0,0.0,0.0,1.9287770434790554e-18,7.300542221111584e-18,-7.452184437341002e-18,1.823975128111534e-18,-7.437289060321054e-18,1.8407506265741437e-18,-1.7320152132049123e-18,-7.589468827858361e-18,2.834311216098968e-12,1.2991585018930459e-9,0.014561149153275464
3,0.15114994701951814,5,4,76,2.0949661499168384,0.01661887158465732,-0.31665402256761405,-0.002511941559545129,4.9170260727058666e-18,0.0,0.0,0.0,0.0,0.0,0.0,0.0,0.0,1.12067383330499e-18,4.801953748472244e-19,-5.016150075482545e-19,1.1219054091419692e-18,-5.036163925994867e-19,1.1216610287586305e-18,-1.1225314600493678e-18,-5.252353786339126e-19,2.834311216098968e-12,1.2991585018930459e-9,0.014561149153275464
3,0.15114994701951814,5,6,77,2.094966149916242,0.01661887158358484,0.3166540225675239,0.0025119415593830244,1.3754160088047426e-18,-3.4389630350257167e-19,2.2073810559779066e-20,-2.8706609612739574e-20,-3.443582916355611e-19,-2.7098148358325343e-20,-3.410838791434412e-19,3.414425607414939e-19,-3.36900842436339e-20,0.0,0.0,0.0,0.0,0.0,0.0,0.0,0.0,2.834311216098968e-12,1.2991585018930459e-9,0.014561149153275464
3,0.15114994701951814,5,6,78,6.414627129706429,0.008716881389170737,0.9695705508050905,0.0013175561601485805,2.7115539640369597e-19,-6.871509451648259e-20,-2.7141199041230938e-21,1.6791439072921341e-21,-6.775012926798912e-20,1.7081223065804867e-21,-6.777821453694368e-20,6.681237043851628e-20,7.014193744989766e-22,0.0,0.0,0.0,0.0,0.0,0.0,0.0,0.0,2.834311216098968e-12,1.2991585018930459e-9,0.014561149153275464
3,0.15114994701951814,5,4,79,6.414627129686497,0.00871688139970688,-0.9695705508020778,-0.001317556161741118,1.2712651133304262e-19,0.0,0.0,0.0,0.0,0.0,0.0,0.0,0.0,-2.882540765090766e-20,-1.2290361107546665e-20,1.2883421782485202e-20,-2.906222776453872e-20,1.2860088901926111e-20,-2.905110480591817e-20,2.928293939712415e-20,1.3464599509611377e-20,2.834311216098968e-12,1.2991585018930459e-9,0.014561149153275464
4,0.08726646259971647,6,5,0,0.32084802063386497,0.008097302822395389,-0.02799927179283824,-0.0007066229739091458,44.771595741298,0.0,0.0,0.0,0.0,0.0,0.0,0.0,0.0,-7.881935477571833,7.723364075336332,-7.719511737601587,-8.10417175490816,-7.719511737053232,-8.104171754992361,8.32949518856385,-7.712417113188263,7.892901266831383e-12,5.281032609791738e-10,0.015528231332264204
4,0.08726646259971647,6,7,1,0.3208480206370159,0.008097302823081756,0.027999271793113206,0.0007066229739690427,44.77159572473515,8.329495185322582,-7.712417110586758,7.7195117352236515,8.104171751638287,7.719511734230629,8.104171751778324,-7.881935474330224,7.723364072735982,0.0,0.0,0.0,0.0,0.0,0.0,0.0,0.0,7.892901266831383e-12,5.281032609791738e-10,0.015528231332264204
4,0.08726646259971647,6,5,2,0.30505143750853136,-0.0076958922634729615,-0.026620759862327998,0.0006715932943818105,42.57930885541391,0.0,0.0,0.0,0.0,0.0,0.0,0.0,0.0,7.543800377924079,-7.722836673361986,7.718828034607756,7.32944141821369,7.718828034086483,7.329441418316981,-7.118169403338989,7.711887001379336,7.892901266831383e-12,5.281032609791738e-10,0.015528231332264204
4,0.08726646259971647,6,7,3,0.3050514375079172,-0.007695892263144242,0.026620759862274402,-0.0006715932943531244,42.57930883888138,-7.118169400053906,7.711886998798219,-7.718828032253054,-7.3294414149048785,-7.7188280312789415,-7.329441415057039,7.543800374641455,-7.722836670779491,0.0,0.0,0.0,0.0,0.0,0.0,0.0,0.0,7.892901266831383e-12,5.281032609791738e-10,0.015528231332264204
4,0.08726646259971647,6,5,4,3.8664718040425154,0.0006507610476530513,-0.33741331708033445,-5.678961462636731e-5,3.5795308824708885,0.0,0.0,0.0,0.0,0.0,0.0,0.0,0.0,-0.6201358767282124,0.6275646886841748,-0.6275430493962662,-0.637906530509234,-0.6275430487613536,-0.6379065305970752,0.6559281505554265,-0.627266196677738,7.892901266831383e-12,5.281032609791738e-10,0.015528231332264204
4,0.08726646259971647,6,7,5,3.8664718040381487,0.0006507610429080969,0.33741331707995337,5.678961421229193e-5,3.5795308593757786,0.655928140489093,-0.6272661986760015,0.6275430518138555,0.6379065206718235,0.6275430503442827,0.6379065203019283,-0.6201358666611987,0.6275646906823944,0.0,0.0,0.0,0.0,0.0,0.0,0.0,0.0,7.892901266831383e-12,5.281032609791738e-10,0.015528231332264204
4,0.08726646259971647,6,5,6,3.865177551084906,-0.0006400224460265062,-0.3373003722030146,5.585249484915116e-5,3.5205394235725485,0.0,0.0,0.0,0.0,0.0,0.0,0.0,0.0,0.634777292480825,-0.6275639071524781,0.6275416172375202,0.6170505953613078,0.6275416165999925,0.6170505954414868,-0.5995748655949255,0.6272724562632381,7.892901266831383e-12,5.281032609791738e-10,0.015528231332264204
4,0.08726646259971647,6,7,7,3.865177551090416,-0.0006400224498765896,0.3373003722034955,-5.585249518513432e-5,3.520539400816496,-0.5995748554728139,0.6272724582363126,-0.6275416196302386,-0.6170505854683697,-0.627541618157588,-0.6170505850902706,0.6347772823579837,-0.6275639091256808,0.0,0.0,0.0,0.0,0.0,0.0,0.0,0.0,7.892901266831383e-12,5.281032609791738e-10,0.015528231332264204
4,0.08726646259971647,6,5,8,7.4542859253767855,0.0004523307650190229,-0.6505091639144862,-3.94733057882337e-5,2.5260561559500063,0.0,0.0,0.0,0.0,0.0,0.0,0.0,0.0,-0.4360745541409481,0.44439745485719534,-0.44442605888235454,-0.44861518851442894,-0.4444260585441895,-0.44861518934752276,0.46133355829339007,-0.44427518094208984,7.892901266831383e-12,5.281032609791738e-10,0.015528231332264204
4,0.08726646259971647,6,7,9,7.4542859253338065,0.00045233072758870535,0.6505091639107355,3.94733025218223e-5,2.5260559218055962,0.46133348613222414,-0.44427517059949034,0.4444260488111742,0.4486151175736434,0.444426047959253,0.4486151159616294,-0.4360744819795664,0.44439744451480667,0.0,0.0,0.0,0.0,0.0,0.0,0.0,0.0,7.892901266831383e-12,5.281032609791738e-10,0.015528231332264204
4,0.08726646259971647,6,5,10,7.45336728588873,-0.00044713487161264845,-0.6504289974959591,3.901987855061421e-5,2.5017772258278854,0.0,0.0,0.0,0.0,0.0,0.0,0.0,0.0,0.452627865298633,-0.4443980573279072,0.44442580337349485,0.44003088106947746,0.44442580303390217,0.4400308818981261,-0.42761163282592235,0.44427750117507664,7.892901266831383e-12,5.281032609791738e-10,0.015528231332264204
4,0.08726646259971647,6,7,11,7.453367285958755,-0.00044713482095716864,0.6504289975020701,-3.9019874130089676e-5,2.501776993357339,-0.42761156062963723,0.4442774908618165,-0.4444257933316331,-0.44003081009416745,-0.4444257924784667,-0.44003080847627146,0.4526277931018713,-0.44439804701500246,0.0,0.0,0.0,0.0,0.0,0.0,0.0,0.0,7.892901266831383e-12,5.281032609791738e-10,0.015528231332264204
4,0.08726646259971647,6,5,12,0.9504838819908142,0.006917932616244571,-0.08294536613938472,-0.0006037035079228656,0.28319860271708996,0.0,0.0,0.0,0.0,0.0,0.0,0.0,0.0,-0.050620512551352685,0.04806128749808518,-0.04801475923347807,-0.05202568871229059,-0.048014759228854086,-0.05202568871266175,0.0534500666144149,-0.0479474168484732,7.892901266831383e-12,5.281032609791738e-10,0.015528231332264204
4,0.08726646259971647,6,7,13,0.9504838819934849,0.006917932617094186,0.08294536613961777,0.0006037035079970085,0.283198602494791,0.053450066572933476,-0.04794741681158663,0.04801475919891375,0.05202568867078628,0.04801475918960349,0.05202568867103013,-0.05062051250971598,0.04806128746113885,0.0,0.0,0.0,0.0,0.0,0.0,0.0,0.0,7.892901266831383e-12,5.281032609791738e-10,0.015528231332264204
4,0.08726646259971647,6,5,14,0.9376878463049172,-0.005877957785044656,-0.08182870136977674,0.0005129485832113118,0.25974194244790516,0.0,0.0,0.0,0.0,0.0,0.0,0.0,0.0,0.04504646857390912,-0.04804118737851182,0.047990021915999215,0.043739610440258425,0.04799002191223068,0.043739610440785864,-0.042451944815913085,0.04792135676708305,7.892901266831383e-12,5.281032609791738e-10,0.015528231332264204
4,0.08726646259971647,6,7,15,0.937687846303325,-0.0058779577839296136,0.0818287013696378,-0.0005129485831140059,0.2597419422571309,-0.04245194479226383,0.04792135672419889,-0.0479900218748358,-0.04373961041605635,-0.0479900218675735,-0.04373961041753526,0.045046468550120025,-0.04804118733556702,0.0,0.0,0.0,0.0,0.0,0.0,0.0,0.0,7.892901266831383e-12,5.281032609791738e-10,0.015528231332264204
4,0.08726646259971647,6,5,16,4.522891229484765,0.0009021422696728152,-0.3946967183204179,-7.872676463602606e-5,0.0017819341826654884,0.0,0.0,0.0,0.0,0.0,0.0,0.0,0.0,-0.0003097066153245631,0.00031142260065583215,-0.00031138359803526414,-0.00031855298482494647,-0.00031138359603093927,-0.0003185529839567979,0.00032752388140703636,-0.0003112171473148461,7.892901266831383e-12,5.281032609791738e-10,0.015528231332264204
4,0.08726646259971647,6,7,17,4.522891229491624,0.0009021422721246595,0.3946967183210165,7.872676484998984e-5,0.0017819341777328803,0.0003275238803097375,-0.0003112171466761656,0.00031138359776276066,0.00031855298365332844,0.00031138359502968187,0.00031855298292452746,-0.0003097066142183125,0.0003114226000201422,0.0,0.0,0.0,0.0,0.0,0.0,0.0,0.0,7.892901266831383e-12,5.281032609791738e-10,0.015528231332264204
4,0.08726646259971647,6,7,18,4.47811933431886,0.01363554818616916,0.390789633405404,0.001189926055814963,0.0017378288568172626,0.0002901843866217867,-0.0003315737984387263,0.00033093173260646916,0.00028145761362892993,0.0003309317325834101,0.00028145761364987206,-0.0002728631908282053,0.00033017705723535856,0.0,0.0,0.0,0.0,0.0,0.0,0.0,0.0,7.892901266831383e-12,5.281032609791738e-10,0.015528231332264204
4,0.08726646259971647,6,5,19,4.478119334322614,0.013635548167139556,-0.39078963340573164,-0.0011899260541543167,0.0017378288550930457,0.0,0.0,0.0,0.0,0.0,0.0,0.0,0.0,-0.00027286319063683296,0.0003301770568399993,-0.0003309317322135029,-0.00028145761343689746,-0.00033093173218385756,-0.00028145761344307855,0.00029018438641423907,-0.00033157379804169213,7.892901266831383e-12,5.281032609791738e-10,0.015528231332264204
4,0.08726646259971647,6,5,20,4.521750578454336,-0.00017404632201233235,-0.39459717773993164,1.518840685050741e-5,0.0017341097612181033,0.0,0.0,0.0,0.0,0.0,0.0,0.0,0.0,0.00031071361636955767,-0.000311086987864112,0.00031102087242439023,0.0003019822328884327,0.00031102087037265477,0.0003019822318806789,-0.0002933752325847214,0.00031083393716690555,7.892901266831383e-12,5.281032609791738e-10,0.015528231332264204
4,0.08726646259971647,6,7,21,4.521750578447662,-0.000174046321972373,0.3945971777393492,-1.51884068470203e-5,0.0017341097559888654,-0.00029337523171047894,0.0003108339362000441,-0.0003110208717918185,-0.00030198223191339247,-0.00031102086906993853,-0.000301982231095453,0.0003107136154837321,-0.00031108698689547205,0.0,0.0,0.0,0.0,0.0,0.0,0.0,0.0,7.892901266831383e-12,5.281032609791738e-10,0.015528231332264204
4,0.08726646259971647,6,5,22,4.449601369209889,-0.01268301866553869,-0.38830097146980197,0.001106802174027738,0.0010969193420837145,0.0,0.0,0.0,0.0,0.0,0.0,0.0,0.0,0.0002460830942703911,-0.00012959397025014537,0.00013119295031522953,0.0002407963744746815,0.0001311929503325669,0.00024079637450259993,-0.00023556211262115346,0.0001326956013563419,7.892901266831383e-12,5.281032609791738e-10,0.015528231332264204
4,0.08726646259971647,6,7,23,4.44960136920054,-0.012683018658793671,0.3883009714689861,-0.0011068021734391242,0.0010969193399718432,-0.00023556211220464456,0.00013269560102697168,-0.00013119294999151476,-0.0002407963740477506,-0.00013119295000754225,-0.00024079637408049075,0.000246083093837908,-0.00012959396993097647,0.0,0.0,0.0,0.0,0.0,0.0,0.0,0.0,7.892901266831383e-12,5.281032609791738e-10,0.015528231332264204
4,0.08726646259971647,6,7,24,4.461200336932201,-0.0007803468220746977,0.38931317235273644,-6.809810676338921e-5,0.001043240942419841,-0.00010167448879117654,0.00023617964380698541,-0.00023806077285201313,-0.00010649998480740722,-0.00023806077286664282,-0.00010649998471870545,0.00011142069651914854,-0.0002398992828759392,0.0,0.0,0.0,0.0,0.0,0.0,0.0,0.0,7.892901266831383e-12,5.281032609791738e-10,0.015528231332264204
4,0.08726646259971647,6,5,25,4.4612003369310225,-0.0007803468131546854,-0.38931317235263363,6.80981059849713e-5,0.001043240939097637,0.0,0.0,0.0,0.0,0.0,0.0,0.0,0.0,0.00011142069530262964,-0.00023989928251688344,0.0002380607725400772,0.00010649998359569954,0.00023806077244589222,0.00010649998350054665,-0.00010167448757813567,0.00023617964343312727,7.892901266831383e-12,5.281032609791738e-10,0.015528231332264204
4,0.08726646259971647,6,7,26,8.114747700132432,0.0007534760109627163,0.7081453266797421,6.575318613046145e-5,0.0005834230598867245,0.00010676636031369795,-0.00010238611344441305,0.00010242714641410877,0.0001038289799332678,0.0001024271452678945,0.00010382897978349487,-0.0001009325619560796,0.00010242663844821771,0.0,0.0,0.0,0.0,0.0,0.0,0.0,0.0,7.892901266831383e-12,5.281032609791738e-10,0.015528231332264204
4,0.08726646259971647,6,5,27,8.114747700138079,0.0007534760254634832,-0.7081453266802349,-6.575318739589208e-5,0.0005834230499615356,0.0,0.0,0.0,0.0,0.0,0.0,0.0,0.0,-0.0001009325626224627,0.00010242663424584902,-0.00010242714176934765,-0.00010382898053094322,-0.00010242714150150656,-0.00010382898051121826,0.0001067663609742261,-0.00010238610923589354,7.892901266831383e-12,5.281032609791738e-10,0.015528231332264204
4,0.08726646259971647,6,7,28,8.11326066689233,-3.19522682748815e-5,0.7080155585491102,-2.7883614243860536e-6,0.0005547828484326033,-9.433110417326755e-5,9.899419166042715e-5,-9.904085795342688e-5,-9.708494181157481e-5,-9.904085675624475e-5,-9.708494168437985e-5,9.987838790033975e-5,-9.904868114577874e-5,0.0,0.0,0.0,0.0,0.0,0.0,0.0,0.0,7.892901266831383e-12,5.281032609791738e-10,0.015528231332264204
4,0.08726646259971647,6,5,29,8.113260666878595,-3.195226558819382e-5,-0.7080155585479116,2.7883611899283235e-6,0.0005547828403728468,0.0,0.0,0.0,0.0,0.0,0.0,0.0,0.0,9.987838859857336e-5,-9.904867763442864e-5,9.90408540599578e-5,9.708494248791902e-5,9.904085363182401e-5,9.708494240945577e-5,-9.433110487769778e-5,9.899418815418313e-5,7.892901266831383e-12,5.281032609791738e-10,0.015528231332264204
4,0.08726646259971647,6,7,30,8.066209082359963,0.013903800823806874,0.703909533207259,0.0012133355145846497,0.00047259392749919425,8.00619701721152e-5,-8.915230683400679e-5,8.900809306477728e-5,7.768672696786424e-5,8.90080930598849e-5,7.768672696070065e-5,-7.534708077720011e-5,8.883279748055665e-5,0.0,0.0,0.0,0.0,0.0,0.0,0.0,0.0,7.892901266831383e-12,5.281032609791738e-10,0.015528231332264204
4,0.08726646259971647,6,5,31,8.066209082415364,0.013903800905452703,-0.7039095332120937,-0.0012133355217095925,0.0004725939266461876,0.0,0.0,0.0,0.0,0.0,0.0,0.0,0.0,-7.534708047199498e-5,8.883279746184244e-5,-8.900809305425111e-5,-7.76867266603514e-5,-8.900809303625237e-5,-7.768672665874372e-5,8.006196986791659e-5,-8.915230681847113e-5,7.892901266831383e-12,5.281032609791738e-10,0.015528231332264204
4,0.08726646259971647,6,7,32,4.461209175807369,0.0014248326582413547,0.3893139436901057,0.0001243401058812738,0.0004608879022792549,0.00011072287523844315,-3.7363307511986295e-5,3.837893649339668e-5,0.00010863624428278841,3.83789365490146e-5,0.0001086362443032468,-0.0001065649562296456,3.935110796441306e-5,0.0,0.0,0.0,0.0,0.0,0.0,0.0,0.0,7.892901266831383e-12,5.281032609791738e-10,0.015528231332264204
4,0.08726646259971647,6,5,33,4.461209175801967,0.0014248326609861105,-0.3893139436896343,-0.0001243401061207989,0.00046088789928325024,0.0,0.0,0.0,0.0,0.0,0.0,0.0,0.0,-0.00010656495543744989,3.935110794369593e-5,-3.837893652072859e-5,-0.00010863624350039005,-3.8378936486552135e-5,-0.0001086362435092215,0.0001107228744544221,-3.736330749722623e-5,7.892901266831383e-12,5.281032609791738e-10,0.015528231332264204
4,0.08726646259971647,6,5,34,8.037686111137328,-0.012971230163833709,-0.7014204344058261,0.0011319533719645085,0.0003266553986932866,0.0,0.0,0.0,0.0,0.0,0.0,0.0,0.0,7.07308055143091e-5,-4.309008857808403e-5,4.346708089077822e-5,6.912980885305243e-5,4.34670809008398e-5,6.912980887352053e-5,-6.754619351366381e-5,4.3816417813896154e-5,7.892901266831383e-12,5.281032609791738e-10,0.015528231332264204
4,0.08726646259971647,6,7,35,8.03768611100965,-0.012971230049103225,0.7014204343946842,-0.0011319533619523852,0.0003266553970460093,-6.754619319326345e-5,4.381641756366577e-5,-4.346708063508057e-5,-6.912980853196693e-5,-4.346708065649682e-5,-6.912980853615981e-5,7.07308051761194e-5,-4.3090088328401406e-5,0.0,0.0,0.0,0.0,0.0,0.0,0.0,0.0,7.892901266831383e-12,5.281032609791738e-10,0.015528231332264204
4,0.08726646259971647,6,7,36,8.049642164939002,-0.00041981938482442936,0.7024637969277501,-3.6636152644417044e-5,0.00028379217072802606,-2.8610779562948176e-5,6.382940211574709e-5,-6.432154778266623e-5,-2.9930920443635603e-5,-6.432154785493467e-5,-2.9930920405050162e-5,3.1276787505176246e-5,-6.48017160117691e-5,0.0,0.0,0.0,0.0,0.0,0.0,0.0,0.0,7.892901266831383e-12,5.281032609791738e-10,0.015528231332264204
4,0.08726646259971647,6,5,37,8.04964216480448,-0.0004198195027330029,-0.7024637969160109,3.663616293388116e-5,0.0002837921473667524,0.0,0.0,0.0,0.0,0.0,0.0,0.0,0.0,3.127678426189682e-5,-6.480171106054931e-5,6.432154296840567e-5,2.9930917224099685e-5,6.432154280241196e-5,2.993091714156104e-5,-2.8610776324625717e-5,6.382939719847695e-5,7.892901266831383e-12,5.281032609791738e-10,0.015528231332264204
4,0.08726646259971647,6,7,38,8.049651419378444,0.0011650612375638386,0.7024646045299436,0.00010167077291424412,0.0001312008050695173,3.2311396532473316e-5,-7.910609613997927e-6,8.249311547767192e-6,3.174420420062787e-5,8.249311634953715e-6,3.174420420262313e-5,-3.1180309051544396e-5,8.575315230615992e-6,0.0,0.0,0.0,0.0,0.0,0.0,0.0,0.0,7.892901266831383e-12,5.281032609791738e-10,0.015528231332264204
4,0.08726646259971647,6,5,39,8.049651419421037,0.001165061322785009,-0.7024646045336606,-0.00010167078035119419,0.00013120078969832089,0.0,0.0,0.0,0.0,0.0,0.0,0.0,0.0,-3.118030606059258e-5,8.575311428308477e-6,-8.24930785951753e-6,-3.1744201239354444e-5,-8.24930772979523e-6,-3.1744201195187084e-5,3.231139355658799e-5,-7.910605821631082e-6,7.892901266831383e-12,5.281032609791738e-10,0.015528231332264204
4,0.08726646259971647,6,5,40,8.05386396440209,0.007066062102101613,-0.7028322184326993,-0.0006166302441603244,6.138004280091689e-5,0.0,0.0,0.0,0.0,0.0,0.0,0.0,0.0,-4.917575823747612e-6,1.4307259794173784e-5,-1.4439025095310485e-5,-5.192337205431162e-6,-1.443902511447675e-5,-5.1923372282487916e-6,5.472873804197973e-6,-1.4568712325835632e-5,7.892901266831383e-12,5.281032609791738e-10,0.015528231332264204
4,0.08726646259971647,6,7,41,8.053863964406698,0.007066062101941554,0.7028322184331014,0.0006166302441463566,6.138004272636133e-5,5.472873949129013e-6,-1.456871225287325e-5,1.4439025023115206e-5,5.192337349723535e-6,1.4439025042724157e-5,5.192337374029694e-6,-4.9175759688872715e-6,1.4307259723220841e-5,0.0,0.0,0.0,0.0,0.0,0.0,0.0,0.0,7.892901266831383e-12,5.281032609791738e-10,0.015528231332264204
4,0.08726646259971647,6,7,42,8.055579782533245,0.0063570534119538336,0.7029819518114696,0.0005547575638186692,5.519649625558275e-5,-9.728820220143753e-6,9.509862910638613e-6,-9.504779426566184e-6,-1.000279738345513e-5,-9.504779434560408e-6,-1.000279739501003e-5,1.0280575669478839e-5,-9.495694071524795e-6,0.0,0.0,0.0,0.0,0.0,0.0,0.0,0.0,7.892901266831383e-12,5.281032609791738e-10,0.015528231332264204
4,0.08726646259971647,6,5,43,8.055579782540217,0.006357053411704224,-0.702981951812078,-0.0005547575637968867,5.519649580812874e-5,0.0,0.0,0.0,0.0,0.0,0.0,0.0,0.0,1.0280575553055775e-5,-9.495694031922136e-6,9.504779384086943e-6,1.0002797271621967e-5,9.50477939570523e-6,1.000279727550121e-5,-9.728820105249509e-6,9.509862868912242e-6,7.892901266831383e-12,5.281032609791738e-10,0.015528231332264204
4,0.08726646259971647,6,7,44,8.04784015182476,0.007948589329469766,0.702306541617712,0.0006936452734406788,4.902985524115607e-5,8.278394880001208e-6,-9.274051533473133e-6,9.258352009385836e-6,8.03201816754217e-6,9.25835200777211e-6,8.032018185067527e-6,-7.78934417065921e-6,9.239438935825008e-6,0.0,0.0,0.0,0.0,0.0,0.0,0.0,0.0,7.892901266831383e-12,5.281032609791738e-10,0.015528231332264204
4,0.08726646259971647,6,5,45,8.047840151824305,0.007948589330389146,-0.7023065416176723,-0.0006936452735209098,4.902985488745376e-5,0.0,0.0,0.0,0.0,0.0,0.0,0.0,0.0,-7.78934417246644e-6,9.239438819105992e-6,-9.258351891050533e-6,-8.032018166201618e-6,-9.258351892168672e-6,-8.032018186184147e-6,8.278394877955944e-6,-9.274051416301444e-6,7.892901266831383e-12,5.281032609791738e-10,0.015528231332264204
4,0.08726646259971647,6,5,46,8.040958220775288,-0.0054332577557185645,-0.7017059798391694,0.0004741411847340336,4.397408314956929e-5,0.0,0.0,0.0,0.0,0.0,0.0,0.0,0.0,-9.746164135716152e-6,4.742134431544843e-6,-4.669386613727148e-6,-9.951997032452557e-6,-4.669386603950678e-6,-9.95199703602337e-6,1.0159696891112922e-5,-4.5926576139132425e-6,7.892901266831383e-12,5.281032609791738e-10,0.015528231332264204
4,0.08726646259971647,6,7,47,8.04095822078096,-0.005433257753565863,0.7017059798396643,-0.0004741411845461749,4.39740830949637e-5,1.015969689334045e-5,-4.5926575764092265e-6,4.669386574548762e-6,9.951997038580908e-6,4.669386569058909e-6,9.951997034484301e-6,-9.746164138077707e-6,4.7421343949684e-6,0.0,0.0,0.0,0.0,0.0,0.0,0.0,0.0,7.892901266831383e-12,5.281032609791738e-10,0.015528231332264204
4,0.08726646259971647,6,5,48,8.032278741422342,-0.007599006305373545,-0.7009485523788305,0.0006631383995428902,4.145225623849031e-5,0.0,0.0,0.0,0.0,0.0,0.0,0.0,0.0,3.865114815224259e-6,-9.773616499670508e-6,9.689313190546788e-6,3.6741760729654176e-6,9.689313183152202e-6,3.674176062694218e-6,-3.487112751650744e-6,9.603539428559444e-6,7.892901266831383e-12,5.281032609791738e-10,0.015528231332264204
4,0.08726646259971647,6,7,49,8.032278741420141,-0.0075990063105128266,0.7009485523786384,-0.000663138399991377,4.1452255955996776e-5,-3.487112547783294e-6,9.60353942882712e-6,-9.689313193199363e-6,-3.674175868540089e-6,-9.689313185355679e-6,-3.6741758559768637e-6,3.865114607961521e-6,-9.77361650428616e-6,0.0,0.0,0.0,0.0,0.0,0.0,0.0,0.0,7.892901266831383e-12,5.281032609791738e-10,0.015528231332264204
4,0.08726646259971647,6,7,50,8.03597475308783,-0.0071691964754215165,0.7012710902426049,-0.000625630416092391,2.214358923889654e-5,-5.238091920347885e-6,-1.5332916299428752e-6,1.6301088674193327e-6,-5.290164478736099e-6,1.6301088687038533e-6,-5.2901644718505136e-6,5.341584563508161e-6,1.72904204149579e-6,0.0,0.0,0.0,0.0,0.0,0.0,0.0,0.0,7.892901266831383e-12,5.281032609791738e-10,0.015528231332264204
4,0.08726646259971647,6,5,51,8.035974753086776,-0.007169196473478927,-0.701271090242513,0.000625630415922868,2.2143588940739728e-5,0.0,0.0,0.0,0.0,0.0,0.0,0.0,0.0,5.3415845263093e-6,1.729041908736358e-6,-1.6301087373244419e-6,5.290164440032161e-6,-1.6301087380815938e-6,5.2901644349140546e-6,-5.238091881938731e-6,-1.533291501949988e-6,7.892901266831383e-12,5.281032609791738e-10,0.015528231332264204
4,0.08726646259971647,6,7,52,11.635268556868526,-0.006861141645565557,1.0153687283556243,-0.0005987475608041038,1.2160843606045817e-5,-2.5556096532270136e-6,1.5662371614734748e-6,-1.5517253929166272e-6,-2.614212414124122e-6,-1.551725395047399e-6,-2.6142124144720322e-6,2.673435656365989e-6,-1.5361678174492843e-6,0.0,0.0,0.0,0.0,0.0,0.0,0.0,0.0,7.892901266831383e-12,5.281032609791738e-10,0.015528231332264204
4,0.08726646259971647,6,5,53,11.635268556973955,-0.00686114160329692,-1.0153687283648247,0.0005987475571154694,1.216084353424708e-5,0.0,0.0,0.0,0.0,0.0,0.0,0.0,0.0,2.673435658357353e-6,-1.5361677780868639e-6,1.5517253546727468e-6,2.614212417123894e-6,1.5517253551630175e-6,2.614212416096674e-6,-2.5556096558581826e-6,1.5662371227091475e-6,7.892901266831383e-12,5.281032609791738e-10,0.015528231332264204
4,0.08726646259971647,6,5,54,11.639573582272938,-0.004428603970792181,-1.0157444126940691,0.0003864686027860917,5.850274058275499e-6,0.0,0.0,0.0,0.0,0.0,0.0,0.0,0.0,-1.4157698049310955e-6,-2.735764605541135e-7,2.97752989430115e-7,-1.4318645001599873e-6,2.97752989002759e-7,-1.431864505642962e-6,1.4478399851722918e-6,3.2250223984238004e-7,7.892901266831383e-12,5.281032609791738e-10,0.015528231332264204
4,0.08726646259971647,6,7,55,11.639573582264589,-0.004428603996698841,1.0157444126933406,-0.0003864686050468743,5.850274002314936e-6,1.4478399860603464e-6,3.2250216778579163e-7,-2.9775291643861634e-7,1.4318644997768193e-6,-2.97752918462041e-7,1.4318645073046732e-6,-1.4157698053083006e-6,-2.7357638907725456e-7,0.0,0.0,0.0,0.0,0.0,0.0,0.0,0.0,7.892901266831383e-12,5.281032609791738e-10,0.015528231332264204
4,0.08726646259971647,6,7,56,11.645485522650924,-0.006437624096238796,1.0162603268179566,-0.0005617886824254564,5.212877982804677e-6,-1.1869122307874282e-6,4.920312593201374e-7,-4.819631953968443e-7,-1.2107529636875706e-6,-4.819631933131472e-7,-1.210752958976397e-6,1.234786380268433e-6,-4.714107896509197e-7,0.0,0.0,0.0,0.0,0.0,0.0,0.0,0.0,7.892901266831383e-12,5.281032609791738e-10,0.015528231332264204
4,0.08726646259971647,6,5,57,11.645485522666597,-0.006437623994950259,-1.0162603268193242,0.0005617886735863641,5.212877725418536e-6,0.0,0.0,0.0,0.0,0.0,0.0,0.0,0.0,1.234786316969525e-6,-4.714107732813906e-7,4.819631784315195e-7,1.2107528999761613e-6,4.819631765240538e-7,1.2107528976124282e-6,-1.186912169010392e-6,4.920312419459631e-7,7.892901266831383e-12,5.281032609791738e-10,0.015528231332264204
4,0.08726646259971647,6,5,58,11.599184644663632,-0.0006017951666120909,-1.0122198129807445,5.251653539984417e-5,8.932779784212982e-7,0.0,0.0,0.0,0.0,0.0,0.0,0.0,0.0,1.6507707592860823e-7,-1.5506974385980985e-7,1.551789266951766e-7,1.605805451000888e-7,1.551789263009371e-7,1.605805447244568e-7,-1.5614607261469909e-7,1.5522386450511184e-7,7.892901266831383e-12,5.281032609791738e-10,0.015528231332264204
4,0.08726646259971647,6,7,59,11.599184644662389,-0.00060179517180395,1.012219812980636,-5.251653585291935e-5,8.932779776077732e-7,-1.5614607322769162e-7,1.552238635581556e-7,-1.5517892567236153e-7,-1.605805458561737e-7,-1.5517892545489678e-7,-1.6058054520809333e-7,1.6507707655627849e-7,-1.5506974293831109e-7,0.0,0.0,0.0,0.0,0.0,0.0,0.0,0.0,7.892901266831383e-12,5.281032609791738e-10,0.015528231332264204
4,0.08726646259971647,6,7,60,11.601876162135179,0.0006228967069201088,1.0124546921895117,5.435799217793022e-5,5.507032006088693e-7,9.635293365196708e-8,-1.0105698586589695e-7,1.0097160471552946e-7,9.358133334630249e-8,1.0097160457918957e-7,9.35813335113856e-8,-9.085011436027902e-8,1.008487828193877e-7,0.0,0.0,0.0,0.0,0.0,0.0,0.0,0.0,7.892901266831383e-12,5.281032609791738e-10,0.015528231332264204
4,0.08726646259971647,6,5,61,11.601876162133436,0.0006228967068320178,-1.0124546921893596,-5.4357992170242836e-5,5.50703194613426e-7,0.0,0.0,0.0,0.0,0.0,0.0,0.0,0.0,-9.085011218715876e-8,1.0084878279888755e-7,-1.009716047143899e-7,-9.358133117339762e-8,-1.0097160456259229e-7,-9.358133129382237e-8,9.63529314343232e-8,-1.0105698586874198e-7,7.892901266831383e-12,5.281032609791738e-10,0.015528231332264204
4,0.08726646259971647,6,5,62,11.631921920530562,-0.007240472574334924,-1.0150766792408026,0.0006318504291124715,4.724737792263378e-7,0.0,0.0,0.0,0.0,0.0,0.0,0.0,0.0,1.1609815983265301e-7,-2.9529148100848775e-8,3.073050644503124e-8,1.1404476346831803e-7,3.0730507054573927e-8,1.1404476347587489e-7,-1.1200365019687194e-7,3.188624503743018e-8,7.892901266831383e-12,5.281032609791738e-10,0.015528231332264204
4,0.08726646259971647,6,7,63,11.631921920613276,-0.007240472412286207,1.0150766792480208,-0.0006318504149710533,4.7247371186060767e-7,-1.1200364107113374e-7,3.188621682992189e-8,-3.0730478350953164e-8,-1.140447532831073e-7,-3.0730478259103294e-8,-1.1404475410953925e-7,1.1609814939304446e-7,-2.9529119426880975e-8,0.0,0.0,0.0,0.0,0.0,0.0,0.0,0.0,7.892901266831383e-12,5.281032609791738e-10,0.015528231332264204
4,0.08726646259971647,6,7,64,8.68382785108443,0.005828347351719349,0.7578069383890357,0.0005086192561869731,3.376998465365919e-7,3.388996634477021e-8,-7.86305941750277e-8,7.799132364782399e-8,3.23143150222343e-8,7.799132385526609e-8,3.2314315456964255e-8,-3.076985807600659e-8,7.733912136294996e-8,0.0,0.0,0.0,0.0,0.0,0.0,0.0,0.0,7.892901266831383e-12,5.281032609791738e-10,0.015528231332264204
4,0.08726646259971647,6,5,65,8.683827851080434,0.0058283473554248295,-0.757806938388687,-0.0005086192565103373,3.376998380482955e-7,0.0,0.0,0.0,0.0,0.0,0.0,0.0,0.0,-3.0769860490891504e-8,7.733911809158151e-8,-7.799132030903987e-8,-3.2314317370233594e-8,-7.799132062063611e-8,-3.2314317884780665e-8,3.388996870583914e-8,-7.86305908742828e-8,7.892901266831383e-12,5.281032609791738e-10,0.015528231332264204
4,0.08726646259971647,6,5,66,8.673486627836088,-0.003661916255069588,-0.7569044964171989,0.00031956247791632404,2.692040295694778e-7,0.0,0.0,0.0,0.0,0.0,0.0,0.0,0.0,-6.384686684214357e-8,1.8062576384741024e-8,-1.7402145075237638e-8,-6.500875414919378e-8,-1.7402144790062605e-8,-6.500875401232992e-8,6.617759697650857e-8,-1.6715708589126928e-8,7.892901266831383e-12,5.281032609791738e-10,0.015528231332264204
4,0.08726646259971647,6,7,67,8.6734866278417,-0.0036619162498888955,0.7569044964176888,-0.0003195624774642233,2.6920401923754104e-7,6.617759413658393e-8,-1.6715709193570946e-8,1.7402145682716625e-8,6.500875139408223e-8,1.740214541976131e-8,6.500875108846634e-8,-6.38468640024635e-8,1.8062577015963638e-8,0.0,0.0,0.0,0.0,0.0,0.0,0.0,0.0,7.892901266831383e-12,5.281032609791738e-10,0.015528231332264204
4,0.08726646259971647,6,5,68,8.685072074876373,0.005330215419459855,-0.757915517398041,-0.0004651490445507255,2.1708939259347055e-7,0.0,0.0,0.0,0.0,0.0,0.0,0.0,0.0,3.652053726944876e-8,-4.1181651445915025e-8,4.110859231009801e-8,3.542988742637539e-8,4.110859244537228e-8,3.542988744634551e-8,-3.435567820497877e-8,4.102135806880807e-8,7.892901266831383e-12,5.281032609791738e-10,0.015528231332264204
4,0.08726646259971647,6,7,69,8.68507207486828,0.005330215419731343,0.7579155173973348,0.0004651490445744173,2.1708938221429518e-7,-3.435567652318952e-8,4.102135610548964e-8,-4.110859030302208e-8,-3.54298855853113e-8,-4.110859052921679e-8,-3.542988589013334e-8,3.652053555432075e-8,-4.118164948583991e-8,0.0,0.0,0.0,0.0,0.0,0.0,0.0,0.0,7.892901266831383e-12,5.281032609791738e-10,0.015528231332264204
4,0.08726646259971647,6,7,70,8.67668997305062,0.007024850161354641,0.7571840410225568,0.0006130338238744669,2.1049314163616083e-7,3.9318302547449847e-8,-3.608923706076179e-8,3.612719774084356e-8,3.825910181110149e-8,3.612719793833626e-8,3.825910216086049e-8,-3.721434924307396e-8,3.614985208516015e-8,0.0,0.0,0.0,0.0,0.0,0.0,0.0,0.0,7.892901266831383e-12,5.281032609791738e-10,0.015528231332264204
4,0.08726646259971647,6,5,71,8.676689973053639,0.007024850161680921,-0.7571840410228203,-0.0006130338239029404,2.1049314132842227e-7,0.0,0.0,0.0,0.0,0.0,0.0,0.0,0.0,-3.721434846306172e-8,3.614985278800507e-8,-3.6127198456107635e-8,-3.825910105740642e-8,-3.612719865197941e-8,-3.825910135377253e-8,3.931830176671171e-8,-3.608923778685095e-8,7.892901266831383e-12,5.281032609791738e-10,0.015528231332264204
4,0.08726646259971647,6,5,72,8.663667995761122,-0.005971223714757645,-0.7560476591284485,0.0005210875709784381,1.673015887942095e-7,0.0,0.0,0.0,0.0,0.0,0.0,0.0,0.0,2.908935673597239e-8,-3.08735306021454e-8,3.084260665322073e-8,2.8247523403240582e-8,3.0842606537912357e-8,2.8247523182251923e-8,-2.741802463222908e-8,3.080038111647503e-8,7.892901266831383e-12,5.281032609791738e-10,0.015528231332264204
4,0.08726646259971647,6,7,73,8.663667995761374,-0.0059712237155147155,0.7560476591284705,-0.0005210875710445049,1.6730157849617875e-7,-2.7418022902961638e-8,3.080037926709573e-8,-3.084260481709931e-8,-2.8247521677143147e-8,-3.084260458400266e-8,-2.8247521423462378e-8,2.9089354979411148e-8,-3.0873528659868726e-8,0.0,0.0,0.0,0.0,0.0,0.0,0.0,0.0,7.892901266831383e-12,5.281032609791738e-10,0.015528231332264204
4,0.08726646259971647,6,5,74,8.668834524002348,-0.005386760871200878,-0.7564985237719818,0.00047008356610026757,2.628684080663861e-8,0.0,0.0,0.0,0.0,0.0,0.0,0.0,0.0,6.612036063444035e-9,-8.383138838580106e-10,9.186599968298682e-10,6.506851875890259e-9,9.186599869657999e-10,6.50685182870931e-9,-6.40203458505885e-9,9.964032862220374e-10,7.892901266831383e-12,5.281032609791738e-10,0.015528231332264204
4,0.08726646259971647,6,7,75,8.66883452400455,-0.005386760871587825,0.7564985237721741,-0.0004700835661340351,2.6286839631114714e-8,-6.402034320418551e-9,9.96403096108285e-10,-9.186598177877938e-10,-6.506851594259771e-9,-9.186597913742668e-10,-6.506851569656409e-9,6.612035787395531e-9,-8.38313699472359e-10,0.0,0.0,0.0,0.0,0.0,0.0,0.0,0.0,7.892901266831383e-12,5.281032609791738e-10,0.015528231332264204
4,0.08726646259971647,6,7,76,8.71236206802145,0.00103719644838819,0.7602970185641824,9.051246507182674e-5,1.0194436096557824e-8,1.1362641892880537e-9,-2.321630614874427e-9,2.30464697726553e-9,1.0878239586797051e-9,2.3046469653081516e-9,1.087823899006331e-9,-1.0403054410173493e-9,2.2872280140632516e-9,0.0,0.0,0.0,0.0,0.0,0.0,0.0,0.0,7.892901266831383e-12,5.281032609791738e-10,0.015528231332264204
4,0.08726646259971647,6,5,77,8.712362068034018,0.001037196484529209,-0.7602970185652791,-9.051246822572562e-5,1.0194432007202585e-8,0.0,0.0,0.0,0.0,0.0,0.0,0.0,0.0,-1.040303252045426e-9,2.2872278962113353e-9,-2.304646893622033e-9,-1.0878217462006023e-9,-2.3046468708859636e-9,-1.0878216986462244e-9,1.1362619657891952e-9,-2.3216305550875542e-9,7.892901266831383e-12,5.281032609791738e-10,0.015528231332264204
4,0.08726646259971647,6,7,78,5.122419912712656,0.0001319878514773956,0.44701546573278195,1.1518112904569077e-5,8.857450151896182e-9,-2.1651102526921274e-9,2.801562998149223e-10,-2.530607785706592e-10,-2.1997434465588724e-9,-2.530607719158633e-10,-2.199743552433611e-9,2.2344777940626337e-9,-2.2508533190332044e-10,0.0,0.0,0.0,0.0,0.0,0.0,0.0,0.0,7.892901266831383e-12,5.281032609791738e-10,0.015528231332264204
4,0.08726646259971647,6,5,79,5.122419912711491,0.00013198785410415206,-0.44701546573268025,-1.151811313379682e-5,8.857448985993607e-9,0.0,0.0,0.0,0.0,0.0,0.0,0.0,0.0,2.2344775279329785e-9,-2.2508503654734246e-10,2.53060477901722e-10,2.1997431755119147e-9,2.5306047612785363e-10,2.1997433053135273e-9,-2.165110000653521e-9,2.8015599888837127e-10,7.892901266831383e-12,5.281032609791738e-10,0.015528231332264204
5,0.05038331567317271,7,6,0,0.11988658401851726,0.02290947479923936,-0.0060402836075832975,-0.0011542553007166717,80.61479508481008,0.0,0.0,0.0,0.0,0.0,0.0,0.0,0.0,-13.842631141084492,14.254377329347019,-14.257371601119882,-14.242834029252192,-14.257371600052183,-14.242834029215032,14.64873872637061,-14.25466759784999,9.424773284539898e-12,3.125374709409437e-9,0.014488873805080849
5,0.05038331567317271,7,8,1,0.11988658402231422,0.022909474800719698,0.006040283607774601,0.001154255300791256,80.61479508474163,14.648738726364959,-14.25466759783093,14.257371601099985,14.242834029246646,14.257371600033924,14.242834029210357,-13.842631141079917,14.254377329327934,0.0,0.0,0.0,0.0,0.0,0.0,0.0,0.0,9.424773284539898e-12,3.125374709409437e-9,0.014488873805080849
5,0.05038331567317271,7,6,2,2.121892294515419,0.0020882897282790136,-0.10690796929904312,-0.00010521496059692561,4.09226724441305,0.0,0.0,0.0,0.0,0.0,0.0,0.0,0.0,-0.7466018117614738,0.6782054839561455,-0.6770858438888936,-0.7668870953703283,-0.6770858438596393,-0.7668870952918625,0.7874431518761829,-0.6756593947994634,9.424773284539898e-12,3.125374709409437e-9,0.014488873805080849
5,0.05038331567317271,7,8,3,2.1218922945154195,0.002088289728187309,0.10690796929904314,0.00010521496059230523,4.09226724430482,0.7874431517122558,-0.6756593949443965,0.6770858440481049,0.7668870952136878,0.6770858439902677,0.7668870951204662,-0.7466018115973108,0.6782054841009847,0.0,0.0,0.0,0.0,0.0,0.0,0.0,0.0,9.424773284539898e-12,3.125374709409437e-9,0.014488873805080849
5,0.05038331567317271,7,6,4,6.754228313982058,0.0017542138850152426,-0.3403004172720391,-8.838311192698566e-5,3.5318485081823656,0.0,0.0,0.0,0.0,0.0,0.0,0.0,0.0,-0.6259733774176657,0.6049490472881375,-0.604523888422636,-0.6435021690650674,-0.6045238884177386,-0.6435021688521912,0.66127271856804,-0.6038412803358149,9.424773284539898e-12,3.125374709409437e-9,0.014488873805080849
5,0.05038331567317271,7,8,5,6.754228313963341,0.0017542138895859476,0.3403004172710961,8.838311215727293e-5,3.5318484866505866,0.6612727100445072,-0.603841281545339,0.6045238898215268,0.6435021604917688,0.6045238894400633,0.6435021603806889,-0.6259733688959052,0.6049490484964618,0.0,0.0,0.0,0.0,0.0,0.0,0.0,0.0,9.424773284539898e-12,3.125374709409437e-9,0.014488873805080849
5,0.05038331567317271,7,6,6,2.111742000562219,-0.0009405031028067584,-0.10639656383462355,4.7385664720311314e-5,3.3135492276481946,0.0,0.0,0.0,0.0,0.0,0.0,0.0,0.0,0.5899747031603167,-0.598138467433688,0.5979075159004662,0.5732918328599724,0.5979075158809913,0.5732918327850538,-0.5568480796178594,0.5974471997910461,9.424773284539898e-12,3.125374709409437e-9,0.014488873805080849
5,0.05038331567317271,7,8,7,2.111742000562181,-0.0009405031031197407,0.10639656383462162,-4.7385664736080404e-5,3.3135492276438567,-0.5568480794674912,0.5974471999337465,-0.5979075160568431,-0.5732918327170035,-0.5979075160099984,-0.5732918326273118,0.5899747030099153,-0.5981384675763108,0.0,0.0,0.0,0.0,0.0,0.0,0.0,0.0,9.424773284539898e-12,3.125374709409437e-9,0.014488873805080849
5,0.05038331567317271,7,6,8,6.744768231696863,-0.0009334439353033651,-0.33982378695996995,4.7030000455598045e-5,3.2875158552380217,0.0,0.0,0.0,0.0,0.0,0.0,0.0,0.0,0.5933271365731223,-0.5854529811264745,0.5854481501284572,0.5767737524220596,0.5854481501228197,0.5767737522104643,-0.560454501171142,0.5852125628000315,9.424773284539898e-12,3.125374709409437e-9,0.014488873805080849
5,0.05038331567317271,7,8,9,6.744768231721752,-0.0009334439520779156,0.3398237869612239,-4.703000130075552e-5,3.2875158348949567,-0.5604544926716303,0.5852125640334912,-0.5854481515513899,-0.5767737438730827,-0.5854481511699536,-0.5767737437601881,0.5933271280728727,-0.5854529823596885,0.0,0.0,0.0,0.0,0.0,0.0,0.0,0.0,9.424773284539898e-12,3.125374709409437e-9,0.014488873805080849
5,0.05038331567317271,7,6,10,12.949564324097846,-8.691548258258491e-5,-0.6524419871710772,4.37909019584452e-6,2.5710868584127846,0.0,0.0,0.0,0.0,0.0,0.0,0.0,0.0,-0.4569457956634031,0.43908395853387905,-0.43873804639552433,-0.46970533036346845,-0.4387380464148456,-0.4697053305886046,0.48264032292725423,-0.43820421704207074,9.424773284539898e-12,3.125374709409437e-9,0.014488873805080849
5,0.05038331567317271,7,8,11,12.94956432398488,-8.691540067047587e-5,0.6524419871653856,-4.379086068840873e-6,2.571086808242467,0.48264031219784237,-0.43820421015418975,0.4387380395543554,0.46970532001516857,0.43873803948019885,0.46970531947713295,-0.4569457849358328,0.4390839516417387,0.0,0.0,0.0,0.0,0.0,0.0,0.0,0.0,9.424773284539898e-12,3.125374709409437e-9,0.014488873805080849
5,0.05038331567317271,7,6,12,12.942275742823064,-0.0011231989549096676,-0.6520747642799003,5.659048750899146e-5,2.446953035358484,0.0,0.0,0.0,0.0,0.0,0.0,0.0,0.0,0.44296527371232625,-0.4343982325193774,0.434432639635252,0.4306443601062611,0.4344326396514596,0.430644360335188,-0.4184971853299474,0.4342947542648656,9.424773284539898e-12,3.125374709409437e-9,0.014488873805080849
5,0.05038331567317271,7,8,13,12.94227574296864,-0.0011231990610567517,0.6520747642872349,-5.659049285703351e-5,2.4469529856328456,-0.41849717470128056,0.4342947472957533,-0.4344326327159922,-0.43064434985836675,-0.43443263263664356,-0.43064434932239504,0.44296526308308304,-0.4343982255501684,0.0,0.0,0.0,0.0,0.0,0.0,0.0,0.0,9.424773284539898e-12,3.125374709409437e-9,0.014488873805080849
5,0.05038331567317271,7,6,14,2.1673201973697593,0.04381173495683862,-0.10919677766892356,-0.002207380472519776,0.19644024020797335,0.0,0.0,0.0,0.0,0.0,0.0,0.0,0.0,0.008660653519253133,0.047637190755546115,-0.04843501002640556,0.008099794851099696,-0.048435010024609426,0.008099794847771275,-0.007519561528389515,-0.04923606533848951,9.424773284539898e-12,3.125374709409437e-9,0.014488873805080849
5,0.05038331567317271,7,8,15,2.167320197369455,0.04381173495785297,0.10919677766890824,0.0022073804725708823,0.19644024019052664,-0.007519561529702927,-0.04923606533386299,0.048435010021411394,-0.008099794852218062,0.04843501002032871,-0.008099794849225128,0.008660653520510571,0.047637190750898326,0.0,0.0,0.0,0.0,0.0,0.0,0.0,0.0,9.424773284539898e-12,3.125374709409437e-9,0.014488873805080849
5,0.05038331567317271,7,8,16,6.799926791791849,0.04409212187623553,0.34260285810531327,0.002221507295190379,0.08845054849742953,-0.00956327631818089,-0.020285180829319224,0.019864994501506774,-0.009710912842861599,0.01986499449949005,-0.009710912840431796,0.009850602590738123,0.019448690947451164,0.0,0.0,0.0,0.0,0.0,0.0,0.0,0.0,9.424773284539898e-12,3.125374709409437e-9,0.014488873805080849
5,0.05038331567317271,7,6,17,6.799926791810115,0.04409212184554763,-0.3426028581062336,-0.0022215072936442207,0.08845054846236776,0.0,0.0,0.0,0.0,0.0,0.0,0.0,0.0,0.009850602632078764,0.019448690916553435,-0.01986499447159348,0.009710912886023606,-0.019864994468445786,0.009710912882043472,-0.00956327636161921,-0.020285180799284305,9.424773284539898e-12,3.125374709409437e-9,0.014488873805080849
5,0.05038331567317271,7,6,18,13.021286634718336,0.04618757880800417,-0.6560555949878787,-0.002327083363263216,0.07633746683465858,0.0,0.0,0.0,0.0,0.0,0.0,0.0,0.0,0.01467413145177663,0.011776721795459938,-0.012153733843339055,0.014712694972823272,-0.01215373383909234,0.014712694966924416,-0.014746395817608737,-0.012536629992482064,9.424773284539898e-12,3.125374709409437e-9,0.014488873805080849
5,0.05038331567317271,7,8,19,13.02128663474726,0.046187578788725966,0.656055594989336,0.0023270833622919163,0.07633746638330147,-0.0147463957236689,-0.012536629925892974,0.012153733780175213,-0.014712694879481786,0.012153733773173319,-0.014712694874195775,0.014674131359652119,0.011776721732920438,0.0,0.0,0.0,0.0,0.0,0.0,0.0,0.0,9.424773284539898e-12,3.125374709409437e-9,0.014488873805080849
5,0.05038331567317271,7,6,20,4.336831770340258,0.022932260296834695,-0.2185039641064977,-0.0011554033096347878,0.000515044434985216,0.0,0.0,0.0,0.0,0.0,0.0,0.0,0.0,-9.01342577572046e-5,8.939406095368966e-5,-8.936518173120346e-5,-9.269104515216872e-5,-8.936518172081549e-5,-9.269104515180134e-5,9.528357120273163e-5,-8.929921893250623e-5,9.424773284539898e-12,3.125374709409437e-9,0.014488873805080849
5,0.05038331567317271,7,8,21,4.336831770340078,0.022932260295221996,0.21850396410648862,0.0011554033095535347,0.0005150444347733315,9.528357114775806e-5,-8.929921891251352e-5,8.936518171079823e-5,9.269104509681936e-5,8.936518170084992e-5,9.269104509891992e-5,-9.013425770393668e-5,8.939406093331939e-5,0.0,0.0,0.0,0.0,0.0,0.0,0.0,0.0,9.424773284539898e-12,3.125374709409437e-9,0.014488873805080849
5,0.05038331567317271,7,6,22,8.970973482231106,0.022911985508503707,-0.4519873888509112,-0.0011543817985741008,0.00030957861436306115,0.0,0.0,0.0,0.0,0.0,0.0,0.0,0.0,-5.3129072162848036e-5,5.4768771508584586e-5,-5.478110346326373e-5,-5.466593314797573e-5,-5.478110347241193e-5,-5.466593318218147e-5,5.6224702234556457e-5,-5.477156467220221e-5,9.424773284539898e-12,3.125374709409437e-9,0.014488873805080849
5,0.05038331567317271,7,8,23,8.970973482228064,0.022911985512478916,0.451987388850758,0.001154381798774385,0.00030957861357029605,5.622470218500544e-5,-5.477156443737032e-5,5.4781103231839915e-5,5.466593310088542e-5,5.478110324024081e-5,5.466593313267835e-5,-5.312907211577838e-5,5.476877127975246e-5,0.0,0.0,0.0,0.0,0.0,0.0,0.0,0.0,9.424773284539898e-12,3.125374709409437e-9,0.014488873805080849
5,0.05038331567317271,7,6,24,4.351755740397211,0.02085073569901274,-0.2192558832009741,-0.0010505291987412504,0.00030726708311151573,0.0,0.0,0.0,0.0,0.0,0.0,0.0,0.0,5.2169686610773494e-5,-5.7860192830978546e-5,5.7769514087033484e-5,5.062518706887504e-5,5.7769514085812875e-5,5.062518707586116e-5,-4.910379128805799e-5,5.7658580646516887e-5,9.424773284539898e-12,3.125374709409437e-9,0.014488873805080849
5,0.05038331567317271,7,8,25,4.3517557403915355,0.020850735703806734,0.21925588320068815,0.0010505291989827876,0.00030726708161889845,-4.910379107303539e-5,5.765858033875655e-5,-5.776951379714494e-5,-5.0625186850866726e-5,-5.7769513759467906e-5,-5.062518686463354e-5,5.216968639668496e-5,-5.7860192522394665e-5,0.0,0.0,0.0,0.0,0.0,0.0,0.0,0.0,9.424773284539898e-12,3.125374709409437e-9,0.014488873805080849
5,0.05038331567317271,7,6,26,8.985056804483417,0.02091632476786918,-0.4526969533216764,-0.0010538337935021539,0.000197573217279594,0.0,0.0,0.0,0.0,0.0,0.0,0.0,0.0,3.44303974189932e-5,-3.638653126651089e-5,3.635213006826797e-5,3.343616660998649e-5,3.635213000183052e-5,3.3436166640484116e-5,-3.2456474008146416e-5,3.630435142989668e-5,9.424773284539898e-12,3.125374709409437e-9,0.014488873805080849
5,0.05038331567317271,7,8,27,8.985056804461054,0.02091632477901685,0.45269695332054977,0.0010538337940638105,0.0001975732143978153,-3.245647373639082e-5,3.630435070151131e-5,-3.635212934866989e-5,-3.343616635021698e-5,-3.635212926380337e-5,-3.3436166356377576e-5,3.443039714714923e-5,-3.63865305371497e-5,0.0,0.0,0.0,0.0,0.0,0.0,0.0,0.0,9.424773284539898e-12,3.125374709409437e-9,0.014488873805080849
5,0.05038331567317271,7,6,28,4.35386603351208,0.022970981099567633,-0.21936220676514348,-0.001157354192062,0.00015212118068458875,0.0,0.0,0.0,0.0,0.0,0.0,0.0,0.0,-2.4065581946641247e-5,2.8752031840285022e-5,-2.881338194890802e-5,-2.481829514474235e-5,-2.8813381930803956e-5,-2.4818295157320424e-5,2.5582531721827e-5,-2.8864802417186702e-5,9.424773284539898e-12,3.125374709409437e-9,0.014488873805080849
5,0.05038331567317271,7,8,29,4.353866033515394,0.02297098110181447,0.21936220676531046,0.0011573541921752032,0.00015212117896232382,2.558253145318367e-5,-2.886480208148588e-5,2.881338163305422e-5,2.4818294872137817e-5,2.8813381574959187e-5,2.481829489016922e-5,-2.4065581675701753e-5,2.8752031504152946e-5,0.0,0.0,0.0,0.0,0.0,0.0,0.0,0.0,9.424773284539898e-12,3.125374709409437e-9,0.014488873805080849
5,0.05038331567317271,7,6,30,8.987154632944797,0.022898486906876472,-0.4528026488752743,-0.0011537016942671694,9.41412877002336e-5,0.0,0.0,0.0,0.0,0.0,0.0,0.0,0.0,-1.4011443491298068e-5,1.8495696117888733e-5,-1.8556241094035686e-5,-1.4474871934857916e-5,-1.855624100552461e-5,-1.4474871935694529e-5,1.494572171739668e-5,-1.861099454926389e-5,9.424773284539898e-12,3.125374709409437e-9,0.014488873805080849
5,0.05038331567317271,7,8,31,8.987154632958685,0.022898486912631247,0.45280264887597405,0.0011537016945571141,9.414128590240546e-5,1.4945721749822778e-5,-1.8610993955919784e-5,1.8556240512931345e-5,1.4474871974130497e-5,1.855624040476295e-5,1.4474871949784088e-5,-1.4011443512563142e-5,1.8495695529154485e-5,0.0,0.0,0.0,0.0,0.0,0.0,0.0,0.0,9.424773284539898e-12,3.125374709409437e-9,0.014488873805080849
5,0.05038331567317271,7,6,32,10.981514518843209,-0.0007630396287379611,-0.5532851125724068,3.84444664858452e-5,1.9967996671395328e-5,0.0,0.0,0.0,0.0,0.0,0.0,0.0,0.0,3.506610072875981e-6,-3.6518524653744326e-6,3.649112144804755e-6,3.4061040501032876e-6,3.649112145345572e-6,3.406104049944227e-6,-3.3070573994788944e-6,3.645009091289712e-6,9.424773284539898e-12,3.125374709409437e-9,0.014488873805080849
5,0.05038331567317271,7,8,33,10.981514518830767,-0.0007630396170486588,0.5532851125717799,-3.8444465896899395e-5,1.996799664959777e-5,-3.3070573795544493e-6,3.6450091020422115e-6,-3.6491121561352034e-6,-3.40610402983283e-6,-3.6491121564682893e-6,-3.4061040301868198e-6,3.5066100527791535e-6,-3.6518524770830537e-6,0.0,0.0,0.0,0.0,0.0,0.0,0.0,0.0,9.424773284539898e-12,3.125374709409437e-9,0.014488873805080849
5,0.05038331567317271,7,6,34,10.9912377670084,0.002140021739004419,-0.5537750020540821,-0.00010782139082371166,1.675968983821826e-5,0.0,0.0,0.0,0.0,0.0,0.0,0.0,0.0,-2.894238213841239e-6,2.9474705640250486e-6,-2.9476320252743167e-6,-2.977441940240646e-6,-2.9476320255048752e-6,-2.977441941058084e-6,3.061824482026658e-6,-2.9466022742091475e-6,9.424773284539898e-12,3.125374709409437e-9,0.014488873805080849
5,0.05038331567317271,7,8,35,10.991237767014507,0.0021400217270330056,0.5537750020543898,0.00010782139022055216,1.6759689794519627e-5,3.061824487872739e-6,-2.9466022523355318e-6,2.947632003943313e-6,2.9774419459482962e-6,2.9476320035635523e-6,2.9774419474432924e-6,-2.8942382200843225e-6,2.9474705426276364e-6,0.0,0.0,0.0,0.0,0.0,0.0,0.0,0.0,9.424773284539898e-12,3.125374709409437e-9,0.014488873805080849
5,0.05038331567317271,7,6,36,8.98787076346504,0.022996332521887142,-0.4528387299053389,-0.0011586314807754878,7.0752494084321885e-6,0.0,0.0,0.0,0.0,0.0,0.0,0.0,0.0,-1.528838071736807e-6,-8.389286173096109e-7,8.727210926237736e-7,-1.5384219930533754e-6,8.72721090604157e-7,-1.5384219964291943e-6,1.5476567062440305e-6,9.071288648720901e-7,9.424773284539898e-12,3.125374709409437e-9,0.014488873805080849
5,0.05038331567317271,7,8,37,8.987870763464594,0.02299633250920493,0.45283872990531643,0.0011586314801365159,7.075248814665046e-6,1.54765649474268e-6,9.071289271279762e-7,-8.727211601707515e-7,1.5384217847063715e-6,-8.727211521968842e-7,1.5384217902144558e-6,-1.528837868647306e-6,-8.3892868409335e-7,0.0,0.0,0.0,0.0,0.0,0.0,0.0,0.0,9.424773284539898e-12,3.125374709409437e-9,0.014488873805080849
5,0.05038331567317271,7,8,38,10.980094394870456,-0.0007342619785451025,0.5532135620179924,-3.699455305184627e-5,2.6333516527771447e-6,-4.876690578381438e-7,4.283219077618534e-7,-4.2738311840083064e-7,-5.007086450779184e-7,-4.273831182094932e-7,-5.007086445826957e-7,5.139191450044854e-7,-4.2624401121053965e-7,0.0,0.0,0.0,0.0,0.0,0.0,0.0,0.0,9.424773284539898e-12,3.125374709409437e-9,0.014488873805080849
5,0.05038331567317271,7,6,39,10.980094394876138,-0.0007342619789240772,-0.5532135620182788,3.699455307094027e-5,2.6333516328553635e-6,0.0,0.0,0.0,0.0,0.0,0.0,0.0,0.0,5.139191189236427e-7,-4.262440347449243e-7,4.2738314136100996e-7,5.007086188615518e-7,4.273831410952412e-7,5.007086185715648e-7,-4.876690317003337e-7,4.2832193007935526e-7,9.424773284539898e-12,3.125374709409437e-9,0.014488873805080849
5,0.05038331567317271,7,8,40,6.356433507540135,0.002294560900325964,0.3202581959659271,0.00011560758617244243,1.6623189026855193e-6,3.192780369365031e-7,-2.751444692495692e-7,2.7570600596614175e-7,3.109267435201452e-7,2.757060066554413e-7,3.109267431081143e-7,-3.0268570721788886e-7,2.761431506306723e-7,0.0,0.0,0.0,0.0,0.0,0.0,0.0,0.0,9.424773284539898e-12,3.125374709409437e-9,0.014488873805080849
5,0.05038331567317271,7,6,41,6.356433507538446,0.0022945609019405025,-0.320258195965842,-0.00011560758625378822,1.6623188925933674e-6,0.0,0.0,0.0,0.0,0.0,0.0,0.0,0.0,-3.0268570267378294e-7,2.7614315186807635e-7,-2.757060075390484e-7,-3.1092673872244e-7,-2.7570600759133873e-7,-3.1092673893669776e-7,3.192780325131304e-7,-2.751444705179055e-7,9.424773284539898e-12,3.125374709409437e-9,0.014488873805080849
5,0.05038331567317271,7,8,42,6.346417272562725,-0.0006819531914427565,0.31975354483720353,-3.4359062918787985e-5,1.3775633994709785e-6,-2.3394548198837569e-7,2.460805843907374e-7,-2.462043832781984e-7,-2.4078330800662475e-7,-2.462043830660172e-7,-2.407833077120697e-7,2.477195962051626e-7,-2.4623184893546693e-7,0.0,0.0,0.0,0.0,0.0,0.0,0.0,0.0,9.424773284539898e-12,3.125374709409437e-9,0.014488873805080849
5,0.05038331567317271,7,6,43,6.346417272564412,-0.0006819531923355458,-0.3197535448372885,3.435906296376967e-5,1.377563360118308e-6,0.0,0.0,0.0,0.0,0.0,0.0,0.0,0.0,2.477195974406395e-7,-2.4623183377579873e-7,2.4620436866055005e-7,2.4078330913231174e-7,2.4620436777642807e-7,2.407833090234855e-7,-2.339454831907053e-7,2.460805696374396e-7,9.424773284539898e-12,3.125374709409437e-9,0.014488873805080849
5,0.05038331567317271,7,8,44,10.989672924120493,0.002019912232011069,0.5536961600808817,0.00010176987561751656,1.2119994592878792e-6,-3.5556378949218233e-11,-3.0729964642842783e-7,3.0295391686171903e-7,-4.3201188281806734e-9,3.029539171534496e-7,-4.320118552578625e-9,8.48349909353689e-9,2.986098913999892e-7,0.0,0.0,0.0,0.0,0.0,0.0,0.0,0.0,9.424773284539898e-12,3.125374709409437e-9,0.014488873805080849
5,0.05038331567317271,7,6,45,10.989672924111467,0.0020199122377057045,-0.553696160080427,-0.00010176987590443119,1.2119994315889138e-6,0.0,0.0,0.0,0.0,0.0,0.0,0.0,0.0,8.48350211574179e-9,2.9860988454306877e-7,-3.029539100819949e-7,4.320121865618005e-9,-3.0295390999562803e-7,4.320121699255758e-9,-3.555954327910013e-11,-3.0729963934537744e-7,9.424773284539898e-12,3.125374709409437e-9,0.014488873805080849
5,0.05038331567317271,7,6,46,8.969893749800047,0.0229477174815354,-0.45193298835099466,-0.001156182093850982,1.2011013088958599e-6,0.0,0.0,0.0,0.0,0.0,0.0,0.0,0.0,1.723586346946415e-8,-2.9554206155597583e-7,2.994737834355329e-7,2.1718908032130456e-8,2.994737822944219e-7,2.1718910411735253e-8,-2.6321742741481756e-8,3.033967926519885e-7,9.424773284539898e-12,3.125374709409437e-9,0.014488873805080849
5,0.05038331567317271,7,8,47,8.96989374979331,0.022947717480934413,0.45193298835065515,0.0011561820938207022,1.2011009511834622e-6,-2.6321805059134252e-8,3.033966961393005e-7,-2.9947368919592995e-7,-2.1718970831503334e-8,-2.994736881326091e-7,-2.17189728871999e-8,1.7235926390845042e-8,-2.9554196963588813e-7,0.0,0.0,0.0,0.0,0.0,0.0,0.0,0.0,9.424773284539898e-12,3.125374709409437e-9,0.014488873805080849
5,0.05038331567317271,7,6,48,11.035254055278552,0.043885237006607,-0.5559926886007586,-0.0022110837494958816,6.448424680539804e-7,0.0,0.0,0.0,0.0,0.0,0.0,0.0,0.0,1.5069355975741872e-7,5.052791276727903e-8,-5.340396322518282e-8,1.5209957742649675e-7,-5.3403963216953385e-8,1.520995773953811e-7,-1.5348422131169302e-7,-5.634084923114052e-8,9.424773284539898e-12,3.125374709409437e-9,0.014488873805080849
5,0.05038331567317271,7,8,49,11.035254055280058,0.04388523699837177,0.5559926886008345,0.002211083749080963,6.448424558487604e-7,-1.5348421838855667e-7,-5.634084823806673e-8,5.3403962326413954e-8,-1.5209957451519777e-7,5.3403962270518435e-8,-1.520995744869088e-7,1.5069355686199887e-7,5.052791191394468e-8,0.0,0.0,0.0,0.0,0.0,0.0,0.0,0.0,9.424773284539898e-12,3.125374709409437e-9,0.014488873805080849
5,0.05038331567317271,7,6,50,11.036332688919995,0.04386271720392326,-0.5560470337400111,-0.0022099491271683693,4.64088322417414e-7,0.0,0.0,0.0,0.0,0.0,0.0,0.0,0.0,-1.1431847468724422e-7,-3.965864035829441e-9,5.6617547583986345e-9,-1.1587804751955401e-7,5.66175482911858e-9,-1.1587804764031565e-7,1.1743534650051967e-7,7.403996316852814e-9,9.424773284539898e-12,3.125374709409437e-9,0.014488873805080849
5,0.05038331567317271,7,8,51,11.036332688925532,0.043862717187155606,0.5560470337402901,0.002209949126323559,4.64088318668215e-7,1.1743534558640591e-7,7.403995398356703e-9,-5.661753876774212e-9,1.1587804665075212e-7,-5.66175394148647e-9,1.1587804671909482e-7,-1.1431847381138239e-7,-3.965863183944021e-9,0.0,0.0,0.0,0.0,0.0,0.0,0.0,0.0,9.424773284539898e-12,3.125374709409437e-9,0.014488873805080849
5,0.05038331567317271,7,8,52,8.96805552820254,0.021168155263442404,0.45184037265197013,0.0010665218488567511,4.591556476498616e-7,-5.5678176838126476e-8,9.852775401874382e-8,-9.912226781761023e-8,-5.787877015970817e-8,-9.912227528523814e-8,-5.7878773495245886e-8,6.011901107539432e-8,-9.969362964853098e-8,0.0,0.0,0.0,0.0,0.0,0.0,0.0,0.0,9.424773284539898e-12,3.125374709409437e-9,0.014488873805080849
5,0.05038331567317271,7,6,53,8.968055528183772,0.021168155274661864,-0.4518403726510246,-0.0010665218494220247,4.5915558095982057e-7,0.0,0.0,0.0,0.0,0.0,0.0,0.0,0.0,6.011900055281843e-8,-9.96936165279673e-8,9.912225498692504e-8,5.7878759441650964e-8,9.912226184921125e-8,5.7878763065208645e-8,-5.5678166219652164e-8,9.852774086744435e-8,9.424773284539898e-12,3.125374709409437e-9,0.014488873805080849
5,0.05038331567317271,7,6,54,11.04187630070319,0.041018987811321725,-0.5563263392824533,-0.002066672611491846,2.1964242271768156e-7,0.0,0.0,0.0,0.0,0.0,0.0,0.0,0.0,3.948431566837666e-8,-3.927270753761588e-8,3.926796884436824e-8,3.8378376773168454e-8,3.926796869468285e-8,3.837837655073724e-8,-3.728814177043281e-8,3.9247875511315685e-8,9.424773284539898e-12,3.125374709409437e-9,0.014488873805080849
5,0.05038331567317271,7,8,55,11.041876300694675,0.041018987810159016,0.5563263392820244,0.002066672611433265,2.196424222820146e-7,-3.7288144028548116e-8,3.924787314539669e-8,-3.92679664026959e-8,-3.837837899171828e-8,-3.926796641349367e-8,-3.8378378851813955e-8,3.9484317931037575e-8,-3.927270518165382e-8,0.0,0.0,0.0,0.0,0.0,0.0,0.0,0.0,9.424773284539898e-12,3.125374709409437e-9,0.014488873805080849
5,0.05038331567317271,7,8,56,10.985907750668888,0.004373008680308436,0.5535064581583053,0.0002203266767815043,1.7440144187961485e-7,4.2277629005250235e-8,1.295874891285221e-8,-1.2185981400630601e-8,4.186052109677004e-8,-1.2185981371611537e-8,4.186052128564018e-8,-4.143853563502391e-8,-1.1429957092157191e-8,0.0,0.0,0.0,0.0,0.0,0.0,0.0,0.0,9.424773284539898e-12,3.125374709409437e-9,0.014488873805080849
5,0.05038331567317271,7,6,57,10.985907750667918,0.004373008683377311,-0.5535064581582565,-0.00022032667693612441,1.7440143598089742e-7,0.0,0.0,0.0,0.0,0.0,0.0,0.0,0.0,-4.143853363958172e-8,-1.1429958831559715e-8,1.2185983182882078e-8,-4.1860519086545494e-8,1.2185983122155662e-8,-4.1860519195693505e-8,4.227762689889542e-8,1.2958750706260654e-8,9.424773284539898e-12,3.125374709409437e-9,0.014488873805080849
5,0.05038331567317271,7,8,58,10.976469636872721,0.0008529927341407138,0.5530309346915537,4.297660219113427e-5,1.6878914791316546e-7,-3.8738613364939314e-8,-1.516918508867859e-8,1.5939353646003512e-8,-3.906878565644355e-8,1.5939353583886487e-8,-3.906878568065184e-8,3.939257910452051e-8,1.67251483808779e-8,0.0,0.0,0.0,0.0,0.0,0.0,0.0,0.0,9.424773284539898e-12,3.125374709409437e-9,0.014488873805080849
5,0.05038331567317271,7,6,59,10.976469636872277,0.0008529927339839261,-0.5530309346915314,-4.297660218323478e-5,1.6878914692271795e-7,0.0,0.0,0.0,0.0,0.0,0.0,0.0,0.0,3.939257759241249e-8,1.672515128866662e-8,-1.593935656193752e-8,3.906878418520042e-8,-1.593935649783818e-8,3.9068784238646955e-8,-3.873861196358473e-8,-1.516918800960619e-8,9.424773284539898e-12,3.125374709409437e-9,0.014488873805080849
5,0.05038331567317271,7,8,60,11.036530942612256,0.04157557850181259,0.5560570224183716,0.0020947154959515967,1.0812521937832402e-7,1.0851697152767059e-8,-2.517572874555787e-8,2.4971061415015302e-8,1.0347196731853334e-8,2.497106142342187e-8,1.0347196758996637e-8,-9.85268393499636e-9,2.4762253216934754e-8,0.0,0.0,0.0,0.0,0.0,0.0,0.0,0.0,9.424773284539898e-12,3.125374709409437e-9,0.014488873805080849
5,0.05038331567317271,7,6,61,11.036530942611437,0.04157557849911893,-0.5560570224183304,-0.002094715495815881,1.0812521690458268e-7,0.0,0.0,0.0,0.0,0.0,0.0,0.0,0.0,-9.852684171177951e-9,2.4762252467635787e-8,-2.4971060636344455e-8,-1.0347196976378024e-8,-2.4971060668354972e-8,-1.0347196984985036e-8,1.0851697386873672e-8,-2.517572796074021e-8,9.424773284539898e-12,3.125374709409437e-9,0.014488873805080849
5,0.05038331567317271,7,8,62,6.401479487720211,0.04369612870695015,0.3225277618051473,0.0022015558463378535,4.3897015287317024e-8,-3.1352242250289347e-9,-1.0679277303042799e-8,1.0484553445732585e-8,-3.2398064911159073e-9,1.0484553338516864e-8,-3.2398065836513935e-9,3.340194770699873e-9,1.029112456539916e-8,0.0,0.0,0.0,0.0,0.0,0.0,0.0,0.0,9.424773284539898e-12,3.125374709409437e-9,0.014488873805080849
5,0.05038331567317271,7,6,63,6.401479487719394,0.04369612870848291,-0.3225277618051062,-0.002201555846415079,4.389701178028487e-8,0.0,0.0,0.0,0.0,0.0,0.0,0.0,0.0,3.340195545500453e-9,1.0291123402742046e-8,-1.0484552292729091e-8,3.2398072806185935e-9,-1.0484552167740299e-8,3.2398073750559916e-9,-3.1352250310891724e-9,-1.0679276142069545e-8,9.424773284539898e-12,3.125374709409437e-9,0.014488873805080849
5,0.05038331567317271,7,6,64,8.588735256995363,0.023001411364628882,-0.43272895968650554,-0.0011588873697125992,5.526122877273378e-10,0.0,0.0,0.0,0.0,0.0,0.0,0.0,0.0,7.270101955890194e-11,1.1518135052270966e-10,-1.178528532384467e-10,7.207682057527837e-11,-1.178528548159263e-10,7.207681807220228e-11,-7.140547218115511e-11,-1.2055317883638886e-10,9.424773284539898e-12,3.125374709409437e-9,0.014488873805080849
5,0.05038331567317271,7,8,65,8.588735256997712,0.023001411367507937,0.43272895968662384,0.0011588873698576555,5.526121866974501e-10,-7.140546021195232e-11,-1.2055315613167557e-10,1.178528311996242e-10,-7.207680846165321e-11,1.178528321452385e-10,-7.20768064761691e-11,7.270100781608402e-11,1.1518132850967093e-10,0.0,0.0,0.0,0.0,0.0,0.0,0.0,0.0,9.424773284539898e-12,3.125374709409437e-9,0.014488873805080849
5,0.05038331567317271,7,8,66,13.001422875201541,0.04786495124897909,0.655054792921688,0.0024115949484583357,2.3634416038570343e-17,-5.973432933315563e-18,-1.7664651293527737e-19,8.41892333416274e-20,-5.914494313048852e-18,9.078189469704822e-20,-5.901037345770604e-18,5.8415426948771475e-18,3.08811161392737e-22,0.0,0.0,0.0,0.0,0.0,0.0,0.0,0.0,9.424773284539898e-12,3.125374709409437e-9,0.014488873805080849
5,0.05038331567317271,7,6,67,13.001422875186101,0.0478649513395496,-0.6550547929209101,-0.0024115949530215783,2.3023321287943737e-17,0.0,0.0,0.0,0.0,0.0,0.0,0.0,0.0,5.085040811232875e-18,2.530302351493259e-18,-2.6722854037897068e-18,5.094285851896077e-18,-2.642897987166191e-18,5.1162099451367466e-18,-5.123409242293384e-18,-2.7869739999716483e-18,9.424773284539898e-12,3.125374709409437e-9,0.014488873805080849
5,0.05038331567317271,7,6,68,6.792743384894391,0.046802300351033985,-0.3422409342479898,-0.0023580550728167873,5.2184310714256844e-18,0.0,0.0,0.0,0.0,0.0,0.0,0.0,0.0,1.1487385179318957e-18,-5.88554605758852e-19,5.808861500783181e-19,1.1686647717840773e-18,5.783603339318986e-19,1.1688042507735678e-18,-1.1888261746020734e-18,5.703320802381507e-19,9.424773284539898e-12,3.125374709409437e-9,0.014488873805080849
5,0.05038331567317271,7,8,69,6.792743384910058,0.046802300343301184,0.34224093424877916,0.002358055072427183,2.6815438193086213e-18,-1.4446266468579947e-19,-6.598744894944974e-19,6.493699538814678e-19,-1.5366714104134241e-19,6.555470332347642e-19,-1.5427273423052027e-19,1.6328478000510002e-19,6.449324196138319e-19,0.0,0.0,0.0,0.0,0.0,0.0,0.0,0.0,9.424773284539898e-12,3.125374709409437e-9,0.014488873805080849
5,0.05038331567317271,7,8,70,8.97167951335486,0.02471189355644216,0.4520229610398945,0.0012450671339360678,1.3038359179866086e-18,-2.3911483106915437e-19,2.282302234840572e-19,-2.283189969888114e-19,-2.3253664505587023e-19,-2.2839376995775825e-19,-2.326177112732326e-19,2.261295719331849e-19,-2.283896843810478e-19,0.0,0.0,0.0,0.0,0.0,0.0,0.0,0.0,9.424773284539898e-12,3.125374709409437e-9,0.014488873805080849
5,0.05038331567317271,7,6,71,8.971679513361789,0.024711893556044306,-0.45202296104024353,-0.001245067133916023,1.2065683633629528e-18,0.0,0.0,0.0,0.0,0.0,0.0,0.0,0.0,2.522178671464315e-19,-1.5764191977285457e-19,1.5627935817923288e-19,2.5800085334058745e-19,1.5626238787907262e-19,2.579775717378236e-19,-2.6382196142067817e-19,1.5479870129263914e-19,9.424773284539898e-12,3.125374709409437e-9,0.014488873805080849
5,0.05038331567317271,7,6,72,2.1595228074839152,0.046828925425589876,-0.10880391931287828,-0.0023593965323529583,2.462949664581999e-19,0.0,0.0,0.0,0.0,0.0,0.0,0.0,0.0,-1.9742213451440483e-21,6.085757993277245e-20,-6.118261695446565e-20,-4.0309428216814626e-21,-6.175289353929646e-20,-3.065604777584127e-21,5.1594153439487385e-21,-6.204703154059221e-20,9.424773284539898e-12,3.125374709409437e-9,0.014488873805080849
5,0.05038331567317271,7,8,73,2.159522807484242,0.04682892542527167,0.10880391931289475,0.0023593965323369264,2.0036853150562995e-19,4.329646808488397e-20,-2.6903757660867386e-20,2.712845716883204e-20,4.213865612871062e-20,2.796984375202445e-20,4.1517977661028164e-20,-4.037356748643375e-20,2.814847688280274e-20,0.0,0.0,0.0,0.0,0.0,0.0,0.0,0.0,9.424773284539898e-12,3.125374709409437e-9,0.014488873805080849
5,0.05038331567317271,7,8,74,8.98933707063929,0.02497551291389556,0.45291260732257305,0.0012583491512402018,7.873284111678317e-20,-6.879414979168225e-21,1.867947623594041e-20,-1.8515899002933393e-20,-6.463056827783312e-21,-1.860978361112473e-20,-6.624928711539146e-21,6.213542470082368e-21,-1.844297537352114e-20,0.0,0.0,0.0,0.0,0.0,0.0,0.0,0.0,9.424773284539898e-12,3.125374709409437e-9,0.014488873805080849
5,0.05038331567317271,7,8,75,10.980325796611421,-0.0007568236695127128,0.5532252208049548,-3.813128584998795e-5,2.0852468097070934e-20,-2.662218030054613e-22,-5.141503145706895e-21,5.2098049797527755e-21,-1.9468408096013685e-22,5.2088180134626025e-21,-1.9289512856246723e-22,1.1945831734059797e-22,5.276895501973627e-21,0.0,0.0,0.0,0.0,0.0,0.0,0.0,0.0,9.424773284539898e-12,3.125374709409437e-9,0.014488873805080849
5,0.05038331567317271,7,6,76,10.980325796610376,-0.0007568236687305815,-0.5532252208049022,3.813128581058158e-5,1.9869412540296666e-20,0.0,0.0,0.0,0.0,0.0,0.0,0.0,0.0,2.612804855008894e-22,5.02679846925054e-21,-4.956434823665209e-21,3.3041756395382344e-22,-4.956261065503238e-21,3.2386952925243003e-22,-3.911587698685262e-22,-4.885927904784854e-21,9.424773284539898e-12,3.125374709409437e-9,0.014488873805080849
5,0.05038331567317271,7,8,77,11.035287588349249,0.04397961006424972,0.555994378108045,0.002215838577050137,1.5018620763419385e-20,1.769257919528017e-21,-3.3723868476949886e-21,3.3500080567635175e-21,1.69852314328114e-21,3.3458044230089888e-21,1.700022709089568e-21,-1.6306102855792897e-21,3.3228435898530393e-21,0.0,0.0,0.0,0.0,0.0,0.0,0.0,0.0,9.424773284539898e-12,3.125374709409437e-9,0.014488873805080849
5,0.05038331567317271,7,8,78,4.355973339341192,0.0250608046738951,0.21946837981995154,0.0012626464329085789,1.34100774441546e-20,-8.087108737422802e-22,3.3008594745678043e-21,-3.270517276206624e-21,-7.477774798397125e-22,-3.2562132694287995e-21,-7.863295141186502e-22,7.263683357282705e-22,-3.226106504618395e-21,0.0,0.0,0.0,0.0,0.0,0.0,0.0,0.0,9.424773284539898e-12,3.125374709409437e-9,0.014488873805080849
5,0.05038331567317271,7,6,79,11.035287588349256,0.04397961006363019,-0.5559943781080453,-0.002215838577018923,1.136236043241831e-20,0.0,0.0,0.0,0.0,0.0,0.0,0.0,0.0,-1.0608624833198384e-21,2.59223181826412e-21,-2.6137766320006337e-21,-1.1143678021416052e-21,-2.6123502749912676e-21,-1.11279094798149e-21,1.167338736963381e-21,-2.6334170901308937e-21,9.424773284539898e-12,3.125374709409437e-9,0.014488873805080849
6,0.029088820866572156,8,7,0,0.32662915494840494,0.027835123798480244,-0.00950125697809399,-0.0008096909299728513,42.621227226747166,0.0,0.0,0.0,0.0,0.0,0.0,0.0,0.0,-7.870920863275018,6.957521973827973,-6.942998645225759,-8.082015958860447,-6.942998644654821,-8.082015958842621,8.295887607214386,-6.925241954357861,1.581737605963329e-11,2.7627356674770977e-8,0.005911940521694571
6,0.029088820866572156,8,9,1,0.3266291549529804,0.027835123799491365,0.009501256978227086,0.0008096909300022636,42.62122722523616,8.295887607080306,-6.925241953934513,6.942998644824827,8.082015958724925,6.942998644210267,8.082015958708359,-7.870920863139487,6.957521973405743,0.0,0.0,0.0,0.0,0.0,0.0,0.0,0.0,1.581737605963329e-11,2.7627356674770977e-8,0.005911940521694571
6,0.029088820866572156,8,7,2,0.2754249802999922,-0.02327505636103834,-0.008011787914125637,0.0006770439451456151,36.093218967846234,0.0,0.0,0.0,0.0,0.0,0.0,0.0,0.0,5.965356113245053,-6.9398679534506815,6.924920302818901,5.784234357108914,6.92492030232865,5.784234357176271,-5.605882106312158,6.907658404052753,1.581737605963329e-11,2.7627356674770977e-8,0.005911940521694571
6,0.029088820866572156,8,9,3,0.27542498030081664,-0.023275056359986113,0.00801178791414962,-0.000677043945115007,36.093218966317096,-5.605882106173422,6.907658403669152,-6.924920302458829,-5.78423435697361,-6.924920301920651,-5.784234357038331,5.965356113110747,-6.939867953066081,0.0,0.0,0.0,0.0,0.0,0.0,0.0,0.0,1.581737605963329e-11,2.7627356674770977e-8,0.005911940521694571
6,0.029088820866572156,8,7,4,11.69616413454171,0.0021151115694011888,-0.3402276233357098,-6.152610155512548e-5,3.446264378521831,0.0,0.0,0.0,0.0,0.0,0.0,0.0,0.0,-0.5982279135737533,0.6030322460691714,-0.6029779721000573,-0.615336890004172,-0.6029779716848993,-0.6153368895419243,0.632687007928581,-0.6026775147421315,1.581737605963329e-11,2.7627356674770977e-8,0.005911940521694571
6,0.029088820866572156,8,9,5,11.69616413456862,0.0021151115705660764,0.34022762333649254,6.152610158901069e-5,3.446264319315288,0.6326869911140243,-0.6026775107508613,0.6029779685945188,0.6153368729126606,0.6029779672144703,0.6153368730025788,-0.5982278967590525,0.6030322420777479,0.0,0.0,0.0,0.0,0.0,0.0,0.0,0.0,1.581737605963329e-11,2.7627356674770977e-8,0.005911940521694571
6,0.029088820866572156,8,7,6,11.691607191005579,-0.0022933504639601893,-0.34009506722148813,6.671086083040809e-5,3.37614150314674,0.0,0.0,0.0,0.0,0.0,0.0,0.0,0.0,0.6076732384177309,-0.6029023258951135,0.6028508059915839,0.590673681719744,0.6028508055748164,0.5906736812543657,-0.5739152176192605,0.6025629679907659,1.581737605963329e-11,2.7627356674770977e-8,0.005911940521694571
6,0.029088820866572156,8,9,7,11.69160719100317,-0.002293350487618806,0.3400950672214181,-6.671086151860936e-5,3.3761414445744924,-0.5739152007655582,0.6025629640016913,-0.6028508024881586,-0.5906736645902084,-0.6028508011065785,-0.5906736646745314,0.6076732215636486,-0.6029023219057852,0.0,0.0,0.0,0.0,0.0,0.0,0.0,0.0,1.581737605963329e-11,2.7627356674770977e-8,0.005911940521694571
6,0.029088820866572156,8,7,8,3.86688048572778,0.0021407393858176027,-0.11248299376177892,-6.227158451606394e-5,3.1894783910039854,0.0,0.0,0.0,0.0,0.0,0.0,0.0,0.0,-0.5641151605482059,0.5475224860302984,-0.5471726271698135,-0.5799455370855325,-0.5471726270534282,-0.5799455371715598,0.5959947363535264,-0.5465907462151415,1.581737605963329e-11,2.7627356674770977e-8,0.005911940521694571
6,0.029088820866572156,8,9,9,3.8668804857235157,0.0021407393887114892,0.11248299376165488,6.227158460024369e-5,3.189478390129254,0.5959947350791706,-0.5465907472472066,0.5471726282635904,0.5799455358191259,0.5471726280242681,0.5799455358891287,-0.5641151592733191,0.5475224870623333,0.0,0.0,0.0,0.0,0.0,0.0,0.0,0.0,1.581737605963329e-11,2.7627356674770977e-8,0.005911940521694571
6,0.029088820866572156,8,7,10,3.862694867239834,-0.0020217970071147173,-0.11236123905536724,5.881169096853172e-5,3.009861840038413,0.0,0.0,0.0,0.0,0.0,0.0,0.0,0.0,0.531749869941337,-0.5473847340004591,0.5470595410266162,0.5165980249782476,0.5470595409092092,0.5165980250649902,-0.5016649625798575,0.5465276649704671,1.581737605963329e-11,2.7627356674770977e-8,0.005911940521694571
6,0.029088820866572156,8,9,11,3.862694867242575,-0.0020217970072704747,0.11236123905544698,-5.881169097306252e-5,3.0098618395387953,-0.5016649613267427,0.5465276659821703,-0.5470595420997327,-0.5165980237330762,-0.5470595418597461,-0.5165980238037895,0.5317498686876638,-0.5473847350119125,0.0,0.0,0.0,0.0,0.0,0.0,0.0,0.0,1.581737605963329e-11,2.7627356674770977e-8,0.005911940521694571
6,0.029088820866572156,8,7,12,0.9534067590457849,0.019314392768668212,-0.027733478426861958,-0.0005618329113944062,2.004004503522411,0.0,0.0,0.0,0.0,0.0,0.0,0.0,0.0,-0.3852234071556999,0.30916222887938904,-0.30800803136597793,-0.3951051583956944,-0.3080080313354479,-0.3951051583976211,0.4051100812367455,-0.3066957671243409,1.581737605963329e-11,2.7627356674770977e-8,0.005911940521694571
6,0.029088820866572156,8,9,13,0.9534067590515644,0.01931439276903145,0.027733478427030077,0.0005618329114049724,2.004004503351101,0.4051100812354357,-0.30669576705670126,0.30800803129918125,0.39510515839475957,0.3080080312670904,0.39510515839528754,-0.38522340715377557,0.30916222881186356,0.0,0.0,0.0,0.0,0.0,0.0,0.0,0.0,1.581737605963329e-11,2.7627356674770977e-8,0.005911940521694571
6,0.029088820866572156,8,7,14,0.9241010010679072,-0.010068691806302706,-0.026881008482684356,0.0002928863723142622,1.4781394231603975,0.0,0.0,0.0,0.0,0.0,0.0,0.0,0.0,0.21817160462525423,-0.3047299026093494,0.30346324620010146,0.21083741443503956,0.3034632461788673,0.21083741444333642,-0.2036245926796832,0.3021122305301566,1.581737605963329e-11,2.7627356674770977e-8,0.005911940521694571
6,0.029088820866572156,8,9,15,0.9241010010692755,-0.010068691803593356,0.02688100848272416,-0.00029288637223545043,1.4781394229384905,-0.20362459268341154,0.302112230460169,-0.30346324613054,-0.210837414439159,-0.30346324610823505,-0.210837414446521,0.218171604628853,-0.30472990253914356,0.0,0.0,0.0,0.0,0.0,0.0,0.0,0.0,1.581737605963329e-11,2.7627356674770977e-8,0.005911940521694571
6,0.029088820866572156,8,9,16,4.444678081942635,0.04113179017683656,0.12929044453520883,0.001196475276375431,0.012515651151235093,0.0022408957186896877,-0.0022468444395119047,0.0022463215629084524,0.0021778787571412606,0.002246321562751702,0.002177878757148791,-0.0021157601499599697,0.0022449273549739316,0.0,0.0,0.0,0.0,0.0,0.0,0.0,0.0,1.581737605963329e-11,2.7627356674770977e-8,0.005911940521694571
6,0.029088820866572156,8,7,17,4.4446780819363045,0.04113179017981372,-0.12929044453502467,-0.001196475276462033,0.012515651147796089,0.0,0.0,0.0,0.0,0.0,0.0,0.0,0.0,-0.0021157601495070157,0.002244927354239992,-0.002246321562159669,-0.002177878756674992,-0.002246321562017486,-0.002177878756674596,0.0022408957182017686,-0.002246844438762939,1.581737605963329e-11,2.7627356674770977e-8,0.005911940521694571
6,0.029088820866572156,8,7,18,4.559604262300763,0.004725730846862258,-0.13263351160852577,-0.00013746593806801056,0.009281460222394525,0.0,0.0,0.0,0.0,0.0,0.0,0.0,0.0,-0.0016306873044183582,0.0016044594949621294,-0.0016037555140063612,-0.0016767599579772482,-0.0016037555124035197,-0.001676759958093474,0.0017234739796626601,-0.001602380699212642,1.581737605963329e-11,2.7627356674770977e-8,0.005911940521694571
6,0.029088820866572156,8,9,19,4.559604262309254,0.00472573084764822,0.13263351160877276,0.00013746593809087326,0.009281460173840815,0.0017234739745403572,-0.0016023806870144371,0.0016037555022593714,0.0016767599527153327,0.0016037554997585125,0.0016767599530885704,-0.001630687299278933,0.0016044594827660122,0.0,0.0,0.0,0.0,0.0,0.0,0.0,0.0,1.581737605963329e-11,2.7627356674770977e-8,0.005911940521694571
6,0.029088820866572156,8,7,20,4.557097371601813,0.002220277210829291,-0.13256058911405194,-6.458524605994571e-5,0.008606192591859619,0.0,0.0,0.0,0.0,0.0,0.0,0.0,0.0,0.0014817345359975707,-0.0016018540907563191,0.0015998654750258136,0.0014384460662575942,0.0015998654734200814,0.0014384460663265397,-0.0013957974276459315,0.0015973013513178175,1.581737605963329e-11,2.7627356674770977e-8,0.005911940521694571
6,0.029088820866572156,8,9,21,4.557097371599525,0.0022202772155151262,0.13256058911398538,6.458524619625112e-5,0.008606192544479356,-0.0013957974238432487,0.0015973013388187666,-0.0015998654629146977,-0.001438446062275047,-0.0015998654605254591,-0.0014384460626850452,0.0014817345321808866,-0.0016018540782481764,0.0,0.0,0.0,0.0,0.0,0.0,0.0,0.0,1.581737605963329e-11,2.7627356674770977e-8,0.005911940521694571
6,0.029088820866572156,8,7,22,4.3651234056556145,-0.03372891660217998,-0.12697629280759756,0.0009811344130643649,0.007163289801857274,0.0,0.0,0.0,0.0,0.0,0.0,0.0,0.0,0.0014679910371470874,-0.0010694455048229812,0.0010747935314017875,0.001432320942255587,0.0010747935313176974,0.001432320942298354,-0.0013970806502170319,0.0010795685435592986,1.581737605963329e-11,2.7627356674770977e-8,0.005911940521694571
6,0.029088820866572156,8,9,23,4.365123405657901,-0.0337289166082751,0.12697629280766407,-0.0009811344132416649,0.007163289798836875,-0.0013970806499091297,0.001079568542737259,-0.001074793530578876,-0.0014323209419381433,-0.0010747935304817764,-0.001432320941972525,0.0014679910368114485,-0.0010694455039862443,0.0,0.0,0.0,0.0,0.0,0.0,0.0,0.0,1.581737605963329e-11,2.7627356674770977e-8,0.005911940521694571
6,0.029088820866572156,8,9,24,4.398316632515222,0.002308810423723072,0.12794184463770017,6.716057283055499e-5,0.0064038356894475104,-0.000588360854168777,0.0014646428998515957,-0.001476913313193637,-0.0006176894747213953,-0.001476913313159127,-0.0006176894747082118,0.000647608811145147,-0.0014889365325689542,0.0,0.0,0.0,0.0,0.0,0.0,0.0,0.0,1.581737605963329e-11,2.7627356674770977e-8,0.005911940521694571
6,0.029088820866572156,8,7,25,4.398316632515551,0.0023088104190078437,-0.12794184463770975,-6.716057269339457e-5,0.006403835681987763,0.0,0.0,0.0,0.0,0.0,0.0,0.0,0.0,0.000647608809885206,-0.0014889365310637606,0.0014769133117321547,0.0006176894734261974,0.001476913311625144,0.0006176894734990315,-0.0005883608529245127,0.0014646428983608405,1.581737605963329e-11,2.7627356674770977e-8,0.005911940521694571
6,0.029088820866572156,8,9,26,12.276589870496851,0.040731794674904384,0.35711152359525716,0.0011848398788722912,0.003960551927038002,0.0006989398305279921,-0.0007210257602319361,0.0007205766134767617,0.000679002615484904,0.0007205766134048913,0.0006790026154628955,-0.0006593535767331734,0.0007198558079678079,0.0,0.0,0.0,0.0,0.0,0.0,0.0,0.0,1.581737605963329e-11,2.7627356674770977e-8,0.005911940521694571
6,0.029088820866572156,8,7,27,12.276589870467012,0.04073179462364285,-0.3571115235943892,-0.0011848398773811537,0.003960551921220636,0.0,0.0,0.0,0.0,0.0,0.0,0.0,0.0,-0.000659353574815913,0.0007198558077735541,-0.0007205766133279018,-0.0006790026135611057,-0.0007205766132064714,-0.000679002613514059,0.0006989398285727377,-0.0007210257600792608,1.581737605963329e-11,2.7627356674770977e-8,0.005911940521694571
6,0.029088820866572156,8,9,28,4.398527413964674,0.00720173200930059,0.12794797602152527,0.00020948989234760365,0.00345327155106374,0.0008180073826312751,-0.0003122258243483294,0.0003192174391291446,0.0008020869571817038,0.00031921743924552033,0.0008020869571393218,-0.0007862941544926188,0.0003258881937183074,0.0,0.0,0.0,0.0,0.0,0.0,0.0,0.0,1.581737605963329e-11,2.7627356674770977e-8,0.005911940521694571
6,0.029088820866572156,8,7,29,4.398527413968493,0.007201732008549053,-0.12794797602163635,-0.00020948989232574228,0.0034532715491711967,0.0,0.0,0.0,0.0,0.0,0.0,0.0,0.0,-0.0007862941541144852,0.00032588819338507736,-0.00031921743882468026,-0.0008020869567532092,-0.0003192174388798951,-0.0008020869568159334,0.0008180073822576686,-0.00031222582401120016,1.581737605963329e-11,2.7627356674770977e-8,0.005911940521694571
6,0.029088820866572156,8,7,30,12.389828069910957,0.004917462116293916,-0.36040548929326727,-0.00014304317461902855,0.003088333638707167,0.0,0.0,0.0,0.0,0.0,0.0,0.0,0.0,-0.0005295301817276186,0.0005468359945724078,-0.0005469725272171142,-0.0005448616811923775,-0.0005469725222006431,-0.0005448616797446246,0.0005604119246278653,-0.0005468910664299089,1.581737605963329e-11,2.7627356674770977e-8,0.005911940521694571
6,0.029088820866572156,8,9,31,12.38982806991818,0.004917462097695995,0.3604054892934774,0.00014304317407803693,0.0030883336195721618,0.0005604119205744987,-0.0005468910637230776,0.0005469725247074874,0.0005448616772693744,0.0005469725192868958,0.0005448616755547664,-0.0005295301776694356,0.0005468359918543331,0.0,0.0,0.0,0.0,0.0,0.0,0.0,0.0,1.581737605963329e-11,2.7627356674770977e-8,0.005911940521694571
6,0.029088820866572156,8,7,32,12.386635452204898,0.001832114792275144,-0.36031261980872026,-5.329405899948872e-5,0.0030083166288921263,0.0,0.0,0.0,0.0,0.0,0.0,0.0,0.0,0.0005324063070064983,-0.0005461992981993585,0.0005459000233131359,0.0005172617111022486,0.0005459000179423519,0.0005172617088873231,-0.0005023354316068747,0.000545393794713819,1.581737605963329e-11,2.7627356674770977e-8,0.005911940521694571
6,0.029088820866572156,8,9,33,12.386635452191872,0.001832114816984795,0.36031261980834134,5.3294059718263336e-5,0.003008316610632715,-0.0005023354291060554,0.0005453937908089603,-0.0005459000195467276,-0.0005172617086696065,-0.0005459000138870583,-0.0005172617063004298,0.0005324063044889266,-0.0005461992942815652,0.0,0.0,0.0,0.0,0.0,0.0,0.0,0.0,1.581737605963329e-11,2.7627356674770977e-8,0.005911940521694571
6,0.029088820866572156,8,9,34,12.228333734512741,0.0016073759898886514,0.35570780949990244,4.6756672235100075e-5,0.0022875552374182024,-0.00020093386974256243,0.0005268115296966654,-0.0005313783838797094,-0.00021133178917671696,-0.0005313783839514968,-0.0002113317888648322,0.00022194224273167974,-0.0005358606629129806,0.0,0.0,0.0,0.0,0.0,0.0,0.0,0.0,1.581737605963329e-11,2.7627356674770977e-8,0.005911940521694571
6,0.029088820866572156,8,7,35,12.22833373454248,0.0016073760160934744,-0.35570780950076747,-4.675667299736748e-5,0.0022875552047312165,0.0,0.0,0.0,0.0,0.0,0.0,0.0,0.0,0.00022194223369993623,-0.0005358606577838949,0.000531378378675061,0.00021133178000068772,0.0005313783787270063,0.000211331780037637,-0.00020093386077468575,0.0005268115243963364,1.581737605963329e-11,2.7627356674770977e-8,0.005911940521694571
6,0.029088820866572156,8,7,36,12.195024789540954,-0.03311055144122824,-0.3547388915663636,0.0009631468996673109,0.002145431242528235,0.0,0.0,0.0,0.0,0.0,0.0,0.0,0.0,0.0004639891022209414,-0.00028393045818669155,0.00028638564925843147,0.0004534690721093391,0.00028638564929794126,0.000453469072233656,-0.0004430635600993441,0.0002886594298376684,1.581737605963329e-11,2.7627356674770977e-8,0.005911940521694571
6,0.029088820866572156,8,9,37,12.195024789398165,-0.033110551522131465,0.35473889156221006,-0.0009631469020206902,0.002145431229918936,-0.00044306355620214076,0.0002886594301224779,-0.00028638564962629986,-0.00045346906816169007,-0.0002863856496382588,-0.0004534690682777027,0.0004639890982148479,-0.0002839304586120145,0.0,0.0,0.0,0.0,0.0,0.0,0.0,0.0,1.581737605963329e-11,2.7627356674770977e-8,0.005911940521694571
6,0.029088820866572156,8,9,38,12.227796762775137,0.0077841892393175,0.35569218962521687,0.00022643288637400532,0.0008747794401654133,0.0002119290461656229,-6.542601391107723e-5,6.745607957526188e-5,0.00020802004113332242,6.745607968321952e-5,0.0002080200408869081,-0.0002041380016382825,6.94029319381356e-5,0.0,0.0,0.0,0.0,0.0,0.0,0.0,0.0,1.581737605963329e-11,2.7627356674770977e-8,0.005911940521694571
6,0.029088820866572156,8,7,39,12.227796762698665,0.007784189226080755,-0.35569218962299237,-0.00022643288598896404,0.0008747794146181329,0.0,0.0,0.0,0.0,0.0,0.0,0.0,0.0,-0.0002041379967810477,6.940292613017212e-5,-6.745607378957394e-5,-0.00020802003611742183,-6.745607389243777e-5,-0.0002080200362264298,0.0002119290413499112,-6.54260081405784e-5,1.581737605963329e-11,2.7627356674770977e-8,0.005911940521694571
6,0.029088820866572156,8,7,40,8.046686093034722,0.026911467149151602,-0.2340686103298244,-0.0007828228471583122,0.00018148718288906889,0.0,0.0,0.0,0.0,0.0,0.0,0.0,0.0,-3.398650949323836e-5,2.9084555990540027e-5,-2.9008299642575167e-5,-3.488427418287319e-5,-2.9008299641829853e-5,-3.488427418280428e-5,3.5793639401096015e-5,-2.8918087264072446e-5,1.581737605963329e-11,2.7627356674770977e-8,0.005911940521694571
6,0.029088820866572156,8,9,41,8.04668609303487,0.02691146714880112,0.2340686103298287,0.000782822847148117,0.00018148718268518662,3.579363935652615e-5,-2.891808723848266e-5,2.9008299616143836e-5,3.4884274137224965e-5,2.9008299616283502e-5,3.488427413908254e-5,-3.3986509448462985e-5,2.9084555964142773e-5,0.0,0.0,0.0,0.0,0.0,0.0,0.0,0.0,1.581737605963329e-11,2.7627356674770977e-8,0.005911940521694571
6,0.029088820866572156,8,9,42,7.997202717215793,-0.022299669612743964,0.2326291972747543,-0.0006486710947488516,0.00014872584196340608,-2.2522191570590973e-5,2.8922769643069838e-5,-2.9008672758850555e-5,-2.3255530397620142e-5,-2.9008672756068862e-5,-2.325553039817482e-5,2.4000470833377878e-5,-2.908527133939729e-5,0.0,0.0,0.0,0.0,0.0,0.0,0.0,0.0,1.581737605963329e-11,2.7627356674770977e-8,0.005911940521694571
6,0.029088820866572156,8,7,43,7.997202717216188,-0.022299669610904866,-0.2326291972747658,0.0006486710946953545,0.00014872584180764055,0.0,0.0,0.0,0.0,0.0,0.0,0.0,0.0,2.400047081291973e-5,-2.908527130551687e-5,2.900867272610159e-5,2.3255530377121738e-5,2.900867272167897e-5,2.325553037790553e-5,-2.252219155028413e-5,2.8922769609796795e-5,1.581737605963329e-11,2.7627356674770977e-8,0.005911940521694571
6,0.029088820866572156,8,7,44,8.062322157131431,0.02311483032796499,-0.2345234449973918,-0.0006723831587713829,0.00012872135934308853,0.0,0.0,0.0,0.0,0.0,0.0,0.0,0.0,2.0932088305984926e-5,-2.5040398600555267e-5,2.4978208427148272e-5,2.0286937708806496e-5,2.4978208428566097e-5,2.0286937706502008e-5,-1.9651776769217946e-5,2.490790148205446e-5,1.581737605963329e-11,2.7627356674770977e-8,0.005911940521694571
6,0.029088820866572156,8,9,45,8.062322157129529,0.02311483033025729,0.2345234449973365,0.0006723831588380632,0.00012872135931624615,-1.965177683921618e-5,2.490790141617811e-5,-2.4978208359349224e-5,-2.028693777359015e-5,-2.4978208364770266e-5,-2.0286937782417237e-5,2.09320883767249e-5,-2.5040398534856904e-5,0.0,0.0,0.0,0.0,0.0,0.0,0.0,0.0,1.581737605963329e-11,2.7627356674770977e-8,0.005911940521694571
6,0.029088820866572156,8,7,46,8.015256047087608,-0.017913607858503114,-0.23315434735344065,0.0005210857300700163,8.881643855527358e-5,0.0,0.0,0.0,0.0,0.0,0.0,0.0,0.0,-1.8625690037261795e-5,1.1502606216554084e-5,-1.1398081092638877e-5,-1.9054053142509606e-5,-1.1398081091764051e-5,-1.905405314015687e-5,1.9486973953299283e-5,-1.1285933435082543e-5,1.581737605963329e-11,2.7627356674770977e-8,0.005911940521694571
6,0.029088820866572156,8,9,47,8.015256047092564,-0.017913607857821583,0.2331543473535848,-0.0005210857300501914,8.881643828424108e-5,1.9486973893612703e-5,-1.1285933402538126e-5,1.1398081061483413e-5,1.905405308432154e-5,1.1398081057932666e-5,1.9054053079303154e-5,-1.862568997791365e-5,1.1502606184091473e-5,0.0,0.0,0.0,0.0,0.0,0.0,0.0,0.0,1.581737605963329e-11,2.7627356674770977e-8,0.005911940521694571
6,0.029088820866572156,8,9,48,8.057440642955298,0.02603907400005609,0.23438144750596462,0.0007574459591190481,7.943996315182809e-5,9.479223434654261e-6,-1.777180809031886e-5,1.7652694491234262e-5,9.097372050312343e-6,1.7652694490279842e-5,9.097372055029591e-6,-8.72258102038841e-6,1.7529940530256556e-5,0.0,0.0,0.0,0.0,0.0,0.0,0.0,0.0,1.581737605963329e-11,2.7627356674770977e-8,0.005911940521694571
6,0.029088820866572156,8,7,49,8.057440642952693,0.026039073998083737,-0.23438144750588888,-0.0007574459590616746,7.943996310424114e-5,0.0,0.0,0.0,0.0,0.0,0.0,0.0,0.0,-8.722580976019374e-6,1.75299405404038e-5,-1.765269450103483e-5,-9.097372008717342e-6,-1.7652694500219852e-5,-9.097372006415155e-6,9.479223388780735e-6,-1.777180809990753e-5,1.581737605963329e-11,2.7627356674770977e-8,0.005911940521694571
6,0.029088820866572156,8,9,50,11.594354424224676,-0.002054723976671724,0.33726609890981996,-5.9769497687654567e-5,5.949505367345638e-5,-7.84236678046535e-6,1.2390944032581931e-5,-1.245365873724044e-5,-8.130996520007456e-6,-1.2453658737412013e-5,-8.130996515745912e-6,8.424607068003986e-6,-1.2513120047427016e-5,0.0,0.0,0.0,0.0,0.0,0.0,0.0,0.0,1.581737605963329e-11,2.7627356674770977e-8,0.005911940521694571
6,0.029088820866572156,8,7,51,11.594354424225907,-0.0020547239768934564,-0.33726609890985576,5.97694976941045e-5,5.949505323646137e-5,0.0,0.0,0.0,0.0,0.0,0.0,0.0,0.0,8.424607182918862e-6,-1.2513119842672783e-5,1.2453658532184318e-5,8.130996633396977e-6,1.2453658532462808e-5,8.130996630549793e-6,-7.842366893854052e-6,1.2390943827361491e-5,1.581737605963329e-11,2.7627356674770977e-8,0.005911940521694571
6,0.029088820866572156,8,7,52,8.003538047594573,-0.021819657900220755,-0.23281348456527318,0.0006347081200294075,3.871988209248034e-5,0.0,0.0,0.0,0.0,0.0,0.0,0.0,0.0,8.965158802682336e-6,-4.000752117927005e-6,4.069193741978662e-6,8.78260345971256e-6,4.069193740517437e-6,8.782603461928121e-6,-8.60167509377327e-6,4.134121997821686e-6,1.581737605963329e-11,2.7627356674770977e-8,0.005911940521694571
6,0.029088820866572156,8,9,53,8.003538047596843,-0.02181965789919273,0.2328134845653392,-0.0006347081199995035,3.871988185342638e-5,-8.601675043730826e-6,4.134121964593135e-6,-4.069193709919965e-6,-8.782603409529235e-6,-4.0691937060877685e-6,-8.78260341118154e-6,8.965158751795666e-6,-4.000752084658378e-6,0.0,0.0,0.0,0.0,0.0,0.0,0.0,0.0,1.581737605963329e-11,2.7627356674770977e-8,0.005911940521694571
6,0.029088820866572156,8,9,54,11.598460964014016,0.001990392565063802,0.33738555331013353,5.7898172779298e-5,3.572017077582087e-5,5.442825620911727e-6,-7.238830427097944e-6,7.212369140762056e-6,5.264923658865234e-6,7.212369132765015e-6,5.264923667532952e-6,-5.08990623172586e-6,7.183801299866753e-6,0.0,0.0,0.0,0.0,0.0,0.0,0.0,0.0,1.581737605963329e-11,2.7627356674770977e-8,0.005911940521694571
6,0.029088820866572156,8,7,55,11.598460964015018,0.0019903925633536143,-0.3373855533101627,-5.7898172729550654e-5,3.572017013162818e-5,0.0,0.0,0.0,0.0,0.0,0.0,0.0,0.0,-5.089906345597277e-6,7.183801019317913e-6,-7.212368855254104e-6,-5.2649237723061605e-6,-7.212368855729526e-6,-5.264923778345434e-6,5.4428257313381085e-6,-7.2388301451775114e-6,1.581737605963329e-11,2.7627356674770977e-8,0.005911940521694571
6,0.029088820866572156,8,7,56,8.668299368777358,0.0200537374927883,-0.25215060755618507,-0.0005833395776329806,2.972668340500868e-6,0.0,0.0,0.0,0.0,0.0,0.0,0.0,0.0,-5.815927763542591e-7,4.4563692676624414e-7,-4.435957052268052e-7,-5.962088137268515e-7,-4.43595705481787e-7,-5.962088132786897e-7,6.110022412333424e-7,-4.413159649382659e-7,1.581737605963329e-11,2.7627356674770977e-8,0.005911940521694571
6,0.029088820866572156,8,9,57,8.668299368776863,0.02005373749137062,0.25215060755617064,0.000583339577591742,2.9726683373357958e-6,6.110022384356876e-7,-4.4131596746521153e-7,4.4359570775843464e-7,5.962088108512674e-7,4.435957079211359e-7,5.962088104830674e-7,-5.815927734819557e-7,4.456369292092738e-7,0.0,0.0,0.0,0.0,0.0,0.0,0.0,0.0,1.581737605963329e-11,2.7627356674770977e-8,0.005911940521694571
6,0.029088820866572156,8,9,58,8.637501456170762,-0.0106687494321911,0.25125473259330744,-0.0003103413411033503,2.0593240589131453e-6,-2.600364347538177e-7,4.3590724682445937e-7,-4.383409346262996e-7,-2.6996610830944945e-7,-4.383409344420781e-7,-2.6996610856448927e-7,2.8007109688559703e-7,-4.406666007385308e-7,0.0,0.0,0.0,0.0,0.0,0.0,0.0,0.0,1.581737605963329e-11,2.7627356674770977e-8,0.005911940521694571
6,0.029088820866572156,8,7,59,8.637501456171245,-0.01066874943017048,-0.2512547325933215,0.0003103413410445729,2.0593240475150846e-6,0.0,0.0,0.0,0.0,0.0,0.0,0.0,0.0,2.800710961488681e-7,-4.4066659785498424e-7,4.3834093174467874e-7,2.699661075318027e-7,4.383409315439203e-7,2.699661078579765e-7,-2.6003643400785647e-7,4.3590724392798266e-7,1.581737605963329e-11,2.7627356674770977e-8,0.005911940521694571
6,0.029088820866572156,8,9,60,8.68614436124907,0.015913145811191777,0.25266969734556005,0.00046289464792540066,1.9868838484601712e-6,-3.384816529346286e-7,3.539175225189778e-7,-3.540666388486342e-7,-3.483444582390358e-7,-3.5406663927938363e-7,-3.483444585322596e-7,3.5834886260933616e-7,-3.54076389497289e-7,0.0,0.0,0.0,0.0,0.0,0.0,0.0,0.0,1.581737605963329e-11,2.7627356674770977e-8,0.005911940521694571
6,0.029088820866572156,8,7,61,8.68614436125227,0.015913145807153972,-0.2526696973456531,-0.0004628946478079457,1.986883832329241e-6,0.0,0.0,0.0,0.0,0.0,0.0,0.0,0.0,3.583488594897263e-7,-3.5407638695359173e-7,3.54066636153256e-7,3.4834445510045125e-7,3.540666368220289e-7,3.483444554067765e-7,-3.384816497924535e-7,3.5391751990930346e-7,1.581737605963329e-11,2.7627356674770977e-8,0.005911940521694571
6,0.029088820866572156,8,9,62,8.683981904547093,0.018242213109619106,0.2526067940299245,0.0005306444693555444,1.1341390744631537e-6,1.545978708313934e-7,-2.4246502994183546e-7,2.411923137381322e-7,1.4903085375272774e-7,2.411923136529198e-7,1.4903085422261625e-7,-1.4356030214491466e-7,2.398599658143398e-7,0.0,0.0,0.0,0.0,0.0,0.0,0.0,0.0,1.581737605963329e-11,2.7627356674770977e-8,0.005911940521694571
6,0.029088820866572156,8,7,63,8.683981904543494,0.01824221310694652,-0.2526067940298198,-0.0005306444692778021,1.134139068545951e-6,0.0,0.0,0.0,0.0,0.0,0.0,0.0,0.0,-1.4356029807161912e-7,2.398599666059906e-7,-2.4119231463845916e-7,-1.4903084982225434e-7,-2.4119231433813654e-7,-1.4903084996003256e-7,1.5459786671066216e-7,-2.424650307347789e-7,1.581737605963329e-11,2.7627356674770977e-8,0.005911940521694571
6,0.029088820866572156,8,9,64,5.103721972846174,0.004221566678243048,0.14846125422091058,0.00012280039687970207,1.0534586763844386e-6,-2.424274760814895e-7,-9.299971070814321e-8,9.779216659756257e-8,-2.4452138258534355e-7,9.779216594545672e-8,-2.44521382861159e-7,2.4657615293809745e-7,1.0268242257031042e-7,0.0,0.0,0.0,0.0,0.0,0.0,0.0,0.0,1.581737605963329e-11,2.7627356674770977e-8,0.005911940521694571
6,0.029088820866572156,8,7,65,5.103721972846474,0.0042215666780389335,-0.14846125422091933,-0.00012280039687376462,1.0534586717589304e-6,0.0,0.0,0.0,0.0,0.0,0.0,0.0,0.0,2.465761523697154e-7,1.0268242074613585e-7,-9.779216471305655e-8,2.4452138219399697e-7,-9.779216417186642e-8,2.445213822255729e-7,-2.424274756205337e-7,-9.29997088730619e-8,1.581737605963329e-11,2.7627356674770977e-8,0.005911940521694571
6,0.029088820866572156,8,7,66,12.176428005624972,0.040971471847316615,-0.35419793305033725,-0.001191811805206397,9.861999970036573e-7,0.0,0.0,0.0,0.0,0.0,0.0,0.0,0.0,-9.78491969808359e-8,2.225116674058998e-7,-2.2425440242633912e-7,-1.0242454647880164e-7,-2.2425440272272548e-7,-1.0242454660216484e-7,1.0708958966397365e-7,-2.259561499844782e-7,1.581737605963329e-11,2.7627356674770977e-8,0.005911940521694571
6,0.029088820866572156,8,9,67,12.176428005633635,0.0409714718401835,0.3541979330505893,0.0011918118049989033,9.861999876758269e-7,1.0708958731666435e-7,-2.259561484904358e-7,2.242544009157748e-7,1.0242454413852507e-7,2.2425440123136333e-7,1.0242454428914712e-7,-9.784919467506166e-8,2.225116658978703e-7,0.0,0.0,0.0,0.0,0.0,0.0,0.0,0.0,1.581737605963329e-11,2.7627356674770977e-8,0.005911940521694571
6,0.029088820866572156,8,7,68,8.660497969611306,-0.00619701046289273,-0.25192367405333516,0.00018026372726336003,9.623488166273924e-7,0.0,0.0,0.0,0.0,0.0,0.0,0.0,0.0,-1.833761684742204e-7,1.5045155684171623e-7,-1.4994854327094048e-7,-1.881272185990772e-7,-1.499485431060926e-7,-1.8812721808859946e-7,1.929382325773016e-7,-1.4937026665948466e-7,1.581737605963329e-11,2.7627356674770977e-8,0.005911940521694571
6,0.029088820866572156,8,9,69,8.66049796961972,-0.006197010459962626,0.2519236740535799,-0.00018026372717812675,9.62348813413493e-7,1.9293823201666553e-7,-1.4937026604297282e-7,1.4994854262963249e-7,1.8812721800364523e-7,1.4994854254185706e-7,1.881272175901778e-7,-1.833761679404782e-7,1.5045155625246064e-7,0.0,0.0,0.0,0.0,0.0,0.0,0.0,0.0,1.581737605963329e-11,2.7627356674770977e-8,0.005911940521694571
6,0.029088820866572156,8,9,70,5.1061562588434874,0.006653974978051022,0.14853206473022446,0.00019355628618717956,5.29804409698617e-7,3.7091579104413646e-8,1.2910827158776998e-7,-1.2676545923243104e-7,3.836742087807937e-8,-1.2676545884823243e-7,3.836742108532691e-8,-3.9592553605811565e-8,-1.2443798332481406e-7,0.0,0.0,0.0,0.0,0.0,0.0,0.0,0.0,1.581737605963329e-11,2.7627356674770977e-8,0.005911940521694571
6,0.029088820866572156,8,7,71,5.106156258844359,0.006653974977110011,-0.1485320647302498,-0.00019355628615980668,5.298044043696408e-7,0.0,0.0,0.0,0.0,0.0,0.0,0.0,0.0,-3.9592553118709916e-8,-1.2443798208635343e-7,1.2676545800121033e-7,-3.836742037575262e-8,1.2676545759920892e-7,-3.836742058427841e-8,3.709157858726999e-8,1.2910827034571136e-7,1.581737605963329e-11,2.7627356674770977e-8,0.005911940521694571
6,0.029088820866572156,8,7,72,8.653002746603656,-0.009193127274905542,-0.2517056468539106,0.00026741723250332594,4.044895822414881e-7,0.0,0.0,0.0,0.0,0.0,0.0,0.0,0.0,8.78394335758382e-8,-5.293631108617403e-8,5.3412644478125716e-8,8.585922166046741e-8,5.34126442247881e-8,8.585922188519256e-8,-8.390036815839658e-8,5.385462965819806e-8,1.581737605963329e-11,2.7627356674770977e-8,0.005911940521694571
6,0.029088820866572156,8,9,73,8.653002746606772,-0.009193127271209592,0.25170564685400126,-0.0002674172323958151,4.044895769492866e-7,-8.390036734674456e-8,5.385462850725188e-8,-5.3412643337814546e-8,-8.585922084656329e-8,-5.3412643047443935e-8,-8.585922102470799e-8,8.783943271261525e-8,-5.2936309919638806e-8,0.0,0.0,0.0,0.0,0.0,0.0,0.0,0.0,1.581737605963329e-11,2.7627356674770977e-8,0.005911940521694571
6,0.029088820866572156,8,9,74,12.288450719126574,0.0017514758507533104,0.3574565416963727,5.094836727469011e-5,1.9301884342206747e-7,-3.979825503564306e-8,2.6066402206142354e-8,-2.5864104023634594e-8,-4.0734904444965396e-8,-2.586410405453787e-8,-4.0734904507777647e-8,4.168189629835422e-8,-2.5645509840984814e-8,0.0,0.0,0.0,0.0,0.0,0.0,0.0,0.0,1.581737605963329e-11,2.7627356674770977e-8,0.005911940521694571
6,0.029088820866572156,8,7,75,12.288450719126336,0.0017514758460115687,-0.35745654169636576,-5.094836713675844e-5,1.9301883733590233e-7,0.0,0.0,0.0,0.0,0.0,0.0,0.0,0.0,4.168189566470843e-8,-2.5645507990465233e-8,2.586410221123662e-8,4.0734903799325497e-8,2.586410217484949e-8,4.073490389261325e-8,-3.979825440900122e-8,2.606640036429975e-8,1.581737605963329e-11,2.7627356674770977e-8,0.005911940521694571
6,0.029088820866572156,8,9,76,12.129358175562848,0.0025534698258044067,0.3528287271954401,7.427742635102159e-5,1.855349716057564e-7,-1.492707107461544e-8,4.3225342995423334e-8,-4.3622430475592234e-8,-1.5758174849618294e-8,-4.3622430340570134e-8,-1.575817482090072e-8,1.6606726303449087e-8,-4.401321106044165e-8,0.0,0.0,0.0,0.0,0.0,0.0,0.0,0.0,1.581737605963329e-11,2.7627356674770977e-8,0.005911940521694571
6,0.029088820866572156,8,7,77,12.129358175563523,0.002553469823132211,-0.35282872719545977,-7.427742627329057e-5,1.8553494974210732e-7,0.0,0.0,0.0,0.0,0.0,0.0,0.0,0.0,1.6606727815324494e-8,-4.401320468446706e-8,4.3622424185357095e-8,1.5758176260978366e-8,4.3622423923550043e-8,1.575817640737071e-8,-1.4927072562819408e-8,4.322533666378054e-8,1.581737605963329e-11,2.7627356674770977e-8,0.005911940521694571
6,0.029088820866572156,8,7,78,12.292037392447298,0.005323904532896745,-0.35756087379410617,-0.00015486610526816493,1.0951963681218365e-7,0.0,0.0,0.0,0.0,0.0,0.0,0.0,0.0,2.83096837595704e-10,2.6992621736835685e-8,-2.7378357528992206e-8,-1.0008927561241391e-10,-2.73783575304444e-8,-1.0008925589643828e-10,4.942267038722496e-10,-2.776405109713127e-8,1.581737605963329e-11,2.7627356674770977e-8,0.005911940521694571
6,0.029088820866572156,8,9,79,12.292037392452464,0.0053239045344750935,0.35756087379425644,0.0001548661053140772,1.0951963617522027e-7,4.942255639088791e-10,-2.776405093787152e-8,2.737835740937067e-8,1.0008811826005258e-10,2.737835734014279e-8,1.0008814513732782e-10,2.8309796596167306e-10,2.6992621585766823e-8,0.0,0.0,0.0,0.0,0.0,0.0,0.0,0.0,1.581737605963329e-11,2.7627356674770977e-8,0.005911940521694571
7,0.01679443855772424,9,8,0,0.32056900936878296,0.0652138106826433,-0.005383776531354552,-0.0010952293366247136,75.00227624360792,0.0,0.0,0.0,0.0,0.0,0.0,0.0,0.0,-12.849830197988563,13.290122785357202,-13.293723514417646,-13.22216339218949,-13.29372351342774,-13.222163392161068,13.599813017784118,-13.292034313843507,2.4042959344864044e-11,1.945915143321779e-6,0.015090715383149874
7,0.01679443855772424,9,10,1,0.3205690093790814,0.0652138106864929,0.0053837765315275085,0.0010952293366893655,75.00227624352614,13.59981301778426,-13.292034313813797,13.293723514386786,13.222163392189627,13.293723513399023,13.222163392162857,-12.849830197990338,13.29012278532736,0.0,0.0,0.0,0.0,0.0,0.0,0.0,0.0,2.4042959344864044e-11,1.945915143321779e-6,0.015090715383149874
7,0.01679443855772424,9,10,2,2.128253462338704,0.005891224867956214,0.03574282200851125,9.893981407462775e-5,4.344400019908166,0.8812042545557044,-0.6609152215484563,0.6638575829173937,0.8595280075057329,0.6638575828635985,0.8595280074841516,-0.8381172346945213,0.6664560799345522,0.0,0.0,0.0,0.0,0.0,0.0,0.0,0.0,2.4042959344864044e-11,1.945915143321779e-6,0.015090715383149874
7,0.01679443855772424,9,8,3,2.128253462337995,0.005891224867950552,-0.035742822008499334,-9.893981407453265e-5,4.344400019813496,0.0,0.0,0.0,0.0,0.0,0.0,0.0,0.0,-0.8381172346869399,0.6664560799058562,-0.6638575828865195,-0.8595280074965986,-0.6638575828373015,-0.8595280074776271,0.8812042545476348,-0.6609152215199882,2.4042959344864044e-11,1.945915143321779e-6,0.015090715383149874
7,0.01679443855772424,9,8,4,6.744733678223497,0.004577447787958891,-0.11327401534713794,-7.687566562606633e-5,3.298019532127887,0.0,0.0,0.0,0.0,0.0,0.0,0.0,0.0,-0.5947125459441376,0.5541680905845506,-0.5534733036178711,-0.6110708950902323,-0.5534733035946001,-0.6110708950530819,0.62765058462628,-0.5525340440019946,2.4042959344864044e-11,1.945915143321779e-6,0.015090715383149874
7,0.01679443855772424,9,10,5,6.744733678224415,0.004577447782950134,0.11327401534715335,7.687566554194706e-5,3.298019531027131,0.627650583945708,-0.5525340443432571,0.5534733039764645,0.6110708944271792,0.5534733039188313,0.6110708943552505,-0.5947125452636863,0.554168090925842,0.0,0.0,0.0,0.0,0.0,0.0,0.0,0.0,2.4042959344864044e-11,1.945915143321779e-6,0.015090715383149874
7,0.01679443855772424,9,8,6,6.720498406636521,-0.002329631209313822,-0.1128669975675407,3.91248482069778e-5,2.699388815917445,0.0,0.0,0.0,0.0,0.0,0.0,0.0,0.0,0.4808552825954025,-0.48704628984234566,0.4868645984765935,0.46726446458602405,0.4868645984604981,0.467264464550979,-0.45386835499221867,0.48649596236744136,2.4042959344864044e-11,1.945915143321779e-6,0.015090715383149874
7,0.01679443855772424,9,10,7,6.720498406634369,-0.0023296312107362604,0.11286699756750457,-3.912484823086686e-5,2.699388815074238,-0.45386835432540884,0.486495962715214,-0.48686459884127475,-0.46726446393666055,-0.486864598791508,-0.4672644638667782,0.480855281928506,-0.4870462901899969,0.0,0.0,0.0,0.0,0.0,0.0,0.0,0.0,2.4042959344864044e-11,1.945915143321779e-6,0.015090715383149874
7,0.01679443855772424,9,10,8,2.1020346099595995,-0.0020904120966143205,0.035302491103176334,-3.510729751691271e-5,2.419699610309687,-0.39150232897954174,0.449911280898289,-0.45065720484024235,-0.40349180452774164,-0.450657204811936,-0.4034918045154884,0.41566151065905893,-0.4512416959858958,0.0,0.0,0.0,0.0,0.0,0.0,0.0,0.0,2.4042959344864044e-11,1.945915143321779e-6,0.015090715383149874
7,0.01679443855772424,9,8,9,2.1020346099594294,-0.0020904120968112602,-0.035302491103173475,3.5107297520220206e-5,2.419699610213567,0.0,0.0,0.0,0.0,0.0,0.0,0.0,0.0,0.4156615106469879,-0.4512416959644593,0.4506572048168954,0.4034918045145994,0.45065720479228566,0.4034918045045995,-0.3915023289675903,0.449911280876727,2.4042959344864044e-11,1.945915143321779e-6,0.015090715383149874
7,0.01679443855772424,9,8,10,2.2561956522145703,0.1256074861760086,-0.03789153925532217,-0.002109507208973173,0.4267655652133908,0.0,0.0,0.0,0.0,0.0,0.0,0.0,0.0,-0.01453100979373382,0.10417951689634351,-0.10544417601628857,-0.016230855606856668,-0.10544417601168175,-0.016230855610371277,0.017972877793757815,-0.10670233435410988,2.4042959344864044e-11,1.945915143321779e-6,0.015090715383149874
7,0.01679443855772424,9,10,11,2.256195652214806,0.1256074861760031,0.03789153925532613,0.0021095072089730806,0.4267655652103546,0.01797287779374912,-0.10670233435335202,0.10544417601550164,0.01623085560685267,0.10544417601094169,0.016230855610315256,-0.014531009793683543,0.10417951689557393,0.0,0.0,0.0,0.0,0.0,0.0,0.0,0.0,2.4042959344864044e-11,1.945915143321779e-6,0.015090715383149874
7,0.01679443855772424,9,10,12,6.873631035091915,0.12654229126148153,0.11543877408731763,0.0021252067355445967,0.11265586236217462,-0.003339329944005753,-0.028367762785858834,0.027920076617761736,-0.0036876790013614415,0.027920076617165283,-0.0036876789997197963,0.004024859731853621,0.027473863287009667,0.0,0.0,0.0,0.0,0.0,0.0,0.0,0.0,2.4042959344864044e-11,1.945915143321779e-6,0.015090715383149874
7,0.01679443855772424,9,8,13,6.8736310350876835,0.12654229126583671,-0.11543877408724657,-0.0021252067356177396,0.11265586233868746,0.0,0.0,0.0,0.0,0.0,0.0,0.0,0.0,0.004024859735367839,0.027473863280667206,-0.027920076611585565,0.003687679005122812,-0.027920076610532113,0.0036876790032623124,-0.0033393299477985517,-0.02836776277939268,2.4042959344864044e-11,1.945915143321779e-6,0.015090715383149874
7,0.01679443855772424,9,8,14,4.508273885596996,0.06511130743999616,-0.07571392877305147,-0.0010935078522141086,0.002315786936612731,0.0,0.0,0.0,0.0,0.0,0.0,0.0,0.0,-0.00041611855196390827,0.0003906985764043578,-0.0003902541328386579,-0.00042760673803702063,-0.00039025413280186644,-0.00042760673803199546,0.00043925099154351686,-0.00038963861532740317,2.4042959344864044e-11,1.945915143321779e-6,0.015090715383149874
7,0.01679443855772424,9,10,15,4.508273885594585,0.06511130743884708,0.07571392877301097,0.0010935078521948105,0.0023157869365257816,0.0004392509915697004,-0.00038963861526486763,0.0003902541327762595,0.0004276067380639088,0.0003902541327400033,0.0004276067380596564,-0.00041611855199225615,0.0003906985763426614,0.0,0.0,0.0,0.0,0.0,0.0,0.0,0.0,2.4042959344864044e-11,1.945915143321779e-6,0.015090715383149874
7,0.01679443855772424,9,8,16,4.544729939298125,0.059776227807414574,-0.07632618772699218,-0.0010039081851241512,0.0010914701271871323,0.0,0.0,0.0,0.0,0.0,0.0,0.0,0.0,0.00016080764275808832,-0.00022522382762742952,0.00022428149360083607,0.0001553932351825302,0.00022428149360094387,0.00015539323520050372,-0.00015006852778701304,0.00022327698434000776,2.4042959344864044e-11,1.945915143321779e-6,0.015090715383149874
7,0.01679443855772424,9,10,17,4.5447299393006615,0.0597762278138855,0.07632618772703477,0.0010039081852328269,0.0010914701270508507,-0.00015006852792961772,0.00022327698419895384,-0.00022428149346639584,-0.0001553932353252597,-0.00022428149345367896,-0.00015539323534462344,0.00016080764290241992,-0.00022522382748681747,0.0,0.0,0.0,0.0,0.0,0.0,0.0,0.0,2.4042959344864044e-11,1.945915143321779e-6,0.015090715383149874
7,0.01679443855772424,9,10,18,9.129138342419735,0.06594256181519771,0.15331875297673275,0.0011074683027442705,0.0010223846428776546,0.0001432360350316965,-0.00021605585544855421,0.00021499813403217153,0.00013819793148796676,0.00021499813402542166,0.00013819793149667515,-0.00013324581614743977,0.00021388511623853356,0.0,0.0,0.0,0.0,0.0,0.0,0.0,0.0,2.4042959344864044e-11,1.945915143321779e-6,0.015090715383149874
7,0.01679443855772424,9,8,19,9.129138342429123,0.06594256181536753,-0.1533187529768904,-0.0011074683027471226,0.0010223846416615894,0.0,0.0,0.0,0.0,0.0,0.0,0.0,0.0,-0.00013324581650051308,0.00021388511566749344,-0.00021499813344408886,-0.00013819793183567097,-0.00021499813344328622,-0.00013819793184511608,0.00014323603537445698,-0.00021605585484926168,2.4042959344864044e-11,1.945915143321779e-6,0.015090715383149874
7,0.01679443855772424,9,8,20,9.162230655002654,0.059972123366631803,-0.1538745197871396,-0.001007198141057156,0.0008436052024654811,0.0,0.0,0.0,0.0,0.0,0.0,0.0,0.0,0.00013570274896835115,-0.0001653344098488407,0.00016488884633862732,0.00013147843936106796,0.0001648888463329934,0.00013147843939030713,-0.00012732007479990636,0.00016439067825832926,2.4042959344864044e-11,1.945915143321779e-6,0.015090715383149874
7,0.01679443855772424,9,10,21,9.162230654999988,0.059972123375271344,0.15387451978709482,0.0010071981412022523,0.0008436052023635647,-0.000127320074739344,0.0001643906782735788,-0.00016488884638526875,-0.00013147843930330882,-0.00016488884631680174,-0.00013147843932814838,0.00013570274890900542,-0.00016533440986399843,0.0,0.0,0.0,0.0,0.0,0.0,0.0,0.0,2.4042959344864044e-11,1.945915143321779e-6,0.015090715383149874
7,0.01679443855772424,9,10,22,9.12741716431136,0.06453389147207433,0.15328984675674476,0.0010838104752185966,0.0006281318891161828,0.00015154888925686475,-4.896041171898452e-5,5.038134545532574e-5,0.0001487232632553247,5.038134544615821e-5,0.00014872326325150574,-0.00014591777788943572,5.174278584903976e-5,0.0,0.0,0.0,0.0,0.0,0.0,0.0,0.0,2.4042959344864044e-11,1.945915143321779e-6,0.015090715383149874
7,0.01679443855772424,9,8,23,9.127417164304276,0.06453389147722888,-0.1532898467566258,-0.0010838104753051643,0.0006281318888881609,0.0,0.0,0.0,0.0,0.0,0.0,0.0,0.0,-0.00014591777758233619,5.174278654716391e-5,-5.0381346169530606e-5,-0.00014872326295443093,-5.038134615797036e-5,-0.00014872326294895554,0.0001515488889608144,-4.896041244702354e-5,2.4042959344864044e-11,1.945915143321779e-6,0.015090715383149874
7,0.01679443855772424,9,8,24,4.550513500448301,0.06586723249005166,-0.07642331938937365,-0.0011062031890215105,0.0005297070558974621,0.0,0.0,0.0,0.0,0.0,0.0,0.0,0.0,-6.645389034500395e-5,0.00011238325575518179,-0.00011301912041186698,-6.900560084643999e-5,-0.00011301912038976817,-6.900560087791856e-5,7.160251350484823e-5,-0.00011362737376571472,2.4042959344864044e-11,1.945915143321779e-6,0.015090715383149874
7,0.01679443855772424,9,10,25,4.5505135004582495,0.06586723249426107,0.07642331938954072,0.0011062031890922053,0.0005297070555150923,7.160251360042191e-5,-0.00011362737359725661,0.00011301912024930449,6.90056009392419e-5,0.00011301912021415097,6.900560097198989e-5,-6.645389043644746e-5,0.00011238325558545708,0.0,0.0,0.0,0.0,0.0,0.0,0.0,0.0,2.4042959344864044e-11,1.945915143321779e-6,0.015090715383149874
7,0.01679443855772424,9,10,26,9.167718555500457,0.06540325203947218,0.15396668599486085,0.0010984108978522682,0.00041723013818754657,5.756616388737412e-5,-8.87534853082451e-5,8.830122364773735e-5,5.5514573869501274e-5,8.83012235463317e-5,5.551457389173564e-5,-5.3498299920194544e-5,8.782674899376054e-5,0.0,0.0,0.0,0.0,0.0,0.0,0.0,0.0,2.4042959344864044e-11,1.945915143321779e-6,0.015090715383149874
7,0.01679443855772424,9,8,27,9.167718555485116,0.06540325202879751,-0.15396668599460323,-0.0010984108976729932,0.00041723013728395015,0.0,0.0,0.0,0.0,0.0,0.0,0.0,0.0,-5.349829993488848e-5,8.78267487249494e-5,-8.830122333833483e-5,-5.551457387043713e-5,-8.830122331448056e-5,-5.551457390292786e-5,5.756616388462126e-5,-8.875348503600318e-5,2.4042959344864044e-11,1.945915143321779e-6,0.015090715383149874
7,0.01679443855772424,9,8,28,10.952956321426427,-0.0005020602689600334,-0.18394875196563346,8.431820339323788e-6,4.52699098680148e-5,0.0,0.0,0.0,0.0,0.0,0.0,0.0,0.0,7.295508721520466e-6,-8.86125752764299e-6,8.837689314331794e-6,7.068786187173538e-6,8.837689314028112e-6,7.068786186386982e-6,-6.845598162110208e-6,8.811292879332773e-6,2.4042959344864044e-11,1.945915143321779e-6,0.015090715383149874
7,0.01679443855772424,9,10,29,10.952956321425415,-0.0005020602750487185,0.18394875196561644,-8.431820441579835e-6,4.5269909848719955e-5,-6.845598164956196e-6,8.811292871107109e-6,-8.837689305759241e-6,-7.06878618976037e-6,-8.83768930592202e-6,-7.068786189208163e-6,7.29550872407857e-6,-8.861257519191976e-6,0.0,0.0,0.0,0.0,0.0,0.0,0.0,0.0,2.4042959344864044e-11,1.945915143321779e-6,0.015090715383149874
7,0.01679443855772424,9,10,30,10.978985286912271,0.007292079624466902,0.18438589382720658,0.00012246638321114224,3.138769075245099e-5,6.207043529489273e-6,-4.98063943226347e-6,4.996765529714147e-6,6.049824285129159e-6,4.996765529428667e-6,6.049824285219623e-6,-5.894603263014137e-6,5.010471297514585e-6,0.0,0.0,0.0,0.0,0.0,0.0,0.0,0.0,2.4042959344864044e-11,1.945915143321779e-6,0.015090715383149874
7,0.01679443855772424,9,8,31,10.978985286911573,0.007292079621620401,-0.18438589382719486,-0.00012246638316333684,3.138769071917381e-5,0.0,0.0,0.0,0.0,0.0,0.0,0.0,0.0,-5.894603255971987e-6,5.010471293236746e-6,-4.996765525446352e-6,-6.049824277777951e-6,-4.996765525247179e-6,-6.049824277971692e-6,6.2070435219282234e-6,-4.980639428098032e-6,2.4042959344864044e-11,1.945915143321779e-6,0.015090715383149874
7,0.01679443855772424,9,10,32,9.169553137991034,0.06576183594050752,0.15399749677777794,0.0011044331131459953,2.9028620892935983e-5,5.0227452797888035e-6,5.3799332839539044e-6,-5.233822292681477e-6,5.026742558527953e-6,-5.233822281532733e-6,5.026742559703631e-6,-5.02864590747535e-6,-5.08972156858605e-6,0.0,0.0,0.0,0.0,0.0,0.0,0.0,0.0,2.4042959344864044e-11,1.945915143321779e-6,0.015090715383149874
7,0.01679443855772424,9,8,33,9.169553137990832,0.06576183593718646,-0.15399749677777452,-0.0011044331130902198,2.9028620677188933e-5,0.0,0.0,0.0,0.0,0.0,0.0,0.0,0.0,-5.028646034898744e-6,-5.089721365840966e-6,5.2338220849046835e-6,-5.0267426938727195e-6,5.233822081828825e-6,-5.0267426928728505e-6,5.022745421019699e-6,5.379933079333319e-6,2.4042959344864044e-11,1.945915143321779e-6,0.015090715383149874
7,0.01679443855772424,9,8,34,10.976281643051436,0.006198398041676087,-0.18434048764650382,-0.0001040986150672473,2.6470116493509415e-5,0.0,0.0,0.0,0.0,0.0,0.0,0.0,0.0,-5.028503509718289e-6,4.156973058854835e-6,-4.143622405225584e-6,-5.15923510602457e-6,-4.1436224048848224e-6,-5.159235106014664e-6,5.2916237384765185e-6,-4.128207725805057e-6,2.4042959344864044e-11,1.945915143321779e-6,0.015090715383149874
7,0.01679443855772424,9,10,35,10.976281643052179,0.006198398046037723,0.18434048764651628,0.00010409861514049852,2.6470116452812497e-5,5.291623725376079e-6,-4.128207725921098e-6,4.143622405254656e-6,5.159235093099814e-6,4.143622404807308e-6,5.159235092879743e-6,-5.028503496760995e-6,4.15697305869112e-6,0.0,0.0,0.0,0.0,0.0,0.0,0.0,0.0,2.4042959344864044e-11,1.945915143321779e-6,0.015090715383149874
7,0.01679443855772424,9,10,36,6.3602181367326445,0.007412291683918035,0.10681629271107974,0.00012448527725749178,7.201062556884669e-6,1.391156371639325e-6,-1.1824871775006654e-6,1.1851653865443024e-6,1.3549964413914892e-6,1.1851653862939208e-6,1.3549964411686818e-6,-1.319310468648844e-6,1.187301501977411e-6,0.0,0.0,0.0,0.0,0.0,0.0,0.0,0.0,2.4042959344864044e-11,1.945915143321779e-6,0.015090715383149874
7,0.01679443855772424,9,8,37,6.3602181367319774,0.007412291683509813,-0.10681629271106854,-0.0001244852772506359,7.201062518573543e-6,0.0,0.0,0.0,0.0,0.0,0.0,0.0,0.0,-1.3193104622499468e-6,1.1873014947862236e-6,-1.1851653793925358e-6,-1.3549964350541968e-6,-1.1851653791054763e-6,-1.3549964345986993e-6,1.391156365132884e-6,-1.1824871703511703e-6,2.4042959344864044e-11,1.945915143321779e-6,0.015090715383149874
7,0.01679443855772424,9,10,38,6.33487807616449,-0.00020195518526087974,0.10639072062081886,-3.391723950277661e-6,5.768091233759989e-6,-9.518163130248844e-7,1.0560714852538782e-6,-1.0573512110128215e-6,-9.804235311138864e-7,-1.0573512110635734e-6,-9.80423531138939e-7,1.0094536112585987e-6,-1.05823868283567e-6,0.0,0.0,0.0,0.0,0.0,0.0,0.0,0.0,2.4042959344864044e-11,1.945915143321779e-6,0.015090715383149874
7,0.01679443855772424,9,8,39,6.334878076163941,-0.00020195518528062784,-0.10639072062080965,3.391723950609319e-6,5.768091231479597e-6,0.0,0.0,0.0,0.0,0.0,0.0,0.0,0.0,1.009453615294322e-6,-1.0582386785240642e-6,1.0573512065883741e-6,9.804235350879325e-7,1.0573512065527316e-6,9.804235351193894e-7,-9.518163169513413e-7,1.0560714806345916e-6,2.4042959344864044e-11,1.945915143321779e-6,0.015090715383149874
7,0.01679443855772424,9,10,40,10.952121389910019,-0.0008147986503252991,0.18393472975958122,-1.3684085869804873e-5,3.1145166170385498e-6,-7.21857668581446e-7,-2.6118930065695333e-7,2.7523702205997593e-7,-7.283181508065055e-7,2.752370221096314e-7,-7.283181508716232e-7,7.346684800279176e-7,2.895760487411465e-7,0.0,0.0,0.0,0.0,0.0,0.0,0.0,0.0,2.4042959344864044e-11,1.945915143321779e-6,0.015090715383149874
7,0.01679443855772424,9,8,41,10.952121389909667,-0.0008147986479163025,-0.1839347297595753,1.3684085829347127e-5,3.114516588469212e-6,0.0,0.0,0.0,0.0,0.0,0.0,0.0,0.0,7.346684770186358e-7,2.8957603669832747e-7,-2.7523701020625933e-7,7.283181476656026e-7,-2.7523701024059974e-7,7.283181477072123e-7,-7.218576652897964e-7,-2.6118928897714423e-7,2.4042959344864044e-11,1.945915143321779e-6,0.015090715383149874
7,0.01679443855772424,9,10,42,11.10522896630122,0.12478338339140069,0.18650608554400533,0.0020956668653918263,1.497761076866664e-6,-1.1023313040752055e-8,-3.7959381952562297e-7,3.7407263058970765e-7,-1.6160596358749792e-8,3.740726305413657e-7,-1.616059643411333e-8,2.114824941353905e-8,3.6855787591778194e-7,0.0,0.0,0.0,0.0,0.0,0.0,0.0,0.0,2.4042959344864044e-11,1.945915143321779e-6,0.015090715383149874
7,0.01679443855772424,9,8,43,11.105228966305035,0.12478338338661946,-0.1865060855440694,-0.002095666865311528,1.4977610768365117e-6,0.0,0.0,0.0,0.0,0.0,0.0,0.0,0.0,2.1148248587324134e-8,3.6855787595325165e-7,-3.7407263062779363e-7,1.616059551150686e-8,-3.7407263056052397e-7,1.6160595605552068e-8,-1.1023312191038301e-8,-3.7959381954720394e-7,2.4042959344864044e-11,1.945915143321779e-6,0.015090715383149874
7,0.01679443855772424,9,8,44,9.124029948182216,0.06157569070062834,-0.1532329603635821,-0.0010341291541211346,7.440632371466354e-7,0.0,0.0,0.0,0.0,0.0,0.0,0.0,0.0,-1.1608157212042207e-7,-1.4871438562122925e-7,1.4499288319699033e-7,-1.165138838404e-7,1.449928857262168e-7,-1.165138857559676e-7,1.1688819096578915e-7,1.4131797724585644e-7,2.4042959344864044e-11,1.945915143321779e-6,0.015090715383149874
7,0.01679443855772424,9,10,45,9.124029948186404,0.06157569069643608,0.15323296036365244,0.0010341291540507279,7.44063188114785e-7,1.1688818912229184e-7,1.4131796301096724e-7,-1.4499286887874015e-7,1.1651388212412258e-7,-1.4499287153834994e-7,1.1651388380860386e-7,-1.1608157029534452e-7,-1.4871437135048753e-7,0.0,0.0,0.0,0.0,0.0,0.0,0.0,0.0,2.4042959344864044e-11,1.945915143321779e-6,0.015090715383149874
7,0.01679443855772424,9,10,46,11.102549022608958,0.12567790987031502,0.18646107739432746,0.0021106899353802106,3.625310277692093e-7,-6.832843738981453e-8,-6.148421637343507e-8,5.966203699455088e-8,-6.821962127020155e-8,5.966203697660852e-8,-6.821962130833644e-8,6.808693491747139e-8,5.786714067201567e-8,0.0,0.0,0.0,0.0,0.0,0.0,0.0,0.0,2.4042959344864044e-11,1.945915143321779e-6,0.015090715383149874
7,0.01679443855772424,9,8,47,11.102549022615666,0.12567790986592886,-0.18646107739444012,-0.0021106899353065473,3.625310243981618e-7,0.0,0.0,0.0,0.0,0.0,0.0,0.0,0.0,6.808693444071843e-8,5.786713995068112e-8,-5.966203625611466e-8,6.821962079870328e-8,-5.966203623195998e-8,6.821962083781955e-8,-6.832843692499915e-8,-6.14842156114674e-8,2.4042959344864044e-11,1.945915143321779e-6,0.015090715383149874
7,0.01679443855772424,9,10,48,10.969417676359766,0.011723811130578639,0.1842252111796383,0.0001968948256948665,3.460961614088346e-7,-1.4688797262521499e-8,8.651376386403579e-8,-8.549527891623349e-8,-1.3274726827516656e-8,-8.549527889820863e-8,-1.3274726718322956e-8,1.1894853332013957e-8,-8.447147722152422e-8,0.0,0.0,0.0,0.0,0.0,0.0,0.0,0.0,2.4042959344864044e-11,1.945915143321779e-6,0.015090715383149874
7,0.01679443855772424,9,8,49,10.969417676358507,0.011723811131523654,-0.18422521117961715,-0.0001968948257107375,3.4609615468824956e-7,0.0,0.0,0.0,0.0,0.0,0.0,0.0,0.0,1.1894850975971558e-8,-8.447147589239398e-8,8.549527758022147e-8,1.3274724421190799e-8,8.549527758212871e-8,1.3274724306384664e-8,-1.4688794799412315e-8,8.651376254172093e-8,2.4042959344864044e-11,1.945915143321779e-6,0.015090715383149874
7,0.01679443855772424,9,10,50,6.485484183400516,0.12479090449011762,0.10892006563521232,0.0020957931780221143,3.117153984478093e-7,-7.357914070730633e-8,-2.8854744833062956e-8,2.7420730835374337e-8,-7.294108567690978e-8,2.742073070704581e-8,-7.29410855690103e-8,7.22920564123975e-8,2.6015890949739435e-8,0.0,0.0,0.0,0.0,0.0,0.0,0.0,0.0,2.4042959344864044e-11,1.945915143321779e-6,0.015090715383149874
7,0.01679443855772424,9,8,51,6.485484183400915,0.124790904489368,-0.10892006563521904,-0.002095793178009525,3.117153824972514e-7,0.0,0.0,0.0,0.0,0.0,0.0,0.0,0.0,7.229205234129741e-8,2.601589057328271e-8,-2.7420730468029793e-8,7.294108155710142e-8,-2.742073028396491e-8,7.294108146577566e-8,-7.357913655458201e-8,-2.885474441905346e-8,2.4042959344864044e-11,1.945915143321779e-6,0.015090715383149874
7,0.01679443855772424,9,10,52,10.944909820725137,0.0028897053640189116,0.18381361550400094,4.853097918594177e-5,2.7235407010601143e-7,-4.785902573412323e-9,-6.695828008687311e-8,6.797371866030688e-8,-3.893108361826798e-9,6.797371862120907e-8,-3.893108378681701e-9,2.973124369241305e-9,6.899070900039209e-8,0.0,0.0,0.0,0.0,0.0,0.0,0.0,0.0,2.4042959344864044e-11,1.945915143321779e-6,0.015090715383149874
7,0.01679443855772424,9,8,53,10.944909820721861,0.002889705366043563,-0.18381361550394593,-4.853097921994465e-5,2.72354069586105e-7,0.0,0.0,0.0,0.0,0.0,0.0,0.0,0.0,2.973127074608287e-9,6.899070874114091e-8,-6.797371837565238e-8,3.89311101721025e-9,-6.797371834043394e-8,3.893111052337672e-9,-4.785905197468454e-9,-6.695827978143197e-8,2.4042959344864044e-11,1.945915143321779e-6,0.015090715383149874
7,0.01679443855772424,9,10,54,11.121390937696013,0.11787897029920938,0.18677751677956686,0.0019797111239378724,2.3010175599283002e-7,-1.9650339684559663e-8,5.3201878628546016e-8,-5.3672282242290045e-8,-2.0691336443881972e-8,-5.367228234061258e-8,-2.069133637417763e-8,2.1753800391397093e-8,-5.4134405125260635e-8,0.0,0.0,0.0,0.0,0.0,0.0,0.0,0.0,2.4042959344864044e-11,1.945915143321779e-6,0.015090715383149874
7,0.01679443855772424,9,8,55,11.121390937695967,0.11787897029678948,-0.18677751677956608,-0.0019797111238972318,2.30101755227624e-7,0.0,0.0,0.0,0.0,0.0,0.0,0.0,0.0,2.1753800798735135e-8,-5.413440475746188e-8,5.367228189511184e-8,2.0691336840818542e-8,5.367228196239341e-8,2.0691336795109544e-8,-1.9650340095045527e-8,5.3201878271010325e-8,2.4042959344864044e-11,1.945915143321779e-6,0.015090715383149874
7,0.01679443855772424,9,8,56,8.782472714047746,0.06595266436341543,-0.14749669838096452,-0.0011076379693695894,5.2857395109766164e-8,0.0,0.0,0.0,0.0,0.0,0.0,0.0,0.0,-8.562723289555652e-9,9.81898338444072e-9,-9.834997653073593e-9,-8.824645988562032e-9,-9.834997653862108e-9,-8.824645985450304e-9,9.090501977300217e-9,-9.847481277515355e-9,2.4042959344864044e-11,1.945915143321779e-6,0.015090715383149874
7,0.01679443855772424,9,10,57,8.782472714057304,0.06595266436772593,0.14749669838112506,0.0011076379694419818,5.285739488983685e-8,9.090501895141947e-9,-9.847481280501816e-9,9.83499765454164e-9,8.824645904762106e-9,9.834997653011232e-9,8.82464590386688e-9,-8.562723206419611e-9,9.81898338209987e-9,0.0,0.0,0.0,0.0,0.0,0.0,0.0,0.0,2.4042959344864044e-11,1.945915143321779e-6,0.015090715383149874
7,0.01679443855772424,9,8,58,11.10790081923896,0.1200876836525485,-0.18655095781400347,-0.0020168052246421517,4.432143285484862e-8,0.0,0.0,0.0,0.0,0.0,0.0,0.0,0.0,4.97811683308368e-9,9.724047882381811e-9,-9.932953046010544e-9,4.909023041539298e-9,-9.932953054714381e-9,4.9090230313015535e-9,-4.835955665938094e-9,-1.0143821032799222e-8,2.4042959344864044e-11,1.945915143321779e-6,0.015090715383149874
7,0.01679443855772424,9,10,59,11.107900819235311,0.12008768365223312,0.18655095781394218,0.0020168052246368547,4.4321432124202905e-8,-4.835955490257203e-9,-1.014382091097625e-8,9.932952926310283e-9,-4.9090228664975765e-9,9.932952939072073e-9,-4.909022858044256e-9,4.978116660490955e-9,9.724047768772045e-9,0.0,0.0,0.0,0.0,0.0,0.0,0.0,0.0,2.4042959344864044e-11,1.945915143321779e-6,0.015090715383149874
7,0.01679443855772424,9,8,60,9.183459188434998,0.05900124427584968,-0.15423104108753968,-0.0009908927718200364,1.0093998633387669e-10,0.0,0.0,0.0,0.0,0.0,0.0,0.0,0.0,2.1574277116089774e-11,-1.3767981252154598e-11,1.3874137366948538e-11,2.1077231228131667e-11,1.3874138395492522e-11,2.107723161137506e-11,-2.058573370974478e-11,1.3971862526123117e-11,2.4042959344864044e-11,1.945915143321779e-6,0.015090715383149874
7,0.01679443855772424,9,10,61,9.183459188435652,0.05900124427736537,0.15423104108755067,0.0009908927718454915,1.0093977585514618e-10,-2.0585676447592827e-11,1.397185497300092e-11,-1.387412975295669e-11,-2.1077173765156545e-11,-1.3874130391975055e-11,-2.1077173372321558e-11,2.157421865495716e-11,-1.3767973174159176e-11,0.0,0.0,0.0,0.0,0.0,0.0,0.0,0.0,2.4042959344864044e-11,1.945915143321779e-6,0.015090715383149874
7,0.01679443855772424,9,8,62,9.192489338323522,0.06607562448008114,-0.15438269738500954,-0.0011097030154939825,2.3192037988954618e-11,0.0,0.0,0.0,0.0,0.0,0.0,0.0,0.0,-3.3816766548662917e-12,4.608739134406301e-12,-4.625398863252772e-12,-3.4956022505120307e-12,-4.625399440604876e-12,-3.495602472411235e-12,3.6113779523650818e-12,-4.640660565696055e-12,2.4042959344864044e-11,1.945915143321779e-6,0.015090715383149874
7,0.01679443855772424,9,10,63,9.192489338325299,0.06607562448084707,0.15438269738503937,0.0011097030155068457,2.319198954450268e-11,3.6113546811328667e-12,-4.640662900359183e-12,4.6254015865392214e-12,3.495579581832137e-12,4.625401179346503e-12,3.4955790683024492e-12,-3.381653848766498e-12,4.608741262062007e-12,0.0,0.0,0.0,0.0,0.0,0.0,0.0,0.0,2.4042959344864044e-11,1.945915143321779e-6,0.015090715383149874
7,0.01679443855772424,9,8,64,9.189850019282026,0.06496826939656211,-0.1543383715035329,-0.0010911056085822384,5.852610363439471e-12,0.0,0.0,0.0,0.0,0.0,0.0,0.0,0.0,7.588900559278401e-13,1.22678271400711e-12,-1.25501504380563e-12,7.52023362310105e-13,-1.2550147039596964e-12,7.520233685035593e-13,-7.446546127321991e-13,-1.283547733655959e-12,2.4042959344864044e-11,1.945915143321779e-6,0.015090715383149874
7,0.01679443855772424,9,10,65,9.189850019287231,0.06496826939847569,0.15433837150362031,0.001091105608614376,5.852584877516217e-12,-7.446374578093554e-13,-1.283550628462589e-12,1.2550175857099614e-12,-7.520065887238446e-13,1.255017675290259e-12,-7.520061407248251e-13,7.588732025057266e-13,1.2267853387909068e-12,0.0,0.0,0.0,0.0,0.0,0.0,0.0,0.0,2.4042959344864044e-11,1.945915143321779e-6,0.015090715383149874
7,0.01679443855772424,9,10,66,11.104872422153687,0.12555450089160655,0.18650009758522645,0.0021086173508698194,6.974555601301897e-13,2.1363031755304845e-14,-1.7554311144268946e-13,1.733588119662912e-13,1.8613142105790928e-14,1.7335881151992116e-13,1.8613135719181383e-14,-1.5932588172682128e-14,1.7116705297600417e-13,0.0,0.0,0.0,0.0,0.0,0.0,0.0,0.0,2.4042959344864044e-11,1.945915143321779e-6,0.015090715383149874
7,0.01679443855772424,9,8,67,11.104872422153864,0.12555450089044537,-0.18650009758522942,-0.002108617350850318,6.974504521892588e-13,0.0,0.0,0.0,0.0,0.0,0.0,0.0,0.0,-1.593317196062333e-14,1.711657390057197e-13,-1.7335746135825024e-13,-1.8613715625653506e-14,-1.7335747040516592e-13,-1.861371028790059e-14,2.1363595401902366e-14,-1.7554173329700008e-13,2.4042959344864044e-11,1.945915143321779e-6,0.015090715383149874
7,0.01679443855772424,9,10,68,10.978876345364258,0.006332920591418947,0.18438406421507209,0.00010635784576353216,4.5372458199112463e-13,-1.2562950037674045e-14,1.1435278444200444e-13,-1.1291101987383016e-13,-1.0790725948249134e-14,-1.1291101918451259e-13,-1.0790754811611825e-14,9.063694142689772e-15,-1.1146492892183055e-13,0.0,0.0,0.0,0.0,0.0,0.0,0.0,0.0,2.4042959344864044e-11,1.945915143321779e-6,0.015090715383149874
7,0.01679443855772424,9,8,69,10.978876345363961,0.006332920591492319,-0.1843840642150671,-0.0001063578457647644,4.5370671387167943e-13,0.0,0.0,0.0,0.0,0.0,0.0,0.0,0.0,9.06309247334091e-15,-1.1146054696016935e-13,1.1290659211109706e-13,1.0790027096737879e-14,1.1290660287794842e-13,1.079008895207215e-14,-1.2562185338596276e-14,1.1434832324631051e-13,2.4042959344864044e-11,1.945915143321779e-6,0.015090715383149874
7,0.01679443855772424,9,8,70,4.574699324659525,0.06571404891981163,-0.07682950672805697,-0.0011036305569630614,2.1541695241861867e-13,0.0,0.0,0.0,0.0,0.0,0.0,0.0,0.0,1.6424757960428745e-14,5.04910633214105e-14,-5.1440606246196e-14,1.593273230392662e-14,-5.144062359975409e-14,1.593274315290025e-14,-1.5420139482826507e-14,-5.2396535482170934e-14,2.4042959344864044e-11,1.945915143321779e-6,0.015090715383149874
7,0.01679443855772424,9,10,71,4.574699324663404,0.06571404892123253,0.07682950672812211,0.0011036305569869247,2.1541519981397573e-13,-1.542098171790029e-14,-5.239581457243296e-14,5.143990716328311e-14,-1.59335331531503e-14,5.143990795270118e-14,-1.593354861101012e-14,1.642552322674127e-14,5.0490369879893224e-14,0.0,0.0,0.0,0.0,0.0,0.0,0.0,0.0,2.4042959344864044e-11,1.945915143321779e-6,0.015090715383149874
7,0.01679443855772424,9,10,72,10.955179696850642,-0.0004440640859950662,0.18398609230758617,-7.4578070079361125e-6,3.2147571200535286e-14,7.059217745952588e-15,-3.598843471231078e-15,3.548468786504821e-15,7.210657182605218e-15,3.548471107007593e-15,7.210653373572763e-15,-7.36351150240612e-15,3.4952118908383827e-15,0.0,0.0,0.0,0.0,0.0,0.0,0.0,0.0,2.4042959344864044e-11,1.945915143321779e-6,0.015090715383149874
7,0.01679443855772424,9,8,73,10.95517969685054,-0.0004440640857475697,-0.18398609230758445,7.457807003779548e-6,3.2144825233621484e-14,0.0,0.0,0.0,0.0,0.0,0.0,0.0,0.0,-7.36345798674695e-15,3.4937157646032813e-15,-3.54698749365361e-15,-7.210621899187093e-15,-3.546991714138342e-15,-7.210615159970954e-15,7.0591974405243445e-15,-3.5973789201264405e-15,2.4042959344864044e-11,1.945915143321779e-6,0.015090715383149874
7,0.01679443855772424,9,10,74,6.856326030240446,0.13343638168088717,0.11514814624659851,0.0022409891135047,2.189867160308131e-19,5.582286768395011e-20,-3.5194357504374056e-21,4.2738290792993325e-21,5.490315098443556e-20,4.982351579630914e-21,5.4183769572778746e-20,-5.3268354906199903e-20,5.690220363359672e-21,0.0,0.0,0.0,0.0,0.0,0.0,0.0,0.0,2.4042959344864044e-11,1.945915143321779e-6,0.015090715383149874
7,0.01679443855772424,9,8,75,6.856326355067924,0.1334363801636376,-0.11514815170189363,-0.002240989088023345,1.3256345020218447e-19,0.0,0.0,0.0,0.0,0.0,0.0,0.0,0.0,-1.358739329590715e-20,3.014890746114615e-20,-2.9370884763722105e-20,-1.434013061319369e-20,-3.04151226056224e-20,-1.4278980190528203e-20,1.5031449505686573e-20,-2.9612842109145763e-20,2.4042959344864044e-11,1.945915143321779e-6,0.015090715383149874
7,0.01679443855772424,9,8,76,9.131529812281503,0.06907380975946767,-0.15335891637038887,-0.0011600558539533127,9.827888853182561e-20,0.0,0.0,0.0,0.0,0.0,0.0,0.0,0.0,1.0787086680840679e-20,-2.1684853767171624e-20,2.184292248452106e-20,1.1246267782216176e-20,2.1840981512978775e-20,1.125161443820903e-20,-1.1719628844723382e-20,2.199474594368111e-20,2.4042959344864044e-11,1.945915143321779e-6,0.015090715383149874
7,0.01679443855772424,9,10,77,9.13152975515086,0.06907380800104816,0.1533589154109118,0.0011600558244216443,9.217247179290334e-20,-1.9349139878318913e-20,1.3104954009055704e-20,-1.3194074994715576e-20,-1.8889264338907617e-20,-1.3185491242239765e-20,-1.8897612498141025e-20,1.844298513114644e-20,-1.3267063844467708e-20,0.0,0.0,0.0,0.0,0.0,0.0,0.0,0.0,2.4042959344864044e-11,1.945915143321779e-6,0.015090715383149874
7,0.01679443855772424,9,10,78,2.237514744431494,0.1333490790906327,0.03757780389735678,0.0022395229155167413,1.4294997627366894e-20,-3.0490372163601033e-21,1.9761649334144977e-21,-1.9773009929103585e-21,-2.9859364508792016e-21,-1.9709748057809842e-21,-2.971487831952154e-21,2.9095544257643073e-21,-1.9714327842824655e-21,0.0,0.0,0.0,0.0,0.0,0.0,0.0,0.0,2.4042959344864044e-11,1.945915143321779e-6,0.015090715383149874
7,0.01679443855772424,9,10,79,9.17322143079149,0.07098932991677491,0.1540591036958269,0.0011922259395412914,1.359968592023315e-20,2.206678698128561e-21,2.6688474320337508e-21,-2.591207209382936e-21,2.1915199534589555e-21,-2.599445566277984e-21,2.20019711597568e-21,-2.184411061785356e-21,-2.5232688417115363e-21,0.0,0.0,0.0,0.0,0.0,0.0,0.0,0.0,2.4042959344864044e-11,1.945915143321779e-6,0.015090715383149874
8,0.009696273622190719,10,11,0,0.3586421922955919,0.1289758453468935,0.0034774928289603995,0.001250585087136833,38.945865402022804,8.168734554998696,-5.5479876664303545,5.583445752346508,7.975865644803482,5.583445751836604,7.975865644705915,-7.7852294746540505,5.615713044945892,0.0,0.0,0.0,0.0,0.0,0.0,0.0,0.0,4.067495478226918e-11,0.002503437817334811,0.013754952769414547
8,0.009696273622190719,10,9,1,0.3586421923692991,0.12897584532369866,-0.0034774928296750847,-0.0012505850869119295,38.945865344052805,0.0,0.0,0.0,0.0,0.0,0.0,0.0,0.0,-7.785229464138793,5.6157130351009865,-5.583445742511617,-7.9758656339991125,-5.58344574200444,-7.97586563389843,8.16873454389814,-5.547987656612542,4.067495478226918e-11,0.002503437817334811,0.013754952769414547
8,0.009696273622190719,10,11,2,0.17323154487740078,-0.054227634329355,0.001679700459126089,-0.0005258059803415287,20.775807967439754,-1.8903508457147782,4.759076807807022,-4.799254352322767,-1.9853457758717583,-4.799254352058278,-1.9853457759670567,2.082260248961185,-4.838637374354902,0.0,0.0,0.0,0.0,0.0,0.0,0.0,0.0,4.067495478226918e-11,0.002503437817334811,0.013754952769414547
8,0.009696273622190719,10,9,3,0.1732315448749806,-0.05422763432991273,-0.0016797004591026224,0.0005258059803469367,20.7758079671922,0.0,0.0,0.0,0.0,0.0,0.0,0.0,0.0,2.0822602489047366,-4.8386373743105775,4.799254352274561,1.9853457758190716,4.799254352016979,1.9853457759123343,-1.8903508456637692,4.7590768077619074,4.067495478226918e-11,0.002503437817334811,0.013754952769414547
8,0.009696273622190719,10,11,4,1.0357036320519146,0.07124431651174094,0.010042465807872101,0.0006908043869238004,16.659218162177744,3.7141653359362556,-2.011556219904562,2.0349039809569307,3.6335971819330357,2.034903980717526,3.6335971818604995,-3.5538426987298366,2.056798140162285,0.0,0.0,0.0,0.0,0.0,0.0,0.0,0.0,4.067495478226918e-11,0.002503437817334811,0.013754952769414547
8,0.009696273622190719,10,9,5,1.0357036318792745,0.07124431654031678,-0.010042465806198136,-0.0006908043872008796,16.659217995461102,0.0,0.0,0.0,0.0,0.0,0.0,0.0,0.0,-3.5538426693402747,2.0567981089122216,-2.034903949686887,-3.633597151679911,-2.0349039494436147,-3.633597151604617,3.7141653048042267,-2.01155618862276,4.067495478226918e-11,0.002503437817334811,0.013754952769414547
8,0.009696273622190719,10,9,6,0.9917208889421392,0.02514010668617893,-0.009615997096025196,-0.00024376535332025728,4.438163783649597,0.0,0.0,0.0,0.0,0.0,0.0,0.0,0.0,-0.11158265345145324,-1.1197402225327766,1.1023510983231508,-0.12561881366905608,1.1023510982559597,-0.1256188136349397,0.13921402338114885,1.0850121333815101,4.067495478226918e-11,0.002503437817334811,0.013754952769414547
8,0.009696273622190719,10,11,7,0.9917208889562734,0.02514010669274501,0.009615997096162246,0.0002437653533839238,4.438163783320027,0.13921402336088362,1.0850121333007994,-1.1023510982401548,0.12561881364991812,-1.1023510981777405,0.12561881361328903,-0.1115826534308903,-1.1197402224522788,0.0,0.0,0.0,0.0,0.0,0.0,0.0,0.0,4.067495478226918e-11,0.002503437817334811,0.013754952769414547
8,0.009696273622190719,10,11,8,3.86764348064621,0.01036533201034183,0.03750172946142775,0.00010050509535712657,3.193113679537187,0.6543074350880387,-0.4768066274151903,0.4791883867771612,0.6384067787602508,0.4791883867123412,0.6384067787429237,-0.622697746689592,0.4813147450376986,0.0,0.0,0.0,0.0,0.0,0.0,0.0,0.0,4.067495478226918e-11,0.002503437817334811,0.013754952769414547
8,0.009696273622190719,10,9,9,3.867643480653979,0.010365331269236513,-0.037501729461503076,-0.00010050508817116666,3.1931135778451365,0.0,0.0,0.0,0.0,0.0,0.0,0.0,0.0,-0.6226977311979666,0.4813147240946123,-0.4791883657571786,-0.638406762748987,-0.4791883656998736,-0.6384067627310845,0.654307418548165,-0.47680660633226807,4.067495478226918e-11,0.002503437817334811,0.013754952769414547
8,0.009696273622190719,10,11,10,11.674912986587898,0.01040630272509896,0.1132031508332241,0.00010090235861790843,3.1423361376149663,0.5981186332082421,-0.5263421218687405,0.5272399356238934,0.5823217539515925,0.5272399355151903,0.5823217539229849,-0.5667357240457239,0.5279047783992078,0.0,0.0,0.0,0.0,0.0,0.0,0.0,0.0,4.067495478226918e-11,0.002503437817334811,0.013754952769414547
8,0.009696273622190719,10,9,11,11.674913054968918,0.010406235486860135,-0.11320315149626518,-0.00010090170665754692,3.1423359763726606,0.0,0.0,0.0,0.0,0.0,0.0,0.0,0.0,-0.5667357222589897,0.5279047219928356,-0.5272398784183207,-0.5823217513209642,-0.5272398783797033,-0.5823217513274453,0.5981186297463879,-0.5263420639350964,4.067495478226918e-11,0.002503437817334811,0.013754952769414547
8,0.009696273622190719,10,11,12,11.651708415217158,-0.008776079490278296,0.11297815295992775,-8.509526806783442e-5,2.811438454912754,-0.46141999472271666,0.5169906575493268,-0.5176821652270518,-0.47536030801359985,-0.5176821651210283,-0.47536030798723733,0.4895076561063987,-0.518183487268941,0.0,0.0,0.0,0.0,0.0,0.0,0.0,0.0,4.067495478226918e-11,0.002503437817334811,0.013754952769414547
8,0.009696273622190719,10,9,13,11.651708415218303,-0.008776079490750759,-0.11297815295993886,8.509526807241554e-5,2.811438453196193,0.0,0.0,0.0,0.0,0.0,0.0,0.0,0.0,0.48950765608076796,-0.5181834867101025,0.5176821646332105,0.4753603079701777,0.5176821645970517,0.4753603079788496,-0.4614199946967676,0.5169906569903348,4.067495478226918e-11,0.002503437817334811,0.013754952769414547
8,0.009696273622190719,10,9,14,3.846007485235253,-0.007661392109244589,-0.03729194092983464,7.428695421812842e-5,2.3155669998247443,0.0,0.0,0.0,0.0,0.0,0.0,0.0,0.0,0.3675402691101014,-0.45783004731370885,0.4564813816008329,0.3559591302654916,0.4564813815536394,0.35595913025245707,-0.3445605554763825,0.4549902956756308,4.067495478226918e-11,0.002503437817334811,0.013754952769414547
8,0.009696273622190719,10,11,15,3.8460074852374344,-0.007661392108026188,0.0372919409298558,-7.428695420631448e-5,2.315566999778241,-0.3445605554457626,0.4549902956848538,-0.4564813816132658,-0.35595913023430903,-0.45648138155950435,-0.3559591302223718,0.3675402690794469,-0.4578300473227697,0.0,0.0,0.0,0.0,0.0,0.0,0.0,0.0,4.067495478226918e-11,0.002503437817334811,0.013754952769414547
8,0.009696273622190719,10,11,16,4.39909937773161,0.15063528629203032,0.04265487125769462,0.0014606009530445609,0.1333341612485407,0.025152183673916133,-0.022588749988948564,0.02262007234931327,0.024481547116178778,0.022620072347574,0.02448154711612541,-0.023819956628445473,0.02264160027987596,0.0,0.0,0.0,0.0,0.0,0.0,0.0,0.0,4.067495478226918e-11,0.002503437817334811,0.013754952769414547
8,0.009696273622190719,10,9,17,4.3990993787015755,0.15063528613185256,-0.042654871267099666,-0.0014606009514914334,0.13333414985165531,0.0,0.0,0.0,0.0,0.0,0.0,0.0,0.0,-0.023819955182691525,0.02264159772356212,-0.022620069777595078,-0.024481545613304463,-0.022620069775844326,-0.024481545613261817,0.025152182112903435,-0.022588747402415937,4.067495478226918e-11,0.002503437817334811,0.013754952769414547
8,0.009696273622190719,10,9,18,4.174919272149215,-0.06324341069534777,-0.04048115961331611,0.0006132254149026749,0.04222656594759617,0.0,0.0,0.0,0.0,0.0,0.0,0.0,0.0,0.0040586196591044475,-0.00990735230253326,0.009823856240950953,0.00386307989602076,0.00982385624047342,0.0038630798963109375,-0.0036714693665215094,0.00973881416108641,4.067495478226918e-11,0.002503437817334811,0.013754952769414547
8,0.009696273622190719,10,11,19,4.1749192721463135,-0.06324341069668739,0.04048115961328798,-0.0006132254149156643,0.04222656594569826,-0.003671469366331632,0.009738814160655087,-0.009823856240524034,-0.0038630798958325936,-0.0098238562400315,-0.0038630798961155044,0.004058619658910759,-0.009907352302095634,0.0,0.0,0.0,0.0,0.0,0.0,0.0,0.0,4.067495478226918e-11,0.002503437817334811,0.013754952769414547
8,0.009696273622190719,10,11,20,4.278821970767269,0.07164245455889955,0.04148862860920078,0.0006946648423684549,0.03883100898418115,0.0010301487543136578,0.009515362563258429,-0.009664686259779374,0.000908224229006016,-0.009664686259270075,0.0009082242294128802,-0.0007824337570972932,-0.009814372472292868,0.0,0.0,0.0,0.0,0.0,0.0,0.0,0.0,4.067495478226918e-11,0.002503437817334811,0.013754952769414547
8,0.009696273622190719,10,9,21,4.278821970765,0.07164245455896319,-0.041488628609178776,-0.000694664842369072,0.03883100898133875,0.0,0.0,0.0,0.0,0.0,0.0,0.0,0.0,-0.0007824337602225376,-0.009814372471283583,0.00966468625869206,-0.0009082242322902031,0.009664686258341134,-0.0009082242324004925,0.001030148757459529,0.009515362562249902,4.067495478226918e-11,0.002503437817334811,0.013754952769414547
8,0.009696273622190719,10,11,22,4.694385050924886,0.044983279797748826,0.04551804194168941,0.0004361701893425366,0.03755178666619882,0.006244344118610223,-0.007187545649323911,0.007172986104845467,0.006055823775178667,0.007172986101862053,0.006055823776465853,-0.00587017214287757,0.007156003654117622,0.0,0.0,0.0,0.0,0.0,0.0,0.0,0.0,4.067495478226918e-11,0.002503437817334811,0.013754952769414547
8,0.009696273622190719,10,9,23,4.694385049557307,0.04498327977244092,-0.04551804192842899,-0.0004361701890971442,0.03755176753218062,0.0,0.0,0.0,0.0,0.0,0.0,0.0,0.0,-0.005870169737602663,0.007155999527730811,-0.00717298195434138,-0.006055821276379654,-0.007172981951384027,-0.006055821277972466,0.006244341524920573,-0.007187541475725903,4.067495478226918e-11,0.002503437817334811,0.013754952769414547
8,0.009696273622190719,10,11,24,4.271575394015081,0.07829723003076967,0.04141836381818736,0.000759191366237951,0.029725265908016392,0.005544441130095408,-0.005105105964037542,0.005110232600186308,0.0053948555266123115,0.005110232599834124,0.0053948555262810964,-0.005247313584169302,0.0051132008850422565,0.0,0.0,0.0,0.0,0.0,0.0,0.0,0.0,4.067495478226918e-11,0.002503437817334811,0.013754952769414547
8,0.009696273622190719,10,9,25,4.271575398630545,0.0782972307208961,-0.04141836386294016,-0.0007591913729296057,0.029725264010336074,0.0,0.0,0.0,0.0,0.0,0.0,0.0,0.0,-0.005247313935530538,0.005113199854227095,-0.005110231549644633,-0.005394855868066125,-0.0051102315494608325,-0.005394855868021561,0.005544441461509013,-0.005105104893798905,4.067495478226918e-11,0.002503437817334811,0.013754952769414547
8,0.009696273622190719,10,9,26,4.690086084472331,0.040617944147351856,-0.04547635798667282,-0.0003938427004235837,0.02944066830146919,0.0,0.0,0.0,0.0,0.0,0.0,0.0,0.0,0.0034797759485172735,-0.006603908524007462,0.006559051792283022,0.003338485133875234,0.006559051789623018,0.003338485135310842,-0.003199817674171555,0.006512859139155362,4.067495478226918e-11,0.002503437817334811,0.013754952769414547
8,0.009696273622190719,10,11,27,4.690086084478851,0.04061794415320687,0.04547635798673603,0.0003938427004803555,0.02944066825774723,-0.0031998176782280043,0.0065128591248291845,-0.006559051777976522,-0.0033384851380759794,-0.006559051775266705,-0.0033384851392232965,0.003479775952579713,-0.0066039085096722345,0.0,0.0,0.0,0.0,0.0,0.0,0.0,0.0,4.067495478226918e-11,0.002503437817334811,0.013754952769414547
8,0.009696273622190719,10,9,28,11.983233783511881,-0.06299333182408035,-0.11619271364361095,0.0006108005817397374,0.014919114334155806,0.0,0.0,0.0,0.0,0.0,0.0,0.0,0.0,0.0016937121984644634,-0.0033823379020593313,0.0033581290192608694,0.0016225988290734592,0.003358129019158228,0.0016225988294562938,-0.0015528285818120382,0.0033332708282045238,4.067495478226918e-11,0.002503437817334811,0.013754952769414547
8,0.009696273622190719,10,11,29,11.983233783525117,-0.06299333181924358,0.11619271364373929,-0.0006108005816928387,0.014919114333622654,-0.0015528285834056185,0.003333270827305653,-0.003358129018367222,-0.0016225988306767215,-0.0033581290182078333,-0.0016225988310564154,0.0016937122000742068,-0.003382337901113914,0.0,0.0,0.0,0.0,0.0,0.0,0.0,0.0,4.067495478226918e-11,0.002503437817334811,0.013754952769414547
8,0.009696273622190719,10,11,30,8.058125502207048,0.12361066794377275,0.07813378975135254,0.0011985628590045795,0.001097524298158307,0.0002288637952154494,-0.00015829779714848145,0.0001592507932462972,0.00022342030372170623,0.00015925079322959656,0.00022342030372135617,-0.00021804049466879466,0.00016011440846946433,0.0,0.0,0.0,0.0,0.0,0.0,0.0,0.0,4.067495478226918e-11,0.002503437817334811,0.013754952769414547
8,0.009696273622190719,10,9,31,8.058125514234792,0.12361066670766276,-0.07813378986797684,-0.0011985628470189188,0.0010975210439868135,0.0,0.0,0.0,0.0,0.0,0.0,0.0,0.0,-0.0002180399832074585,0.00016011374984591824,-0.0001592501326446525,-0.00022341977558114223,-0.00015925013262990575,-0.000223419775581045,0.00022886325013170335,-0.00015829713478196858,4.067495478226918e-11,0.002503437817334811,0.013754952769414547
8,0.009696273622190719,10,11,32,8.091742306798462,0.11446119588803931,0.07845974748697461,0.0011098470744536004,0.0006027758464405585,-8.258210956404831e-5,0.00012350469823392928,-0.00012406647247630438,-8.55214015101369e-5,-0.00012406647247943686,-8.552140151388592e-5,8.851031320525237e-5,-0.0001245940282372234,0.0,0.0,0.0,0.0,0.0,0.0,0.0,0.0,4.067495478226918e-11,0.002503437817334811,0.013754952769414547
8,0.009696273622190719,10,9,33,8.091742306797151,0.11446119588464097,-0.0784597474869619,-0.001109847074420649,0.0006027758459827206,0.0,0.0,0.0,0.0,0.0,0.0,0.0,0.0,8.851031306683013e-5,-0.0001245940281934937,0.0001240664724326864,8.552140137244702e-5,0.00012406647243518487,8.552140137571357e-5,-8.258210942661815e-5,0.0001235046981897542,4.067495478226918e-11,0.002503437817334811,0.013754952769414547
8,0.009696273622190719,10,11,34,11.58534822328621,0.012019770381315992,0.1123347063813442,0.00011654698249314353,0.0005256987475915724,0.00012338241441312494,-5.042740386016894e-5,5.143483370441531e-5,0.0001209346077402914,5.143483370309044e-5,0.0001209346077613278,-0.00011850736534649655,5.239388559057823e-5,0.0,0.0,0.0,0.0,0.0,0.0,0.0,0.0,4.067495478226918e-11,0.002503437817334811,0.013754952769414547
8,0.009696273622190719,10,9,35,11.585348226257864,0.012019765572583857,-0.11233470641015816,-0.00011654693586636097,0.000525697420237247,0.0,0.0,0.0,0.0,0.0,0.0,0.0,0.0,-0.00011850725738554682,5.239332070774798e-5,-5.143426239222079e-5,-0.00012093449013460474,-5.143426238443496e-5,-0.00012093449016526118,0.00012338228694368242,-5.0426826159709086e-5,4.067495478226918e-11,0.002503437817334811,0.013754952769414547
8,0.009696273622190719,10,11,36,7.882429515500207,-0.049561556150794606,0.07643019338992223,-0.0004805624095796739,0.0005047172875355308,-3.816110242642705e-5,0.00011840367126104635,-0.00011953050344213687,-4.0399112053822124e-5,-0.00011953050343622194,-4.03991120539165e-5,4.2684930648860635e-5,-0.00012064116641067455,0.0,0.0,0.0,0.0,0.0,0.0,0.0,0.0,4.067495478226918e-11,0.002503437817334811,0.013754952769414547
8,0.009696273622190719,10,9,37,7.882429515499912,-0.04956155615136111,-0.07643019338991937,0.0004805624095851669,0.0005047172871817989,0.0,0.0,0.0,0.0,0.0,0.0,0.0,0.0,4.2684930599475836e-5,-0.00012064116633320857,0.00011953050336500529,4.039911200638025e-5,0.00011953050335862704,4.0399112006791995e-5,-3.8161102381214e-5,0.00011840367118382252,4.067495478226918e-11,0.002503437817334811,0.013754952769414547
8,0.009696273622190719,10,11,38,7.921260249500542,-0.0377993948957838,0.07680670681173998,-0.00036651327566275896,0.0003929558089748733,7.61434669562574e-5,-6.425662359567667e-5,6.440979551567117e-5,7.41707833872402e-5,6.440979551135945e-5,7.417078338100541e-5,-7.222385779550345e-5,6.453329396633187e-5,0.0,0.0,0.0,0.0,0.0,0.0,0.0,0.0,4.067495478226918e-11,0.002503437817334811,0.013754952769414547
8,0.009696273622190719,10,9,39,7.921260249085189,-0.037799394864097405,-0.07680670680771261,0.000366513275355519,0.00039295495458250635,0.0,0.0,0.0,0.0,0.0,0.0,0.0,0.0,-7.222376365972494e-5,6.453308326048843e-5,-6.440958318055734e-5,-7.417068489639729e-5,-6.440958317646361e-5,-7.41706848911976e-5,7.614336402642668e-5,-6.425640967095062e-5,4.067495478226918e-11,0.002503437817334811,0.013754952769414547
8,0.009696273622190719,10,11,40,8.07548507717266,0.12356730956330973,0.07830211294018405,0.0011981424442837952,0.0003752357837129575,3.6799146881181166e-5,-8.77352445599205e-5,8.700780021884346e-5,3.505540219882516e-5,8.700780021718013e-5,3.50554022054066e-5,-3.3346457837328524e-5,8.6266326755141e-5,0.0,0.0,0.0,0.0,0.0,0.0,0.0,0.0,4.067495478226918e-11,0.002503437817334811,0.013754952769414547
8,0.009696273622190719,10,9,41,8.075485077679604,0.12356730946459545,-0.0783021129450995,-0.0011981424433266344,0.00037523569238796193,0.0,0.0,0.0,0.0,0.0,0.0,0.0,0.0,-3.334648777246617e-5,8.626629105115982e-5,-8.700776358067615e-5,-3.5055432046754556e-5,-8.700776357779949e-5,-3.505543205139619e-5,3.6799176625308696e-5,-8.773520697438312e-5,4.067495478226918e-11,0.002503437817334811,0.013754952769414547
8,0.009696273622190719,10,11,42,5.132082186486333,0.0495386449258122,0.0497620731317423,0.0004803402560732249,0.00030675873489926586,-7.53713559442322e-5,5.990840378171998e-6,-4.994404641059317e-6,-7.652303909731196e-5,-4.994404641923457e-6,-7.652303910990778e-5,7.767671390303243e-5,-3.967359290808596e-6,0.0,0.0,0.0,0.0,0.0,0.0,0.0,0.0,4.067495478226918e-11,0.002503437817334811,0.013754952769414547
8,0.009696273622190719,10,9,43,5.132082186483584,0.0495386449258661,-0.04976207313171564,-0.00048034025607374755,0.0003067587348856421,0.0,0.0,0.0,0.0,0.0,0.0,0.0,0.0,7.767671389713878e-5,-3.967359329829771e-6,4.99440467938625e-6,7.652303909273662e-5,4.99440468137012e-6,7.65230391025873e-5,-7.537135593821993e-5,5.990840416924162e-6,4.067495478226918e-11,0.002503437817334811,0.013754952769414547
8,0.009696273622190719,10,9,44,11.564391326440134,-0.0054993720484041025,-0.11213150257525262,5.3323416131553645e-5,0.0002683757654191325,0.0,0.0,0.0,0.0,0.0,0.0,0.0,0.0,4.25433608934539e-5,-5.310675710525637e-5,5.2949060247829116e-5,4.1201261236793056e-5,5.29490602384032e-5,4.1201261236337366e-5,-3.9880337906500995e-5,5.277487864114395e-5,4.067495478226918e-11,0.002503437817334811,0.013754952769414547
8,0.009696273622190719,10,11,45,11.564391326442596,-0.0054993720465736085,0.11213150257527649,-5.332341611380467e-5,0.00026837576481325136,-3.9880337934337785e-5,5.2774878424964725e-5,-5.2949060034460344e-5,-4.1201261266152695e-5,-5.294906002415195e-5,-4.120126126310616e-5,4.25433609219078e-5,-5.310675689388609e-5,0.0,0.0,0.0,0.0,0.0,0.0,0.0,0.0,4.067495478226918e-11,0.002503437817334811,0.013754952769414547
8,0.009696273622190719,10,9,46,7.885548278882038,-0.04845796465626186,-0.07646043377303534,0.000469861684481562,0.0002675254057748985,0.0,0.0,0.0,0.0,0.0,0.0,0.0,0.0,5.0078525931346844e-5,-4.5750525275484087e-5,4.58019181975787e-5,4.873245581479953e-5,4.5801918194165744e-5,4.8732455812769534e-5,-4.740470256416285e-5,4.583381447053636e-5,4.067495478226918e-11,0.002503437817334811,0.013754952769414547
8,0.009696273622190719,10,11,47,7.885548278884466,-0.048457964656021695,0.07646043377305888,-0.0004698616844792333,0.00026752540522140153,-4.7404702495378175e-5,4.583381434511117e-5,-4.580191807177929e-5,-4.873245574362816e-5,-4.580191806779077e-5,-4.873245574116969e-5,5.007852585731823e-5,-4.5750525148762184e-5,0.0,0.0,0.0,0.0,0.0,0.0,0.0,0.0,4.067495478226918e-11,0.002503437817334811,0.013754952769414547
8,0.009696273622190719,10,9,48,5.138177355269749,0.055555176866016034,-0.049821173556039745,-0.0005386781960220914,0.0001843182378298269,0.0,0.0,0.0,0.0,0.0,0.0,0.0,0.0,-3.103580718985549e-5,-3.31766126755982e-5,3.409091469607578e-5,-3.0998758849930725e-5,3.409091468984157e-5,-3.099875885466849e-5,3.0948071669559314e-5,3.501761348615096e-5,4.067495478226918e-11,0.002503437817334811,0.013754952769414547
8,0.009696273622190719,10,11,49,5.138177355978128,0.05555517646915713,0.04982117356290837,0.0005386781921740387,0.00018431725784676773,3.0947648776337205e-5,3.501765562766984e-5,-3.409096213808728e-5,3.099834252352774e-5,-3.4090962132995996e-5,3.099834252921358e-5,-3.103539741227844e-5,-3.317666525271266e-5,0.0,0.0,0.0,0.0,0.0,0.0,0.0,0.0,4.067495478226918e-11,0.002503437817334811,0.013754952769414547
8,0.009696273622190719,10,9,50,8.704295045855256,0.07493955869428483,-0.08439922645289168,-0.0007266344662260071,0.00016384857574081567,0.0,0.0,0.0,0.0,0.0,0.0,0.0,0.0,-3.617509836174333e-5,1.7952911751269305e-5,-1.7687860566656857e-5,-3.694413447809218e-5,-1.7687860563207278e-5,-3.694413448070129e-5,3.772024278547649e-5,-1.7408030310408182e-5,4.067495478226918e-11,0.002503437817334811,0.013754952769414547
8,0.009696273622190719,10,11,51,8.704295040825219,0.07493955744100901,0.08439922640411907,0.0007266344540739019,0.0001638484226559039,3.7720203455768236e-5,-1.740802290277733e-5,1.7687852715144428e-5,3.694409580778969e-5,1.7687852712144444e-5,3.694409581031561e-5,-3.617506034762687e-5,1.7952903471791494e-5,0.0,0.0,0.0,0.0,0.0,0.0,0.0,0.0,4.067495478226918e-11,0.002503437817334811,0.013754952769414547
8,0.009696273622190719,10,11,52,8.75159912687952,0.0641118400940729,0.08485789976594922,0.0006216459439742684,8.273465948018509e-5,-1.5326992575404693e-5,1.3450866475740955e-5,-1.3421207060771848e-5,-1.573665852892825e-5,-1.3421207063231169e-5,-1.573665853055734e-5,1.6151691707726146e-5,-1.3385251911365714e-5,0.0,0.0,0.0,0.0,0.0,0.0,0.0,0.0,4.067495478226918e-11,0.002503437817334811,0.013754952769414547
8,0.009696273622190719,10,9,53,8.751599126874304,0.06411184008700367,-0.08485789976589864,-0.0006216459439057232,8.273465937329305e-5,0.0,0.0,0.0,0.0,0.0,0.0,0.0,0.0,1.615169166493076e-5,-1.3385251920362534e-5,1.3421207069382507e-5,1.5736658486511733e-5,1.3421207072512231e-5,1.573665848747629e-5,-1.53269925326993e-5,1.3450866484621672e-5,4.067495478226918e-11,0.002503437817334811,0.013754952769414547
8,0.009696273622190719,10,11,54,8.75199900149915,0.07030153240877969,0.08486177705967572,0.0006816628942948365,4.1810054871870686e-5,6.53895618315762e-6,-8.34385462310751e-6,8.317052952516192e-6,6.3301461382096034e-6,8.31705295115873e-6,6.3301461450812344e-6,-6.124662414739782e-6,8.287718556863044e-6,0.0,0.0,0.0,0.0,0.0,0.0,0.0,0.0,4.067495478226918e-11,0.002503437817334811,0.013754952769414547
8,0.009696273622190719,10,9,55,8.751999001804785,0.07030153249027048,-0.08486177706263924,-0.0006816628950849934,4.1809954324638356e-5,0.0,0.0,0.0,0.0,0.0,0.0,0.0,0.0,-6.124666071523116e-6,8.287685039615798e-6,-8.317018907303217e-6,-6.330149366940369e-6,-8.317018907511926e-6,-6.330149371979146e-6,6.5389589683653675e-6,-8.343820050181125e-6,4.067495478226918e-11,0.002503437817334811,0.013754952769414547
8,0.009696273622190719,10,11,56,8.65459696820655,0.02287149882032108,0.08391734029351293,0.00022176831071144543,3.207748087791642e-5,2.715789457734765e-6,7.425307858118567e-6,-7.569257498329201e-6,2.647680128372427e-6,-7.569257497574218e-6,2.647680129006895e-6,-2.5765428849452493e-6,-7.714265604239846e-6,0.0,0.0,0.0,0.0,0.0,0.0,0.0,0.0,4.067495478226918e-11,0.002503437817334811,0.013754952769414547
8,0.009696273622190719,10,9,57,8.654596968209704,0.022871498822539055,-0.08391734029354353,-0.00022176831073295153,3.207748083716731e-5,0.0,0.0,0.0,0.0,0.0,0.0,0.0,0.0,-2.5765428779506567e-6,-7.714265595780006e-6,7.569257489910172e-6,-2.6476801211938328e-6,7.569257489341428e-6,-2.6476801220813734e-6,2.715789450627305e-6,7.425307849927206e-6,4.067495478226918e-11,0.002503437817334811,0.013754952769414547
8,0.009696273622190719,10,11,58,8.719500397942898,0.0342767938538759,0.08454666170725521,0.00033235717209860585,1.2217576550414204e-5,2.827916032734521e-7,-3.0848031760925334e-6,3.045127212013856e-6,2.3577762757084725e-7,3.045127211412934e-6,2.357776284210483e-7,-1.899816846853798e-7,3.005356692676289e-6,0.0,0.0,0.0,0.0,0.0,0.0,0.0,0.0,4.067495478226918e-11,0.002503437817334811,0.013754952769414547
8,0.009696273622190719,10,9,59,8.719500396316622,0.03427679367265628,-0.08454666169148639,-0.00033235717034145083,1.2217233158468583e-5,0.0,0.0,0.0,0.0,0.0,0.0,0.0,0.0,-1.899686903140506e-7,3.0052727068784275e-6,-3.0450422248798067e-6,-2.3576324474995937e-7,-3.0450422245458326e-6,-2.3576324539081624e-7,2.8277579779603526e-7,-3.084717193650912e-6,4.067495478226918e-11,0.002503437817334811,0.013754952769414547
8,0.009696273622190719,10,9,60,8.70630255393035,0.027023962019417175,-0.08441869180048654,-0.0002620317300959586,4.122925360325903e-6,0.0,0.0,0.0,0.0,0.0,0.0,0.0,0.0,2.115226201176174e-8,-1.0451441265367412e-6,1.0306606851493954e-6,6.279410115320046e-9,1.030660684876702e-6,6.279410075149085e-9,8.181178072445983e-9,1.0161746492682737e-6,4.067495478226918e-11,0.002503437817334811,0.013754952769414547
8,0.009696273622190719,10,11,61,8.706302553944093,0.027023962026970258,0.0844186918006198,0.00026203173016919537,4.122925344132927e-6,8.181177733278427e-9,1.0161746452472455e-6,-1.0306606811226408e-6,-6.279410436665765e-9,-1.0306606808027675e-6,-6.279410409328835e-9,2.115226232858928e-8,-1.0451441224566928e-6,0.0,0.0,0.0,0.0,0.0,0.0,0.0,0.0,4.067495478226918e-11,0.002503437817334811,0.013754952769414547
8,0.009696273622190719,10,9,62,11.894008366995028,-0.061062232510885175,-0.1153275595910096,0.0005920761144073724,1.8088309565825554e-6,0.0,0.0,0.0,0.0,0.0,0.0,0.0,0.0,2.766844161697857e-7,3.6576293186686745e-7,-3.567328658664395e-7,2.7787237583817894e-7,-3.5673286592085574e-7,2.7787237546922616e-7,-2.7891761977266224e-7,-3.4781392032868295e-7,4.067495478226918e-11,0.002503437817334811,0.013754952769414547
8,0.009696273622190719,10,11,63,11.89400836699223,-0.06106223251148176,0.11532755959098247,-0.0005920761144131571,1.8088309506294075e-6,-2.7891762209506925e-7,-3.4781391665366073e-7,3.5673286219373877e-7,-2.7787237810278267e-7,3.5673286220479404e-7,-2.7787237784798367e-7,2.7668441848979744e-7,3.6576292815159544e-7,0.0,0.0,0.0,0.0,0.0,0.0,0.0,0.0,4.067495478226918e-11,0.002503437817334811,0.013754952769414547
8,0.009696273622190719,10,11,64,11.996060388303954,0.0712052932456504,0.11631708391331859,0.000690426006658155,6.597725937855422e-7,-1.0291403613950804e-7,1.2591121246585462e-7,-1.2621536827963176e-7,-1.0617534070890898e-7,-1.2621536861502002e-7,-1.0617534071052308e-7,1.0948712293444635e-7,-1.2647704419711569e-7,0.0,0.0,0.0,0.0,0.0,0.0,0.0,0.0,4.067495478226918e-11,0.002503437817334811,0.013754952769414547
8,0.009696273622190719,10,9,65,11.996060388302512,0.07120529324547377,-0.1163170839133046,-0.0006904260066564423,6.597725813160018e-7,0.0,0.0,0.0,0.0,0.0,0.0,0.0,0.0,1.0948711814271626e-7,-1.2647704414507822e-7,1.2621536826024408e-7,1.0617533596288868e-7,1.262153685735204e-7,1.0617533584449305e-7,-1.029140313190367e-7,1.2591121245410616e-7,4.067495478226918e-11,0.002503437817334811,0.013754952769414547
8,0.009696273622190719,10,9,66,11.989099304238886,0.07760560050741415,-0.11624958733751661,-0.0007524851371343105,5.40756883316752e-7,0.0,0.0,0.0,0.0,0.0,0.0,0.0,0.0,-1.3276951248552193e-7,1.1703107355662775e-8,-9.964109078268664e-9,-1.3481474230638126e-7,-9.964109051355774e-9,-1.3481474241283687e-7,1.36863947094307e-7,-8.17118408102377e-9,4.067495478226918e-11,0.002503437817334811,0.013754952769414547
8,0.009696273622190719,10,11,67,11.98909927762833,0.07760559790407125,0.11624958707949339,0.0007524851118915854,5.406646320012691e-7,1.3684133462576205e-7,-8.157452144946002e-9,9.950255985142098e-9,1.347926410682309e-7,9.950255952512298e-9,1.3479264114592604e-7,-1.327479169101949e-7,1.1689141941634214e-8,0.0,0.0,0.0,0.0,0.0,0.0,0.0,0.0,4.067495478226918e-11,0.002503437817334811,0.013754952769414547
8,0.009696273622190719,10,11,68,4.736006874928014,0.03768707037324824,0.0459216185358784,0.00036542414635777225,4.4070189649127273e-13,-1.0535591578813738e-13,-2.6440619423122915e-14,2.8325720046296636e-14,-1.0646624399357675e-13,2.832566411016569e-14,-1.064663911916868e-13,1.0756538038409853e-13,3.0253345984276526e-14,0.0,0.0,0.0,0.0,0.0,0.0,0.0,0.0,4.067495478226918e-11,0.002503437817334811,0.013754952769414547
8,0.009696273622190719,10,9,69,4.73600687492332,0.03768707037050381,-0.04592161853583289,-0.00036542414633116153,4.4063944506726923e-13,0.0,0.0,0.0,0.0,0.0,0.0,0.0,0.0,1.075496692645237e-13,3.025128952308908e-14,-2.832386463828155e-14,1.0645062870393656e-13,-2.8323707684773954e-14,1.0645070801126107e-13,-1.053403301615531e-13,-2.6438864274535865e-14,4.067495478226918e-11,0.002503437817334811,0.013754952769414547
8,0.009696273622190719,10,11,70,4.746441377260807,0.04816284098418862,0.04602279432560855,0.0004670000846047542,3.9478417954793165e-13,-1.698644025473576e-14,-9.864476092829305e-14,9.701301088572336e-14,-1.81217251737284e-14,9.701314829769781e-14,-1.8121774570606805e-14,1.921825431523864e-14,9.538863933179587e-14,0.0,0.0,0.0,0.0,0.0,0.0,0.0,0.0,4.067495478226918e-11,0.002503437817334811,0.013754952769414547
8,0.009696273622190719,10,9,71,4.746441375117926,0.04816284099049452,-0.04602279430483059,-0.0004670000846658979,3.350648086786877e-13,0.0,0.0,0.0,0.0,0.0,0.0,0.0,0.0,2.1550664837170776e-14,7.972449368498094e-14,-8.11609127378127e-14,2.0711739130979622e-14,-8.116096338906957e-14,2.071179203638141e-14,-1.984039887509284e-14,-8.26056600140945e-14,4.067495478226918e-11,0.002503437817334811,0.013754952769414547
8,0.009696273622190719,10,9,72,8.081696215309414,0.1300145479955378,-0.07836233783506323,-0.0012606566322301825,1.0746104036498431e-13,0.0,0.0,0.0,0.0,0.0,0.0,0.0,0.0,1.7840405234337928e-14,1.9577169970701645e-14,-2.010991557010954e-14,1.781183675436027e-14,-2.0109883292148604e-14,1.7811862429538598e-14,-1.7775248565239767e-14,-2.0649752103790577e-14,4.067495478226918e-11,0.002503437817334811,0.013754952769414547
8,0.009696273622190719,10,11,73,8.081696207670372,0.1300145485413139,0.078362337760993,0.0012606566375221767,1.0243635813373438e-13,-1.7224938771787506e-14,-1.9438935492765277e-14,1.8923882882498986e-14,-1.7252446263254345e-14,1.8923875680758915e-14,-1.725243410618712e-14,1.727237063430821e-14,1.841572248084957e-14,0.0,0.0,0.0,0.0,0.0,0.0,0.0,0.0,4.067495478226918e-11,0.002503437817334811,0.013754952769414547
8,0.009696273622190719,10,9,74,8.777951156503716,0.0694179499124986,-0.0851134162556855,-0.0006730954366431167,2.999236855469677e-14,0.0,0.0,0.0,0.0,0.0,0.0,0.0,0.0,9.447865260870933e-16,7.331815331707324e-15,-7.449040571651054e-15,8.529747166912455e-16,-7.44903980986755e-15,8.52973713342259e-16,-7.581821335089547e-16,-7.566605609419329e-15,4.067495478226918e-11,0.002503437817334811,0.013754952769414547
8,0.009696273622190719,10,11,75,8.777951154397897,0.06941794935826216,0.0851134162352669,0.0006730954312690885,1.9714687153210404e-14,-1.4027865164924496e-15,-4.79774086729988e-15,4.710341090152951e-15,-1.4498480903650764e-15,4.710340693846384e-15,-1.4498523666782547e-15,1.4950297701533587e-15,4.623520496536201e-15,0.0,0.0,0.0,0.0,0.0,0.0,0.0,0.0,4.067495478226918e-11,0.002503437817334811,0.013754952769414547
8,0.009696273622190719,10,9,76,8.73748223176001,0.027093339826823132,-0.08472101848817468,-0.0002627044362998744,5.941286261444688e-15,0.0,0.0,0.0,0.0,0.0,0.0,0.0,0.0,-1.433775467257773e-15,4.620894617555254e-16,-4.755475912112176e-16,-1.4070584216563542e-15,-4.75548149980592e-16,-1.407058710426811e-15,1.380531779862731e-15,-4.884434408797486e-16,4.067495478226918e-11,0.002503437817334811,0.013754952769414547
8,0.009696273622190719,10,11,77,8.737482231765574,0.027093339829130828,0.08472101848822863,0.00026270443632225046,5.9409616351835465e-15,1.3804060196303278e-15,-4.885592799581276e-16,4.75664929090468e-16,1.4069329589762948e-15,4.75666148305953e-16,1.4069332968423696e-15,-1.4336503650837564e-15,4.622089510246663e-16,0.0,0.0,0.0,0.0,0.0,0.0,0.0,0.0,4.067495478226918e-11,0.002503437817334811,0.013754952769414547
8,0.009696273622190719,10,11,78,7.896767339710918,-0.05295091560889514,0.07656921685661615,-0.0005134265662893767,2.6292668529707575e-15,-4.2004700265861176e-16,4.934932271079274e-16,-4.944463676897395e-16,-4.330636254974553e-16,-4.944456959481733e-16,-4.3306612922611006e-16,4.462804877064611e-16,-4.95225583980031e-16,0.0,0.0,0.0,0.0,0.0,0.0,0.0,0.0,4.067495478226918e-11,0.002503437817334811,0.013754952769414547
8,0.009696273622190719,10,9,79,7.896767339709536,-0.052950915609108945,-0.07656921685660274,0.0005134265662914499,2.6287763936167544e-15,0.0,0.0,0.0,0.0,0.0,0.0,0.0,0.0,4.461988148813072e-16,-4.951323213435243e-16,4.943542895670868e-16,4.3298569799661234e-16,4.943517820632447e-16,4.329842236002814e-16,-4.1996882248013867e-16,4.934005074761629e-16,4.067495478226918e-11,0.002503437817334811,0.013754952769414547
