iteration,scale,ground_charge,charge,support_rank,energy_real,energy_imag,energy_abs,physical_gap_abs,addition_weight_abs,removal_weight_abs,total_weight_abs,addition_residue_real,addition_residue_imag,removal_residue_real,removal_residue_imag,max_residual,biorth_error,min_pair_overlap
0,0.7853981633974483,2,3,0,0.22142557083042858,0.0009235964115037304,0.22142749704567516,0.17390874950536717,25.100387218702053,0.0,25.100387218702053,0.5019532181764603,0.0020847343836045695,0.0,0.0,1.0471881703153445e-14,1.7790189592656869e-12,0.000199999996444512
0,0.7853981633974483,2,1,1,0.2214255708304323,0.0009235964115037359,0.22142749704567888,0.1739087495053701,0.0,25.100387218655516,25.100387218655516,0.0,0.0,0.5019532181764568,0.002084734383606346,1.0471881703153445e-14,1.7790189592656869e-12,0.000199999996444512
0,0.7853981633974483,2,3,2,0.21958586986032297,-0.0009159192997849251,0.21958778005726642,0.17246383916149988,24.891867015095492,0.0,24.891867015095492,0.49778319489088396,-0.002084724000567917,0.0,0.0,1.0471881703153445e-14,1.7790189592656869e-12,0.000199999996444512
0,0.7853981633974483,2,1,3,0.21958586986031964,-0.0009159192997850084,0.2195877800572631,0.17246383916149724,0.0,24.891867015045037,24.891867015045037,0.0,0.0,0.49778319489088396,-0.0020847240005661405,1.0471881703153445e-14,1.7790189592656869e-12,0.000199999996444512
0,0.7853981633974483,2,3,4,0.6625530717161557,0.0008919691893884677,0.6625536721274347,0.5203684372411223,0.006636701997496049,0.0,0.006636701997496049,0.00013271758796091744,9.18685250644348e-7,0.0,0.0,1.0471881703153445e-14,1.7790189592656869e-12,0.000199999996444512
0,0.7853981633974483,2,1,5,0.6625530717161559,0.0008919691893900576,0.6625536721274348,0.5203684372411224,0.0,0.006636701997491225,0.006636701997491225,0.0,0.0,0.00013271758796088882,9.186852506924865e-7,1.0471881703153445e-14,1.7790189592656869e-12,0.000199999996444512
0,0.7853981633974483,2,3,6,0.6607913273538673,-0.0008696003051812565,0.6607918995499086,0.5189847442944093,0.006544286503431144,0.0,0.006544286503431144,0.0001308693446958574,-9.290682890959398e-7,0.0,0.0,1.0471881703153445e-14,1.7790189592656869e-12,0.000199999996444512
0,0.7853981633974483,2,1,7,0.6607913273538675,-0.0008696003051828445,0.6607918995499088,0.5189847442944096,0.0,0.0065442865034248295,0.0065442865034248295,0.0,0.0,0.00013086934469580796,-9.290682890955061e-7,1.0471881703153445e-14,1.7790189592656869e-12,0.000199999996444512
1,0.4534498410585544,3,2,0,0.016513819463766843,0.0028415092382680232,0.01675650345486931,0.007598233828307607,0.0,45.460654615366536,45.460654615366536,0.0,0.0,0.9091221776749592,-1.5732076686703067e-5,5.853153267083984e-13,2.6881067508903967e-10,0.019998000149951345
1,0.4534498410585544,3,4,1,0.01651381946374597,0.0028415092382654745,0.016756503454848307,0.007598233828298082,45.46065461536634,0.0,45.46065461536634,0.9091221776749201,-1.5732076700913922e-5,0.0,0.0,5.853153267083984e-13,2.6881067508903967e-10,0.019998000149951345
1,0.4534498410585544,3,2,2,1.2681982566239682,0.000313327274932061,1.2681982953300535,0.5750643154481424,0.0,2.313242634160899,2.313242634160899,0.0,0.0,0.04621953007786994,0.0019400004472100996,5.853153267083984e-13,2.6881067508903967e-10,0.019998000149951345
1,0.4534498410585544,3,4,3,1.2681982566240002,0.0003133272750057321,1.2681982953300854,0.5750643154481568,2.313242634046323,0.0,2.313242634046323,0.04621953007785262,0.0019400004472106547,0.0,0.0,5.853153267083984e-13,2.6881067508903967e-10,0.019998000149951345
1,0.4534498410585544,3,2,4,1.2667250838616062,-0.0001381859584124903,1.2667250913989003,0.5743962913597142,0.0,2.210938529733645,2.210938529733645,0.0,0.0,0.044213892720572634,-0.00020088393630646184,5.853153267083984e-13,2.6881067508903967e-10,0.019998000149951345
1,0.4534498410585544,3,4,5,1.2667250838615949,-0.00013818595833857547,1.266725091398889,0.574396291359709,2.2109385296150186,0.0,2.2109385296150186,0.044213892720565195,-0.00020088393633843626,0.0,0.0,5.853153267083984e-13,2.6881067508903967e-10,0.019998000149951345
1,0.4534498410585544,3,2,6,1.2739491440373147,0.0053711982283617486,1.2739604669548483,0.5776771712555577,0.0,0.08898440121782397,0.08898440121782397,0.0,0.0,0.000443415196769905,-0.0017233801229593892,5.853153267083984e-13,2.6881067508903967e-10,0.019998000149951345
1,0.4534498410585544,3,4,7,1.2739491440373116,0.005371198228304551,1.273960466954845,0.5776771712555562,0.08898440121291941,0.0,0.08898440121291941,0.0004434151967743251,-0.001723380122933084,0.0,0.0,5.853153267083984e-13,2.6881067508903967e-10,0.019998000149951345
1,0.4534498410585544,3,2,8,2.5489465351806952,0.0028426513985001303,2.5489481202795488,1.1558201200072624,0.0,2.456886071233128e-5,2.456886071233128e-5,0.0,0.0,4.913222123467333e-7,2.4012543589436227e-9,5.853153267083984e-13,2.6881067508903967e-10,0.019998000149951345
1,0.4534498410585544,3,4,9,2.548946535180692,0.0028426513984986116,2.5489481202795456,1.155820120007261,2.4568860709580457e-5,0.0,2.4568860709580457e-5,4.913222123593101e-7,2.4012544179987598e-9,0.0,0.0,5.853153267083984e-13,2.6881067508903967e-10,0.019998000149951345
1,0.4534498410585544,3,4,10,2.551258139467169,0.002559478666916176,2.5512594233296872,1.1568681800079859,1.5956659565002133e-5,0.0,1.5956659565002133e-5,3.19070954271759e-7,-4.399248992128988e-9,0.0,0.0,5.853153267083984e-13,2.6881067508903967e-10,0.019998000149951345
1,0.4534498410585544,3,2,11,2.5512581394671505,0.002559478666950099,2.5512594233296686,1.1568681800079774,0.0,1.595665956378215e-5,1.595665956378215e-5,0.0,0.0,3.1907095421107926e-7,-4.3992489645318074e-9,5.853153267083984e-13,2.6881067508903967e-10,0.019998000149951345
1,0.4534498410585544,3,4,12,2.551541491212395,0.0028429041981779908,2.5515430749808345,1.1569968018041146,7.973655137719163e-6,0.0,7.973655137719163e-6,1.594403393382965e-7,-2.315805639041479e-9,0.0,0.0,5.853153267083984e-13,2.6881067508903967e-10,0.019998000149951345
1,0.4534498410585544,3,2,13,2.5515414912123617,0.002842904198192417,2.5515430749808012,1.1569968018040995,0.0,7.97365513716437e-6,7.97365513716437e-6,0.0,0.0,1.594403393415292e-7,-2.3158057217051183e-9,5.853153267083984e-13,2.6881067508903967e-10,0.019998000149951345
1,0.4534498410585544,3,2,14,3.8032986115301934,0.0003195582290707044,3.803298624955048,1.724605156984085,0.0,3.651662220832841e-7,3.651662220832841e-7,0.0,0.0,7.296925042092146e-9,2.8769119376490097e-10,5.853153267083984e-13,2.6881067508903967e-10,0.019998000149951345
1,0.4534498410585544,3,4,15,3.80329861153016,0.00031955822914335246,3.8032986249550147,1.72460515698407,3.6516622206483104e-7,0.0,3.6516622206483104e-7,7.2969250403337055e-9,2.8769118339226785e-10,0.0,0.0,5.853153267083984e-13,2.6881067508903967e-10,0.019998000149951345
1,0.4534498410585544,3,4,16,3.8018302797381147,-0.00012999667133943094,3.8018302819606147,1.7239393370866398,3.5830024393043515e-7,0.0,3.5830024393043515e-7,7.16515655992235e-9,-4.345519403087475e-11,0.0,0.0,5.853153267083984e-13,2.6881067508903967e-10,0.019998000149951345
1,0.4534498410585544,3,2,17,3.801830279738117,-0.00012999667129623936,3.801830281960617,1.7239393370866407,0.0,3.5830024384286603e-7,3.5830024384286603e-7,0.0,0.0,7.1651565585666475e-9,-4.345520533855284e-11,5.853153267083984e-13,2.6881067508903967e-10,0.019998000149951345
1,0.4534498410585544,3,2,18,3.809036668735047,0.005367565599628438,3.8090404506290887,1.7272087869233648,0.0,1.2210514239270894e-8,1.2210514239270894e-8,0.0,0.0,3.42275437667733e-11,-2.4177512485666166e-10,5.853153267083984e-13,2.6881067508903967e-10,0.019998000149951345
1,0.4534498410585544,3,4,19,3.8090366687350414,0.005367565599557379,3.809040450629083,1.727208786923362,1.2210514222731615e-8,0.0,1.2210514222731615e-8,3.422754393446845e-11,-2.417751237951664e-10,0.0,0.0,5.853153267083984e-13,2.6881067508903967e-10,0.019998000149951345
1,0.4534498410585544,3,4,20,5.086705667335749,0.0028441087027462446,5.086706462443055,2.306566236906325,5.263637208088536e-18,0.0,5.263637208088536e-18,8.015387311757811e-22,1.0529529865073735e-19,0.0,0.0,5.853153267083984e-13,2.6881067508903967e-10,0.019998000149951345
1,0.4534498410585544,3,2,21,5.086705667335755,0.0028441087027501004,5.086706462443061,2.3065662369063276,0.0,5.2635333899745416e-18,5.2635333899745416e-18,0.0,0.0,8.192406788259654e-22,1.052724466532933e-19,5.853153267083984e-13,2.6881067508903967e-10,0.019998000149951345
1,0.4534498410585544,3,2,22,1.272686508357019,0.005822636997478548,1.2726998277895636,0.5771055346264272,0.0,3.2496011499812546e-20,3.2496011499812546e-20,0.0,0.0,5.55943413051251e-23,-1.3603595748385274e-21,5.853153267083984e-13,2.6881067508903967e-10,0.019998000149951345
1,0.4534498410585544,3,4,23,1.2726865083570387,0.0058226369975047645,1.2726998277895833,0.5771055346264361,2.726567732203992e-20,0.0,2.726567732203992e-20,-9.006461546077116e-23,-1.2450700114358973e-21,0.0,0.0,5.853153267083984e-13,2.6881067508903967e-10,0.019998000149951345
1,0.4534498410585544,3,2,24,2.5518248429327786,0.0031261368161423714,2.551826757783587,1.157125437725934,0.0,2.65778373011361e-25,2.65778373011361e-25,0.0,0.0,7.989978590447376e-26,8.812392767651408e-27,5.853153267083984e-13,2.6881067508903967e-10,0.019998000149951345
1,0.4534498410585544,3,4,25,2.5518248429327905,0.0031261368161418783,2.551826757783599,1.1571254377259392,2.601703888454369e-25,0.0,2.601703888454369e-25,7.392588667545491e-26,1.1937951048408286e-26,0.0,0.0,5.853153267083984e-13,2.6881067508903967e-10,0.019998000149951345
1,0.4534498410585544,3,4,26,3.8077779243698346,0.0058170473014759845,3.8077823676462335,1.7266383093947506,1.8477855832107511e-25,0.0,1.8477855832107511e-25,2.3540645381928306e-26,7.286337949426576e-27,0.0,0.0,5.853153267083984e-13,2.6881067508903967e-10,0.019998000149951345
1,0.4534498410585544,3,2,27,2.5530437076962063,0.0028428528587181867,2.553045290475586,1.1576779811814453,0.0,6.587002830711702e-26,6.587002830711702e-26,0.0,0.0,-1.113976074361686e-28,9.916701332698189e-28,5.853153267083984e-13,2.6881067508903967e-10,0.019998000149951345
1,0.4534498410585544,3,2,28,3.8077779243698795,0.00581704730149217,3.8077823676462783,1.7266383093947708,0.0,6.523290688140205e-26,6.523290688140205e-26,0.0,0.0,9.935873301188704e-27,-8.237856171620921e-28,5.853153267083984e-13,2.6881067508903967e-10,0.019998000149951345
1,0.4534498410585544,3,4,29,2.553043707696206,0.0028428528587189916,2.5530452904755854,1.157677981181445,5.483192787861637e-26,0.0,5.483192787861637e-26,-4.559640838358596e-29,8.556437098470234e-28,0.0,0.0,5.853153267083984e-13,2.6881067508903967e-10,0.019998000149951345
2,0.2617993877991494,4,3,0,0.28130780994223836,0.0026723193518848123,0.28132050267482633,0.07364953537561851,0.0,23.615645471990103,23.615645471990103,0.0,0.0,0.47224495803122934,0.0044242007622319335,1.7815652980378847e-12,4.0266885430483755e-10,0.019998000149785537
2,0.2617993877991494,4,5,1,0.2813078099438526,0.002672319352314226,0.2813205026764446,0.07364953537604217,23.61564546425017,0.0,23.61564546425017,0.47224495803150823,0.004424200763233799,0.0,0.0,1.7815652980378847e-12,4.0266885430483755e-10,0.019998000149785537
2,0.2617993877991494,4,3,2,0.2760128094899803,-0.002622106367734903,0.2760252641414475,0.07226324516932947,0.0,23.17298828362022,23.17298828362022,0.0,0.0,0.46339228754591844,-0.004425885572912236,1.7815652980378847e-12,4.0266885430483755e-10,0.019998000149785537
2,0.2617993877991494,4,5,3,0.27601280948872886,-0.0026221063676804424,0.2760252641401956,0.07226324516900172,23.172988275844105,0.0,23.172988275844105,0.4633922875474683,-0.0044258855717203005,0.0,0.0,1.7815652980378847e-12,4.0266885430483755e-10,0.019998000149785537
2,0.2617993877991494,4,5,4,2.401489802541123,0.00018007926774218398,2.4014898092928783,0.6287085618787716,1.5896539766968558,0.0,1.5896539766968558,0.031789569357278724,0.0001450882460892755,0.0,0.0,1.7815652980378847e-12,4.0266885430483755e-10,0.019998000149785537
2,0.2617993877991494,4,3,5,2.4014898025458615,0.0001800792702196588,2.401489809297617,0.6287085618800122,0.0,1.5896539659375386,1.5896539659375386,0.0,0.0,0.03178956935670818,0.00014508824604109183,1.7815652980378847e-12,4.0266885430483755e-10,0.019998000149785537
2,0.2617993877991494,4,5,6,2.4011312440233334,-0.00017844747936335975,2.401131250654271,0.6286146914466941,1.575237543794152,0.0,1.575237543794152,0.03150127520787249,-0.00014318534979662623,0.0,0.0,1.7815652980378847e-12,4.0266885430483755e-10,0.019998000149785537
2,0.2617993877991494,4,3,7,2.4011312440205757,-0.00017844747862588804,2.4011312506515132,0.6286146914459722,0.0,1.5752375328752914,1.5752375328752914,0.0,0.0,0.0315012752083913,-0.00014318534966151208,1.7815652980378847e-12,4.0266885430483755e-10,0.019998000149785537
2,0.2617993877991494,4,3,8,0.8392477581640257,0.00249068766994469,0.8392514540400942,0.21971551687724264,0.0,0.026711502946722032,0.026711502946722032,0.0,0.0,0.000534113472990299,8.2146441574317e-6,1.7815652980378847e-12,4.0266885430483755e-10,0.019998000149785537
2,0.2617993877991494,4,5,9,0.8392477581663995,0.002490687670529277,0.8392514540424696,0.2197155168778645,0.026711502934464587,0.0,0.026711502934464587,0.0005341134730482734,8.214644155773304e-6,0.0,0.0,1.7815652980378847e-12,4.0266885430483755e-10,0.019998000149785537
2,0.2617993877991494,4,3,10,0.8344076180172226,-0.002349001718794277,0.834410924433669,0.21844826918965687,0.0,0.025878634414195002,0.025878634414195002,0.0,0.0,0.0005174522627397846,-8.430522215493313e-6,1.7815652980378847e-12,4.0266885430483755e-10,0.019998000149785537
2,0.2617993877991494,4,5,11,0.8344076180154747,-0.002349001718495046,0.8344109244319203,0.21844826918919907,0.025878634400071116,0.0,0.025878634400071116,0.0005174522626480247,-8.430522241449981e-6,0.0,0.0,1.7815652980378847e-12,4.0266885430483755e-10,0.019998000149785537
2,0.2617993877991494,4,3,12,2.9700933336571236,0.00021249042613556354,2.970093341258262,0.7775686184477432,0.0,0.00024138011736591635,0.00024138011736591635,0.0,0.0,4.826987421004835e-6,3.572090060636329e-8,1.7815652980378847e-12,4.0266885430483755e-10,0.019998000149785537
2,0.2617993877991494,4,5,13,2.9700933336583315,0.00021249042625980964,2.97009334125947,0.7775686184480594,0.0002413801132954894,0.0,0.0002413801132954894,4.826987421895345e-6,3.5720900397288456e-8,0.0,0.0,1.7815652980378847e-12,4.0266885430483755e-10,0.019998000149785537
2,0.2617993877991494,4,3,14,2.9697656164046613,-0.0001152004371430997,2.969765618639036,0.7774828208666619,0.0,0.00023772849288331992,0.00023772849288331992,0.0,0.0,4.753948234756543e-6,-3.728024312982226e-8,1.7815652980378847e-12,4.0266885430483755e-10,0.019998000149785537
2,0.2617993877991494,4,5,15,2.9697656164037296,-0.00011520043695623615,2.9697656186381045,0.777482820866418,0.00023772848879580059,0.0,0.00023772848879580059,4.7539482328790304e-6,-3.728024292551791e-8,0.0,0.0,1.7815652980378847e-12,4.0266885430483755e-10,0.019998000149785537
2,0.2617993877991494,4,5,16,2.9523858306284763,0.004817698572336571,2.95238976138235,0.772933832074376,0.00020799719828233767,0.0,0.00020799719828233767,4.141062447268683e-6,-3.9150349238305704e-7,0.0,0.0,1.7815652980378847e-12,4.0266885430483755e-10,0.019998000149785537
2,0.2617993877991494,4,3,17,2.9523858306250776,0.004817698566325034,2.952389761378942,0.7729338320734838,0.0,0.00020799719801681873,0.00020799719801681873,0.0,0.0,4.141062440139105e-6,-3.9150349228459793e-7,1.7815652980378847e-12,4.0266885430483755e-10,0.019998000149785537
2,0.2617993877991494,4,3,18,2.942289130948269,-0.004665329595770398,2.942292829647749,0.7702904615276076,0.0,0.0001430122046791254,0.0001430122046791254,0.0,0.0,2.7667239540843166e-6,7.242919590522934e-7,1.7815652980378847e-12,4.0266885430483755e-10,0.019998000149785537
2,0.2617993877991494,4,5,19,2.942289130947722,-0.004665329593105408,2.9422928296471977,0.7702904615274634,0.00014301220419529612,0.0,0.00014301220419529612,2.7667239449378787e-6,7.242919560022904e-7,0.0,0.0,1.7815652980378847e-12,4.0266885430483755e-10,0.019998000149785537
2,0.2617993877991494,4,5,20,2.946477229668991,-0.00029568764025114484,2.9464772445055525,0.7713859387756783,0.0001246046037680511,0.0,0.0001246046037680511,2.3644373635983067e-6,-7.865855862484121e-7,0.0,0.0,1.7815652980378847e-12,4.0266885430483755e-10,0.019998000149785537
2,0.2617993877991494,4,3,21,2.9464772296691946,-0.00029568763863174925,2.946477244505756,0.7713859387757316,0.0,0.0001246046033732149,0.0001246046033732149,0.0,0.0,2.364437360548795e-6,-7.865855872609147e-7,1.7815652980378847e-12,4.0266885430483755e-10,0.019998000149785537
2,0.2617993877991494,4,5,22,2.946506898865393,0.000346628550385095,2.9465069192541713,0.7713937076066998,6.0142599251494294e-5,0.0,6.0142599251494294e-5,1.1140994564284002e-6,4.5315115060527386e-7,0.0,0.0,1.7815652980378847e-12,4.0266885430483755e-10,0.019998000149785537
2,0.2617993877991494,4,3,23,2.946506898865991,0.0003466285529585295,2.9465069192547695,0.7713937076068564,0.0,6.014259919260671e-5,6.014259919260671e-5,0.0,0.0,1.1140994595536266e-6,4.53151149965437e-7,1.7815652980378847e-12,4.0266885430483755e-10,0.019998000149785537
2,0.2617993877991494,4,3,24,5.082350661838363,0.0026545582121898963,5.082351355088326,1.3305564733423012,0.0,4.734491356498003e-6,4.734491356498003e-6,0.0,0.0,9.467009007513505e-8,1.3943949572081033e-9,1.7815652980378847e-12,4.0266885430483755e-10,0.019998000149785537
2,0.2617993877991494,4,5,25,5.0823506618375145,0.0026545582125670824,5.082351355087479,1.3305564733420794,4.734491353243251e-6,0.0,4.734491353243251e-6,9.467009032679108e-8,1.3943950461675268e-9,0.0,0.0,1.7815652980378847e-12,4.0266885430483755e-10,0.019998000149785537
2,0.2617993877991494,4,5,26,5.077094086876579,-0.002601447233995433,5.077094753353027,1.3291802982260958,4.594626083217121e-6,0.0,4.594626083217121e-6,9.187295585717825e-8,-1.3808943810378146e-9,0.0,0.0,1.7815652980378847e-12,4.0266885430483755e-10,0.019998000149785537
2,0.2617993877991494,4,3,27,5.077094086875347,-0.0026014472338756712,5.077094753351795,1.3291802982257734,0.0,4.594626079227719e-6,4.594626079227719e-6,0.0,0.0,9.187295592068772e-8,-1.3808946137018833e-9,1.7815652980378847e-12,4.0266885430483755e-10,0.019998000149785537
2,0.2617993877991494,4,3,28,5.084570136932107,0.002191705681885265,5.084570609299823,1.3311374727362417,0.0,3.6726828838030815e-6,3.6726828838030815e-6,0.0,0.0,7.300569103090546e-8,-8.03305226811198e-9,1.7815652980378847e-12,4.0266885430483755e-10,0.019998000149785537
2,0.2617993877991494,4,5,29,5.084570136931492,0.002191705681861748,5.084570609299209,1.331137472736081,3.672682866193597e-6,0.0,3.672682866193597e-6,7.300569111991824e-8,-8.033052242674099e-9,0.0,0.0,1.7815652980378847e-12,4.0266885430483755e-10,0.019998000149785537
2,0.2617993877991494,4,3,30,5.079657036857611,-0.002081182907231172,5.079657463197626,1.329851214094519,0.0,2.60395679748066e-6,2.60395679748066e-6,0.0,0.0,5.016246326925299e-8,1.3979316766867026e-8,1.7815652980378847e-12,4.0266885430483755e-10,0.019998000149785537
2,0.2617993877991494,4,5,31,5.079657036857553,-0.0020811829079500064,5.0796574631975675,1.3298512140945036,2.603956794152017e-6,0.0,2.603956794152017e-6,5.016246325838513e-8,1.397931671747897e-8,0.0,0.0,1.7815652980378847e-12,4.0266885430483755e-10,0.019998000149785537
2,0.2617993877991494,4,3,32,5.084036149129269,0.0024841630785647825,5.084036756035441,1.3309977102784518,0.0,2.257739384290556e-6,2.257739384290556e-6,0.0,0.0,4.2945534569507946e-8,-1.3936578963119983e-8,1.7815652980378847e-12,4.0266885430483755e-10,0.019998000149785537
2,0.2617993877991494,4,5,33,5.0840361491289,0.0024841630779406923,5.084036756035071,1.3309977102783552,2.257739378795716e-6,0.0,2.257739378795716e-6,4.2945534460877135e-8,-1.3936578785272498e-8,0.0,0.0,1.7815652980378847e-12,4.0266885430483755e-10,0.019998000149785537
2,0.2617993877991494,4,5,34,5.0784237964072165,-0.002487920994627826,5.078424405823716,1.3295284004289079,1.077592081288293e-6,0.0,1.077592081288293e-6,2.0020552123072968e-8,7.972859761118401e-9,0.0,0.0,1.7815652980378847e-12,4.0266885430483755e-10,0.019998000149785537
2,0.2617993877991494,4,3,35,5.07842379640735,-0.002487920994534478,5.078424405823849,1.3295284004289427,0.0,1.0775920806204319e-6,1.0775920806204319e-6,0.0,0.0,2.0020552033510457e-8,7.97285966278145e-9,1.7815652980378847e-12,4.0266885430483755e-10,0.019998000149785537
2,0.2617993877991494,4,5,36,7.204118434404159,0.00018120973660510232,7.204118436683201,1.8860337963562273,1.0269217637700231e-7,0.0,1.0269217637700231e-7,2.0536025859004108e-9,1.2083711168290466e-11,0.0,0.0,1.7815652980378847e-12,4.0266885430483755e-10,0.019998000149785537
2,0.2617993877991494,4,3,37,7.2041184344071825,0.00018120973765868228,7.204118436686224,1.8860337963570188,0.0,1.0269217520486974e-7,1.0269217520486974e-7,0.0,0.0,2.0536025949126163e-9,1.2083710779753806e-11,1.7815652980378847e-12,4.0266885430483755e-10,0.019998000149785537
2,0.2617993877991494,4,5,38,7.203760866679367,-0.00017632620615641928,7.203760868837333,1.8859401853130824,1.0149620005541685e-7,0.0,1.0149620005541685e-7,2.02968653848655e-9,-1.183185104403482e-11,0.0,0.0,1.7815652980378847e-12,4.0266885430483755e-10,0.019998000149785537
2,0.2617993877991494,4,3,39,7.2037608666769195,-0.00017632620544614976,7.203760868834885,1.8859401853124416,0.0,1.0149619875936385e-7,1.0149619875936385e-7,0.0,0.0,2.02968652993071e-9,-1.1831850776292999e-11,1.7815652980378847e-12,4.0266885430483755e-10,0.019998000149785537
2,0.2617993877991494,4,5,40,5.640170385791188,0.002503814721259369,5.640170941544598,1.476593299578928,1.3070553897164774e-9,0.0,1.3070553897164774e-9,2.6130183691770164e-11,6.591374158021746e-13,0.0,0.0,1.7815652980378847e-12,4.0266885430483755e-10,0.019998000149785537
2,0.2617993877991494,4,3,41,5.64017038579069,0.0025038147207850957,5.6401709415441,1.4765932995787974,0.0,1.3070553698143872e-9,1.3070553698143872e-9,0.0,0.0,2.6130180965825045e-11,6.591368651971029e-13,1.7815652980378847e-12,4.0266885430483755e-10,0.019998000149785537
2,0.2617993877991494,4,5,42,5.635306672906384,-0.002359442466310999,5.63530716684299,1.475319966339654,1.2405865760032285e-9,0.0,1.2405865760032285e-9,2.480047821789306e-11,-6.596559986598472e-13,0.0,0.0,1.7815652980378847e-12,4.0266885430483755e-10,0.019998000149785537
2,0.2617993877991494,4,3,43,5.635306672906391,-0.0023594424664929834,5.635307166842997,1.475319966339656,0.0,1.2405865530600185e-9,1.2405865530600185e-9,0.0,0.0,2.4800479756892626e-11,-6.596576532485987e-13,1.7815652980378847e-12,4.0266885430483755e-10,0.019998000149785537
2,0.2617993877991494,4,5,44,5.642438784005553,0.0020368949090989966,5.642439151660471,1.4771871155986633,1.0102723734903586e-9,0.0,1.0102723734903586e-9,2.0108998915995924e-11,-1.9510408399058134e-12,0.0,0.0,1.7815652980378847e-12,4.0266885430483755e-10,0.019998000149785537
2,0.2617993877991494,4,3,45,5.642438784007086,0.0020368949089950876,5.642439151662004,1.4771871155990646,0.0,1.010272173997244e-9,1.010272173997244e-9,0.0,0.0,2.0108999362281423e-11,-1.951040942990302e-12,1.7815652980378847e-12,4.0266885430483755e-10,0.019998000149785537
2,0.2617993877991494,4,3,46,5.637977535721848,-0.0018400765557661089,5.637977835996336,1.476019145889014,0.0,6.950245541703804e-10,6.950245541703804e-10,0.0,0.0,1.343738822787479e-11,3.5526844539852854e-12,1.7815652980378847e-12,4.0266885430483755e-10,0.019998000149785537
2,0.2617993877991494,4,5,47,5.637977535722491,-0.0018400765564265814,5.637977835996979,1.4760191458891825,6.950243571038998e-10,0.0,6.950243571038998e-10,1.34373866366656e-11,3.5526844951957337e-12,0.0,0.0,1.7815652980378847e-12,4.0266885430483755e-10,0.019998000149785537
2,0.2617993877991494,4,5,48,5.641967314871739,0.002318978772517493,5.641967791448615,1.4770637137837666,6.157822987974004e-10,0.0,6.157822987974004e-10,1.1743630051241013e-11,-3.705682563156563e-12,0.0,0.0,1.7815652980378847e-12,4.0266885430483755e-10,0.019998000149785537
2,0.2617993877991494,4,3,49,5.641967314871633,0.0023189787734170207,5.64196779144851,1.4770637137837388,0.0,6.157821211671106e-10,6.157821211671106e-10,0.0,0.0,1.1743625394796939e-11,-3.7056820891326994e-12,1.7815652980378847e-12,4.0266885430483755e-10,0.019998000149785537
2,0.2617993877991494,4,3,50,5.636837429018694,-0.002226576340839869,5.6368378687725516,1.475720703167716,0.0,2.87433465733426e-10,2.87433465733426e-10,0.0,0.0,5.360037081034862e-12,2.07619618295022e-12,1.7815652980378847e-12,4.0266885430483755e-10,0.019998000149785537
2,0.2617993877991494,4,5,51,5.636837429018232,-0.002226576341040176,5.63683786877209,1.4757207031675952,2.874332272890778e-10,0.0,2.874332272890778e-10,5.36003361325349e-12,2.0761949944832626e-12,0.0,0.0,1.7815652980378847e-12,4.0266885430483755e-10,0.019998000149785537
2,0.2617993877991494,4,3,52,3.5166391271614525,-7.139932251362929e-5,3.5166391278862728,0.9206539707911608,0.0,1.0306920628992219e-11,1.0306920628992219e-11,0.0,0.0,7.174884805499557e-14,1.9322612099649527e-13,1.7815652980378847e-12,4.0266885430483755e-10,0.019998000149785537
2,0.2617993877991494,4,5,53,3.516639127160156,-7.139932286601668e-5,3.516639127884976,0.9206539707908215,1.030689924553925e-11,0.0,1.030689924553925e-11,7.174916477511089e-14,1.9322627165391008e-13,0.0,0.0,1.7815652980378847e-12,4.0266885430483755e-10,0.019998000149785537
2,0.2617993877991494,4,5,54,3.516966966366617,0.0002564147296255379,3.516966975713949,0.9207398011517377,4.598401920527135e-12,0.0,4.598401920527135e-12,-4.678787182412852e-14,7.916611450225139e-14,0.0,0.0,1.7815652980378847e-12,4.0266885430483755e-10,0.019998000149785537
2,0.2617993877991494,4,3,55,3.516966966365927,0.0002564147307817545,3.5169669757132587,0.9207398011515571,0.0,4.598395344262591e-12,4.598395344262591e-12,0.0,0.0,-4.6788007333636194e-14,7.916588187563551e-14,1.7815652980378847e-12,4.0266885430483755e-10,0.019998000149785537
2,0.2617993877991494,4,5,56,7.772374629931761,-0.0001279719651738169,7.772374630985289,2.0348029201375883,1.3032918316336469e-12,0.0,1.3032918316336469e-12,2.6062852386687104e-14,1.4115683889473634e-16,0.0,0.0,1.7815652980378847e-12,4.0266885430483755e-10,0.019998000149785537
2,0.2617993877991494,4,3,57,7.772374629929138,-0.00012797196515512005,7.772374630982666,2.034802920136902,0.0,1.3032914080993323e-12,1.3032914080993323e-12,0.0,0.0,2.6062847594291824e-14,1.411394704028727e-16,1.7815652980378847e-12,4.0266885430483755e-10,0.019998000149785537
2,0.2617993877991494,4,5,58,7.772730864806621,0.0002282333898704532,7.77273086815747,2.0348961828111767,1.288407730557855e-12,0.0,1.288407730557855e-12,2.576507531741353e-14,-1.5644035859971487e-16,0.0,0.0,1.7815652980378847e-12,4.0266885430483755e-10,0.019998000149785537
2,0.2617993877991494,4,3,59,7.77273086480891,0.00022823338961957575,7.772730868159758,2.0348961828117758,0.0,1.2884076036761534e-12,1.2884076036761534e-12,0.0,0.0,2.576505818108083e-14,-1.564479861370554e-16,1.7815652980378847e-12,4.0266885430483755e-10,0.019998000149785537
2,0.2617993877991494,4,3,60,7.755003594416906,0.0048126414545243985,7.7550050877441015,2.030255584350695,0.0,1.1631054520461113e-12,1.1631054520461113e-12,0.0,0.0,2.3154943140558562e-14,-2.2052925295352516e-15,1.7815652980378847e-12,4.0266885430483755e-10,0.019998000149785537
2,0.2617993877991494,4,5,61,7.755003594420325,0.004812641460575109,7.7550050877475245,2.030255584351591,1.1631032949779214e-12,0.0,1.1631032949779214e-12,2.3154886945155126e-14,-2.2053165776409698e-15,0.0,0.0,1.7815652980378847e-12,4.0266885430483755e-10,0.019998000149785537
2,0.2617993877991494,4,3,62,7.7449215700346,-0.0046575040832616075,7.744922970458227,2.0276160922175337,0.0,8.033007984340794e-13,8.033007984340794e-13,0.0,0.0,1.554032454146006e-14,4.069707571507396e-15,1.7815652980378847e-12,4.0266885430483755e-10,0.019998000149785537
2,0.2617993877991494,4,5,63,7.744921570033931,-0.00465750408073918,7.744922970457557,2.0276160922173583,8.032995942716456e-13,0.0,8.032995942716456e-13,1.5540336823075045e-14,4.069694974943619e-15,0.0,0.0,1.7815652980378847e-12,4.0266885430483755e-10,0.019998000149785537
2,0.2617993877991494,4,3,64,7.749104160305314,-0.0002931819361013466,7.749104165851481,2.028710726611756,0.0,6.848783734526693e-13,6.848783734526693e-13,0.0,0.0,1.2897665245889747e-14,-4.608381605269673e-15,1.7815652980378847e-12,4.0266885430483755e-10,0.019998000149785537
2,0.2617993877991494,4,5,65,7.749104160305034,-0.0002931819377167775,7.749104165851201,2.0287107266116826,6.848782440390755e-13,0.0,6.848782440390755e-13,1.2897690499078948e-14,-4.6083627549449826e-15,0.0,0.0,1.7815652980378847e-12,4.0266885430483755e-10,0.019998000149785537
2,0.2617993877991494,4,5,66,7.749133755576902,0.00034726977184776353,7.749133763358178,2.0287184752208898,3.466194399238593e-13,0.0,3.466194399238593e-13,6.364112076691368e-15,2.747087193094976e-15,0.0,0.0,1.7815652980378847e-12,4.0266885430483755e-10,0.019998000149785537
2,0.2617993877991494,4,3,67,7.749133755577504,0.0003472697743302387,7.74913376335878,2.0287184752210474,0.0,3.466192727270617e-13,3.466192727270617e-13,0.0,0.0,6.3641208822909156e-15,2.74709764295453e-15,1.7815652980378847e-12,4.0266885430483755e-10,0.019998000149785537
2,0.2617993877991494,4,3,68,9.881275258392145,-0.0026112545175612377,9.881275603420994,2.586911903650287,0.0,3.848521777270039e-19,3.848521777270039e-19,0.0,0.0,2.8576052273220294e-21,7.14719216484227e-21,1.7815652980378847e-12,4.0266885430483755e-10,0.019998000149785537
2,0.2617993877991494,4,5,69,9.881275258395021,-0.002611254517693922,9.88127560342387,2.5869119036510395,3.844091789251487e-19,0.0,3.844091789251487e-19,2.8572855626249605e-21,7.140935058393132e-21,0.0,0.0,1.7815652980378847e-12,4.0266885430483755e-10,0.019998000149785537
2,0.2617993877991494,4,5,70,9.886554762248037,0.002667676027546969,9.886555122155782,2.5882940784229285,1.5872686291953677e-19,0.0,1.5872686291953677e-19,-1.786994620567175e-21,2.631791912672276e-21,0.0,0.0,1.7815652980378847e-12,4.0266885430483755e-10,0.019998000149785537
2,0.2617993877991494,4,3,71,9.88655476225018,0.0026676760268981876,9.886555122157924,2.5882940784234894,0.0,1.5860260863764866e-19,1.5860260863764866e-19,0.0,0.0,-1.7811202202879322e-21,2.6256321602813155e-21,1.7815652980378847e-12,4.0266885430483755e-10,0.019998000149785537
2,0.2617993877991494,4,3,72,2.9508747072791763,0.005283332381275936,2.9508794369917952,0.7725384300735507,0.0,7.363429830469351e-20,7.363429830469351e-20,0.0,0.0,9.813544094083418e-22,-1.070021210350758e-21,1.7815652980378847e-12,4.0266885430483755e-10,0.019998000149785537
2,0.2617993877991494,4,5,73,2.9508747072793557,0.005283332381188766,2.9508794369919746,0.7725384300735977,6.502044252921705e-20,0.0,6.502044252921705e-20,7.577769077779609e-22,-1.0294046622683808e-21,0.0,0.0,1.7815652980378847e-12,4.0266885430483755e-10,0.019998000149785537
2,0.2617993877991494,4,3,74,2.940404478567465,-0.005185843388351249,2.9404090515693992,0.7697972895799463,0.0,4.9757754799063735e-20,4.9757754799063735e-20,0.0,0.0,7.779865334541521e-22,-6.242621290419141e-22,1.7815652980378847e-12,4.0266885430483755e-10,0.019998000149785537
2,0.2617993877991494,4,5,75,2.940404478567438,-0.005185843388273735,2.940409051569372,0.7697972895799392,4.734976074436727e-20,0.0,4.734976074436727e-20,7.454060241065732e-22,-5.759486295952808e-22,0.0,0.0,1.7815652980378847e-12,4.0266885430483755e-10,0.019998000149785537
2,0.2617993877991494,4,3,76,8.31926876268911,-6.953213643500974e-5,8.319268762979682,2.1779794690846677,0.0,4.4747887885995203e-20,4.4747887885995203e-20,0.0,0.0,3.054946599704593e-22,8.373120552785322e-22,1.7815652980378847e-12,4.0266885430483755e-10,0.019998000149785537
2,0.2617993877991494,4,5,77,8.319268762684322,-6.95321367060707e-5,8.319268762974895,2.1779794690834144,4.4524217780970834e-20,0.0,4.4524217780970834e-20,3.075116854161992e-22,8.304575504900051e-22,0.0,0.0,1.7815652980378847e-12,4.0266885430483755e-10,0.019998000149785537
2,0.2617993877991494,4,5,78,8.319595585270077,0.0002572653261496789,8.319595589247761,2.1780650320015678,2.166086416084167e-20,0.0,2.166086416084167e-20,-2.104377824098875e-22,3.757687107016394e-22,0.0,0.0,1.7815652980378847e-12,4.0266885430483755e-10,0.019998000149785537
2,0.2617993877991494,4,3,79,8.31959558526744,0.00025726532917195837,8.319595589245123,2.178065032000877,0.0,2.1401168900659065e-20,2.1401168900659065e-20,0.0,0.0,-2.1042896506241577e-22,3.732099975101213e-22,1.7815652980378847e-12,4.0266885430483755e-10,0.019998000149785537
3,0.15114994701951814,5,4,0,0.04508732989879771,0.008112887388585172,0.04581142061956693,0.006924393799536402,0.0,43.1563048619355,43.1563048619355,0.0,0.0,0.8630397897816504,-4.8693491562445956e-5,2.834311216098968e-12,1.2991585018930459e-9,0.014561149153275464
3,0.15114994701951814,5,6,1,0.045087329900241,0.008112887389058918,0.04581142062107131,0.00692439379976379,43.15630486189401,0.0,43.15630486189401,0.8630397897809381,-4.86934916263948e-5,0.0,0.0,2.834311216098968e-12,1.2991585018930459e-9,0.014561149153275464
3,0.15114994701951814,5,4,2,2.0819933825776937,0.0008470926424224423,2.08199355490435,0.3146932155187707,0.0,2.215034192279,2.215034192279,0.0,0.0,0.044252245638179644,0.0019740537024079963,2.834311216098968e-12,1.2991585018930459e-9,0.014561149153275464
3,0.15114994701951814,5,6,3,2.0819933825776227,0.0008470926423953529,2.0819935549042787,0.31469321551875995,2.215034189329115,0.0,2.215034189329115,0.0442522456379969,0.0019740537013475112,0.0,0.0,2.834311216098968e-12,1.2991585018930459e-9,0.014561149153275464
3,0.15114994701951814,5,4,4,2.077959992575784,-0.0003855250224726152,2.077960028339115,0.3140835481921337,0.0,2.0511566240754853,2.0511566240754853,0.0,0.0,0.04101781157137163,-0.0003162261221871798,2.834311216098968e-12,1.2991585018930459e-9,0.014561149153275464
3,0.15114994701951814,5,6,5,2.0779599925760612,-0.00038552502221860484,2.077960028339392,0.31408354819217554,2.0511566213044423,0.0,2.0511566213044423,0.04101781157095741,-0.0003162261221577589,0.0,0.0,2.834311216098968e-12,1.2991585018930459e-9,0.014561149153275464
3,0.15114994701951814,5,4,6,4.296059557833951,0.00039937779889742675,4.29605957639778,0.649349177365218,0.0,1.3049952823334385,1.3049952823334385,0.0,0.0,0.026093573982086393,0.0004407573610060167,2.834311216098968e-12,1.2991585018930459e-9,0.014561149153275464
3,0.15114994701951814,5,6,7,4.2960595578008105,0.00039937781873747476,4.296059576364641,0.649349177360209,1.3049952595608292,0.0,1.3049952595608292,0.02609357398241069,0.000440757359787991,0.0,0.0,2.834311216098968e-12,1.2991585018930459e-9,0.014561149153275464
3,0.15114994701951814,5,4,8,4.293531025605197,-0.0002341349100203026,4.293531031989121,0.6489669880118127,0.0,1.247202805581941,1.247202805581941,0.0,0.0,0.0249413340003784,-0.00010670631451725754,2.834311216098968e-12,1.2991585018930459e-9,0.014561149153275464
3,0.15114994701951814,5,6,9,4.29353102562799,-0.00023413491165618326,4.293531032011915,0.648966988015258,1.247202782828987,0.0,1.247202782828987,0.024941334000141424,-0.00010670631462861291,0.0,0.0,2.834311216098968e-12,1.2991585018930459e-9,0.014561149153275464
3,0.15114994701951814,5,6,10,2.0982902951345306,0.015386826608257367,2.0983467104100857,0.3171649941070646,0.08559533899331795,0.0,0.08559533899331795,0.0005621364878317624,-0.0016167997226622793,0.0,0.0,2.834311216098968e-12,1.2991585018930459e-9,0.014561149153275464
3,0.15114994701951814,5,4,11,2.0982902951341176,0.015386826607592732,2.098346710409668,0.3171649941070015,0.0,0.08559533898954887,0.08559533898954887,0.0,0.0,0.0005621364874467231,-0.0016167997235848816,2.834311216098968e-12,1.2991585018930459e-9,0.014561149153275464
3,0.15114994701951814,5,4,12,4.3121090916735,0.015830213913369695,4.312138148780232,0.6517794527289751,0.0,0.016950681188855107,0.016950681188855107,0.0,0.0,9.130660044991568e-5,-0.00032645115872650954,2.834311216098968e-12,1.2991585018930459e-9,0.014561149153275464
3,0.15114994701951814,5,6,13,4.312109091660849,0.015830213923927694,4.31213814876762,0.6517794527270687,0.016950681162105526,0.0,0.016950681162105526,9.1306600158967e-5,-0.0003264511574601423,0.0,0.0,2.834311216098968e-12,1.2991585018930459e-9,0.014561149153275464
3,0.15114994701951814,5,4,14,6.41427151188558,0.008231374510433438,6.414276793506285,0.9695175975069996,0.0,2.922824342800742e-5,2.922824342800742e-5,0.0,0.0,5.773818557818628e-7,-9.09832101448523e-8,2.834311216098968e-12,1.2991585018930459e-9,0.014561149153275464
3,0.15114994701951814,5,6,15,6.4142715119026,0.008231374523052242,6.41427679352332,0.9695175975095746,2.922824270820552e-5,0.0,2.922824270820552e-5,5.773818410959716e-7,-9.098319861523973e-8,0.0,0.0,2.834311216098968e-12,1.2991585018930459e-9,0.014561149153275464
3,0.15114994701951814,5,4,16,6.419552016658853,0.007471084370145761,6.41955636408704,0.9703156043205666,0.0,2.2443487891317667e-5,2.2443487891317667e-5,0.0,0.0,4.487578556583004e-7,-7.756534739976703e-9,2.834311216098968e-12,1.2991585018930459e-9,0.014561149153275464
3,0.15114994701951814,5,6,17,6.41955201664752,0.00747108437262654,6.41955636407571,0.9703156043188541,2.244348777776538e-5,0.0,2.244348777776538e-5,4.487578556492253e-7,-7.756534624451573e-9,0.0,0.0,2.834311216098968e-12,1.2991585018930459e-9,0.014561149153275464
3,0.15114994701951814,5,4,18,6.420120541383225,0.007961100900753635,6.420125477357774,0.9704016257612862,0.0,1.2388126717964671e-5,1.2388126717964671e-5,0.0,0.0,2.4672953585485084e-7,-2.232795288720724e-8,2.834311216098968e-12,1.2991585018930459e-9,0.014561149153275464
3,0.15114994701951814,5,6,19,6.420120541393309,0.007961100888917248,6.420125477367843,0.9704016257628081,1.238812667457694e-5,0.0,1.238812667457694e-5,2.467295388602008e-7,-2.232795270052965e-8,0.0,0.0,2.834311216098968e-12,1.2991585018930459e-9,0.014561149153275464
3,0.15114994701951814,5,6,20,6.413972968673884,0.008001613866445318,6.413977959792483,0.9694724288069908,8.03406218812662e-6,0.0,8.03406218812662e-6,1.296442955202983e-7,9.489812421450295e-8,0.0,0.0,2.834311216098968e-12,1.2991585018930459e-9,0.014561149153275464
3,0.15114994701951814,5,4,21,6.413972968703053,0.00800161386620497,6.4139779598216515,0.9694724288113997,0.0,8.03406184213473e-6,8.03406184213473e-6,0.0,0.0,1.2964428248736487e-7,9.489813688479659e-8,2.834311216098968e-12,1.2991585018930459e-9,0.014561149153275464
3,0.15114994701951814,5,4,22,8.630533139237414,0.008114819124179851,8.630536954197266,1.3045052033769102,0.0,5.692032617793809e-6,5.692032617793809e-6,0.0,0.0,1.1382802979831204e-7,5.313106016226269e-10,2.834311216098968e-12,1.2991585018930459e-9,0.014561149153275464
3,0.15114994701951814,5,6,23,8.630533139227076,0.008114819124631915,8.63053695418693,1.304505203375348,5.6920325650354316e-6,0.0,5.6920325650354316e-6,1.1382802729072182e-7,5.313095956308181e-10,0.0,0.0,2.834311216098968e-12,1.2991585018930459e-9,0.014561149153275464
3,0.15114994701951814,5,4,24,8.634274879742469,0.007634814014682507,8.634278255264702,1.3050707008350373,0.0,3.7421446523586294e-6,3.7421446523586294e-6,0.0,0.0,7.482928298529459e-8,-9.573600025542102e-10,2.834311216098968e-12,1.2991585018930459e-9,0.014561149153275464
3,0.15114994701951814,5,6,25,8.634274879744646,0.00763481401463864,8.63427825526688,1.3050707008353664,3.7421445089634778e-6,0.0,3.7421445089634778e-6,7.48292830684116e-8,-9.57359989822458e-10,0.0,0.0,2.834311216098968e-12,1.2991585018930459e-9,0.014561149153275464
3,0.15114994701951814,5,4,26,4.204474166546728,0.007315539467209371,4.204480530847598,0.63550700948221,0.0,1.939279837459398e-6,1.939279837459398e-6,0.0,0.0,2.32079084440145e-8,3.107112273288559e-8,2.834311216098968e-12,1.2991585018930459e-9,0.014561149153275464
3,0.15114994701951814,5,6,27,4.204474166537072,0.007315539468718759,4.204480530837945,0.635507009480751,1.9392797381264766e-6,0.0,1.9392797381264766e-6,2.3207907712073955e-8,3.107112201046162e-8,0.0,0.0,2.834311216098968e-12,1.2991585018930459e-9,0.014561149153275464
3,0.15114994701951814,5,4,28,8.634755093969178,0.008115122324440737,8.634758907348658,1.305143351372062,0.0,1.8700321162480878e-6,1.8700321162480878e-6,0.0,0.0,3.7393503138895716e-8,-5.039957955635436e-10,2.834311216098968e-12,1.2991585018930459e-9,0.014561149153275464
3,0.15114994701951814,5,6,29,8.634755093967463,0.008115122322008991,8.634758907346942,1.3051433513718027,1.8700320137515641e-6,0.0,1.8700320137515641e-6,3.739350571310105e-8,-5.039948519281827e-10,0.0,0.0,2.834311216098968e-12,1.2991585018930459e-9,0.014561149153275464
3,0.15114994701951814,5,6,30,4.198293429154994,0.008117819203129744,4.198301277454324,0.6345730156591964,1.3178931129366631e-6,0.0,1.3178931129366631e-6,4.491673483594393e-9,2.5969652405342186e-8,0.0,0.0,2.834311216098968e-12,1.2991585018930459e-9,0.014561149153275464
3,0.15114994701951814,5,4,31,4.198293429155669,0.00811781920412037,4.198301277455001,0.6345730156592988,0.0,1.3178929897033448e-6,1.3178929897033448e-6,0.0,0.0,4.491671681301405e-9,2.5969650002173924e-8,2.834311216098968e-12,1.2991585018930459e-9,0.014561149153275464
3,0.15114994701951814,5,6,32,6.242382623315085,0.0008756706364525524,6.242382684733866,0.9435358120730813,1.150119574922254e-6,0.0,1.150119574922254e-6,2.297507297925593e-8,1.0724841654471406e-9,0.0,0.0,2.834311216098968e-12,1.2991585018930459e-9,0.014561149153275464
3,0.15114994701951814,5,4,33,6.24238262331193,0.0008756706386643387,6.242382684730711,0.9435358120726044,0.0,1.1501195688912333e-6,1.1501195688912333e-6,0.0,0.0,2.2975072975300393e-8,1.0724841237532143e-9,2.834311216098968e-12,1.2991585018930459e-9,0.014561149153275464
3,0.15114994701951814,5,6,34,4.205277787540456,0.008119888184383394,4.205285626799359,0.6356286996926642,1.078643986901832e-6,0.0,1.078643986901832e-6,1.215275610415954e-8,1.782151930070534e-8,0.0,0.0,2.834311216098968e-12,1.2991585018930459e-9,0.014561149153275464
3,0.15114994701951814,5,4,35,4.205277787536575,0.008119888186828008,4.205285626795483,0.6356286996920784,0.0,1.0786439399557867e-6,1.0786439399557867e-6,0.0,0.0,1.2152756134018087e-8,1.7821521050005194e-8,2.834311216098968e-12,1.2991585018930459e-9,0.014561149153275464
3,0.15114994701951814,5,4,36,6.413426712354113,0.0075165304537238775,6.413431117036134,0.9693897735533407,0.0,1.0753291220831438e-6,1.0753291220831438e-6,0.0,0.0,2.1494800003285387e-8,-6.433111233641857e-10,2.834311216098968e-12,1.2991585018930459e-9,0.014561149153275464
3,0.15114994701951814,5,6,37,6.413426712365228,0.007516530447176536,6.413431117047241,0.9693897735550195,1.075329022840375e-6,0.0,1.075329022840375e-6,2.149480009049701e-8,-6.433110688058936e-10,0.0,0.0,2.834311216098968e-12,1.2991585018930459e-9,0.014561149153275464
3,0.15114994701951814,5,4,38,6.238374200848559,-0.00034738493648530343,6.2383742105206546,0.9429299314081253,0.0,1.06225174487765e-6,1.06225174487765e-6,0.0,0.0,2.1241982983688677e-8,-1.985188821380549e-10,2.834311216098968e-12,1.2991585018930459e-9,0.014561149153275464
3,0.15114994701951814,5,6,39,6.238374200845993,-0.0003473849354083281,6.238374210518088,0.9429299314077373,1.0622517400265353e-6,0.0,1.0622517400265353e-6,2.124198301834397e-8,-1.9851903719564154e-10,0.0,0.0,2.834311216098968e-12,1.2991585018930459e-9,0.014561149153275464
3,0.15114994701951814,5,6,40,6.420513085471258,0.008273732908188459,6.420518416402517,0.970461018477081,1.0522615690212426e-6,0.0,1.0522615690212426e-6,9.927508772297374e-9,1.8554184395158606e-8,0.0,0.0,2.834311216098968e-12,1.2991585018930459e-9,0.014561149153275464
3,0.15114994701951814,5,4,41,6.4205130854613985,0.008273732909748512,6.42051841639266,0.9704610184755912,0.0,1.052261508462671e-6,1.052261508462671e-6,0.0,0.0,9.927508717418215e-9,1.8554184306759574e-8,2.834311216098968e-12,1.2991585018930459e-9,0.014561149153275464
3,0.15114994701951814,5,4,42,8.456421106619247,0.00043268734669749294,8.456421117688844,1.2781876039134032,0.0,5.004621693002162e-7,5.004621693002162e-7,0.0,0.0,1.000777373792043e-8,9.687085375977428e-11,2.834311216098968e-12,1.2991585018930459e-9,0.014561149153275464
3,0.15114994701951814,5,6,43,8.456421106621544,0.0004326873502235552,8.456421117691141,1.2781876039137503,5.004621590091787e-7,0.0,5.004621590091787e-7,1.0007773525027512e-8,9.687072842700899e-11,0.0,0.0,2.834311216098968e-12,1.2991585018930459e-9,0.014561149153275464
3,0.15114994701951814,5,6,44,8.453900710248533,-0.0001972091928174654,8.45390071254874,1.277806644810009,4.978625762323256e-7,0.0,4.978625762323256e-7,9.956210664933709e-9,3.0008300659251635e-11,0.0,0.0,2.834311216098968e-12,1.2991585018930459e-9,0.014561149153275464
3,0.15114994701951814,5,4,45,8.453900710248206,-0.00019720919333208325,8.453900712548414,1.2778066448099594,0.0,4.97862575848464e-7,4.97862575848464e-7,0.0,0.0,9.956210631702992e-9,3.0008437145323256e-11,2.834311216098968e-12,1.2991585018930459e-9,0.014561149153275464
3,0.15114994701951814,5,6,46,8.457478164417532,0.001323734533247931,8.457478268010652,1.2783473921285362,4.840464060664655e-7,0.0,4.840464060664655e-7,9.664135282419168e-9,-5.532787300008081e-10,0.0,0.0,2.834311216098968e-12,1.2991585018930459e-9,0.014561149153275464
3,0.15114994701951814,5,4,47,8.457478164413327,0.0013237345009216375,8.457478268006442,1.2783473921278998,0.0,4.840464017437529e-7,4.840464017437529e-7,0.0,0.0,9.664135089330199e-9,-5.532787672280649e-10,2.834311216098968e-12,1.2991585018930459e-9,0.014561149153275464
3,0.15114994701951814,5,4,48,8.452975239132929,0.00011654599573650629,8.452975239936372,1.2776667596736813,0.0,3.757001160108873e-7,3.757001160108873e-7,0.0,0.0,6.621454431009277e-9,-3.5503917829535723e-9,2.834311216098968e-12,1.2991585018930459e-9,0.014561149153275464
3,0.15114994701951814,5,6,49,8.452975239124028,0.00011654601293751947,8.45297523992747,1.277666759672336,3.757001111546021e-7,0.0,3.757001111546021e-7,6.621454193652665e-9,-3.5503918822683707e-9,0.0,0.0,2.834311216098968e-12,1.2991585018930459e-9,0.014561149153275464
3,0.15114994701951814,5,6,50,8.451855121446023,-0.00018907795392970883,8.451855123560971,1.2774974541428838,2.331378558683537e-7,0.0,2.331378558683537e-7,3.1957103630798435e-9,3.3947593950683668e-9,0.0,0.0,2.834311216098968e-12,1.2991585018930459e-9,0.014561149153275464
3,0.15114994701951814,5,4,51,8.451855121433034,-0.00018907792643431919,8.451855123547983,1.2774974541409205,0.0,2.3313784460924827e-7,2.3313784460924827e-7,0.0,0.0,3.195710178418945e-9,3.394759306486925e-9,2.834311216098968e-12,1.2991585018930459e-9,0.014561149153275464
3,0.15114994701951814,5,6,52,8.455270398496879,0.0013257512011505008,8.455270502433013,1.2780136884784445,8.073413716801393e-8,0.0,8.073413716801393e-8,1.0149014683099956e-9,1.2556488899528628e-9,0.0,0.0,2.834311216098968e-12,1.2991585018930459e-9,0.014561149153275464
3,0.15114994701951814,5,4,53,8.45527039849016,0.0013257512144656189,8.455270502426297,1.2780136884774294,0.0,8.073413535088467e-8,8.073413535088467e-8,0.0,0.0,1.0149014122804668e-9,1.2556488872925888e-9,2.834311216098968e-12,1.2991585018930459e-9,0.014561149153275464
3,0.15114994701951814,5,6,54,6.258618281009186,0.015370742226778963,6.258637155731188,0.9459926745031568,4.417841892995813e-8,0.0,4.417841892995813e-8,3.04826270014985e-10,-8.292273148625447e-10,0.0,0.0,2.834311216098968e-12,1.2991585018930459e-9,0.014561149153275464
3,0.15114994701951814,5,4,55,6.258618281010287,0.015370742229795661,6.2586371557322975,0.9459926745033245,0.0,4.417841742979823e-8,4.417841742979823e-8,0.0,0.0,3.0482626905122694e-10,-8.292273295608725e-10,2.834311216098968e-12,1.2991585018930459e-9,0.014561149153275464
3,0.15114994701951814,5,6,56,8.473220059473835,0.015067634051070998,8.473233456589384,1.280728788047494,2.3989022552856344e-8,0.0,2.3989022552856344e-8,4.025750897111625e-11,-4.780403655028038e-10,0.0,0.0,2.834311216098968e-12,1.2991585018930459e-9,0.014561149153275464
3,0.15114994701951814,5,4,57,8.473220059467092,0.015067634042383433,8.473233456582625,1.2807287880464724,0.0,2.3989022271344183e-8,2.3989022271344183e-8,0.0,0.0,4.0257483173629346e-11,-4.78040372339177e-10,2.834311216098968e-12,1.2991585018930459e-9,0.014561149153275464
3,0.15114994701951814,5,6,58,8.474272187930467,0.014767392897918005,8.474285054860076,1.2808877370703948,6.203577396972236e-9,0.0,6.203577396972236e-9,1.1964679004405302e-10,-3.279198917812639e-11,0.0,0.0,2.834311216098968e-12,1.2991585018930459e-9,0.014561149153275464
3,0.15114994701951814,5,4,59,8.47427218794548,0.014767392914796762,8.474285054875118,1.2808877370726686,0.0,6.203576941804379e-9,6.203576941804379e-9,0.0,0.0,1.196468017052561e-10,-3.2792014376644785e-11,2.834311216098968e-12,1.2991585018930459e-9,0.014561149153275464
3,0.15114994701951814,5,4,60,8.472416136397497,0.01580954016693025,8.472430886696507,1.2806074796507063,0.0,5.148927427996319e-9,5.148927427996319e-9,0.0,0.0,7.729358303471564e-12,-1.026777390789267e-10,2.834311216098968e-12,1.2991585018930459e-9,0.014561149153275464
3,0.15114994701951814,5,6,61,8.472416136392532,0.015809540161487758,8.472430886691534,1.2806074796499545,5.14892730720136e-9,0.0,5.14892730720136e-9,7.729358238190056e-12,-1.0267773373828843e-10,0.0,0.0,2.834311216098968e-12,1.2991585018930459e-9,0.014561149153275464
3,0.15114994701951814,5,4,62,8.475851081014895,0.014510660058171813,8.475863502133377,1.2811263192921274,0.0,2.36084217480714e-9,2.36084217480714e-9,0.0,0.0,3.013499684934067e-11,-3.634372727696358e-11,2.834311216098968e-12,1.2991585018930459e-9,0.014561149153275464
3,0.15114994701951814,5,6,63,8.47585108101544,0.014510660057798271,8.475863502133922,1.2811263192922098,2.360842072676111e-9,0.0,2.360842072676111e-9,3.0134994315717887e-11,-3.6343725700166046e-11,0.0,0.0,2.834311216098968e-12,1.2991585018930459e-9,0.014561149153275464
3,0.15114994701951814,5,6,64,10.574690492554133,0.008308606402045025,10.574693756617972,1.5983644010604356,9.712030485524553e-12,0.0,9.712030485524553e-12,1.9403207116015178e-13,8.570055948238277e-15,0.0,0.0,2.834311216098968e-12,1.2991585018930459e-9,0.014561149153275464
3,0.15114994701951814,5,4,65,10.574690492522965,0.008308606416300983,10.574693756586814,1.5983644010557263,0.0,9.712011022729452e-12,9.712011022729452e-12,0.0,0.0,1.940315635048934e-13,8.569913085568126e-15,2.834311216098968e-12,1.2991585018930459e-9,0.014561149153275464
3,0.15114994701951814,5,6,66,10.579941885498464,0.0074971369034055185,10.579944541801083,1.599158056962674,9.365853466920278e-12,0.0,9.365853466920278e-12,1.8471866919254716e-13,3.0979110606638334e-14,0.0,0.0,2.834311216098968e-12,1.2991585018930459e-9,0.014561149153275464
3,0.15114994701951814,5,4,67,10.5799418854962,0.007497136906723011,10.579944541798822,1.599158056962332,0.0,9.365837116849104e-12,9.365837116849104e-12,0.0,0.0,1.8471852819293696e-13,3.097902677597634e-14,2.834311216098968e-12,1.2991585018930459e-9,0.014561149153275464
3,0.15114994701951814,5,6,68,10.574241675659731,0.007937044324501881,10.574244654439,1.5982965192898777,2.8871040995522857e-12,0.0,2.8871040995522857e-12,4.3595632906898745e-14,3.785321905943363e-14,0.0,0.0,2.834311216098968e-12,1.2991585018930459e-9,0.014561149153275464
3,0.15114994701951814,5,4,69,10.574241675669763,0.007937044325943521,10.57424465444903,1.5982965192913938,0.0,2.887073697947617e-12,2.887073697947617e-12,0.0,0.0,4.3595985621048376e-14,3.785292198275033e-14,2.834311216098968e-12,1.2991585018930459e-9,0.014561149153275464
3,0.15114994701951814,5,6,70,10.573667845818306,0.007450210126578602,10.573670470528334,1.5982097314222012,4.847765131323342e-13,0.0,4.847765131323342e-13,9.286346592802912e-15,2.783100350698111e-15,0.0,0.0,2.834311216098968e-12,1.2991585018930459e-9,0.014561149153275464
3,0.15114994701951814,5,4,71,10.573667845824943,0.007450210125985768,10.57367047053497,1.598209731423204,0.0,4.847669680929072e-13,4.847669680929072e-13,0.0,0.0,9.286445610662358e-15,2.783131779588091e-15,2.834311216098968e-12,1.2991585018930459e-9,0.014561149153275464
3,0.15114994701951814,5,6,72,8.365819332988693,0.008125207478609193,8.36582327874573,1.2644937453570686,1.2573936393424732e-14,0.0,1.2573936393424732e-14,1.3270076072406626e-16,-2.1357916750991555e-16,0.0,0.0,2.834311216098968e-12,1.2991585018930459e-9,0.014561149153275464
3,0.15114994701951814,5,4,73,8.365819332987058,0.008125207476740013,8.365823278744093,1.2644937453568212,0.0,1.2573745993048562e-14,1.2573745993048562e-14,0.0,0.0,1.3269510624300543e-16,-2.1358082890772313e-16,2.834311216098968e-12,1.2991585018930459e-9,0.014561149153275464
3,0.15114994701951814,5,6,74,4.310230486985436,0.016463548431049198,4.310261929322352,0.6514958622573196,2.605485085057052e-17,0.0,2.605485085057052e-17,4.349181973248001e-19,-3.012470601097879e-19,0.0,0.0,2.834311216098968e-12,1.2991585018930459e-9,0.014561149153275464
3,0.15114994701951814,5,4,75,4.310230486972525,0.01646354845514992,4.310261929309534,0.6514958622553821,0.0,1.5335627528420894e-17,1.5335627528420894e-17,0.0,0.0,1.9676183027414307e-19,-2.8892660674677666e-19,2.834311216098968e-12,1.2991585018930459e-9,0.014561149153275464
3,0.15114994701951814,5,4,76,2.0949661499168384,0.01661887158465732,2.095032065671103,0.31666398573037885,0.0,2.458554140798184e-18,2.458554140798184e-18,0.0,0.0,-1.857626744377775e-21,-4.504000378668822e-20,2.834311216098968e-12,1.2991585018930459e-9,0.014561149153275464
3,0.15114994701951814,5,6,77,2.094966149916242,0.01661887158358484,2.095032065670498,0.3166639857302875,6.877046381582187e-19,0.0,6.877046381582187e-19,-2.4537427610777836e-21,-1.1616273683854835e-20,0.0,0.0,2.834311216098968e-12,1.2991585018930459e-9,0.014561149153275464
3,0.15114994701951814,5,6,78,6.414627129706429,0.008716881389170737,6.414633052419046,0.9695714460227888,1.3558472720872976e-19,0.0,1.3558472720872976e-19,-1.902724077966313e-21,-2.0127005296241172e-21,0.0,0.0,2.834311216098968e-12,1.2991585018930459e-9,0.014561149153275464
3,0.15114994701951814,5,4,79,6.414627129686497,0.00871688139970688,6.414633052399129,0.9695714460197783,0.0,6.356639767680373e-20,6.356639767680373e-20,0.0,0.0,4.575317462164917e-22,1.1742384020647125e-21,2.834311216098968e-12,1.2991585018930459e-9,0.014561149153275464
4,0.08726646259971647,6,5,0,0.32084802063386497,0.008097302822395389,0.3209501809590806,0.028008186963037845,0.0,22.386916936680834,22.386916936680834,0.0,0.0,0.4475597109920173,0.010946962148069339,7.892901266831383e-12,5.281032609791738e-10,0.015528231332264204
4,0.08726646259971647,6,7,1,0.3208480206370159,0.008097302823081756,0.32095018096224787,0.02800818696331424,22.386916928399753,0.0,22.386916928399753,0.4475597109923575,0.010946962149223971,0.0,0.0,7.892901266831383e-12,5.281032609791738e-10,0.015528231332264204
4,0.08726646259971647,6,5,2,0.30505143750853136,-0.0076958922634729615,0.305148498740781,0.026629230052721994,0.0,21.29071869752827,21.29071869752827,0.0,0.0,0.4256309745850899,-0.010949671982650067,7.892901266831383e-12,5.281032609791738e-10,0.015528231332264204
4,0.08726646259971647,6,7,3,0.3050514375079172,-0.007695892263144242,0.3051484987401587,0.02662923005266769,21.2907186892623,0.0,21.2907186892623,0.4256309745875484,-0.010949671981271614,0.0,0.0,7.892901266831383e-12,5.281032609791738e-10,0.015528231332264204
4,0.08726646259971647,6,5,4,3.8664718040425154,0.0006507610476530513,3.8664718588069054,0.337413321859429,0.0,1.7898549116096911,1.7898549116096911,0.0,0.0,0.03579227382721417,0.0002984920064368346,7.892901266831383e-12,5.281032609791738e-10,0.015528231332264204
4,0.08726646259971647,6,7,5,3.8664718040381487,0.0006507610429080969,3.8664718588025377,0.3374133218590479,1.7898549000610204,0.0,1.7898549000610204,0.035792273827894294,0.00029849200639286977,0.0,0.0,7.892901266831383e-12,5.281032609791738e-10,0.015528231332264204
4,0.08726646259971647,6,5,6,3.865177551084906,-0.0006400224460265062,3.865177604074545,0.337300376827233,0.0,1.7603577076690726,1.7603577076690726,0.0,0.0,0.035202426885899585,-0.00029145088923998586,7.892901266831383e-12,5.281032609791738e-10,0.015528231332264204
4,0.08726646259971647,6,7,7,3.865177551090416,-0.0006400224498765896,3.865177604080056,0.3373003768277139,1.760357696289892,0.0,1.760357696289892,0.035202426885169835,-0.0002914508893682166,0.0,0.0,7.892901266831383e-12,5.281032609791738e-10,0.015528231332264204
4,0.08726646259971647,6,5,8,7.4542859253767855,0.0004523307650190229,7.454285939100643,0.6505091651121186,0.0,1.2630912167644595,1.2630912167644595,0.0,0.0,0.025259004152441977,0.00012227391510549745,7.892901266831383e-12,5.281032609791738e-10,0.015528231332264204
4,0.08726646259971647,6,7,9,7.4542859253338065,0.00045233072758870535,7.454285939057662,0.6505091651083679,1.2630910996894198,0.0,1.2630910996894198,0.02525900415265775,0.0001222739153163288,0.0,0.0,7.892901266831383e-12,5.281032609791738e-10,0.015528231332264204
4,0.08726646259971647,6,5,10,7.45336728588873,-0.00044713487161264845,7.453367299300761,0.6504289986663796,0.0,1.2509511448515347,1.2509511448515347,0.0,0.0,0.025016232472710676,-0.00012055615283057541,7.892901266831383e-12,5.281032609791738e-10,0.015528231332264204
4,0.08726646259971647,6,7,11,7.453367285958755,-0.00044713482095716864,7.453367299370784,0.6504289986724904,1.2509510286132624,0.0,1.2509510286132624,0.025016232472234057,-0.0001205561531859578,0.0,0.0,7.892901266831383e-12,5.281032609791738e-10,0.015528231332264204
4,0.08726646259971647,6,5,12,0.9504838819908142,0.006917932616244571,0.9505090571457018,0.08294756308609716,0.0,0.1416063799075823,0.1416063799075823,0.0,0.0,0.002829554063062213,0.00011387064961197735,7.892901266831383e-12,5.281032609791738e-10,0.015528231332264204
4,0.08726646259971647,6,7,13,0.9504838819934849,0.006917932617094186,0.9505090571483785,0.08294756308633074,0.14160637979643922,0.0,0.14160637979643922,0.0028295540632174987,0.0001138706495522196,0.0,0.0,7.892901266831383e-12,5.281032609791738e-10,0.015528231332264204
4,0.08726646259971647,6,5,14,0.9376878463049172,-0.005877957785044656,0.9377062693059468,0.08183030907990707,0.0,0.1298774634737705,0.1298774634737705,0.0,0.0,0.0025945237579960354,-0.00011983061142877005,7.892901266831383e-12,5.281032609791738e-10,0.015528231332264204
4,0.08726646259971647,6,7,15,0.937687846303325,-0.0058779577839296136,0.9377062693043476,0.08183030907976752,0.1298774633783894,0.0,0.1298774633783894,0.002594523757856196,-0.00011983061136813106,0.0,0.0,7.892901266831383e-12,5.281032609791738e-10,0.015528231332264204
4,0.08726646259971647,6,5,16,4.522891229484765,0.0009021422696728152,4.52289131945605,0.39469672617189366,0.0,0.0008910116307776058,0.0008910116307776058,0.0,0.0,1.781726608247327e-5,2.054533409860367e-7,7.892901266831383e-12,5.281032609791738e-10,0.015528231332264204
4,0.08726646259971647,6,7,17,4.522891229491624,0.0009021422721246595,4.522891319462909,0.39469672617249224,0.0008910116283113924,0.0,0.0008910116283113924,1.781726609142504e-5,2.0545334397659154e-7,0.0,0.0,7.892901266831383e-12,5.281032609791738e-10,0.015528231332264204
4,0.08726646259971647,6,7,18,4.47811933431886,0.01363554818616916,4.47814009389777,0.39079144502042057,0.0008689578654408098,0.0,0.0008689578654408098,1.7321195793581373e-5,-1.3967412033677505e-6,0.0,0.0,7.892901266831383e-12,5.281032609791738e-10,0.015528231332264204
4,0.08726646259971647,6,5,19,4.478119334322614,0.013635548167139556,4.478140093901466,0.3907914450207431,0.0,0.0008689578645786823,0.0008689578645786823,0.0,0.0,1.7321195777406106e-5,-1.3967412016928208e-6,7.892901266831383e-12,5.281032609791738e-10,0.015528231332264204
4,0.08726646259971647,6,5,20,4.521750578454336,-0.00017404632201233235,4.521750581803937,0.39459717803223954,0.0,0.0008670982246825017,0.0008670982246825017,0.0,0.0,1.7338383784836256e-5,-2.530506972064418e-7,7.892901266831383e-12,5.281032609791738e-10,0.015528231332264204
4,0.08726646259971647,6,7,21,4.521750578447662,-0.000174046321972373,4.521750581797264,0.3945971780316571,0.0008670982220679561,0.0,0.0008670982220679561,1.733838377325313e-5,-2.5305069542797074e-7,0.0,0.0,7.892901266831383e-12,5.281032609791738e-10,0.015528231332264204
4,0.08726646259971647,6,5,22,4.449601369209889,-0.01268301866553869,4.449619444833118,0.3883025488655005,0.0,0.0005484870885407176,0.0005484870885407176,0.0,0.0,1.0520981649237646e-5,3.101631106196528e-6,7.892901266831383e-12,5.281032609791738e-10,0.015528231332264204
4,0.08726646259971647,6,7,23,4.44960136920054,-0.012683018658793671,4.4496194448237505,0.388302548864683,0.0005484870874847864,0.0,0.0005484870874847864,1.0520981633263445e-5,3.1016310959952153e-6,0.0,0.0,7.892901266831383e-12,5.281032609791738e-10,0.015528231332264204
4,0.08726646259971647,6,7,24,4.461200336932201,-0.0007803468220746977,4.461200405180779,0.38931317830854845,0.0005216465470170077,0.0,0.0005216465470170077,9.746207727972001e-6,-3.7196390689537987e-6,0.0,0.0,7.892901266831383e-12,5.281032609791738e-10,0.015528231332264204
4,0.08726646259971647,6,5,25,4.4612003369310225,-0.0007803468131546854,4.461200405179599,0.3893131783084455,0.0,0.0005216465453558825,0.0005216465453558825,0.0,0.0,9.746207724493976e-6,-3.719639083756167e-6,7.892901266831383e-12,5.281032609791738e-10,0.015528231332264204
4,0.08726646259971647,6,7,26,8.114747700132432,0.0007534760109627163,8.114747735113562,0.7081453297324216,0.0002917261126036514,0.0,0.0002917261126036514,5.8337983576183466e-6,4.05250038046644e-8,0.0,0.0,7.892901266831383e-12,5.281032609791738e-10,0.015528231332264204
4,0.08726646259971647,6,5,27,8.114747700138079,0.0007534760254634832,8.114747735119211,0.7081453297329147,0.0,0.00029172610764193694,0.00029172610764193694,0.0,0.0,5.833798351763397e-6,4.052500995547885e-8,7.892901266831383e-12,5.281032609791738e-10,0.015528231332264204
4,0.08726646259971647,6,7,28,8.11326066689233,-3.19522682748815e-5,8.113260666955249,0.708015558554601,0.00027740529101463854,0.0,0.00027740529101463854,5.547283727072198e-6,-5.4489485351594e-8,0.0,0.0,7.892901266831383e-12,5.281032609791738e-10,0.015528231332264204
4,0.08726646259971647,6,5,29,8.113260666878595,-3.195226558819382e-5,8.113260666941514,0.7080155585534024,0.0,0.00027740528698549666,0.00027740528698549666,0.0,0.0,5.547283720875576e-6,-5.448948024550321e-8,7.892901266831383e-12,5.281032609791738e-10,0.015528231332264204
4,0.08726646259971647,6,7,30,8.066209082359963,0.013903800823806874,8.0662210654075,0.7039105789254289,0.000236308776234748,0.0,0.000236308776234748,4.714889394915093e-6,-3.195093534501324e-7,0.0,0.0,7.892901266831383e-12,5.281032609791738e-10,0.015528231332264204
4,0.08726646259971647,6,5,31,8.066209082415364,0.013903800905452703,8.066221065463042,0.7039105789302758,0.0,0.00023630877580824394,0.00023630877580824394,0.0,0.0,4.714889395921612e-6,-3.195093566286879e-7,7.892901266831383e-12,5.281032609791738e-10,0.015528231332264204
4,0.08726646259971647,6,7,32,4.461209175807369,0.0014248326582413547,4.461209403340754,0.38931396354613934,0.00023045547103234097,0.0,0.00023045547103234097,4.15791900879755e-6,1.9878004524267667e-6,0.0,0.0,7.892901266831383e-12,5.281032609791738e-10,0.015528231332264204
4,0.08726646259971647,6,5,33,4.461209175801967,0.0014248326609861105,4.461209403335353,0.389313963545668,0.0,0.0002304554695344329,0.0002304554695344329,0.0,0.0,4.157919016972204e-6,1.9878004464696992e-6,7.892901266831383e-12,5.281032609791738e-10,0.015528231332264204
4,0.08726646259971647,6,5,34,8.037686111137328,-0.012971230163833709,8.037696577626072,0.7014213477792747,0.0,0.00016333586409834197,0.00016333586409834197,0.0,0.0,3.184612000645286e-6,7.263292358121221e-7,7.892901266831383e-12,5.281032609791738e-10,0.015528231332264204
4,0.08726646259971647,6,7,35,8.03768611100965,-0.012971230049103225,8.03769657749821,0.7014213477681166,0.00016333586327464737,0.0,0.00016333586327464737,3.1846119828559543e-6,7.263292352643628e-7,0.0,0.0,7.892901266831383e-12,5.281032609791738e-10,0.015528231332264204
4,0.08726646259971647,6,7,36,8.049642164939002,-0.00041981938482442936,8.04964217588659,0.7024637978831074,0.00014190317874831566,0.0,0.00014190317874831566,2.66600794222807e-6,-9.723138960220123e-7,0.0,0.0,7.892901266831383e-12,5.281032609791738e-10,0.015528231332264204
4,0.08726646259971647,6,5,37,8.04964216480448,-0.0004198195027330029,8.049642175752073,0.7024637978713686,0.0,0.00014190316706785909,0.00014190316706785909,0.0,0.0,2.6660079372711046e-6,-9.723138620723625e-7,7.892901266831383e-12,5.281032609791738e-10,0.015528231332264204
4,0.08726646259971647,6,7,38,8.049651419378444,0.0011650612375638386,8.049651503690646,0.7024646118875711,6.560368189705335e-5,0.0,6.560368189705335e-5,1.1310874809289202e-6,6.647056166180653e-7,0.0,0.0,7.892901266831383e-12,5.281032609791738e-10,0.015528231332264204
4,0.08726646259971647,6,5,39,8.049651419421037,0.001165061322785009,8.049651503733251,0.7024646118912893,0.0,6.560367421254506e-5,6.560367421254506e-5,0.0,0.0,1.131087495995407e-6,6.647056066773951e-7,7.892901266831383e-12,5.281032609791738e-10,0.015528231332264204
4,0.08726646259971647,6,5,40,8.05386396440209,0.007066062102101613,8.053867064108283,0.7028324889330938,0.0,3.069155559459604e-5,3.069155559459604e-5,0.0,0.0,5.552979804503609e-7,-2.614525316618485e-7,7.892901266831383e-12,5.281032609791738e-10,0.015528231332264204
4,0.08726646259971647,6,7,41,8.053863964406698,0.007066062101941554,8.053867064112891,0.7028324889334959,3.069155555733842e-5,0.0,3.069155555733842e-5,5.552979802417418e-7,-2.614525296524085e-7,0.0,0.0,7.892901266831383e-12,5.281032609791738e-10,0.015528231332264204
4,0.08726646259971647,6,7,42,8.055579782533245,0.0063570534119538336,8.055582290864296,0.7029821707046474,2.759962776412544e-5,0.0,2.759962776412544e-5,5.517554493350854e-7,1.4168839113817456e-8,0.0,0.0,7.892901266831383e-12,5.281032609791738e-10,0.015528231332264204
4,0.08726646259971647,6,5,43,8.055579782540217,0.006357053411704224,8.055582290871268,0.7029821707052558,0.0,2.7599627540402094e-5,2.7599627540402094e-5,0.0,0.0,5.517554478062655e-7,1.4168836990105957e-8,7.892901266831383e-12,5.281032609791738e-10,0.015528231332264204
4,0.08726646259971647,6,7,44,8.04784015182476,0.007948589329469766,8.047844077105067,0.7023068841630391,2.4516153121790272e-5,0.0,2.4516153121790272e-5,4.890507093419988e-7,-3.461259764812538e-8,0.0,0.0,7.892901266831383e-12,5.281032609791738e-10,0.015528231332264204
4,0.08726646259971647,6,5,45,8.047840151824305,0.007948589330389146,8.047844077104612,0.7023068841629994,0.0,2.4516152944943006e-5,2.4516152944943006e-5,0.0,0.0,4.890507054895032e-7,-3.461259719545234e-8,7.892901266831383e-12,5.281032609791738e-10,0.015528231332264204
4,0.08726646259971647,6,5,46,8.040958220775288,-0.0054332577557185645,8.040960056395226,0.7017061400272281,0.0,2.198814070697335e-5,2.198814070697335e-5,0.0,0.0,4.135327553967704e-7,1.4947681763160037e-7,7.892901266831383e-12,5.281032609791738e-10,0.015528231332264204
4,0.08726646259971647,6,7,47,8.04095822078096,-0.005433257753565863,8.040960056400897,0.7017061400277229,2.1988140679675178e-5,0.0,2.1988140679675178e-5,4.135327552627427e-7,1.4947681855917344e-7,0.0,0.0,7.892901266831383e-12,5.281032609791738e-10,0.015528231332264204
4,0.08726646259971647,6,5,48,8.032278741422342,-0.007599006305373545,8.032282335974136,0.7009488660626502,0.0,2.0727164218403263e-5,2.0727164218403263e-5,0.0,0.0,3.780020635735154e-7,-1.7007707111106446e-7,7.892901266831383e-12,5.281032609791738e-10,0.015528231332264204
4,0.08726646259971647,6,7,49,8.032278741420141,-0.0075990063105128266,8.032282335971939,0.7009488660624584,2.0727164077145178e-5,0.0,2.0727164077145178e-5,3.7800206017822704e-7,-1.7007707545904043e-7,0.0,0.0,7.892901266831383e-12,5.281032609791738e-10,0.015528231332264204
4,0.08726646259971647,6,7,50,8.03597475308783,-0.0071691964754215165,8.035977951042618,0.7012713693168069,1.1072348098466376e-5,0.0,1.1072348098466376e-5,1.0349264316027604e-7,1.9575041155291484e-7,0.0,0.0,7.892901266831383e-12,5.281032609791738e-10,0.015528231332264204
4,0.08726646259971647,6,5,51,8.035974753086776,-0.007169196473478927,8.035977951041563,0.7012713693167147,0.0,1.1072347949370986e-5,1.1072347949370986e-5,0.0,0.0,1.0349264437056923e-7,1.957504067863699e-7,7.892901266831383e-12,5.281032609791738e-10,0.015528231332264204
4,0.08726646259971647,6,7,52,11.635268556868526,-0.006861141645565557,11.635270579824008,1.015368904891793,6.080725763306643e-6,0.0,6.080725763306643e-6,1.1782600313897518e-7,3.0069344024190526e-8,0.0,0.0,7.892901266831383e-12,5.281032609791738e-10,0.015528231332264204
4,0.08726646259971647,6,5,53,11.635268556973955,-0.00686114160329692,11.63527057992941,1.0153689049009913,0.0,6.080725727409975e-6,6.080725727409975e-6,0.0,0.0,1.1782600249917054e-7,3.006934462228367e-8,7.892901266831383e-12,5.281032609791738e-10,0.015528231332264204
4,0.08726646259971647,6,5,54,11.639573582272938,-0.004428603970792181,11.639574424766534,1.0157444862155052,0.0,2.9252832567469814e-6,2.9252832567469814e-6,0.0,0.0,3.207018024119635e-8,4.892577928826653e-8,7.892901266831383e-12,5.281032609791738e-10,0.015528231332264204
4,0.08726646259971647,6,7,55,11.639573582264589,-0.004428603996698841,11.639574424758196,1.0157444862147775,2.9252832287567218e-6,0.0,2.9252832287567218e-6,3.207018075204573e-8,4.8925778708537065e-8,0.0,0.0,7.892901266831383e-12,5.281032609791738e-10,0.015528231332264204
4,0.08726646259971647,6,7,56,11.645485522650924,-0.006437624096238796,11.645487302010006,1.0162604820963292,2.6065692872837186e-6,0.0,2.6065692872837186e-6,4.787414948100474e-8,2.0620469669217692e-8,0.0,0.0,7.892901266831383e-12,5.281032609791738e-10,0.015528231332264204
4,0.08726646259971647,6,5,57,11.645485522666597,-0.006437623994950259,11.645487302025622,1.016260482097692,0.0,2.606569158588221e-6,2.606569158588221e-6,0.0,0.0,4.787414795913302e-8,2.0620468664572454e-8,7.892901266831383e-12,5.281032609791738e-10,0.015528231332264204
4,0.08726646259971647,6,5,58,11.599184644663632,-0.0006017951666120909,11.599184660274963,1.01221981434309,0.0,4.466613166926439e-7,4.466613166926439e-7,0.0,0.0,8.93100331390914e-9,1.5412064530199347e-10,7.892901266831383e-12,5.281032609791738e-10,0.015528231332264204
4,0.08726646259971647,6,7,59,11.599184644662389,-0.00060179517180395,11.59918466027372,1.0122198143429815,4.46661316286322e-7,0.0,4.46661316286322e-7,8.93100332858687e-9,1.5412061984452412e-10,0.0,0.0,7.892901266831383e-12,5.281032609791738e-10,0.015528231332264204
4,0.08726646259971647,6,7,60,11.601876162135179,0.0006228967069201088,11.601876178856626,1.0124546936487333,2.7536536513119183e-7,0.0,2.7536536513119183e-7,5.502819291688062e-9,-2.082030465092485e-10,0.0,0.0,7.892901266831383e-12,5.281032609791738e-10,0.015528231332264204
4,0.08726646259971647,6,5,61,11.601876162133436,0.0006228967068320178,11.601876178854884,1.0124546936485812,0.0,2.753653621332063e-7,2.753653621332063e-7,0.0,0.0,5.502819247164437e-9,-2.0820306985442944e-10,7.892901266831383e-12,5.281032609791738e-10,0.015528231332264204
4,0.08726646259971647,6,5,62,11.631921920530562,-0.007240472574334924,11.631924174003306,1.0150768758933975,0.0,2.3624869909718566e-7,2.3624869909718566e-7,0.0,0.0,4.094509635781068e-9,2.357096936581406e-9,7.892901266831383e-12,5.281032609791738e-10,0.015528231332264204
4,0.08726646259971647,6,7,63,11.631921920613276,-0.007240472412286207,11.63192417408592,1.015076875900607,2.362486654111606e-7,0.0,2.362486654111606e-7,4.094508321910716e-9,2.357097403040915e-9,0.0,0.0,7.892901266831383e-12,5.281032609791738e-10,0.015528231332264204
4,0.08726646259971647,6,7,64,8.68382785108443,0.005828347351719349,8.683829806997744,0.7578071090746717,1.6885836407540868e-7,0.0,1.6885836407540868e-7,3.120108268763626e-9,-1.29147281207775e-9,0.0,0.0,7.892901266831383e-12,5.281032609791738e-10,0.015528231332264204
4,0.08726646259971647,6,5,65,8.683827851080434,0.0058283473554248295,8.683829806993751,0.7578071090743234,0.0,1.6885835983182788e-7,1.6885835983182788e-7,0.0,0.0,3.1201082149476323e-9,-1.2914727827012843e-9,7.892901266831383e-12,5.281032609791738e-10,0.015528231332264204
4,0.08726646259971647,6,5,66,8.673486627836088,-0.003661916255069588,8.673487400860283,0.756904563876286,0.0,1.346087435392467e-7,1.346087435392467e-7,0.0,0.0,2.3307301343649914e-9,1.3468677956140961e-9,7.892901266831383e-12,5.281032609791738e-10,0.015528231332264204
4,0.08726646259971647,6,7,67,8.6734866278417,-0.0036619162498888955,8.673487400865895,0.7569045638767756,1.3460873837321975e-7,0.0,1.3460873837321975e-7,2.330730134120424e-9,1.346867822392692e-9,0.0,0.0,7.892901266831383e-12,5.281032609791738e-10,0.015528231332264204
4,0.08726646259971647,6,5,68,8.685072074876373,0.005330215419459855,8.685073710510109,0.7579156601340111,0.0,1.0855012244608185e-7,1.0855012244608185e-7,0.0,0.0,2.1648590644699917e-9,-1.6029337710695632e-10,7.892901266831383e-12,5.281032609791738e-10,0.015528231332264204
4,0.08726646259971647,6,7,69,8.68507207486828,0.005330215419731343,8.685073710502015,0.7579156601333049,1.0855011725661591e-7,0.0,1.0855011725661591e-7,2.164859031131225e-9,-1.6029338035027194e-10,0.0,0.0,7.892901266831383e-12,5.281032609791738e-10,0.015528231332264204
4,0.08726646259971647,6,7,70,8.67668997305062,0.007024850161354641,8.676692816791254,0.7571842891857425,1.0525183209443068e-7,0.0,1.0525183209443068e-7,2.103953304375888e-9,6.061502439836322e-11,0.0,0.0,7.892901266831383e-12,5.281032609791738e-10,0.015528231332264204
4,0.08726646259971647,6,5,71,8.676689973053639,0.007024850161680921,8.676692816794274,0.7571842891860061,0.0,1.0525183194046716e-7,1.0525183194046716e-7,0.0,0.0,2.103953303649994e-9,6.061500115411817e-11,7.892901266831383e-12,5.281032609791738e-10,0.015528231332264204
4,0.08726646259971647,6,5,72,8.663667995761122,-0.005971223714757645,8.66367005352167,0.7560478387019325,0.0,8.365497610049361e-8,8.365497610049361e-8,0.0,0.0,1.6713321037433104e-9,-7.314948567036948e-11,7.892901266831383e-12,5.281032609791738e-10,0.015528231332264204
4,0.08726646259971647,6,7,73,8.663667995761374,-0.0059712237155147155,8.663670053521923,0.7560478387019545,8.365497095112002e-8,0.0,8.365497095112002e-8,1.67133207644951e-9,-7.314939277299714e-11,0.0,0.0,7.892901266831383e-12,5.281032609791738e-10,0.015528231332264204
4,0.08726646259971647,6,5,74,8.668834524002348,-0.005386760871200878,8.668836197652352,0.7564986698254973,0.0,1.3144077442948174e-8,1.3144077442948174e-8,0.0,0.0,2.100014783851845e-10,1.580894023640268e-10,7.892901266831383e-12,5.281032609791738e-10,0.015528231332264204
4,0.08726646259971647,6,7,75,8.66883452400455,-0.005386760871587825,8.668836197654555,0.7564986698256896,1.3144076855170932e-8,0.0,1.3144076855170932e-8,2.1000146697697998e-10,1.5808939663592597e-10,0.0,0.0,7.892901266831383e-12,5.281032609791738e-10,0.015528231332264204
4,0.08726646259971647,6,7,76,8.71236206802145,0.00103719644838819,8.712362129759958,0.7602970239518836,5.097472858540476e-9,0.0,5.097472858540476e-9,9.595874827070444e-11,-3.4402600811175295e-11,0.0,0.0,7.892901266831383e-12,5.281032609791738e-10,0.015528231332264204
4,0.08726646259971647,6,5,77,8.712362068034018,0.001037196484529209,8.712362129772531,0.7602970239529807,0.0,5.097470813840676e-9,5.097470813840676e-9,0.0,0.0,9.595871374376919e-11,-3.440265887621896e-11,7.892901266831383e-12,5.281032609791738e-10,0.015528231332264204
4,0.08726646259971647,6,7,78,5.122419912712656,0.0001319878514773956,5.122419914413102,0.44701546588117386,4.428946468012566e-9,0.0,4.428946468012566e-9,6.936754137050628e-11,5.5070967911601883e-11,0.0,0.0,7.892901266831383e-12,5.281032609791738e-10,0.015528231332264204
4,0.08726646259971647,6,5,79,5.122419912711491,0.00013198785410415206,5.122419914411937,0.44701546588107216,0.0,4.428945885049267e-9,4.428945885049267e-9,0.0,0.0,6.936752727945766e-11,5.5070962341028805e-11,7.892901266831383e-12,5.281032609791738e-10,0.015528231332264204
5,0.05038331567317271,7,6,0,0.11988658401851726,0.02290947479923936,0.12205587680732945,0.006149579770949559,0.0,40.309412509204016,40.309412509204016,0.0,0.0,0.8061075852861173,-0.00029026850297064755,9.424773284539898e-12,3.125374709409437e-9,0.014488873805080849
5,0.05038331567317271,7,8,1,0.11988658402231422,0.022909474800719698,0.12205587681133678,0.006149579771151462,40.30941250916979,0.0,40.30941250916979,0.8061075852850426,-0.00029026850299551654,0.0,0.0,9.424773284539898e-12,3.125374709409437e-9,0.014488873805080849
5,0.05038331567317271,7,6,2,2.121892294515419,0.0020882897282790136,2.1218933221248184,0.10690802107341188,0.0,2.0462359084259476,2.0462359084259476,0.0,0.0,0.04084134011470908,0.0025460891566821964,9.424773284539898e-12,3.125374709409437e-9,0.014488873805080849
5,0.05038331567317271,7,8,3,2.1218922945154195,0.002088289728187309,2.121893322124819,0.1069080210734119,2.0462359083717936,0.0,2.0462359083717936,0.040841340114945,0.0025460891565881605,0.0,0.0,9.424773284539898e-12,3.125374709409437e-9,0.014488873805080849
5,0.05038331567317271,7,6,4,6.754228313982058,0.0017542138850152426,6.75422854178501,0.34030042874950717,0.0,1.7660125326454266,1.7660125326454266,0.0,0.0,0.035299341150374364,0.0011077669523226197,9.424773284539898e-12,3.125374709409437e-9,0.014488873805080849
5,0.05038331567317271,7,8,5,6.754228313963341,0.0017542138895859476,6.754228541766294,0.3403004287485642,1.7660125218787286,0.0,1.7660125218787286,0.035299341148602004,0.0011077669511228017,0.0,0.0,9.424773284539898e-12,3.125374709409437e-9,0.014488873805080849
5,0.05038331567317271,7,6,6,2.111742000562219,-0.0009405031028067584,2.111742209997378,0.10639657438666128,0.0,1.6568574359867303,1.6568574359867303,0.0,0.0,0.03312662354245732,-0.0006912676426419351,9.424773284539898e-12,3.125374709409437e-9,0.014488873805080849
5,0.05038331567317271,7,8,7,2.111742000562181,-0.0009405031031197407,2.11174220999734,0.10639657438665935,1.6568574359845194,0.0,1.6568574359845194,0.03312662354242413,-0.0006912676425643305,0.0,0.0,9.424773284539898e-12,3.125374709409437e-9,0.014488873805080849
5,0.05038331567317271,7,6,8,6.744768231696863,-0.0009334439353033651,6.74476829628897,0.33982379021433445,0.0,1.6438400990786595,1.6438400990786595,0.0,0.0,0.032872635401980266,-0.00024041832644294825,9.424773284539898e-12,3.125374709409437e-9,0.014488873805080849
5,0.05038331567317271,7,8,9,6.744768231721752,-0.0009334439520779156,6.74476829631386,0.3398237902155885,1.6438400889062463,0.0,1.6438400889062463,0.03287263540124241,-0.0002404183261972559,0.0,0.0,9.424773284539898e-12,3.125374709409437e-9,0.014488873805080849
5,0.05038331567317271,7,6,10,12.949564324097846,-8.691548258258491e-5,12.949564324389527,0.6524419871857731,0.0,1.2856076935236123,1.2856076935236123,0.0,0.0,0.02569452726385113,0.0008797414918083057,9.424773284539898e-12,3.125374709409437e-9,0.014488873805080849
5,0.05038331567317271,7,8,11,12.94956432398488,-8.691540067047587e-5,12.949564324276562,0.6524419871800815,1.2856076684392608,0.0,1.2856076684392608,0.025694527262009548,0.0008797414875489351,0.0,0.0,9.424773284539898e-12,3.125374709409437e-9,0.014488873805080849
5,0.05038331567317271,7,6,12,12.942275742823064,-0.0011231989549096676,12.942275791561629,0.6520747667355108,0.0,1.2235376792714172,1.2235376792714172,0.0,0.0,0.02446808838237885,-0.00010347825451184622,9.424773284539898e-12,3.125374709409437e-9,0.014488873805080849
5,0.05038331567317271,7,8,13,12.94227574296864,-0.0011231990610567517,12.942275791707214,0.6520747667428458,1.223537654409309,0.0,1.223537654409309,0.024468088381802477,-0.00010347825441509029,0.0,0.0,9.424773284539898e-12,3.125374709409437e-9,0.014488873805080849
5,0.05038331567317271,7,6,14,2.1673201973697593,0.04381173495683862,2.1677629727548213,0.10921908616092145,0.0,0.09822503012778357,0.09822503012778357,0.0,0.0,0.0011410919908636172,-0.001598874582943395,9.424773284539898e-12,3.125374709409437e-9,0.014488873805080849
5,0.05038331567317271,7,8,15,2.167320197369455,0.04381173495785297,2.167762972754538,0.10921908616090718,0.09822503011906046,0.0,0.09822503011906046,0.0011410919908076446,-0.0015988745829646628,0.0,0.0,9.424773284539898e-12,3.125374709409437e-9,0.014488873805080849
5,0.05038331567317271,7,8,16,6.799926791791849,0.04409212187623553,6.800069741476196,0.34261006038438513,0.04422748507016838,0.0,0.04422748507016838,0.00028732627255723293,-0.0008364898818680605,0.0,0.0,9.424773284539898e-12,3.125374709409437e-9,0.014488873805080849
5,0.05038331567317271,7,6,17,6.799926791810115,0.04409212184554763,6.800069741494263,0.3426100603852954,0.0,0.04422748505264007,0.04422748505264007,0.0,0.0,0.000287326270459555,-0.0008364898827308703,9.424773284539898e-12,3.125374709409437e-9,0.014488873805080849
5,0.05038331567317271,7,6,18,13.021286634718336,0.04618757880800417,13.021368550038453,0.6560597221533105,0.0,0.03817064147232786,0.03817064147232786,0.0,0.0,-7.226436583210663e-5,-0.0007599081970221262,9.424773284539898e-12,3.125374709409437e-9,0.014488873805080849
5,0.05038331567317271,7,8,19,13.02128663474726,0.046187578788725966,13.021368550067308,0.6560597221547644,0.03817064124663436,0.0,0.03817064124663436,-7.226436401678096e-5,-0.0007599081929725356,0.0,0.0,9.424773284539898e-12,3.125374709409437e-9,0.014488873805080849
5,0.05038331567317271,7,6,20,4.336831770340258,0.022932260296834695,4.336892400417025,0.21850701885079468,0.0,0.0002575350910282246,0.0002575350910282246,0.0,0.0,5.149313445527022e-6,9.484202118343959e-8,9.424773284539898e-12,3.125374709409437e-9,0.014488873805080849
5,0.05038331567317271,7,8,21,4.336831770340078,0.022932260295221996,4.336892400416835,0.21850701885078516,0.00025753509092227625,0.0,0.00025753509092227625,5.149313443821382e-6,9.484202080586618e-8,0.0,0.0,9.424773284539898e-12,3.125374709409437e-9,0.014488873805080849
5,0.05038331567317271,7,6,22,8.970973482231106,0.022911985508503707,8.97100274094115,0.45198886300173563,0.0,0.0001547970450989812,0.0001547970450989812,0.0,0.0,3.0956300717084202e-6,-2.7931636176209288e-9,9.424773284539898e-12,3.125374709409437e-9,0.014488873805080849
5,0.05038331567317271,7,8,23,8.970973482228064,0.022911985512478916,8.97100274093812,0.4519888630015829,0.00015479704470260195,0.0,0.00015479704470260195,3.095630069227061e-6,-2.7931576178561704e-9,0.0,0.0,9.424773284539898e-12,3.125374709409437e-9,0.014488873805080849
5,0.05038331567317271,7,6,24,4.351755740397211,0.02085073569901274,4.351805691578988,0.2192583999071338,0.0,0.00015364122169627466,0.00015364122169627466,0.0,0.0,3.0658953227155077e-6,-2.0161218446165927e-7,9.424773284539898e-12,3.125374709409437e-9,0.014488873805080849
5,0.05038331567317271,7,8,25,4.3517557403915355,0.020850735703806734,4.351805691573335,0.21925839990684903,0.00015364122095001164,0.0,0.00015364122095001164,3.065895323649568e-6,-2.0161218363811285e-7,0.0,0.0,9.424773284539898e-12,3.125374709409437e-9,0.014488873805080849
5,0.05038331567317271,7,6,26,8.985056804483417,0.02091632476786918,8.98508115001949,0.4526981799305056,0.0,9.879154698240518e-5,9.879154698240518e-5,0.0,0.0,1.9739234108467863e-6,-8.217983661421149e-8,9.424773284539898e-12,3.125374709409437e-9,0.014488873805080849
5,0.05038331567317271,7,8,27,8.985056804461054,0.02091632477901685,8.985081149997153,0.4526981799293803,9.879154554164103e-5,0.0,9.879154554164103e-5,1.9739234107584035e-6,-8.217983563838888e-8,0.0,0.0,9.424773284539898e-12,3.125374709409437e-9,0.014488873805080849
5,0.05038331567317271,7,6,28,4.35386603351208,0.022970981099567633,4.3539266304960735,0.21936525984211686,0.0,7.606439261105183e-5,7.606439261105183e-5,0.0,0.0,1.5169497751857523e-6,-1.1277057690168012e-7,9.424773284539898e-12,3.125374709409437e-9,0.014488873805080849
5,0.05038331567317271,7,8,29,4.353866033515394,0.02297098110181447,4.353926630499399,0.21936525984228442,7.606439174997828e-5,0.0,7.606439174997828e-5,1.5169497774819163e-6,-1.1277057733293509e-7,0.0,0.0,9.424773284539898e-12,3.125374709409437e-9,0.014488873805080849
5,0.05038331567317271,7,6,30,8.987154632944797,0.022898486906876472,8.98718380457214,0.45280411863858344,0.0,4.707299691162761e-5,4.707299691162761e-5,0.0,0.0,9.342782260986117e-7,-1.1529843137515715e-7,9.424773284539898e-12,3.125374709409437e-9,0.014488873805080849
5,0.05038331567317271,7,8,31,8.987154632958685,0.022898486912631247,8.987183804586042,0.4528041186392839,4.7072996012858235e-5,0.0,4.7072996012858235e-5,9.342782372596362e-7,-1.1529842676529891e-7,0.0,0.0,9.424773284539898e-12,3.125374709409437e-9,0.014488873805080849
5,0.05038331567317271,7,6,32,10.981514518843209,-0.0007630396287379611,10.981514545352734,0.5532851139080445,0.0,9.984497435771916e-6,9.984497435771916e-6,0.0,0.0,1.9955267339708642e-7,-6.843374084720749e-9,9.424773284539898e-12,3.125374709409437e-9,0.014488873805080849
5,0.05038331567317271,7,8,33,10.981514518830767,-0.0007630396170486588,10.981514545340293,0.5532851139074176,9.984497424873337e-6,0.0,9.984497424873337e-6,1.995526732247042e-7,-6.843375040842222e-9,0.0,0.0,9.424773284539898e-12,3.125374709409437e-9,0.014488873805080849
5,0.05038331567317271,7,6,34,10.9912377670084,0.002140021739004419,10.991237975342216,0.5537750125506306,0.0,8.380263827556138e-6,8.380263827556138e-6,0.0,0.0,1.6758626818541895e-7,8.682898159010133e-10,9.424773284539898e-12,3.125374709409437e-9,0.014488873805080849
5,0.05038331567317271,7,8,35,10.991237767014507,0.0021400217270330056,10.99123797534832,0.5537750125509381,8.380263805707477e-6,0.0,8.380263805707477e-6,1.6758626778841672e-7,8.682902921046303e-10,0.0,0.0,9.424773284539898e-12,3.125374709409437e-9,0.014488873805080849
5,0.05038331567317271,7,6,36,8.98787076346504,0.022996332521887142,8.987900182582086,0.45284021213799985,0.0,3.5378015500734964e-6,3.5378015500734964e-6,0.0,0.0,1.881863450722342e-8,6.82002475624792e-8,9.424773284539898e-12,3.125374709409437e-9,0.014488873805080849
5,0.05038331567317271,7,8,37,8.987870763464594,0.02299633250920493,8.987900182581608,0.4528402121379758,3.537801253168925e-6,0.0,3.537801253168925e-6,1.881862609537395e-8,6.820024303462615e-8,0.0,0.0,9.424773284539898e-12,3.125374709409437e-9,0.014488873805080849
5,0.05038331567317271,7,8,38,10.980094394870456,-0.0007342619785451025,10.980094419421276,0.5532135632549442,1.3167416470122684e-6,0.0,1.3167416470122684e-6,2.6250087166341665e-8,2.0778965513137545e-9,0.0,0.0,9.424773284539898e-12,3.125374709409437e-9,0.014488873805080849
5,0.05038331567317271,7,6,39,10.980094394876138,-0.0007342619789240772,10.980094419426958,0.5532135632552305,0.0,1.31674163705089e-6,1.31674163705089e-6,0.0,0.0,2.6250087223308972e-8,2.0778953344309647e-9,9.424773284539898e-12,3.125374709409437e-9,0.014488873805080849
5,0.05038331567317271,7,8,40,6.356433507540135,0.002294560900325964,6.356433921688223,0.3202582168320809,8.31201001004231e-7,0.0,8.31201001004231e-7,1.6592329718614225e-8,9.986813811031008e-10,0.0,0.0,9.424773284539898e-12,3.125374709409437e-9,0.014488873805080849
5,0.05038331567317271,7,6,41,6.356433507538446,0.0022945609019405025,6.356433921686533,0.3202582168319958,0.0,8.312009959584086e-7,8.312009959584086e-7,0.0,0.0,1.6592329839347443e-8,9.98681350170834e-10,9.424773284539898e-12,3.125374709409437e-9,0.014488873805080849
5,0.05038331567317271,7,8,42,6.346417272562725,-0.0006819531914427565,6.346417309202307,0.3197535466832272,6.888161319283849e-7,0.0,6.888161319283849e-7,1.377411421678693e-8,-1.5126454472952604e-10,0.0,0.0,9.424773284539898e-12,3.125374709409437e-9,0.014488873805080849
5,0.05038331567317271,7,6,43,6.346417272564412,-0.0006819531923355458,6.346417309203994,0.31975354668331213,0.0,6.888161122534089e-7,6.888161122534089e-7,0.0,0.0,1.3774114249934162e-8,-1.5126413835911684e-10,9.424773284539898e-12,3.125374709409437e-9,0.014488873805080849
5,0.05038331567317271,7,8,44,10.989672924120493,0.002019912232011069,10.989673109751376,0.5536961694335811,6.060300235710693e-7,0.0,6.060300235710693e-7,8.447942714587671e-9,-8.68975502843862e-9,0.0,0.0,9.424773284539898e-12,3.125374709409437e-9,0.014488873805080849
5,0.05038331567317271,7,6,45,10.989672924111467,0.0020199122377057045,10.989673109742352,0.5536961694331265,0.0,6.060300097200563e-7,6.060300097200563e-7,0.0,0.0,8.44794257246269e-9,-8.68975480230867e-9,9.424773284539898e-12,3.125374709409437e-9,0.014488873805080849
5,0.05038331567317271,7,6,46,8.969893749800047,0.0229477174815354,8.969923103373828,0.4519344672813686,0.0,6.00580675973892e-7,6.00580675973892e-7,0.0,0.0,-9.085879272017607e-9,7.854731096012684e-9,9.424773284539898e-12,3.125374709409437e-9,0.014488873805080849
5,0.05038331567317271,7,8,47,8.96989374979331,0.022947717480934413,8.969923103367089,0.45193446728102904,6.005804971077958e-7,0.0,6.005804971077958e-7,-9.08587866828921e-9,7.854726503412378e-9,0.0,0.0,9.424773284539898e-12,3.125374709409437e-9,0.014488873805080849
5,0.05038331567317271,7,6,48,11.035254055278552,0.043885237006607,11.035341316813398,0.5559970851262148,0.0,3.22437351864405e-7,3.22437351864405e-7,0.0,0.0,-2.7906615542743024e-9,-5.812936463861487e-9,9.424773284539898e-12,3.125374709409437e-9,0.014488873805080849
5,0.05038331567317271,7,8,49,11.035254055280058,0.04388523699837177,11.03534131681487,0.555997085126289,3.2243734576160647e-7,0.0,3.2243734576160647e-7,-2.790661526557796e-9,-5.8129363241220475e-9,0.0,0.0,9.424773284539898e-12,3.125374709409437e-9,0.014488873805080849
5,0.05038331567317271,7,6,50,11.036332688919995,0.04386271720392326,11.036419852401618,0.5560514253252209,0.0,2.320557610965314e-7,2.320557610965314e-7,0.0,0.0,3.116871813275451e-9,3.438132281023373e-9,9.424773284539898e-12,3.125374709409437e-9,0.014488873805080849
5,0.05038331567317271,7,8,51,11.036332688925532,0.043862717187155606,11.036419852407088,0.5560514253254965,2.3205575922156439e-7,0.0,2.3205575922156439e-7,3.1168717750235225e-9,3.4381322144126824e-9,0.0,0.0,9.424773284539898e-12,3.125374709409437e-9,0.014488873805080849
5,0.05038331567317271,7,8,52,8.96805552820254,0.021168155263442404,8.968080510773829,0.45184163135674577,2.295893004142842e-7,0.0,2.295893004142842e-7,4.440834237267845e-9,-1.165875629787163e-9,0.0,0.0,9.424773284539898e-12,3.125374709409437e-9,0.014488873805080849
5,0.05038331567317271,7,6,53,8.968055528183772,0.021168155274661864,8.968080510755088,0.4518416313558016,0.0,2.2958926707095923e-7,2.2958926707095923e-7,0.0,0.0,4.440834333166268e-9,-1.1658756605229446e-9,9.424773284539898e-12,3.125374709409437e-9,0.014488873805080849
5,0.05038331567317271,7,6,54,11.04187630070319,0.041018987811321725,11.041952490270543,0.5563301779654762,0.0,1.0982670132058541e-7,1.0982670132058541e-7,0.0,0.0,2.19617389794385e-9,-2.4832026300195605e-11,9.424773284539898e-12,3.125374709409437e-9,0.014488873805080849
5,0.05038331567317271,7,8,55,11.041876300694675,0.041018987810159016,11.041952490262023,0.556330177965047,1.0982670110348895e-7,0.0,1.0982670110348895e-7,2.196173902489459e-9,-2.4832036257127457e-11,0.0,0.0,9.424773284539898e-12,3.125374709409437e-9,0.014488873805080849
5,0.05038331567317271,7,8,56,10.985907750668888,0.004373008680308436,10.98590862102046,0.5535065020095034,8.720508010362738e-8,0.0,8.720508010362738e-8,8.390933702263271e-10,1.5287918206950181e-9,0.0,0.0,9.424773284539898e-12,3.125374709409437e-9,0.014488873805080849
5,0.05038331567317271,7,6,57,10.985907750667918,0.004373008683377311,10.985908621019492,0.5535065020094546,0.0,8.72050771542238e-8,8.72050771542238e-8,0.0,0.0,8.390932593137022e-10,1.5287918747009389e-9,9.424773284539898e-12,3.125374709409437e-9,0.014488873805080849
5,0.05038331567317271,7,8,58,10.976469636872721,0.0008529927341407138,10.976469670016192,0.5530309363614316,8.439879284157735e-8,0.0,8.439879284157735e-8,6.539657395811989e-10,1.5559632921993103e-9,0.0,0.0,9.424773284539898e-12,3.125374709409437e-9,0.014488873805080849
5,0.05038331567317271,7,6,59,10.976469636872277,0.0008529927339839261,10.976469670015748,0.5530309363614093,0.0,8.439879234626802e-8,8.439879234626802e-8,0.0,0.0,6.539656288277566e-10,1.5559632790604297e-9,9.424773284539898e-12,3.125374709409437e-9,0.014488873805080849
5,0.05038331567317271,7,8,60,11.036530942612256,0.04157557850181259,11.036609251756879,0.5560609678927253,5.40653122792207e-8,0.0,5.40653122792207e-8,9.990132177706987e-10,-4.134755286231155e-10,0.0,0.0,9.424773284539898e-12,3.125374709409437e-9,0.014488873805080849
5,0.05038331567317271,7,6,61,11.036530942611437,0.04157557849911893,11.03660925175605,0.5560609678926834,0.0,5.406531104227644e-8,5.406531104227644e-8,0.0,0.0,9.990132156957211e-10,-4.134754931044234e-10,9.424773284539898e-12,3.125374709409437e-9,0.014488873805080849
5,0.05038331567317271,7,8,62,6.401479487720211,0.04369612870695015,6.4016286196066226,0.3225352755640573,2.1949604849455535e-8,0.0,2.1949604849455535e-8,2.049705456709384e-10,-3.8815273764363866e-10,0.0,0.0,9.424773284539898e-12,3.125374709409437e-9,0.014488873805080849
5,0.05038331567317271,7,6,63,6.401479487719394,0.04369612870848291,6.401628619605816,0.3225352755640167,0.0,2.1949603095884107e-8,2.1949603095884107e-8,0.0,0.0,2.0497051441128055e-10,-3.881527393274988e-10,9.424773284539898e-12,3.125374709409437e-9,0.014488873805080849
5,0.05038331567317271,7,6,64,8.588735256995363,0.023001411364628882,8.588766056872196,0.43273051148642266,0.0,2.763199564100865e-10,2.763199564100865e-10,0.0,0.0,1.2955473777468315e-12,-5.371828313679204e-12,9.424773284539898e-12,3.125374709409437e-9,0.014488873805080849
5,0.05038331567317271,7,8,65,8.588735256997712,0.023001411367507937,8.588766056874553,0.4327305114865414,2.763199058923511e-10,0.0,2.763199058923511e-10,1.2955476041317024e-12,-5.371827622004644e-12,0.0,0.0,9.424773284539898e-12,3.125374709409437e-9,0.014488873805080849
5,0.05038331567317271,7,8,66,13.001422875201541,0.04786495124897909,13.001510982703971,0.6550592320697961,1.1817586963196389e-17,0.0,1.1817586963196389e-17,-1.3189023843841585e-19,-1.7633770177388464e-19,0.0,0.0,9.424773284539898e-12,3.125374709409437e-9,0.014488873805080849
5,0.05038331567317271,7,6,67,13.001422875186101,0.0478649513395496,13.001510982688865,0.655059232069035,0.0,1.151216545361035e-17,1.151216545361035e-17,0.0,0.0,-3.8368431060509195e-20,-2.5667164847838924e-19,9.424773284539898e-12,3.125374709409437e-9,0.014488873805080849
5,0.05038331567317271,7,6,68,6.792743384894391,0.046802300351033985,6.792904617933676,0.34224905770310504,0.0,2.6092895944714426e-18,2.6092895944714426e-18,0.0,0.0,-4.008765667017762e-20,-1.8222525520701284e-20,9.424773284539898e-12,3.125374709409437e-9,0.014488873805080849
5,0.05038331567317271,7,8,69,6.792743384910058,0.046802300343301184,6.792904617949289,0.3422490577038917,1.340784333854473e-18,0.0,1.340784333854473e-18,1.882211531930055e-20,-1.494206988066553e-20,0.0,0.0,9.424773284539898e-12,3.125374709409437e-9,0.014488873805080849
5,0.05038331567317271,7,8,70,8.97167951335486,0.02471189355644216,8.971713546922597,0.4520246757638812,6.519500946127814e-19,0.0,6.519500946127814e-19,-1.298525913596948e-20,-1.5946089699061192e-22,0.0,0.0,9.424773284539898e-12,3.125374709409437e-9,0.014488873805080849
5,0.05038331567317271,7,6,71,8.971679513361789,0.024711893556044306,8.971713546929525,0.4520246757642303,0.0,6.033137917419915e-19,6.033137917419915e-19,0.0,0.0,-1.1604094274246677e-20,-2.843218480215431e-21,9.424773284539898e-12,3.125374709409437e-9,0.014488873805080849
5,0.05038331567317271,7,6,72,2.1595228074839152,0.046828925425589876,2.1600304868912676,0.10882949788471968,0.0,1.231507666180192e-19,1.231507666180192e-19,0.0,0.0,3.18519399880469e-21,-1.189451607819762e-21,9.424773284539898e-12,3.125374709409437e-9,0.014488873805080849
5,0.05038331567317271,7,8,73,2.159522807484242,0.04682892542527167,2.1600304868915874,0.1088294978847358,1.0019196124773879e-19,0.0,1.0019196124773879e-19,2.922900598450222e-21,1.2447192219353521e-21,0.0,0.0,9.424773284539898e-12,3.125374709409437e-9,0.014488873805080849
5,0.05038331567317271,7,8,74,8.98933707063929,0.02497551291389556,8.989371765914184,0.45291435538556035,3.936754643944787e-20,0.0,3.936754643944787e-20,-6.658725090858563e-22,2.365008624192712e-22,0.0,0.0,9.424773284539898e-12,3.125374709409437e-9,0.014488873805080849
5,0.05038331567317271,7,8,75,10.980325796611421,-0.0007568236695127128,10.980325822693619,0.5532252221190624,1.0426638356254113e-20,0.0,1.0426638356254113e-20,-1.4676348566486332e-22,1.353923562667324e-22,0.0,0.0,9.424773284539898e-12,3.125374709409437e-9,0.014488873805080849
5,0.05038331567317271,7,6,76,10.980325796610376,-0.0007568236687305815,10.980325822692574,0.5532252221190098,0.0,9.935144880683906e-21,9.935144880683906e-21,0.0,0.0,-1.2987828436763681e-22,1.4087056446568556e-22,9.424773284539898e-12,3.125374709409437e-9,0.014488873805080849
5,0.05038331567317271,7,8,77,11.035287588349249,0.04397961006424972,11.035375225323168,0.5559987935493667,7.509690801638869e-21,0.0,7.509690801638869e-21,1.3864763394872734e-22,-4.9543257841949236e-23,0.0,0.0,9.424773284539898e-12,3.125374709409437e-9,0.014488873805080849
5,0.05038331567317271,7,8,78,4.355973339341192,0.0250608046738951,4.356045428709641,0.2194720119213588,6.705350700601585e-21,0.0,6.705350700601585e-21,-8.234253801400971e-23,7.47529699494094e-23,0.0,0.0,9.424773284539898e-12,3.125374709409437e-9,0.014488873805080849
5,0.05038331567317271,7,6,79,11.035287588349256,0.04397961006363019,11.035375225323174,0.5559987935493669,0.0,5.681459153494409e-21,5.681459153494409e-21,0.0,0.0,1.0647625364354262e-22,-4.118527186677371e-23,9.424773284539898e-12,3.125374709409437e-9,0.014488873805080849
6,0.029088820866572156,8,7,0,0.32662915494840494,0.027835123798480244,0.32781305492488527,0.009535695232433767,0.0,21.31167893094572,21.31167893094572,0.0,0.0,0.4249667439393683,0.03228001947011183,1.581737605963329e-11,2.7627356674770977e-8,0.005911940521694571
6,0.029088820866572156,8,9,1,0.3266291549529804,0.027835123799491365,0.32781305492953006,0.009535695232568878,21.311678930190308,0.0,21.311678930190308,0.42496674394081957,0.03228001947123005,0.0,0.0,1.581737605963329e-11,2.7627356674770977e-8,0.005911940521694571
6,0.029088820866572156,8,7,2,0.2754249802999922,-0.02327505636103834,0.2764066714496244,0.008040344152123588,0.0,18.047511633929144,18.047511633929144,0.0,0.0,0.3594740069328948,-0.03220954939792886,1.581737605963329e-11,2.7627356674770977e-8,0.005911940521694571
6,0.029088820866572156,8,9,3,0.27542498030081664,-0.023275056359986113,0.2764066714503573,0.008040344152144907,18.047511633164653,0.0,18.047511633164653,0.359474006937325,-0.03220954939692877,0.0,0.0,1.581737605963329e-11,2.7627356674770977e-8,0.005911940521694571
6,0.029088820866572156,8,7,4,11.69616413454171,0.0021151115694011888,11.69616432578804,0.34022762889883995,0.0,1.7232183286402445,1.7232183286402445,0.0,0.0,0.034459094354827746,0.0003547313270398922,1.581737605963329e-11,2.7627356674770977e-8,0.005911940521694571
6,0.029088820866572156,8,9,5,11.69616413456862,0.0021151115705660764,11.69616432581495,0.34022762889962277,1.7232182990366711,0.0,1.7232182990366711,0.03445909435497174,0.0003547313268865704,0.0,0.0,1.581737605963329e-11,2.7627356674770977e-8,0.005911940521694571
6,0.029088820866572156,8,7,6,11.691607191005579,-0.0022933504639601893,11.691607415930015,0.3400950737642748,0.0,1.68815513823152,1.68815513823152,0.0,0.0,0.033758020798470456,-0.0003393579043475814,1.581737605963329e-11,2.7627356674770977e-8,0.005911940521694571
6,0.029088820866572156,8,9,7,11.69160719100317,-0.002293350487618806,11.69160741592761,0.34009507376420484,1.688155108945008,0.0,1.688155108945008,0.033758020798090316,-0.00033935790409389543,0.0,0.0,1.581737605963329e-11,2.7627356674770977e-8,0.005911940521694571
6,0.029088820866572156,8,7,8,3.86688048572778,0.0021407393858176027,3.8668810782939045,0.11248301099882876,0.0,1.5948189165135214,1.5948189165135214,0.0,0.0,0.031879575805320526,0.0009317398151569289,1.581737605963329e-11,2.7627356674770977e-8,0.005911940521694571
6,0.029088820866572156,8,9,9,3.8668804857235157,0.0021407393887114892,3.8668810782896417,0.11248301099870477,1.5948189160758557,0.0,1.5948189160758557,0.031879575805851434,0.0009317398151267309,0.0,0.0,1.581737605963329e-11,2.7627356674770977e-8,0.005911940521694571
6,0.029088820866572156,8,7,10,3.862694867239834,-0.0020217970071147173,3.8626953963604347,0.11236125444686161,0.0,1.5050061515150772,1.5050061515150772,0.0,0.0,0.030084907361479507,-0.0008570690299919415,1.581737605963329e-11,2.7627356674770977e-8,0.005911940521694571
6,0.029088820866572156,8,9,11,3.862694867242575,-0.0020217970072704747,3.862695396363176,0.11236125444694135,1.505006151264956,0.0,1.505006151264956,0.030084907360921176,-0.0008570690297422523,0.0,0.0,1.581737605963329e-11,2.7627356674770977e-8,0.005911940521694571
6,0.029088820866572156,8,7,12,0.9534067590457849,0.019314392768668212,0.9536023772842692,0.027739168730759465,0.0,1.0020523418536218,1.0020523418536218,0.0,0.0,0.019886674081045608,0.002466461755048166,1.581737605963329e-11,2.7627356674770977e-8,0.005911940521694571
6,0.029088820866572156,8,9,13,0.9534067590515644,0.01931439276903145,0.9536023772900548,0.02773916873092776,1.0020523417679847,0.0,1.0020523417679847,0.019886674081660116,0.002466461755162297,0.0,0.0,1.581737605963329e-11,2.7627356674770977e-8,0.005911940521694571
6,0.029088820866572156,8,7,14,0.9241010010679072,-0.010068691806302706,0.92415585196946,0.026882604030733996,0.0,0.7391066576749652,0.7391066576749652,0.0,0.0,0.014547011945571037,-0.0026176720791927788,1.581737605963329e-11,2.7627356674770977e-8,0.005911940521694571
6,0.029088820866572156,8,9,15,0.9241010010692755,-0.010068691803593356,0.9241558519707987,0.026882604030772937,0.7391066575640242,0.0,0.7391066575640242,0.014547011945441446,-0.0026176720789745644,0.0,0.0,1.581737605963329e-11,2.7627356674770977e-8,0.005911940521694571
6,0.029088820866572156,8,9,16,4.444678081942635,0.04113179017683656,4.444868398081591,0.12929598060728295,0.0062581384043175385,0.0,0.0062581384043175385,0.000125135568729718,-1.9170845379731273e-6,0.0,0.0,1.581737605963329e-11,2.7627356674770977e-8,0.005911940521694571
6,0.029088820866572156,8,7,17,4.4446780819363045,0.04113179017981372,4.444868398075289,0.1292959806070996,0.0,0.00625813840259791,0.00625813840259791,0.0,0.0,0.00012513556869475292,-1.9170845229473862e-6,1.581737605963329e-11,2.7627356674770977e-8,0.005911940521694571
6,0.029088820866572156,8,7,18,4.559604262300763,0.004725730846862258,4.559606711255184,0.13263358284572224,0.0,0.004640962101284686,0.004640962101284686,0.0,0.0,9.278667524430196e-5,2.0787957494873294e-6,1.581737605963329e-11,2.7627356674770977e-8,0.005911940521694571
6,0.029088820866572156,8,9,19,4.559604262309254,0.00472573084764822,4.559606711263676,0.13263358284596927,0.0046409620770101745,0.0,0.0046409620770101745,9.278667526142412e-5,2.078795751575069e-6,0.0,0.0,1.581737605963329e-11,2.7627356674770977e-8,0.005911940521694571
6,0.029088820866572156,8,7,20,4.557097371601813,0.002220277210829291,4.557097912475773,0.13256060484743767,0.0,0.004303311407703245,0.004303311407703245,0.0,0.0,8.59371083516392e-5,-4.5527394385016465e-6,1.581737605963329e-11,2.7627356674770977e-8,0.005911940521694571
6,0.029088820866572156,8,9,21,4.557097371599525,0.0022202772155151262,4.557097912473487,0.13256060484737117,0.004303311384015291,0.0,0.004303311384015291,8.593710833763781e-5,-4.552739429409744e-6,0.0,0.0,1.581737605963329e-11,2.7627356674770977e-8,0.005911940521694571
6,0.029088820866572156,8,7,22,4.3651234056556145,-0.03372891660217998,4.365253713865624,0.12698008331977598,0.0,0.00358182394735695,0.00358182394735695,0.0,0.0,7.091038693005547e-5,1.0123038736317442e-5,1.581737605963329e-11,2.7627356674770977e-8,0.005911940521694571
6,0.029088820866572156,8,9,23,4.365123405657901,-0.0337289166082751,4.365253713867958,0.12698008331984384,0.0035818239458467005,0.0,0.0035818239458467005,7.091038690231876e-5,1.012303875101467e-5,0.0,0.0,1.581737605963329e-11,2.7627356674770977e-8,0.005911940521694571
6,0.029088820866572156,8,9,24,4.398316632515222,0.002308810423723072,4.398317238497652,0.12794186226501453,0.0032020779085958186,0.0,0.0032020779085958186,5.924795697637001e-5,-2.4293632717358425e-5,0.0,0.0,1.581737605963329e-11,2.7627356674770977e-8,0.005911940521694571
6,0.029088820866572156,8,7,25,4.398316632515551,0.0023088104190078437,4.398317238497979,0.12794186226502405,0.0,0.0032020779048658786,0.0032020779048658786,0.0,0.0,5.9247956960693316e-5,-2.4293632702920105e-5,1.581737605963329e-11,2.7627356674770977e-8,0.005911940521694571
6,0.029088820866572156,8,9,26,12.276589870496851,0.040731794674904384,12.276657441155688,0.3571134891460479,0.0019803749575140685,0.0,0.0019803749575140685,3.9586253794818694e-5,-1.169952264128203e-6,0.0,0.0,1.581737605963329e-11,2.7627356674770977e-8,0.005911940521694571
6,0.029088820866572156,8,7,27,12.276589870467012,0.04073179462364285,12.276657441125678,0.35711348914517493,0.0,0.001980374954605303,0.001980374954605303,0.0,0.0,3.958625375682478e-5,-1.1699523057067058e-6,1.581737605963329e-11,2.7627356674770977e-8,0.005911940521694571
6,0.029088820866572156,8,9,28,4.398527413964674,0.00720173200930059,4.398533309677521,0.12794814752086017,0.001726722090053916,0.0,0.001726722090053916,3.171322813865635e-5,1.3662369369977969e-5,0.0,0.0,1.581737605963329e-11,2.7627356674770977e-8,0.005911940521694571
6,0.029088820866572156,8,7,29,4.398527413968493,0.007201732008549053,4.39853330968134,0.12794814752097125,0.0,0.0017267220891077455,0.0017267220891077455,0.0,0.0,3.1713228143183435e-5,1.3662369373877194e-5,1.581737605963329e-11,2.7627356674770977e-8,0.005911940521694571
6,0.029088820866572156,8,7,30,12.389828069910957,0.004917462116293916,12.38982904576924,0.36040551767983403,0.0,0.0015442440122549151,0.0015442440122549151,0.0,0.0,3.088174290024671e-5,-5.5071857501067835e-8,1.581737605963329e-11,2.7627356674770977e-8,0.005911940521694571
6,0.029088820866572156,8,9,31,12.38982806991818,0.004917462097695995,12.389829045776455,0.3604055176800439,0.001544244002687779,0.0,0.001544244002687779,3.088174290506306e-5,-5.5071868744461204e-8,0.0,0.0,1.581737605963329e-11,2.7627356674770977e-8,0.005911940521694571
6,0.029088820866572156,8,7,32,12.386635452204898,0.001832114792275144,12.386635587699503,0.3603126237500986,0.0,0.0015042335073219104,0.0015042335073219104,0.0,0.0,3.0070875399623546e-5,-8.055034855394914e-7,1.581737605963329e-11,2.7627356674770977e-8,0.005911940521694571
6,0.029088820866572156,8,9,33,12.386635452191872,0.001832114816984795,12.38663558768648,0.3603126237497198,0.0015042334981926872,0.0,0.0015042334981926872,3.0070875382871213e-5,-8.05503472604851e-7,0.0,0.0,1.581737605963329e-11,2.7627356674770977e-8,0.005911940521694571
6,0.029088820866572156,8,9,34,12.228333734512741,0.0016073759898886514,12.228333840154999,0.3557078125729112,0.0011438347961503562,0.0,0.0011438347961503562,2.1008372989117307e-5,-9.049133216315164e-6,0.0,0.0,1.581737605963329e-11,2.7627356674770977e-8,0.005911940521694571
6,0.029088820866572156,8,7,35,12.22833373454248,0.0016073760160934744,12.22833384018474,0.3557078125737763,0.0,0.0011438347798073513,0.0011438347798073513,0.0,0.0,2.100837292525048e-5,-9.0491333875585e-6,1.581737605963329e-11,2.7627356674770977e-8,0.005911940521694571
6,0.029088820866572156,8,7,36,12.195024789540954,-0.03311055144122824,12.195069738469524,0.35474019907769494,0.0,0.001072769246317747,0.001072769246317747,0.0,0.0,2.0925542121597268e-5,4.728971650976867e-6,1.581737605963329e-11,2.7627356674770977e-8,0.005911940521694571
6,0.029088820866572156,8,9,37,12.195024789398165,-0.033110551522131465,12.195069738326954,0.3547401990735477,0.0010727692400128103,0.0,0.0010727692400128103,2.0925542012707157e-5,4.728971510463398e-6,0.0,0.0,1.581737605963329e-11,2.7627356674770977e-8,0.005911940521694571
6,0.029088820866572156,8,9,38,12.227796762775137,0.0077841892393175,12.227799240473988,0.3556922616985549,0.0004374115851929817,0.0,0.0004374115851929817,7.791044527340386e-6,3.976918027058374e-6,0.0,0.0,1.581737605963329e-11,2.7627356674770977e-8,0.005911940521694571
6,0.029088820866572156,8,7,39,12.227796762698665,0.007784189226080755,12.227799240397507,0.35569226169633017,0.0,0.000437411572421144,0.000437411572421144,0.0,0.0,7.791044568863513e-6,3.976917989593714e-6,1.581737605963329e-11,2.7627356674770977e-8,0.005911940521694571
6,0.029088820866572156,8,7,40,8.046686093034722,0.026911467149151602,8.04673109448194,0.23406991936886126,0.0,9.074812771666196e-5,9.074812771666196e-5,0.0,0.0,1.8071299078576558e-6,1.6646872646758026e-7,1.581737605963329e-11,2.7627356674770977e-8,0.005911940521694571
6,0.029088820866572156,8,9,41,8.04668609303487,0.02691146714880112,8.046731094482087,0.23406991936886554,9.074812761472898e-5,0.0,9.074812761472898e-5,1.8071299080631663e-6,1.6646872566011391e-7,0.0,0.0,1.581737605963329e-11,2.7627356674770977e-8,0.005911940521694571
6,0.029088820866572156,8,9,42,7.997202717215793,-0.022299669612743964,7.997233807730552,0.2326301016611688,7.43666383841068e-5,0.0,7.43666383841068e-5,1.4782792627869049e-6,-1.625016963274527e-7,0.0,0.0,1.581737605963329e-11,2.7627356674770977e-8,0.005911940521694571
6,0.029088820866572156,8,7,43,7.997202717216188,-0.022299669610904866,7.997233807730942,0.23263010166118012,0.0,7.436663830622493e-5,7.436663830622493e-5,0.0,0.0,1.478279262635601e-6,-1.6250169572007588e-7,1.581737605963329e-11,2.7627356674770977e-8,0.005911940521694571
6,0.029088820866572156,8,7,44,8.062322157131431,0.02311483032796499,8.062355292391517,0.23452440886303683,0.0,6.43638970618668e-5,6.43638970618668e-5,0.0,0.0,1.2803115367669796e-6,-1.3249711850080815e-7,1.581737605963329e-11,2.7627356674770977e-8,0.005911940521694571
6,0.029088820866572156,8,9,45,8.062322157129529,0.02311483033025729,8.062355292389622,0.2345244088629817,6.436389704846977e-5,0.0,6.436389704846977e-5,1.2803115375087196e-6,-1.324971186787935e-7,0.0,0.0,1.581737605963329e-11,2.7627356674770977e-8,0.005911940521694571
6,0.029088820866572156,8,7,46,8.015256047087608,-0.017913607858503114,8.015276064972495,0.23315492965010828,0.0,4.441043924449795e-5,4.441043924449795e-5,0.0,0.0,8.612839160374874e-7,2.1667278147154094e-7,1.581737605963329e-11,2.7627356674770977e-8,0.005911940521694571
6,0.029088820866572156,8,9,47,8.015256047092564,-0.017913607857821583,8.01527606497745,0.2331549296502524,4.4410439108985586e-5,0.0,4.4410439108985586e-5,8.612839156990537e-7,2.1667278155334738e-7,0.0,0.0,1.581737605963329e-11,2.7627356674770977e-8,0.005911940521694571
6,0.029088820866572156,8,9,48,8.057440642955298,0.02603907400005609,8.057482717829599,0.23438267141444616,3.9721967177775065e-5,0.0,3.9721967177775065e-5,7.56642414265851e-7,-2.418675600623029e-7,0.0,0.0,1.581737605963329e-11,2.7627356674770977e-8,0.005911940521694571
6,0.029088820866572156,8,7,49,8.057440642952693,0.026039073998083737,8.05748271782699,0.23438267141437025,0.0,3.972196715396547e-5,3.972196715396547e-5,0.0,0.0,7.566424127613613e-7,-2.418675595037287e-7,1.581737605963329e-11,2.7627356674770977e-8,0.005911940521694571
6,0.029088820866572156,8,9,50,11.594354424224676,-0.002054723976671724,11.594354606291327,0.3372661042059242,2.974901391556561e-5,0.0,2.974901391556561e-5,5.822402875386361e-7,-1.221760148450855e-7,0.0,0.0,1.581737605963329e-11,2.7627356674770977e-8,0.005911940521694571
6,0.029088820866572156,8,7,51,11.594354424225907,-0.0020547239768934564,11.594354606292558,0.33726610420596,0.0,2.9749013697129208e-5,2.9749013697129208e-5,0.0,0.0,5.822402890648099e-7,-1.2217601531129244e-7,1.581737605963329e-11,2.7627356674770977e-8,0.005911940521694571
6,0.029088820866572156,8,7,52,8.003538047594573,-0.021819657900220755,8.003567790477247,0.23281434975065934,0.0,1.9360908849684047e-5,1.9360908849684047e-5,0.0,0.0,3.63483708909066e-7,1.3336987989468106e-7,1.581737605963329e-11,2.7627356674770977e-8,0.005911940521694571
6,0.029088820866572156,8,9,53,8.003538047596843,-0.02181965789919273,8.003567790479513,0.23281434975072526,1.9360908730159302e-5,0.0,1.9360908730159302e-5,3.6348370806484013e-7,1.3336987993475758e-7,0.0,0.0,1.581737605963329e-11,2.7627356674770977e-8,0.005911940521694571
6,0.029088820866572156,8,9,54,11.598460964014016,0.001990392565063802,11.598461134797992,0.337385558278038,1.7860978213529265e-5,0.0,1.7860978213529265e-5,3.529193891858665e-7,-5.502912723119065e-8,0.0,0.0,1.581737605963329e-11,2.7627356674770977e-8,0.005911940521694571
6,0.029088820866572156,8,7,55,11.598460964015018,0.0019903925633536143,11.598461134798994,0.33738555827806715,0.0,1.786097789147811e-5,1.786097789147811e-5,0.0,0.0,3.529193857408319e-7,-5.502912585959867e-8,1.581737605963329e-11,2.7627356674770977e-8,0.005911940521694571
6,0.029088820866572156,8,7,56,8.668299368777358,0.0200537374927883,8.668322565475593,0.2521512823207847,0.0,1.486408472096749e-6,1.486408472096749e-6,0.0,0.0,2.940946487908331e-8,4.32096182797822e-9,1.581737605963329e-11,2.7627356674770977e-8,0.005911940521694571
6,0.029088820866572156,8,9,57,8.668299368776863,0.02005373749137062,8.668322565475094,0.2521512823207702,1.4864084705143327e-6,0.0,1.4864084705143327e-6,2.94094649537319e-8,4.320961744062295e-9,0.0,0.0,1.581737605963329e-11,2.7627356674770977e-8,0.005911940521694571
6,0.029088820866572156,8,9,58,8.637501456170762,-0.0106687494321911,8.637508045007337,0.2512549242547943,1.0297135022599855e-6,0.0,1.0297135022599855e-6,2.0034662131779346e-8,-4.759353914071456e-9,0.0,0.0,1.581737605963329e-11,2.7627356674770977e-8,0.005911940521694571
6,0.029088820866572156,8,7,59,8.637501456171245,-0.01066874943017048,8.637508045007818,0.2512549242548083,0.0,1.0297134965615285e-6,1.0297134965615285e-6,0.0,0.0,2.0034662141011635e-8,-4.7593539270015725e-9,1.581737605963329e-11,2.7627356674770977e-8,0.005911940521694571
6,0.029088820866572156,8,9,60,8.68614436124907,0.015913145811191777,8.68615893779688,0.25267012136014816,9.93491586388288e-7,0.0,9.93491586388288e-7,1.9867209674707554e-8,-1.58866978311181e-10,0.0,0.0,1.581737605963329e-11,2.7627356674770977e-8,0.005911940521694571
6,0.029088820866572156,8,7,61,8.68614436125227,0.015913145807153972,8.686158937800073,0.252670121360241,0.0,9.934915783235857e-7,9.934915783235857e-7,0.0,0.0,1.986720969727283e-8,-1.5886704428827132e-10,1.581737605963329e-11,2.7627356674770977e-8,0.005911940521694571
6,0.029088820866572156,8,9,62,8.683981904547093,0.018242213109619106,8.684001064995357,0.25260735138477175,5.670978850382732e-7,0.0,5.670978850382732e-7,1.1037568686478743e-8,-2.605064127495647e-9,0.0,0.0,1.581737605963329e-11,2.7627356674770977e-8,0.005911940521694571
6,0.029088820866572156,8,7,63,8.683981904543494,0.01824221310694652,8.684001064991753,0.25260735138466694,0.0,5.670978820788709e-7,5.670978820788709e-7,0.0,0.0,1.1037568639043045e-8,-2.6050641287882723e-9,1.581737605963329e-11,2.7627356674770977e-8,0.005911940521694571
6,0.029088820866572156,8,9,64,5.103721972846174,0.004221566678243048,5.103723718789846,0.1484613050083533,5.267556693948626e-7,0.0,5.267556693948626e-7,4.148676856607975e-9,9.682711862167208e-9,0.0,0.0,1.581737605963329e-11,2.7627356674770977e-8,0.005911940521694571
6,0.029088820866572156,8,7,65,5.103721972846474,0.0042215666780389335,5.103723718790146,0.14846130500836205,0.0,5.267556670812461e-7,5.267556670812461e-7,0.0,0.0,4.148676749181698e-9,9.682711873073948e-9,1.581737605963329e-11,2.7627356674770977e-8,0.005911940521694571
6,0.029088820866572156,8,7,66,12.176428005624972,0.040971471847316615,12.176496936215829,0.35419993815994694,0.0,4.931246485706453e-7,4.931246485706453e-7,0.0,0.0,9.240392683137751e-9,-3.444482578578417e-9,1.581737605963329e-11,2.7627356674770977e-8,0.005911940521694571
6,0.029088820866572156,8,9,67,12.176428005633635,0.0409714718401835,12.176496936224469,0.35419993816019824,4.931246439066329e-7,0.0,4.931246439066329e-7,9.240392641602696e-9,-3.4444825925654984e-9,0.0,0.0,1.581737605963329e-11,2.7627356674770977e-8,0.005911940521694571
6,0.029088820866572156,8,7,68,8.660497969611306,-0.00619701046289273,8.66050018674327,0.2519237385470897,0.0,4.811984622218338e-7,4.811984622218338e-7,0.0,0.0,9.562064103081194e-9,1.0812901822315696e-9,1.581737605963329e-11,2.7627356674770977e-8,0.005911940521694571
6,0.029088820866572156,8,9,69,8.66049796961972,-0.006197010459962626,8.660500186751683,0.2519237385473344,4.811984606147217e-7,0.0,4.811984606147217e-7,9.562064076187342e-9,1.0812902094878193e-9,0.0,0.0,1.581737605963329e-11,2.7627356674770977e-8,0.005911940521694571
6,0.029088820866572156,8,9,70,5.1061562588434874,0.006653974978051022,5.106160594332059,0.1485321908444749,2.64915447312539e-7,0.0,2.64915447312539e-7,-2.500974501397919e-9,4.670288262955913e-9,0.0,0.0,1.581737605963329e-11,2.7627356674770977e-8,0.005911940521694571
6,0.029088820866572156,8,7,71,5.106156258844359,0.006653974977110011,5.10616059433293,0.1485321908445002,0.0,2.649154446481225e-7,2.649154446481225e-7,0.0,0.0,-2.500974531439928e-9,4.670288259357929e-9,1.581737605963329e-11,2.7627356674770977e-8,0.005911940521694571
6,0.029088820866572156,8,7,72,8.653002746603656,-0.009193127274905542,8.653007630085595,0.2517057889086419,0.0,2.0225490133782887e-7,2.0225490133782887e-7,0.0,0.0,3.9390654174416234e-9,9.183185720240314e-10,1.581737605963329e-11,2.7627356674770977e-8,0.005911940521694571
6,0.029088820866572156,8,9,73,8.653002746606772,-0.009193127271209592,8.653007630088705,0.2517057889087324,2.0225489869160087e-7,0.0,2.0225489869160087e-7,3.939065365870697e-9,9.183185876130772e-10,0.0,0.0,1.581737605963329e-11,2.7627356674770977e-8,0.005911940521694571
6,0.029088820866572156,8,9,74,12.288450719126574,0.0017514758507533104,12.288450843945713,0.35745654532721427,9.651424621667442e-8,0.0,9.651424621667442e-8,1.88364126271116e-9,4.2089236515754096e-10,0.0,0.0,1.581737605963329e-11,2.7627356674770977e-8,0.005911940521694571
6,0.029088820866572156,8,7,75,12.288450719126336,0.0017514758460115687,12.288450843945473,0.3574565453272073,0.0,9.651424317391343e-8,9.651424317391343e-8,0.0,0.0,1.88364125570721e-9,4.208923738345167e-10,1.581737605963329e-11,2.7627356674770977e-8,0.005911940521694571
6,0.029088820866572156,8,9,76,12.129358175562848,0.0025534698258044067,12.129358444340799,0.3528287350138738,9.277212324831337e-8,0.0,9.277212324831337e-8,1.6796552288336452e-9,-7.87868065018313e-10,0.0,0.0,1.581737605963329e-11,2.7627356674770977e-8,0.005911940521694571
6,0.029088820866572156,8,7,77,12.129358175563523,0.002553469823132211,12.129358444341474,0.35282873501389345,0.0,9.277211231751128e-8,9.277211231751128e-8,0.0,0.0,1.679655252505086e-9,-7.87868020686521e-10,1.581737605963329e-11,2.7627356674770977e-8,0.005911940521694571
6,0.029088820866572156,8,7,78,12.292037392447298,0.005323904532896745,12.292038545387094,0.3575609073317653,0.0,5.476255584958295e-8,5.476255584958295e-8,0.0,0.0,7.773235414679536e-10,-7.71429360295584e-10,1.581737605963329e-11,2.7627356674770977e-8,0.005911940521694571
6,0.029088820866572156,8,9,79,12.292037392452464,0.0053239045344750935,12.29203854539226,0.3575609073319156,5.476255553083228e-8,0.0,5.476255553083228e-8,7.773235298705522e-10,-7.71429352104696e-10,0.0,0.0,1.581737605963329e-11,2.7627356674770977e-8,0.005911940521694571
7,0.01679443855772424,9,8,0,0.32056900936878296,0.0652138106826433,0.32713503461328397,0.00549404923889179,0.0,37.50301280369479,37.50301280369479,0.0,0.0,0.7499828197955551,-0.0019115284863051585,2.4042959344864044e-11,1.945915143321779e-6,0.015090715383149874
7,0.01679443855772424,9,10,1,0.3205690093790814,0.0652138106864929,0.3271350346241431,0.005494049239074163,37.5030128036539,0.0,37.5030128036539,0.7499828197939227,-0.0019115284864366089,0.0,0.0,2.4042959344864044e-11,1.945915143321779e-6,0.015090715383149874
7,0.01679443855772424,9,10,2,2.128253462338704,0.005891224867956214,2.1282616160818026,0.03574295894604873,2.1723085982323314,0.0,2.1723085982323314,0.04308701986118313,0.00554085838609597,0.0,0.0,2.4042959344864044e-11,1.945915143321779e-6,0.015090715383149874
7,0.01679443855772424,9,8,3,2.128253462337995,0.005891224867950552,2.1282616160810934,0.03574295894603682,0.0,2.1723085981850003,2.1723085981850003,0.0,0.0,0.043087019860694964,0.005540858385868042,2.4042959344864044e-11,1.945915143321779e-6,0.015090715383149874
7,0.01679443855772424,9,8,4,6.744733678223497,0.004577447787958891,6.744735231511354,0.1132740414337354,0.0,1.6490922000620059,1.6490922000620059,0.0,0.0,0.0329380386821424,0.001634046582556059,2.4042959344864044e-11,1.945915143321779e-6,0.015090715383149874
7,0.01679443855772424,9,10,5,6.744733678224415,0.004577447782950134,6.744735231512268,0.11327404143375076,1.6490921995115126,0.0,1.6490921995115126,0.03293803868202172,0.0016340465825848138,0.0,0.0,2.4042959344864044e-11,1.945915143321779e-6,0.015090715383149874
7,0.01679443855772424,9,8,6,6.720498406636521,-0.002329631209313822,6.720498810414714,0.11286700434876876,0.0,1.3497618791820716,1.3497618791820716,0.0,0.0,0.02698692760318383,-0.0005503274749042997,2.4042959344864044e-11,1.945915143321779e-6,0.015090715383149874
7,0.01679443855772424,9,10,7,6.720498406634369,-0.0023296312107362604,6.720498810412563,0.11286700434873263,1.349761878760344,0.0,1.349761878760344,0.026986927603097177,-0.0005503274747828968,0.0,0.0,2.4042959344864044e-11,1.945915143321779e-6,0.015090715383149874
7,0.01679443855772424,9,10,8,2.1020346099595995,-0.0020904120966143205,2.1020356493862655,0.03530250855976361,1.2099102855464485,0.0,1.2099102855464485,0.024159181679517194,-0.0013304150876067844,0.0,0.0,2.4042959344864044e-11,1.945915143321779e-6,0.015090715383149874
7,0.01679443855772424,9,8,9,2.1020346099594294,-0.0020904120968112602,2.1020356493860954,0.035302508559760755,0.0,1.2099102854983923,1.2099102854983923,0.0,0.0,0.024159181679397623,-0.0013304150877322951,2.4042959344864044e-11,1.945915143321779e-6,0.015090715383149874
7,0.01679443855772424,9,8,10,2.2561956522145703,0.1256074861760086,2.259689372824368,0.03795021433144127,0.0,0.21339344961197532,0.21339344961197532,0.0,0.0,0.0034418680000239954,-0.002522817457766363,2.4042959344864044e-11,1.945915143321779e-6,0.015090715383149874
7,0.01679443855772424,9,10,11,2.256195652214806,0.1256074861760031,2.2596893728246035,0.03795021433144523,0.21339344961045736,0.0,0.21339344961045736,0.0034418680000655767,-0.00252281745777809,0.0,0.0,2.4042959344864044e-11,1.945915143321779e-6,0.015090715383149874
7,0.01679443855772424,9,10,12,6.873631035091915,0.12654229126148153,6.874795746642692,0.11545833476389464,0.05633074701436336,0.0,0.05633074701436336,0.0006855297878478675,-0.0008938994988491669,0.0,0.0,2.4042959344864044e-11,1.945915143321779e-6,0.015090715383149874
7,0.01679443855772424,9,8,13,6.8736310350876835,0.12654229126583671,6.874795746638542,0.11545833476382493,0.0,0.05633074700261887,0.05633074700261887,0.0,0.0,0.0006855297875692874,-0.0008938994987254742,2.4042959344864044e-11,1.945915143321779e-6,0.015090715383149874
7,0.01679443855772424,9,8,14,4.508273885596996,0.06511130743999616,4.5087440501665625,0.07572182492302708,0.0,0.0011579513514007249,0.0011579513514007249,0.0,0.0,2.313243957960859e-5,1.0599610769546509e-6,2.4042959344864044e-11,1.945915143321779e-6,0.015090715383149874
7,0.01679443855772424,9,10,15,4.508273885594585,0.06511130743884708,4.508744050164136,0.07572182492298632,0.00115795135135725,0.0,0.00115795135135725,2.313243957744425e-5,1.0599610777937691e-6,0.0,0.0,2.4042959344864044e-11,1.945915143321779e-6,0.015090715383149874
7,0.01679443855772424,9,8,16,4.544729939298125,0.059776227807414574,4.545123036680484,0.0763327895768274,0.0,0.0005457623448891989,0.0005457623448891989,0.0,0.0,1.0739114971075283e-5,-1.946843287421756e-6,2.4042959344864044e-11,1.945915143321779e-6,0.015090715383149874
7,0.01679443855772424,9,10,17,4.5447299393006615,0.0597762278138855,4.545123036683105,0.07633278957687142,0.0005457623448211107,0.0,0.0005457623448211107,1.07391149728022e-5,-1.9468432878636227e-6,0.0,0.0,2.4042959344864044e-11,1.945915143321779e-6,0.015090715383149874
7,0.01679443855772424,9,10,18,9.129138342419735,0.06594256181519771,9.129376500971842,0.15332275271590312,0.0005112178759429462,0.0,0.0005112178759429462,9.990218884256725e-6,-2.1707392100206566e-6,0.0,0.0,2.4042959344864044e-11,1.945915143321779e-6,0.015090715383149874
7,0.01679443855772424,9,8,19,9.129138342429123,0.06594256181536753,9.129376500981232,0.15332275271606083,0.0,0.0005112178753348584,0.0005112178753348584,0.0,0.0,9.990218873943903e-6,-2.1707391817682453e-6,2.4042959344864044e-11,1.945915143321779e-6,0.015090715383149874
7,0.01679443855772424,9,8,20,9.162230655002654,0.059972123366631803,9.162426929097522,0.15387781610036633,0.0,0.00042182368714447597,0.00042182368714447597,0.0,0.0,8.382674168444786e-6,-9.437315905114457e-7,2.4042959344864044e-11,1.945915143321779e-6,0.015090715383149874
7,0.01679443855772424,9,10,21,9.162230654999988,0.059972123375271344,9.162426929094913,0.1538778161003225,0.0004218236870935139,0.0,0.0004218236870935139,8.382674169661423e-6,-9.437315904196138e-7,0.0,0.0,2.4042959344864044e-11,1.945915143321779e-6,0.015090715383149874
7,0.01679443855772424,9,10,22,9.12741716431136,0.06453389147207433,9.127645299556407,0.15329367816010056,0.0003140816447146116,0.0,0.0003140816447146116,5.631111367429033e-6,2.782374130055239e-6,0.0,0.0,2.4042959344864044e-11,1.945915143321779e-6,0.015090715383149874
7,0.01679443855772424,9,8,23,9.127417164304276,0.06453389147722888,9.127645299549359,0.15329367815998218,0.0,0.0003140816446005938,0.0003140816446005938,0.0,0.0,5.6311113784782184e-6,2.7823741001403664e-6,2.4042959344864044e-11,1.945915143321779e-6,0.015090715383149874
7,0.01679443855772424,9,8,24,4.550513500448301,0.06586723249005166,4.55099017907951,0.07643132493935727,0.0,0.0002648667679764217,0.0002648667679764217,0.0,0.0,5.148623159844282e-6,-1.2441180105329357e-6,2.4042959344864044e-11,1.945915143321779e-6,0.015090715383149874
7,0.01679443855772424,9,10,25,4.5505135004582495,0.06586723249426107,4.550990179089518,0.07643132493952534,0.0002648667677853028,0.0,0.0002648667677853028,5.148623163974455e-6,-1.2441180117995278e-6,0.0,0.0,2.4042959344864044e-11,1.945915143321779e-6,0.015090715383149874
7,0.01679443855772424,9,10,26,9.167718555500457,0.06540325203947218,9.167951848599813,0.15397060402148394,0.00020862549776092388,0.0,0.00020862549776092388,4.067863967179578e-6,-9.267363144845606e-7,0.0,0.0,2.4042959344864044e-11,1.945915143321779e-6,0.015090715383149874
7,0.01679443855772424,9,8,27,9.167718555485116,0.06540325202879751,9.167951848584396,0.153970604021225,0.0,0.0002086254973090919,0.0002086254973090919,0.0,0.0,4.067863949732779e-6,-9.26736311053779e-7,2.4042959344864044e-11,1.945915143321779e-6,0.015090715383149874
7,0.01679443855772424,9,8,28,10.952956321426427,-0.0005020602689600334,10.952956332933116,0.18394875215888182,0.0,2.263608645539749e-5,2.263608645539749e-5,0.0,0.0,4.4991055941025744e-7,-4.996464831021653e-8,2.4042959344864044e-11,1.945915143321779e-6,0.015090715383149874
7,0.01679443855772424,9,10,29,10.952956321425415,-0.0005020602750487185,10.952956332932104,0.18394875215886483,2.2636086445749496e-5,0.0,2.2636086445749496e-5,4.499105591223738e-7,-4.99646480848668e-8,0.0,0.0,2.4042959344864044e-11,1.945915143321779e-6,0.015090715383149874
7,0.01679443855772424,9,10,30,10.978985286912271,0.007292079624466902,10.978987708557716,0.1843859344973822,1.5694629911557156e-5,0.0,1.5694629911557156e-5,3.1244026647513627e-7,2.983186525111561e-8,0.0,0.0,2.4042959344864044e-11,1.945915143321779e-6,0.015090715383149874
7,0.01679443855772424,9,8,31,10.978985286911573,0.007292079621620401,10.978987708557014,0.18438593449737042,0.0,1.5694629894916794e-5,1.5694629894916794e-5,0.0,0.0,3.1244026595623627e-7,2.9831865138714336e-8,2.4042959344864044e-11,1.945915143321779e-6,0.015090715383149874
7,0.01679443855772424,9,10,32,9.169553137991034,0.06576183594050752,9.16978894901663,0.15400145709155852,1.4515036016876584e-5,0.0,1.4515036016876584e-5,-5.9006276865465325e-9,2.9021171536785416e-7,0.0,0.0,2.4042959344864044e-11,1.945915143321779e-6,0.015090715383149874
7,0.01679443855772424,9,8,33,9.169553137990832,0.06576183593718646,9.169788949016402,0.1540014570915547,0.0,1.4515035909018915e-5,1.4515035909018915e-5,0.0,0.0,-5.900613879044672e-9,2.9021171349235296e-7,2.4042959344864044e-11,1.945915143321779e-6,0.015090715383149874
7,0.01679443855772424,9,8,34,10.976281643051436,0.006198398041676087,10.976283393194903,0.18434051703918072,0.0,1.3235719867314366e-5,1.3235719867314366e-5,0.0,0.0,2.6312022875822935e-7,2.8765333049777556e-8,2.4042959344864044e-11,1.945915143321779e-6,0.015090715383149874
7,0.01679443855772424,9,10,35,10.976281643052179,0.006198398046037723,10.976283393195649,0.18434051703919327,1.3235719846965748e-5,0.0,1.3235719846965748e-5,2.6312022861508417e-7,2.8765332770022055e-8,0.0,0.0,2.4042959344864044e-11,1.945915143321779e-6,0.015090715383149874
7,0.01679443855772424,9,10,36,6.3602181367326445,0.007412291683918035,6.360222455928006,0.10681636524954086,3.6007112689975226e-6,0.0,3.6007112689975226e-6,7.18459029904809e-8,4.814324476745523e-9,0.0,0.0,2.4042959344864044e-11,1.945915143321779e-6,0.015090715383149874
7,0.01679443855772424,9,8,37,6.3602181367319774,0.007412291683509813,6.360222455927339,0.10681636524952966,0.0,3.6007112498427687e-6,3.6007112498427687e-6,0.0,0.0,7.184590288293715e-8,4.814324435053291e-9,2.4042959344864044e-11,1.945915143321779e-6,0.015090715383149874
7,0.01679443855772424,9,10,38,6.33487807616449,-0.00020195518526087974,6.3348780793836434,0.10639072067488274,2.88418979031895e-6,0.0,2.88418979031895e-6,5.763729823371436e-8,-2.1671975817918545e-9,0.0,0.0,2.4042959344864044e-11,1.945915143321779e-6,0.015090715383149874
7,0.01679443855772424,9,8,39,6.334878076163941,-0.00020195518528062784,6.3348780793830946,0.10639072067487353,0.0,2.8841897891821226e-6,2.8841897891821226e-6,0.0,0.0,5.763729834298066e-8,-2.167197889472549e-9,2.4042959344864044e-11,1.945915143321779e-6,0.015090715383149874
7,0.01679443855772424,9,10,40,10.952121389910019,-0.0008147986503252991,10.952121420219072,0.18393473026860474,1.5573361558616894e-6,0.0,1.5573361558616894e-6,1.2810811446471646e-8,2.8386748084193183e-8,0.0,0.0,2.4042959344864044e-11,1.945915143321779e-6,0.015090715383149874
7,0.01679443855772424,9,8,41,10.952121389909667,-0.0008147986479163025,10.952121420218718,0.1839347302685988,0.0,1.5573361415766984e-6,1.5573361415766984e-6,0.0,0.0,1.2810811728839397e-8,2.8386747721183237e-8,2.4042959344864044e-11,1.945915143321779e-6,0.015090715383149874
7,0.01679443855772424,9,10,42,11.10522896630122,0.12478338339140069,11.105930005485641,0.18651785910351462,7.489179749711898e-7,0.0,7.489179749711898e-7,1.0124936372786995e-8,-1.1035943607841033e-8,0.0,0.0,2.4042959344864044e-11,1.945915143321779e-6,0.015090715383149874
7,0.01679443855772424,9,8,43,11.105228966305035,0.12478338338661946,11.1059300054894,0.18651785910357777,0.0,7.489179749561769e-7,7.489179749561769e-7,0.0,0.0,1.0124936396285833e-8,-1.1035943593952286e-8,2.4042959344864044e-11,1.945915143321779e-6,0.015090715383149874
7,0.01679443855772424,9,8,44,9.124029948182216,0.06157569070062834,9.124237724928655,0.1532364498573839,0.0,3.720502164322504e-7,3.720502164322504e-7,0.0,0.0,8.066188453670775e-10,-7.396408375372808e-9,2.4042959344864044e-11,1.945915143321779e-6,0.015090715383149874
7,0.01679443855772424,9,10,45,9.124029948186404,0.06157569069643608,9.124237724932815,0.15323644985745377,3.720501919159352e-7,0.0,3.720501919159352e-7,8.06618826947327e-10,-7.396408339520286e-9,0.0,0.0,2.4042959344864044e-11,1.945915143321779e-6,0.015090715383149874
7,0.01679443855772424,9,10,46,11.102549022608958,0.12567790987031502,11.103260320125099,0.18647302323675854,1.812745753475648e-7,0.0,1.812745753475648e-7,-2.4150247234313517e-10,-3.6170757014194e-9,0.0,0.0,2.4042959344864044e-11,1.945915143321779e-6,0.015090715383149874
7,0.01679443855772424,9,8,47,11.102549022615666,0.12567790986592886,11.103260320131756,0.18647302323687037,0.0,1.8127457366195013e-7,1.8127457366195013e-7,0.0,0.0,-2.415024842807146e-10,-3.6170756607862833e-9,2.4042959344864044e-11,1.945915143321779e-6,0.015090715383149874
7,0.01679443855772424,9,10,48,10.969417676359766,0.011723811130578639,10.969423941401004,0.18422531639748843,1.730567313783448e-7,0.0,1.730567313783448e-7,-2.7939439305075414e-9,2.042286642511566e-9,0.0,0.0,2.4042959344864044e-11,1.945915143321779e-6,0.015090715383149874
7,0.01679443855772424,9,8,49,10.969417676358507,0.011723811131523654,10.969423941399745,0.18422531639746728,0.0,1.7305672801771625e-7,1.7305672801771625e-7,0.0,0.0,-2.793943823440757e-9,2.042286649326952e-9,2.4042959344864044e-11,1.945915143321779e-6,0.015090715383149874
7,0.01679443855772424,9,10,50,6.485484183400516,0.12479090449011762,6.486684658820846,0.10894022694589912,1.5586549055071523e-7,0.0,1.5586549055071523e-7,-1.2870842949088313e-9,-2.8388538833235206e-9,0.0,0.0,2.4042959344864044e-11,1.945915143321779e-6,0.015090715383149874
7,0.01679443855772424,9,8,51,6.485484183400915,0.124790904489368,6.486684658821231,0.10894022694590559,0.0,1.558654825754168e-7,1.558654825754168e-7,0.0,0.0,-1.2870842132846072e-9,-2.8388538457707516e-9,2.4042959344864044e-11,1.945915143321779e-6,0.015090715383149874
7,0.01679443855772424,9,10,52,10.944909820725137,0.0028897053640189116,10.944910202199132,0.18381362191064252,1.36183842543075e-7,0.0,1.36183842543075e-7,-1.8127782041710184e-9,2.0324289135189774e-9,0.0,0.0,2.4042959344864044e-11,1.945915143321779e-6,0.015090715383149874
7,0.01679443855772424,9,8,53,10.944909820721861,0.002889705366043563,10.944910202195857,0.1838136219105875,0.0,1.361838422829584e-7,1.361838422829584e-7,0.0,0.0,-1.8127781228601667e-9,2.0324289597089413e-9,2.4042959344864044e-11,1.945915143321779e-6,0.015090715383149874
7,0.01679443855772424,9,10,54,11.121390937696013,0.11787897029920938,11.12201563749601,0.18678800826197495,1.1505662939000723e-7,0.0,1.1505662939000723e-7,2.1034607068374306e-9,-9.325264967146194e-10,0.0,0.0,2.4042959344864044e-11,1.945915143321779e-6,0.015090715383149874
7,0.01679443855772424,9,8,55,11.121390937695967,0.11787897029678948,11.12201563749594,0.18678800826197375,0.0,1.1505662900745005e-7,1.1505662900745005e-7,0.0,0.0,2.103460703689608e-9,-9.325264864515579e-10,2.4042959344864044e-11,1.945915143321779e-6,0.015090715383149874
7,0.01679443855772424,9,8,56,8.782472714047746,0.06595266436341543,8.782720348897021,0.14750085726922543,0.0,2.6430018725440598e-8,2.6430018725440598e-8,0.0,0.0,5.277786877445653e-10,-2.8497893074635677e-11,2.4042959344864044e-11,1.945915143321779e-6,0.015090715383149874
7,0.01679443855772424,9,10,57,8.782472714057304,0.06595266436772593,8.782720348906611,0.1475008572693865,2.643001861550174e-8,0.0,2.643001861550174e-8,5.277786887223358e-10,-2.8497898401946828e-11,0.0,0.0,2.4042959344864044e-11,1.945915143321779e-6,0.015090715383149874
7,0.01679443855772424,9,8,58,11.10790081923896,0.1200876836525485,11.10854993515421,0.18656185935135897,0.0,2.2161824241625208e-8,2.2161824241625208e-8,0.0,0.0,1.4216116714558613e-10,-4.197731504174113e-10,2.4042959344864044e-11,1.945915143321779e-6,0.015090715383149874
7,0.01679443855772424,9,10,59,11.107900819235311,0.12008768365223312,11.108549935150558,0.18656185935129763,2.2161823876279668e-8,0.0,2.2161823876279668e-8,1.4216117023375162e-10,-4.19773142204206e-10,0.0,0.0,2.4042959344864044e-11,1.945915143321779e-6,0.015090715383149874
7,0.01679443855772424,9,8,60,9.183459188434998,0.05900124427584968,9.183648720006515,0.15423422416387228,0.0,5.0472516166690516e-11,5.0472516166690516e-11,0.0,0.0,9.88543406344996e-13,2.0388127396851917e-13,2.4042959344864044e-11,1.945915143321779e-6,0.015090715383149874
7,0.01679443855772424,9,10,61,9.183459188435652,0.05900124427736537,9.183648720007179,0.15423422416388344,5.047241091840893e-11,0.0,5.047241091840893e-11,9.885422073643339e-13,2.0388179884174354e-13,0.0,0.0,2.4042959344864044e-11,1.945915143321779e-6,0.015090715383149874
7,0.01679443855772424,9,8,62,9.192489338323522,0.06607562448008114,9.192726811090496,0.15438668560680363,0.0,1.1596598681344058e-11,1.1596598681344058e-11,0.0,0.0,2.2970129749879007e-13,-3.192143128975349e-14,2.4042959344864044e-11,1.945915143321779e-6,0.015090715383149874
7,0.01679443855772424,9,10,63,9.192489338325299,0.06607562448084707,9.192726811092278,0.15438668560683355,1.1596574455569009e-11,0.0,1.1596574455569009e-11,2.297008323663687e-13,-3.1921638297176196e-14,0.0,0.0,2.4042959344864044e-11,1.945915143321779e-6,0.015090715383149874
7,0.01679443855772424,9,8,64,9.189850019282026,0.06496826939656211,9.190079665211083,0.1543422282779785,0.0,2.9264514642786313e-12,2.9264514642786313e-12,0.0,0.0,1.4235443195640904e-14,-5.676501964884899e-14,2.4042959344864044e-11,1.945915143321779e-6,0.015090715383149874
7,0.01679443855772424,9,10,65,9.189850019287231,0.06496826939847569,9.1900796652163,0.15434222827806612,2.926438725696683e-12,0.0,2.926438725696683e-12,1.4235744696371174e-14,-5.67652896716822e-14,0.0,0.0,2.4042959344864044e-11,1.945915143321779e-6,0.015090715383149874
7,0.01679443855772424,9,10,66,11.104872422153687,0.12555450089160655,11.10558217496965,0.18651201748528531,3.487452129986068e-13,0.0,3.487452129986068e-13,5.430443582622717e-15,-4.376058466685283e-15,0.0,0.0,2.4042959344864044e-11,1.945915143321779e-6,0.015090715383149874
7,0.01679443855772424,9,8,67,11.104872422153864,0.12555450089044537,11.105582174969815,0.1865120174852881,0.0,3.4874265883232863e-13,3.4874265883232863e-13,0.0,0.0,5.430423441279035e-15,-4.375994291280393e-15,2.4042959344864044e-11,1.945915143321779e-6,0.015090715383149874
7,0.01679443855772424,9,10,68,10.978876345364258,0.006332920591418947,10.978878171866288,0.1843840948901482,2.2687363172585299e-13,0.0,2.2687363172585299e-13,-3.4992558949842732e-15,2.887855520173886e-15,0.0,0.0,2.4042959344864044e-11,1.945915143321779e-6,0.015090715383149874
7,0.01679443855772424,9,8,69,10.978876345363961,0.006332920591492319,10.978878171865992,0.18438409489014324,0.0,2.2686469739359296e-13,2.2686469739359296e-13,0.0,0.0,-3.4990928652553662e-15,2.887776286141166e-15,2.4042959344864044e-11,1.945915143321779e-6,0.015090715383149874
7,0.01679443855772424,9,8,70,4.574699324659525,0.06571404891981163,4.575171280647944,0.07683743296390642,0.0,1.0771386063056981e-13,1.0771386063056981e-13,0.0,0.0,1.0046184776022388e-15,-1.905472160760433e-15,2.4042959344864044e-11,1.945915143321779e-6,0.015090715383149874
7,0.01679443855772424,9,10,71,4.574699324663404,0.06571404892123253,4.575171280651842,0.07683743296397189,1.0771298415216584e-13,0.0,1.0771298415216584e-13,1.0045415088409804e-15,-1.905444692539734e-15,0.0,0.0,2.4042959344864044e-11,1.945915143321779e-6,0.015090715383149874
7,0.01679443855772424,9,10,72,10.955179696850642,-0.0004440640859950662,10.955179705850627,0.18398609245873587,1.607458908737804e-14,0.0,1.607458908737804e-14,-3.042937564535324e-16,-1.0363158039269553e-16,0.0,0.0,2.4042959344864044e-11,1.945915143321779e-6,0.015090715383149874
7,0.01679443855772424,9,8,73,10.95517969685054,-0.0004440640857475697,10.955179705850524,0.18398609245873415,0.0,1.6073216125723675e-14,1.6073216125723675e-14,0.0,0.0,-3.0426054622260487e-16,-1.0366315552315916e-16,2.4042959344864044e-11,1.945915143321779e-6,0.015090715383149874
7,0.01679443855772424,9,10,74,6.856326030240446,0.13343638168088717,6.8576243627738025,0.11516995101255748,1.0950511423366768e-19,0.0,1.0950511423366768e-19,2.5545127777502056e-21,2.1707846129222667e-21,0.0,0.0,2.4042959344864044e-11,1.945915143321779e-6,0.015090715383149874
7,0.01679443855772424,9,8,75,6.856326355067924,0.1334363801636376,6.857624687510259,0.11516995646632394,0.0,6.627863825286608e-20,6.627863825286608e-20,0.0,0.0,1.4440562097794226e-21,5.360653520003856e-22,2.4042959344864044e-11,1.945915143321779e-6,0.015090715383149874
7,0.01679443855772424,9,8,76,9.131529812281503,0.06907380975946767,9.131791056730359,0.15336330382423372,0.0,4.91419553277777e-20,4.91419553277777e-20,0.0,0.0,-9.325421638827031e-22,3.098921765094849e-22,2.4042959344864044e-11,1.945915143321779e-6,0.015090715383149874
7,0.01679443855772424,9,10,77,9.13152975515086,0.06907380800104816,9.131790999588048,0.1533633028645607,4.608852973507007e-20,0.0,4.608852973507007e-20,-9.06154747172472e-22,-1.621098354120035e-22,0.0,0.0,2.4042959344864044e-11,1.945915143321779e-6,0.015090715383149874
7,0.01679443855772424,9,10,78,2.237514744431494,0.1333490790906327,2.2414848222646193,0.037644479125594585,7.14798474046987e-21,0.0,7.14798474046987e-21,-1.3948279059579598e-22,4.732149132032207e-24,0.0,0.0,2.4042959344864044e-11,1.945915143321779e-6,0.015090715383149874
7,0.01679443855772424,9,10,79,9.17322143079149,0.07098932991677491,9.173496111259562,0.15406371680007097,6.800417080621445e-21,0.0,6.800417080621445e-21,2.2267636343204823e-23,1.4557859032221448e-22,0.0,0.0,2.4042959344864044e-11,1.945915143321779e-6,0.015090715383149874
8,0.009696273622190719,10,11,0,0.3586421922955919,0.1289758453468935,0.38112857512594633,0.0036955269496568473,19.473906152915127,0.0,19.473906152915127,0.38350508034464603,0.0677253785155374,0.0,0.0,4.067495478226918e-11,0.002503437817334811,0.013754952769414547
8,0.009696273622190719,10,9,1,0.3586421923692991,0.12897584532369866,0.3811285751874556,0.003695526950253258,0.0,19.473906123928668,19.473906123928668,0.0,0.0,0.3835050797593462,0.0677253784884444,4.067495478226918e-11,0.002503437817334811,0.013754952769414547
8,0.009696273622190719,10,11,2,0.17323154487740078,-0.054227634329355,0.18152081000692225,0.0017600754419488133,10.388423275038933,0.0,10.388423275038933,0.1919094032464066,-0.07956056654788046,0.0,0.0,4.067495478226918e-11,0.002503437817334811,0.013754952769414547
8,0.009696273622190719,10,9,3,0.1732315448749806,-0.05422763432991273,0.1815208100047792,0.001760075441928034,0.0,10.388423274915148,10.388423274915148,0.0,0.0,0.1919094032409674,-0.07956056654867005,4.067495478226918e-11,0.002503437817334811,0.013754952769414547
8,0.009696273622190719,10,11,4,1.0357036320519146,0.07124431651174094,1.0381511287287382,0.010066197405339986,8.330025478246046,0.0,8.330025478246046,0.16032263720641904,0.04524192025772322,0.0,0.0,4.067495478226918e-11,0.002503437817334811,0.013754952769414547
8,0.009696273622190719,10,9,5,1.0357036318792745,0.07124431654031678,1.038151128558466,0.010066197403688979,0.0,8.330025394883533,8.330025394883533,0.0,0.0,0.16032263546395198,0.04524192028946139,4.067495478226918e-11,0.002503437817334811,0.013754952769414547
8,0.009696273622190719,10,9,6,0.9917208889421392,0.02514010668617893,0.9920394883916563,0.009619086323463593,0.0,2.219192823728288,2.219192823728288,0.0,0.0,0.027631369929695615,-0.03472808915126646,4.067495478226918e-11,0.002503437817334811,0.013754952769414547
8,0.009696273622190719,10,11,7,0.9917208889562734,0.02514010669274501,0.9920394884059525,0.009619086323602213,2.219192823563514,0.0,2.219192823563514,0.02763136992999332,-0.0347280891514794,0.0,0.0,4.067495478226918e-11,0.002503437817334811,0.013754952769414547
8,0.009696273622190719,10,11,8,3.86764348064621,0.01036533201034183,3.8676573702297903,0.03750186413863064,1.5966366516448152,0.0,1.5966366516448152,0.03160968839844669,0.004508117622508301,0.0,0.0,4.067495478226918e-11,0.002503437817334811,0.013754952769414547
8,0.009696273622190719,10,9,9,3.867643480653979,0.010365331269236513,3.8676573702355728,0.03750186413868671,0.0,1.5966366007962494,1.5966366007962494,0.0,0.0,0.03160968735019842,0.0045081177623442215,4.067495478226918e-11,0.002503437817334811,0.013754952769414547
8,0.009696273622190719,10,11,10,11.674912986587898,0.01040630272509896,11.674917624357578,0.11320319580230792,1.5712466114988064,0.0,1.5712466114988064,0.03138290916251818,0.0015626565304672768,0.0,0.0,4.067495478226918e-11,0.002503437817334811,0.013754952769414547
8,0.009696273622190719,10,9,11,11.674913054968918,0.010406235486860135,11.674917692678639,0.11320319646476762,0.0,1.5712465308737815,1.5712465308737815,0.0,0.0,0.03138290748739814,0.0015626580577391413,4.067495478226918e-11,0.002503437817334811,0.013754952769414547
8,0.009696273622190719,10,11,12,11.651708415217158,-0.008776079490278296,11.651711720293012,0.11297818500684757,1.4057894993601452,0.0,1.4057894993601452,0.028087661383682017,-0.001192829719614208,0.0,0.0,4.067495478226918e-11,0.002503437817334811,0.013754952769414547
8,0.009696273622190719,10,9,13,11.651708415218303,-0.008776079490750759,11.65171172029416,0.1129781850068587,0.0,1.4057894985019819,1.4057894985019819,0.0,0.0,0.028087661384000373,-0.0011928297197677518,4.067495478226918e-11,0.002503437817334811,0.013754952769414547
8,0.009696273622190719,10,9,14,3.846007485235253,-0.007661392109244589,3.8460151161188443,0.037292014920969924,0.0,1.157841377509357,1.157841377509357,0.0,0.0,0.022979713633718923,-0.0028397516380780363,4.067495478226918e-11,0.002503437817334811,0.013754952769414547
8,0.009696273622190719,10,11,15,3.8460074852374344,-0.007661392108026188,3.846015116121023,0.03729201492099105,1.1578413774860994,0.0,1.1578413774860994,0.02297971363368434,-0.0028397516379159438,0.0,0.0,4.067495478226918e-11,0.002503437817334811,0.013754952769414547
8,0.009696273622190719,10,11,16,4.39909937773161,0.15063528629203032,4.401677671596924,0.04267987110049112,0.06667041331162375,0.0,0.06667041331162375,0.0013322270454706603,5.2850290927396876e-5,0.0,0.0,4.067495478226918e-11,0.002503437817334811,0.013754952769414547
8,0.009696273622190719,10,9,17,4.3990993787015755,0.15063528613185256,4.40167767256084,0.042679871109837515,0.0,0.06667040761289614,0.06667040761289614,0.0,0.0,0.0013322269302119098,5.285032114618268e-5,4.067495478226918e-11,0.002503437817334811,0.013754952769414547
8,0.009696273622190719,10,9,18,4.174919272149215,-0.06324341069534777,4.175398263394681,0.04048580404349478,0.0,0.021114338426811867,0.021114338426811867,0.0,0.0,0.0003871502925829381,-0.0001685381414468501,4.067495478226918e-11,0.002503437817334811,0.013754952769414547
8,0.009696273622190719,10,11,19,4.1749192721463135,-0.06324341069668739,4.175398263391799,0.04048580404346684,0.021114338425862904,0.0,0.021114338425862904,0.0003871502925791269,-0.00016853814144054784,0.0,0.0,4.067495478226918e-11,0.002503437817334811,0.013754952769414547
8,0.009696273622190719,10,11,20,4.278821970767269,0.07164245455889955,4.279421701447045,0.041494443761971506,0.019416475073157784,0.0,0.019416475073157784,0.0002477149972163646,-0.0002990099090344391,0.0,0.0,4.067495478226918e-11,0.002503437817334811,0.013754952769414547
8,0.009696273622190719,10,9,21,4.278821970765,0.07164245455896319,4.279421701444777,0.041494443761949516,0.0,0.019416475071735988,0.019416475071735988,0.0,0.0,0.00024771499723699134,-0.00029900990903368105,4.067495478226918e-11,0.002503437817334811,0.013754952769414547
8,0.009696273622190719,10,11,22,4.694385050924886,0.044983279797748826,4.694600568931121,0.04552013166324837,0.01877683193999825,0.0,0.01877683193999825,0.00037417197573265306,-3.154199520628842e-5,0.0,0.0,4.067495478226918e-11,0.002503437817334811,0.013754952769414547
8,0.009696273622190719,10,9,23,4.694385049557307,0.04498327977244092,4.694600567563363,0.045520131649986216,0.0,0.01877682237250653,0.01877682237250653,0.0,0.0,0.00037417178731791005,-3.154194799509166e-5,4.067495478226918e-11,0.002503437817334811,0.013754952769414547
8,0.009696273622190719,10,11,24,4.271575394015081,0.07829723003076967,4.272292921018594,0.04142532115634473,0.014863375937028215,0.0,0.014863375937028215,0.00029712754592610587,8.09492100471449e-6,0.0,0.0,4.067495478226918e-11,0.002503437817334811,0.013754952769414547
8,0.009696273622190719,10,9,25,4.271575398630545,0.0782972307208961,4.27229292564593,0.041425321201212645,0.0,0.014863374988140922,0.014863374988140922,0.0,0.0,0.00029712752597847465,8.09496042819026e-6,4.067495478226918e-11,0.002503437817334811,0.013754952769414547
8,0.009696273622190719,10,9,26,4.690086084472331,0.040617944147351856,4.690261964661223,0.04547806336910904,0.0,0.014721070020224866,0.014721070020224866,0.0,0.0,0.0002799582743457183,-9.10493848521e-5,4.067495478226918e-11,0.002503437817334811,0.013754952769414547
8,0.009696273622190719,10,11,27,4.690086084478851,0.04061794415320687,4.690261964667793,0.04547806336917274,0.014721069998366962,0.0,0.014721069998366962,0.00027995827435170874,-9.104938484304995e-5,0.0,0.0,4.067495478226918e-11,0.002503437817334811,0.013754952769414547
8,0.009696273622190719,10,9,28,11.983233783511881,-0.06299333182408035,11.983399353695711,0.11619431905741703,0.0,0.007459930070340081,0.007459930070340081,0.0,0.0,0.00014088361665242515,-4.906707385480755e-5,4.067495478226918e-11,0.002503437817334811,0.013754952769414547
8,0.009696273622190719,10,11,29,11.983233783525117,-0.06299333181924358,11.98339935370892,0.11619431905754511,0.007459930070073641,0.0,0.007459930070073641,0.00014088361666858822,-4.906707380826101e-5,0.0,0.0,4.067495478226918e-11,0.002503437817334811,0.013754952769414547
8,0.009696273622190719,10,11,30,8.058125502207048,0.12361066794377275,8.059073532767218,0.07814298211506615,0.000548789581698936,0.0,0.000548789581698936,1.082330054665473e-5,1.8166113209828734e-6,0.0,0.0,4.067495478226918e-11,0.002503437817334811,0.013754952769414547
8,0.009696273622190719,10,9,31,8.058125514234792,0.12361066670766276,8.059073544774588,0.0781429822314929,0.0,0.0005487879545318501,0.0005487879545318501,0.0,0.0,1.0823266924244861e-5,1.816615063949666e-6,4.067495478226918e-11,0.002503437817334811,0.013754952769414547
8,0.009696273622190719,10,11,32,8.091742306798462,0.11446119588803931,8.092551817875263,0.07846759672787547,0.0003014029896025156,0.0,0.0003014029896025156,5.9282036412040666e-6,-1.08933000329413e-6,0.0,0.0,4.067495478226918e-11,0.002503437817334811,0.013754952769414547
8,0.009696273622190719,10,9,33,8.091742306797151,0.11446119588464097,8.092551817873904,0.07846759672786228,0.0,0.0003014029893735888,0.0003014029893735888,0.0,0.0,5.928203640211981e-6,-1.0893300037394932e-6,4.067495478226918e-11,0.002503437817334811,0.013754952769414547
8,0.009696273622190719,10,11,34,11.58534822328621,0.012019770381315992,11.585354458525686,0.11233476683993225,0.0002628625136360928,0.0,0.0002628625136360928,4.875049066628388e-6,1.966481730409294e-6,0.0,0.0,4.067495478226918e-11,0.002503437817334811,0.013754952769414547
8,0.009696273622190719,10,9,35,11.585348226257864,0.012019765572583857,11.585354461492347,0.11233476686869781,0.0,0.00026286184992565023,0.00026286184992565023,0.0,0.0,4.875029558135599e-6,1.9664945480388948e-6,4.067495478226918e-11,0.002503437817334811,0.013754952769414547
8,0.009696273622190719,10,11,36,7.882429515500207,-0.049561556150794606,7.882585325556389,0.07643170416686006,0.00025237125917633695,0.0,0.00025237125917633695,4.523828222433585e-6,-2.2374951496281938e-6,0.0,0.0,4.067495478226918e-11,0.002503437817334811,0.013754952769414547
8,0.009696273622190719,10,9,37,7.882429515499912,-0.04956155615136111,7.882585325556097,0.07643170416685723,0.0,0.0002523712589994647,0.0002523712589994647,0.0,0.0,4.5238282182618326e-6,-2.2374951493860508e-6,4.067495478226918e-11,0.002503437817334811,0.013754952769414547
8,0.009696273622190719,10,11,38,7.921260249500542,-0.0377993948957838,7.921350436293794,0.07680758128756446,0.00019648772641786024,0.0,0.00019648772641786024,3.919609160753945e-6,2.7667037065519536e-7,0.0,0.0,4.067495478226918e-11,0.002503437817334811,0.013754952769414547
8,0.009696273622190719,10,9,39,7.921260249085189,-0.037799394864097405,7.921350435878295,0.07680758128353567,0.0,0.00019648729920030913,0.00019648729920030913,0.0,0.0,3.919600366701748e-6,2.7667358953780753e-7,4.067495478226918e-11,0.002503437817334811,0.013754952769414547
8,0.009696273622190719,10,11,40,8.07548507717266,0.12356730956330973,8.07643040653673,0.07831127911236116,0.00018762727087487152,0.0,0.00018762727087487152,3.452689043852642e-6,-1.4689178047795035e-6,0.0,0.0,4.067495478226918e-11,0.002503437817334811,0.013754952769414547
8,0.009696273622190719,10,9,41,8.075485077679604,0.12356730946459545,8.076430407042103,0.0783112791172614,0.0,0.0001876272252100876,0.0001876272252100876,0.0,0.0,3.452688852842525e-6,-1.4689159232232998e-6,4.067495478226918e-11,0.002503437817334811,0.013754952769414547
8,0.009696273622190719,10,11,42,5.132082186486333,0.0495386449258122,5.1323212726982925,0.04976439137707275,0.00015338703488422973,0.0,0.00015338703488422973,2.3053579588002278e-6,2.0234810873634016e-6,0.0,0.0,4.067495478226918e-11,0.002503437817334811,0.013754952769414547
8,0.009696273622190719,10,9,43,5.132082186483584,0.0495386449258661,5.1323212726955445,0.04976439137704611,0.0,0.00015338703487741134,0.00015338703487741134,0.0,0.0,2.305357958918853e-6,2.0234810870943907e-6,4.067495478226918e-11,0.002503437817334811,0.013754952769414547
8,0.009696273622190719,10,9,44,11.564391326440134,-0.0054993720484041025,11.564392634035595,0.112131515254056,0.0,0.00013419459076168905,0.00013419459076168905,0.0,0.0,2.663022986952902e-6,-3.318784641124207e-7,4.067495478226918e-11,0.002503437817334811,0.013754952769414547
8,0.009696273622190719,10,11,45,11.564391326442596,-0.0054993720465736085,11.564392634038056,0.11213151525407986,0.00013419459045882384,0.0,0.00013419459045882384,2.663022987570016e-6,-3.3187846892136557e-7,0.0,0.0,4.067495478226918e-11,0.002503437817334811,0.013754952769414547
8,0.009696273622190719,10,9,46,7.885548278882038,-0.04845796465626186,7.885697168476488,0.07646187744728261,0.0,0.00013376938968494718,0.00013376938968494718,0.0,0.0,2.673823367183996e-6,8.328919505227675e-8,4.067495478226918e-11,0.002503437817334811,0.013754952769414547
8,0.009696273622190719,10,11,47,7.885548278884466,-0.048457964656021695,7.885697168478914,0.07646187744730613,0.0001337693894081878,0.0,0.0001337693894081878,2.673823361940056e-6,8.328919634898255e-8,0.0,0.0,4.067495478226918e-11,0.002503437817334811,0.013754952769414547
8,0.009696273622190719,10,9,48,5.138177355269749,0.055555176866016034,5.138477684283883,0.04982408562833746,0.0,9.216372594927685e-5,9.216372594927685e-5,0.0,0.0,-8.773552029617282e-8,1.841000810552761e-6,4.067495478226918e-11,0.002503437817334811,0.013754952769414547
8,0.009696273622190719,10,11,49,5.138177355978128,0.05555517646915713,5.138477684987929,0.049824085635164085,9.216323593325312e-5,0.0,9.216323593325312e-5,-8.774863594123778e-8,1.8409903749571767e-6,0.0,0.0,4.067495478226918e-11,0.002503437817334811,0.013754952769414547
8,0.009696273622190719,10,9,50,8.704295045855256,0.07493955869428483,8.704617635643604,0.08440235437174723,0.0,8.19283832655479e-5,8.19283832655479e-5,0.0,0.0,1.5451444237331584e-6,5.448814408611234e-7,4.067495478226918e-11,0.002503437817334811,0.013754952769414547
8,0.009696273622190719,10,11,51,8.704295040825219,0.07493955744100901,8.704617630602964,0.0844023543228718,8.19283067192662e-5,0.0,8.19283067192662e-5,1.5451431081413646e-6,5.44880569014163e-7,0.0,0.0,4.067495478226918e-11,0.002503437817334811,0.013754952769414547
8,0.009696273622190719,10,11,52,8.75159912687952,0.0641118400940729,8.751833956699512,0.08486017674013852,4.1369397692890856e-5,0.0,4.1369397692890856e-5,8.246991323214538e-7,6.561456437524042e-8,0.0,0.0,4.067495478226918e-11,0.002503437817334811,0.013754952769414547
8,0.009696273622190719,10,9,53,8.751599126874304,0.06411184008700367,8.751833956694243,0.08486017674008742,0.0,4.136939763944065e-5,4.136939763944065e-5,0.0,0.0,8.246991322314583e-7,6.561456425913761e-8,4.067495478226918e-11,0.002503437817334811,0.013754952769414547
8,0.009696273622190719,10,11,54,8.75199900149915,0.07030153240877969,8.752281349893932,0.08486451478696831,2.090607247824467e-5,0.0,2.090607247824467e-5,4.142937684178378e-7,-5.613606624446593e-8,0.0,0.0,4.067495478226918e-11,0.002503437817334811,0.013754952769414547
8,0.009696273622190719,10,9,55,8.751999001804785,0.07030153249027048,8.752281350200212,0.08486451478993809,0.0,2.0906022202107265e-5,2.0906022202107265e-5,0.0,0.0,4.142928968422515e-7,-5.613501056532665e-8,4.067495478226918e-11,0.002503437817334811,0.013754952769414547
8,0.009696273622190719,10,11,56,8.65459696820655,0.02287149882032108,8.654627189402689,0.08391763332649989,1.6039542215587486e-5,0.0,1.6039542215587486e-5,1.3924657278951585e-7,-2.8895774612127896e-7,0.0,0.0,4.067495478226918e-11,0.002503437817334811,0.013754952769414547
8,0.009696273622190719,10,9,57,8.654596968209704,0.022871498822539055,8.654627189405849,0.08391763332653053,0.0,1.6039542195213206e-5,1.6039542195213206e-5,0.0,0.0,1.3924657267664828e-7,-2.889577458528e-7,4.067495478226918e-11,0.002503437817334811,0.013754952769414547
8,0.009696273622190719,10,11,58,8.719500397942898,0.0342767938538759,8.71956776958143,0.08454731496109677,6.1090936535303e-6,0.0,6.1090936535303e-6,9.280991858807228e-8,-7.944648341624447e-8,0.0,0.0,4.067495478226918e-11,0.002503437817334811,0.013754952769414547
8,0.009696273622190719,10,9,59,8.719500396316622,0.03427679367265628,8.719567767954453,0.08454731494532117,0.0,6.108921948973731e-6,6.108921948973731e-6,0.0,0.0,9.280710748198465e-8,-7.944448677248457e-8,4.067495478226918e-11,0.002503437817334811,0.013754952769414547
8,0.009696273622190719,10,9,60,8.70630255393035,0.027023962019417175,8.706344494395875,0.08441909846671612,0.0,2.0615657326794205e-6,2.0615657326794205e-6,0.0,0.0,2.9333440084207724e-8,-2.89694772684675e-8,4.067495478226918e-11,0.002503437817334811,0.013754952769414547
8,0.009696273622190719,10,11,61,8.706302553944093,0.027023962026970258,8.706344494409642,0.0844190984668496,2.0615657245829895e-6,0.0,2.0615657245829895e-6,2.9333440061867707e-8,-2.8969477209447302e-8,0.0,0.0,4.067495478226918e-11,0.002503437817334811,0.013754952769414547
8,0.009696273622190719,10,9,62,11.894008366995028,-0.061062232510885175,11.89416510858946,0.11532907940039719,0.0,9.044606900210599e-7,9.044606900210599e-7,0.0,0.0,-2.23320360287656e-9,1.7949011538184496e-8,4.067495478226918e-11,0.002503437817334811,0.013754952769414547
8,0.009696273622190719,10,11,63,11.89400836699223,-0.06106223251148176,11.894165108586666,0.1153290794003701,9.044606870435796e-7,0.0,9.044606870435796e-7,-2.2332036052718102e-9,1.7949011497934708e-8,0.0,0.0,4.067495478226918e-11,0.002503437817334811,0.013754952769414547
8,0.009696273622190719,10,11,64,11.996060388303954,0.0712052932456504,11.996271713896006,0.11631913298408249,3.299027879098391e-7,0.0,3.299027879098391e-7,6.573086794938313e-9,-5.658317312610686e-10,0.0,0.0,4.067495478226918e-11,0.002503437817334811,0.013754952769414547
8,0.009696273622190719,10,9,65,11.996060388302512,0.07120529324547377,11.996271713894563,0.1163191329840685,0.0,3.29902781674562e-7,3.29902781674562e-7,0.0,0.0,6.573086823679557e-9,-5.658316909720524e-10,4.067495478226918e-11,0.002503437817334811,0.013754952769414547
8,0.009696273622190719,10,9,66,11.989099304238886,0.07760560050741415,11.989350472654115,0.11625202273519593,0.0,2.7039195787749874e-7,2.7039195787749874e-7,0.0,0.0,4.094434608785075e-9,3.531923274639005e-9,4.067495478226918e-11,0.002503437817334811,0.013754952769414547
8,0.009696273622190719,10,11,67,11.98909927762833,0.07760559790407125,11.989350446027267,0.11625202247701472,2.7034582991405326e-7,0.0,2.7034582991405326e-7,4.093417715567147e-9,3.531689796688212e-9,0.0,0.0,4.067495478226918e-11,0.002503437817334811,0.013754952769414547
8,0.009696273622190719,10,11,68,4.736006874928014,0.03768707037324824,4.736156821161936,0.04592307245559113,2.2036196263044927e-13,0.0,2.2036196263044927e-13,2.2094645959611578e-15,3.812726561153611e-15,0.0,0.0,4.067495478226918e-11,0.002503437817334811,0.013754952769414547
8,0.009696273622190719,10,9,69,4.73600687492332,0.03768707037050381,4.73615682115722,0.045923072455545395,0.0,2.2033073751070584e-13,2.2033073751070584e-13,0.0,0.0,2.209339102970604e-15,3.812425248553212e-15,4.067495478226918e-11,0.002503437817334811,0.013754952769414547
8,0.009696273622190719,10,11,70,4.746441377260807,0.04816284098418862,4.746685728697987,0.04602516362400342,1.974019571438142e-13,0.0,1.974019571438142e-13,2.2318140605028786e-15,-3.2561215964971873e-15,0.0,0.0,4.067495478226918e-11,0.002503437817334811,0.013754952769414547
8,0.009696273622190719,10,9,71,4.746441375117926,0.04816284099049452,4.746685726555279,0.04602516360322714,0.0,1.6754077934639832e-13,1.6754077934639832e-13,0.0,0.0,1.7102659620779346e-15,-2.881166329113553e-15,4.067495478226918e-11,0.002503437817334811,0.013754952769414547
8,0.009696273622190719,10,9,72,8.081696215309414,0.1300145479955378,8.082741954265087,0.07837247760611482,0.0,5.373320619993474e-14,5.373320619993474e-14,0.0,0.0,6.515666909816106e-17,-1.0725821330889326e-15,4.067495478226918e-11,0.002503437817334811,0.013754952769414547
8,0.009696273622190719,10,11,73,8.081696207670372,0.1300145485413139,8.082741946635812,0.07837247753213929,5.122073944595373e-14,0.0,5.122073944595373e-14,4.743186252070299e-17,-1.0232130119157067e-15,0.0,0.0,4.067495478226918e-11,0.002503437817334811,0.013754952769414547
8,0.009696273622190719,10,9,74,8.777951156503716,0.0694179499124986,8.778225638347136,0.08511607770674362,0.0,1.4996933946119262e-14,1.4996933946119262e-14,0.0,0.0,1.8660439257813856e-16,-2.3479027771200515e-16,4.067495478226918e-11,0.002503437817334811,0.013754952769414547
8,0.009696273622190719,10,11,75,8.777951154397897,0.06941794935826216,8.778225636237,0.08511607768628317,9.857836336850654e-15,0.0,9.857836336850654e-15,9.224325366090911e-17,-1.742203707636795e-16,0.0,0.0,4.067495478226918e-11,0.002503437817334811,0.013754952769414547
8,0.009696273622190719,10,9,76,8.73748223176001,0.027093339826823132,8.7375242374133,0.08472142578648266,0.0,2.970791632262981e-15,2.970791632262981e-15,0.0,0.0,-5.3243687395042037e-17,-2.6353979124223187e-17,4.067495478226918e-11,0.002503437817334811,0.013754952769414547
8,0.009696273622190719,10,11,77,8.737482231765574,0.027093339829130828,8.73752423741887,0.08472142578653667,2.9706293095916304e-15,0.0,2.9706293095916304e-15,-5.324434545342863e-17,-2.6350328933461303e-17,0.0,0.0,4.067495478226918e-11,0.002503437817334811,0.013754952769414547
8,0.009696273622190719,10,11,78,7.896767339710918,-0.05295091560889514,7.896944866021851,0.0765709382003021,1.3146991424480306e-15,0.0,1.3146991424480306e-15,2.6233485047849342e-17,-1.7323568721035988e-18,0.0,0.0,4.067495478226918e-11,0.002503437817334811,0.013754952769414547
8,0.009696273622190719,10,9,79,7.896767339709536,-0.052950915609108945,7.89694486602047,0.07657093820028871,0.0,1.3144539061010354e-15,1.3144539061010354e-15,0.0,0.0,2.6229992401168583e-17,-1.7318138673614e-18,4.067495478226918e-11,0.002503437817334811,0.013754952769414547
