iteration,scale,ground_charge,charge,matrix_rank,energy_real,energy_imag,pole_real,pole_imag,matrix_support_abs,add11_real,add11_imag,add12_real,add12_imag,add21_real,add21_imag,add22_real,add22_imag,rem11_real,rem11_imag,rem12_real,rem12_imag,rem21_real,rem21_imag,rem22_real,rem22_imag,max_residual,biorth_error,min_pair_overlap
0,0.7853981633974483,2,1,0,0.22116589715217583,0.0006476830846869206,-0.17370328942946783,-0.0005086891051767014,70.91152074705022,0.0,0.0,0.0,0.0,0.0,0.0,0.0,0.0,-12.32134680702839,12.498955491312138,-12.499480703251468,-12.570799733757605,-12.49948070325147,-12.570799733757603,12.822752305186354,-12.497491505279449,1.0839793673320504e-14,1.8531733488572877e-12,9.999999955564983e-5
0,0.7853981633974483,2,3,1,0.2211658971521814,0.000647683084681582,0.17370328942947222,0.0005086891051725085,70.91152074702353,12.822752305289795,-12.497491505165968,12.499480703137976,12.570799733861033,12.49948070313798,12.570799733861033,-12.321346807131832,12.49895549119866,0.0,0.0,0.0,0.0,0.0,0.0,0.0,0.0,1.0839793673320504e-14,1.8531733488572877e-12,9.999999955564983e-5
0,0.7853981633974483,2,3,2,0.21987424944781775,-0.000643899732827305,0.17268883169470847,-0.000505717667574673,70.49740681471836,-12.176407471555159,12.497490233838317,-12.499464790300932,-12.424396314894679,-12.499464790300937,-12.42439631489468,12.674884802679259,-12.498954217536044,0.0,0.0,0.0,0.0,0.0,0.0,0.0,0.0,1.0839793673320504e-14,1.8531733488572877e-12,9.999999955564983e-5
0,0.7853981633974483,2,1,3,0.21987424944782324,-0.0006438997328326399,-0.17268883169471277,0.000505717667578863,70.49740681471167,0.0,0.0,0.0,0.0,0.0,0.0,0.0,0.0,12.674884802575964,-12.498954217636344,12.499464790401246,12.424396314791396,12.499464790401246,12.424396314791398,-12.176407471451867,12.49749023393862,1.0839793673320504e-14,1.8531733488572877e-12,9.999999955564983e-5
0,0.7853981633974483,2,1,4,0.6622565790423142,0.0006329823589968584,-0.5201351008777105,-0.0004971431822191169,0.008326199653117681,0.0,0.0,0.0,0.0,0.0,0.0,0.0,0.0,-0.001449583717775089,0.0014647703294075783,-0.0014647750367389875,-0.0014788737319628036,-0.0014647750367390165,-0.001478873731962828,0.0015084566715774762,-0.0014644839400314899,1.0839793673320504e-14,1.8531733488572877e-12,9.999999955564983e-5
0,0.7853981633974483,2,3,5,0.6622565790423168,0.0006329823589953195,0.5201351008777126,0.0004971431822179082,0.008326199653110189,0.0015084566715811516,-0.0014644839400253882,0.001464775036732845,0.0014788737319662605,0.0014647750367328715,0.0014788737319662644,-0.0014495837177783144,0.0014647703294013892,0.0,0.0,0.0,0.0,0.0,0.0,0.0,0.0,1.0839793673320504e-14,1.8531733488572877e-12,9.999999955564983e-5
0,0.7853981633974483,2,1,6,0.6610016839944658,-0.0006218502518125442,-0.5191495086118739,0.000488400045681813,0.008244856117324496,0.0,0.0,0.0,0.0,0.0,0.0,0.0,0.0,0.0014794114920898592,-0.0014647703171288174,0.0014647709812184123,0.001450116147426172,0.0014647709812184205,0.0014501161474261863,-0.0014211137279534901,0.0014644815927860062,1.0839793673320504e-14,1.8531733488572877e-12,9.999999955564983e-5
0,0.7853981633974483,2,3,7,0.6610016839944632,-0.0006218502518110791,0.5191495086118719,-0.0004884000456806623,0.008244856117317526,-0.0014211137279573724,0.0014644815927800077,-0.0014647709812123458,-0.0014501161474298255,-0.0014647709812123523,-0.0014501161474298383,0.0014794114920932777,-0.0014647703171226847,0.0,0.0,0.0,0.0,0.0,0.0,0.0,0.0,1.0839793673320504e-14,1.8531733488572877e-12,9.999999955564983e-5
1,0.4534498410585544,3,2,0,0.011122765437789006,0.0020078926275227046,-0.005043616219897007,-0.0009104785928128136,128.57768809262106,0.0,0.0,0.0,0.0,0.0,0.0,0.0,0.0,-22.274771405137322,22.728586409502718,-22.730863102620596,-22.727077956295265,-22.730863102606687,-22.72707795629827,23.183930225490474,-22.728593925561622,1.0075998343820574e-12,4.048060375284885e-10,0.014141428542482725
1,0.4534498410585544,3,4,1,0.011122765437787674,0.0020078926275235573,0.005043616219896403,0.0009104785928132003,128.57768809260818,23.18393022549017,-22.72859392555739,22.730863102616414,22.727077956294895,22.730863102602406,22.727077956298018,-22.27477140513701,22.72858640949849,0.0,0.0,0.0,0.0,0.0,0.0,0.0,0.0,1.0075998343820574e-12,4.048060375284885e-10,0.014141428542482725
1,0.4534498410585544,3,4,2,1.2679891173585371,0.0002077656410317786,0.5749694637302053,9.421129690328868e-5,6.502038544519811,1.2119856515048304,-1.1075256079103892,1.1084507383209494,1.1889013578277305,1.1084507383196323,1.1889013578337233,-1.1660387305249291,1.1091380662916144,0.0,0.0,0.0,0.0,0.0,0.0,0.0,0.0,1.0075998343820574e-12,4.048060375284885e-10,0.014141428542482725
1,0.4534498410585544,3,2,3,1.2679891173585913,0.0002077656410111946,-0.57496946373023,-9.421129689395487e-5,6.50203854446291,0.0,0.0,0.0,0.0,0.0,0.0,0.0,0.0,-1.16603873072263,1.109138066058576,-1.1084507380878619,-1.1889013580298082,-1.1084507380867856,-1.1889013580271095,1.211985651702643,-1.1075256076775335,1.0075998343820574e-12,4.048060375284885e-10,0.014141428542482725
1,0.4534498410585544,3,4,4,1.2669889847576974,-9.849408394155398e-5,0.5745159537613171,-4.4662126708505566e-5,6.30734974355657,-1.0890946580551648,1.1184520414884251,-1.118635039023232,-1.1112819812551813,-1.1186350390246829,-1.1112819812527308,1.1336930092335642,-1.118595757792374,0.0,0.0,0.0,0.0,0.0,0.0,0.0,0.0,1.0075998343820574e-12,4.048060375284885e-10,0.014141428542482725
1,0.4534498410585544,3,2,5,1.2669889847576519,-9.849408389040913e-5,-0.5745159537612965,4.4662126685313946e-5,6.30734974350542,0.0,0.0,0.0,0.0,0.0,0.0,0.0,0.0,1.1336930094305633,-1.1185957575786314,1.1186350388102435,1.1112819814515917,1.1186350388102633,1.1112819814502257,-1.0890946582521135,1.1184520412747978,1.0075998343820574e-12,4.048060375284885e-10,0.014141428542482725
1,0.4534498410585544,3,2,6,1.272025348639009,0.003808738247000643,-0.5767996921628109,-0.0017270717527360787,0.2108358197681048,0.0,0.0,0.0,0.0,0.0,0.0,0.0,0.0,0.02929066641474882,0.04318731524455834,-0.04391501326767161,0.029147326544973838,-0.043915013267635014,0.029147326544766233,-0.028995203089495738,-0.04464853987769375,1.0075998343820574e-12,4.048060375284885e-10,0.014141428542482725
1,0.4534498410585544,3,4,7,1.2720253486389745,0.0038087382468780344,0.5767996921627953,0.001727071752680482,0.21083581974355908,-0.028995203087516127,-0.04464853987165389,0.043915013261615524,-0.0291473265429135,0.04391501326149272,-0.029147326543011685,0.029290666412909727,0.0431873152384,0.0,0.0,0.0,0.0,0.0,0.0,0.0,0.0,1.0075998343820574e-12,4.048060375284885e-10,0.014141428542482725
1,0.4534498410585544,3,2,8,2.5444344642450383,0.0020084897187031443,-1.1537734033958207,-0.0009107493437136814,3.1237166045740755e-5,0.0,0.0,0.0,0.0,0.0,0.0,0.0,0.0,-5.430690572494682e-6,5.502918363511956e-6,-5.503089317140328e-6,-5.540576952754877e-6,-5.5030893171547055e-6,-5.540576952756871e-6,5.6515638400581585e-6,-5.502152045342344e-6,1.0075998343820574e-12,4.048060375284885e-10,0.014141428542482725
1,0.4534498410585544,3,4,9,2.5444344642450427,0.002008489718700819,1.1537734033958227,0.000910749343712627,3.1237166038324114e-5,5.651563838883917e-6,-5.502152043881471e-6,5.503089315711224e-6,5.540576951570602e-6,5.503089315707765e-6,5.540576951571045e-6,-5.43069057129888e-6,5.5029183620958805e-6,0.0,0.0,0.0,0.0,0.0,0.0,0.0,0.0,1.0075998343820574e-12,4.048060375284885e-10,0.014141428542482725
1,0.4534498410585544,3,4,10,2.5459640732072923,0.0018082409038108669,1.1544670043366365,0.0008199465504286144,2.0448806009801377e-5,-3.5070944538085738e-6,3.6491277715613948e-6,-3.6501919916286476e-6,-3.5790216599657042e-6,-3.650191991654875e-6,-3.579021659991722e-6,3.6516788329637685e-6,-3.650540334389642e-6,0.0,0.0,0.0,0.0,0.0,0.0,0.0,0.0,1.0075998343820574e-12,4.048060375284885e-10,0.014141428542482725
1,0.4534498410585544,3,2,11,2.545964073207334,0.0018082409038248527,-1.1544670043366554,-0.0008199465504349562,2.0448806002881006e-5,0.0,0.0,0.0,0.0,0.0,0.0,0.0,0.0,3.65167882959674e-6,-3.650540335286784e-6,3.6501919925237535e-6,3.5790216566002213e-6,3.6501919925745623e-6,3.5790216565641055e-6,-3.50709445038272e-6,3.649127772477588e-6,1.0075998343820574e-12,4.048060375284885e-10,0.014141428542482725
1,0.4534498410585544,3,4,12,2.5461643821425985,0.002008573972986901,1.1545578343915137,0.0009107875488052595,1.0220424447294662e-5,1.8242811411066723e-6,-1.8254075795527894e-6,1.8252166060118674e-6,1.7879667760218658e-6,1.8252166060582238e-6,1.7879667759868928e-6,-1.7520174184575085e-6,1.8246680026654855e-6,0.0,0.0,0.0,0.0,0.0,0.0,0.0,0.0,1.0075998343820574e-12,4.048060375284885e-10,0.014141428542482725
1,0.4534498410585544,3,2,13,2.5461643821426083,0.002008573973091842,-1.1545578343915182,-0.0009107875488528448,1.0220424441477753e-5,0.0,0.0,0.0,0.0,0.0,0.0,0.0,0.0,-1.75201741469541e-6,1.824668004340991e-6,-1.8252166077333716e-6,-1.7879667722398914e-6,-1.8252166076663906e-6,-1.7879667722143023e-6,1.8242811373133407e-6,-1.8254075812062915e-6,1.0075998343820574e-12,4.048060375284885e-10,0.014141428542482725
1,0.4534498410585544,3,4,14,3.8030783159707817,0.00021077500166750474,1.7245052579101856,9.557589100524657e-5,4.5778346757897004e-7,8.521478278733138e-8,-7.810385592051184e-8,7.816656541818989e-8,8.358941129455433e-8,7.81665654215619e-8,8.358941129510116e-8,-8.197967144310884e-8,7.821255547411318e-8,0.0,0.0,0.0,0.0,0.0,0.0,0.0,0.0,1.0075998343820574e-12,4.048060375284885e-10,0.014141428542482725
1,0.4534498410585544,3,2,15,3.8030783159706796,0.00021077500152231555,-1.7245052579101394,-9.557589093941055e-5,4.57783466997149e-7,0.0,0.0,0.0,0.0,0.0,0.0,0.0,0.0,-8.197967133358444e-8,7.821255537615768e-8,-7.816656531922271e-8,-8.358941118697046e-8,-7.816656532589078e-8,-8.358941118637866e-8,8.521478268060923e-8,-7.810385582379177e-8,1.0075998343820574e-12,4.048060375284885e-10,0.014141428542482725
1,0.4534498410585544,3,4,16,3.802080389260463,-9.459712927402907e-5,1.7240527482020036,-4.2895053233904e-5,4.519196672981452e-7,-7.79459213588467e-8,8.022173386879729e-8,-8.023657797581059e-8,-7.953562100977845e-8,-8.023657796971537e-8,-7.953562101228965e-8,8.114136638813541e-8,-8.023551334772343e-8,0.0,0.0,0.0,0.0,0.0,0.0,0.0,0.0,1.0075998343820574e-12,4.048060375284885e-10,0.014141428542482725
1,0.4534498410585544,3,2,17,3.8020803892603894,-9.459712941445753e-5,-1.7240527482019703,4.289505329758127e-5,4.519196669661761e-7,0.0,0.0,0.0,0.0,0.0,0.0,0.0,0.0,8.114136608077018e-8,-8.023551353584281e-8,8.023657815430006e-8,7.953562070752342e-8,8.02365781554649e-8,7.953562071136202e-8,-7.794592106299596e-8,8.022173404508999e-8,1.0075998343820574e-12,4.048060375284885e-10,0.014141428542482725
1,0.4534498410585544,3,2,18,3.807108583811903,0.0038070278510446984,-1.7263327822221657,-0.0017262961739617085,1.3442022124958393e-8,0.0,0.0,0.0,0.0,0.0,0.0,0.0,0.0,2.0868771558875482e-9,2.591096418170401e-9,-2.638084438925593e-9,2.081572323508625e-9,-2.638084437439757e-9,2.0815723226267677e-9,-2.0757398316897397e-9,-2.685488719888202e-9,1.0075998343820574e-12,4.048060375284885e-10,0.014141428542482725
1,0.4534498410585544,3,4,19,3.807108583811746,0.0038070278510075406,1.7263327822220944,0.0017262961739448592,1.34420220991495e-8,-2.0757398610097653e-9,-2.685488689086289e-9,2.6380844077619587e-9,-2.0815723515532407e-9,2.6380844070008264e-9,-2.08157235182104e-9,2.086877183814277e-9,2.5910963873778645e-9,0.0,0.0,0.0,0.0,0.0,0.0,0.0,0.0,1.0075998343820574e-12,4.048060375284885e-10,0.014141428542482725
1,0.4534498410585544,3,2,20,5.081296962687869,0.00200919184562671,-2.3041133001021294,-0.0009110677230555753,1.5128320174039214e-18,0.0,0.0,0.0,0.0,0.0,0.0,0.0,0.0,-2.6894756445715255e-19,-2.605350546223443e-19,2.6585181932255064e-19,-2.6900066349709473e-19,2.6584922958193663e-19,-2.689870283015088e-19,2.6898684949220447e-19,2.712194349777509e-19,1.0075998343820574e-12,4.048060375284885e-10,0.014141428542482725
1,0.4534498410585544,3,4,21,5.0812969626878814,0.0020091918456391403,2.304113300102135,0.0009110677230612117,1.512611869362307e-18,2.690871790804285e-19,2.7104625513404163e-19,-2.6567931738879776e-19,2.6908470334550136e-19,-2.656792862948305e-19,2.6908649917072386e-19,-2.6903092111748863e-19,-2.6036590041627477e-19,0.0,0.0,0.0,0.0,0.0,0.0,0.0,0.0,1.0075998343820574e-12,4.048060375284885e-10,0.014141428542482725
1,0.4534498410585544,3,4,22,1.2712026646902497,0.0041149732232205255,0.5764266462570046,0.0018659339540295545,1.4228496416697258e-19,2.759243292159782e-20,2.3589188429699806e-20,-2.23301303540262e-20,2.7683265409660486e-20,-2.2505932206725993e-20,2.754239963673154e-20,-2.7603945797598523e-20,-2.1270628493196403e-20,0.0,0.0,0.0,0.0,0.0,0.0,0.0,0.0,1.0075998343820574e-12,4.048060375284885e-10,0.014141428542482725
1,0.4534498410585544,3,2,23,1.2712026646903096,0.004114973223172982,-0.5764266462570318,-0.001865933954007996,9.032973296476314e-20,0.0,0.0,0.0,0.0,0.0,0.0,0.0,0.0,-1.3132680806232823e-20,-1.7729399972084985e-20,1.8583954924532912e-20,-1.2819433497267041e-20,1.8526454792487722e-20,-1.2912375163675571e-20,1.2566664502816993e-20,1.9391488732180033e-20,1.0075998343820574e-12,4.048060375284885e-10,0.014141428542482725
1,0.4534498410585544,3,4,24,2.5463646910737365,0.0022088427506608927,1.1546486644445009,0.001001599394210522,9.518332835019289e-24,1.8869069976629784e-24,1.374345778097511e-24,-1.2920905997258338e-24,2.015072276662232e-24,-1.3179779192113582e-24,1.9637484698767545e-24,-2.0903022899817966e-24,-1.229718041270377e-24,0.0,0.0,0.0,0.0,0.0,0.0,0.0,0.0,1.0075998343820574e-12,4.048060375284885e-10,0.014141428542482725
1,0.4534498410585544,3,2,25,2.546364691073637,0.0022088427506654386,-1.1546486644444558,-0.0010015993942125833,3.952739565380999e-24,0.0,0.0,0.0,0.0,0.0,0.0,0.0,0.0,-5.638845324363092e-25,-8.272795054252304e-25,8.440635096996387e-25,-4.842708845886343e-25,8.734741350806214e-25,-4.935719084882049e-25,4.1266185724857744e-25,8.835451295382024e-25,1.0075998343820574e-12,4.048060375284885e-10,0.014141428542482725
1,0.4534498410585544,3,2,26,3.8062875743224023,0.004112375514669771,-1.725960495599644,-0.0018647560235000985,5.885040636704221e-25,0.0,0.0,0.0,0.0,0.0,0.0,0.0,0.0,-1.4065080618431483e-25,-4.9756451508266526e-26,5.978743397101025e-26,-1.3788829100654315e-25,6.312145396853301e-26,-1.294050772662151e-25,1.256570189624058e-25,7.243655284925355e-26,1.0075998343820574e-12,4.048060375284885e-10,0.014141428542482725
1,0.4534498410585544,3,4,27,2.547165781490908,0.0020085568631816875,1.1550119187668408,0.0009107797903668048,5.581534086275036e-25,8.258366620283589e-27,-1.3748966043501853e-25,1.3950955262231786e-25,7.886084735895586e-27,1.391163087414441e-25,7.765701281654571e-27,-7.380468490444526e-27,1.4115798649777394e-25,0.0,0.0,0.0,0.0,0.0,0.0,0.0,0.0,1.0075998343820574e-12,4.048060375284885e-10,0.014141428542482725
1,0.4534498410585544,3,2,28,2.547165781490907,0.002008556863182104,-1.1550119187668404,-0.0009107797903669935,4.32232071637311e-25,0.0,0.0,0.0,0.0,0.0,0.0,0.0,0.0,-1.1187851110960286e-26,1.0913635107421589e-25,-1.0770194551018868e-25,-1.129872980837594e-26,-1.072374253385525e-25,-1.1104318308683074e-26,1.1211833786047482e-26,-1.058277179105496e-25,1.0075998343820574e-12,4.048060375284885e-10,0.014141428542482725
1,0.4534498410585544,3,4,29,3.806287574322439,0.004112375514642745,1.7259604955996606,0.0018647560234878436,3.789947343895964e-25,4.915287400063268e-26,-7.33724410607417e-26,8.112880152991684e-26,4.7666110781736157e-26,8.442274718241422e-26,4.394925890752073e-26,-4.1436859462165573e-26,9.255473432341112e-26,0.0,0.0,0.0,0.0,0.0,0.0,0.0,0.0,1.0075998343820574e-12,4.048060375284885e-10,0.014141428542482725
2,0.2617993877991494,4,3,0,0.28058443520746557,0.001856440891513288,-0.07345683336328458,-0.000486015088883486,66.64145433724082,0.0,0.0,0.0,0.0,0.0,0.0,0.0,0.0,-11.621913779978328,11.704240707873568,-11.703884173491536,-11.856345692623748,-11.703884174606644,-11.856345692156696,12.093118144477643,-11.70115613703821,3.1955299464868866e-12,9.228824122331871e-10,0.014141428543519262
2,0.2617993877991494,4,5,1,0.2805844352100144,0.0018564408931445284,0.07345683336395188,0.0004860150893105437,66.64145423936796,12.09311813952645,-11.701156107224742,11.703884143297664,11.856345687794928,11.703884145174685,11.856345687077368,-11.621913775027332,11.704240678060215,0.0,0.0,0.0,0.0,0.0,0.0,0.0,0.0,3.1955299464868866e-12,9.228824122331871e-10,0.014141428543519262
2,0.2617993877991494,4,3,2,0.27689569533641323,-0.0018321031328505126,-0.07249112352329277,0.0004796434785651679,65.76875650133803,0.0,0.0,0.0,0.0,0.0,0.0,0.0,0.0,11.781510085080738,-11.704226918157755,11.703839095593555,11.547823080189497,11.703839096739616,11.547823079714512,-11.316476611653243,11.701141475511875,3.1955299464868866e-12,9.228824122331871e-10,0.014141428543519262
2,0.2617993877991494,4,5,3,0.27689569533409353,-0.0018321031341917622,0.07249112352268548,-0.0004796434789163062,65.7687564022638,-11.316476606657497,11.701141445645824,-11.70383906534104,-11.54782307531545,-11.703839067259564,-11.547823074592998,11.781510080086898,-11.704226888290206,0.0,0.0,0.0,0.0,0.0,0.0,0.0,0.0,3.1955299464868866e-12,9.228824122331871e-10,0.014141428543519262
2,0.2617993877991494,4,5,4,2.4014315860670816,0.00012511986261738457,0.6286933190739024,3.275630343474496e-5,4.489270059875694,0.8119842830158852,-0.7909856823219448,0.7911156629203762,0.7960336928147961,0.7911156673538995,0.7960336877285866,-0.7802413047079273,0.7910864253871134,0.0,0.0,0.0,0.0,0.0,0.0,0.0,0.0,3.1955299464868866e-12,9.228824122331871e-10,0.014141428543519262
2,0.2617993877991494,4,3,5,2.401431586074107,0.00012511986523368974,-0.6286933190757417,-3.275630411969205e-5,4.489269902987545,0.0,0.0,0.0,0.0,0.0,0.0,0.0,0.0,-0.7802412602622636,0.7910864144653257,-0.7911156527559926,-0.7960336471531337,-0.7911156556837639,-0.7960336444959216,0.8119842385693983,-0.7909856714003337,3.1955299464868866e-12,9.228824122331871e-10,0.014141428543519262
2,0.2617993877991494,4,5,6,2.401182125909203,-0.00012432956111239988,0.6286280105572895,-3.254940298456322e-5,4.460903968100565,-0.7703131819775175,0.7909862201905277,-0.7911147372228188,-0.7860052842478316,-0.7911147416729958,-0.7860052791695253,0.8018555886355886,-0.7910860418218195,0.0,0.0,0.0,0.0,0.0,0.0,0.0,0.0,3.1955299464868866e-12,9.228824122331871e-10,0.014141428543519262
2,0.2617993877991494,4,3,7,2.4011821259052635,-0.00012432955531175,-0.628628010556258,3.254940146595663e-5,4.4609038114598185,0.0,0.0,0.0,0.0,0.0,0.0,0.0,0.0,0.801855544074458,-0.7910860308899184,0.7911147270516956,0.7860052384725973,0.7911147299898813,0.7860052358193503,-0.7703131374154274,0.7909862092592629,3.1955299464868866e-12,9.228824122331871e-10,0.014141428543519262
2,0.2617993877991494,4,3,8,0.8383338325315165,0.0017721339519090446,-0.21947528412806566,-0.00046394358370787514,0.03343958845158236,0.0,0.0,0.0,0.0,0.0,0.0,0.0,0.0,-0.005856258900794,0.0058484930509827395,-0.005847820928466528,-0.0059738912045354895,-0.0058478209297802,-0.005973891203639735,0.006092692952063051,-0.0058459539120760285,3.1955299464868866e-12,9.228824122331871e-10,0.014141428543519262
2,0.2617993877991494,4,5,9,0.8383338325350018,0.0017721339535767089,0.21947528412897813,0.00046394358414446866,0.03343958837927455,0.006092692946144477,-0.0058459538923018835,0.005847820908440133,0.0059738911984034545,0.005847820910293783,0.0059738911978551345,-0.00585625889480031,0.0058484930312418006,0.0,0.0,0.0,0.0,0.0,0.0,0.0,0.0,3.1955299464868866e-12,9.228824122331871e-10,0.014141428543519262
2,0.2617993877991494,4,3,10,0.8348595085003632,-0.0017020234806517389,-0.21856570822369384,0.00044558870525440264,0.03271421631535304,0.0,0.0,0.0,0.0,0.0,0.0,0.0,0.0,0.005833695430197616,-0.005848462898438875,0.00584774055730299,0.005717458625468476,0.005847740558503389,0.0057174586242335216,-0.005602391253239546,0.005845874608692756,3.1955299464868866e-12,9.228824122331871e-10,0.014141428543519262
2,0.2617993877991494,4,5,11,0.8348595084975704,-0.001702023481472644,0.2185657082229627,-0.00044558870546931514,0.032714216262408884,-0.00560239125012202,0.005845874593246621,-0.005847740541710039,-0.0057174586222899825,-0.005847740543252631,-0.005717458621090447,0.005833695426996312,-0.005848462883042,0.0,0.0,0.0,0.0,0.0,0.0,0.0,0.0,3.1955299464868866e-12,9.228824122331871e-10,0.014141428543519262
2,0.2617993877991494,4,3,12,2.966341753193654,0.0001414742469670392,-0.7765864549891541,-3.703787124531654e-5,0.0003068703734152925,0.0,0.0,0.0,0.0,0.0,0.0,0.0,0.0,-5.3448360207170434e-5,5.396328246272122e-5,-5.396300551544412e-5,-5.452787296146331e-5,-5.396300568832716e-5,-5.452787260301776e-5,5.561817686430881e-5,-5.395182208483854e-5,3.1955299464868866e-12,9.228824122331871e-10,0.014141428543519262
2,0.2617993877991494,4,5,13,2.966341753195147,0.00014147424755250534,0.776586454989545,3.703787139859121e-5,0.00030687036564703326,5.561817667361488e-5,-5.395181951667477e-5,5.396300275821518e-5,5.452787255195531e-5,5.396300331083704e-5,5.452787262906714e-5,-5.3448360014919407e-5,5.396327989609663e-5,0.0,0.0,0.0,0.0,0.0,0.0,0.0,0.0,3.1955299464868866e-12,9.228824122331871e-10,0.014141428543519262
2,0.2617993877991494,4,3,14,2.9661067134966412,-9.355593711919425e-5,-0.7765249217403677,2.4492887062780773e-5,0.0003035799332917488,0.0,0.0,0.0,0.0,0.0,0.0,0.0,0.0,5.444325518083938e-5,-5.396334359872569e-5,5.396277919859837e-5,5.3364585560757454e-5,5.396277941771407e-5,5.336458520343364e-5,-5.229670706810863e-5,5.395154101891496e-5,3.1955299464868866e-12,9.228824122331871e-10,0.014141428543519262
2,0.2617993877991494,4,5,15,2.966106713495214,-9.355593736494949e-5,0.7765249217399941,-2.4492887127119342e-5,0.0003035799262959277,-5.2296706913844724e-5,5.395153871191547e-5,-5.3962776706428804e-5,-5.3364585201636335e-5,-5.396277729696871e-5,-5.336458525224477e-5,5.444325502525213e-5,-5.396334129280324e-5,0.0,0.0,0.0,0.0,0.0,0.0,0.0,0.0,3.1955299464868866e-12,9.228824122331871e-10,0.014141428543519262
2,0.2617993877991494,4,5,16,2.954719525335104,0.0034040772348196565,0.7735437628509236,0.0008911853360968075,0.000254775529979201,4.144408182952988e-5,-4.92040995466062e-5,4.912242244981221e-5,4.054251419396385e-5,4.912242245142277e-5,4.054251419294657e-5,-3.965077023111432e-5,4.903263586944369e-5,0.0,0.0,0.0,0.0,0.0,0.0,0.0,0.0,3.1955299464868866e-12,9.228824122331871e-10,0.014141428543519262
2,0.2617993877991494,4,3,17,2.9547195253267904,0.0034040772347975656,-0.773543762848747,-0.0008911853360910241,0.0002547755292814847,0.0,0.0,0.0,0.0,0.0,0.0,0.0,0.0,-3.965077000698857e-5,4.9032635828915405e-5,-4.912242241024e-5,-4.054251396741388e-5,-4.912242241411487e-5,-4.054251396460806e-5,4.1444081598750704e-5,-4.920409951031782e-5,3.1955299464868866e-12,9.228824122331871e-10,0.014141428543519262
2,0.2617993877991494,4,3,18,2.947606721771536,-0.0033235766259847453,-0.7716816352324458,0.0008701103259863689,0.000179930197894839,0.0,0.0,0.0,0.0,0.0,0.0,0.0,0.0,3.905607346284876e-5,-2.3212581747229437e-5,2.336715752419864e-5,3.843571966521569e-5,2.3367157524632405e-5,3.843571966768151e-5,-3.782003853278968e-5,2.3514045690440145e-5,3.1955299464868866e-12,9.228824122331871e-10,0.014141428543519262
2,0.2617993877991494,4,5,19,2.9476067217823285,-0.0033235765861257286,0.7716816352352713,-0.0008701103155513028,0.00017993019531237174,-3.782003796253733e-5,2.3514045394838007e-5,-2.3367157232233213e-5,-3.843571908592701e-5,-2.3367157233167673e-5,-3.843571909055869e-5,3.9056072876667625e-5,-2.3212581459524027e-5,0.0,0.0,0.0,0.0,0.0,0.0,0.0,0.0,3.1955299464868866e-12,9.228824122331871e-10,0.014141428543519262
2,0.2617993877991494,4,3,20,2.950575876233518,-0.00020644406710046415,-0.7724589580528738,5.404693038166803e-5,0.00015153165245776975,0.0,0.0,0.0,0.0,0.0,0.0,0.0,0.0,1.805579794809672e-5,-3.373455344152208e-5,3.357599881722425e-5,1.7541255968197874e-5,3.357599884442545e-5,1.754125596433136e-5,-1.7033428832703906e-5,3.341393529735326e-5,3.1955299464868866e-12,9.228824122331871e-10,0.014141428543519262
2,0.2617993877991494,4,5,21,2.950575876223345,-0.00020644409119962822,0.7724589580502106,-5.4046936690814435e-5,0.00015153165229131045,-1.70334298976851e-5,3.341393469626684e-5,-3.357599819816367e-5,-1.7541257034538734e-5,-3.3575998251029706e-5,-1.7541257038803867e-5,1.8055799024057113e-5,-3.373455283015364e-5,0.0,0.0,0.0,0.0,0.0,0.0,0.0,0.0,3.1955299464868866e-12,9.228824122331871e-10,0.014141428543519262
2,0.2617993877991494,4,3,22,2.9506222214586444,0.0002246885673626792,-0.7724710912044394,-5.882332938101736e-5,7.610385108771503e-5,0.0,0.0,0.0,0.0,0.0,0.0,0.0,0.0,-1.7092713510099543e-5,7.914615142344305e-6,-7.821106069995686e-6,-1.734357121078534e-5,-7.821106028841992e-6,-1.7343571204526705e-5,1.7595992779573163e-5,-7.724128085669303e-6,3.1955299464868866e-12,9.228824122331871e-10,0.014141428543519262
2,0.2617993877991494,4,5,23,2.950622221454158,0.0002246885662722871,0.7724710912032648,5.8823329095553376e-5,7.610384982008592e-5,1.759599277310042e-5,-7.724127328808178e-6,7.821105298271066e-6,1.7343571201088835e-5,7.821105283501127e-6,1.7343571202975185e-5,-1.7092713505490264e-5,7.914614382190385e-6,0.0,0.0,0.0,0.0,0.0,0.0,0.0,0.0,3.1955299464868866e-12,9.228824122331871e-10,0.014141428543519262
2,0.2617993877991494,4,5,24,5.082131642214418,0.0018481393489597204,1.3304989526464204,0.00048384175012517334,5.924609481355345e-6,1.0791315594224246e-6,-1.0360944040022628e-6,1.0364184393431822e-6,1.0580829303022125e-6,1.0364184367889844e-6,1.0580829300294704e-6,-1.037241563454964e-6,1.0365308348114298e-6,0.0,0.0,0.0,0.0,0.0,0.0,0.0,0.0,3.1955299464868866e-12,9.228824122331871e-10,0.014141428543519262
2,0.2617993877991494,4,3,25,5.0821316422141365,0.001848139347195903,-1.3304989526463467,-0.000483841749663407,5.924609478980352e-6,0.0,0.0,0.0,0.0,0.0,0.0,0.0,0.0,-1.0372415497977338e-6,1.0365308476371711e-6,-1.0364184522960568e-6,-1.0580829164145603e-6,-1.0364184502898652e-6,-1.0580829163426938e-6,1.0791315455081117e-6,-1.0360944176381922e-6,3.1955299464868866e-12,9.228824122331871e-10,0.014141428543519262
2,0.2617993877991494,4,3,26,5.078460970378415,-0.0018223378421963594,-1.3295379730069432,0.0004770869314502298,5.800634276655867e-6,0.0,0.0,0.0,0.0,0.0,0.0,0.0,0.0,1.0350269074863129e-6,-1.0363651550629081e-6,1.0362498124454478e-6,1.014416612397914e-6,1.036249813981003e-6,1.0144166130570123e-6,-9.940135476270005e-7,1.0359315673264695e-6,3.1955299464868866e-12,9.228824122331871e-10,0.014141428543519262
2,0.2617993877991494,4,5,27,5.07846097037918,-0.0018223378438504676,1.3295379730071437,-0.00047708693188327437,5.8006342204677215e-6,-9.940135213515021e-7,1.0359315732253836e-6,-1.0362498183575119e-6,-1.0144165868578345e-6,-1.0362498204079885e-6,-1.0144165858322013e-6,1.0350268809990041e-6,-1.0363651615053202e-6,0.0,0.0,0.0,0.0,0.0,0.0,0.0,0.0,3.1955299464868866e-12,9.228824122331871e-10,0.014141428543519262
2,0.2617993877991494,4,5,28,5.083597091533051,0.0015291764992405722,1.3308826063808892,0.00040033747133802824,4.582079467393469e-6,-7.035448412027796e-7,8.894906276923836e-7,-8.912785269263347e-7,-7.195642778468707e-7,-8.912785275403015e-7,-7.195642762895836e-7,7.357619542390441e-7,-8.9292249609549e-7,0.0,0.0,0.0,0.0,0.0,0.0,0.0,0.0,3.1955299464868866e-12,9.228824122331871e-10,0.014141428543519262
2,0.2617993877991494,4,3,29,5.083597091532157,0.0015291764969377953,-1.3308826063806551,-0.00040033747073516267,4.582079425580797e-6,0.0,0.0,0.0,0.0,0.0,0.0,0.0,0.0,7.357619440700343e-7,-8.929224908587195e-7,8.912785220865728e-7,7.19564267470122e-7,8.912785218502217e-7,7.195642664277361e-7,-7.035448311338134e-7,8.894906223988565e-7,3.1955299464868866e-12,9.228824122331871e-10,0.014141428543519262
2,0.2617993877991494,4,3,30,5.080201748032806,-0.0014698695765482436,-1.3299937075311574,0.00038481095528492514,3.306630199878356e-6,0.0,0.0,0.0,0.0,0.0,0.0,0.0,0.0,-6.997490896044858e-7,4.244402182422623e-7,-4.216163067039946e-7,-7.11033213490696e-7,-4.216163075860892e-7,-7.110332127781133e-7,7.224016457018699e-7,-4.1865018097231587e-7,3.1955299464868866e-12,9.228824122331871e-10,0.014141428543519262
2,0.2617993877991494,4,5,31,5.08020174803182,-0.0014698695790651456,1.3299937075308992,-0.00038481095594384857,3.306630193114045e-6,7.224016443543822e-7,-4.1865017990480093e-7,4.2161630533048386e-7,7.110332122978201e-7,4.2161630685556615e-7,7.11033211286577e-7,-6.997490882673628e-7,4.2444021720527346e-7,0.0,0.0,0.0,0.0,0.0,0.0,0.0,0.0,3.1955299464868866e-12,9.228824122331871e-10,0.014141428543519262
2,0.2617993877991494,4,3,32,5.0832614138625605,0.001741122319572359,-1.330794726172257,-0.00045582475734747853,2.7747798760999583e-6,0.0,0.0,0.0,0.0,0.0,0.0,0.0,0.0,-3.1503494876094834e-7,6.102572020271943e-7,-6.131772220117709e-7,-3.243491145508466e-7,-6.131772199090145e-7,-3.243491136493063e-7,3.337859083931845e-7,-6.160323578093991e-7,3.1955299464868866e-12,9.228824122331871e-10,0.014141428543519262
2,0.2617993877991494,4,5,33,5.083261413860603,0.001741122317959669,1.3307947261717445,0.0004558247569252773,2.77477987289503e-6,3.337859175863928e-7,-6.160323520393843e-7,6.13177215382305e-7,3.2434912367086747e-7,6.131772149914075e-7,3.243491229293285e-7,-3.15034957968841e-7,6.102571962521731e-7,0.0,0.0,0.0,0.0,0.0,0.0,0.0,0.0,3.1955299464868866e-12,9.228824122331871e-10,0.014141428543519262
2,0.2617993877991494,4,5,34,5.079375325103857,-0.001748648969402165,1.3297773505142954,-0.00045779522966510035,1.3824293629766505e-6,-3.0975150367365354e-7,1.453531084410424e-7,-1.4367780647338436e-7,-3.143169584569424e-7,-1.4367780636816666e-7,-3.143169584436775e-7,3.1891114249414653e-7,-1.4193963813746082e-7,0.0,0.0,0.0,0.0,0.0,0.0,0.0,0.0,3.1955299464868866e-12,9.228824122331871e-10,0.014141428543519262
2,0.2617993877991494,4,3,35,5.079375325104131,-0.0017486489697596088,-1.329777350514367,0.0004577952297586789,1.3824292940244778e-6,0.0,0.0,0.0,0.0,0.0,0.0,0.0,0.0,3.189111227611553e-7,-1.4193963986584936e-7,1.436778079194873e-7,3.143169393036157e-7,1.4367780791620175e-7,3.1431693832111345e-7,-3.097514841331302e-7,1.4535310970938945e-7,3.1955299464868866e-12,9.228824122331871e-10,0.014141428543519262
2,0.2617993877991494,4,5,36,7.2040486537813235,0.00012567477939544889,1.886015527235237,3.290158030752168e-5,1.288452333331588e-7,2.332651957595187e-8,-2.267924903619972e-8,2.26834234178441e-8,2.2868730072130237e-8,2.268342332545073e-8,2.2868730115698197e-8,-2.2415476838566842e-8,2.268302350783787e-8,0.0,0.0,0.0,0.0,0.0,0.0,0.0,0.0,3.1955299464868866e-12,9.228824122331871e-10,0.014141428543519262
2,0.2617993877991494,4,3,37,7.204048653783842,0.00012567477718485,-1.8860155272358965,-3.290157972878824e-5,1.288452305808942e-7,0.0,0.0,0.0,0.0,0.0,0.0,0.0,0.0,-2.2415476777270525e-8,2.2683022590644276e-8,-2.2683422465753806e-8,-2.2868730009378945e-8,-2.2683422439107744e-8,-2.2868730063556106e-8,2.332651952257607e-8,-2.2679248114827552e-8,3.1955299464868866e-12,9.228824122331871e-10,0.014141428543519262
2,0.2617993877991494,4,5,38,7.203799660833513,-0.00012330743665569556,1.885950341033934,-3.2281811427543495e-5,1.2778540633449473e-7,-2.204454034101602e-8,2.267928159146836e-8,-2.2683390888683298e-8,-2.2494046702377796e-8,-2.2683390701414485e-8,-2.249404678075205e-8,2.2948089370656244e-8,-2.2683000735940284e-8,0.0,0.0,0.0,0.0,0.0,0.0,0.0,0.0,3.1955299464868866e-12,9.228824122331871e-10,0.014141428543519262
2,0.2617993877991494,4,3,39,7.203799660832015,-0.00012330742755848256,-1.8859503410335416,3.22818090458987e-5,1.2778540396675204e-7,0.0,0.0,0.0,0.0,0.0,0.0,0.0,0.0,2.2948088998991048e-8,-2.2683000274639298e-8,2.2683390399288817e-8,2.2494046303245092e-8,2.268339025251968e-8,2.2494046444675222e-8,-2.2044539977637862e-8,2.2679281114644647e-8,3.1955299464868866e-12,9.228824122331871e-10,0.014141428543519262
2,0.2617993877991494,4,5,40,5.639828374948999,0.0017783682545725265,1.4765036158539195,0.00046557572032852933,7.244435524677494e-10,1.3287773435625556e-10,-1.257202858100669e-10,1.2577877247304822e-10,1.3030432656735507e-10,1.2577875315060185e-10,1.3030432052712913e-10,-1.277560660663449e-10,1.258111763476948e-10,0.0,0.0,0.0,0.0,0.0,0.0,0.0,0.0,3.1955299464868866e-12,9.228824122331871e-10,0.014141428543519262
2,0.2617993877991494,4,3,41,5.6398283749473235,0.001778368252933734,-1.476503615853481,-0.0004655757198994945,7.244435344684301e-10,0.0,0.0,0.0,0.0,0.0,0.0,0.0,0.0,-1.2775591252552987e-10,1.2581132637495576e-10,-1.2577892598886679e-10,-1.3030416931417997e-10,-1.2577890765773742e-10,-1.303041679513031e-10,1.3287757809046639e-10,-1.2572044388248005e-10,3.1955299464868866e-12,9.228824122331871e-10,0.014141428543519262
2,0.2617993877991494,4,3,42,5.636342968189482,-0.0017068707356798828,-1.4755911384980471,0.0004468577136532771,6.985586278854714e-10,0.0,0.0,0.0,0.0,0.0,0.0,0.0,0.0,1.2366202207138864e-10,-1.2578255419081402e-10,1.2574916446674748e-10,1.2118015642784565e-10,1.2574917890707182e-10,1.2118016079029128e-10,-1.187234423562826e-10,1.2569155070976686e-10,3.1955299464868866e-12,9.228824122331871e-10,0.014141428543519262
2,0.2617993877991494,4,5,43,5.636342968188441,-0.001706870737251887,1.4755911384977747,-0.00044685771406482685,6.985582196045542e-10,-1.187233121489624e-10,1.2569153425677827e-10,-1.2574914800304183e-10,-1.211800213494736e-10,-1.2574916452984171e-10,-1.2118003368399069e-10,1.236618901002531e-10,-1.257825398150588e-10,0.0,0.0,0.0,0.0,0.0,0.0,0.0,0.0,3.1955299464868866e-12,9.228824122331871e-10,0.014141428543519262
2,0.2617993877991494,4,5,44,5.641315513071473,0.0014569609428625682,1.476892947703956,0.00038143148288869187,5.590161232607534e-10,-8.680580607943077e-11,1.0774162765294454e-10,-1.0794214898836534e-10,-8.876206198997665e-11,-1.0794216016668868e-10,-8.876206542628512e-11,9.073990780404781e-11,-1.0812492697011568e-10,0.0,0.0,0.0,0.0,0.0,0.0,0.0,0.0,3.1955299464868866e-12,9.228824122331871e-10,0.014141428543519262
2,0.2617993877991494,4,3,45,5.6413155130717305,0.0014569609402741205,-1.4768929477040236,-0.0003814314822110378,5.590156613488852e-10,0.0,0.0,0.0,0.0,0.0,0.0,0.0,0.0,9.073977444082067e-11,-1.0812488755598858e-10,1.0794210765386126e-10,8.87619281868611e-11,1.079421220845809e-10,8.876193217830117e-11,-8.680567240869513e-11,1.077415876267999e-10,3.1955299464868866e-12,9.228824122331871e-10,0.014141428543519262
2,0.2617993877991494,4,3,46,5.638131758555455,-0.0013539190447942936,-1.4760594427207598,0.0003544551770567552,3.9520267180227073e-10,0.0,0.0,0.0,0.0,0.0,0.0,0.0,0.0,-8.316370290626705e-11,5.149376086535325e-11,-5.1168648471500495e-11,-8.451540651473271e-11,-5.1168642053406536e-11,-8.451540372487681e-11,8.587733946172366e-11,-5.082662553331749e-11,3.1955299464868866e-12,9.228824122331871e-10,0.014141428543519262
2,0.2617993877991494,4,5,47,5.638131758555056,-0.0013539190474083688,1.4760594427206553,-0.0003544551777411185,3.9520188241704195e-10,8.587714875934702e-11,-5.082655925598697e-11,5.116858217371279e-11,8.451521162501177e-11,5.116857462717138e-11,8.45152181762758e-11,-8.316351318573278e-11,5.149369340229308e-11,0.0,0.0,0.0,0.0,0.0,0.0,0.0,0.0,3.1955299464868866e-12,9.228824122331871e-10,0.014141428543519262
2,0.2617993877991494,4,5,48,5.6410072503660285,0.001663632766192601,1.4768122447163894,0.0004355380397118284,3.3657988054624885e-10,4.0911955740334495e-11,-7.449331896737548e-11,7.415350597280325e-11,3.976532097028558e-11,7.415348657943659e-11,3.9765327375920145e-11,-3.863352263447496e-11,7.380571905922482e-11,0.0,0.0,0.0,0.0,0.0,0.0,0.0,0.0,3.1955299464868866e-12,9.228824122331871e-10,0.014141428543519262
2,0.2617993877991494,4,3,49,5.641007250367495,0.001663632767855913,-1.4768122447167733,-0.00043553804014728243,3.365797011796551e-10,0.0,0.0,0.0,0.0,0.0,0.0,0.0,0.0,-3.8633422665693655e-11,7.380572200477197e-11,-7.415351061534195e-11,-3.976521999530674e-11,-7.415348898873135e-11,-3.976522545040837e-11,4.091185278992357e-11,-7.449332309500811e-11,3.1955299464868866e-12,9.228824122331871e-10,0.014141428543519262
2,0.2617993877991494,4,3,50,5.637347206552845,-0.0016235172383421458,-1.4758540474867798,0.0004250358190793395,1.6522175413789198e-10,0.0,0.0,0.0,0.0,0.0,0.0,0.0,0.0,3.800655911624796e-11,-1.7205182213063646e-11,1.7409435874765387e-11,3.745617938559795e-11,1.7409439561644146e-11,3.7456181002415424e-11,-3.6909282332060526e-11,1.760620167102285e-11,3.1955299464868866e-12,9.228824122331871e-10,0.014141428543519262
2,0.2617993877991494,4,5,51,5.637347206552329,-0.0016235172381833245,1.4758540474866448,-0.0004250358190377602,1.6522128027216829e-10,-3.6909146661100804e-11,1.7606213870840924e-11,-1.7409448999432612e-11,-3.745604502502288e-11,-1.740945353979162e-11,-3.7456041497875766e-11,3.800642092142598e-11,-1.7205197141195848e-11,0.0,0.0,0.0,0.0,0.0,0.0,0.0,0.0,3.1955299464868866e-12,9.228824122331871e-10,0.014141428543519262
2,0.2617993877991494,4,5,52,3.5165281102309125,-7.128553594085369e-5,0.9206249064369527,-1.8662509668249758e-5,2.8172793616530393e-12,-6.312854197562944e-13,-2.9613573014194557e-13,3.05472908281506e-13,-6.346094538637882e-13,3.0547406535251536e-13,-6.346069582893922e-13,6.378699137402219e-13,3.1493819449047885e-13,0.0,0.0,0.0,0.0,0.0,0.0,0.0,0.0,3.1955299464868866e-12,9.228824122331871e-10,0.014141428543519262
2,0.2617993877991494,4,3,53,3.5165281102340646,-7.128552761686766e-5,-0.920624906437778,1.866250748903531e-5,2.8172610254307905e-12,0.0,0.0,0.0,0.0,0.0,0.0,0.0,0.0,6.378740598007788e-13,3.14918853131194e-13,-3.0545333815931064e-13,6.346131094621795e-13,-3.0545558962392493e-13,6.346114434397453e-13,-6.312894184274691e-13,-2.961170199969677e-13,3.1955299464868866e-12,9.228824122331871e-10,0.014141428543519262
2,0.2617993877991494,4,5,54,3.516763093881826,0.00016368893100701578,0.9206864250129047,4.285366192713394e-5,1.3068270411748958e-12,9.084727994514526e-14,3.1723055216258355e-13,-3.131580632846817e-13,9.307962811434203e-14,-3.1315912095797805e-13,9.307799280878862e-14,-9.524771642539603e-14,-3.091052679277898e-13,0.0,0.0,0.0,0.0,0.0,0.0,0.0,0.0,3.1955299464868866e-12,9.228824122331871e-10,0.014141428543519262
2,0.2617993877991494,4,3,55,3.516763093880817,0.00016368892922173162,-0.9206864250126405,-4.2853661459747636e-5,1.3067944879876315e-12,0.0,0.0,0.0,0.0,0.0,0.0,0.0,0.0,-9.524852662291712e-14,-3.090966389301468e-13,3.131493272014013e-13,-9.308059033040107e-14,3.131503613838855e-13,-9.307876738952564e-14,9.084820836725785e-14,3.1722168412147737e-13,3.1955299464868866e-12,9.228824122331871e-10,0.014141428543519262
2,0.2617993877991494,4,3,56,7.768714693388469,-9.953304038343765e-5,-2.033844750715358,2.6057689038171993e-5,7.406642667204258e-13,0.0,0.0,0.0,0.0,0.0,0.0,0.0,0.0,1.340618746728582e-13,-1.3040225930323264e-13,1.3042562982471907e-13,1.3143027388108111e-13,1.304256038554269e-13,1.3143027127023806e-13,-1.2882475361059452e-13,1.3042268625544386e-13,3.1955299464868866e-12,9.228824122331871e-10,0.014141428543519262
2,0.2617993877991494,4,5,57,7.768714693391238,-9.953304101403219e-5,2.033844750716083,-2.6057689203261256e-5,7.406617600201416e-13,-1.288246965664557e-13,1.3042185655514377e-13,-1.3042475990561638e-13,-1.314302571087685e-13,-1.304247992473483e-13,-1.314301839272134e-13,1.3406182771608016e-13,-1.304014142111594e-13,0.0,0.0,0.0,0.0,0.0,0.0,0.0,0.0,3.1955299464868866e-12,9.228824122331871e-10,0.014141428543519262
2,0.2617993877991494,4,5,58,7.768963173165712,0.0001489364847586743,2.0339098025689206,3.8991480530778275e-5,7.346752461532645e-13,1.3191983983177952e-13,-1.3042662362310375e-13,1.3042854524062084e-13,1.2930943183711187e-13,1.3042863799378144e-13,1.2930942559801935e-13,-1.2672509986722373e-13,1.3040469469086906e-13,0.0,0.0,0.0,0.0,0.0,0.0,0.0,0.0,3.1955299464868866e-12,9.228824122331871e-10,0.014141428543519262
2,0.2617993877991494,4,3,59,7.7689631731674975,0.00014893648392225439,-2.033909802569388,-3.8991480311804056e-5,7.346710369718911e-13,0.0,0.0,0.0,0.0,0.0,0.0,0.0,0.0,-1.2672404018105498e-13,1.3040425231150638e-13,-1.3042808044822428e-13,-1.2930841039049938e-13,-1.3042825204881564e-13,-1.293083157703127e-13,1.319187685554996e-13,-1.3042621551056594e-13,3.1955299464868866e-12,9.228824122331871e-10,0.014141428543519262
2,0.2617993877991494,4,3,60,7.7573316027804795,0.003401721000826899,-2.030864664562924,-0.000890568475479992,6.295110909355245e-13,0.0,0.0,0.0,0.0,0.0,0.0,0.0,0.0,-9.791166533087561e-14,1.2119997371458515e-13,-1.214228549633341e-13,-1.0011494412866875e-13,-1.214229792555557e-13,-1.001149264170073e-13,1.023424884778594e-13,-1.216258350877681e-13,3.1955299464868866e-12,9.228824122331871e-10,0.014141428543519262
2,0.2617993877991494,4,5,61,7.757331602788727,0.00340172100073598,2.030864664565083,0.0008905684754561895,6.295076790761702e-13,1.023420474505097e-13,-1.2162507541890768e-13,1.214220990704656e-13,1.0011450680594107e-13,1.2142222739679654e-13,1.0011451091380558e-13,-9.791125327659204e-14,1.211992257195102e-13,0.0,0.0,0.0,0.0,0.0,0.0,0.0,0.0,3.1955299464868866e-12,9.228824122331871e-10,0.014141428543519262
2,0.2617993877991494,4,3,62,7.750225667170569,-0.0033198154747936626,-2.029004334970509,0.0008691256589071234,4.458982724726134e-13,0.0,0.0,0.0,0.0,0.0,0.0,0.0,0.0,9.679799138450332e-14,-5.750757499252633e-14,5.789087665744568e-14,9.526069454138628e-14,5.789090261513109e-14,9.526072636936238e-14,-9.373500638698933e-14,5.825515138706299e-14,3.1955299464868866e-12,9.228824122331871e-10,0.014141428543519262
2,0.2617993877991494,4,5,63,7.750225667181651,-0.003319815435012189,2.0290043349734104,-0.0008691256484923579,4.4588847737620385e-13,-9.373057066435675e-14,5.825769049665521e-14,-5.789345086642727e-14,-9.525630235944383e-14,-5.789351393799457e-14,-9.525623615574699e-14,9.679354516409084e-14,-5.75102217076125e-14,0.0,0.0,0.0,0.0,0.0,0.0,0.0,0.0,3.1955299464868866e-12,9.228824122331871e-10,0.014141428543519262
2,0.2617993877991494,4,5,64,7.753192229111391,-0.00020524677887585364,2.0297809790704844,-5.3733481057445874e-5,3.698248610133495e-13,-4.0297388603626544e-14,8.218638708351233e-14,-8.260112943643841e-14,-4.1530459522819004e-14,-8.260112361509844e-14,-4.1530441266865305e-14,4.278003050609215e-14,-8.300755817596013e-14,0.0,0.0,0.0,0.0,0.0,0.0,0.0,0.0,3.1955299464868866e-12,9.228824122331871e-10,0.014141428543519262
2,0.2617993877991494,4,3,65,7.753192229121765,-0.00020524675504532495,-2.029780979073201,5.373347481862805e-5,3.6982432274842675e-13,0.0,0.0,0.0,0.0,0.0,0.0,0.0,0.0,4.278015611434778e-14,-8.300733377609234e-14,8.26009047566236e-14,4.15305823216805e-14,8.260091287818184e-14,4.1530585492998783e-14,-4.0297529773983556e-14,8.218617611465506e-14,3.1955299464868866e-12,9.228824122331871e-10,0.014141428543519262
2,0.2617993877991494,4,5,66,7.753238489013744,0.00022505048329434386,2.0297930898846004,5.8918078750361925e-5,1.9202878283003447e-13,4.4689601122723185e-14,-1.881407776153996e-14,1.906846131598988e-14,4.405647125048468e-14,1.9068352052319677e-14,4.405644450482794e-14,-4.342712766513813e-14,1.9313923893055354e-14,0.0,0.0,0.0,0.0,0.0,0.0,0.0,0.0,3.1955299464868866e-12,9.228824122331871e-10,0.014141428543519262
2,0.2617993877991494,4,3,67,7.7532384890181065,0.00022505048442962236,-2.0297930898857426,-5.891807904757714e-5,1.9202648379785564e-13,0.0,0.0,0.0,0.0,0.0,0.0,0.0,0.0,-4.3426301164806846e-14,1.9314369383583525e-14,-1.9068909284443264e-14,-4.405566464336268e-14,-1.906881909577563e-14,-4.4055602474410656e-14,4.468877918015525e-14,-1.8814547313085476e-14,3.1955299464868866e-12,9.228824122331871e-10,0.014141428543519262
2,0.2617993877991494,4,3,68,2.9537321351659687,0.0037245954292713583,-0.7732852647091251,-0.0009750968031827517,1.7079530066188026e-19,0.0,0.0,0.0,0.0,0.0,0.0,0.0,0.0,3.507857542771495e-20,-2.3686405916285737e-20,2.3541639972814537e-20,3.562720032684727e-20,2.3563631075509285e-20,3.560181763590015e-20,-3.6153823217770223e-20,2.3412502809525033e-20,3.1955299464868866e-12,9.228824122331871e-10,0.014141428543519262
2,0.2617993877991494,4,5,69,2.953732135165816,0.0037245954293359403,0.773285264709085,0.0009750968031996592,1.578465029826431e-19,-3.113966369410758e-20,2.482540882221324e-20,-2.4864395670650687e-20,-3.0640563846708136e-20,-2.490335949074771e-20,-3.0611259428577955e-20,3.0116346557383135e-20,-2.4937097426370988e-20,0.0,0.0,0.0,0.0,0.0,0.0,0.0,0.0,3.1955299464868866e-12,9.228824122331871e-10,0.014141428543519262
2,0.2617993877991494,4,3,70,9.882132312955429,-0.001826979924863684,-2.5871361896819236,0.00047830222585064846,1.0577087833804584e-19,0.0,0.0,0.0,0.0,0.0,0.0,0.0,0.0,2.4337868844337192e-20,1.0985926242369575e-20,-1.0645345036436474e-20,2.4202174267944377e-20,-1.0622349645746157e-20,2.421703501253546e-20,-2.4079067672375276e-20,-1.0286512385154812e-20,3.1955299464868866e-12,9.228824122331871e-10,0.014141428543519262
2,0.2617993877991494,4,5,71,9.8821323129583,-0.0018269799259846946,2.587136189682675,-0.00047830222614412833,1.0405223463013868e-19,-2.379537668592873e-20,-9.86016596330979e-21,1.0209538607620959e-20,-2.3917663915741403e-20,1.019345695712579e-20,-2.3939444448427716e-20,2.4059540965627162e-20,1.0547565452393694e-20,0.0,0.0,0.0,0.0,0.0,0.0,0.0,0.0,3.1955299464868866e-12,9.228824122331871e-10,0.014141428543519262
2,0.2617993877991494,4,3,72,2.9463305567234412,-0.0036766108017861412,-0.771347536004124,0.0009625344570833517,7.659298074204624e-20,0.0,0.0,0.0,0.0,0.0,0.0,0.0,0.0,1.1061070181183801e-20,1.585273678286108e-20,-1.560241826550728e-20,1.1104439291109656e-20,-1.5591836372657373e-20,1.1109827670755839e-20,-1.1150328252387467e-20,-1.5343502663515937e-20,3.1955299464868866e-12,9.228824122331871e-10,0.014141428543519262
2,0.2617993877991494,4,5,73,5.078645754099291,-0.002074910967986755,1.329586349271944,-0.0005432104211566729,7.194960191387674e-20,1.0571976522043407e-20,-1.4329412085116764e-20,1.4368598740026822e-20,1.0821271285889571e-20,1.434527710463267e-20,1.0849747692280783e-20,-1.1102001005704397e-20,1.4381857408050516e-20,0.0,0.0,0.0,0.0,0.0,0.0,0.0,0.0,3.1955299464868866e-12,9.228824122331871e-10,0.014141428543519262
2,0.2617993877991494,4,5,74,2.9463305567235922,-0.003676610801876374,0.7713475360041635,-0.0009625344571069746,6.950919454428506e-20,6.426354870092374e-21,-1.598293127969123e-20,1.607859461639754e-20,6.659582290718783e-21,1.6035248150696576e-20,6.627202692405557e-21,-6.86302817457607e-21,1.6129338412527354e-20,0.0,0.0,0.0,0.0,0.0,0.0,0.0,0.0,3.1955299464868866e-12,9.228824122331871e-10,0.014141428543519262
2,0.2617993877991494,4,5,75,9.88581386510851,0.001854376685007594,2.588100017781751,0.00048547468088400424,4.504202567462289e-20,2.810872392863547e-21,1.1018445695039107e-20,-1.0880884378286636e-20,2.8866259311534072e-21,-1.0882271749208775e-20,2.904431376400133e-21,-2.9779560885595123e-21,-1.0745198695280696e-20,0.0,0.0,0.0,0.0,0.0,0.0,0.0,0.0,3.1955299464868866e-12,9.228824122331871e-10,0.014141428543519262
2,0.2617993877991494,4,3,76,9.885813865109617,0.0018543766830490635,-2.5881000177820406,-0.00048547468037126216,4.487229090159233e-20,0.0,0.0,0.0,0.0,0.0,0.0,0.0,0.0,-2.8954698063774814e-21,-1.0723716384607156e-20,1.0864248027406043e-20,-2.8038693137141367e-21,1.085509393811946e-20,-2.819833765425201e-21,2.725992792867843e-21,1.0996096235189843e-20,3.1955299464868866e-12,9.228824122331871e-10,0.014141428543519262
2,0.2617993877991494,4,3,77,5.078645754099299,-0.0020749109679360613,-1.329586349271946,0.0005432104211434013,2.7509064632072185e-20,0.0,0.0,0.0,0.0,0.0,0.0,0.0,0.0,-5.7584299726745726e-21,3.8907368763331725e-21,-3.931079020980236e-21,-5.640553004609167e-21,-3.913515335596379e-21,-5.657168703139065e-21,5.540059940217227e-21,-3.952162741117523e-21,3.1955299464868866e-12,9.228824122331871e-10,0.014141428543519262
2,0.2617993877991494,4,3,78,5.082821648432694,0.0021007671326507675,-1.3306795958519428,-0.0005499795492365454,1.7973479914542163e-20,0.0,0.0,0.0,0.0,0.0,0.0,0.0,0.0,-4.254188748537744e-22,-4.419349532658569e-21,4.47147265813812e-21,-4.036553271573264e-22,4.479184453999008e-21,-3.972373484376167e-22,3.7479844028368794e-22,4.531809495431673e-21,3.1955299464868866e-12,9.228824122331871e-10,0.014141428543519262
2,0.2617993877991494,4,5,79,5.082821648432825,0.0021007671326468426,1.330679595851977,0.0005499795492355179,1.4950456757934212e-20,-1.2869204546477156e-21,3.548298448173053e-21,-3.518232489113826e-21,-1.2409731273126658e-21,-3.530975566259894e-21,-1.2460120992449704e-21,1.2006920890191187e-21,-3.500754182473374e-21,0.0,0.0,0.0,0.0,0.0,0.0,0.0,0.0,3.1955299464868866e-12,9.228824122331871e-10,0.014141428543519262
3,0.15114994701951814,5,6,0,0.030378519892107825,0.0057284407860518916,0.004591711672223476,0.0008658535213161903,122.07064889959508,22.01023760544328,-21.578760909493422,21.58090712725263,21.576505603260834,21.58090712966115,21.57650560287184,-21.147089350544267,21.57873761472981,0.0,0.0,0.0,0.0,0.0,0.0,0.0,0.0,6.784493498971285e-12,1.831069529535576e-9,0.009518683906861254
3,0.15114994701951814,5,4,1,0.03037851989185114,0.00572844078714614,-0.004591711672184678,-0.000865853521481586,122.07064889927803,0.0,0.0,0.0,0.0,0.0,0.0,0.0,0.0,-21.14708935043938,21.578737614721636,-21.58090712724563,-21.576505603156665,-21.58090712965354,-21.576505602766392,22.010237605338574,-21.578760909486974,6.784493498971285e-12,1.831069529535576e-9,0.009518683906861254
3,0.15114994701951814,5,4,2,2.0814033895744224,0.0005615106818223081,-0.31460401206041944,-8.487230980833538e-5,6.196536430514087,0.0,0.0,0.0,0.0,0.0,0.0,0.0,0.0,-1.1122945824232695,1.0559271063675681,-1.0552505650180188,-1.1340823383176666,-1.055250565832877,-1.134082338475167,1.1560811217974338,-1.0543471869142453,6.784493498971285e-12,1.831069529535576e-9,0.009518683906861254
3,0.15114994701951814,5,6,3,2.08140338957754,0.0005615106847712097,0.3146040120608906,8.48723102540617e-5,6.1965363994626905,1.156081116818376,-1.0543471808694829,1.055250559006194,1.1340823338103159,1.0552505597558757,1.1340823330230907,-1.1122945774441133,1.0559271003225104,0.0,0.0,0.0,0.0,0.0,0.0,0.0,0.0,6.784493498971285e-12,1.831069529535576e-9,0.009518683906861254
3,0.15114994701951814,5,4,4,2.078666922813262,-0.00027606616774242254,-0.31419039525444936,4.172738662814857e-5,5.883321064533047,0.0,0.0,0.0,0.0,0.0,0.0,0.0,0.0,1.0551232844567278,-1.045775668057765,1.0457651967060528,1.0342188691053897,1.0457651975213402,1.034218869251913,-1.013523586252041,1.0455478614839024,6.784493498971285e-12,1.831069529535576e-9,0.009518683906861254
3,0.15114994701951814,5,6,5,2.07866692281301,-0.00027606617068963966,0.3141903952544113,-4.172738707362029e-5,5.883321033136814,-1.0135235813181007,1.045547855324776,-1.0457651905775858,-1.0342188646432722,-1.0457651913312245,-1.0342188638447145,1.0551232795225691,-1.0457756618973106,0.0,0.0,0.0,0.0,0.0,0.0,0.0,0.0,6.784493498971285e-12,1.831069529535576e-9,0.009518683906861254
3,0.15114994701951814,5,4,6,4.295664626555306,0.00026825663097514163,-0.6492894807174526,-4.054697555952709e-5,3.6652558622332645,0.0,0.0,0.0,0.0,0.0,0.0,0.0,0.0,-0.6436490509792927,0.6392815589257362,-0.6391725481036608,-0.6565422748383453,-0.6391725501501848,-0.6565422755071341,0.6695633207110886,-0.6389322180684028,6.784493498971285e-12,1.831069529535576e-9,0.009518683906861254
3,0.15114994701951814,5,6,7,4.2956646265654514,0.00026825664025255033,0.6492894807189862,4.054697696180692e-5,3.665255576476227,0.6695633709568114,-0.6389320640513882,0.6391723942218763,0.6565423268535829,0.6391723959926175,0.6565423239505918,-0.6436491012230421,0.6392814049133786,0.0,0.0,0.0,0.0,0.0,0.0,0.0,0.0,6.784493498971285e-12,1.831069529535576e-9,0.009518683906861254
3,0.15114994701951814,5,4,8,4.29395726544692,-0.00016674478895217087,-0.649031413176377,2.5203466015901364e-5,3.5549352168356294,0.0,0.0,0.0,0.0,0.0,0.0,0.0,0.0,0.6390905292607232,-0.630338079412258,0.6303626409800577,0.6264592771700611,0.6303626430347234,0.6264592778358085,-0.6139540857103309,0.6302619001185347,6.784493498971285e-12,1.831069529535576e-9,0.009518683906861254
3,0.15114994701951814,5,6,9,4.293957265435402,-0.00016674488946612394,0.6490314131746361,-2.5203481208580042e-5,3.55493492120634,-0.6139541356591586,0.6302617462891185,-0.6303624872827907,-0.6264593288901223,-0.6303624890626777,-0.6264593259826777,0.6390905792095882,-0.6303379255823425,0.0,0.0,0.0,0.0,0.0,0.0,0.0,0.0,6.784493498971285e-12,1.831069529535576e-9,0.009518683906861254
3,0.15114994701951814,5,6,10,2.092844391289516,0.010899127314262095,0.316333318863506,0.0016474025161096989,0.19511525050558434,-0.024190987068759315,-0.042919830369116646,0.04225115491327285,-0.024374033604957886,0.04225115491736224,-0.024374033610809698,0.024548629428636656,0.04158735342319024,0.0,0.0,0.0,0.0,0.0,0.0,0.0,0.0,6.784493498971285e-12,1.831069529535576e-9,0.009518683906861254
3,0.15114994701951814,5,4,11,2.0928443912899226,0.010899127313307846,-0.3163333188635675,-0.0016474025159654642,0.1951152501731535,0.0,0.0,0.0,0.0,0.0,0.0,0.0,0.0,0.02454862941865934,0.04158735333333251,-0.042251154824295555,0.024374033591255933,-0.042251154826101645,0.024374033604317558,-0.024190987058527257,-0.042919830278730677,6.784493498971285e-12,1.831069529535576e-9,0.009518683906861254
3,0.15114994701951814,5,6,12,4.306973671872777,0.011190210265971463,0.6509988423180297,0.0016913996888388546,0.03893861010366864,-0.005300210702862331,-0.008281344170825837,0.008146060792627467,-0.00532920403300638,0.008146060801419797,-0.005329204037909391,0.0053565680493358825,0.00801184310111201,0.0,0.0,0.0,0.0,0.0,0.0,0.0,0.0,6.784493498971285e-12,1.831069529535576e-9,0.009518683906861254
3,0.15114994701951814,5,4,13,4.306973671901693,0.0111902101824648,-0.6509988423224004,-0.0016913996762168268,0.03893860915309287,0.0,0.0,0.0,0.0,0.0,0.0,0.0,0.0,0.005356567764637529,0.008011843006283464,-0.008146060694243855,0.005329203747609961,-0.008146060705707142,0.0053292037518158355,-0.005300210416074883,-0.008281344071549897,6.784493498971285e-12,1.831069529535576e-9,0.009518683906861254
3,0.15114994701951814,5,6,14,6.401501961898182,0.005819796477034869,0.9675866823862517,0.0008796619291681989,3.642797125675713e-5,5.500455493794057e-6,-7.37247935010181e-6,7.353218645745076e-6,5.372461934764384e-6,7.35321864850598e-6,5.37246193576632e-6,-5.245938913000134e-6,7.332883304709766e-6,0.0,0.0,0.0,0.0,0.0,0.0,0.0,0.0,6.784493498971285e-12,1.831069529535576e-9,0.009518683906861254
3,0.15114994701951814,5,4,15,6.401501961975189,0.005819796402356574,-0.9675866823978913,-0.0008796619178805784,3.642797104158974e-5,0.0,0.0,0.0,0.0,0.0,0.0,0.0,0.0,-5.245940118422921e-6,7.332882378449017e-6,-7.353217699299686e-6,-5.372463142645497e-6,-7.3532176981489505e-6,-5.3724631416767326e-6,5.500456701934547e-6,-7.372478379329213e-6,6.784493498971285e-12,1.831069529535576e-9,0.009518683906861254
3,0.15114994701951814,5,4,16,6.404988393496443,0.005275282520500438,-0.9681136563376159,-0.0007973586734866313,2.8919338444915037e-5,0.0,0.0,0.0,0.0,0.0,0.0,0.0,0.0,5.151507308298281e-6,-5.175490773595101e-6,5.1747434549532094e-6,5.0487548213929845e-6,5.174743518131224e-6,5.048754796947809e-6,-4.947037157630177e-6,5.1729863449737125e-6,6.784493498971285e-12,1.831069529535576e-9,0.009518683906861254
3,0.15114994701951814,5,6,17,6.404988393498871,0.005275282556779967,0.968113656337983,0.0007973586789702802,2.8919335308387964e-5,-4.947036455981705e-6,5.1729859341009725e-6,-5.174743044227616e-6,-5.048754108811075e-6,-5.174743107076394e-6,-5.048754106090326e-6,5.1515066065871465e-6,-5.1754903625459375e-6,0.0,0.0,0.0,0.0,0.0,0.0,0.0,0.0,6.784493498971285e-12,1.831069529535576e-9,0.009518683906861254
3,0.15114994701951814,5,4,18,6.405387181856874,0.00562158253421384,-0.968173933177167,-0.0008497019022122704,1.582119857440948e-5,0.0,0.0,0.0,0.0,0.0,0.0,0.0,0.0,-2.4894127649519896e-6,3.022695113628181e-6,-3.027774795976114e-6,-2.544836498774457e-6,-3.0277748566724187e-6,-2.544836473116581e-6,2.6008657108586723e-6,-3.032345511108798e-6,6.784493498971285e-12,1.831069529535576e-9,0.009518683906861254
3,0.15114994701951814,5,6,19,6.405387181876083,0.005621582526065758,0.9681739331800706,0.0008497019009806883,1.5821195605025795e-5,2.60086484040232e-6,-3.032345269045177e-6,3.027774553898429e-6,2.5448356174531856e-6,3.0277746185520915e-6,2.5448356183142268e-6,-2.489411899247561e-6,3.0226948753300392e-6,0.0,0.0,0.0,0.0,0.0,0.0,0.0,0.0,6.784493498971285e-12,1.831069529535576e-9,0.009518683906861254
3,0.15114994701951814,5,6,20,6.401279092646741,0.005640874406268007,0.9675529957107041,0.0008526178676511651,1.0777837529363747e-5,2.66184501887686e-6,-5.665509513029592e-7,5.872401269297757e-7,2.629619258897333e-6,5.872401149223897e-7,2.629619255817387e-6,-2.597510891349099e-6,6.074033549589423e-7,0.0,0.0,0.0,0.0,0.0,0.0,0.0,0.0,6.784493498971285e-12,1.831069529535576e-9,0.009518683906861254
3,0.15114994701951814,5,4,21,6.401279092603954,0.005640874447028816,-0.9675529957042368,-0.0008526178738121592,1.0777834261962737e-5,0.0,0.0,0.0,0.0,0.0,0.0,0.0,0.0,-2.5975098396370716e-6,6.07404316113584e-7,-5.872411062032856e-7,-2.62961820245046e-6,-5.872411000043207e-7,-2.6296181997244553e-6,2.6618439581863304e-6,-5.665519548057796e-7,6.784493498971285e-12,1.831069529535576e-9,0.009518683906861254
3,0.15114994701951814,5,6,22,8.617228842953796,0.0057294237347697554,1.30249368306753,0.0008660020939628183,7.2400506370829795e-6,1.3096986610067937e-6,-1.27547947757949e-6,1.2756926248573352e-6,1.2839744420686818e-6,1.2756926254742054e-6,1.283974439004279e-6,-1.258505332915035e-6,1.2756489523671668e-6,0.0,0.0,0.0,0.0,0.0,0.0,0.0,0.0,6.784493498971285e-12,1.831069529535576e-9,0.009518683906861254
3,0.15114994701951814,5,4,23,8.61722884294797,0.0057294237432687824,-1.3024936830666494,-0.0008660020952474458,7.240049949316147e-6,0.0,0.0,0.0,0.0,0.0,0.0,0.0,0.0,-1.2585053059960186e-6,1.2756487420091188e-6,-1.2756924118482203e-6,-1.2839744102560683e-6,-1.2756924124347815e-6,-1.283974409393048e-6,1.3096986264146887e-6,-1.2754792619064338e-6,6.784493498971285e-12,1.831069529535576e-9,0.009518683906861254
3,0.15114994701951814,5,6,24,8.619710094540228,0.005390517671390078,1.3028687241133612,0.0008147764604383867,4.779432669349991e-6,-8.203303476754207e-7,8.522941338940255e-7,-8.525304849561433e-7,-8.371418398936395e-7,-8.525304685297801e-7,-8.371418278619269e-7,8.541238093777417e-7,-8.525993742699806e-7,0.0,0.0,0.0,0.0,0.0,0.0,0.0,0.0,6.784493498971285e-12,1.831069529535576e-9,0.009518683906861254
3,0.15114994701951814,5,4,25,8.61971009453425,0.0053905176694331175,-1.3028687241124577,-0.0008147764601425921,4.779431589132848e-6,0.0,0.0,0.0,0.0,0.0,0.0,0.0,0.0,8.541236716313874e-7,-8.525991310045278e-7,8.52530234283041e-7,8.371417012059904e-7,8.525302327953603e-7,8.371416909878997e-7,-8.203302099080037e-7,8.522938907232427e-7,6.784493498971285e-12,1.831069529535576e-9,0.009518683906861254
3,0.15114994701951814,5,6,26,8.620049073089458,0.0057295264805396285,1.302919960703118,0.000866017623980491,2.3888664058209093e-6,4.2673133834749785e-7,-4.2632698978292856e-7,4.2628900329437537e-7,4.182433918937853e-7,4.2628898613097365e-7,4.182433818735803e-7,-4.098406848117211e-7,4.2616734251959553e-7,0.0,0.0,0.0,0.0,0.0,0.0,0.0,0.0,6.784493498971285e-12,1.831069529535576e-9,0.009518683906861254
3,0.15114994701951814,5,4,27,8.62004907308722,0.00572952647909289,-1.3029199607027797,-0.0008660176237618167,2.3888660093096273e-6,0.0,0.0,0.0,0.0,0.0,0.0,0.0,0.0,-4.098405938424045e-7,4.2616728714540127e-7,-4.2628894265184025e-7,-4.1824330447108906e-7,-4.262889406733172e-7,-4.182432942898344e-7,4.267312544376392e-7,-4.263269390149008e-7,6.784493498971285e-12,1.831069529535576e-9,0.009518683906861254
3,0.15114994701951814,5,6,28,6.2417490859613745,0.0005752834578384427,0.9434400436521876,8.695406417348582e-5,1.430485927083373e-6,2.6732931103903344e-7,-2.4290974580719214e-7,2.4312758875149564e-7,2.622512268129139e-7,2.431275884970748e-7,2.6225122670111237e-7,-2.5722176275758215e-7,2.4329297632973637e-7,0.0,0.0,0.0,0.0,0.0,0.0,0.0,0.0,6.784493498971285e-12,1.831069529535576e-9,0.009518683906861254
3,0.15114994701951814,5,4,29,6.241749085966282,0.0005752834705843313,-0.9434400436529292,-8.695406610002619e-5,1.430485925060388e-6,0.0,0.0,0.0,0.0,0.0,0.0,0.0,0.0,-2.572217486389561e-7,2.432929907652159e-7,-2.4312760336540474e-7,-2.6225121271211136e-7,-2.4312760289731856e-7,-2.6225121252647424e-7,2.673292968803386e-7,-2.4290976038486056e-7,6.784493498971285e-12,1.831069529535576e-9,0.009518683906861254
3,0.15114994701951814,5,4,30,6.405654198797357,0.005839700452720263,-0.9682142927735745,-0.0008826704140385238,1.4167179128974324e-6,0.0,0.0,0.0,0.0,0.0,0.0,0.0,0.0,-3.432211597885374e-7,-7.17799014294217e-8,7.596443836492766e-8,-3.459280767024997e-7,7.596443694007501e-8,-3.459280804895251e-7,3.486197975626383e-7,8.021815796288535e-8,6.784493498971285e-12,1.831069529535576e-9,0.009518683906861254
3,0.15114994701951814,5,6,31,6.405654198791849,0.005839700421694003,0.968214292772742,0.0008826704093489063,1.4167178727539054e-6,3.4861976847233115e-7,8.021824119154418e-8,-7.59645198363621e-8,3.459280482071174e-7,-7.596452213955513e-8,3.4592805183051713e-7,-3.4322113173284396e-7,-7.177998486497793e-8,0.0,0.0,0.0,0.0,0.0,0.0,0.0,0.0,6.784493498971285e-12,1.831069529535576e-9,0.009518683906861254
3,0.15114994701951814,5,4,32,6.400890457086498,0.005296789998981204,-0.9674942534663634,-0.0008006095277195226,1.3761217002093713e-6,0.0,0.0,0.0,0.0,0.0,0.0,0.0,0.0,2.429411160870132e-7,-2.484378776654952e-7,2.4835898211590565e-7,2.3805216728863017e-7,2.4835897500567636e-7,2.3805216559522224e-7,-2.332128838391455e-7,2.4823246418508224e-7,6.784493498971285e-12,1.831069529535576e-9,0.009518683906861254
3,0.15114994701951814,5,6,33,6.40089045708931,0.005296789964069445,0.9674942534667885,0.0008006095224426119,1.376120310530036e-6,-2.3321237324499998e-7,2.4823247230342066e-7,-2.4835899112481737e-7,-2.3805165542194495e-7,-2.483589823851399e-7,-2.3805165624257215e-7,2.429406054603637e-7,-2.484378858342392e-7,0.0,0.0,0.0,0.0,0.0,0.0,0.0,0.0,6.784493498971285e-12,1.831069529535576e-9,0.009518683906861254
3,0.15114994701951814,5,4,34,6.2390240704906335,-0.0002579533496236009,-0.9430281577081577,3.898963512911452e-5,1.3522263354703278e-6,0.0,0.0,0.0,0.0,0.0,0.0,0.0,0.0,2.421765827208599e-7,-2.406979131380705e-7,2.4068884147336987e-7,2.3737190624050433e-7,2.406888421164862e-7,2.3737190619444792e-7,-2.3261536273828274e-7,2.40632291258678e-7,6.784493498971285e-12,1.831069529535576e-9,0.009518683906861254
3,0.15114994701951814,5,6,35,6.239024070493513,-0.00025795332761799957,0.9430281577085929,-3.898963180296904e-5,1.3522263239434397e-6,-2.3261535753165192e-7,2.4063229229113063e-7,-2.4068884257433053e-7,-2.373719009884702e-7,-2.4068884322774456e-7,-2.3737190099533383e-7,2.4217657747723243e-7,-2.4069791431864303e-7,0.0,0.0,0.0,0.0,0.0,0.0,0.0,0.0,6.784493498971285e-12,1.831069529535576e-9,0.009518683906861254
3,0.15114994701951814,5,6,36,8.45599055620818,0.0002840949232265095,1.2781225245684122,4.294093259420099e-5,6.303944500480684e-7,1.1462379618841481e-7,-1.1044984056013659e-7,1.104802854039162e-7,1.123841067580301e-7,1.1048028554340367e-7,1.1238410683970036e-7,-1.1016651121790921e-7,1.1048825135558798e-7,0.0,0.0,0.0,0.0,0.0,0.0,0.0,0.0,6.784493498971285e-12,1.831069529535576e-9,0.009518683906861254
3,0.15114994701951814,5,4,37,8.455990556218818,0.0002840949315049777,-1.27812252457002,-4.294093384549101e-5,6.303944460422932e-7,0.0,0.0,0.0,0.0,0.0,0.0,0.0,0.0,-1.1016652189156423e-7,1.1048823930725612e-7,-1.104802731496275e-7,-1.123841172819322e-7,-1.1048027329559829e-7,-1.1238411759420929e-7,1.1462380679084228e-7,-1.104498281051478e-7,6.784493498971285e-12,1.831069529535576e-9,0.009518683906861254
3,0.15114994701951814,5,4,38,8.454287014799668,-0.00014915664836376644,-1.27786503437477,2.2545019497792194e-5,6.28792236648563e-7,0.0,0.0,0.0,0.0,0.0,0.0,0.0,0.0,1.1360117323731507e-7,-1.1092304464846518e-7,1.1093863296245623e-7,1.113670243065983e-7,1.1093863307230632e-7,1.1136702415452809e-7,-1.0915506072494197e-7,1.1093194576415183e-7,6.784493498971285e-12,1.831069529535576e-9,0.009518683906861254
3,0.15114994701951814,5,6,39,8.45428701480197,-0.00014915662499204434,1.277865034375118,-2.2545015965157637e-5,6.287922297921887e-7,-1.0915506503500946e-7,1.1093193914257709e-7,-1.1093862630866227e-7,-1.1136702845694098e-7,-1.1093862631946801e-7,-1.1136702852049659e-7,1.1360117744221566e-7,-1.1092303786367874e-7,0.0,0.0,0.0,0.0,0.0,0.0,0.0,0.0,6.784493498971285e-12,1.831069529535576e-9,0.009518683906861254
3,0.15114994701951814,5,6,40,8.456736551594846,0.0008750919034782537,1.2782352817315834,0.00013227009484794735,5.915068332548063e-7,9.878276492468952e-8,-1.1202725351777773e-7,1.118850873700998e-7,9.668585640511117e-8,1.1188508717056689e-7,9.66858566768726e-8,-9.461132324264316e-8,1.1172358161516908e-7,0.0,0.0,0.0,0.0,0.0,0.0,0.0,0.0,6.784493498971285e-12,1.831069529535576e-9,0.009518683906861254
3,0.15114994701951814,5,4,41,8.456736551696245,0.0008750918818793245,-1.27823528174691,-0.00013227009158327032,5.915068313438901e-7,0.0,0.0,0.0,0.0,0.0,0.0,0.0,0.0,-9.461131156703235e-8,1.1172359087912136e-7,-1.1188509682805103e-7,-9.668584475478406e-8,-1.1188509667322237e-7,-9.668584492464168e-8,9.878275319970445e-8,-1.1202726321693786e-7,6.784493498971285e-12,1.831069529535576e-9,0.009518683906861254
3,0.15114994701951814,5,6,42,8.453692868498075,6.686493659524128e-5,1.2777752291927624,1.0106631623834159e-5,4.486330094379254e-7,-3.129626950011991e-8,1.0653788366078983e-7,-1.0728706566300334e-7,-3.268532101546101e-8,-1.0728706573764473e-7,-3.268532080071404e-8,3.409582907429431e-8,-1.0802970852983053e-7,0.0,0.0,0.0,0.0,0.0,0.0,0.0,0.0,6.784493498971285e-12,1.831069529535576e-9,0.009518683906861254
3,0.15114994701951814,5,4,43,8.453692868466065,6.686497197786172e-5,-1.277775229187924,-1.0106636971915364e-5,4.4863297606358826e-7,0.0,0.0,0.0,0.0,0.0,0.0,0.0,0.0,3.409581491057455e-8,-1.080297042598373e-7,1.0728706116635627e-7,3.2685306990175324e-8,1.0728706131115268e-7,3.268530685393999e-8,-3.129625569289312e-8,1.0653787901219768e-7,6.784493498971285e-12,1.831069529535576e-9,0.009518683906861254
3,0.15114994701951814,5,4,44,8.45292075401785,-0.0001752810288799863,-1.2776585241299834,2.6493718228736558e-5,3.056828994063384e-7,0.0,0.0,0.0,0.0,0.0,0.0,0.0,0.0,7.711240003660698e-8,-3.3882901084097155e-9,4.117880272580505e-9,7.630778639968121e-8,4.11788029484652e-9,7.630778653153075e-8,-7.550399494543154e-8,4.832208819400827e-9,6.784493498971285e-12,1.831069529535576e-9,0.009518683906861254
3,0.15114994701951814,5,6,45,8.452920753972045,-0.0001752809757110214,1.2776585241230598,-2.6493710192250334e-5,3.056828235350945e-7,-7.550397583267563e-8,4.832213308210959e-9,-4.117884959434623e-9,-7.630776720584886e-8,-4.117885098129912e-9,-7.630776722328254e-8,7.711238064874793e-8,-3.3882951138038115e-9,0.0,0.0,0.0,0.0,0.0,0.0,0.0,0.0,6.784493498971285e-12,1.831069529535576e-9,0.009518683906861254
3,0.15114994701951814,5,4,46,4.185941374207824,0.005731149994385538,-0.6327048169383216,-0.0008662630180122858,2.3023697311878542e-7,0.0,0.0,0.0,0.0,0.0,0.0,0.0,0.0,5.249706328164645e-8,-2.2166690612522363e-8,2.185808149833255e-8,5.324589329562654e-8,2.185808027415919e-8,5.324589329315901e-8,-5.399909383849353e-8,2.1538821561079062e-8,6.784493498971285e-12,1.831069529535576e-9,0.009518683906861254
3,0.15114994701951814,5,6,47,4.1859413742063545,0.005731149993765623,0.6327048169380994,0.0008662630179185857,2.3023684723399695e-7,-5.399909483202949e-8,2.1538735967798226e-8,-2.185799712653045e-8,-5.324589366289693e-8,-2.1857994088825904e-8,-5.3245894892955796e-8,5.249706426609149e-8,-2.2166605642540492e-8,0.0,0.0,0.0,0.0,0.0,0.0,0.0,0.0,6.784493498971285e-12,1.831069529535576e-9,0.009518683906861254
3,0.15114994701951814,5,6,48,4.190027721630292,0.005164011561348443,0.6333224681347309,0.0007805400739059964,1.8861827600810637e-7,-1.2193605964593978e-8,-4.506365407762808e-8,4.563742135282593e-8,-1.1860356003835558e-8,4.56374202334105e-8,-1.1860355289774578e-8,1.151797760233153e-8,4.6213558656025037e-8,0.0,0.0,0.0,0.0,0.0,0.0,0.0,0.0,6.784493498971285e-12,1.831069529535576e-9,0.009518683906861254
3,0.15114994701951814,5,4,49,4.190027721639341,0.005164011553104659,-0.6333224681360987,-0.0007805400726599488,1.8861813314854073e-7,0.0,0.0,0.0,0.0,0.0,0.0,0.0,0.0,1.151800055503609e-8,4.6213515700239544e-8,-4.5637379034755375e-8,1.186037714112961e-8,-4.563737691865843e-8,1.1860379683543953e-8,-1.2193628540905652e-8,-4.506361139704956e-8,6.784493498971285e-12,1.831069529535576e-9,0.009518683906861254
3,0.15114994701951814,5,6,50,4.190595293860656,0.00573182384153234,0.6334082566472802,0.0008663648699728241,1.2028264016761145e-7,8.808686546967448e-9,2.9066676220967894e-8,-2.868881733489656e-8,9.008388638623864e-9,-2.868882037231668e-8,9.008388116639549e-9,-9.202352268447791e-9,-2.831276257471347e-8,0.0,0.0,0.0,0.0,0.0,0.0,0.0,0.0,6.784493498971285e-12,1.831069529535576e-9,0.009518683906861254
3,0.15114994701951814,5,4,51,4.190595293854597,0.005731823847372716,-0.6334082566463644,-0.0008663648708555966,1.202825858319573e-7,0.0,0.0,0.0,0.0,0.0,0.0,0.0,0.0,-9.202283029613957e-9,-2.8312770146255895e-8,2.8688826263703214e-8,-9.008319435208118e-9,2.8688826567810373e-8,-9.008318444580865e-9,8.80861690792695e-9,2.9066683783521573e-8,6.784493498971285e-12,1.831069529535576e-9,0.009518683906861254
3,0.15114994701951814,5,4,52,8.455268159124707,0.0008507243539566363,-1.2780133342875182,-0.00012858694102875937,1.0624755630371727e-7,0.0,0.0,0.0,0.0,0.0,0.0,0.0,0.0,-2.6285226296690048e-8,-7.850597735054886e-10,1.058410179495116e-9,-2.6540129073415376e-8,1.058410375562817e-9,-2.654012888426124e-8,2.6794819449828514e-8,1.3370687880406966e-9,6.784493498971285e-12,1.831069529535576e-9,0.009518683906861254
3,0.15114994701951814,5,6,53,8.455268159178448,0.0008507243649967071,1.2780133342956412,0.0001285869426974655,1.0624753790346812e-7,2.6794814845789036e-8,1.3370679323390404e-9,-1.058409304432727e-9,2.65401244498907e-8,-1.0584095756130034e-9,2.654012436732549e-8,-2.6285221759792863e-8,-7.850589540748653e-10,0.0,0.0,0.0,0.0,0.0,0.0,0.0,0.0,6.784493498971285e-12,1.831069529535576e-9,0.009518683906861254
3,0.15114994701951814,5,6,54,6.253161732058574,0.010891611819015767,0.9451650645051318,0.0016462665494013909,4.5283980063297095e-8,-5.433805229898263e-9,-1.0060872057080959e-8,9.906472014256641e-9,-5.479081409919793e-9,9.906472053907802e-9,-5.479081293604846e-9,5.522376070139662e-9,9.753167629753492e-9,0.0,0.0,0.0,0.0,0.0,0.0,0.0,0.0,6.784493498971285e-12,1.831069529535576e-9,0.009518683906861254
3,0.15114994701951814,5,4,55,6.253161732057272,0.010891611826677562,-0.945165064504935,-0.0016462665505594708,4.528397372423071e-8,0.0,0.0,0.0,0.0,0.0,0.0,0.0,0.0,5.522377440934898e-9,9.753165059497134e-9,-9.906469438115647e-9,5.4790827688833105e-9,-9.906469480475383e-9,5.479082696875499e-9,-5.433806621118743e-9,-1.0060869477599677e-8,6.784493498971285e-12,1.831069529535576e-9,0.009518683906861254
3,0.15114994701951814,5,6,56,8.467773615105278,0.01070512545534094,1.2799035332964364,0.0016180791454120781,2.3991686843917494e-8,-4.2041609989138655e-9,-4.361762734304371e-9,4.276523982457423e-9,-4.205307230949438e-9,4.276524014978898e-9,-4.205307202908893e-9,4.205598046365344e-9,4.192126238936637e-9,0.0,0.0,0.0,0.0,0.0,0.0,0.0,0.0,6.784493498971285e-12,1.831069529535576e-9,0.009518683906861254
3,0.15114994701951814,5,4,57,8.467773615181057,0.010705125386252474,-1.2799035333078905,-0.00161807913496936,2.3991681281576468e-8,0.0,0.0,0.0,0.0,0.0,0.0,0.0,0.0,4.205596552372979e-9,4.192125783646214e-9,-4.276523521454696e-9,4.205305725938571e-9,-4.276523540788116e-9,4.2053056923965195e-9,-4.204159477261216e-9,-4.361762254177877e-9,6.784493498971285e-12,1.831069529535576e-9,0.009518683906861254
3,0.15114994701951814,5,6,58,8.46846749304343,0.010498652662325414,1.2800084129100262,0.0015868707936868094,6.88351634582172e-9,6.480780785656902e-10,-1.6127897660463234e-9,1.6030795193327175e-9,6.256299552879203e-10,1.6030795093105918e-9,6.256299638919843e-10,-6.035024439270496e-10,1.5932441048843822e-9,0.0,0.0,0.0,0.0,0.0,0.0,0.0,0.0,6.784493498971285e-12,1.831069529535576e-9,0.009518683906861254
3,0.15114994701951814,5,4,59,8.468467492924743,0.010498652763063054,-1.2800084128920866,-0.0015868708089132985,6.883507494003012e-9,0.0,0.0,0.0,0.0,0.0,0.0,0.0,0.0,-6.035006781986213e-10,1.5932424247737813e-9,-1.6030778430206728e-9,-6.256281811514757e-10,-1.6030778255277647e-9,-6.25628174139792e-10,6.480762804182434e-10,-1.6127880860307967e-9,6.784493498971285e-12,1.831069529535576e-9,0.009518683906861254
3,0.15114994701951814,5,4,60,8.467273954197777,0.011180673143327963,-1.27982800957674,-0.001689958153256571,5.669109899545659e-9,0.0,0.0,0.0,0.0,0.0,0.0,0.0,0.0,9.439795556720287e-10,1.0381265856761273e-9,-1.058041967531057e-9,9.429327697342187e-10,-1.0580419620243178e-9,9.429327812725077e-10,-9.416743680438849e-10,-1.0781459092649998e-9,6.784493498971285e-12,1.831069529535576e-9,0.009518683906861254
3,0.15114994701951814,5,6,61,8.467273954206068,0.011180673128298877,1.279828009577993,0.0016899581509849254,5.669108165880758e-9,-9.4167391943049e-10,-1.0781457204967763e-9,1.0580417829168064e-9,-9.429323274777307e-10,1.0580417811658297e-9,-9.429323307803645e-10,9.439791115749571e-10,1.0381264088958422e-9,0.0,0.0,0.0,0.0,0.0,0.0,0.0,0.0,6.784493498971285e-12,1.831069529535576e-9,0.009518683906861254
3,0.15114994701951814,5,4,62,8.469505661157859,0.010288972896679092,-1.2801653319655193,-0.001555177708218303,2.2836345512797354e-9,0.0,0.0,0.0,0.0,0.0,0.0,0.0,0.0,-9.954111445386172e-11,-5.679751009793222e-10,5.613102419368505e-10,-1.0416917039687227e-10,5.613101987107042e-10,-1.0416915252731774e-10,1.0868494387696803e-10,5.546661625393139e-10,6.784493498971285e-12,1.831069529535576e-9,0.009518683906861254
3,0.15114994701951814,5,6,63,8.46950566115898,0.01028897289679498,1.2801653319656887,0.0015551777082358194,2.283634312641632e-9,1.0868542281979341e-10,5.546660122935453e-10,-5.613100811160512e-10,1.0416962545473662e-10,-5.613100618281558e-10,1.0416964792493356e-10,-9.954158583468574e-11,-5.679749533775199e-10,0.0,0.0,0.0,0.0,0.0,0.0,0.0,0.0,6.784493498971285e-12,1.831069529535576e-9,0.009518683906861254
3,0.15114994701951814,5,6,64,10.561862719275263,0.005856447538976926,1.5964249904458798,0.0008852017352389499,4.220072929526523e-12,7.414517004786669e-13,-7.653369265134786e-13,7.650250688085893e-13,7.264603322394583e-13,7.650250219610261e-13,7.264601792072267e-13,-7.11621802908186e-13,7.645678556894669e-13,0.0,0.0,0.0,0.0,0.0,0.0,0.0,0.0,6.784493498971285e-12,1.831069529535576e-9,0.009518683906861254
3,0.15114994701951814,5,4,65,10.56186271934045,0.005856447518570337,-1.5964249904557328,-0.0008852017321544949,4.220046079690322e-12,0.0,0.0,0.0,0.0,0.0,0.0,0.0,0.0,-7.116323964578527e-13,7.645489284441469e-13,-7.650058528344359e-13,-7.264707443038106e-13,-7.650057606504479e-13,-7.264707908882872e-13,7.41462126595229e-13,-7.653173739978689e-13,6.784493498971285e-12,1.831069529535576e-9,0.009518683906861254
3,0.15114994701951814,5,6,66,10.565334876341996,0.005287681310571976,1.59694980680256,0.0007992327499490504,3.852572501940522e-12,-7.325545987846512e-13,6.10405749337647e-13,-6.091097720933583e-13,-7.460451867020624e-13,-6.091099250788311e-13,-7.460452873471581e-13,7.59657681306493e-13,-6.076647218724755e-13,0.0,0.0,0.0,0.0,0.0,0.0,0.0,0.0,6.784493498971285e-12,1.831069529535576e-9,0.009518683906861254
3,0.15114994701951814,5,4,67,10.565334876352415,0.005287681342535662,-1.5969498068041348,-0.0007992327547803598,3.8525682978457125e-12,0.0,0.0,0.0,0.0,0.0,0.0,0.0,0.0,7.596599766675736e-13,-6.076602002258698e-13,6.091052350746633e-13,7.46047535976092e-13,6.091054933688403e-13,7.460475465902608e-13,-7.325569119153344e-13,6.104013021494988e-13,6.784493498971285e-12,1.831069529535576e-9,0.009518683906861254
3,0.15114994701951814,5,6,68,10.561569503378614,0.005610580915699012,1.596380670878636,0.0008480390081566252,1.3141704237596363e-12,3.277512454343659e-13,-5.1905260734298815e-14,5.463106851038777e-14,3.239603293974694e-13,5.4631228936262843e-14,3.239603010422751e-13,-3.2018030156145136e-13,5.729224998991932e-14,0.0,0.0,0.0,0.0,0.0,0.0,0.0,0.0,6.784493498971285e-12,1.831069529535576e-9,0.009518683906861254
3,0.15114994701951814,5,4,69,10.5615695033078,0.005610580975208285,-1.5963806708679324,-0.0008480390171514487,1.3140655106629501e-12,0.0,0.0,0.0,0.0,0.0,0.0,0.0,0.0,-3.2015407555516e-13,5.728979089415653e-14,-5.462878155541031e-14,-3.2393418769477156e-13,-5.462879987296962e-14,-3.2393403927491404e-13,3.2772507094114463e-13,-5.1903000040516023e-14,6.784493498971285e-12,1.831069529535576e-9,0.009518683906861254
3,0.15114994701951814,5,6,70,10.56116885260973,0.005266069023572583,1.596320112536146,0.0007959660539141216,1.9345048124488066e-13,-3.93430515292678e-14,2.7288137752048018e-14,-2.716366055246961e-14,-4.001205495478149e-14,-2.7163688757486607e-14,-4.001196390924924e-14,4.068639921401831e-14,-2.7031211491806912e-14,0.0,0.0,0.0,0.0,0.0,0.0,0.0,0.0,6.784493498971285e-12,1.831069529535576e-9,0.009518683906861254
3,0.15114994701951814,5,4,71,10.561168852594363,0.005266068979619061,-1.5963201125338233,-0.000795966047270549,1.9342509048404988e-13,0.0,0.0,0.0,0.0,0.0,0.0,0.0,0.0,4.0673703185394645e-14,-2.703861385996739e-14,2.7171005344222783e-14,3.99992858355773e-14,2.7171132396379306e-14,3.9999345567862694e-14,-3.933035877195077e-14,2.7295521495048033e-14,6.784493498971285e-12,1.831069529535576e-9,0.009518683906861254
3,0.15114994701951814,5,6,72,8.351049379278521,0.005734678684960862,1.2622606712353284,0.0008667963794057943,3.265547933386847e-15,2.151563244970075e-17,-8.242887550527445e-16,8.162643683362666e-16,1.314872836118245e-17,8.162573064963705e-16,1.3129938220992923e-17,-4.926260809038583e-18,8.082302472637082e-16,0.0,0.0,0.0,0.0,0.0,0.0,0.0,0.0,6.784493498971285e-12,1.831069529535576e-9,0.009518683906861254
3,0.15114994701951814,5,4,73,8.351049379277239,0.005734678683642667,-1.2622606712351345,-0.0008667963792065492,3.26541438375709e-15,0.0,0.0,0.0,0.0,0.0,0.0,0.0,0.0,-4.859021792439023e-18,8.081973365430595e-16,-8.162333008816339e-16,-1.3080616601057396e-17,-8.162237572759629e-16,-1.306304098066736e-17,2.1447875812943765e-17,-8.242570528307367e-16,6.784493498971285e-12,1.831069529535576e-9,0.009518683906861254
3,0.15114994701951814,5,6,74,4.305749803192263,0.01162516748266809,0.6508138546318113,0.001757143449098307,7.703638957493826e-16,-1.9041919385564388e-16,-3.920253428042105e-17,3.7142854184353214e-17,-1.8891589562502425e-16,3.662441259745697e-17,-1.891272515223017e-16,1.8761376540277642e-16,3.460115774086842e-17,0.0,0.0,0.0,0.0,0.0,0.0,0.0,0.0,6.784493498971285e-12,1.831069529535576e-9,0.009518683906861254
3,0.15114994701951814,5,4,75,4.305749803165421,0.011625167477178636,-0.6508138546277541,-0.0017571434482685762,6.07676492333741e-17,0.0,0.0,0.0,0.0,0.0,0.0,0.0,0.0,1.464821844008484e-17,3.5009708077663506e-18,-3.716249144477476e-18,1.4702898358217814e-17,-3.874881771906765e-18,1.471641192463763e-17,-1.476667653376945e-17,-4.093613352366576e-18,6.784493498971285e-12,1.831069529535576e-9,0.009518683906861254
3,0.15114994701951814,5,6,76,2.09068012564455,0.011736514327582288,0.3160061902259333,0.0017739735188078785,5.843412884581832e-18,9.26474599970853e-19,1.1660824181635518e-18,-1.1093413355885045e-18,9.239835176295136e-19,-1.1508494318377838e-18,9.270435945521675e-19,-9.241938737518157e-19,-1.0945658504789211e-18,0.0,0.0,0.0,0.0,0.0,0.0,0.0,0.0,6.784493498971285e-12,1.831069529535576e-9,0.009518683906861254
3,0.15114994701951814,5,4,77,2.0906801256452625,0.011736514328100196,-0.316006190226041,-0.0017739735188861603,3.778793154848729e-18,0.0,0.0,0.0,0.0,0.0,0.0,0.0,0.0,5.232883808190282e-19,-7.750345711748523e-19,7.834375262273726e-19,5.389276270573025e-19,7.82979884476351e-19,5.173581965154147e-19,-5.329679581679867e-19,7.915687393420674e-19,6.784493498971285e-12,1.831069529535576e-9,0.009518683906861254
3,0.15114994701951814,5,6,78,6.401757711150063,0.00616401963945634,0.9676253388721238,0.0009316912419310952,2.9025207318189213e-18,-1.7946822185058733e-19,7.106865897288984e-19,-7.053083222473842e-19,-1.7040466228253583e-19,-7.052710833302533e-19,-1.7064423088444494e-19,1.617253561272824e-19,-6.998578012580456e-19,0.0,0.0,0.0,0.0,0.0,0.0,0.0,0.0,6.784493498971285e-12,1.831069529535576e-9,0.009518683906861254
3,0.15114994701951814,5,4,79,8.621588847465329,0.005729495075731493,-1.303152697518453,-0.0008660128771454053,1.3995499624107012e-19,0.0,0.0,0.0,0.0,0.0,0.0,0.0,0.0,2.4637535731913368e-20,2.4584055646198577e-20,-2.5038542136031102e-20,2.4340456420577424e-20,-2.4908194084537035e-20,2.4669838424420975e-20,-2.4367911479861e-20,-2.5364205109884446e-20,6.784493498971285e-12,1.831069529535576e-9,0.009518683906861254
4,0.08726646259971647,6,5,0,0.31884148080737196,0.005494885162963191,-0.027824168160114744,-0.0004795191905634643,63.03525080731919,0.0,0.0,0.0,0.0,0.0,0.0,0.0,0.0,-11.106690935576028,10.956831765567008,-10.954205846733878,-11.328421620701139,-10.954205848209499,-11.328421620193,11.552342919889824,-10.949314025993733,9.453456101857366e-12,8.404946688213434e-10,0.011152646362446707
4,0.08726646259971647,6,7,1,0.31884148080539076,0.00549488516644602,0.02782416815994185,0.0004795191908673984,63.03525075142781,11.55234291067006,-10.949314015425966,10.95420583661829,11.328421611066355,10.954205837194236,11.328421611385588,-11.106690926355686,10.956831755002044,0.0,0.0,0.0,0.0,0.0,0.0,0.0,0.0,9.453456101857366e-12,8.404946688213434e-10,0.011152646362446707
4,0.08726646259971647,6,5,2,0.3080371612008177,-0.005308323186046897,-0.02688131340725399,0.0004632385867823693,60.907380563889724,0.0,0.0,0.0,0.0,0.0,0.0,0.0,0.0,10.792661947053933,-10.956598766508181,10.953896333891498,10.576264771020949,10.953896335355532,10.5762647704825,-10.362058162161512,10.949078430731547,9.453456101857366e-12,8.404946688213434e-10,0.011152646362446707
4,0.08726646259971647,6,7,3,0.3080371612020212,-0.005308323187693673,0.026881313407359015,-0.00046323858692607766,60.90738050673678,-10.362058152707753,10.94907842000051,-10.953896323618029,-10.576264761153123,-10.953896324163837,-10.576264761439768,10.792661937599222,-10.956598755772127,0.0,0.0,0.0,0.0,0.0,0.0,0.0,0.0,9.453456101857366e-12,8.404946688213434e-10,0.011152646362446707
4,0.08726646259971647,6,7,4,3.8662576194523366,0.0004412180190385053,0.3373946259488062,3.8503535756744714e-5,5.04833224830392,0.9153145965040994,-0.8872136298352991,0.887404450605951,0.8973780485976246,0.8874044519668679,0.897378048148032,-0.8796189631636986,0.8874157793914872,0.0,0.0,0.0,0.0,0.0,0.0,0.0,0.0,9.453456101857366e-12,8.404946688213434e-10,0.011152646362446707
4,0.08726646259971647,6,5,5,3.866257619464592,0.0004412180310051899,-0.3373946259498757,-3.8503536801034945e-5,5.048332207803883,0.0,0.0,0.0,0.0,0.0,0.0,0.0,0.0,-0.8796189285731166,0.8874157999670346,-0.8874044705558625,-0.8973780143123167,-0.8874044731761166,-0.8973780132572297,0.9153145619144764,-0.8872136504119962,9.453456101857366e-12,8.404946688213434e-10,0.011152646362446707
4,0.08726646259971647,6,7,6,3.865376718297092,-0.0004362406085330235,0.337317752821088,-3.806917474902465e-5,4.991633185224371,-0.8597707299820585,0.8872193949874277,-0.8874065845572103,-0.8773293645342426,-0.8874065859155209,-0.8773293640858452,0.8950654623879999,-0.8874182918762923,0.0,0.0,0.0,0.0,0.0,0.0,0.0,0.0,9.453456101857366e-12,8.404946688213434e-10,0.011152646362446707
4,0.08726646259971647,6,5,7,3.8653767183038785,-0.0004362406126060883,-0.3373177528216802,3.806917510446661e-5,4.991633147138165,0.0,0.0,0.0,0.0,0.0,0.0,0.0,0.0,0.8950654276770572,-0.887418312800294,0.8874066048540732,0.8773293301263378,0.8874066074742771,0.8773293290761707,-0.8597706952712286,0.8872194159120979,9.453456101857366e-12,8.404946688213434e-10,0.011152646362446707
4,0.08726646259971647,6,7,8,7.454140763245674,0.00030712006907588144,0.6504964961288007,2.6801282021632748e-5,3.5667524956152814,0.6451989052487027,-0.6283686019494837,0.6284733250591616,0.6325260725725107,0.6284733375749308,0.6325260705322062,-0.6199789199587502,0.6284515429204917,0.0,0.0,0.0,0.0,0.0,0.0,0.0,0.0,9.453456101857366e-12,8.404946688213434e-10,0.011152646362446707
4,0.08726646259971647,6,5,9,7.454140763080789,0.0003071200886540816,-0.6504964961144117,-2.680128373015302e-5,3.5667522328181605,0.0,0.0,0.0,0.0,0.0,0.0,0.0,0.0,-0.6199787628955892,0.6284516077697073,-0.6284733938402245,-0.6325259139771966,-0.6284733985239297,-0.6325259150148164,0.6451987481861956,-0.628368666798914,9.453456101857366e-12,8.404946688213434e-10,0.011152646362446707
4,0.08726646259971647,6,7,10,7.453508480909778,-0.0003046270369490584,0.6504413190859827,-2.6583723926777454e-5,3.543408838482079,-0.6118077679829951,0.6283699510782865,-0.6284734521221172,-0.6242723911481014,-0.6284734646421611,-0.6242723891113388,0.6368626945697076,-0.6284520986581396,0.0,0.0,0.0,0.0,0.0,0.0,0.0,0.0,9.453456101857366e-12,8.404946688213434e-10,0.011152646362446707
4,0.08726646259971647,6,5,11,7.453508480882089,-0.0003046270665386999,-0.6504413190835664,2.65837265089608e-5,3.543408580450384,0.0,0.0,0.0,0.0,0.0,0.0,0.0,0.0,0.6368625375954079,-0.6284521636464131,0.6284735210431915,0.6242722326423782,0.6284735257293103,0.6242722336807125,-0.6118076110079492,0.6283700160668327,9.453456101857366e-12,8.404946688213434e-10,0.011152646362446707
4,0.08726646259971647,6,5,12,0.9473439591885591,0.004947691884628484,-0.08267135618359572,-0.0004317675688048523,0.17628214293907532,0.0,0.0,0.0,0.0,0.0,0.0,0.0,0.0,-0.03139133080613227,0.030302549449654204,-0.03028847592666274,-0.03201129872706325,-0.03028847593186218,-0.032011298725762395,0.0326373237015391,-0.0302679995434567,9.453456101857366e-12,8.404946688213434e-10,0.011152646362446707
4,0.08726646259971647,6,7,13,0.9473439591851228,0.0049476918927715465,0.08267135618329585,0.0004317675695154686,0.17628214278717155,0.03263732367067118,-0.030267999520653118,0.030288475906582932,0.03201129869526509,0.030288475906536882,0.0320112986959599,-0.03139133077540076,0.030302549427045935,0.0,0.0,0.0,0.0,0.0,0.0,0.0,0.0,9.453456101857366e-12,8.404946688213434e-10,0.011152646362446707
4,0.08726646259971647,6,5,14,0.9379561380985777,-0.004439646862237516,-0.08185211424555403,0.0003874322768593988,0.1662886042459191,0.0,0.0,0.0,0.0,0.0,0.0,0.0,0.0,0.029070210557286202,-0.030298346888476952,0.030283202726031234,0.028479553613020257,0.03028320273015093,0.028479553611113057,-0.027894952737690156,0.03026236205140944,9.453456101857366e-12,8.404946688213434e-10,0.011152646362446707
4,0.08726646259971647,6,7,15,0.9379561381027861,-0.0044396468676590655,0.08185211424592129,-0.0003874322773325182,0.16628860419113572,-0.02789495271746837,0.030262362051333137,-0.03028320272710137,-0.02847955359160705,-0.03028320272934953,-0.028479553592255378,0.02907021053724306,-0.03029834688882038,0.0,0.0,0.0,0.0,0.0,0.0,0.0,0.0,9.453456101857366e-12,8.404946688213434e-10,0.011152646362446707
4,0.08726646259971647,6,5,16,4.5129696847361425,0.0005647728085480495,-0.3938309002066808,-4.92857251744952e-5,0.0011553409815230897,0.0,0.0,0.0,0.0,0.0,0.0,0.0,0.0,-0.00020189286385253,0.00020250705989043166,-0.00020249270618665253,-0.00020595711238597097,-0.00020249270722174034,-0.00020595711114649012,0.00021006185408217368,-0.0002024371580443031,9.453456101857366e-12,8.404946688213434e-10,0.011152646362446707
4,0.08726646259971647,6,7,17,4.512969684751889,0.0005647728230338545,0.39383090020805495,4.928572643862015e-5,0.0011553409207501883,0.00021006185254602438,-0.00020243713793084483,0.0002024926859983971,0.0002059571103094706,0.00020249268719225508,0.00020595711014831372,-0.00020189286231792096,0.0002025070397857692,0.0,0.0,0.0,0.0,0.0,0.0,0.0,0.0,9.453456101857366e-12,8.404946688213434e-10,0.011152646362446707
4,0.08726646259971647,6,5,18,4.512126755623201,-0.00021362053411609107,-0.3937573407647721,1.864190835097332e-5,0.0011322097447373626,0.0,0.0,0.0,0.0,0.0,0.0,0.0,0.0,0.00020214769141489722,-0.00020216167367563472,0.0002021416202964691,0.00019812481297679617,0.00020214162130894467,0.0001981248118188927,-0.0001941423577224956,0.0002020819389240924,9.453456101857366e-12,8.404946688213434e-10,0.011152646362446707
4,0.08726646259971647,6,7,19,4.5121267556115265,-0.00021362054052605044,0.3937573407637533,-1.8641908910347796e-5,0.0011322096901333198,-0.00019414235707851981,0.00020208192043860097,-0.00020214160169507224,-0.00019812481183866787,-0.00020214160293714357,-0.0001981248116727806,0.00020214769077838001,-0.00020216165518770072,0.0,0.0,0.0,0.0,0.0,0.0,0.0,0.0,9.453456101857366e-12,8.404946688213434e-10,0.011152646362446707
4,0.08726646259971647,6,5,20,4.483558552512859,0.009581761865074225,-0.3912642947365023,-0.0008361664634378895,0.001040175456832929,0.0,0.0,0.0,0.0,0.0,0.0,0.0,0.0,-0.00016340685863394444,0.00019894403712252218,-0.0001992827944342955,-0.0001670502870039659,-0.00019928279446547256,-0.00016705028700575276,0.00017073356859326796,-0.00019958813773384866,9.453456101857366e-12,8.404946688213434e-10,0.011152646362446707
4,0.08726646259971647,6,7,21,4.4835585525378026,0.009581761884330468,0.3912642947386791,0.0008361664651183136,0.0010401754533948503,0.00017073356819475143,-0.00019958813693781303,0.00019928279364780793,0.00016705028661604635,0.00019928279366794553,0.00016705028660739862,-0.00016340685824615833,0.00019894403633449184,0.0,0.0,0.0,0.0,0.0,0.0,0.0,0.0,9.453456101857366e-12,8.404946688213434e-10,0.011152646362446707
4,0.08726646259971647,6,7,22,4.463499672647549,-0.009098181944607117,0.38951382724694406,-0.0007939661543944727,0.0006847943561161822,-0.0001467923968715683,8.473004510985737e-5,-8.409456788209988e-5,-0.00014911604628851173,-8.409456788227252e-5,-0.00014911604625177755,0.00015145651160020475,-8.342926576383768e-5,0.0,0.0,0.0,0.0,0.0,0.0,0.0,0.0,9.453456101857366e-12,8.404946688213434e-10,0.011152646362446707
4,0.08726646259971647,6,5,23,4.463499672624446,-0.009098181951255066,-0.3895138272449279,0.0007939661549746157,0.0006847943551234151,0.0,0.0,0.0,0.0,0.0,0.0,0.0,0.0,0.0001514565118743526,-8.342926475167711e-5,8.409456688875877e-5,0.0001491160465659297,8.409456687526344e-5,0.00014911604653257247,-0.0001467923971554967,8.473004412158252e-5,9.453456101857366e-12,8.404946688213434e-10,0.011152646362446707
4,0.08726646259971647,6,7,24,4.471703414907457,-0.0006090167397172878,0.390229738814046,-5.314673653913996e-5,0.0006245410599184609,-6.478423820575411e-5,0.00014034716818794965,-0.00014109616377918952,-6.684964279392449e-5,-0.00014109616382101473,-6.684964302753669e-5,6.894326550935801e-5,-0.00014183178666345893,0.0,0.0,0.0,0.0,0.0,0.0,0.0,0.0,9.453456101857366e-12,8.404946688213434e-10,0.011152646362446707
4,0.08726646259971647,6,5,25,4.471703414920198,-0.0006090167413472722,-0.39022973881515793,5.314673668138293e-5,0.000624541050421791,0.0,0.0,0.0,0.0,0.0,0.0,0.0,0.0,6.894326605266612e-5,-0.00014183178377793942,0.00014109616095968433,6.684964339941961e-5,0.0001410961608714243,6.684964350789855e-5,-6.47842387488616e-5,0.00014034716530445977,9.453456101857366e-12,8.404946688213434e-10,0.011152646362446707
4,0.08726646259971647,6,7,26,8.104356046954585,0.00045467862128941924,0.7072384838663484,3.9678194899643755e-5,0.00040144844055416395,7.276603514240568e-5,-7.057346555013038e-5,7.058822118004148e-5,7.13396983153592e-5,7.05882217206651e-5,7.133969855695472e-5,-6.992747794654054e-5,7.058870799962957e-5,0.0,0.0,0.0,0.0,0.0,0.0,0.0,0.0,9.453456101857366e-12,8.404946688213434e-10,0.011152646362446707
4,0.08726646259971647,6,5,27,8.10435604699992,0.00045467864155067025,-0.7072384838703045,-3.967819666777146e-5,0.0004014483998789623,0.0,0.0,0.0,0.0,0.0,0.0,0.0,0.0,-6.992746818490302e-5,7.058870341354877e-5,-7.058821662537902e-5,-7.133968876473478e-5,-7.058821709694063e-5,-7.133968857851318e-5,7.276602537576293e-5,-7.057346095583926e-5,9.453456101857366e-12,8.404946688213434e-10,0.011152646362446707
4,0.08726646259971647,6,7,28,8.1030834006348,-0.00010741056028819827,0.7071274245238801,-9.373339642204647e-6,0.0003782276281468889,-6.509312696219429e-5,6.727866542011205e-5,-6.72939112228556e-5,-6.642357359293256e-5,-6.729391179037783e-5,-6.642357379679004e-5,6.776747787982367e-5,-6.729587153269078e-5,0.0,0.0,0.0,0.0,0.0,0.0,0.0,0.0,9.453456101857366e-12,8.404946688213434e-10,0.011152646362446707
4,0.08726646259971647,6,5,29,8.103083400593553,-0.00010741059532438403,-0.7071274245202807,9.373342699688641e-6,0.0003782275901058791,0.0,0.0,0.0,0.0,0.0,0.0,0.0,0.0,6.77674688740284e-5,-6.729586705632337e-5,6.72939067840245e-5,6.642356480495798e-5,6.729390727687725e-5,6.642356457835151e-5,-6.509311796242467e-5,6.727866094242067e-5,9.453456101857366e-12,8.404946688213434e-10,0.011152646362446707
4,0.08726646259971647,6,7,30,4.471809387926568,0.0008746893122375757,0.3902389867045548,7.633104215275213e-5,0.000287431643830589,6.7952530138858e-5,-2.5496197224880614e-5,2.5914035144983227e-5,6.70206235823414e-5,2.59140352209807e-5,6.702062378340723e-5,-6.609389869182506e-5,2.6318468497703002e-5,0.0,0.0,0.0,0.0,0.0,0.0,0.0,0.0,9.453456101857366e-12,8.404946688213434e-10,0.011152646362446707
4,0.08726646259971647,6,5,31,4.471809387937078,0.0008746893179493315,-0.3902389867054721,-7.633104265119685e-5,0.0002874316383368103,0.0,0.0,0.0,0.0,0.0,0.0,0.0,0.0,-6.60938989343374e-5,2.6318464090812595e-5,-2.5914030797659293e-5,-6.702062387138038e-5,-2.5914030745442314e-5,-6.70206239603054e-5,6.79525303628909e-5,-2.5496192809050685e-5,9.453456101857366e-12,8.404946688213434e-10,0.011152646362446707
4,0.08726646259971647,6,7,32,8.071931238314047,0.009743046276469727,0.7044088855158158,0.0008502411834928523,0.0002738849716598138,4.5438491662506234e-5,-5.213560816224892e-5,5.206416581034611e-5,4.4467958738199005e-5,5.206416581144864e-5,4.446795876536516e-5,-4.350783778475609e-5,5.198382882647912e-5,0.0,0.0,0.0,0.0,0.0,0.0,0.0,0.0,9.453456101857366e-12,8.404946688213434e-10,0.011152646362446707
4,0.08726646259971647,6,5,33,8.071931238493086,0.009743046424707046,-0.70440888553144,-0.0008502411964289987,0.00027388496589594727,0.0,0.0,0.0,0.0,0.0,0.0,0.0,0.0,-4.3507836560188284e-5,5.19838279822535e-5,-5.2064164967886534e-5,-4.446795750552569e-5,-5.2064164979105764e-5,-4.4467957521488e-5,4.543849041055534e-5,-5.2135607331836394e-5,9.453456101857366e-12,8.404946688213434e-10,0.011152646362446707
4,0.08726646259971647,6,5,34,8.051765490778703,-0.009292456843873427,-0.7026490920627274,0.0008109198376253598,0.00018627232588866915,0.0,0.0,0.0,0.0,0.0,0.0,0.0,0.0,4.009747556556114e-5,-2.4586064386469675e-5,2.4737217018472922e-5,3.945311001084784e-5,2.473721699851132e-5,3.945311001164024e-5,-3.881369111134448e-5,2.4880478514036628e-5,9.453456101857366e-12,8.404946688213434e-10,0.011152646362446707
4,0.08726646259971647,6,7,35,8.051765490594466,-0.009292457006784497,0.7026490920466497,-0.0008109198518420326,0.00018627232503998762,-3.881369078893232e-5,2.488047864234458e-5,-2.4737217140821824e-5,-3.9453109675998585e-5,-2.473721713135024e-5,-3.945310968573797e-5,4.0097475227021505e-5,-2.4586064513431284e-5,0.0,0.0,0.0,0.0,0.0,0.0,0.0,0.0,9.453456101857366e-12,8.404946688213434e-10,0.011152646362446707
4,0.08726646259971647,6,7,36,8.060219238286624,-0.0004116574651900559,0.7033868207034549,-3.59238907899021e-5,0.00015783598727140422,-1.662125093847865e-5,3.535308354946655e-5,-3.553870029899807e-5,-1.71445432910767e-5,-3.5538700296242346e-5,-1.7144543556685343e-5,1.7674943303101382e-5,-3.572088742493906e-5,0.0,0.0,0.0,0.0,0.0,0.0,0.0,0.0,9.453456101857366e-12,8.404946688213434e-10,0.011152646362446707
4,0.08726646259971647,6,5,37,8.060219238160638,-0.00041165745245484893,-0.7033868206924605,3.592388967854564e-5,0.00015783597700021074,0.0,0.0,0.0,0.0,0.0,0.0,0.0,0.0,1.7674950375808897e-5,-3.5720881210260906e-5,3.553869408072624e-5,1.714455039530736e-5,3.553869401343762e-5,1.7144550542868747e-5,-1.66212579586619e-5,3.535307726465332e-5,9.453456101857366e-12,8.404946688213434e-10,0.011152646362446707
4,0.08726646259971647,6,5,38,8.060220657093986,0.0007160914237823047,-0.7033869445177544,-6.249076545147622e-5,8.169867974941508e-5,0.0,0.0,0.0,0.0,0.0,0.0,0.0,0.0,-1.8636568294353652e-5,7.846330292084047e-6,-7.736544424988635e-6,-1.8902173539735933e-5,-7.736544328940774e-6,-1.8902173678126408e-5,1.9169325855089567e-5,-7.622977874129164e-6,9.453456101857366e-12,8.404946688213434e-10,0.011152646362446707
4,0.08726646259971647,6,7,39,8.060220657300562,0.0007160915242859119,0.7033869445357817,6.24907742220705e-5,8.16986572025687e-5,1.9169316416730086e-5,-7.622985994106529e-6,7.73655250486162e-6,1.8902164066325805e-5,7.73655249002955e-6,1.890216432418282e-5,-1.8636558903266572e-5,7.84633841166241e-6,0.0,0.0,0.0,0.0,0.0,0.0,0.0,0.0,9.453456101857366e-12,8.404946688213434e-10,0.011152646362446707
4,0.08726646259971647,6,7,40,8.052719558424018,0.004306818116638873,0.7027323501712149,0.0003758407820994475,4.238531413432377e-5,-6.911402902267324e-6,7.892144286297706e-6,-7.901249405546352e-6,-7.060228270461403e-6,-7.901249377077012e-6,-7.060228233439761e-6,7.210633710513919e-6,-7.90894229296659e-6,0.0,0.0,0.0,0.0,0.0,0.0,0.0,0.0,9.453456101857366e-12,8.404946688213434e-10,0.011152646362446707
4,0.08726646259971647,6,5,41,8.052719558431154,0.0043068181168086205,-0.7027323501718377,-0.00037584078211426084,4.2385313364414165e-5,0.0,0.0,0.0,0.0,0.0,0.0,0.0,0.0,7.210632867955471e-6,-7.90894279081086e-6,7.901249897027035e-6,7.060227416523951e-6,7.901249876626688e-6,7.060227400644479e-6,-6.9114020580583945e-6,7.892144779346574e-6,9.453456101857366e-12,8.404946688213434e-10,0.011152646362446707
4,0.08726646259971647,6,7,42,8.051681140473272,0.004737377864516076,0.7026417311099533,0.00041341420823451684,3.302765613851705e-5,3.0510210498634778e-6,-7.761547794804938e-6,7.71414546114134e-6,2.9436679676327436e-6,7.714145422597874e-6,2.9436679418581053e-6,-2.8378576301139566e-6,7.666154201400656e-6,0.0,0.0,0.0,0.0,0.0,0.0,0.0,0.0,9.453456101857366e-12,8.404946688213434e-10,0.011152646362446707
4,0.08726646259971647,6,5,43,8.051681140467723,0.0047373778678466445,-0.702641731109469,-0.0004134142085251638,3.3027654794268144e-5,0.0,0.0,0.0,0.0,0.0,0.0,0.0,0.0,-2.837856518160421e-6,7.666154266704761e-6,-7.714145520993778e-6,-2.943666849028401e-6,-7.714145494785295e-6,-2.9436668294655176e-6,3.0510199307481895e-6,-7.76154786140214e-6,9.453456101857366e-12,8.404946688213434e-10,0.011152646362446707
4,0.08726646259971647,6,5,44,8.04728820300072,0.005430850989534202,-0.702258374996302,-0.00047393115476281967,3.082560582413506e-5,0.0,0.0,0.0,0.0,0.0,0.0,0.0,0.0,-5.385142649046744e-6,5.404630116254261e-6,-5.404278333459262e-6,-5.493580804793092e-6,-5.4042783292885635e-6,-5.493580797975053e-6,5.603099699560727e-6,-5.4028277222466015e-6,9.453456101857366e-12,8.404946688213434e-10,0.011152646362446707
4,0.08726646259971647,6,7,45,8.047288202997976,0.005430850988781521,0.7022583749960625,0.0004739311546971358,3.082560452174767e-5,5.603099398886861e-6,-5.402827560352121e-6,5.404278173049521e-6,5.4935805058978584e-6,5.4042781696330165e-6,5.493580498282452e-6,-5.385142351100955e-6,5.4046299580143305e-6,0.0,0.0,0.0,0.0,0.0,0.0,0.0,0.0,9.453456101857366e-12,8.404946688213434e-10,0.011152646362446707
4,0.08726646259971647,6,7,46,8.036590843193949,-0.00524136070892653,0.7013248542468086,-0.00045739500827716046,2.948775382142295e-5,-4.764669094424754e-6,5.528532692583767e-6,-5.535687084009457e-6,-4.868154483149366e-6,-5.53568708958212e-6,-4.868154488668551e-6,4.972746917360686e-6,-5.541867739497377e-6,0.0,0.0,0.0,0.0,0.0,0.0,0.0,0.0,9.453456101857366e-12,8.404946688213434e-10,0.011152646362446707
4,0.08726646259971647,6,5,47,8.03659084319769,-0.00524136070941491,-0.7013248542471351,0.00045739500831977963,2.9487752406120427e-5,0.0,0.0,0.0,0.0,0.0,0.0,0.0,0.0,4.972746771457803e-6,-5.5418673930211614e-6,5.535686740959915e-6,4.868154342996145e-6,5.535686743694474e-6,4.868154340640588e-6,-4.764668952139343e-6,5.528532350090322e-6,9.453456101857366e-12,8.404946688213434e-10,0.011152646362446707
4,0.08726646259971647,6,7,48,8.042843868121924,-0.0037085208657211136,0.7018705336128208,-0.0003236294974287197,2.635909289328483e-5,6.341345795705341e-6,-2.0217414090222247e-6,2.0643095687022833e-6,6.257920271102094e-6,2.0643095688930364e-6,6.257920272379702e-6,-6.1749074846127305e-6,2.1056261032122395e-6,0.0,0.0,0.0,0.0,0.0,0.0,0.0,0.0,9.453456101857366e-12,8.404946688213434e-10,0.011152646362446707
4,0.08726646259971647,6,5,49,8.042843868114435,-0.003708520869571008,-0.7018705336121673,0.0003236294977646864,2.6359092388576955e-5,0.0,0.0,0.0,0.0,0.0,0.0,0.0,0.0,-6.174907225489108e-6,2.105626483537888e-6,-2.0643099500748076e-6,-6.2579200150955175e-6,-2.064309950493726e-6,-6.257920011005848e-6,6.341345537403299e-6,-2.0217417916326838e-6,9.453456101857366e-12,8.404946688213434e-10,0.011152646362446707
4,0.08726646259971647,6,5,50,8.03923914812269,-0.004947459470718611,-0.7015559624498252,0.00043174728686507874,1.163981505960351e-5,0.0,0.0,0.0,0.0,0.0,0.0,0.0,0.0,2.8323324687138256e-6,-7.850771479415002e-7,8.052691714568205e-7,2.7962383904460765e-6,8.05269176122223e-7,2.7962383874164696e-6,-2.7603053070147633e-6,8.249019358693047e-7,9.453456101857366e-12,8.404946688213434e-10,0.011152646362446707
4,0.08726646259971647,6,7,51,8.039239148124228,-0.004947459478266918,0.7015559624499594,-0.00043174728752379276,1.1639814998135766e-5,-2.7603053114952826e-6,8.249018667118224e-7,-8.052691017848976e-7,-2.79623839350363e-6,-8.052691079600375e-7,-2.7962383920675707e-6,2.832332471948274e-6,-7.850770792830964e-7,0.0,0.0,0.0,0.0,0.0,0.0,0.0,0.0,9.453456101857366e-12,8.404946688213434e-10,0.011152646362446707
4,0.08726646259971647,6,7,52,11.639234061546052,-0.004335629097813087,1.0157147839212546,-0.00037835501451054823,6.415145563362512e-6,-1.5112080227878903e-6,4.871607045603802e-7,-4.7676760868017466e-7,-1.5312396426502497e-6,-4.767676075762315e-7,-1.531239642642335e-6,1.5513665854192069e-6,-4.660682542615908e-7,0.0,0.0,0.0,0.0,0.0,0.0,0.0,0.0,9.453456101857366e-12,8.404946688213434e-10,0.011152646362446707
4,0.08726646259971647,6,5,53,11.639234061557868,-0.004335628966502052,-1.0157147839222858,0.00037835500305149876,6.415145541469822e-6,0.0,0.0,0.0,0.0,0.0,0.0,0.0,0.0,1.5513665710832568e-6,-4.660682822612884e-7,4.7676763601669523e-7,1.5312396277456057e-6,4.7676763553894154e-7,1.5312396288661111e-6,-1.5112080084444783e-6,4.871607318639321e-7,9.453456101857366e-12,8.404946688213434e-10,0.011152646362446707
4,0.08726646259971647,6,5,54,11.64213877532124,-0.002414038153480634,-1.01596826801728,0.00021066457023500635,4.045141521280826e-6,0.0,0.0,0.0,0.0,0.0,0.0,0.0,0.0,-8.991149309958066e-7,-4.4044341081326595e-7,4.5392924438556484e-7,-9.036565890087737e-7,4.5392924508768327e-7,-9.036565903349509e-7,9.081074444666971e-7,4.675958009178851e-7,9.453456101857366e-12,8.404946688213434e-10,0.011152646362446707
4,0.08726646259971647,6,7,55,11.642138775379314,-0.0024140381108448787,1.0159682680223479,-0.00021066456651433482,4.045141415510557e-6,9.081074411811552e-7,4.675957478827286e-7,-4.539291910622177e-7,9.036565875142392e-7,-4.539291916964481e-7,9.036565862593738e-7,-8.991149286843547e-7,-4.404433571311264e-7,0.0,0.0,0.0,0.0,0.0,0.0,0.0,0.0,9.453456101857366e-12,8.404946688213434e-10,0.011152646362446707
4,0.08726646259971647,6,7,56,11.648255605991617,0.0051034976318393415,1.0165020621922052,0.0004453641852166495,1.3131557433375533e-6,1.762826249401453e-7,-2.808373990768234e-7,2.797745634103219e-7,1.7173942780704933e-7,2.797745627586919e-7,1.7173942840799128e-7,-1.6725218275644028e-7,2.786773736082559e-7,0.0,0.0,0.0,0.0,0.0,0.0,0.0,0.0,9.453456101857366e-12,8.404946688213434e-10,0.011152646362446707
4,0.08726646259971647,6,5,57,11.648255605758827,0.005103497824035115,-1.0165020621718903,-0.00044536420198889475,1.3131556924954247e-6,0.0,0.0,0.0,0.0,0.0,0.0,0.0,0.0,-1.6725212443886e-7,2.7867739439564695e-7,-2.79774584565833e-7,-1.717393691645675e-7,-2.797745839239568e-7,-1.7173936952355087e-7,1.7628256572510348e-7,-2.808374206149376e-7,9.453456101857366e-12,8.404946688213434e-10,0.011152646362446707
4,0.08726646259971647,6,7,58,11.59934347210763,-0.00041448484892053425,1.012233673289946,-3.6170626566472935e-5,5.265448126956086e-7,-9.207038626726402e-8,9.223437435797916e-8,-9.222666791122508e-8,-9.392265637180671e-8,-9.222666817784532e-8,-9.392265637818291e-8,9.579336993510118e-8,-9.220017535787123e-8,0.0,0.0,0.0,0.0,0.0,0.0,0.0,0.0,9.453456101857366e-12,8.404946688213434e-10,0.011152646362446707
4,0.08726646259971647,6,5,59,11.59934347212782,-0.0004144848639487369,-1.0122336732917079,3.617062787793102e-5,5.265447881401292e-7,0.0,0.0,0.0,0.0,0.0,0.0,0.0,0.0,9.579336512486571e-8,-9.220017146873294e-8,9.222666409503638e-8,9.392265165619213e-8,9.222666425438145e-8,9.392265148630478e-8,-9.207038147027406e-8,9.223437050626235e-8,9.453456101857366e-12,8.404946688213434e-10,0.011152646362446707
4,0.08726646259971647,6,5,60,11.601628715614694,0.00042798824129255085,-1.0124330984069865,-3.734901985187482e-5,3.4683074965462524e-7,0.0,0.0,0.0,0.0,0.0,0.0,0.0,0.0,-5.939438349016417e-8,6.19781992862645e-8,-6.199800644572709e-8,-6.06143085236855e-8,-6.19980062523503e-8,-6.061430850193054e-8,6.184663192495795e-8,-6.200568930932516e-8,9.453456101857366e-12,8.404946688213434e-10,0.011152646362446707
4,0.08726646259971647,6,7,61,11.60162871560517,0.000427988225609589,1.0124330984061551,3.734901848327821e-5,3.468307486330802e-7,6.184663131970697e-8,-6.200568955732242e-8,6.199800666935656e-8,6.06143078902699e-8,6.199800651272463e-8,6.061430790959221e-8,-5.939438286988452e-8,6.197819952211959e-8,0.0,0.0,0.0,0.0,0.0,0.0,0.0,0.0,9.453456101857366e-12,8.404946688213434e-10,0.011152646362446707
4,0.08726646259971647,6,5,62,8.68049656178829,0.00409000526606026,-0.7575162285562653,-0.0003569202915832911,2.438466818987588e-7,0.0,0.0,0.0,0.0,0.0,0.0,0.0,0.0,-2.209518641995194e-8,5.6163695977846345e-8,-5.650211226105311e-8,-2.2883417324421266e-8,-5.6502112325270566e-8,-2.288341687160237e-8,2.3682947743875505e-8,-5.6835950791798396e-8,9.453456101857366e-12,8.404946688213434e-10,0.011152646362446707
4,0.08726646259971647,6,7,63,8.680496561789425,0.004090005262275235,0.7575162285563644,0.00035692029125298537,2.438466471645812e-7,2.3682939927819242e-8,-5.683594451757049e-8,5.650210618232067e-8,2.2883409506397634e-8,5.650210589083314e-8,2.288340932318116e-8,-2.209517886781515e-8,5.6163689739646576e-8,0.0,0.0,0.0,0.0,0.0,0.0,0.0,0.0,9.453456101857366e-12,8.404946688213434e-10,0.011152646362446707
4,0.08726646259971647,6,7,64,8.672853671026004,-0.002775380978726329,0.7568492605154046,-0.0002421976803799857,1.8981947640661562e-7,4.680806959620264e-8,-1.031237796717939e-8,1.0672696951525486e-8,4.623792326461461e-8,1.0672696965211174e-8,4.6237923432363335e-8,-4.5669910710795806e-8,1.1023768150228804e-8,0.0,0.0,0.0,0.0,0.0,0.0,0.0,0.0,9.453456101857366e-12,8.404946688213434e-10,0.011152646362446707
4,0.08726646259971647,6,5,65,8.672853671015519,-0.0027753809867447814,-0.7568492605144895,0.00024219768107972768,1.898194642632019e-7,0.0,0.0,0.0,0.0,0.0,0.0,0.0,0.0,-4.566990877137822e-8,1.1023763159998956e-8,-1.0672691721883852e-8,-4.623792132657048e-8,-1.0672692108075647e-8,-4.623792146693005e-8,4.680806763182658e-8,-1.0312372869415945e-8,9.453456101857366e-12,8.404946688213434e-10,0.011152646362446707
4,0.08726646259971647,6,5,66,8.681322826678361,0.0038112841887353623,-0.7575883337703921,-0.0003325972891131652,1.072438821133217e-7,0.0,0.0,0.0,0.0,0.0,0.0,0.0,0.0,1.8055211041537758e-8,-2.0182207869054786e-8,2.0159160865031557e-8,1.7674853375459785e-8,2.0159160633343012e-8,1.7674853338129766e-8,-1.7298527151669564e-8,2.013257825877146e-8,9.453456101857366e-12,8.404946688213434e-10,0.011152646362446707
4,0.08726646259971647,6,7,67,8.68132282667528,0.0038112841876895356,0.7575883337701232,0.00033259728902189963,1.0724386914477788e-7,-1.7298524105900478e-8,2.0132576584771294e-8,-2.0159159197453915e-8,-1.7674850435845663e-8,-2.015915899405712e-8,-1.7674850213228653e-8,1.8055208023809258e-8,-2.018220623571114e-8,0.0,0.0,0.0,0.0,0.0,0.0,0.0,0.0,9.453456101857366e-12,8.404946688213434e-10,0.011152646362446707
4,0.08726646259971647,6,7,68,8.675464217266786,0.004998871040141198,0.7570770736512905,0.00043623379266528764,9.246083817963761e-8,1.6771325220362076e-8,-1.6241973223424778e-8,1.6245614232399078e-8,1.6442816576541953e-8,1.6245614313822228e-8,1.6442816550894924e-8,-1.6117556701769947e-8,1.6245966431286503e-8,0.0,0.0,0.0,0.0,0.0,0.0,0.0,0.0,9.453456101857366e-12,8.404946688213434e-10,0.011152646362446707
4,0.08726646259971647,6,5,69,8.675464217269953,0.004998871037457477,-0.757077073651567,-0.00043623379243108875,9.246081805525372e-8,0.0,0.0,0.0,0.0,0.0,0.0,0.0,0.0,-1.6117552264155654e-8,1.6245963727863257e-8,-1.6245611592274372e-8,-1.644281213822938e-8,-1.6245611633188525e-8,-1.6442812100593626e-8,1.6771320770635252e-8,-1.6241970606183716e-8,9.453456101857366e-12,8.404946688213434e-10,0.011152646362446707
4,0.08726646259971647,6,5,70,11.63556959988903,-0.0050533115246650774,-1.015394999315114,0.0004409846211719012,7.855107638331916e-8,0.0,0.0,0.0,0.0,0.0,0.0,0.0,0.0,1.6765083062067277e-8,-1.0599266818838967e-8,1.0659268642893562e-8,1.6492503874881857e-8,1.0659268814933746e-8,1.649250394825623e-8,-1.6222056288904045e-8,1.0715971927530462e-8,9.453456101857366e-12,8.404946688213434e-10,0.011152646362446707
4,0.08726646259971647,6,7,71,11.635569599945745,-0.005053311455974553,1.0153949993200633,-0.0004409846151775221,7.855105674098388e-8,-1.622204940303787e-8,1.0715973778821231e-8,-1.065927043905536e-8,-1.6492497100556667e-8,-1.0659270452849631e-8,-1.649249681116914e-8,1.6765076032024386e-8,-1.0599268398964754e-8,0.0,0.0,0.0,0.0,0.0,0.0,0.0,0.0,9.453456101857366e-12,8.404946688213434e-10,0.011152646362446707
4,0.08726646259971647,6,7,72,8.6659583024083,-0.0044837641142407925,0.7562475260878163,-0.00039128223338134497,6.971952471776792e-8,-1.1875443201922008e-8,1.2519756780915027e-8,-1.2524994073740468e-8,-1.2120647431697991e-8,-1.2524993949699954e-8,-1.2120647468539352e-8,1.2368356454098762e-8,-1.2527806865579618e-8,0.0,0.0,0.0,0.0,0.0,0.0,0.0,0.0,9.453456101857366e-12,8.404946688213434e-10,0.011152646362446707
4,0.08726646259971647,6,5,73,8.66595830240827,-0.004483764114977996,-0.7562475260878139,0.00039128223344567817,6.971951899347562e-8,0.0,0.0,0.0,0.0,0.0,0.0,0.0,0.0,1.23683571796537e-8,-1.2527804078665626e-8,1.2524991266733412e-8,1.2120648236447601e-8,1.252499126274221e-8,1.2120648225782429e-8,-1.1875444037010692e-8,1.251975407431259e-8,9.453456101857366e-12,8.404946688213434e-10,0.011152646362446707
4,0.08726646259971647,6,5,74,8.711276845413005,0.0006036460072568958,-0.7602023150260101,-5.2678051715752075e-5,1.562327161290924e-8,0.0,0.0,0.0,0.0,0.0,0.0,0.0,0.0,-2.4841436768653196e-9,2.963381725415753e-9,-2.9679214927417928e-9,-2.538915640945301e-9,-2.9679215743016783e-9,-2.5389156204242432e-9,2.5942811177211653e-9,-2.97195349774558e-9,9.453456101857366e-12,8.404946688213434e-10,0.011152646362446707
4,0.08726646259971647,6,7,75,8.711276845545152,0.000603645963268366,0.7602023150375421,5.267804787702868e-5,1.5623258753311508e-8,2.5942800358646723e-9,-2.9719500761285753e-9,2.967918072766211e-9,2.5389146862898355e-9,2.967918104300398e-9,2.5389147389307093e-9,-2.4841429204398076e-9,2.9633782605589175e-9,0.0,0.0,0.0,0.0,0.0,0.0,0.0,0.0,9.453456101857366e-12,8.404946688213434e-10,0.011152646362446707
4,0.08726646259971647,6,7,76,8.669276451201046,-0.004094541474837638,0.7565370891953389,-0.0003573161504769067,7.989865162352037e-9,-1.9745009196984022e-9,-1.0963894478211463e-10,1.3067920936375025e-10,-1.993137008639351e-9,1.3067917225350834e-10,-1.993136970928151e-9,2.0117468841149253e-9,1.521180615576445e-10,0.0,0.0,0.0,0.0,0.0,0.0,0.0,0.0,9.453456101857366e-12,8.404946688213434e-10,0.011152646362446707
4,0.08726646259971647,6,5,77,8.669276451194271,-0.004094541467900799,-0.7565370891947476,0.00035731614987155326,7.989863480252244e-9,0.0,0.0,0.0,0.0,0.0,0.0,0.0,0.0,2.0117463386523714e-9,1.5211971607359664e-10,-1.3068084717777325e-10,1.99313646295176e-9,-1.3068085865550127e-10,1.993136455773218e-9,-1.9745004044966265e-9,-1.0964061413726716e-10,9.453456101857366e-12,8.404946688213434e-10,0.011152646362446707
4,0.08726646259971647,6,5,78,8.710666807229796,4.813108948619957e-5,-0.7601490791517107,-4.2002299205310415e-6,4.842386118022995e-9,0.0,0.0,0.0,0.0,0.0,0.0,0.0,0.0,9.924058323727758e-10,-7.142860590729838e-10,7.169692788969136e-10,9.75410551906544e-10,7.169692707107621e-10,9.754105545021789e-10,-9.585586484197734e-10,7.194573946191807e-10,9.453456101857366e-12,8.404946688213434e-10,0.011152646362446707
4,0.08726646259971647,6,7,79,8.710666807256692,4.813114068676419e-5,0.7601490791540578,4.200234388623199e-6,4.842360501212657e-9,-9.585530003583916e-10,7.194542818368271e-10,-7.169661567941169e-10,-9.754049141565287e-10,-7.169661866199213e-10,-9.754048575999453e-10,9.92400146209565e-10,-7.142829650973143e-10,0.0,0.0,0.0,0.0,0.0,0.0,0.0,0.0,9.453456101857366e-12,8.404946688213434e-10,0.011152646362446707
5,0.05038331567317271,7,8,0,0.08080609947387529,0.016144275247907198,0.004071279218110054,0.000813402116129897,114.09010502485651,20.568355803218036,-20.17100754325977,20.17295454216113,20.16297936607318,20.1729545436463,20.162979365103983,-19.76163711557446,20.170868543256276,0.0,0.0,0.0,0.0,0.0,0.0,0.0,0.0,1.5124468729489538e-11,9.441261653412634e-9,0.010975284720239746
5,0.05038331567317271,7,6,1,0.0808060994737847,0.016144275246572103,-0.00407127921810549,-0.0008134021160626304,114.09010502441421,0.0,0.0,0.0,0.0,0.0,0.0,0.0,0.0,-19.761637115436248,20.170868543237194,-20.172954542145064,-20.16297936593586,-20.172954543625803,-20.162979364965036,20.568355803080003,-20.171007543242276,1.5124468729489538e-11,9.441261653412634e-9,0.010975284720239746
5,0.05038331567317271,7,6,2,2.1202590296003585,0.0013697580086317052,-0.1068256799972497,-6.901295014474763e-5,5.602472710873824,0.0,0.0,0.0,0.0,0.0,0.0,0.0,0.0,-1.0153324500702912,0.9444002766652583,-0.9435879423669651,-1.0350241539811853,-0.9435879425283774,-1.0350241537578697,1.0549045545548308,-0.9425685845296302,1.5124468729489538e-11,9.441261653412634e-9,0.010975284720239746
5,0.05038331567317271,7,8,3,2.120259029602061,0.0013697580079446992,0.10682567999733548,6.9012950110134e-5,5.60247270177326,1.0549045533458514,-0.9425685824789198,0.9435879403342614,1.035024152780699,0.9435879404594071,1.035024152540038,-1.0153324488613666,0.9444002746140582,0.0,0.0,0.0,0.0,0.0,0.0,0.0,0.0,1.5124468729489538e-11,9.441261653412634e-9,0.010975284720239746
5,0.05038331567317271,7,8,4,6.752983706385883,0.0011630585670409574,0.3402377098146318,5.8598746929612464e-5,4.9417572136718135,0.9124451189643301,-0.8511806760923599,0.8517033899670743,0.8948940172384872,0.8517033902792845,0.8948940157504821,-0.8775132367956155,0.85204710832949,0.0,0.0,0.0,0.0,0.0,0.0,0.0,0.0,1.5124468729489538e-11,9.441261653412634e-9,0.010975284720239746
5,0.05038331567317271,7,6,5,6.752983706385194,0.0011630585550061207,-0.3402377098145971,-5.8598746323257484e-5,4.941757116429402,0.0,0.0,0.0,0.0,0.0,0.0,0.0,0.0,-0.8775132026134579,0.8520471089787802,-0.8517033901718967,-0.8948939821386795,-0.8517033913817986,-0.8948939824857147,0.9124450847817976,-0.8511806767435931,1.5124468729489538e-11,9.441261653412634e-9,0.010975284720239746
5,0.05038331567317271,7,6,6,2.113393405489451,-0.0006871139710779364,-0.10647976709037651,3.461908010826693e-5,4.858602454867405,0.0,0.0,0.0,0.0,0.0,0.0,0.0,0.0,0.8631409836579659,-0.8718324525690169,0.8716605162237552,0.845878417631015,0.8716605163708671,0.845878417406772,-0.828790166563636,0.8713193869106148,1.5124468729489538e-11,9.441261653412634e-9,0.010975284720239746
5,0.05038331567317271,7,8,7,2.113393405488061,-0.0006871139690483655,0.10647976709030649,-3.461908000601042e-5,4.858602445848109,-0.8287901654578788,0.8713193848419382,-0.8716605141721293,-0.8458784165332566,-0.8716605142850654,-0.8458784162922854,0.8631409825518854,-0.8718324505000451,0.0,0.0,0.0,0.0,0.0,0.0,0.0,0.0,1.5124468729489538e-11,9.441261653412634e-9,0.010975284720239746
5,0.05038331567317271,7,8,8,6.746420863129366,-0.0006703156908933819,0.33990705201112514,-3.377272705496212e-5,4.708196198331194,-0.8113385651890955,0.8364650612462108,-0.8366339480700753,-0.827900258854149,-0.836633948379335,-0.8279002573609138,0.8446292612485053,-0.8366372384316966,0.0,0.0,0.0,0.0,0.0,0.0,0.0,0.0,1.5124468729489538e-11,9.441261653412634e-9,0.010975284720239746
5,0.05038331567317271,7,6,9,6.7464208631100675,-0.0006703156779623402,-0.3399070520101528,3.377272640345337e-5,4.708196104103194,0.0,0.0,0.0,0.0,0.0,0.0,0.0,0.0,0.8446292270007026,-0.8366372391788458,0.8366339483714538,0.827900223687736,0.8366339495781226,0.8279002240315657,-0.811338530941,0.8364650619923849,1.5124468729489538e-11,9.441261653412634e-9,0.010975284720239746
5,0.05038331567317271,7,6,10,12.949937937915191,-0.0008620187414385139,-0.6524608110739764,4.343136236608769e-5,3.6257660606053204,0.0,0.0,0.0,0.0,0.0,0.0,0.0,0.0,-0.6582201199209691,0.6099782085342532,-0.6094290089146552,-0.6709630566788596,-0.6094290103798148,-0.6709630596242933,0.6838278687529091,-0.608745605951402,1.5124468729489538e-11,9.441261653412634e-9,0.010975284720239746
5,0.05038331567317271,7,8,11,12.949937937865748,-0.0008620188173936137,0.6524608110714852,-4.3431366192957466e-5,3.6257657837449213,0.6838278549717314,-0.6087455181929142,0.6094289203575352,0.6709630454634185,0.6094289234328264,0.6709630432276144,-0.6582201061078004,0.6099781207854545,0.0,0.0,0.0,0.0,0.0,0.0,0.0,0.0,1.5124468729489538e-11,9.441261653412634e-9,0.010975284720239746
5,0.05038331567317271,7,6,12,12.944722875544354,-0.0008030140932420507,-0.6521980589402911,4.045851254982079e-5,3.4856027542130743,0.0,0.0,0.0,0.0,0.0,0.0,0.0,0.0,0.6266481411091702,-0.6180222973360605,0.6180468180578866,0.614263237791139,0.6180468195281207,0.6142632407308617,-0.6020019344795772,0.6179484752324695,1.5124468729489538e-11,9.441261653412634e-9,0.010975284720239746
5,0.05038331567317271,7,8,13,12.944722875568758,-0.0008030143198130522,0.6521980589415207,-4.045852396521908e-5,3.4856024640860617,-0.6020019197192978,0.6179483876418391,-0.6180467296620343,-0.6142632256171753,-0.6180467327454727,-0.6142632233663604,0.6266481263484962,-0.6180222097452388,0.0,0.0,0.0,0.0,0.0,0.0,0.0,0.0,1.5124468729489538e-11,9.441261653412634e-9,0.010975284720239746
5,0.05038331567317271,7,8,14,2.152159260739455,0.030953237268588875,0.10843291941277798,0.0015595267244099275,0.19323836386083876,-0.0130292543149578,-0.04702212579836383,0.04642293995323184,-0.013364525720568392,0.046422939949981555,-0.013364525723422805,0.013690512273870841,0.045826426081525505,0.0,0.0,0.0,0.0,0.0,0.0,0.0,0.0,1.5124468729489538e-11,9.441261653412634e-9,0.010975284720239746
5,0.05038331567317271,7,6,15,2.1521592607386326,0.030953237268225214,-0.10843291941273654,-0.0015595267243916052,0.19323836382534085,0.0,0.0,0.0,0.0,0.0,0.0,0.0,0.0,0.013690512300340218,0.0458264260645951,-0.046422939936116535,0.01336452574658183,-0.04642293993335881,0.013364525750451722,-0.013029254341527206,-0.047022125781553084,1.5124468729489538e-11,9.441261653412634e-9,0.010975284720239746
5,0.05038331567317271,7,8,16,13.005294829577664,0.03407350276128547,0.6552498748212924,0.0017167360457125678,0.16407086102806404,-0.03341017342009209,-0.024497221042911084,0.023921481186961257,-0.03331863726026253,0.02392148119300319,-0.033318637275757956,0.03322231615343014,0.02335240458607867,0.0,0.0,0.0,0.0,0.0,0.0,0.0,0.0,1.5124468729489538e-11,9.441261653412634e-9,0.010975284720239746
5,0.05038331567317271,7,6,17,13.005294829905267,0.034073502645666845,-0.6552498748377981,-0.0017167360398873182,0.1640708577525667,0.0,0.0,0.0,0.0,0.0,0.0,0.0,0.0,0.03322231519804694,0.023352404539168835,-0.02392148113551329,0.03331863629224911,-0.02392148114183559,0.03331863630138222,-0.03341017243284734,-0.02449722098699087,1.5124468729489538e-11,9.441261653412634e-9,0.010975284720239746
5,0.05038331567317271,7,8,18,6.7848977304521085,0.031134012991945084,0.34184564416356167,0.0015686348047458296,0.09887275933388608,-0.012485435896163018,-0.021619757429623514,0.021279960677597035,-0.012574642589390724,0.021279960674282766,-0.012574642590526217,0.012659593040132524,0.020942678425153908,0.0,0.0,0.0,0.0,0.0,0.0,0.0,0.0,1.5124468729489538e-11,9.441261653412634e-9,0.010975284720239746
5,0.05038331567317271,7,6,19,6.784897730464451,0.03113401295530758,-0.3418456441641835,-0.0015686348028999106,0.0988727589390942,0.0,0.0,0.0,0.0,0.0,0.0,0.0,0.0,0.012659593023782952,0.02094267832159013,-0.02127996057280808,0.012574642570079687,-0.021279960569316598,0.012574642576811257,-0.012485435879488914,-0.02161975732340568,1.5124468729489538e-11,9.441261653412634e-9,0.010975284720239746
5,0.05038331567317271,7,6,20,4.303338188048154,0.016159367022708034,-0.21681644637684921,-0.000814162489783756,0.0003412088553287026,0.0,0.0,0.0,0.0,0.0,0.0,0.0,0.0,-5.9868019636695844e-5,5.9563861198239795e-5,-5.9554742630303734e-5,-6.106829399885676e-5,-5.955474264202066e-5,-6.106829399603679e-5,6.22804780851492e-5,-5.9533409224152666e-5,1.5124468729489538e-11,9.441261653412634e-9,0.010975284720239746
5,0.05038331567317271,7,8,21,4.3033381880482775,0.0161593670185575,0.21681644637685543,0.0008141624895746382,0.00034120885504447464,6.228047824162384e-5,-5.953340896255605e-5,5.955474237265458e-5,6.10682941565418e-5,5.95547423745562e-5,6.106829415189383e-5,-5.986801979382784e-5,5.9563860934779365e-5,0.0,0.0,0.0,0.0,0.0,0.0,0.0,0.0,1.5124468729489538e-11,9.441261653412634e-9,0.010975284720239746
5,0.05038331567317271,7,6,22,4.313205739805819,0.01468669260297719,-0.21731360635197702,-0.0007399642696106504,0.0002094550245076375,0.0,0.0,0.0,0.0,0.0,0.0,0.0,0.0,3.598782968050343e-5,-3.875678277049835e-5,3.8725550132472e-5,3.524425684108266e-5,3.8725550164806866e-5,3.5244256796040314e-5,-3.450842836095801e-5,3.8687267900869705e-5,1.5124468729489538e-11,9.441261653412634e-9,0.010975284720239746
5,0.05038331567317271,7,8,23,4.313205739814332,0.014686692588172099,0.21731360635240596,0.0007399642688647208,0.000209455021620514,-3.450842814241388e-5,3.868726712406758e-5,-3.872554937232857e-5,-3.5244256598330356e-5,-3.872554937005073e-5,-3.524425660247274e-5,3.5987829462878746e-5,-3.8756781992334466e-5,0.0,0.0,0.0,0.0,0.0,0.0,0.0,0.0,1.5124468729489538e-11,9.441261653412634e-9,0.010975284720239746
5,0.05038331567317271,7,8,24,8.937172139582959,0.016142888572706952,0.4502843651340926,0.0008133322508355468,0.00019892765476089232,3.55455957182111e-5,-3.5490968523220636e-5,3.5488013162125805e-5,3.483877886205501e-5,3.5488013151041254e-5,3.483877885166187e-5,-3.4139058901449256e-5,3.547808932438816e-5,0.0,0.0,0.0,0.0,0.0,0.0,0.0,0.0,1.5124468729489538e-11,9.441261653412634e-9,0.010975284720239746
5,0.05038331567317271,7,6,25,8.93717213958286,0.016142888583025053,-0.45028436513408754,-0.0008133322513554069,0.00019892765291396912,0.0,0.0,0.0,0.0,0.0,0.0,0.0,0.0,-3.413905843616289e-5,3.547808913393471e-5,-3.548801296962326e-5,-3.483877839256515e-5,-3.548801296203722e-5,-3.4838778391564896e-5,3.554559525395194e-5,-3.5490968332057165e-5,1.5124468729489538e-11,9.441261653412634e-9,0.010975284720239746
5,0.05038331567317271,7,6,26,8.946667024029857,0.014726316371575817,-0.45076274889446094,-0.0007419606464521157,0.00013191127621019628,0.0,0.0,0.0,0.0,0.0,0.0,0.0,0.0,2.3069236832067465e-5,-2.4026239004550417e-5,2.4014397150253857e-5,2.260068381377449e-5,2.4014397198055206e-5,2.260068373756136e-5,-2.2136933145506998e-5,2.3998034726552315e-5,1.5124468729489538e-11,9.441261653412634e-9,0.010975284720239746
5,0.05038331567317271,7,8,27,8.94666702401537,0.014726316374315396,0.4507627488937311,0.0007419606465901448,0.00013191126550673988,-2.213693254075453e-5,2.399803162101208e-5,-2.401439402944166e-5,-2.2600683187980886e-5,-2.4014394107744273e-5,-2.260068315376516e-5,2.306923622785493e-5,-2.4026235898839467e-5,0.0,0.0,0.0,0.0,0.0,0.0,0.0,0.0,1.5124468729489538e-11,9.441261653412634e-9,0.010975284720239746
5,0.05038331567317271,7,6,28,4.314692146422599,0.0161720727964376,-0.21738849644576896,-0.0008148026487924445,0.00010390164040975651,0.0,0.0,0.0,0.0,0.0,0.0,0.0,0.0,-1.7026698643787346e-5,1.9272274440613407e-5,-1.929300008941589e-5,-1.73916170944983e-5,-1.9293000111949193e-5,-1.7391617074328077e-5,1.7760393776390533e-5,-1.9310247051869857e-5,1.5124468729489538e-11,9.441261653412634e-9,0.010975284720239746
5,0.05038331567317271,7,8,29,4.314692146424205,0.01617207279900685,0.21738849644584987,0.0008148026489218918,0.0001039016376419771,1.7760393499631936e-5,-1.931024636673196e-5,1.9292999426385144e-5,1.7391616797149834e-5,1.9292999409704267e-5,1.739161681928885e-5,-1.702669836823365e-5,1.9272273760383362e-5,0.0,0.0,0.0,0.0,0.0,0.0,0.0,0.0,1.5124468729489538e-11,9.441261653412634e-9,0.010975284720239746
5,0.05038331567317271,7,6,30,8.948179968645048,0.016113967821701405,-0.45083897606060414,-0.000811875127508129,6.596218903594234e-5,0.0,0.0,0.0,0.0,0.0,0.0,0.0,0.0,-9.995362243633673e-6,1.2908642219614419e-5,-1.2936758109054279e-5,-1.0225695246138255e-5,-1.293675817053558e-5,-1.022569515780216e-5,1.0458615305996301e-5,-1.2962828662176427e-5,1.5124468729489538e-11,9.441261653412634e-9,0.010975284720239746
5,0.05038331567317271,7,8,31,8.948179968655381,0.016113967823700164,0.4508389760611248,0.0008118751276088332,6.596217375108584e-5,1.045861422697869e-5,-1.2962824638849133e-5,1.293675407925811e-5,1.0225694138149491e-5,1.2936754164264161e-5,1.0225694107582044e-5,-9.995361165138054e-6,1.2908638206560784e-5,0.0,0.0,0.0,0.0,0.0,0.0,0.0,0.0,1.5124468729489538e-11,9.441261653412634e-9,0.010975284720239746
5,0.05038331567317271,7,6,32,10.98283653507872,-0.0006104252345778896,-0.5533517201337256,3.075524728860831e-5,1.8315394432363957e-5,0.0,0.0,0.0,0.0,0.0,0.0,0.0,0.0,3.2375135625584046e-6,-3.302546243777478e-6,3.3015770377916682e-6,3.1724431384252536e-6,3.301577037221912e-6,3.172443138387476e-6,-3.1080329662095548e-6,3.2999732765852123e-6,1.5124468729489538e-11,9.441261653412634e-9,0.010975284720239746
5,0.05038331567317271,7,8,33,10.982836535109573,-0.0006104252211537563,0.55335172013528,-3.0755246612255966e-5,1.8315394313262787e-5,-3.1080328833404582e-6,3.299973314981772e-6,-3.301577076865126e-6,-3.1724430541635934e-6,-3.301577076006477e-6,-3.172443055684582e-6,3.2375134784535153e-6,-3.3025462832453156e-6,0.0,0.0,0.0,0.0,0.0,0.0,0.0,0.0,1.5124468729489538e-11,9.441261653412634e-9,0.010975284720239746
5,0.05038331567317271,7,8,34,10.98932469764826,0.0013425134293938313,0.5536786152766056,6.764027790862306e-5,1.2515534138721874e-5,2.3495999456890605e-6,-2.1134223338977456e-6,2.115552476774874e-6,2.3051812187654216e-6,2.115552476134327e-6,2.3051812192321634e-6,-2.2611855566913192e-6,2.11722154045323e-6,0.0,0.0,0.0,0.0,0.0,0.0,0.0,0.0,1.5124468729489538e-11,9.441261653412634e-9,0.010975284720239746
5,0.05038331567317271,7,6,35,10.989324697669495,0.0013425134315155213,-0.5536786152776755,-6.764027801552084e-5,1.2515534000622192e-5,0.0,0.0,0.0,0.0,0.0,0.0,0.0,0.0,-2.2611855398423046e-6,2.1172215075185066e-6,-2.115552443629543e-6,-2.305181202775474e-6,-2.115552444142595e-6,-2.3051812012737973e-6,2.349599928601275e-6,-2.1134223017017866e-6,1.5124468729489538e-11,9.441261653412634e-9,0.010975284720239746
5,0.05038331567317271,7,8,36,10.987984971235864,0.0012868810480948685,0.5536111154178541,6.48373340799871e-5,5.308701692539107e-6,5.219787330493057e-7,-1.23467566607498e-6,1.2274978039503924e-6,5.045351166831512e-7,1.2274978047456594e-6,5.045351172938351e-7,-4.873369903901504e-7,1.2202190110427366e-6,0.0,0.0,0.0,0.0,0.0,0.0,0.0,0.0,1.5124468729489538e-11,9.441261653412634e-9,0.010975284720239746
5,0.05038331567317271,7,6,37,10.987984971243202,0.0012868810484084683,-0.5536111154182238,-6.48373340957873e-5,5.308701612815441e-6,0.0,0.0,0.0,0.0,0.0,0.0,0.0,0.0,-4.873369994212522e-7,1.2202189863188963e-6,-1.227497778871123e-6,-5.045351257908322e-7,-1.2274977790363286e-6,-5.045351269034119e-7,5.2197874273348e-7,-1.2346756399919694e-6,1.5124468729489538e-11,9.441261653412634e-9,0.010975284720239746
5,0.05038331567317271,7,8,38,10.981501007599887,-0.0005928722880099331,0.5532844318311693,-2.9870871640680627e-5,5.090443548922222e-6,-8.804835004424737e-7,9.011882287275539e-7,-9.013058825752353e-7,-8.983903432386923e-7,-9.013058825724817e-7,-8.983903429006643e-7,9.164774289057418e-7,-9.012438403324662e-7,0.0,0.0,0.0,0.0,0.0,0.0,0.0,0.0,1.5124468729489538e-11,9.441261653412634e-9,0.010975284720239746
5,0.05038331567317271,7,6,39,10.981501007596203,-0.0005928722900232948,-0.5532844318309836,2.9870871742120466e-5,5.090443193497323e-6,0.0,0.0,0.0,0.0,0.0,0.0,0.0,0.0,9.164773553800225e-7,-9.0124378699164e-7,9.013058293004708e-7,8.983902711217383e-7,9.013058292313434e-7,8.983902702554136e-7,-8.804834291931522e-7,9.011881754600315e-7,1.5124468729489538e-11,9.441261653412634e-9,0.010975284720239746
5,0.05038331567317271,7,6,40,8.948543440392552,0.016197251893409006,-0.4508572889723969,-0.0008160712551835203,4.868707351648491e-6,0.0,0.0,0.0,0.0,0.0,0.0,0.0,0.0,-9.49541554601207e-7,-7.419453145179783e-7,7.589552793277724e-7,-9.515420430281188e-7,7.58955286810971e-7,-9.515420490853459e-7,9.533907275095487e-7,7.761555448341825e-7,1.5124468729489538e-11,9.441261653412634e-9,0.010975284720239746
5,0.05038331567317271,7,8,41,8.948543440406718,0.016197251890098352,0.45085728897311067,0.0008160712550167186,4.868705251045569e-6,9.533905513445944e-7,7.76154921772641e-7,-7.589546626801695e-7,9.515418664339637e-7,-7.589546669505378e-7,9.51541868480579e-7,-9.495413735881012e-7,-7.419447010596494e-7,0.0,0.0,0.0,0.0,0.0,0.0,0.0,0.0,1.5124468729489538e-11,9.441261653412634e-9,0.010975284720239746
5,0.05038331567317271,7,6,42,6.354491971378501,0.0014687873828599651,-0.32016037493660454,-7.400237836740681e-5,1.280015626015824e-6,0.0,0.0,0.0,0.0,0.0,0.0,0.0,0.0,-2.3950786810273774e-7,2.0737849774533383e-7,-2.0703291680810343e-7,-2.439974423352497e-7,-2.0703291633724314e-7,-2.4399744322729065e-7,2.485284191677245e-7,-2.0663853178846622e-7,1.5124468729489538e-11,9.441261653412634e-9,0.010975284720239746
5,0.05038331567317271,7,8,43,6.35449197137577,0.0014687873854139673,0.320160374936467,7.40023784960859e-5,1.280015427561663e-6,2.485283573029796e-7,-2.0663852783601713e-7,2.0703291236150521e-7,2.4399737957983427e-7,2.0703291315850737e-7,2.439973823223237e-7,-2.395078063045451e-7,2.0737849405809623e-7,0.0,0.0,0.0,0.0,0.0,0.0,0.0,0.0,1.5124468729489538e-11,9.441261653412634e-9,0.010975284720239746
5,0.05038331567317271,7,8,44,11.021049058668204,0.031028136873565204,0.555276993772403,0.001563300414851246,1.0454023402122794e-6,2.4213313132638566e-7,-1.0512834074888491e-7,1.064744347195343e-7,2.386711298478127e-7,1.0647443467269634e-7,2.386711299268563e-7,-2.3523041856038956e-7,1.0777279229077975e-7,0.0,0.0,0.0,0.0,0.0,0.0,0.0,0.0,1.5124468729489538e-11,9.441261653412634e-9,0.010975284720239746
5,0.05038331567317271,7,6,45,11.02104905871589,0.031028136888421765,-0.5552769937748057,-0.0015633004155997687,1.045402302931972e-6,0.0,0.0,0.0,0.0,0.0,0.0,0.0,0.0,-2.3523041535091463e-7,1.0777277704304647e-7,-1.0647441938230651e-7,-2.3867112669670224e-7,-1.0647441908042172e-7,-2.386711264651855e-7,2.421331279198305e-7,-1.051283250640542e-7,1.5124468729489538e-11,9.441261653412634e-9,0.010975284720239746
5,0.05038331567317271,7,6,46,6.347688158430945,-0.0005646187848210062,-0.31981757628108665,2.844736647063993e-5,9.220300212761625e-7,0.0,0.0,0.0,0.0,0.0,0.0,0.0,0.0,1.6560893324745028e-7,-1.6363987347861585e-7,1.63643248330869e-7,1.623328095474588e-7,1.6364324850963127e-7,1.623328083924562e-7,-1.5908941009726025e-7,1.636141535279734e-7,1.5124468729489538e-11,9.441261653412634e-9,0.010975284720239746
5,0.05038331567317271,7,8,47,6.347688158433071,-0.0005646187837084898,0.3198175762811938,-2.8447366414587667e-5,9.220298302053186e-7,-1.5908937103230377e-7,1.6361412526484478e-7,-1.6364321980772454e-7,-1.6233276976745466e-7,-1.6364322048714899e-7,-1.6233276952110135e-7,1.6560889366126747e-7,-1.6363984519324228e-7,0.0,0.0,0.0,0.0,0.0,0.0,0.0,0.0,1.5124468729489538e-11,9.441261653412634e-9,0.010975284720239746
5,0.05038331567317271,7,6,48,11.01989440119711,0.031018317931713592,-0.5552188183005425,-0.0015628057040043596,7.978281412405265e-7,0.0,0.0,0.0,0.0,0.0,0.0,0.0,0.0,1.6728548898766297e-7,1.0492377576586375e-7,-1.0766264266002881e-7,1.6789840783652562e-7,-1.0766264277519753e-7,1.678984079083474e-7,-1.684897908691399e-7,-1.1043508719769457e-7,1.5124468729489538e-11,9.441261653412634e-9,0.010975284720239746
5,0.05038331567317271,7,8,49,11.019894401192234,0.031018317932734372,0.5552188183002968,0.0015628057040557898,7.978281272095858e-7,-1.6848978684963534e-7,-1.104350867979133e-7,1.0766264240820897e-7,-1.678984038502336e-7,1.0766264233205939e-7,-1.678984040070212e-7,1.6728548511899991e-7,1.0492377546893884e-7,0.0,0.0,0.0,0.0,0.0,0.0,0.0,0.0,1.5124468729489538e-11,9.441261653412634e-9,0.010975284720239746
5,0.05038331567317271,7,6,50,11.02405896387209,0.029038348415471732,-0.5554286427764368,-0.0014630482748442869,4.118891158253274e-7,0.0,0.0,0.0,0.0,0.0,0.0,0.0,0.0,7.017355109498915e-8,-7.676336244274126e-8,7.669055637492857e-8,6.871185296260037e-8,7.66905559042327e-8,6.871185281689645e-8,-6.726549142219923e-8,7.660400594212171e-8,1.5124468729489538e-11,9.441261653412634e-9,0.010975284720239746
5,0.05038331567317271,7,8,51,11.02405896387053,0.029038348415423,0.5554286427763582,0.0014630482748418316,4.1188911549465203e-7,-6.72654907141612e-8,7.660400646633094e-8,-7.669055689039628e-8,-6.871185201566478e-8,-7.669055645666049e-8,-6.871185232429898e-8,7.017355036334896e-8,-7.676336298671727e-8,0.0,0.0,0.0,0.0,0.0,0.0,0.0,0.0,1.5124468729489538e-11,9.441261653412634e-9,0.010975284720239746
5,0.05038331567317271,7,6,52,8.934927068422176,0.014853051987252328,-0.45017125100509015,-0.0007483460069837792,3.650272613532855e-7,0.0,0.0,0.0,0.0,0.0,0.0,0.0,0.0,5.670359289944435e-8,-7.266574340012532e-8,7.25005489022644e-8,5.541715160245829e-8,7.250054419875689e-8,5.54171526604216e-8,-5.4145210418993285e-8,7.232426481730429e-8,1.5124468729489538e-11,9.441261653412634e-9,0.010975284720239746
5,0.05038331567317271,7,8,53,8.934927068417927,0.014853051978823344,0.45017125100487604,0.0007483460065590992,3.650270439143262e-7,-5.414510498069806e-8,7.232427695530906e-8,-7.250055949685743e-8,-5.5417045728952435e-8,-7.25005579170879e-8,-5.541704770948716e-8,5.670348751152658e-8,-7.266575555361317e-8,0.0,0.0,0.0,0.0,0.0,0.0,0.0,0.0,1.5124468729489538e-11,9.441261653412634e-9,0.010975284720239746
5,0.05038331567317271,7,6,54,8.936284492076808,0.016163860137922866,-0.4502396425095837,-0.0008143888678259808,2.3146496643532228e-7,0.0,0.0,0.0,0.0,0.0,0.0,0.0,0.0,-5.388392053640854e-8,1.9456590832557262e-8,-1.9106873643903375e-8,-5.4619244609165945e-8,-1.9106874293795032e-8,-5.461924456019913e-8,5.535838890858644e-8,-1.8746232881850007e-8,1.5124468729489538e-11,9.441261653412634e-9,0.010975284720239746
5,0.05038331567317271,7,8,55,8.936284492063326,0.016163860139404174,0.4502396425089044,0.000814388867900614,2.3146474923670087e-7,5.535832793667633e-8,-1.874624244321865e-8,1.9106882592929438e-8,5.461918381293078e-8,1.9106883115286894e-8,5.4619184088703375e-8,-5.388386024544169e-8,1.9456599049830328e-8,0.0,0.0,0.0,0.0,0.0,0.0,0.0,0.0,1.5124468729489538e-11,9.441261653412634e-9,0.010975284720239746
5,0.05038331567317271,7,6,56,10.979008699323934,0.00043590607399976965,-0.5531588610765471,-2.1962393330183776e-5,1.9185440297130922e-7,0.0,0.0,0.0,0.0,0.0,0.0,0.0,0.0,4.7037171874749306e-8,1.1591613106242035e-8,-1.1010002320044761e-8,4.6681600592463686e-8,-1.1010002189194185e-8,4.668160059820759e-8,-4.6323826382083204e-8,-1.0437727503968108e-8,1.5124468729489538e-11,9.441261653412634e-9,0.010975284720239746
5,0.05038331567317271,7,8,57,10.979008699336312,0.0004359060733828638,0.5531588610771707,2.1962393299102017e-5,1.9185435218698326e-7,-4.6323814609819344e-8,-1.0437722409452112e-8,1.1009997095015894e-8,-4.6681588880644924e-8,1.1009996876640735e-8,-4.6681588706795e-8,4.703716004566234e-8,1.159160766146512e-8,0.0,0.0,0.0,0.0,0.0,0.0,0.0,0.0,1.5124468729489538e-11,9.441261653412634e-9,0.010975284720239746
5,0.05038331567317271,7,6,58,10.985420427530599,0.002783722676042143,-0.5534819052027941,-0.0001402531783336004,1.8571800646811717e-7,0.0,0.0,0.0,0.0,0.0,0.0,0.0,0.0,-4.567132384252286e-8,-5.199924609659378e-9,5.713234671496107e-9,-4.607547935011483e-8,5.713234656344069e-9,-4.6075479347281825e-8,4.6478491286039554e-8,6.235759704871015e-9,1.5124468729489538e-11,9.441261653412634e-9,0.010975284720239746
5,0.05038331567317271,7,8,59,10.985420427538624,0.002783722679059908,0.5534819052031984,0.00014025317848564539,1.8571798744521227e-7,4.6478486982275016e-8,6.235754952353383e-9,-5.713229989911335e-9,4.60754749943675e-8,-5.713230008731626e-9,4.607547527671266e-8,-4.567131971896726e-8,-5.199920030288864e-9,0.0,0.0,0.0,0.0,0.0,0.0,0.0,0.0,1.5124468729489538e-11,9.441261653412634e-9,0.010975284720239746
5,0.05038331567317271,7,6,60,11.020547108803731,0.029561080258965443,-0.5552517038739292,-0.00148938523832745,1.6620313973575836e-7,0.0,0.0,0.0,0.0,0.0,0.0,0.0,0.0,-1.2906246502393883e-8,3.905927522114374e-8,-3.9319475536638225e-8,-1.34298270915863e-8,-3.9319475588045456e-8,-1.3429827145748605e-8,1.396127136207525e-8,-3.95769891528671e-8,1.5124468729489538e-11,9.441261653412634e-9,0.010975284720239746
5,0.05038331567317271,7,8,61,11.020547108789456,0.02956108025878131,0.55525170387321,0.0014893852383181727,1.6620308837955557e-7,1.3961265652260352e-8,-3.957697738549178e-8,3.931946391272646e-8,1.3429821571425692e-8,3.931946388085734e-8,1.3429821532974959e-8,-1.2906241076732626e-8,3.9059263657113854e-8,0.0,0.0,0.0,0.0,0.0,0.0,0.0,0.0,1.5124468729489538e-11,9.441261653412634e-9,0.010975284720239746
5,0.05038331567317271,7,8,62,6.386215233015205,0.03089919672699772,0.3217586980418293,0.0015568039827437911,3.415698623410652e-8,6.756021473093633e-10,-8.598346778609228e-9,8.519058734854086e-9,5.837166528975247e-10,8.519058673255086e-9,5.837165371773128e-10,-4.935348405670845e-10,8.43965371557192e-9,0.0,0.0,0.0,0.0,0.0,0.0,0.0,0.0,1.5124468729489538e-11,9.441261653412634e-9,0.010975284720239746
5,0.05038331567317271,7,6,63,6.386215233017211,0.03089919673069808,-0.32175869804193036,-0.0015568039829302275,3.415696081693834e-8,0.0,0.0,0.0,0.0,0.0,0.0,0.0,0.0,-4.935347680502964e-10,8.439647384399246e-9,-8.51905235211951e-9,-5.837165345823442e-10,-8.519052330612909e-9,-5.837164653869505e-10,6.756020299120059e-10,-8.59834038420258e-9,1.5124468729489538e-11,9.441261653412634e-9,0.010975284720239746
5,0.05038331567317271,7,8,64,8.549187531584668,0.016189850017812934,0.4307364141529825,0.0008156983241487899,1.821546679064377e-9,6.053636881679665e-11,-4.559505508680123e-10,4.5199073667402256e-10,5.541679402312797e-11,4.519907451549106e-10,5.541680117013338e-11,-5.038762336099144e-11,4.480198385093264e-10,0.0,0.0,0.0,0.0,0.0,0.0,0.0,0.0,1.5124468729489538e-11,9.441261653412634e-9,0.010975284720239746
5,0.05038331567317271,7,6,65,8.549187531584277,0.016189850010902136,-0.4307364141529628,-0.0008156983238006009,1.8215464945360133e-9,0.0,0.0,0.0,0.0,0.0,0.0,0.0,0.0,-5.038762662810518e-11,4.480197905102212e-10,-4.519906886169809e-10,-5.5416794839768646e-11,-4.5199069971733597e-10,-5.5416804635950224e-11,6.053636984461499e-11,-4.559505054208419e-10,1.5124468729489538e-11,9.441261653412634e-9,0.010975284720239746
5,0.05038331567317271,7,8,66,12.978076679045255,0.03327683331546326,0.6538785341509781,0.0016765971975365357,9.180378155946766e-17,-1.3916378950971984e-17,1.847723543641553e-17,-1.8378546290507125e-17,-1.3594991974212332e-17,-1.8570509830853603e-17,-1.3639102174436916e-17,1.3320182061947853e-17,-1.846835758585396e-17,0.0,0.0,0.0,0.0,0.0,0.0,0.0,0.0,1.5124468729489538e-11,9.441261653412634e-9,0.010975284720239746
5,0.05038331567317271,7,8,67,6.7802719967759435,0.03297887643071468,0.3416125843635354,0.001661585141755253,6.158116510324848e-17,1.21630869393462e-17,-9.667858376623965e-18,9.770474650468146e-18,1.194152897181351e-17,9.64356167855206e-18,1.1956289493536033e-17,-1.173653135305084e-17,9.74344524733129e-18,0.0,0.0,0.0,0.0,0.0,0.0,0.0,0.0,1.5124468729489538e-11,9.441261653412634e-9,0.010975284720239746
5,0.05038331567317271,7,6,68,6.78027199678188,0.032978876402144815,-0.3416125843638345,-0.0016615851403158084,3.807805147331007e-17,0.0,0.0,0.0,0.0,0.0,0.0,0.0,0.0,7.474642576513576e-18,-5.79114766769164e-18,5.73871576396293e-18,7.604136374042138e-18,5.729950535534553e-18,7.592774196589796e-18,-7.722364135578475e-18,5.675555289209279e-18,1.5124468729489538e-11,9.441261653412634e-9,0.010975284720239746
5,0.05038331567317271,7,6,69,12.978076678765614,0.03327683329299404,-0.6538785341368888,-0.0016765971964044619,9.907075207734217e-18,0.0,0.0,0.0,0.0,0.0,0.0,0.0,0.0,-1.0765912690426236e-18,-2.2512885273021793e-18,2.2677975433618586e-18,-1.0447823066629696e-18,2.2151230764769134e-18,-1.0622551076989656e-18,1.0309585230032731e-18,2.231409352057866e-18,1.5124468729489538e-11,9.441261653412634e-9,0.010975284720239746
5,0.05038331567317271,7,6,70,8.937612802096007,0.01747818056768574,-0.4503065671725928,-0.0008806086889344237,1.2328484335449224e-18,0.0,0.0,0.0,0.0,0.0,0.0,0.0,0.0,-2.9357622080170803e-19,-8.319935106989354e-20,8.697397640256179e-20,-2.956371574038146e-19,8.698023439826467e-20,-2.9571701234029893e-19,2.9776104544792264e-19,9.081371738138523e-20,1.5124468729489538e-11,9.441261653412634e-9,0.010975284720239746
5,0.05038331567317271,7,6,71,2.147093288163534,0.03300629244997737,-0.1081776789172937,-0.0016629664517082668,1.143399498334095e-18,0.0,0.0,0.0,0.0,0.0,0.0,0.0,0.0,2.508153360860503e-19,1.321441231750659e-19,-1.3762211386270321e-19,2.5119451421881814e-19,-1.3386260179008667e-19,2.5190875353703736e-19,-2.5227076707012288e-19,-1.3937611479163174e-19,1.5124468729489538e-11,9.441261653412634e-9,0.010975284720239746
5,0.05038331567317271,7,8,72,8.937612802095781,0.017478180549648503,0.45030656717258144,0.0008806086880256478,1.1045185337265443e-18,4.013969439762412e-20,2.7607589592764454e-19,-2.728623785218882e-19,4.2527918214763566e-20,-2.728184629488359e-19,4.236345143077325e-20,-4.4696071523922835e-20,-2.6961554071498774e-19,0.0,0.0,0.0,0.0,0.0,0.0,0.0,0.0,1.5124468729489538e-11,9.441261653412634e-9,0.010975284720239746
5,0.05038331567317271,7,6,73,10.987928080496408,0.0012853626288091852,-0.5536082490737692,-6.47608310817923e-5,9.250866098547398e-19,0.0,0.0,0.0,0.0,0.0,0.0,0.0,0.0,-2.287485705151451e-19,-2.321007602272681e-21,4.622627359913906e-21,-2.3127160775975327e-19,4.481566797300772e-21,-2.3116836328472974e-19,2.3369683940319066e-19,6.831309218501204e-21,1.5124468729489538e-11,9.441261653412634e-9,0.010975284720239746
5,0.05038331567317271,7,8,74,10.987928080499003,0.0012853626311490982,0.5536082490738999,6.476083119968487e-5,7.617776710655091e-19,1.9140261546273118e-19,1.985691940665876e-20,-1.7782386684652376e-20,1.896154723533444e-19,-1.7762956834557856e-20,1.8960081187105695e-19,-1.8781187051013393e-19,-1.5727691177994958e-20,0.0,0.0,0.0,0.0,0.0,0.0,0.0,0.0,1.5124468729489538e-11,9.441261653412634e-9,0.010975284720239746
5,0.05038331567317271,7,6,75,8.949730764976604,0.017611722660717373,-0.4509171103217217,-0.0008873369823632926,2.6515650458346246e-19,0.0,0.0,0.0,0.0,0.0,0.0,0.0,0.0,-6.452021749292175e-20,1.0996210447379047e-20,-1.0549346700982111e-20,-6.570806661417552e-20,-1.085015042563275e-20,-6.512627697996929e-20,6.632284540423731e-20,-1.0394914069946924e-20,1.5124468729489538e-11,9.441261653412634e-9,0.010975284720239746
5,0.05038331567317271,7,6,76,10.981353489547747,-0.0006075632585343035,-0.5532769993825808,3.061105144615526e-5,2.258588763677815e-19,0.0,0.0,0.0,0.0,0.0,0.0,0.0,0.0,1.4913479976338796e-20,5.504836992950981e-20,-5.425962101906594e-20,1.5293874053721563e-20,-5.444222630452553e-20,1.5305779542200336e-20,-1.5675527000983263e-20,-5.3656567196000915e-20,1.5124468729489538e-11,9.441261653412634e-9,0.010975284720239746
5,0.05038331567317271,7,8,77,10.981353489547788,-0.0006075632609322951,0.5532769993825829,-3.061105156697402e-5,2.1760454048507695e-19,-1.0436105520626248e-20,-5.285316604234476e-20,5.340115228693229e-20,-9.987035645853274e-21,5.355520250029531e-20,-9.955887507388138e-21,9.49567659518878e-21,5.4104187470992346e-20,0.0,0.0,0.0,0.0,0.0,0.0,0.0,0.0,1.5124468729489538e-11,9.441261653412634e-9,0.010975284720239746
5,0.05038331567317271,7,8,78,2.147093288161911,0.03300629244848508,0.10817767891721194,0.0016629664516330804,2.0848158178110565e-19,4.0351642706363767e-20,3.284304332278748e-20,-3.235791718507813e-20,3.977864216663677e-20,-3.3330781524369225e-20,4.11691165833793e-20,-4.0584458125364727e-20,-3.283838999020135e-20,0.0,0.0,0.0,0.0,0.0,0.0,0.0,0.0,1.5124468729489538e-11,9.441261653412634e-9,0.010975284720239746
5,0.05038331567317271,7,6,79,4.3161739301217015,0.01764792117499567,-0.21746315362164018,-0.000889160783535076,8.861727343249387e-20,0.0,0.0,0.0,0.0,0.0,0.0,0.0,0.0,-1.964455791976872e-20,-9.723407145692224e-21,1.0077363788426553e-20,-1.9816393744950202e-20,9.939754758956699e-21,-1.9711642216667472e-20,1.9882051221496925e-20,1.029751880518027e-20,1.5124468729489538e-11,9.441261653412634e-9,0.010975284720239746
6,0.029088820866572156,8,7,0,0.3210843628552249,0.01774448813249463,-0.009339965514153092,-0.0005161662366551517,60.00442161585685,0.0,0.0,0.0,0.0,0.0,0.0,0.0,0.0,-10.927708587668103,10.05741265809729,-10.04760108819131,-11.138564778085732,-10.047601089113096,-11.138564777741095,11.351430265586867,-10.03556160532202,2.5710032016171788e-11,5.913169021189889e-8,0.007515038772507795
6,0.029088820866572156,8,9,1,0.3210843628538592,0.01774448813182737,0.009339965514113365,0.000516166236635742,60.00442160828785,11.351430264979253,-10.035561603169594,10.047601086084956,11.138564777424914,10.047601086918528,11.138564777184573,-10.927708587058786,10.057412655948621,0.0,0.0,0.0,0.0,0.0,0.0,0.0,0.0,2.5710032016171788e-11,5.913169021189889e-8,0.007515038772507795
6,0.029088820866572156,8,7,2,0.2874717574793435,-0.01584397508992938,-0.008362214457515298,0.0004608825532053872,53.795006902304706,0.0,0.0,0.0,0.0,0.0,0.0,0.0,0.0,9.138192588705133,-10.05021268101242,10.040192951257113,8.947312783415486,10.040192952045292,8.947312783051867,-8.758440837387619,10.028383558948198,2.5710032016171788e-11,5.913169021189889e-8,0.007515038772507795
6,0.029088820866572156,8,9,3,0.2874717574806944,-0.015843975087116397,0.008362214457554595,-0.00046088255312356087,53.79500689360471,-8.75844083651801,10.028383556811043,-10.040192949167288,-8.947312782494684,-10.040192949858817,-8.94731278223269,9.138192587835166,-10.050212678873084,0.0,0.0,0.0,0.0,0.0,0.0,0.0,0.0,2.5710032016171788e-11,5.913169021189889e-8,0.007515038772507795
6,0.029088820866572156,8,9,4,11.695542861642888,0.001319687712119353,0.3402095512396467,3.838815945765631e-5,4.857838282109222,0.8814911465252298,-0.8529971423243422,0.8531952247717152,0.864231578038914,0.8531952250932477,0.864231576671032,-0.8471426299299616,0.8532204442025524,0.0,0.0,0.0,0.0,0.0,0.0,0.0,0.0,2.5710032016171788e-11,5.913169021189889e-8,0.007515038772507795
6,0.029088820866572156,8,7,5,11.695542861552962,0.001319687804007888,-0.34020955123703084,-3.838816213058544e-5,4.857838049137577,0.0,0.0,0.0,0.0,0.0,0.0,0.0,0.0,-0.8471425142509963,0.8532204784642864,-0.8531952577689423,-0.8642314621598384,-0.8531952606440975,-0.8642314612007631,0.8814910308480282,-0.8529971765875474,2.5710032016171788e-11,5.913169021189889e-8,0.007515038772507795
6,0.029088820866572156,8,9,6,11.69253555638078,-0.0014641363408565145,0.34012207227558605,-4.258999974341358e-5,4.795263101967134,-0.8253146126916211,0.8529291538178815,-0.8531215010520657,-0.842182354965097,-0.8531215013737996,-0.8421823535970692,0.8592207033120579,-0.8531453951160956,0.0,0.0,0.0,0.0,0.0,0.0,0.0,0.0,2.5710032016171788e-11,5.913169021189889e-8,0.007515038772507795
6,0.029088820866572156,8,7,7,11.692535556570785,-0.001464136313609532,-0.34012207228111313,4.2589998950830985e-5,4.795262874523917,0.0,0.0,0.0,0.0,0.0,0.0,0.0,0.0,0.8592205875153028,-0.8531454295180264,0.853121534187535,0.8421822389667031,0.8531215370652893,0.8421822380111254,-0.8253144968971334,0.8529291882197743,2.5710032016171788e-11,5.913169021189889e-8,0.007515038772507795
6,0.029088820866572156,8,7,8,3.8660528978315867,0.0013368356133935423,-0.11245892020571521,-3.888697168605886e-5,4.460109243892301,0.0,0.0,0.0,0.0,0.0,0.0,0.0,0.0,-0.7870274789225866,0.7740768895983042,-0.7738675020958006,-0.8027159122170144,-0.7738675024158744,-0.8027159123955584,0.8185591031260059,-0.7734975562583708,2.5710032016171788e-11,5.913169021189889e-8,0.007515038772507795
6,0.029088820866572156,8,9,9,3.866052897823429,0.0013368356145882915,0.11245892020547792,3.888697172081271e-5,4.460109219833008,0.8185591026326051,-0.7734975481040125,0.7738674940769308,0.8027159117132133,0.7738674941258846,0.8027159119113338,-0.7870274784295909,0.7740768814437107,0.0,0.0,0.0,0.0,0.0,0.0,0.0,0.0,2.5710032016171788e-11,5.913169021189889e-8,0.007515038772507795
6,0.029088820866572156,8,7,10,3.8634173893969677,-0.0012901039045904485,-0.11238225637296824,3.752760137989685e-5,4.3003125439914935,0.0,0.0,0.0,0.0,0.0,0.0,0.0,0.0,0.7615336888661253,-0.7740465572872525,0.7738464191572839,0.7462552743747187,0.7738464194687449,0.7462552745617261,-0.7311316144189135,0.7734970148117636,2.5710032016171788e-11,5.913169021189889e-8,0.007515038772507795
6,0.029088820866572156,8,9,11,3.8634173893927564,-0.0012901039081239275,0.11238225637284574,-3.752760148268159e-5,4.3003125190965115,-0.7311316139844871,0.7734970065849411,-0.7738464110649789,-0.7462552739302178,-0.7738464111068208,-0.7462552741358043,0.7615336884317685,-0.7740465490597515,0.0,0.0,0.0,0.0,0.0,0.0,0.0,0.0,2.5710032016171788e-11,5.913169021189889e-8,0.007515038772507795
6,0.029088820866572156,8,9,12,0.9404748161243581,0.013763485902612088,0.02735730345576384,0.0004003635759206742,1.227858944941523,0.2387665344161448,-0.19777897750974616,0.19816530184385,0.2344208855803294,0.1981653018629244,0.23442088557906307,-0.23011486511479912,0.19850473805710503,0.0,0.0,0.0,0.0,0.0,0.0,0.0,0.0,2.5710032016171788e-11,5.913169021189889e-8,0.007515038772507795
6,0.029088820866572156,8,7,13,0.9404748161266515,0.013763485900462814,-0.027357303455830553,-0.0004003635758581544,1.2278589448436874,0.0,0.0,0.0,0.0,0.0,0.0,0.0,0.0,-0.23011486512134666,0.19850473801139426,-0.19816530179614988,-0.2344208855879907,-0.19816530181901132,-0.2344208855847844,0.23876653442299012,-0.19777897746384013,2.5710032016171788e-11,5.913169021189889e-8,0.007515038772507795
6,0.029088820866572156,8,9,14,0.9173489364295109,-0.009382279580825582,0.02668459888393853,-0.00027291945004673306,1.0114475983134539,-0.1546582202225486,0.1968522651613993,-0.19725847417761116,-0.15819304037705179,-0.1972584741937515,-0.15819304037211493,0.16176730905718728,-0.1976330406570951,0.0,0.0,0.0,0.0,0.0,0.0,0.0,0.0,2.5710032016171788e-11,5.913169021189889e-8,0.007515038772507795
6,0.029088820866572156,8,7,15,0.9173489364254065,-0.009382279582387094,-0.02668459888381914,0.0002729194500921556,1.0114475980920523,0.0,0.0,0.0,0.0,0.0,0.0,0.0,0.0,0.161767309038908,-0.19763304060072598,0.19725847412035075,0.15819304036014753,0.19725847413818534,0.15819304035275714,-0.15465822020457495,0.19685226510494225,2.5710032016171788e-11,5.913169021189889e-8,0.007515038772507795
6,0.029088820866572156,8,7,16,4.456055030363717,0.028218352884742386,-0.1296213865498379,-0.0008208386122139909,0.007013821015367352,0.0,0.0,0.0,0.0,0.0,0.0,0.0,0.0,-0.0011659582903634413,0.001286124865611682,-0.0012872080835377281,-0.0011906078128252995,-0.0012872080836909665,-0.0011906078126323572,0.0012155147528970388,-0.0012880531543122673,2.5710032016171788e-11,5.913169021189889e-8,0.007515038772507795
6,0.029088820866572156,8,9,17,4.456055030400032,0.02821835289285953,0.12962138655089428,0.0008208386124501091,0.007013821011326285,0.0012155147514847937,-0.0012880531542472902,0.0012872080834664989,0.0011906078114207533,0.0012872080836010976,0.0011906078112354443,-0.001165958288974321,0.0012861248655158207,0.0,0.0,0.0,0.0,0.0,0.0,0.0,0.0,2.5710032016171788e-11,5.913169021189889e-8,0.007515038772507795
6,0.029088820866572156,8,7,18,4.5313704029054795,0.002527475906995976,-0.1318122219302044,-7.352129390318294e-5,0.006274612396386653,0.0,0.0,0.0,0.0,0.0,0.0,0.0,0.0,-0.0011083917322195094,0.0010877946326980736,-0.0010874761635391544,-0.0011304623466837293,-0.0010874761649103811,-0.0011304623471396112,0.0011527504341848694,-0.0010869315815636173,2.5710032016171788e-11,5.913169021189889e-8,0.007515038772507795
6,0.029088820866572156,8,9,19,4.531370402897352,0.0025274759206228535,0.13181222192996797,7.352129429957272e-5,0.006274612344585218,0.001152750423560231,-0.0010869315739043413,0.0010874761570219033,0.0011304623357741804,0.0010874761561376553,0.0011304623368178339,-0.0011083917216138965,0.001087794625065176,0.0,0.0,0.0,0.0,0.0,0.0,0.0,0.0,2.5710032016171788e-11,5.913169021189889e-8,0.007515038772507795
6,0.029088820866572156,8,7,20,4.529479315534749,0.0006378744900190948,-0.13175721242843416,-1.8555016775521518e-5,0.005951298337619757,0.0,0.0,0.0,0.0,0.0,0.0,0.0,0.0,0.0010375178501132603,-0.0010870979923026502,0.0010865000213770705,0.0010163803555738487,0.001086500022468864,0.0010163803560624483,-0.0009954601411582395,0.001085698753774291,2.5710032016171788e-11,5.913169021189889e-8,0.007515038772507795
6,0.029088820866572156,8,9,21,4.529479315543228,0.000637874483725067,0.13175721242868083,1.855501659243567e-5,0.005951298297910762,-0.000995460131732676,0.0010856987489800847,-0.0010865000175769258,-0.001016380345796752,-0.0010865000166997696,-0.0010163803470053746,0.0010375178407059653,-0.0010870979875257244,0.0,0.0,0.0,0.0,0.0,0.0,0.0,0.0,2.5710032016171788e-11,5.913169021189889e-8,0.007515038772507795
6,0.029088820866572156,8,9,22,4.400102542528698,-0.024794629341099998,0.127993794654166,-0.0007212465313563119,0.004389271258988567,-0.0008778513036175928,0.0006399863657839986,-0.0006375187865082809,-0.0008930934916631726,-0.0006375187865345078,-0.0008930934916589548,0.0009084631655988152,-0.0006348725758119964,0.0,0.0,0.0,0.0,0.0,0.0,0.0,0.0,2.5710032016171788e-11,5.913169021189889e-8,0.007515038772507795
6,0.029088820866572156,8,7,23,4.400102542522772,-0.024794629340869914,-0.1279937946539936,0.000721246531349619,0.004389271252702963,0.0,0.0,0.0,0.0,0.0,0.0,0.0,0.0,0.0009084631643051976,-0.0006348725749020326,0.0006375187855971729,0.0008930934903929593,0.0006375187856186566,0.0008930934903719667,-0.000877851302353961,0.0006399863648671164,2.5710032016171788e-11,5.913169021189889e-8,0.007515038772507795
6,0.029088820866572156,8,7,24,4.423476886749635,0.00023311743393358841,-0.1286737267660824,-6.781111276569122e-6,0.003752351287158186,0.0,0.0,0.0,0.0,0.0,0.0,0.0,0.0,0.00041352018382650557,-0.0008524913740223675,0.0008480612510779557,0.000400944984023163,0.0008480612510876935,0.00040094498427282695,-0.000388539388699083,0.000843550922187448,2.5710032016171788e-11,5.913169021189889e-8,0.007515038772507795
6,0.029088820866572156,8,9,25,4.423476886751298,0.0002331174369903273,0.12867372676613079,6.781111365486053e-6,0.003752351284600007,-0.000388539385934275,0.0008435509227857002,-0.0008480612515701166,-0.00040094498121490693,-0.0008480612518023609,-0.0004009449815363942,0.0004135201810464516,-0.0008524913746306415,0.0,0.0,0.0,0.0,0.0,0.0,0.0,0.0,2.5710032016171788e-11,5.913169021189889e-8,0.007515038772507795
6,0.029088820866572156,8,7,26,12.36201509130191,0.0026051976884866844,-0.35959644254074286,-7.578212888239701e-5,0.0022024538897673814,0.0,0.0,0.0,0.0,0.0,0.0,0.0,0.0,-0.0003829705307467505,0.0003879315519513604,-0.00038794228175272457,-0.000390718345034405,-0.0003879422836584509,-0.00039071834279912103,0.00039854373770824785,-0.0003878748620389396,2.5710032016171788e-11,5.913169021189889e-8,0.007515038772507795
6,0.029088820866572156,8,9,27,12.36201509134743,0.0026051977310757347,0.359596442542067,7.578213012126226e-5,0.002202453782146974,0.00039854371588586405,-0.00038787484588418504,0.00038794226532278545,0.0003907183226635348,0.0003879422677560203,0.000390718321441503,-0.000382970508844951,0.0003879315357688558,0.0,0.0,0.0,0.0,0.0,0.0,0.0,0.0,2.5710032016171788e-11,5.913169021189889e-8,0.007515038772507795
6,0.029088820866572156,8,7,28,12.359671972316171,0.0003831846331819981,-0.3595282839722977,-1.1146389153454303e-5,0.002161972662725664,0.0,0.0,0.0,0.0,0.0,0.0,0.0,0.0,0.00038517784233974147,-0.0003868555518165731,0.0003868008313937846,0.00037749619069285095,0.0003868008335025297,0.0003774961885266926,-0.0003698918894742957,0.00038667060611371476,2.5710032016171788e-11,5.913169021189889e-8,0.007515038772507795
6,0.029088820866572156,8,9,29,12.359671972283596,0.0003831845738368929,0.3595282839713501,1.1146387427175168e-5,0.002161972548868683,-0.00036989186754242913,0.0003866705877643603,-0.0003868008127780399,-0.00037749616833455534,-0.00038680081545862843,-0.00037749616693953333,0.0003851778203293923,-0.00038685553350302997,0.0,0.0,0.0,0.0,0.0,0.0,0.0,0.0,2.5710032016171788e-11,5.913169021189889e-8,0.007515038772507795
6,0.029088820866572156,8,9,30,12.28762047682677,0.027898753187912323,0.3574323909268379,0.0008115418338838905,0.0021303483109212404,0.00036542724986326564,-0.0003947496697284833,0.0003944204689998496,0.0003578649300298645,0.00039442046904186365,0.0003578649299826735,-0.0003503814870851462,0.00039401968743824403,0.0,0.0,0.0,0.0,0.0,0.0,0.0,0.0,2.5710032016171788e-11,5.913169021189889e-8,0.007515038772507795
6,0.029088820866572156,8,7,31,12.287620476455754,0.0278987532674733,-0.3574323909160454,-0.0008115418361982254,0.002130348253961985,0.0,0.0,0.0,0.0,0.0,0.0,0.0,0.0,-0.0003503814850562412,0.00039401967038028206,-0.0003944204517738172,-0.000357864927798026,-0.0003944204518623748,-0.0003578649277523032,0.0003654272474264346,-0.0003947496523816682,2.5710032016171788e-11,5.913169021189889e-8,0.007515038772507795
6,0.029088820866572156,8,9,32,4.423997302132738,0.0036776012591928746,0.1286888650359377,0.00010697708424734173,0.0020399992982402214,0.00047576676802878475,-0.0001974504522452526,0.00020018654150694707,0.0004690545448033302,0.00020018654185103446,0.0004690545449165422,-0.00046238234961803743,0.00020282881619950593,0.0,0.0,0.0,0.0,0.0,0.0,0.0,0.0,2.5710032016171788e-11,5.913169021189889e-8,0.007515038772507795
6,0.029088820866572156,8,7,33,4.42399730214819,0.0036776012685486685,-0.12868886503638718,-0.00010697708451949073,0.0020399992925732393,0.0,0.0,0.0,0.0,0.0,0.0,0.0,0.0,-0.0004623823491227815,0.00020282881380997983,-0.00020018653918796824,-0.00046905454429777005,-0.00020018653940351847,-0.00046905454437558205,0.0004757667674775689,-0.00019745044986887024,2.5710032016171788e-11,5.913169021189889e-8,0.007515038772507795
6,0.029088820866572156,8,7,34,12.253472923571998,-0.00029742676929757697,-0.35643907886717807,8.6517940130205e-6,0.0013056714678283598,0.0,0.0,0.0,0.0,0.0,0.0,0.0,0.0,0.00013634190717586012,-0.00030017729460615587,0.0002985256308922434,0.00013200660857102744,0.0002985256308487495,0.00013200660890255614,-0.00012773101278340857,0.00029684755984540814,2.5710032016171788e-11,5.913169021189889e-8,0.007515038772507795
6,0.029088820866572156,8,9,35,12.253472923219551,-0.0002974268787457081,0.3564390788569258,-8.65179719673758e-6,0.0013056714460931173,-0.00012773100681226827,0.0002968475565732096,-0.00029852562739386365,-0.00013200660271065476,-0.00029852562775342705,-0.00013200660280311693,0.00013634190118716407,-0.00030017729128312343,0.0,0.0,0.0,0.0,0.0,0.0,0.0,0.0,2.5710032016171788e-11,5.913169021189889e-8,0.007515038772507795
6,0.029088820866572156,8,7,36,12.230296433119936,-0.02428998063214103,-0.3557649020881022,0.0007065668954608575,0.0012281564239480722,0.0,0.0,0.0,0.0,0.0,0.0,0.0,0.0,0.00026862643110558504,-0.00015495936832440855,0.00015606949244253014,0.0002644061516664611,0.00015606949235336955,0.00026440615162285887,-0.0002602170807945953,0.0001571267321212058,2.5710032016171788e-11,5.913169021189889e-8,0.007515038772507795
6,0.029088820866572156,8,9,37,12.230296432605865,-0.024289980661441214,0.3557649020731485,-0.0007065668963131653,0.0012281563593649694,-0.00026021706661390567,0.00015712672465260604,-0.00015606948499752809,-0.00026440613728330274,-0.00015606948498768911,-0.0002644061372516774,0.00026862641653076317,-0.0001549593609846803,0.0,0.0,0.0,0.0,0.0,0.0,0.0,0.0,2.5710032016171788e-11,5.913169021189889e-8,0.007515038772507795
6,0.029088820866572156,8,7,38,12.253569037294419,0.004130846523109705,-0.35644187470203237,-0.00012016145453804063,0.0004947923521669913,0.0,0.0,0.0,0.0,0.0,0.0,0.0,0.0,-0.00011578327364622374,3.9896476127429386e-5,-3.912591278279165e-5,-0.00011734400251372474,-3.912591269100438e-5,-0.00011734400282889292,0.00011891255453256561,-3.833187976557541e-5,2.5710032016171788e-11,5.913169021189889e-8,0.007515038772507795
6,0.029088820866572156,8,9,39,12.253569037487644,0.004130846554071435,0.35644187470765304,0.00012016145543868085,0.000494792291455058,0.00011891254105915537,-3.8331871889541166e-5,3.912590464858932e-5,0.00011734398923194411,3.912590503438583e-5,0.00011734398937673012,-0.0001157832603855315,3.989646821248557e-5,0.0,0.0,0.0,0.0,0.0,0.0,0.0,0.0,2.5710032016171788e-11,5.913169021189889e-8,0.007515038772507795
6,0.029088820866572156,8,7,40,8.043635632201562,0.01730320664615207,-0.2339798760210881,-0.0005033298785471984,0.00011242920754648407,0.0,0.0,0.0,0.0,0.0,0.0,0.0,0.0,-2.070824669058934e-5,1.8587829802810913e-5,-1.856452514475329e-5,-2.1103064442150984e-5,-1.8564525153941316e-5,-2.1103064437328748e-5,2.1501594671808242e-5,-1.8536999511674876e-5,2.5710032016171788e-11,5.913169021189889e-8,0.007515038772507795
6,0.029088820866572156,8,9,41,8.04363563220274,0.01730320664263007,0.23397987602112238,0.0005033298784447474,0.00011242920719854531,2.1501594629464083e-5,-1.85369994276268e-5,1.8564525062691287e-5,2.110306440226636e-5,1.856452506580474e-5,2.1103064395227036e-5,-2.0708246650957687e-5,1.858782971669997e-5,0.0,0.0,0.0,0.0,0.0,0.0,0.0,0.0,2.5710032016171788e-11,5.913169021189889e-8,0.007515038772507795
6,0.029088820866572156,8,9,42,8.010773459242834,-0.015362416273165208,0.23302395415860536,-0.0004468745750478157,9.794794824280977e-5,-1.5667948488347797e-5,1.8499348851382677e-5,-1.852607024988938e-5,-1.6011473356882062e-5,-1.8526070249595094e-5,-1.6011473363164848e-5,1.6358703125467123e-5,-1.8549588982965123e-5,0.0,0.0,0.0,0.0,0.0,0.0,0.0,0.0,2.5710032016171788e-11,5.913169021189889e-8,0.007515038772507795
6,0.029088820866572156,8,7,43,8.010773459243719,-0.015362416272051243,-0.2330239541586311,0.0004468745750154118,9.794794791835583e-5,0.0,0.0,0.0,0.0,0.0,0.0,0.0,0.0,1.6358703116476186e-5,-1.8549588882748847e-5,1.852607015128595e-5,1.601147335058744e-5,1.85260701476401e-5,1.6011473353415316e-5,-1.5667948481296315e-5,1.849934875105939e-5,2.5710032016171788e-11,5.913169021189889e-8,0.007515038772507795
6,0.029088820866572156,8,7,44,8.054123683084672,0.014660654992205056,-0.2342849610544664,-0.0004264611668548697,8.114773878820222e-5,0.0,0.0,0.0,0.0,0.0,0.0,0.0,0.0,1.3110362728640352e-5,-1.574708941442964e-5,1.5719432610191495e-5,1.2823360808855286e-5,1.5719432595508978e-5,1.282336080435518e-5,-1.2539502514536516e-5,1.5689210804572788e-5,2.5710032016171788e-11,5.913169021189889e-8,0.007515038772507795
6,0.029088820866572156,8,9,45,8.054123683091198,0.014660654980323234,0.23428496105465624,0.0004264611665092415,8.114773856963999e-5,-1.2539502680116424e-5,1.568921059855982e-5,-1.571943239753145e-5,-1.2823360970527605e-5,-1.571943239661e-5,-1.2823360974257539e-5,1.311036289468594e-5,-1.574708920891709e-5,0.0,0.0,0.0,0.0,0.0,0.0,0.0,0.0,2.5710032016171788e-11,5.913169021189889e-8,0.007515038772507795
6,0.029088820866572156,8,7,46,8.023488960549095,-0.012407165432692033,-0.23339383309833184,0.00036090981273350476,5.794419311407589e-5,0.0,0.0,0.0,0.0,0.0,0.0,0.0,0.0,-1.2162591423756348e-5,7.599449419105356e-6,-7.5525868413798845e-6,-1.2360968228559886e-5,-7.552586846133777e-6,-1.2360968232469234e-5,1.2560855307403526e-5,-7.503251923779733e-6,2.5710032016171788e-11,5.913169021189889e-8,0.007515038772507795
6,0.029088820866572156,8,9,47,8.023488960541307,-0.01240716541728184,0.23339383309810532,-0.00036090981228524045,5.794419274247488e-5,1.2560855187824542e-5,-7.503251941397051e-6,7.552586862938743e-6,1.2360968109068218e-5,7.552586859577629e-6,1.2360968112839542e-5,-1.2162591304212649e-5,7.5994494364697185e-6,0.0,0.0,0.0,0.0,0.0,0.0,0.0,0.0,2.5710032016171788e-11,5.913169021189889e-8,0.007515038772507795
6,0.029088820866572156,8,7,48,8.051275226724288,0.016704649956472806,-0.2342021028176529,-0.0004859185702226298,4.939885841197811e-5,0.0,0.0,0.0,0.0,0.0,0.0,0.0,0.0,-5.677230506225328e-6,1.0828533925856393e-5,-1.0879466752703552e-5,-5.8433748118477386e-6,-1.0879466738597592e-5,-5.843374811768839e-6,6.01169489383078e-6,-1.0929230672789944e-5,2.5710032016171788e-11,5.913169021189889e-8,0.007515038772507795
6,0.029088820866572156,8,9,49,8.051275226725576,0.016704649957937967,0.23420210281769038,0.00048591857026524963,4.939885825538171e-5,6.011695088765851e-6,-1.0929230522408714e-5,1.0879466598834486e-5,5.843375002429395e-6,1.087946659499806e-5,5.843375009520165e-6,-5.677230699635391e-6,1.0828533778759766e-5,0.0,0.0,0.0,0.0,0.0,0.0,0.0,0.0,2.5710032016171788e-11,5.913169021189889e-8,0.007515038772507795
6,0.029088820866572156,8,9,50,11.594754966451859,-0.001364753646181896,0.337277750210916,-3.969907434078637e-5,3.508491057588195e-5,-4.399806823319507e-6,7.486589550872647e-6,-7.517008417734394e-6,-4.519421696015806e-6,-7.517008417265146e-6,-4.51942171327026e-6,4.640539897212902e-6,-7.54652324988514e-6,0.0,0.0,0.0,0.0,0.0,0.0,0.0,0.0,2.5710032016171788e-11,5.913169021189889e-8,0.007515038772507795
6,0.029088820866572156,8,7,51,11.594754966454044,-0.0013647536402501131,-0.33727775021097955,3.96990741682378e-5,3.508490950318963e-5,0.0,0.0,0.0,0.0,0.0,0.0,0.0,0.0,4.640539603719678e-6,-7.5465231089749985e-6,7.51700828347342e-6,4.5194214079504105e-6,7.51700827222597e-6,4.519421425061955e-6,-4.399806540435434e-6,7.486589412505668e-6,2.5710032016171788e-11,5.913169021189889e-8,0.007515038772507795
6,0.029088820866572156,8,7,52,8.015984904976712,-0.015016003544806663,-0.233175548970014,0.0004367978372466935,2.4982079175862202e-5,0.0,0.0,0.0,0.0,0.0,0.0,0.0,0.0,5.730012956124598e-6,-2.6380732095452723e-6,2.6684258535377984e-6,5.646598164898684e-6,2.668425856472112e-6,5.646598166838064e-6,-5.56371694781289e-6,2.6976491275143203e-6,2.5710032016171788e-11,5.913169021189889e-8,0.007515038772507795
6,0.029088820866572156,8,9,53,8.015984904976776,-0.015016003543030884,0.23317554897001586,-0.00043679783719503823,2.4982079107133678e-5,-5.563716910878802e-6,2.697649163137294e-6,-2.668425892471166e-6,-5.646598128850506e-6,-2.6684258904879903e-6,-5.646598130397579e-6,5.730012920593751e-6,-2.6380732468672545e-6,0.0,0.0,0.0,0.0,0.0,0.0,0.0,0.0,2.5710032016171788e-11,5.913169021189889e-8,0.007515038772507795
6,0.029088820866572156,8,7,54,11.597324752859972,0.0011832451356716712,-0.33735250226740693,-3.441920579279611e-5,1.3461442708242062e-5,0.0,0.0,0.0,0.0,0.0,0.0,0.0,0.0,-1.4098548519826421e-6,3.0187999441449993e-6,-3.03474504815107e-6,-1.4544444850598284e-6,-3.034745054666059e-6,-1.4544444718040753e-6,1.499641024793068e-6,-3.050399208832767e-6,2.5710032016171788e-11,5.913169021189889e-8,0.007515038772507795
6,0.029088820866572156,8,9,55,11.597324752849307,0.0011832451407351244,0.3373525022670967,3.441920594008599e-5,1.3461441622119401e-5,1.4996412571102893e-6,-3.050398794498352e-6,3.0347446363303052e-6,1.4544447197255099e-6,3.0347446418883974e-6,1.4544447010786053e-6,-1.4098550836538574e-6,3.0187995338802245e-6,0.0,0.0,0.0,0.0,0.0,0.0,0.0,0.0,2.5710032016171788e-11,5.913169021189889e-8,0.007515038772507795
6,0.029088820866572156,8,7,56,12.187649728554838,0.02815364196341842,-0.35452435973845847,-0.0008189562478154872,1.4442619639052915e-6,0.0,0.0,0.0,0.0,0.0,0.0,0.0,0.0,-1.6545076089314502e-7,3.168699845606734e-7,-3.183672668546445e-7,-1.7030576737156452e-7,-3.183672670915297e-7,-1.7030576744231962e-7,1.7522444397453526e-7,-3.1983048186473257e-7,2.5710032016171788e-11,5.913169021189889e-8,0.007515038772507795
6,0.029088820866572156,8,9,57,12.187649728588639,0.028153641964308765,0.3545243597394417,0.0008189562478413863,1.4442618443077522e-6,1.7522443071490325e-7,-3.1983045478660877e-7,3.1836723984134253e-7,1.7030575428576483e-7,3.183672402088998e-7,1.7030575450562268e-7,-1.6545074812812324e-7,3.1686995774260856e-7,0.0,0.0,0.0,0.0,0.0,0.0,0.0,0.0,2.5710032016171788e-11,5.913169021189889e-8,0.007515038772507795
6,0.029088820866572156,8,7,58,8.660761973589826,0.014125890288156431,-0.2519313536177744,-0.00041090549217303376,8.234545177128217e-7,0.0,0.0,0.0,0.0,0.0,0.0,0.0,0.0,-1.564641911845472e-7,1.306046388745061e-7,-1.3033018010002418e-7,-1.5934791921722486e-7,-1.3033018040250015e-7,-1.5934791874613163e-7,1.6225770962638738e-7,-1.3002384943617518e-7,2.5710032016171788e-11,5.913169021189889e-8,0.007515038772507795
6,0.029088820866572156,8,9,59,8.66076197358941,0.014125890282155502,0.2519313536177623,0.0004109054919984738,8.234545104363862e-7,1.6225771208294815e-7,-1.300238435734729e-7,1.3033017425532336e-7,1.5934792175901768e-7,1.303301744490546e-7,1.593479211528475e-7,-1.564641936780175e-7,1.3060463294063764e-7,0.0,0.0,0.0,0.0,0.0,0.0,0.0,0.0,2.5710032016171788e-11,5.913169021189889e-8,0.007515038772507795
6,0.029088820866572156,8,9,60,8.636814344351592,-0.009680722872676253,0.2512347453206843,-0.00028160081350220734,7.051480501648172e-7,-1.0242175746675369e-7,1.4131535246689178e-7,-1.4169386207331054e-7,-1.0487328793520677e-7,-1.4169386195150781e-7,-1.0487328846614485e-7,1.0735315560847053e-7,-1.4205139406699745e-7,0.0,0.0,0.0,0.0,0.0,0.0,0.0,0.0,2.5710032016171788e-11,5.913169021189889e-8,0.007515038772507795
6,0.029088820866572156,8,7,61,8.63681434435071,-0.009680722872197341,-0.25123474532065865,0.0002816008134882764,7.051480246371119e-7,0.0,0.0,0.0,0.0,0.0,0.0,0.0,0.0,1.0735315251476777e-7,-1.4205138836576808e-7,1.4169385638949297e-7,1.0487328493552877e-7,1.4169385615210806e-7,1.0487328552585435e-7,-1.0242175461994823e-7,1.4131534668755978e-7,2.5710032016171788e-11,5.913169021189889e-8,0.007515038772507795
6,0.029088820866572156,8,7,62,8.67223966652466,0.011283982418643201,-0.2522652261715173,-0.0003282377432374617,5.457236769110882e-7,0.0,0.0,0.0,0.0,0.0,0.0,0.0,0.0,9.456009521739979e-8,-1.0023389872244689e-7,1.0016784996220035e-7,9.262217331449298e-8,1.0016785005220612e-7,9.262217322512435e-8,-9.070428303908132e-8,1.0008327484520024e-7,2.5710032016171788e-11,5.913169021189889e-8,0.007515038772507795
6,0.029088820866572156,8,9,63,8.67223966653011,0.011283982406983514,0.25226522617167585,0.0003282377428982952,5.457236688789694e-7,-9.070428473257749e-8,1.0008327056662855e-7,-1.0016784579517883e-7,-9.262217496795082e-8,-1.0016784564599086e-7,-9.262217492738144e-8,9.4560096880011e-8,-1.0023389442827019e-7,0.0,0.0,0.0,0.0,0.0,0.0,0.0,0.0,2.5710032016171788e-11,5.913169021189889e-8,0.007515038772507795
6,0.029088820866572156,8,7,64,12.263254685148901,0.0028110137197710633,-0.3567236187774481,-8.176907454789712e-5,5.025166272678038e-7,0.0,0.0,0.0,0.0,0.0,0.0,0.0,0.0,-2.517980356061825e-8,1.218005909250523e-7,-1.2276416916097557e-7,-2.6661859662551212e-8,-1.2276416927580097e-7,-2.666185939067229e-8,2.8168467785350504e-8,-1.2372241268661604e-7,2.5710032016171788e-11,5.913169021189889e-8,0.007515038772507795
6,0.029088820866572156,8,9,65,12.263254685146496,0.0028110137339337447,0.3567236187773781,8.176907495987282e-5,5.025165832210064e-7,2.816847083739713e-8,-1.2372240082550396e-7,1.2276415734963187e-7,2.666186262684228e-8,1.2276415719452055e-7,2.666186266084393e-8,-2.5179806745760327e-8,1.2180057889716242e-7,0.0,0.0,0.0,0.0,0.0,0.0,0.0,0.0,2.5710032016171788e-11,5.913169021189889e-8,0.007515038772507795
6,0.029088820866572156,8,7,66,12.260863410151082,0.00042022117569313205,-0.3566540594073938,-1.2223738504077864e-5,4.76906022755973e-7,0.0,0.0,0.0,0.0,0.0,0.0,0.0,0.0,1.1949553220017003e-7,-1.4906427113475093e-8,1.5940469349730384e-8,1.181530804850305e-7,1.59404691987731e-8,1.1815308050182804e-7,-1.1681381451734408e-7,1.6950880499737506e-8,2.5710032016171788e-11,5.913169021189889e-8,0.007515038772507795
6,0.029088820866572156,8,9,67,12.260863410154538,0.0004202211748406612,0.3566540594074944,1.2223738479280491e-5,4.769060058489179e-7,-1.168138094079867e-7,1.695088648305298e-8,-1.594047512227256e-8,-1.1815307534430912e-7,-1.5940475369027015e-8,-1.1815307550127327e-7,1.1949552716756575e-7,-1.4906433070915303e-8,0.0,0.0,0.0,0.0,0.0,0.0,0.0,0.0,2.5710032016171788e-11,5.913169021189889e-8,0.007515038772507795
6,0.029088820866572156,8,7,68,12.154172267413323,0.0004168699170756067,-0.35355053986824525,-1.2126254342475113e-5,3.802875492054666e-7,0.0,0.0,0.0,0.0,0.0,0.0,0.0,0.0,5.3443052982578304e-8,-7.977862039097131e-8,7.951001940669945e-8,5.2118794018198925e-8,7.951001939671106e-8,5.211879397035526e-8,-5.081043596672763e-8,7.923099306935034e-8,2.5710032016171788e-11,5.913169021189889e-8,0.007515038772507795
6,0.029088820866572156,8,9,69,12.154172267410889,0.00041686991609423546,0.3535505398681745,1.212625431392818e-5,3.8028749497640986e-7,-5.0810422451559304e-8,7.923098574017643e-8,-7.951001189801655e-8,-5.211878026551935e-8,-7.951001226860339e-8,-5.2118780593273074e-8,5.3443039368661356e-8,-7.977861308182943e-8,0.0,0.0,0.0,0.0,0.0,0.0,0.0,0.0,2.5710032016171788e-11,5.913169021189889e-8,0.007515038772507795
6,0.029088820866572156,8,9,70,8.670583982375522,0.01302000672770335,0.2522170642718914,0.00037873664338372706,3.030801020999132e-7,3.848568978517927e-8,-6.614853430521278e-8,6.586813511249335e-8,3.744594135190022e-8,6.586813514694593e-8,3.7445941254149074e-8,-3.6419365697798795e-8,6.558024544882572e-8,0.0,0.0,0.0,0.0,0.0,0.0,0.0,0.0,2.5710032016171788e-11,5.913169021189889e-8,0.007515038772507795
6,0.029088820866572156,8,7,71,8.670583982376332,0.013020006720398866,-0.2522170642719149,-0.00037873664317124826,3.0308009866868743e-7,0.0,0.0,0.0,0.0,0.0,0.0,0.0,0.0,-3.641936490647875e-8,6.558024493190274e-8,-6.586813462734034e-8,-3.7445940563936865e-8,-6.586813453962238e-8,-3.744594049278235e-8,3.8485689027012895e-8,-6.614853372857558e-8,2.5710032016171788e-11,5.913169021189889e-8,0.007515038772507795
6,0.029088820866572156,8,9,72,8.651801939471687,-0.006620481779764521,0.25167071679035347,-0.00019258200854197497,2.8464216287364206e-7,5.782397855789974e-8,-4.2687743862911135e-8,4.283339854163394e-8,5.682314104556958e-8,4.2833398804958265e-8,5.682314091380999e-8,-5.583086894474825e-8,4.2967688002632537e-8,0.0,0.0,0.0,0.0,0.0,0.0,0.0,0.0,2.5710032016171788e-11,5.913169021189889e-8,0.007515038772507795
6,0.029088820866572156,8,7,73,8.651801939481587,-0.006620481797166677,-0.2516707167906414,0.00019258200904818316,2.846421598821967e-7,0.0,0.0,0.0,0.0,0.0,0.0,0.0,0.0,-5.583086749936163e-8,4.296768867069739e-8,-4.283339932333945e-8,-5.682313960406904e-8,-4.2833399383334225e-8,-5.682313945708454e-8,5.7823977105089894e-8,-4.268774455495193e-8,2.5710032016171788e-11,5.913169021189889e-8,0.007515038772507795
6,0.029088820866572156,8,7,74,5.097182171613613,0.0017502599090763356,-0.14827101911435364,-5.0912996965064394e-5,1.4851150346963434e-7,0.0,0.0,0.0,0.0,0.0,0.0,0.0,0.0,3.4224256423315176e-8,1.5328245070083214e-8,-1.4836128304179718e-8,3.4033800348154544e-8,-1.4836127632621797e-8,3.40338000816004e-8,-3.384037609826489e-8,-1.4350817335661153e-8,2.5710032016171788e-11,5.913169021189889e-8,0.007515038772507795
6,0.029088820866572156,8,9,75,5.097182171614042,0.0017502599138425508,0.14827101911436613,5.0912997103707973e-5,1.4851150071381405e-7,-3.3840376217691535e-8,-1.4350815378613118e-8,1.4836126319732648e-8,-3.403380040797147e-8,1.4836125643529414e-8,-3.4033800251145204e-8,3.42242565333607e-8,1.5328243052873423e-8,0.0,0.0,0.0,0.0,0.0,0.0,0.0,0.0,2.5710032016171788e-11,5.913169021189889e-8,0.007515038772507795
6,0.029088820866572156,8,9,76,8.646234602609333,-0.008788536037927643,0.2515087695256606,-0.000255648150486691,1.2588013781265194e-7,-2.733092857103362e-8,1.495744596850267e-8,-1.4830946305884325e-8,-2.7755298330969113e-8,-1.4830946116072869e-8,-2.775529850988812e-8,2.8182633902773853e-8,-1.4698895099415484e-8,0.0,0.0,0.0,0.0,0.0,0.0,0.0,0.0,2.5710032016171788e-11,5.913169021189889e-8,0.007515038772507795
6,0.029088820866572156,8,7,77,8.646234602605137,-0.008788536037357408,-0.2515087695255385,0.00025564815047010353,1.2588013423535916e-7,0.0,0.0,0.0,0.0,0.0,0.0,0.0,0.0,2.8182632157516914e-8,-1.469889648731732e-8,1.4830947637349819e-8,2.7755296599770558e-8,1.4830947513743803e-8,2.775529675487297e-8,-2.7330926830224513e-8,1.4957447309898197e-8,2.5710032016171788e-11,5.913169021189889e-8,0.007515038772507795
6,0.029088820866572156,8,7,78,5.099005541349538,0.003570833572801708,-0.14832405878997548,-0.00010387133814357072,7.267970097768496e-8,0.0,0.0,0.0,0.0,0.0,0.0,0.0,0.0,-5.481647776425962e-9,-1.713313966392181e-8,1.7359827116375404e-8,-5.3634025662410005e-9,1.7359826740123607e-8,-5.363402537231796e-9,5.241685252157142e-9,1.758758652907875e-8,2.5710032016171788e-11,5.913169021189889e-8,0.007515038772507795
6,0.029088820866572156,8,9,79,5.099005541339898,0.0035708335640469747,0.1483240587896951,0.00010387133788890586,7.26796967463408e-8,5.241683640536634e-9,1.7587585870989645e-8,-1.7359826524033164e-8,5.36340091934003e-9,-1.7359826100783572e-8,5.36340100446898e-9,-5.481646208656376e-9,-1.7133139089372686e-8,0.0,0.0,0.0,0.0,0.0,0.0,0.0,0.0,2.5710032016171788e-11,5.913169021189889e-8,0.007515038772507795
7,0.01679443855772424,9,10,0,0.21623426324263395,0.04583709385949017,0.003631533048103185,0.0007698082564878467,106.59671000952451,19.19797083530827,-18.86600943573246,18.867437611047183,18.819217693467063,18.867437612551058,18.81921769270876,-18.444237661974388,18.865101567016126,0.0,0.0,0.0,0.0,0.0,0.0,0.0,0.0,5.6324496432475476e-11,4.771202613887509e-6,0.011948962213969955
7,0.01679443855772424,9,8,1,0.21623426324185058,0.04583709385492342,-0.0036315330480900286,-0.0007698082564111507,106.59671000891609,0.0,0.0,0.0,0.0,0.0,0.0,0.0,0.0,-18.444237661797985,18.865101566976257,-18.867437611011546,-18.81921769329141,-18.867437612509015,-18.819217692531527,19.197970835131805,-18.86600943569464,5.6324496432475476e-11,4.771202613887509e-6,0.011948962213969955
7,0.01679443855772424,9,8,2,2.1231598694540255,0.0036770246591635927,-0.03565727797577145,-6.175356471355988e-5,5.554491941795848,0.0,0.0,0.0,0.0,0.0,0.0,0.0,0.0,-1.0449324510973055,0.8933726378749076,-0.8917510838210113,-1.0644047150098084,-0.8917510838858214,-1.0644047149954627,1.0840553078352118,-0.8899166310559363,5.6324496432475476e-11,4.771202613887509e-6,0.011948962213969955
7,0.01679443855772424,9,10,3,2.1231598694542932,0.003677024658523889,0.03565727797577595,6.175356470281641e-5,5.5544919404573,1.084055307770623,-0.8899166306120218,0.8917510833806761,1.0644047149409674,0.8917510834381938,1.0644047149350582,-1.0449324510327387,0.893372637430848,0.0,0.0,0.0,0.0,0.0,0.0,0.0,0.0,5.6324496432475476e-11,4.771202613887509e-6,0.011948962213969955
7,0.01679443855772424,9,8,4,6.740702552156953,0.003008428343401974,-0.11320631484809492,-5.052486496858057e-5,4.51729665738606,0.0,0.0,0.0,0.0,0.0,0.0,0.0,0.0,-0.810934363256971,0.7697031835555608,-0.7692085849977468,-0.8268176699760383,-0.7692085852692803,-0.8268176698185884,0.842854801716464,-0.7685486077946035,5.6324496432475476e-11,4.771202613887509e-6,0.011948962213969955
7,0.01679443855772424,9,10,5,6.7407025521735395,0.0030084283631102854,0.11320631484837348,5.0524865299570595e-5,4.51729665392937,0.842854804385469,-0.7685486036575059,0.7692085809792027,0.8268176726396684,0.7692085810128895,0.826817672491976,-0.810934365925815,0.7697031794182577,0.0,0.0,0.0,0.0,0.0,0.0,0.0,0.0,5.6324496432475476e-11,4.771202613887509e-6,0.011948962213969955
7,0.01679443855772424,9,8,6,6.724404097546211,-0.0016924518299513205,-0.11293259145354896,2.8423778270025407e-5,3.948628848537848,0.0,0.0,0.0,0.0,0.0,0.0,0.0,0.0,0.7017635597545797,-0.7082672697673742,0.7081331066401023,0.6877340664710724,0.708133106901662,0.6877340663150286,-0.6738461858963881,0.7078613827994948,5.6324496432475476e-11,4.771202613887509e-6,0.011948962213969955
7,0.01679443855772424,9,10,7,6.724404097540829,-0.0016924518139942238,0.11293259145345856,-2.8423778002034926e-5,3.948628844178743,-0.6738461886291222,0.7078613786268144,-0.7081331025853768,-0.6877340691988303,-0.7081331026102687,-0.6877340690517711,0.7017635624871772,-0.7082672655944814,0.0,0.0,0.0,0.0,0.0,0.0,0.0,0.0,5.6324496432475476e-11,4.771202613887509e-6,0.011948962213969955
7,0.01679443855772424,9,8,8,2.1056257521061266,-0.0016077658751155119,-0.03536280231930823,2.7001525204833208e-5,3.7508623778999635,0.0,0.0,0.0,0.0,0.0,0.0,0.0,0.0,0.6491130705904822,-0.689695884169303,0.6892261419183756,0.635793913796356,0.6892261419521788,0.6357939137857629,-0.6226125895030077,0.6886292271351812,5.6324496432475476e-11,4.771202613887509e-6,0.011948962213969955
7,0.01679443855772424,9,10,9,2.105625752105875,-0.001607765874131424,0.03536280231930401,-2.7001525188306006e-5,3.7508623765938833,-0.6226125894921676,0.6886292267011473,-0.689226141486742,-0.6357939137809955,-0.689226141515394,-0.6357939137793319,0.6491130705796139,-0.6896958837349129,0.0,0.0,0.0,0.0,0.0,0.0,0.0,0.0,5.6324496432475476e-11,4.771202613887509e-6,0.011948962213969955
7,0.01679443855772424,9,10,10,2.212934970776238,0.08839948150079703,0.037165000398940815,0.0014846196605998163,0.34162725976457864,0.006673554832687088,-0.08600444512334761,0.08521053751721588,0.005755315721582593,0.08521053751977686,0.005755315716749514,-0.00485411859788739,0.08441547714631166,0.0,0.0,0.0,0.0,0.0,0.0,0.0,0.0,5.6324496432475476e-11,4.771202613887509e-6,0.011948962213969955
7,0.01679443855772424,9,8,11,2.212934970775023,0.08839948150025816,-0.037165000398920414,-0.0014846196605907663,0.3416272597639807,0.0,0.0,0.0,0.0,0.0,0.0,0.0,0.0,-0.0048541185947638885,0.08441547714640106,-0.08521053751722506,-0.005755315718753637,-0.08521053751989009,-0.005755315713338812,0.006673554829570414,-0.08600444512337933,5.6324496432475476e-11,4.771202613887509e-6,0.011948962213969955
7,0.01679443855772424,9,10,12,6.830903548917565,0.08890738371388959,0.1147211899460365,0.0014931495931109315,0.10809333974096341,-0.006546485433144059,-0.026497519421837954,0.02616774872290765,-0.006743370735922945,0.026167748722163854,-0.006743370737466044,0.006935022355696566,0.02583932617402223,0.0,0.0,0.0,0.0,0.0,0.0,0.0,0.0,5.6324496432475476e-11,4.771202613887509e-6,0.011948962213969955
7,0.01679443855772424,9,8,13,6.830903548884814,0.08890738371567963,-0.11472118994548647,-0.0014931495931409943,0.10809333972062626,0.0,0.0,0.0,0.0,0.0,0.0,0.0,0.0,0.006935022356979322,0.025839326168554194,-0.026167748717217935,0.0067433707369199195,-0.026167748716743523,0.006743370738837766,-0.006546485434228686,-0.026497519416191946,5.6324496432475476e-11,4.771202613887509e-6,0.011948962213969955
7,0.01679443855772424,9,8,14,4.416969888494727,0.04585842226952584,-0.07418052940364278,-0.0007701664551597248,0.0016818755125082335,0.0,0.0,0.0,0.0,0.0,0.0,0.0,0.0,-0.00030112759663622474,0.00028741428540032614,-0.00028724659523299344,-0.0003070417435537094,-0.00028724659526589984,-0.00030704174354424113,0.0003130133336394284,-0.00028701749100549373,5.6324496432475476e-11,4.771202613887509e-6,0.011948962213969955
7,0.01679443855772424,9,10,15,4.4169698884935285,0.04585842226664363,0.07418052940362266,0.0007701664551113196,0.0016818755124211764,0.0003130133336109877,-0.0002870174910051779,0.00028724659523452254,0.00030704174352242064,0.00028724659526300605,0.00030704174351718963,-0.00030112759660634705,0.00028741428539926466,0.0,0.0,0.0,0.0,0.0,0.0,0.0,0.0,5.6324496432475476e-11,4.771202613887509e-6,0.011948962213969955
7,0.01679443855772424,9,8,16,9.037049446941667,0.04608201867793571,-0.15177217167977766,-0.0007739216313024921,0.0009410162416447891,0.0,0.0,0.0,0.0,0.0,0.0,0.0,0.0,-0.00013061375522812368,0.00019283661213763558,-0.00019344553477625883,-0.00013386758793094893,-0.00019344553481906535,-0.00013386758790119113,0.00013716010703328617,-0.00019402768007089095,5.6324496432475476e-11,4.771202613887509e-6,0.011948962213969955
7,0.01679443855772424,9,10,17,9.037049446953748,0.04608201867210021,0.15177217167998056,0.0007739216312044882,0.0009410162383269758,0.00013716010818349812,-0.00019402767823746022,0.0001934455329788954,0.0001338675890847752,0.0001934455330020039,0.00013386758905515716,-0.00013061375638547196,0.00019283661035642138,0.0,0.0,0.0,0.0,0.0,0.0,0.0,0.0,5.6324496432475476e-11,4.771202613887509e-6,0.011948962213969955
7,0.01679443855772424,9,8,18,4.441046238429323,0.04203809086125672,-0.07458487818331361,-0.0007060061340534049,0.0008380542960063844,0.0,0.0,0.0,0.0,0.0,0.0,0.0,0.0,0.00013063955519070363,-0.00016647439702910532,0.00016610320581530728,0.00012768503495417372,0.000166103205864743,0.00012768503494940548,-0.0001247637327996843,0.0001657064743220163,5.6324496432475476e-11,4.771202613887509e-6,0.011948962213969955
7,0.01679443855772424,9,10,19,4.4410462384395135,0.04203809086744049,0.07458487818348476,0.0007060061341572578,0.0008380542953811325,-0.00012476373263766978,0.00016570647425096259,-0.0001661032057512368,-0.00012768503477691916,-0.00016610320578395085,-0.0001276850348021675,0.0001306395550282072,-0.0001664743969552407,0.0,0.0,0.0,0.0,0.0,0.0,0.0,0.0,5.6324496432475476e-11,4.771202613887509e-6,0.011948962213969955
7,0.01679443855772424,9,8,20,9.059148541033094,0.0421613199533851,-0.1521433135576775,-0.0007080756974696791,0.0006181594629080788,0.0,0.0,0.0,0.0,0.0,0.0,0.0,0.0,0.00010232446836310865,-0.00011787066963929404,0.00011770513914615804,0.00010013429146072284,0.00011770513920143865,0.00010013429136638713,-9.796765348779626e-5,0.00011751957949622664,5.6324496432475476e-11,4.771202613887509e-6,0.011948962213969955
7,0.01679443855772424,9,10,21,9.059148541050686,0.0421613199337675,0.15214331355797292,0.0007080756971402125,0.000618159458712908,-9.796765221411464e-5,0.00011751957920264633,-0.00011770513891167424,-0.00010013429014199172,-0.00011770513884881248,-0.00010013429013811125,0.00010232446708984402,-0.00011787066934550342,0.0,0.0,0.0,0.0,0.0,0.0,0.0,0.0,5.6324496432475476e-11,4.771202613887509e-6,0.011948962213969955
7,0.01679443855772424,9,8,22,4.445012618254345,0.046103891612488485,-0.07465149130558155,-0.0007742889749579158,0.0004119776545933161,0.0,0.0,0.0,0.0,0.0,0.0,0.0,0.0,-5.8797876967081676e-5,8.330725211625327e-5,-8.354635863315043e-5,-6.02272767468192e-5,-8.3546358683518e-5,-6.022727675645107e-5,6.167338460274085e-5,-8.377341807440126e-5,5.6324496432475476e-11,4.771202613887509e-6,0.011948962213969955
7,0.01679443855772424,9,10,23,4.445012618255712,0.04610389161747544,0.0746514913056045,0.0007742889750416689,0.00041197765389883753,6.167338447718612e-5,-8.377341794912309e-5,8.354635851941102e-5,6.022727661076869e-5,8.354635854758319e-5,6.022727664506246e-5,-5.879787684517692e-5,8.330725199186011e-5,0.0,0.0,0.0,0.0,0.0,0.0,0.0,0.0,5.6324496432475476e-11,4.771202613887509e-6,0.011948962213969955
7,0.01679443855772424,9,8,24,9.062943343920129,0.04591368925550855,-0.15220704514160247,-0.000771094633160082,0.0003091796213266568,0.0,0.0,0.0,0.0,0.0,0.0,0.0,0.0,-4.455210543315269e-5,6.221753231329487e-5,-6.238965063590468e-5,-4.562603633692717e-5,-6.238965068756434e-5,-4.562603627633672e-5,4.671244419635371e-5,-6.255264255608793e-5,5.6324496432475476e-11,4.771202613887509e-6,0.011948962213969955
7,0.01679443855772424,9,10,25,9.062943343906976,0.045913689258607,0.1522070451413816,0.0007710946332121186,0.0003091796143767517,4.671244235378909e-5,-6.25526417390174e-5,6.238964989621524e-5,4.5626034465726713e-5,6.238964980312806e-5,4.562603448181599e-5,-4.45521036098683e-5,6.221753150596847e-5,0.0,0.0,0.0,0.0,0.0,0.0,0.0,0.0,5.6324496432475476e-11,4.771202613887509e-6,0.011948962213969955
7,0.01679443855772424,9,8,26,9.036081348178733,0.04567861559144282,-0.15175591300458574,-0.0007671467029523909,0.0002433513302619487,0.0,0.0,0.0,0.0,0.0,0.0,0.0,0.0,-5.9459206586481816e-5,-9.611283493664894e-6,1.0307971596458193e-5,-5.995667228298814e-5,1.0307971600437412e-5,-5.995667228748486e-5,6.0452075190532494e-5,1.1016650831322924e-5,5.6324496432475476e-11,4.771202613887509e-6,0.011948962213969955
7,0.01679443855772424,9,10,27,9.036081348172608,0.045678615595031946,0.15175591300448288,0.0007671467030126683,0.00024335132470839957,6.0452074063997567e-5,1.1016649190514962e-5,-1.0307969985662898e-5,5.995667115193983e-5,-1.0307969983710335e-5,5.995667115597926e-5,-5.945920545077056e-5,-9.611281906729761e-6,0.0,0.0,0.0,0.0,0.0,0.0,0.0,0.0,5.6324496432475476e-11,4.771202613887509e-6,0.011948962213969955
7,0.01679443855772424,9,8,28,10.954560643073938,-0.0008579587757613222,-0.1839756956469694,1.4408935944583834e-5,2.8816905736389647e-5,0.0,0.0,0.0,0.0,0.0,0.0,0.0,0.0,4.65135421434698e-6,-5.595673193493744e-6,5.5857724976563764e-6,4.549442753856195e-6,5.5857724976946005e-6,4.549442752833587e-6,-4.4486483558465665e-6,5.5749618015956215e-6,5.6324496432475476e-11,4.771202613887509e-6,0.011948962213969955
7,0.01679443855772424,9,10,29,10.954560643073862,-0.0008579587773461655,0.1839756956469681,-1.4408935971200389e-5,2.8816905728253404e-5,-4.448648337728671e-6,5.574961813506778e-6,-5.585772509473466e-6,-4.549442735514584e-6,-5.5857725102024514e-6,-4.549442734867874e-6,4.65135419615947e-6,-5.595673205909641e-6,0.0,0.0,0.0,0.0,0.0,0.0,0.0,0.0,5.6324496432475476e-11,4.771202613887509e-6,0.011948962213969955
7,0.01679443855772424,9,10,30,10.972082266112045,0.004374046348087739,0.1842699614685145,7.345965264159763e-5,2.0129891683380185e-5,3.771876142874833e-6,-3.4072034830699228e-6,3.4104783717389505e-6,3.7004263036857024e-6,3.4104783730515174e-6,3.7004263022582393e-6,-3.629658484731514e-6,3.413013108249457e-6,0.0,0.0,0.0,0.0,0.0,0.0,0.0,0.0,5.6324496432475476e-11,4.771202613887509e-6,0.011948962213969955
7,0.01679443855772424,9,8,31,10.972082266113821,0.0043740463437253255,-0.18426996146854432,-7.345965256833334e-5,2.0129891666400326e-5,0.0,0.0,0.0,0.0,0.0,0.0,0.0,0.0,-3.62965848108225e-6,3.413013105865792e-6,-3.4104783692675603e-6,-3.7004262999258633e-6,-3.4104783710338464e-6,-3.7004262986087038e-6,3.7718761391168996e-6,-3.4072034809676865e-6,5.6324496432475476e-11,4.771202613887509e-6,0.011948962213969955
7,0.01679443855772424,9,8,32,9.064075496589282,0.046072804513347235,-0.15222605901004255,-0.0007737668845814501,1.554330764825529e-5,0.0,0.0,0.0,0.0,0.0,0.0,0.0,0.0,-2.2518266942389707e-6,-3.1191676063315145e-6,3.173102048740772e-6,-2.2428373262222975e-6,3.1731020552658537e-6,-2.2428373210459775e-6,2.23321328784635e-6,3.227485001834469e-6,5.6324496432475476e-11,4.771202613887509e-6,0.011948962213969955
7,0.01679443855772424,9,10,33,9.064075496593574,0.046072804517128224,0.1522260590101146,0.0007737668846449498,1.5543306918541712e-5,2.233213697260608e-6,3.2274844923704677e-6,-3.1731015485551825e-6,2.2428377273901693e-6,-3.1731015405840985e-6,2.242837723612229e-6,-2.2518270886482955e-6,-3.1191671009569476e-6,0.0,0.0,0.0,0.0,0.0,0.0,0.0,0.0,5.6324496432475476e-11,4.771202613887509e-6,0.011948962213969955
7,0.01679443855772424,9,8,34,10.970400734808985,0.0037598236476881833,-0.18424172109436235,-6.314412723897782e-5,1.4531931675779281e-5,0.0,0.0,0.0,0.0,0.0,0.0,0.0,0.0,-2.766357702579718e-6,2.298661534203551e-6,-2.293704114937912e-6,-2.8172373821532234e-6,-2.2937041151164683e-6,-2.8172373823831937e-6,2.8685757464296014e-6,-2.2881832025063883e-6,5.6324496432475476e-11,4.771202613887509e-6,0.011948962213969955
7,0.01679443855772424,9,10,35,10.970400734805168,0.0037598236489086376,0.18424172109429823,6.314412725947466e-5,1.4531931608864674e-5,2.8685757248076535e-6,-2.288183202519079e-6,2.2937041151098965e-6,2.817237360774719e-6,2.293704114723175e-6,2.817237360798984e-6,-2.7663576812386227e-6,2.2986615339705213e-6,0.0,0.0,0.0,0.0,0.0,0.0,0.0,0.0,5.6324496432475476e-11,4.771202613887509e-6,0.011948962213969955
7,0.01679443855772424,9,8,36,6.353052364983185,0.004396989814206512,-0.10669594759771478,-7.384497527363058e-5,4.203180937373923e-6,0.0,0.0,0.0,0.0,0.0,0.0,0.0,0.0,-7.854286822157051e-7,6.821694505246821e-7,-6.810572085699612e-7,-8.001727949939396e-7,-6.81057207576476e-7,-8.00172794596938e-7,8.15053102811128e-7,-6.797849174539243e-7,5.6324496432475476e-11,4.771202613887509e-6,0.011948962213969955
7,0.01679443855772424,9,10,37,6.3530523649820205,0.004396989814143909,0.10669594759769521,7.38449752725792e-5,4.203180869411875e-6,8.150530702429406e-7,-6.797849294474754e-7,6.81057220100019e-7,8.00172762319102e-7,6.810572200037611e-7,8.00172762260971e-7,-7.854286497698162e-7,6.821694624835426e-7,0.0,0.0,0.0,0.0,0.0,0.0,0.0,0.0,5.6324496432475476e-11,4.771202613887509e-6,0.011948962213969955
7,0.01679443855772424,9,8,38,6.335907339443645,-0.0007331588431511507,-0.10640800651972036,1.2312991144354183e-5,2.7368646895886143e-6,0.0,0.0,0.0,0.0,0.0,0.0,0.0,0.0,4.846870144667643e-7,-4.926086540039005e-7,4.924816970071738e-7,4.749633077250011e-7,4.924816967881371e-7,4.7496330804045233e-7,-4.653380881398681e-7,4.922597372813449e-7,5.6324496432475476e-11,4.771202613887509e-6,0.011948962213969955
7,0.01679443855772424,9,10,39,6.335907339444817,-0.0007331588433085873,0.10640800651974004,-1.2312991146998242e-5,2.7368646602221515e-6,-4.6533807635410627e-7,4.922597384806665e-7,-4.924816979767867e-7,-4.749632958923321e-7,-4.92481698225449e-7,-4.7496329622693967e-7,4.846870026054153e-7,-4.926086552099622e-7,0.0,0.0,0.0,0.0,0.0,0.0,0.0,0.0,5.6324496432475476e-11,4.771202613887509e-6,0.011948962213969955
7,0.01679443855772424,9,10,40,10.954041460352204,-0.0010042027180996102,0.183966976264649,-1.686502084862358e-5,2.1769843401969902e-6,-5.350836370270422e-7,-6.332298864209372e-8,6.93609162660735e-8,-5.397944568606759e-7,6.936091653383703e-8,-5.397944572054181e-7,5.444913940603597e-7,7.550680166101406e-8,0.0,0.0,0.0,0.0,0.0,0.0,0.0,0.0,5.6324496432475476e-11,4.771202613887509e-6,0.011948962213969955
7,0.01679443855772424,9,8,41,10.954041460352471,-0.0010042027195838743,-0.18396697626465347,1.686502087355096e-5,2.1769843214091964e-6,0.0,0.0,0.0,0.0,0.0,0.0,0.0,0.0,5.444913889066795e-7,7.550680428153132e-8,-6.936091890626988e-8,5.39794451872443e-7,-6.936091917547646e-8,5.397944520440759e-7,-5.350836320305024e-7,-6.332299130245734e-8,5.6324496432475476e-11,4.771202613887509e-6,0.011948962213969955
7,0.01679443855772424,9,8,42,11.061095628419508,0.08797923889314799,-0.18576489091260362,-0.0014775619219463167,6.086019688321366e-7,0.0,0.0,0.0,0.0,0.0,0.0,0.0,0.0,3.017760796659318e-8,1.475790382002518e-7,-1.4935953293848204e-7,2.898870216232787e-8,-1.4935953286299547e-7,2.8988702139513255e-8,-2.77699238488618e-8,-1.5114582235478424e-7,5.6324496432475476e-11,4.771202613887509e-6,0.011948962213969955
7,0.01679443855772424,9,10,43,11.061095628396815,0.08797923889595648,0.1857648909122225,0.0014775619219934836,6.086019573865901e-7,-2.7769923201173933e-8,-1.511458195251338e-7,1.493595301522648e-7,-2.8988701479717463e-8,1.4935953007840407e-7,-2.8988701490202242e-8,3.017760728304219e-8,1.4757903545870434e-7,0.0,0.0,0.0,0.0,0.0,0.0,0.0,0.0,5.6324496432475476e-11,4.771202613887509e-6,0.011948962213969955
7,0.01679443855772424,9,10,44,9.033141055525443,0.04292333066599591,0.15170653244027835,0.0007208732395629489,4.2920202620889166e-7,3.539035419680742e-8,1.0016179983117021e-7,-1.0152081246751962e-7,3.473251820371868e-8,-1.0152081098242601e-7,3.473252013347625e-8,-3.40543792178633e-8,-1.0288676806270773e-7,0.0,0.0,0.0,0.0,0.0,0.0,0.0,0.0,5.6324496432475476e-11,4.771202613887509e-6,0.011948962213969955
7,0.01679443855772424,9,8,45,9.033141055538191,0.042923330661245214,-0.15170653244049245,-0.0007208732394831637,4.2920201026736493e-7,0.0,0.0,0.0,0.0,0.0,0.0,0.0,0.0,-3.4054362360094006e-8,-1.0288676961795169e-7,1.0152081422142965e-7,-3.473250127818649e-8,1.0152081234625115e-7,-3.473250331662478e-8,3.539033731287422e-8,1.0016180139718954e-7,5.6324496432475476e-11,4.771202613887509e-6,0.011948962213969955
7,0.01679443855772424,9,10,46,6.441589987801405,0.08802225471636213,0.10818288726418233,0.0014782843485462965,2.9660571222342814e-7,-1.2618160605473023e-8,-7.38241622815511e-8,7.296104601454147e-8,-1.3222902899557431e-8,7.296104598933629e-8,-1.3222902680594875e-8,1.3813052502724565e-8,7.210057284676597e-8,0.0,0.0,0.0,0.0,0.0,0.0,0.0,0.0,5.6324496432475476e-11,4.771202613887509e-6,0.011948962213969955
7,0.01679443855772424,9,8,47,6.44158998780414,0.08802225471775323,-0.10818288726422827,-0.001478284348569659,2.9660571195524084e-7,0.0,0.0,0.0,0.0,0.0,0.0,0.0,0.0,1.3813055713384804e-8,7.21005722471345e-8,-7.29610453251435e-8,1.3222906113463864e-8,-7.296104537217113e-8,1.3222905928677214e-8,-1.2618163858177442e-8,-7.382416157330752e-8,5.6324496432475476e-11,4.771202613887509e-6,0.011948962213969955
7,0.01679443855772424,9,8,48,10.96601309712622,0.007230835521735646,-0.1841680331828856,-0.0001214378228907992,1.9498912639383038e-7,0.0,0.0,0.0,0.0,0.0,0.0,0.0,0.0,-9.577938414369194e-9,-4.730108036116481e-8,4.7870799663268724e-8,-9.195934092740128e-9,4.7870799592676945e-8,-9.195934184792682e-9,8.804355518405185e-9,4.8442357125351396e-8,5.6324496432475476e-11,4.771202613887509e-6,0.011948962213969955
7,0.01679443855772424,9,10,49,10.966013097134487,0.007230835522383128,0.18416803318302444,0.0001214378229016733,1.9498912597246344e-7,8.804356682137975e-9,4.844235679799834e-8,-4.7870799326367616e-8,9.195935265965807e-9,-4.7870799269018575e-8,9.195935333838203e-9,-9.577939572834494e-9,-4.7301080027838565e-8,0.0,0.0,0.0,0.0,0.0,0.0,0.0,0.0,5.6324496432475476e-11,4.771202613887509e-6,0.011948962213969955
7,0.01679443855772424,9,10,50,10.949420575406815,0.0013774698220114512,0.18388937109635137,2.3133832290890663e-5,1.8057065287852554e-7,-1.3126211809542606e-8,-4.2721330425663744e-8,4.3281095865256004e-8,-1.2825946512562139e-8,4.328109583338381e-8,-1.2825946446814475e-8,1.2517024674159677e-8,4.384342559686045e-8,0.0,0.0,0.0,0.0,0.0,0.0,0.0,0.0,5.6324496432475476e-11,4.771202613887509e-6,0.011948962213969955
7,0.01679443855772424,9,8,51,10.949420575401467,0.0013774698184207887,-0.18388937109626152,-2.31338322305875e-5,1.8057064858789055e-7,0.0,0.0,0.0,0.0,0.0,0.0,0.0,0.0,1.2517024554102982e-8,4.3843424510341997e-8,-4.328109479109692e-8,1.2825946355243358e-8,-4.328109474833714e-8,1.2825946339804698e-8,-1.3126211665434917e-8,-4.2721329353103794e-8,5.6324496432475476e-11,4.771202613887509e-6,0.011948962213969955
7,0.01679443855772424,9,10,52,11.059406819070533,0.08851323270050956,0.18573652830775655,0.001486530048134256,1.5596932363866066e-7,-3.251267694280056e-8,-2.2225278919086005e-8,2.1681142699191922e-8,-3.240762116789539e-8,2.1681142680306806e-8,-3.2407621172011384e-8,3.2298228520245355e-8,2.1143487550925673e-8,0.0,0.0,0.0,0.0,0.0,0.0,0.0,0.0,5.6324496432475476e-11,4.771202613887509e-6,0.011948962213969955
7,0.01679443855772424,9,8,53,11.059406819100902,0.08851323270854626,-0.18573652830826656,-0.0014865300482692276,1.5596932037577522e-7,0.0,0.0,0.0,0.0,0.0,0.0,0.0,0.0,3.229822803841957e-8,2.1143486806675013e-8,-2.1681141937924303e-8,3.240762068227537e-8,-2.1681141929336448e-8,3.24076207064733e-8,-3.25126764736816e-8,-2.2225278151083343e-8,5.6324496432475476e-11,4.771202613887509e-6,0.011948962213969955
7,0.01679443855772424,9,10,54,8.675069224199751,0.046187218762443,0.1456929170698272,0.0007756884076580172,8.456114676825618e-8,1.5054005332126468e-8,-1.514244650095865e-8,1.514007918844938e-8,1.4753554818473897e-8,1.51400791835473e-8,1.4753554873439655e-8,-1.4456132080451864e-8,1.513476085731479e-8,0.0,0.0,0.0,0.0,0.0,0.0,0.0,0.0,5.6324496432475476e-11,4.771202613887509e-6,0.011948962213969955
7,0.01679443855772424,9,8,55,8.675069224197655,0.04618721875707092,-0.145692917069792,-0.0007756884075677961,8.456114611230451e-8,0.0,0.0,0.0,0.0,0.0,0.0,0.0,0.0,-1.4456131907456336e-8,1.51347607977822e-8,-1.514007912256401e-8,-1.4753554642559115e-8,-1.5140079130943244e-8,-1.4753554701014171e-8,1.5054005156775725e-8,-1.514244644199624e-8,5.6324496432475476e-11,4.771202613887509e-6,0.011948962213969955
7,0.01679443855772424,9,10,56,11.07149618662713,0.0831815045152767,0.18593956244838755,0.001396986666720876,7.628456213324242e-8,-7.322157337567344e-9,1.7403303644733634e-8,-1.750336413058219e-8,-7.571159904515604e-9,-1.7503364202729426e-8,-7.571159695186557e-9,7.823662784103537e-9,-1.7601910105709373e-8,0.0,0.0,0.0,0.0,0.0,0.0,0.0,0.0,5.6324496432475476e-11,4.771202613887509e-6,0.011948962213969955
7,0.01679443855772424,9,8,57,11.07149618662225,0.08318150451413714,-0.1859395624483056,-0.0013969866667017377,7.628455915929667e-8,0.0,0.0,0.0,0.0,0.0,0.0,0.0,0.0,7.823661774078922e-9,-1.7601909729247704e-8,1.7503363747469165e-8,7.57115889354852e-9,1.7503363837342564e-8,7.571158691276343e-9,-7.322156332695673e-9,1.7403303272503146e-8,5.6324496432475476e-11,4.771202613887509e-6,0.011948962213969955
7,0.01679443855772424,9,8,58,11.062579123819486,0.08500849596031251,-0.1857898053849492,-0.0014276699622900178,1.1137711790779162e-8,0.0,0.0,0.0,0.0,0.0,0.0,0.0,0.0,1.8488844644994125e-9,2.0446934219708718e-9,-2.083813918099247e-9,1.8467189749495307e-9,-2.0838139191477365e-9,1.8467189574880815e-9,-1.8441366682715811e-9,-2.1233037173137722e-9,5.6324496432475476e-11,4.771202613887509e-6,0.011948962213969955
7,0.01679443855772424,9,10,59,11.062579123809723,0.08500849594947563,0.18578980538478526,0.0014276699621080184,1.113771124534457e-8,-1.8441357451948235e-9,-2.123304339620944e-9,2.0838145422519802e-9,-1.8467180670414794e-9,2.0838145420208238e-9,-1.8467180470589873e-9,1.848883569109784e-9,2.0446940465715547e-9,0.0,0.0,0.0,0.0,0.0,0.0,0.0,0.0,5.6324496432475476e-11,4.771202613887509e-6,0.011948962213969955
7,0.01679443855772424,9,10,60,9.07352088641991,0.041703085798800235,0.15238468902920677,0.0007003799121154528,1.3785853798575678e-10,-2.8937570606824174e-11,1.8079006950478134e-11,-1.796749594632268e-11,-2.940953789243865e-11,-1.796748867236443e-11,-2.940953611730404e-11,2.9885096340220077e-11,-1.7850095382243148e-11,0.0,0.0,0.0,0.0,0.0,0.0,0.0,0.0,5.6324496432475476e-11,4.771202613887509e-6,0.011948962213969955
7,0.01679443855772424,9,8,61,9.073520886417274,0.041703085804690614,-0.1523846890291625,-0.0007003799122143785,1.3785845723753596e-10,0.0,0.0,0.0,0.0,0.0,0.0,0.0,0.0,2.988506020049635e-11,-1.7850113911657534e-11,1.796751046994713e-11,2.9409500435448135e-11,1.7967511745070634e-11,2.940950330685159e-11,-2.8937536450066385e-11,1.8079026024748453e-11,5.6324496432475476e-11,4.771202613887509e-6,0.011948962213969955
7,0.01679443855772424,9,8,62,9.079291433761707,0.04620654098696705,-0.152481602131983,-0.0007760129135705848,3.6578371662005615e-11,0.0,0.0,0.0,0.0,0.0,0.0,0.0,0.0,-6.701679566110544e-12,6.086968368280664e-12,-6.080141084902473e-12,-6.830174121864269e-12,-6.080141373705924e-12,-6.8301745584957834e-12,6.959885004281756e-12,-6.0719479271986265e-12,5.6324496432475476e-11,4.771202613887509e-6,0.011948962213969955
7,0.01679443855772424,9,10,63,9.07929143376491,0.04620654098485223,0.1524816021320368,0.0007760129135350677,3.6578211652163424e-11,6.95985043360755e-12,-6.0719269057193285e-12,6.08011987368046e-12,6.830139118926049e-12,6.0801191319276215e-12,6.830141126275223e-12,-6.7016457127551074e-12,6.0869459510471805e-12,0.0,0.0,0.0,0.0,0.0,0.0,0.0,0.0,5.6324496432475476e-11,4.771202613887509e-6,0.011948962213969955
7,0.01679443855772424,9,8,64,9.077755331747522,0.04574113569558842,-0.15245580416108737,-0.0007681966930000867,1.2964281447360369e-11,0.0,0.0,0.0,0.0,0.0,0.0,0.0,0.0,9.264232581263393e-13,3.0720947997863843e-12,-3.1121714977871135e-12,9.046562508340618e-13,-3.1121705929629843e-12,9.046566616450626e-13,-8.822672034177632e-13,-3.1524281638888377e-12,5.6324496432475476e-11,4.771202613887509e-6,0.011948962213969955
7,0.01679443855772424,9,10,65,9.077755331744514,0.04574113569716747,0.15245580416103688,0.000768196693026606,1.2964222470557657e-11,-8.82251351229461e-13,-3.1524167324638285e-12,3.112159642717431e-12,-9.046393897397276e-13,3.112161058120317e-12,-9.046414799051776e-13,9.264070832149425e-13,3.0720848330829665e-12,0.0,0.0,0.0,0.0,0.0,0.0,0.0,0.0,5.6324496432475476e-11,4.771202613887509e-6,0.011948962213969955
7,0.01679443855772424,9,10,66,11.060835896229541,0.08845944600943165,0.18576052885629776,0.0014856267308557246,1.266003287477066e-12,1.6739227665239042e-13,-2.7234358169557744e-13,2.712776629718158e-13,1.6302207087152332e-13,2.7127764178389224e-13,1.6302208249151726e-13,-1.5870612897046085e-13,2.70179113394294e-13,0.0,0.0,0.0,0.0,0.0,0.0,0.0,0.0,5.6324496432475476e-11,4.771202613887509e-6,0.011948962213969955
7,0.01679443855772424,9,8,67,11.060835896228646,0.08845944600958283,-0.18576052885628272,-0.0014856267308582635,1.2659822298445092e-12,0.0,0.0,0.0,0.0,0.0,0.0,0.0,0.0,-1.587075199375849e-13,2.701722512938966e-13,-2.712707015907761e-13,-1.6302343114135334e-13,-2.712707051768856e-13,-1.630234088371319e-13,1.6739357098119336e-13,-2.7233654529995376e-13,5.6324496432475476e-11,4.771202613887509e-6,0.011948962213969955
7,0.01679443855772424,9,8,68,10.971951999125936,0.003816889201871135,-0.18426777370762018,-6.410251118246588e-5,6.248376035183191e-13,0.0,0.0,0.0,0.0,0.0,0.0,0.0,0.0,8.60182533174439e-14,-1.2852191986423333e-13,1.2893817351421422e-13,8.817651936216623e-14,1.289382009919219e-13,8.817654549767014e-14,-9.036059719462724e-14,1.293368167679521e-13,5.6324496432475476e-11,4.771202613887509e-6,0.011948962213969955
7,0.01679443855772424,9,10,69,10.97195199912731,0.0038168892019648584,0.18426777370764325,6.410251118403993e-5,6.24833877337824e-13,-9.036648392428232e-14,1.2933157399285956e-13,-1.2893302525062883e-13,-8.818241874922457e-14,-1.289330826341142e-13,-8.818235738118858e-14,8.602407733918949e-14,-1.2851689438894993e-13,0.0,0.0,0.0,0.0,0.0,0.0,0.0,0.0,5.6324496432475476e-11,4.771202613887509e-6,0.011948962213969955
7,0.01679443855772424,9,10,70,4.46099533226445,0.04605438749567292,0.07491991201400994,0.0007734575811097024,4.643766070056865e-13,2.7435525624806273e-14,-1.1400314710610837e-13,1.1313478423758134e-13,2.6032497138337188e-14,1.1313487092674347e-13,2.603242515575667e-14,-2.4652023465483268e-14,1.1226129913984966e-13,0.0,0.0,0.0,0.0,0.0,0.0,0.0,0.0,5.6324496432475476e-11,4.771202613887509e-6,0.011948962213969955
7,0.01679443855772424,9,8,71,4.460995332264326,0.04605438749484967,-0.07491991201400786,-0.0007734575810958764,4.643765671253986e-13,0.0,0.0,0.0,0.0,0.0,0.0,0.0,0.0,-2.465561072234494e-14,1.1226051000225835e-13,-1.1313405068641527e-13,-2.6036025869999712e-14,-1.1313393285494785e-13,-2.603607209537409e-14,2.7439113274641006e-14,-1.1400226439863185e-13,5.6324496432475476e-11,4.771202613887509e-6,0.011948962213969955
7,0.01679443855772424,9,10,72,10.955880601440874,-0.0008306453869443287,0.18399786360666165,-1.3950222914293605e-5,5.2135725151292685e-14,1.2142771307064748e-14,4.366283876413711e-15,-4.5325939638995294e-15,1.2220088415620836e-14,-4.532582188348904e-15,1.2220084847028772e-14,-1.229649531356359e-14,-4.7013360658000106e-15,0.0,0.0,0.0,0.0,0.0,0.0,0.0,0.0,5.6324496432475476e-11,4.771202613887509e-6,0.011948962213969955
7,0.01679443855772424,9,8,73,10.95588060144191,-0.0008306453885163212,-0.18399786360667905,1.3950222940694336e-5,5.212867777346003e-14,0.0,0.0,0.0,0.0,0.0,0.0,0.0,0.0,-1.2294724207485882e-14,-4.701000685941897e-15,4.532253178451334e-15,-1.2218326791366775e-14,4.532274067644564e-15,-1.2218328918755165e-14,1.2141024767477861e-14,4.365970238785532e-15,5.6324496432475476e-11,4.771202613887509e-6,0.011948962213969955
7,0.01679443855772424,9,8,74,6.819732126745219,0.09360456558108182,-0.11453357218276064,-0.001572036125373948,5.009113017133819e-18,0.0,0.0,0.0,0.0,0.0,0.0,0.0,0.0,2.0658351421113386e-19,1.2251449043297564e-18,-1.2391013522907132e-18,1.9330662608654603e-19,-1.234990648443691e-18,1.9589032118102495e-19,-1.8239184934634515e-19,-1.2489060104453158e-18,5.6324496432475476e-11,4.771202613887509e-6,0.011948962213969955
7,0.01679443855772424,9,10,75,6.8197324499308944,0.09360456430488151,0.1145335776104826,0.0015720361039408802,8.679653053814026e-19,1.8704106631348348e-19,-1.1465580981178092e-19,1.1348296190953161e-19,1.8443321589480555e-19,1.1471254393634906e-19,1.8469534891059171e-19,-1.8211773104264627e-19,1.135350814220299e-19,0.0,0.0,0.0,0.0,0.0,0.0,0.0,0.0,5.6324496432475476e-11,4.771202613887509e-6,0.011948962213969955
7,0.01679443855772424,9,10,76,9.039112122434453,0.048893798260844584,0.15180681315660577,0.0008211438907455187,5.029814412647672e-19,-6.368007564027442e-20,1.0989404170590195e-19,-1.0943028102818783e-19,-6.196412207954856e-20,-1.0940884037568676e-19,-6.194646293099335e-20,6.025251273122246e-20,-1.0893280782323954e-19,0.0,0.0,0.0,0.0,0.0,0.0,0.0,0.0,5.6324496432475476e-11,4.771202613887509e-6,0.011948962213969955
7,0.01679443855772424,9,8,77,9.03911206579325,0.04889379685331316,-0.15180681220534856,-0.0008211438671068186,3.5237982596966204e-19,0.0,0.0,0.0,0.0,0.0,0.0,0.0,0.0,1.5448451746354287e-20,-8.584679656792858e-20,8.655871289431474e-20,1.6469046507951696e-20,8.652934169594926e-20,1.642306981676458e-20,-1.746038643248831e-20,8.723834063542619e-20,5.6324496432475476e-11,4.771202613887509e-6,0.011948962213969955
7,0.01679443855772424,9,8,78,9.066742599579705,0.04975929351576076,-0.1522708515073423,-0.0008356793976262103,1.3797830911011644e-19,0.0,0.0,0.0,0.0,0.0,0.0,0.0,0.0,-5.952320454043389e-21,-3.3670614919138804e-20,3.419379010495073e-20,-5.5189156101044964e-21,3.3882904221882575e-20,-5.656506909294338e-21,5.216082512004468e-21,3.4404329360690036e-20,5.6324496432475476e-11,4.771202613887509e-6,0.011948962213969955
7,0.01679443855772424,9,10,79,9.06674248585096,0.049759290398648764,0.1522708495973319,0.0008356793452760643,3.6220824004281466e-20,5.630743257884178e-21,7.189811789940547e-21,-7.12630137751755e-21,5.648508683431707e-21,-7.050581149260901e-21,5.62062950523969e-21,-5.637627918419406e-21,-6.987724915410268e-21,0.0,0.0,0.0,0.0,0.0,0.0,0.0,0.0,5.6324496432475476e-11,4.771202613887509e-6,0.011948962213969955
8,0.009696273622190719,10,9,0,0.3391182615264793,0.0718860686394909,-0.003288183454042375,-0.0006970269911520871,57.62121900354766,0.0,0.0,0.0,0.0,0.0,0.0,0.0,0.0,-11.398601204340919,8.571211534191738,-8.541782714144954,-11.59915421714179,-8.541782715020712,-11.59915421685866,11.801415354205535,-8.510033893317619,6.732538941924619e-11,0.00535775756787321,0.012444849391194687
8,0.009696273622190719,10,11,1,0.3391182615803512,0.07188606862059527,0.0032881834545647314,0.0006970269909688699,57.621218905211016,11.801415334372788,-8.510033878379444,8.541782699159462,11.599154197644918,8.541782700027046,11.599154197372108,-11.398601185187434,8.571211519154637,0.0,0.0,0.0,0.0,0.0,0.0,0.0,0.0,6.732538941924619e-11,0.00535775756787321,0.012444849391194687
8,0.009696273622190719,10,9,2,0.22164436183245728,-0.044702267517410584,-0.002149124379143351,0.00043344541738118123,38.85373759955831,0.0,0.0,0.0,0.0,0.0,0.0,0.0,0.0,5.260331532469495,-8.28135497652266,8.250628782294887,5.125740485624579,8.250628782782517,5.125740485243452,-4.992799461625756,8.218877275455862,6.732538941924619e-11,0.00535775756787321,0.012444849391194687
8,0.009696273622190719,10,11,3,0.22164436183324698,-0.04470226751458716,0.002149124379151008,-0.0004334454173538046,38.85373759722761,-4.992799461467629,8.218877274869271,-8.250628781714004,-5.125740485461722,-8.250628782187958,-5.125740485089963,5.260331532311372,-8.281354975933755,0.0,0.0,0.0,0.0,0.0,0.0,0.0,0.0,6.732538941924619e-11,0.00535775756787321,0.012444849391194687
8,0.009696273622190719,10,9,4,0.9695882042685983,0.043406932321915385,-0.009401392529436876,-0.00042088549289320587,9.803537330472603,0.0,0.0,0.0,0.0,0.0,0.0,0.0,0.0,-2.056790903435218,1.2873276404544753,-1.2794248077541137,-2.0903602237686,-1.2794248079232047,-2.0903602237365178,2.1241853872223153,-1.271103877593532,6.732538941924619e-11,0.00535775756787321,0.012444849391194687
8,0.009696273622190719,10,11,5,0.9695882041455557,0.043406932357526164,0.009401392528243822,0.00042088549323849775,9.803537157579399,2.124185354411014,-1.2711038474014151,1.2794247775406367,2.090360191588041,1.2794247777087635,2.0903601915516132,-2.05679087187496,1.28732761022512,0.0,0.0,0.0,0.0,0.0,0.0,0.0,0.0,6.732538941924619e-11,0.00535775756787321,0.012444849391194687
8,0.009696273622190719,10,11,6,0.9260702801924239,-0.0009707971471719368,0.008979430830124568,-9.413114770621253e-6,4.519423026181968,-0.3026642221326138,1.0768607267360304,-1.0845713798701224,-0.31656773524943976,-1.0845713799287147,-0.316567735186539,0.33068815624603576,-1.0922186978250428,0.0,0.0,0.0,0.0,0.0,0.0,0.0,0.0,6.732538941924619e-11,0.00535775756787321,0.012444849391194687
8,0.009696273622190719,10,9,7,0.9260702801907612,-0.0009707971519930525,-0.008979430830108446,9.41311481736811e-6,4.519423025570672,0.0,0.0,0.0,0.0,0.0,0.0,0.0,0.0,0.3306881562005139,-1.0922186976791883,1.0845713797242027,0.3165677352017212,1.0845713797827208,0.31656773514348036,-0.30266422208738664,1.0768607265899672,6.732538941924619e-11,0.00535775756787321,0.012444849391194687
8,0.009696273622190719,10,9,8,11.669423085598892,0.0056358977085099946,-0.11314991925107597,-5.464720628839058e-5,4.338555072447954,0.0,0.0,0.0,0.0,0.0,0.0,0.0,0.0,-0.7720075872599003,0.7463871349815022,-0.7460525831424182,-0.7872661460944211,-0.7460525836049072,-0.7872661459706567,0.802673899571297,-0.7455605636181187,6.732538941924619e-11,0.00535775756787321,0.012444849391194687
8,0.009696273622190719,10,11,9,11.669423182675185,0.005635851847257421,0.11314992019235427,5.464676160513697e-5,4.338554551868171,0.8026738504251356,-0.7455604235059297,0.7460524440897338,0.7872660987169718,0.7460524440531963,0.7872660987755199,-0.7720075418080805,0.7463869965004692,0.0,0.0,0.0,0.0,0.0,0.0,0.0,0.0,6.732538941924619e-11,0.00535775756787321,0.012444849391194687
8,0.009696273622190719,10,9,10,3.861655512814421,0.005424557684678678,-0.03744366848688985,-5.259799559000183e-5,4.148614636920129,0.0,0.0,0.0,0.0,0.0,0.0,0.0,0.0,-0.773219963727864,0.6756232100501136,-0.6745688270665156,-0.7877758767364216,-0.6745688271779926,-0.7877758767699329,0.8024666877867925,-0.673356875528943,6.732538941924619e-11,0.00535775756787321,0.012444849391194687
8,0.009696273622190719,10,11,11,3.8616555131468164,0.005424557134771003,0.03744366849011284,5.259799025794654e-5,4.148614485343652,0.8024666617551572,-0.6733568470209355,0.6745687985820604,0.7877758512373195,0.6745687986903425,0.7877758512791574,-0.7732199387641496,0.675623181591106,0.0,0.0,0.0,0.0,0.0,0.0,0.0,0.0,6.732538941924619e-11,0.00535775756787321,0.012444849391194687
8,0.009696273622190719,10,9,12,11.657985356296555,-0.005243711946164818,-0.11303901589814395,5.0844465825964285e-5,4.105693261984485,0.0,0.0,0.0,0.0,0.0,0.0,0.0,0.0,0.72152429491284,-0.7444299163212991,0.7441297995411579,0.7069391716835681,0.744129799998291,0.7069391715624729,-0.6925028601491032,0.7436882805036925,6.732538941924619e-11,0.00535775756787321,0.012444849391194687
8,0.009696273622190719,10,11,13,11.65798535629772,-0.0052437119487018236,0.11303901589815525,-5.084446585056378e-5,4.105693255920271,-0.6925028644840797,0.7436882742950612,-0.7441297935812708,-0.7069391759272597,-0.7441297935393836,-0.706939175987435,0.7215242992477517,-0.7444299101119967,0.0,0.0,0.0,0.0,0.0,0.0,0.0,0.0,6.732538941924619e-11,0.00535775756787321,0.012444849391194687
8,0.009696273622190719,10,9,14,3.851082487482482,-0.004666657591892373,-0.03734114954025701,4.524918891206208e-5,3.5447128909105245,0.0,0.0,0.0,0.0,0.0,0.0,0.0,0.0,0.5922387349710938,-0.671110089934523,0.6702630932840112,0.5796722927285476,0.6702630933819269,0.5796722927639821,-0.5672398915449999,0.6693001488684874,6.732538941924619e-11,0.00535775756787321,0.012444849391194687
8,0.009696273622190719,10,11,15,3.851082487483212,-0.004666657590794536,0.03734114954026409,-4.524918890141715e-5,3.544712889316989,-0.5672398915723181,0.6693001483182348,-0.6702630927340223,-0.5796722927515201,-0.6702630928311635,-0.5796722927956645,0.5922387349985396,-0.671110089384025,0.0,0.0,0.0,0.0,0.0,0.0,0.0,0.0,6.732538941924619e-11,0.00535775756787321,0.012444849391194687
8,0.009696273622190719,10,9,16,4.408920399425457,0.09342023092679322,-0.04275009857128763,-0.0009058281209144307,0.06211690255801593,0.0,0.0,0.0,0.0,0.0,0.0,0.0,0.0,-0.011410017801049947,0.010304440616714074,-0.010292227453950703,-0.011628191884769512,-0.010292227454811427,-0.011628191884331531,0.011848424180961614,-0.010277688447849303,6.732538941924619e-11,0.00535775756787321,0.012444849391194687
8,0.009696273622190719,10,11,17,4.4089204003814695,0.09342023076767589,0.04275009858055739,0.0009058281193715855,0.0621168905151807,0.01184842228835245,-0.01027768598897668,0.010292225000951186,0.011628190035417433,0.010292225001775804,0.011628190034978777,-0.011410015994463833,0.010304438169921092,0.0,0.0,0.0,0.0,0.0,0.0,0.0,0.0,6.732538941924619e-11,0.00535775756787321,0.012444849391194687
8,0.009696273622190719,10,9,18,4.603157397059926,0.019421544060041186,-0.04463347364790425,-0.0001883166053715922,0.029613181537862177,0.0,0.0,0.0,0.0,0.0,0.0,0.0,0.0,-0.005115702769286414,0.005248851305630057,-0.005249663392478331,-0.005219873240746987,-0.005249663396212745,-0.00521987324371418,0.005325093543418613,-0.00524943140343829,6.732538941924619e-11,0.00535775756787321,0.012444849391194687
8,0.009696273622190719,10,11,19,4.603157395630272,0.01942154406191022,0.04463347363404194,0.00018831660538971484,0.029613159253357908,0.005325089978271952,-0.005249427004624589,0.00524965900305862,0.005219869754643934,0.005249659005408923,0.005219869757992849,-0.005115699361729764,0.005248846924917883,0.0,0.0,0.0,0.0,0.0,0.0,0.0,0.0,6.732538941924619e-11,0.00535775756787321,0.012444849391194687
8,0.009696273622190719,10,11,20,4.25141587205927,-0.0577347027028141,0.04122289157721125,-0.0005598114749023195,0.028084302807563192,-0.004165341409174269,0.005564794977879501,-0.0055783656259400915,-0.004263200259977484,-0.005578365626319527,-0.00426320025957911,0.004362174698233481,-0.005591083522770315,0.0,0.0,0.0,0.0,0.0,0.0,0.0,0.0,6.732538941924619e-11,0.00535775756787321,0.012444849391194687
8,0.009696273622190719,10,9,21,4.251415872062805,-0.05773470270133456,-0.04122289157724553,0.0005598114748879736,0.028084302802955624,0.0,0.0,0.0,0.0,0.0,0.0,0.0,0.0,0.0043621746977296275,-0.005591083521697676,0.0055783656248793246,0.0042632002594838805,0.005578365625237839,0.004263200259082054,-0.00416534140868748,0.005564794976809728,6.732538941924619e-11,0.00535775756787321,0.012444849391194687
8,0.009696273622190719,10,11,22,4.599240233915834,0.015485102918032144,0.04459549176223638,0.0001501477949610236,0.025277495468303084,-0.003621074883522372,0.005101923423614026,-0.00511636320648951,-0.0037088161301130898,-0.00511636320880265,-0.0037088161335433805,0.0037975805785608486,-0.005130061126139758,0.0,0.0,0.0,0.0,0.0,0.0,0.0,0.0,6.732538941924619e-11,0.00535775756787321,0.012444849391194687
8,0.009696273622190719,10,9,23,4.599240233909944,0.015485102911444414,-0.04459549176217926,-0.00015014779489714718,0.025277495457613413,0.0,0.0,0.0,0.0,0.0,0.0,0.0,0.0,0.00379758057830843,-0.005130061123019919,0.005116363202720481,0.003708816130088833,0.0051163632063216035,0.003708816133082504,-0.0036210748832901807,0.005101923420484045,6.732538941924619e-11,0.00535775756787321,0.012444849391194687
8,0.009696273622190719,10,9,24,4.320397088229495,0.02507460665237004,-0.041891752323989236,-0.00024313024707018355,0.024207682131134133,0.0,0.0,0.0,0.0,0.0,0.0,0.0,0.0,0.0016153215399822946,-0.005895292046971973,0.005852336384100373,0.0015408017078821076,0.005852336383920964,0.001540801707496216,-0.0014674523118467925,0.005809072443664635,6.732538941924619e-11,0.00535775756787321,0.012444849391194687
8,0.009696273622190719,10,11,25,4.32039708823239,0.02507460665323092,0.04189175232401731,0.00024313024707853088,0.024207682125655824,-0.0014674523047184238,0.005809072444122475,-0.0058523363845310716,-0.001540801700736833,-0.005852336384416029,-0.001540801700369102,0.0016153215328381133,-0.005895292047438718,0.0,0.0,0.0,0.0,0.0,0.0,0.0,0.0,6.732538941924619e-11,0.00535775756787321,0.012444849391194687
8,0.009696273622190719,10,9,26,4.319871034198348,0.031362544228241175,-0.041886651560163184,-0.0003040998103250847,0.016991034746020022,0.0,0.0,0.0,0.0,0.0,0.0,0.0,0.0,-0.003634097696284192,0.002116278336310488,-0.002100732399259117,-0.003691811909666202,-0.00210073239916691,-0.0036918119091560483,0.0037499461951813065,-0.0020844480577267063,6.732538941924619e-11,0.00535775756787321,0.012444849391194687
8,0.009696273622190719,10,11,27,4.319871038408389,0.03136254470337716,0.0418866516009849,0.0003040998149321332,0.01699103073912685,0.0037499456963546196,-0.002084446872654266,0.0021007312211528866,0.0036918114275145053,0.002100731221097366,0.0036918114270012466,-0.003634097230568254,0.002116277165301187,0.0,0.0,0.0,0.0,0.0,0.0,0.0,0.0,6.732538941924619e-11,0.00535775756787321,0.012444849391194687
8,0.009696273622190719,10,9,28,8.039130869633093,0.06901876590845576,-0.0779496125965625,-0.0006692248393143157,0.0007086786465842646,0.0,0.0,0.0,0.0,0.0,0.0,0.0,0.0,-0.00014120718917753832,0.00010405075954252003,-0.00010366488954275969,-0.00014367014444779236,-0.00010366488955344436,-0.00014367014444234864,0.0001461538298169723,-0.00010325028345179459,6.732538941924619e-11,0.00535775756787321,0.012444849391194687
8,0.009696273622190719,10,11,29,8.039130880240604,0.06901876482345257,0.07794961269941583,0.0006692248287938278,0.000708674904830086,0.00014615315520431681,-0.00010324960090141871,0.00010366420713890896,0.0001436694833400458,0.00010366420714954151,0.00014366948333055483,-0.00014120654143418246,0.00010405007741735449,0.0,0.0,0.0,0.0,0.0,0.0,0.0,0.0,6.732538941924619e-11,0.00535775756787321,0.012444849391194687
8,0.009696273622190719,10,11,30,7.9272481430695665,-0.04196753784224828,0.07686476706620579,-0.00040692873016808277,0.00045521117037577546,-5.459418921020633e-5,9.855697614418058e-5,-9.899102873936659e-5,-5.613558897765554e-5,-9.899102874584385e-5,-5.613558897518022e-5,5.7696785825469486e-5,-9.941385224352714e-5,0.0,0.0,0.0,0.0,0.0,0.0,0.0,0.0,6.732538941924619e-11,0.00535775756787321,0.012444849391194687
8,0.009696273622190719,10,9,31,7.927248143070266,-0.04196753784110492,-0.07686476706621258,0.0004069287301569965,0.0004552111703712852,0.0,0.0,0.0,0.0,0.0,0.0,0.0,0.0,5.7696785818719826e-5,-9.941385224648402e-5,9.899102874337888e-5,5.613558897066539e-5,9.89910287469929e-5,5.613558896851128e-5,-5.459418920330541e-5,9.855697614638965e-5,6.732538941924619e-11,0.00535775756787321,0.012444849391194687
8,0.009696273622190719,10,9,32,8.062488161144485,0.062749832012987,-0.07817609128613022,-0.0006084395409444247,0.00040907015350708794,0.0,0.0,0.0,0.0,0.0,0.0,0.0,0.0,6.545474018815055e-5,-7.990658794386822e-5,7.975563221631283e-5,6.400910608279041e-5,7.975563222370561e-5,6.400910607769951e-5,-6.257942181839437e-5,7.959187307980961e-5,6.732538941924619e-11,0.00535775756787321,0.012444849391194687
8,0.009696273622190719,10,11,33,8.062488161149629,0.06274983201656475,0.0781760912861801,0.0006084395409791155,0.00040907015311023563,-6.257942183242729e-5,7.959187294192836e-5,-7.97556320730067e-5,-6.400910609547257e-5,-7.975563209032532e-5,-6.400910609273569e-5,6.545474020185101e-5,-7.990658780505987e-5,0.0,0.0,0.0,0.0,0.0,0.0,0.0,0.0,6.732538941924619e-11,0.00535775756787321,0.012444849391194687
8,0.009696273622190719,10,9,34,7.9553405512137365,-0.03453623870618836,-0.07713715874227793,0.00033487282037649634,0.0002839403017889354,0.0,0.0,0.0,0.0,0.0,0.0,0.0,0.0,-5.5292396368359506e-5,4.3377557573197636e-5,-4.325280550747169e-5,-5.628342416899256e-5,-4.325280551073e-5,-5.628342416812001e-5,5.728310140410055e-5,-4.3116795895178984e-5,6.732538941924619e-11,0.00535775756787321,0.012444849391194687
8,0.009696273622190719,10,11,35,7.955340550627922,-0.034536238654574676,0.07713715873659771,-0.00033487281987603593,0.00028393917675732203,5.7282925758644316e-5,-4.31165568727839e-5,4.3252567135778375e-5,5.628325264770761e-5,4.325256713900478e-5,5.628325264439961e-5,-5.52922289211437e-5,4.3377319886492784e-5,0.0,0.0,0.0,0.0,0.0,0.0,0.0,0.0,6.732538941924619e-11,0.00535775756787321,0.012444849391194687
8,0.009696273622190719,10,9,36,11.5770675465377,0.005968021956549711,-0.11225441467381372,-5.786757387394801e-5,0.00027711814892500175,0.0,0.0,0.0,0.0,0.0,0.0,0.0,0.0,-5.913662893172305e-5,3.4745396689787254e-5,-3.44954998998793e-5,-6.007890485415909e-5,-3.4495499962641966e-5,-6.0078904842098956e-5,6.102807866279495e-5,-3.423358670141159e-5,6.732538941924619e-11,0.00535775756787321,0.012444849391194687
8,0.009696273622190719,10,11,37,11.577067551210478,0.005968018602911469,0.11225441471912226,5.786754135615399e-5,0.0002771165746025489,6.102786776997902e-5,-3.4233150121969606e-5,3.449506560381065e-5,6.007870040279843e-5,3.449506563424274e-5,6.007870036649767e-5,-5.9136430810962036e-5,3.474496468583003e-5,0.0,0.0,0.0,0.0,0.0,0.0,0.0,0.0,6.732538941924619e-11,0.00535775756787321,0.012444849391194687
8,0.009696273622190719,10,9,38,8.053610686690408,0.06902447919357071,-0.0780900128647495,-0.0006692802368900719,0.00024419861675732495,0.0,0.0,0.0,0.0,0.0,0.0,0.0,0.0,-2.7666193308700714e-5,5.373696761664091e-5,-5.399484714237433e-5,-2.8485617889825306e-5,-5.3994847147691526e-5,-2.8485617883103995e-5,2.9315840863786525e-5,-5.424702846990758e-5,6.732538941924619e-11,0.00535775756787321,0.012444849391194687
8,0.009696273622190719,10,11,39,8.053610687182502,0.06902447911923554,0.07809001286952097,0.0006692802361692976,0.0002441984357205995,2.9315858151449437e-5,-5.424696716803521e-5,5.399478661888383e-5,2.8485635608637374e-5,5.399478663278558e-5,2.8485635607034737e-5,-2.7666211451712862e-5,5.3736907876595735e-5,0.0,0.0,0.0,0.0,0.0,0.0,0.0,0.0,6.732538941924619e-11,0.00535775756787321,0.012444849391194687
8,0.009696273622190719,10,9,40,11.566683540869315,-0.0039442449237237776,-0.11215372851355869,3.824447801336251e-5,0.00017189773831963594,0.0,0.0,0.0,0.0,0.0,0.0,0.0,0.0,2.5619409838511286e-5,-3.503797906547064e-5,3.494127658191739e-5,2.5016332428368187e-5,3.494127657505468e-5,2.5016332454438418e-5,-2.442024279895997e-5,3.483957012637601e-5,6.732538941924619e-11,0.00535775756787321,0.012444849391194687
8,0.009696273622190719,10,11,41,11.566683540870532,-0.0039442449232583165,0.11215372851357049,-3.8244478008849274e-5,0.0001718977377656987,-2.442024308755805e-5,3.483956974926394e-5,-3.4941276205211185e-5,-2.5016332723883187e-5,-3.4941276195438715e-5,-2.5016332739435054e-5,2.5619410130513572e-5,-3.50379786862636e-5,0.0,0.0,0.0,0.0,0.0,0.0,0.0,0.0,6.732538941924619e-11,0.00535775756787321,0.012444849391194687
8,0.009696273622190719,10,11,42,7.933028808608352,-0.04174562502532142,0.07692081798098824,-0.00040477700277488887,0.00014138625433021148,-2.957335774131529e-5,1.8708193169796457e-5,-1.8596547789217747e-5,-3.005803562219864e-5,-1.8596547791674637e-5,-3.0058035620789863e-5,3.05464322100218e-5,-1.8478890432095328e-5,0.0,0.0,0.0,0.0,0.0,0.0,0.0,0.0,6.732538941924619e-11,0.00535775756787321,0.012444849391194687
8,0.009696273622190719,10,9,43,7.933028808607992,-0.041745625028075745,-0.07692081798098474,0.00040477700280159553,0.00014138625422171797,0.0,0.0,0.0,0.0,0.0,0.0,0.0,0.0,3.0546432184996004e-5,-1.8478890420383668e-5,1.85965477765246e-5,3.005803559709842e-5,1.8596547780922824e-5,3.0058035596608173e-5,-2.957335771705406e-5,1.8708193158066064e-5,6.732538941924619e-11,0.00535775756787321,0.012444849391194687
8,0.009696273622190719,10,9,44,5.083088477312572,0.021707307008883216,-0.049287016721827476,-0.00021047998835903005,5.181617784266288e-5,0.0,0.0,0.0,0.0,0.0,0.0,0.0,0.0,1.280965456163847e-5,2.6648166997157704e-6,-2.5113453206478867e-6,1.2707951182360663e-5,-2.511345316721588e-6,1.270795117498955e-5,-1.260574527252333e-5,-2.3604154776543067e-6,6.732538941924619e-11,0.00535775756787321,0.012444849391194687
8,0.009696273622190719,10,11,45,5.083088477312118,0.021707307008113637,0.049287016721823076,0.000210479988351568,5.181617781448912e-5,-1.2605745266934773e-5,-2.3604154688230412e-6,2.5113453125338883e-6,-1.2707951176065309e-5,2.511345307325198e-6,-1.2707951170384859e-5,1.2809654556326421e-5,2.664816691042079e-6,0.0,0.0,0.0,0.0,0.0,0.0,0.0,0.0,6.732538941924619e-11,0.00535775756787321,0.012444849391194687
8,0.009696273622190719,10,11,46,8.655331828107043,0.04561701699644715,0.0839244656961821,0.0004423150786256762,4.218440040121299e-5,9.441449010852166e-6,-4.931561442863795e-6,4.975726903206507e-6,9.298215351985298e-6,4.975726902769824e-6,9.298215351428127e-6,-9.155976651978876e-6,5.018032620566254e-6,0.0,0.0,0.0,0.0,0.0,0.0,0.0,0.0,6.732538941924619e-11,0.00535775756787321,0.012444849391194687
8,0.009696273622190719,10,9,47,8.655331821758752,0.04561701598007876,-0.08392446563462733,-0.0004423150687706902,4.2184190883790126e-5,0.0,0.0,0.0,0.0,0.0,0.0,0.0,0.0,-9.155930233708598e-6,5.018009418806075e-6,-4.975703937809246e-6,-9.298168235124163e-6,-4.975703938052491e-6,-9.298168234624609e-6,9.441401190861402e-6,-4.931538723931263e-6,6.732538941924619e-11,0.00535775756787321,0.012444849391194687
8,0.009696273622190719,10,11,48,5.087267588277234,0.02588085456942437,0.049327538525238336,0.00025094784748126367,2.8421722577854333e-5,2.94336411451022e-6,6.545306893419139e-6,-6.450717157963954e-6,2.978736098708298e-6,-6.4507171547257566e-6,2.9787360963897788e-6,-3.0128178776105385e-6,-6.356723037489136e-6,0.0,0.0,0.0,0.0,0.0,0.0,0.0,0.0,6.732538941924619e-11,0.00535775756787321,0.012444849391194687
8,0.009696273622190719,10,9,49,5.087267588600143,0.02588085421177167,-0.04932753852836935,-0.00025094784401336523,2.842128762664712e-5,0.0,0.0,0.0,0.0,0.0,0.0,0.0,0.0,-3.0126105102617154e-6,-6.35670218538401e-6,6.450694003186349e-6,-2.978526869250432e-6,6.45069400000376e-6,-2.978526865280447e-6,2.9431530259176384e-6,6.5452813941867774e-6,6.732538941924619e-11,0.00535775756787321,0.012444849391194687
8,0.009696273622190719,10,11,50,8.685033038400263,0.03806373769771431,0.08421245675809538,0.00036907641580033375,2.1738197148998963e-5,-4.051432054683622e-6,3.5403364588308437e-6,-3.534814628122478e-6,-4.1277033498267114e-6,-3.534814630469785e-6,-4.127703349279751e-6,4.204681524773402e-6,-3.528467188370361e-6,0.0,0.0,0.0,0.0,0.0,0.0,0.0,0.0,6.732538941924619e-11,0.00535775756787321,0.012444849391194687
8,0.009696273622190719,10,9,51,8.68503303838995,0.0380637376906176,-0.08421245675799538,-0.0003690764157315221,2.1738197117295157e-5,0.0,0.0,0.0,0.0,0.0,0.0,0.0,0.0,4.204681509569744e-6,-3.5284671940007606e-6,3.5348146336309964e-6,4.127703335024299e-6,3.534814636055458e-6,4.127703333712154e-6,-4.051432039517462e-6,3.5403364642936493e-6,6.732538941924619e-11,0.00535775756787321,0.012444849391194687
8,0.009696273622190719,10,9,52,8.608075588437828,-0.002501269408675018,-0.08346625626599356,2.4252992589328155e-5,1.596081723923712e-5,0.0,0.0,0.0,0.0,0.0,0.0,0.0,0.0,6.593844303993939e-7,-3.975897041187167e-6,3.942669413583099e-6,6.134267113915401e-7,3.942669414070949e-6,6.134267115374089e-7,-5.682575141363892e-7,3.909319022261953e-6,6.732538941924619e-11,0.00535775756787321,0.012444849391194687
8,0.009696273622190719,10,11,53,8.608075588435781,-0.0025012694124590673,0.08346625626597372,-2.425299262601933e-5,1.5960817216823214e-5,-5.682575208938489e-7,3.909319015610241e-6,-3.942669406720589e-6,-6.134267182517501e-7,-3.942669407499993e-6,-6.134267181187477e-7,6.593844370827932e-7,-3.975897034406205e-6,0.0,0.0,0.0,0.0,0.0,0.0,0.0,0.0,6.732538941924619e-11,0.00535775756787321,0.012444849391194687
8,0.009696273622190719,10,9,54,8.683804261594014,0.042391515809198886,-0.0842005422019614,-0.000411039736545416,1.1569777257456289e-5,0.0,0.0,0.0,0.0,0.0,0.0,0.0,0.0,-1.7383328184040082e-6,2.2756026551273136e-6,-2.280798484943936e-6,-1.778700118974894e-6,-2.280798487914513e-6,-1.778700117922476e-6,1.819523542596615e-6,-2.285638532088943e-6,6.732538941924619e-11,0.00535775756787321,0.012444849391194687
8,0.009696273622190719,10,11,55,8.683804261942969,0.042391515870979356,0.08420054220534495,0.00041103973714445635,1.1569703180630305e-5,1.819520830755197e-6,-2.285616782918381e-6,2.2807769262761634e-6,1.7786976492692625e-6,2.2807769293071514e-6,1.778697648906484e-6,-1.73833058721337e-6,2.275581287519534e-6,0.0,0.0,0.0,0.0,0.0,0.0,0.0,0.0,6.732538941924619e-11,0.00535775756787321,0.012444849391194687
8,0.009696273622190719,10,9,56,8.649482085855423,0.005331027367353629,-0.0838677449946911,-5.1691100041247825e-5,6.907908033662354e-6,0.0,0.0,0.0,0.0,0.0,0.0,0.0,0.0,-7.814549508716208e-7,1.5207161378643883e-6,-1.5280288624897393e-6,-8.046292791994027e-7,-1.528028862312459e-6,-8.046292799677179e-7,8.281091979682619e-7,-1.5351806305289905e-6,6.732538941924619e-11,0.00535775756787321,0.012444849391194687
8,0.009696273622190719,10,11,57,8.649482084282333,0.005331027253001781,0.08386774497943798,5.169109893246102e-5,6.907599773527902e-6,8.280707016230297e-7,-1.5351129563982003e-6,1.5279614839342182e-6,8.045918377290771e-7,1.5279614836837842e-6,8.045918386156331e-7,-7.814185509201812e-7,1.5206490623002982e-6,0.0,0.0,0.0,0.0,0.0,0.0,0.0,0.0,6.732538941924619e-11,0.00535775756787321,0.012444849391194687
8,0.009696273622190719,10,11,58,8.638853004023687,0.00026976907949501777,0.08376468250889793,2.615754809590212e-6,2.76006360991209e-6,-3.5459396271948903e-7,5.838957768205448e-7,-5.861526255377794e-7,-3.6403741785201416e-7,-5.861526258839033e-7,-3.64037417936349e-7,3.7359809630623914e-7,-5.883366553958094e-7,0.0,0.0,0.0,0.0,0.0,0.0,0.0,0.0,6.732538941924619e-11,0.00535775756787321,0.012444849391194687
8,0.009696273622190719,10,9,59,8.63885300402009,0.00026976907330351213,-0.08376468250886306,-2.615754749555679e-6,2.7600636097855727e-6,0.0,0.0,0.0,0.0,0.0,0.0,0.0,0.0,3.73598095492729e-7,-5.883366558366312e-7,5.861526259301102e-7,3.640374170532338e-7,5.861526263860303e-7,3.6403741717562987e-7,-3.54593961972612e-7,5.838957772745591e-7,6.732538941924619e-11,0.00535775756787321,0.012444849391194687
8,0.009696273622190719,10,11,60,11.96753317679029,-0.05671312183359308,0.11604047626480399,-0.0005499059472671571,2.198274394745666e-6,-5.422286004002567e-7,-4.493024972571281e-8,5.085643329521041e-8,-5.471966450318076e-7,5.085643332585803e-8,-5.47196644915261e-7,5.521545073198557e-7,5.68920551993362e-8,0.0,0.0,0.0,0.0,0.0,0.0,0.0,0.0,6.732538941924619e-11,0.00535775756787321,0.012444849391194687
8,0.009696273622190719,10,9,61,11.967533176795493,-0.05671312183262365,-0.11604047626485445,0.0005499059472577573,2.198274332995961e-6,0.0,0.0,0.0,0.0,0.0,0.0,0.0,0.0,5.521544925035679e-7,5.68920470393626e-8,-5.0856425246900994e-8,5.471966301679242e-7,-5.085642498134927e-8,5.4719663029538e-7,-5.422285857289836e-7,-4.493024149507315e-8,6.732538941924619e-11,0.00535775756787321,0.012444849391194687
8,0.009696273622190719,10,9,62,4.636818681371048,0.020844465864944116,-0.044959862671059246,-0.0002021136445349125,1.6898510788755762e-12,0.0,0.0,0.0,0.0,0.0,0.0,0.0,0.0,-1.500474077174096e-13,3.9040733490580133e-13,-3.9279584433724384e-13,-1.5549108353254456e-13,-3.927954251335235e-13,-1.5549096213401093e-13,1.6101319322152778e-13,-3.951528338313861e-13,6.732538941924619e-11,0.00535775756787321,0.012444849391194687
8,0.009696273622190719,10,11,63,4.636818679265733,0.020844465893941615,0.04495986265064554,0.00020211364481608016,1.5181869701747276e-12,1.390925697256924e-13,-3.5722780304837106e-13,3.5503296425429023e-13,1.3416500578933643e-13,3.5503278705085036e-13,1.3416452797226875e-13,-1.2930797175534997e-13,3.528111057537299e-13,0.0,0.0,0.0,0.0,0.0,0.0,0.0,0.0,6.732538941924619e-11,0.00535775756787321,0.012444849391194687
8,0.009696273622190719,10,11,64,8.059760766303828,0.07272314961271573,0.07814964571947947,0.0007051435573124048,2.7812471543504197e-13,2.1804772297984184e-15,-7.01943536455356e-14,6.951400900398482e-14,1.4637103451757529e-15,6.951405575025497e-14,1.463692348527298e-15,-7.608285214657482e-16,6.883341741929651e-14,0.0,0.0,0.0,0.0,0.0,0.0,0.0,0.0,6.732538941924619e-11,0.00535775756787321,0.012444849391194687
8,0.009696273622190719,10,9,65,8.059760759443138,0.072723150159021,-0.07814964565295635,-0.0007051435626095301,2.7507556907141106e-13,0.0,0.0,0.0,0.0,0.0,0.0,0.0,0.0,-9.729408983308131e-16,6.807601886259215e-14,-6.87469003146684e-14,-1.6703082619736152e-15,-6.874687097781549e-14,-1.670252278471288e-15,2.3813685382872455e-15,-6.94174168771581e-14,6.732538941924619e-11,0.00535775756787321,0.012444849391194687
8,0.009696273622190719,10,11,66,4.630120080975129,0.014133914479243205,0.0448949112087347,0.00013704630214338536,1.961549343024738e-13,-1.7604886198319303e-14,-4.524514801638475e-14,4.587548849018395e-14,-1.73239393394056e-14,4.5875438065365144e-14,-1.732394621463908e-14,1.703382302469373e-14,4.650924454304524e-14,0.0,0.0,0.0,0.0,0.0,0.0,0.0,0.0,6.732538941924619e-11,0.00535775756787321,0.012444849391194687
8,0.009696273622190719,10,9,67,4.63012008097316,0.014133914476979724,-0.04489491120871561,-0.00013704630212143804,1.9614573312297148e-13,0.0,0.0,0.0,0.0,0.0,0.0,0.0,0.0,1.7033878913469977e-14,4.650663005270034e-14,-4.587310090782581e-14,1.7324165701578306e-14,-4.5872878314791306e-14,1.7323801785369473e-14,-1.760491481060216e-14,-4.524281264708359e-14,6.732538941924619e-11,0.00535775756787321,0.012444849391194687
8,0.009696273622190719,10,11,68,8.699057285899107,0.042198083406999785,0.0843484396991895,0.00040916416304629587,8.008643911483477e-15,9.9854715708409e-16,-1.758500722772523e-15,1.7508004412485685e-15,9.711544065271866e-16,1.7508060777432887e-15,9.711494994994982e-16,-9.441068925495715e-16,1.7429115333683924e-15,0.0,0.0,0.0,0.0,0.0,0.0,0.0,0.0,6.732538941924619e-11,0.00535775756787321,0.012444849391194687
8,0.009696273622190719,10,11,69,8.657979832424644,0.00030706721172993334,0.0839501414705983,2.9774077053366054e-6,7.817381004400667e-15,1.834890817542288e-15,6.138649783583878e-16,-6.385327887215649e-16,1.8470407606442505e-15,-6.385392096853153e-16,1.8470335240319136e-15,-1.8590557278705397e-15,-6.635763821605768e-16,0.0,0.0,0.0,0.0,0.0,0.0,0.0,0.0,6.732538941924619e-11,0.00535775756787321,0.012444849391194687
8,0.009696273622190719,10,9,70,8.657979832424015,0.00030706721050417773,-0.0839501414705922,-2.9774076934513435e-6,7.816393284602023e-15,0.0,0.0,0.0,0.0,0.0,0.0,0.0,0.0,-1.858759814333107e-15,-6.636656945883523e-16,6.386224342447371e-16,-1.8467426051759263e-15,6.386314951974431e-16,-1.8467462329611915e-15,1.83460127174031e-15,6.139575591274197e-16,6.732538941924619e-11,0.00535775756787321,0.012444849391194687
8,0.009696273622190719,10,9,71,7.9416844448960155,-0.04450768457214323,-0.07700474539880758,0.0004315586879016572,1.9251246740048677e-15,0.0,0.0,0.0,0.0,0.0,0.0,0.0,0.0,-8.926383465526662e-17,-4.778391317577996e-16,4.721756607000082e-16,-9.310153432433554e-17,4.721800943265564e-16,-9.310305838762409e-17,9.684633049801034e-17,4.665352216640908e-16,6.732538941924619e-11,0.00535775756787321,0.012444849391194687
8,0.009696273622190719,10,11,72,7.9416844448959605,-0.0445076845711966,0.07700474539880704,-0.00043155868789247846,1.924773157474458e-15,9.690053541039841e-17,4.664338217788715e-16,-4.7207760990615455e-16,9.316124846290341e-17,-4.720770243735715e-16,9.31547085057418e-17,-8.932098620599567e-17,-4.777394464024952e-16,0.0,0.0,0.0,0.0,0.0,0.0,0.0,0.0,6.732538941924619e-11,0.00535775756787321,0.012444849391194687
8,0.009696273622190719,10,9,73,8.699057283048452,0.04219808290883104,-0.08434843967154877,-0.00040916415821591547,1.5146577605283254e-15,0.0,0.0,0.0,0.0,0.0,0.0,0.0,0.0,-7.171227760497736e-17,3.679644621545214e-16,-3.7092220698053585e-16,-7.614619980813538e-17,-3.70917192828913e-16,-7.614517072102828e-17,8.065327219667065e-17,-3.738597130467603e-16,6.732538941924619e-11,0.00535775756787321,0.012444849391194687
8,0.009696273622190719,10,11,74,4.391424238222934,0.100485435325782,0.042580451004930006,0.0009743342759637315,1.1726287515761954e-20,2.8029202656151885e-21,-9.625979971253158e-22,9.747325821865115e-22,2.7616502326378143e-21,9.791686568747986e-22,2.7661606090969252e-21,-2.7251867125674446e-21,9.90798413018049e-22,0.0,0.0,0.0,0.0,0.0,0.0,0.0,0.0,6.732538941924619e-11,0.00535775756787321,0.012444849391194687
8,0.009696273622190719,10,9,75,4.225571323769275,-0.0653486113183432,-0.04097229576534954,0.000633638016172845,9.539688083931486e-21,0.0,0.0,0.0,0.0,0.0,0.0,0.0,0.0,1.9276773806613142e-22,-2.4016462836860784e-21,2.3758276835482435e-21,1.913273430485243e-22,2.3805748825230133e-21,1.637580961472369e-22,-1.626234480333803e-22,2.354989949965687e-21,6.732538941924619e-11,0.00535775756787321,0.012444849391194687
8,0.009696273622190719,10,9,76,4.391424230751306,0.10048543521710707,-0.042580450932483055,-0.0009743342749099896,9.322591481747152e-21,0.0,0.0,0.0,0.0,0.0,0.0,0.0,0.0,-9.253739063395865e-22,2.1081353031882812e-21,-2.1210534642405955e-21,-9.55351049381434e-22,-2.1296661373894162e-21,-9.57101878867953e-22,9.876162242867132e-22,-2.1425008777405904e-21,6.732538941924619e-11,0.00535775756787321,0.012444849391194687
8,0.009696273622190719,10,11,77,4.2255704117501764,-0.06534861218494951,0.040972286922162815,-0.000633638024575697,9.178005086493513e-21,-7.792338088394481e-22,2.1363038235545567e-21,-2.1483182338064603e-21,-8.123149836158232e-22,-2.154008571042276e-21,-7.836998864353765e-22,8.170354070618675e-22,-2.166146167841362e-21,0.0,0.0,0.0,0.0,0.0,0.0,0.0,0.0,6.732538941924619e-11,0.00535775756787321,0.012444849391194687
8,0.009696273622190719,10,9,78,8.042432964649509,0.07839185412450506,-0.07798163061336813,-0.0007601088673420611,2.2069830290520446e-21,0.0,0.0,0.0,0.0,0.0,0.0,0.0,0.0,-5.423222893741805e-22,5.125369990700079e-23,-4.57330056591277e-23,-5.507100353806959e-22,-4.710009780222242e-23,-5.488243978684133e-22,5.57257691661843e-22,-4.1444668164593504e-23,6.732538941924619e-11,0.00535775756787321,0.012444849391194687
8,0.009696273622190719,10,11,79,8.6290878551493,-0.005492925276116237,0.08366999695345045,-5.326090646347054e-5,1.1479326804725934e-21,-2.813414623376312e-22,-3.900891742753016e-23,4.242235408196316e-23,-2.829174070578965e-22,4.372008068955586e-23,-2.845329205313267e-22,2.860791815974234e-22,4.72027438998656e-23,0.0,0.0,0.0,0.0,0.0,0.0,0.0,0.0,6.732538941924619e-11,0.00535775756787321,0.012444849391194687
