iteration,scale,ground_charge,charge,matrix_rank,energy_real,energy_imag,pole_real,pole_imag,matrix_support_abs,add11_real,add11_imag,add12_real,add12_imag,add21_real,add21_imag,add22_real,add22_imag,rem11_real,rem11_imag,rem12_real,rem12_imag,rem21_real,rem21_imag,rem22_real,rem22_imag,max_residual,biorth_error,min_pair_overlap
0,0.7853981633974483,2,3,0,0.22222902509177997,0.0017215877104251474,0.17453826816068943,0.0013521318258955287,26.9355989296182,5.049938500434015,-4.721243509731688,4.726538413622774,4.79472437534537,4.726538413622775,4.794724375345369,-4.546122701965816,4.7251160746721865,0.0,0.0,0.0,0.0,0.0,0.0,0.0,0.0,1.0253498327776648e-14,2.3615049000976866e-13,0.0006999998475596223
0,0.7853981633974483,2,1,1,0.22222902509178277,0.001721587710422362,-0.17453826816069165,-0.001352131825893341,26.935598929616567,0.0,0.0,0.0,0.0,0.0,0.0,0.0,0.0,-4.546122701973381,4.725116074663934,-4.7265384136145165,-4.7947243753529305,-4.7265384136145165,-4.79472437535293,5.049938500441582,-4.721243509723435,1.0253498327776648e-14,2.3615049000976866e-13,0.0006999998475596223
0,0.7853981633974483,2,3,2,0.21881113141113973,-0.0016951042480744375,0.17185386074122685,-0.0013313317632048759,26.521349764266198,-4.4035936705569645,4.72123461039231,-4.72642702372035,-4.648320966347836,-4.726427023720351,-4.648320966347838,4.899660701377282,-4.725107158988041,0.0,0.0,0.0,0.0,0.0,0.0,0.0,0.0,1.0253498327776648e-14,2.3615049000976866e-13,0.0006999998475596223
0,0.7853981633974483,2,1,3,0.2188111314111364,-0.0016951042480716897,-0.17185386074122422,0.0013313317632027177,26.521349764263167,0.0,0.0,0.0,0.0,0.0,0.0,0.0,0.0,4.899660701385063,-4.725107158979332,4.726427023711636,4.6483209663556115,4.726427023711637,4.6483209663556115,-4.403593670564745,4.721234610383602,1.0253498327776648e-14,2.3615049000976866e-13,0.0006999998475596223
0,0.7853981633974483,2,1,4,0.6632894639465097,0.0016987021232387502,-0.5209463267844667,-0.0013341575277510602,0.003173017593086221,0.0,0.0,0.0,0.0,0.0,0.0,0.0,0.0,-0.0005383047298425622,0.0005539402052997781,-0.0005539616249067373,-0.0005675905157207889,-0.0005539616249067335,-0.0005675905157207833,0.0005976512912554274,-0.000553187875298924,1.0253498327776648e-14,2.3615049000976866e-13,0.0006999998475596223
0,0.7853981633974483,2,3,5,0.6632894639465097,0.0016987021232393819,0.5209463267844667,0.0013341575277515563,0.0031730175930854564,0.0005976512912552356,-0.000553187875298862,0.0005539616249066728,0.0005675905157205765,0.0005539616249066757,0.0005675905157205802,-0.0005383047298423394,0.0005539402052997166,0.0,0.0,0.0,0.0,0.0,0.0,0.0,0.0,1.0253498327776648e-14,2.3615049000976866e-13,0.0006999998475596223
0,0.7853981633974483,2,1,6,0.6599688280981185,-0.0016207773746910318,-0.5183383054878286,0.0012729555733584743,0.003091645235535281,0.0,0.0,0.0,0.0,0.0,0.0,0.0,0.0,0.0005681325053865986,-0.0005539401193475326,0.0005539332362651904,0.0005388329413057315,0.0005539332362651838,0.0005388329413057281,-0.000510308355319611,0.0005531714445803473,1.0253498327776648e-14,2.3615049000976866e-13,0.0006999998475596223
0,0.7853981633974483,2,3,7,0.6599688280981183,-0.0016207773746917493,0.5183383054878283,-0.0012729555733590379,0.0030916452355343837,-0.0005103083553194062,0.0005531714445802634,-0.0005539332362650963,-0.0005388329413055058,-0.0005539332362650915,-0.0005388329413055029,0.0005681325053863509,-0.0005539401193474304,0.0,0.0,0.0,0.0,0.0,0.0,0.0,0.0,1.0253498327776648e-14,2.3615049000976866e-13,0.0006999998475596223
1,0.4534498410585544,3,2,0,0.014428283374617434,0.0053114528716382975,-0.006542502802968059,-0.0024084774604343885,48.60455231919904,0.0,0.0,0.0,0.0,0.0,0.0,0.0,0.0,-8.137332190814082,8.589375267491027,-8.595402523261614,-8.585893968246175,-8.595402523262916,-8.58589396824462,9.046480889140932,-8.58940110987747,1.8381873438421538e-13,8.807109641537325e-11,0.03740348150427961
1,0.4534498410585544,3,4,1,0.014428283374613438,0.005311452871637517,0.006542502802966246,0.0024084774604340342,48.60455231919859,9.046480889140653,-8.589401109877603,8.59540252326173,8.585893968245918,8.595402523263004,8.585893968244351,-8.137332190813835,8.589375267491102,0.0,0.0,0.0,0.0,0.0,0.0,0.0,0.0,1.8381873438421538e-13,8.807109641537325e-11,0.03740348150427961
1,0.4534498410585544,3,2,2,1.2682271658648006,0.00031255280626331025,-0.5750774067875347,-0.00014172702032250317,2.481691431150259,0.0,0.0,0.0,0.0,0.0,0.0,0.0,0.0,-0.42162687989291275,0.4326597678991464,-0.4326444536999912,-0.44453198045503023,-0.4326444537002205,-0.44453198045532477,0.4680423473146281,-0.4320063710422269,1.8381873438421538e-13,8.807109641537325e-11,0.03740348150427961
1,0.4534498410585544,3,4,3,1.2682271658648467,0.0003125528062902696,0.5750774067875557,0.0001417270203347279,2.4816914310476363,0.468042347306264,-0.4320063710140334,0.43264445367159116,0.44453198044667214,0.43264445367225385,0.44453198044691433,-0.42162687988454767,0.4326597678709613,0.0,0.0,0.0,0.0,0.0,0.0,0.0,0.0,1.8381873438421538e-13,8.807109641537325e-11,0.03740348150427961
1,0.4534498410585544,3,2,4,1.2668263249021452,-0.0002591681077930919,-0.5744421956756703,0.00011751973728622381,2.3716796278244354,0.0,0.0,0.0,0.0,0.0,0.0,0.0,0.0,0.43785829290274825,-0.4228501450473516,0.42295247072517067,0.4153820850155481,0.4229524707258894,0.41538208501624513,-0.39349760322360416,0.42247284727662165,1.8381873438421538e-13,8.807109641537325e-11,0.03740348150427961
1,0.4534498410585544,3,4,5,1.2668263249021317,-0.0002591681077851824,0.5744421956756642,-0.00011751973728263726,2.371679627725171,-0.39349760321626487,0.4224728472490423,-0.4229524706979045,-0.4153820850085705,-0.4229524706980329,-0.4153820850084899,0.4378582928953936,-0.422850145019799,0.0,0.0,0.0,0.0,0.0,0.0,0.0,0.0,1.8381873438421538e-13,8.807109641537325e-11,0.03740348150427961
1,0.4534498410585544,3,2,6,1.278398337570219,0.01031538336642722,-0.579689522980736,-0.004677508947964478,0.01396229698307389,0.0,0.0,0.0,0.0,0.0,0.0,0.0,0.0,0.0016956092479319055,0.0029457075795854587,-0.0030696733555578347,0.0016604074726551945,-0.003069673355557809,0.0016604074726587431,-0.0016209065295900464,-0.0031959606925740626,1.8381873438421538e-13,8.807109641537325e-11,0.03740348150427961
1,0.4534498410585544,3,4,7,1.2783983375701937,0.010315383366400796,0.5796895229807245,0.004677508947952497,0.013962296983034944,-0.0016209065295912585,-0.0031959606925577658,0.0030696733555452735,-0.0016604074726585417,0.0030696733555445905,-0.0016604074726623522,0.0016956092479376837,0.0029457075795756775,0.0,0.0,0.0,0.0,0.0,0.0,0.0,0.0,1.8381873438421538e-13,8.807109641537325e-11,0.03740348150427961
1,0.4534498410585544,3,4,8,2.5477399834548775,0.005315632510071385,1.1552722905561383,0.002410372716817554,1.1876277554718154e-5,2.2295426673396287e-6,-2.078496187969937e-6,2.080990642678244e-6,2.1170186651897244e-6,2.0809906426806712e-6,2.1170186651915595e-6,-2.007405973836498e-6,2.080519233339759e-6,0.0,0.0,0.0,0.0,0.0,0.0,0.0,0.0,1.8381873438421538e-13,8.807109641537325e-11,0.03740348150427961
1,0.4534498410585544,3,2,9,2.547739983454879,0.005315632510071262,-1.1552722905561388,-0.002410372716817498,1.1876277554474043e-5,0.0,0.0,0.0,0.0,0.0,0.0,0.0,0.0,-2.007405973710688e-6,2.0805192333742963e-6,-2.0809906427302112e-6,-2.117018665058834e-6,-2.0809906427225515e-6,-2.117018665058963e-6,2.2295426672022557e-6,-2.0784961880300453e-6,1.8381873438421538e-13,8.807109641537325e-11,0.03740348150427961
1,0.4534498410585544,3,4,10,2.5489398702795434,0.00478611439795149,1.1558163790460712,0.0021702628130391617,7.606599004622833e-6,-1.2384431395493036e-6,1.3765911975319494e-6,-1.3793423426990361e-6,-1.3085953458547482e-6,-1.3793423427009254e-6,-1.3085953458618692e-6,1.3806773480784096e-6,-1.3802601035285047e-6,0.0,0.0,0.0,0.0,0.0,0.0,0.0,0.0,1.8381873438421538e-13,8.807109641537325e-11,0.03740348150427961
1,0.4534498410585544,3,2,11,2.548939870279538,0.004786114397962558,-1.1558163790460687,-0.0021702628130441807,7.606599004306158e-6,0.0,0.0,0.0,0.0,0.0,0.0,0.0,0.0,1.3806773479966724e-6,-1.3802601034992355e-6,1.3793423426745016e-6,1.308595345777111e-6,1.3793423426582758e-6,1.308595345780202e-6,-1.2384431394718918e-6,1.3765911974942603e-6,1.8381873438421538e-13,8.807109641537325e-11,0.03740348150427961
1,0.4534498410585544,3,4,12,2.5494699015958804,0.0053162222903257155,1.1560567216622204,0.00241064015258014,3.7993789599514027e-6,6.885530921786551e-7,-6.904912634579803e-7,6.899768142223027e-7,6.525500002276513e-7,6.89976814222964e-7,6.525500002299119e-7,-6.175122358464533e-7,6.885481192556672e-7,0.0,0.0,0.0,0.0,0.0,0.0,0.0,0.0,1.8381873438421538e-13,8.807109641537325e-11,0.03740348150427961
1,0.4534498410585544,3,2,13,2.5494699015958684,0.005316222290292935,-1.1560567216622148,-0.0024106401525652754,3.7993789598279273e-6,0.0,0.0,0.0,0.0,0.0,0.0,0.0,0.0,-6.175122358218712e-7,6.885481192367528e-7,-6.899768142052107e-7,-6.525500002030412e-7,-6.899768142098035e-7,-6.525500001966597e-7,6.885530921453767e-7,-6.904912634470427e-7,1.8381873438421538e-13,8.807109641537325e-11,0.03740348150427961
1,0.4534498410585544,3,4,14,3.8033205345810526,0.0003240119365453126,1.7246150919005145,0.0001469231611275464,1.7474832035594073e-7,3.3019009207688044e-8,-3.0352635732903285e-8,3.0400933396071174e-8,3.136362136284198e-8,3.040093339701999e-8,3.136362136208421e-8,-2.975076406677368e-8,3.040529221880293e-8,0.0,0.0,0.0,0.0,0.0,0.0,0.0,0.0,1.8381873438421538e-13,8.807109641537325e-11,0.03740348150427961
1,0.4534498410585544,3,2,15,3.803320534581019,0.0003240119364950724,-1.7246150919004992,-0.000146923161104765,1.747483202822167e-7,0.0,0.0,0.0,0.0,0.0,0.0,0.0,0.0,-2.9750764058527297e-8,3.04052922010562e-8,-3.040093337765077e-8,-3.1363621354176805e-8,-3.040093337979701e-8,-3.136362135395191e-8,3.3019009199150005e-8,-3.03526357149984e-8,1.8381873438421538e-13,8.807109641537325e-11,0.03740348150427961
1,0.4534498410585544,3,4,16,3.801923076118359,-0.0002460299370777479,1.7239814145827201,-0.00011156223586355093,1.6962297891899513e-7,-2.8057012362854583e-8,3.029522265752874e-8,-3.033397484810911e-8,-2.9622090828189966e-8,-3.0333974849032505e-8,-2.962209082839154e-8,3.122960780808424e-8,-3.033122640557266e-8,0.0,0.0,0.0,0.0,0.0,0.0,0.0,0.0,1.8381873438421538e-13,8.807109641537325e-11,0.03740348150427961
1,0.4534498410585544,3,2,17,3.8019230761183636,-0.0002460299370516082,-1.7239814145827221,0.0001115622358516979,1.6962297885308797e-7,0.0,0.0,0.0,0.0,0.0,0.0,0.0,0.0,3.1229607775486496e-8,-3.033122641531907e-8,3.033397485596976e-8,2.9622090796434562e-8,3.0333974857248486e-8,2.9622090796513445e-8,-2.805701233185343e-8,3.029522266394478e-8,1.8381873438421538e-13,8.807109641537325e-11,0.03740348150427961
1,0.4534498410585544,3,2,18,3.813477405475404,0.010313016991285395,-1.7292207233932104,-0.004676435915532533,7.702447392122511e-10,0.0,0.0,0.0,0.0,0.0,0.0,0.0,0.0,1.2317230203282376e-10,1.413703163277289e-10,-1.484553521667896e-10,1.2258813397728982e-10,-1.4845535215816203e-10,1.2258813398060436e-10,-1.2179600840128086e-10,-1.5571186581635753e-10,1.8381873438421538e-13,8.807109641537325e-11,0.03740348150427961
1,0.4534498410585544,3,4,19,3.8134774054753873,0.010313016991239893,1.7292207233932029,0.0046764359155119,7.702447390230441e-10,-1.2179600928102507e-10,-1.557118651688161e-10,1.4845535145649012e-10,-1.2258813478391703e-10,1.4845535143738786e-10,-1.225881347551681e-10,1.2317230273456727e-10,1.4137031555121145e-10,0.0,0.0,0.0,0.0,0.0,0.0,0.0,0.0,1.8381873438421538e-13,8.807109641537325e-11,0.03740348150427961
1,0.4534498410585544,3,2,20,5.084602483461453,0.005320547398633102,-2.3056121879715272,-0.0024126013722546853,3.9622309184289835e-18,0.0,0.0,0.0,0.0,0.0,0.0,0.0,0.0,-7.100596219988093e-19,-6.527931985366399e-19,6.893483490096636e-19,-7.110997265805254e-19,6.893486405952492e-19,-7.1109593968204e-19,7.11170218825823e-19,7.268986209200087e-19,1.8381873438421538e-13,8.807109641537325e-11,0.03740348150427961
1,0.4534498410585544,3,4,21,5.084602483461459,0.0053205473986322055,2.3056121879715294,0.0024126013722542785,3.962093426332798e-18,7.111585136500245e-19,7.268594421539817e-19,-6.893112928978916e-19,7.11085743415829e-19,-6.89311277924934e-19,7.110863682066774e-19,-7.100478248713384e-19,-6.527578754103165e-19,0.0,0.0,0.0,0.0,0.0,0.0,0.0,0.0,1.8381873438421538e-13,8.807109641537325e-11,0.03740348150427961
1,0.4534498410585544,3,4,22,1.2779763619297855,0.010886931039773309,0.5794981781936508,0.004936677149600649,2.011783456270039e-22,2.7785106502772644e-23,-4.600601257199445e-23,4.3390002181588805e-23,2.5176863749642683e-23,4.312562431479208e-23,2.5907728277565116e-23,-2.3471982320926635e-23,4.0671143013844814e-23,0.0,0.0,0.0,0.0,0.0,0.0,0.0,0.0,1.8381873438421538e-13,8.807109641537325e-11,0.03740348150427961
1,0.4534498410585544,3,2,23,1.277976361929781,0.010886931039780648,-0.5794981781936488,-0.004936677149603977,1.9559105055811638e-22,0.0,0.0,0.0,0.0,0.0,0.0,0.0,0.0,-1.7289220470610287e-24,4.549502182382915e-23,-4.841732546923704e-23,-2.2557655904408685e-24,-4.914661858803904e-23,-2.4331986004572503e-24,3.0388491372245747e-24,-5.229831616954488e-23,1.8381873438421538e-13,8.807109641537325e-11,0.03740348150427961
1,0.4534498410585544,3,4,24,3.8130559276853155,0.010882887593527985,1.729029604356285,0.004934843649543378,1.00474019624304e-26,2.245252130868376e-28,2.3232267158503378e-27,-2.401491094236713e-27,6.718716777019179e-28,-2.4824484993478728e-27,4.534052365559231e-28,-9.42472153303926e-28,-2.52603697569935e-27,0.0,0.0,0.0,0.0,0.0,0.0,0.0,0.0,1.8381873438421538e-13,8.807109641537325e-11,0.03740348150427961
1,0.4534498410585544,3,4,25,2.549999932710095,0.0058458801418644415,1.156297064186717,0.0026508134211757906,9.270677297377575e-27,-1.579919099700843e-27,1.1190446703304743e-27,-2.4837155280863602e-27,-1.9289095392433634e-27,-1.3181945648397142e-27,-9.007532652090475e-28,7.793423475086413e-28,-2.473401355088264e-27,0.0,0.0,0.0,0.0,0.0,0.0,0.0,0.0,1.8381873438421538e-13,8.807109641537325e-11,0.03740348150427961
1,0.4534498410585544,3,2,26,3.8130559276853226,0.010882887593536311,-1.7290296043562883,-0.004934843649547154,4.909889314659539e-27,0.0,0.0,0.0,0.0,0.0,0.0,0.0,0.0,-4.062315968211483e-28,-1.0923960002174233e-27,1.0743782296121298e-27,-5.360363869471985e-28,1.1583078720761908e-27,-4.777040854997153e-28,6.164834663444622e-28,1.134047590458229e-27,1.8381873438421538e-13,8.807109641537325e-11,0.03740348150427961
1,0.4534498410585544,3,2,27,2.5499999327101075,0.005845880141856893,-1.1562970641867227,-0.0026508134211723675,1.2226395075082674e-27,0.0,0.0,0.0,0.0,0.0,0.0,0.0,0.0,-3.741890056979592e-28,-2.931164076142841e-28,3.354035805622071e-28,1.0817059550960606e-28,2.267197963311335e-28,4.693196811463119e-30,-1.589586310302747e-28,5.477139140111086e-29,1.8381873438421538e-13,8.807109641537325e-11,0.03740348150427961
1,0.4534498410585544,3,4,28,2.5504713008765014,0.005316102521385356,1.156510806006854,0.00241058584337317,9.852972500821971e-28,-8.248644645485857e-29,-2.3785719851924992e-28,2.484954183344711e-28,-7.606720680777646e-29,2.1912590292542895e-28,-7.941502506456046e-29,7.360940826897825e-29,2.290562683537454e-28,0.0,0.0,0.0,0.0,0.0,0.0,0.0,0.0,1.8381873438421538e-13,8.807109641537325e-11,0.03740348150427961
1,0.4534498410585544,3,2,29,2.5504713008765005,0.0053161025213855255,-1.1565108060068536,-0.002410585843373247,6.254779788254006e-28,0.0,0.0,0.0,0.0,0.0,0.0,0.0,0.0,-1.365373247969995e-29,1.5284095072521583e-28,-1.6638695125439394e-28,-9.803557236496053e-30,-1.4615578485208994e-28,-7.890672212212533e-30,3.766219194004915e-30,-1.5893961420113428e-28,1.8381873438421538e-13,8.807109641537325e-11,0.03740348150427961
2,0.2617993877991494,4,5,0,0.2836206305615485,0.004963890019812239,0.07425170744822213,0.0012995433682891518,25.466733703735134,4.8164571795760756,-4.418534540778304,4.425817172824516,4.575218490909746,4.425817172772278,4.575218490969253,-4.340171459597429,4.426690164772681,0.0,0.0,0.0,0.0,0.0,0.0,0.0,0.0,4.720872227481374e-13,4.312915199032155e-10,0.03740348150415897
2,0.2617993877991494,4,3,1,0.2836206305623469,0.004963890020902802,-0.07425170744843114,-0.0012995433685746606,25.466733700451993,0.0,0.0,0.0,0.0,0.0,0.0,0.0,0.0,-4.340171458509376,4.426690164715768,-4.42581717275342,-4.575218489827718,-4.42581717273176,-4.57521848987559,4.816457178488548,-4.418534540722085,4.720872227481374e-13,4.312915199032155e-10,0.03740348150415897
2,0.2617993877991494,4,5,2,0.27385958765612894,-0.004793525735731078,0.07169627239130205,-0.0012549421030138635,24.593651280875566,-4.039815728497716,4.418431902667422,-4.425501620278089,-4.266696027596598,-4.4255016202186885,-4.26669602765681,4.4997678446287175,-4.426593629329758,0.0,0.0,0.0,0.0,0.0,0.0,0.0,0.0,4.720872227481374e-13,4.312915199032155e-10,0.03740348150415897
2,0.2617993877991494,4,3,3,0.2738595876558685,-0.004793525736782036,-0.07169627239123387,0.0012549421032890036,24.593651277706396,0.0,0.0,0.0,0.0,0.0,0.0,0.0,0.0,4.499767843547634,-4.426593629271273,4.425501620204675,4.266696026520868,4.425501620176963,4.266696026569277,-4.039815727415634,4.4184319026092185,4.720872227481374e-13,4.312915199032155e-10,0.03740348150415897
2,0.2617993877991494,4,3,4,2.4016369043114016,0.0003327140206326063,-0.6287470712645693,-8.71043269138099e-5,1.7059162311490332,0.0,0.0,0.0,0.0,0.0,0.0,0.0,0.0,-0.28813830687510333,0.29904652314337865,-0.2991251279888625,-0.3038830944436783,-0.29912512797193114,-0.3038830945878844,0.3200463593251706,-0.2987780035531752,4.720872227481374e-13,4.312915199032155e-10,0.03740348150415897
2,0.2617993877991494,4,5,5,2.401636904307593,0.00033271402057464573,0.6287470712635722,8.710432689863586e-5,1.705916222932322,0.32004635764543726,-0.2987780023307064,0.29912512685472037,0.303883092726429,0.29912512666300006,0.30388309294446214,-0.2881383051958742,0.2990465219204474,0.0,0.0,0.0,0.0,0.0,0.0,0.0,0.0,4.720872227481374e-13,4.312915199032155e-10,0.03740348150415897
2,0.2617993877991494,4,3,6,2.4009768094981325,-0.0003271818778792547,-0.628574258846566,8.565601532776494e-5,1.6775413039146472,0.0,0.0,0.0,0.0,0.0,0.0,0.0,0.0,0.30975259161490176,-0.299043836353174,0.29911864633310015,0.2938546853112149,0.29911864631444485,0.2938546854562088,-0.27837525707472693,0.29878176680239305,4.720872227481374e-13,4.312915199032155e-10,0.03740348150415897
2,0.2617993877991494,4,5,7,2.400976809494998,-0.0003271818812245874,0.6285742588457455,-8.565601620357099e-5,1.677541295679185,-0.2783752554017892,0.2987817655592951,-0.2991186451787686,-0.2938546836006299,-0.29911864498463453,-0.2938546838189952,0.3097525899417669,-0.2990438351097843,0.0,0.0,0.0,0.0,0.0,0.0,0.0,0.0,4.720872227481374e-13,4.312915199032155e-10,0.03740348150415897
2,0.2617993877991494,4,5,8,0.8411935523718047,0.004840603834957208,0.2202239570315302,0.001267267120570012,0.012871171302771552,0.0024571643225677117,-0.0022079843781658884,0.002212920761192304,0.002335283978536813,0.002212920761152315,0.0023352839786431826,-0.0022164994335828717,0.0022145855795508273,0.0,0.0,0.0,0.0,0.0,0.0,0.0,0.0,4.720872227481374e-13,4.312915199032155e-10,0.03740348150415897
2,0.2617993877991494,4,3,9,0.841193552372422,0.004840603836259082,-0.2202239570316918,-0.0012672671209108415,0.012871171300179481,0.0,0.0,0.0,0.0,0.0,0.0,0.0,0.0,-0.0022164994328144096,0.0022145855794343952,-0.0022129207610498865,-0.0023352839777718236,-0.0022129207610225325,-0.0023352839778811095,0.002457164321808441,-0.0022079843780077046,4.720872227481374e-13,4.312915199032155e-10,0.03740348150415897
2,0.2617993877991494,4,5,10,0.832000032445638,-0.004349830607274695,0.21781709914314049,-0.0011387829900145175,0.012145372241504379,-0.0019668632471629478,0.0022074292308859695,-0.002212358139370762,-0.0020788521836331043,-0.002212358139351635,-0.002078852183720714,0.0021939363827935946,-0.002214374488095351,0.0,0.0,0.0,0.0,0.0,0.0,0.0,0.0,4.720872227481374e-13,4.312915199032155e-10,0.03740348150415897
2,0.2617993877991494,4,3,11,0.8320000324449566,-0.004349830608966797,-0.21781709914296207,0.0011387829904575086,0.012145372237848197,0.0,0.0,0.0,0.0,0.0,0.0,0.0,0.0,0.002193936381885664,-0.0022143744876992025,0.002212358138956878,0.0020788521827401676,0.0022123581389371892,0.002078852182825343,-0.001966863246283342,0.002207429230454227,4.720872227481374e-13,4.312915199032155e-10,0.03740348150415897
2,0.2617993877991494,4,5,12,2.966535283024246,0.00047859202069220827,0.7766371209803241,0.00012529509802277798,0.00011703715206018398,2.2061214160486333e-5,-2.03862699254872e-5,2.041572155480255e-5,2.0952442510254847e-5,2.0415721532494373e-5,2.0952442544396316e-5,-1.9872232356748234e-5,2.041581974914092e-5,0.0,0.0,0.0,0.0,0.0,0.0,0.0,0.0,4.720872227481374e-13,4.312915199032155e-10,0.03740348150415897
2,0.2617993877991494,4,3,13,2.966535283025345,0.00047859202161717324,-0.7766371209806117,-0.00012529509826493323,0.00011703715185435399,0.0,0.0,0.0,0.0,0.0,0.0,0.0,0.0,-1.987223230857727e-5,2.0415819724993078e-5,-2.0415721529411678e-5,-2.0952442458375397e-5,-2.0415721509470717e-5,-2.0952442499753628e-5,2.2061214112159983e-5,-2.0386269901152098e-5,4.720872227481374e-13,4.312915199032155e-10,0.03740348150415897
2,0.2617993877991494,4,5,14,2.965913350899429,-0.0001431638999945823,0.7764742995307944,-3.74802213735203e-5,0.00011374575045033817,-1.8739805098969756e-5,2.0384257441070523e-5,-2.0414094267455866e-5,-1.9789212746149317e-5,-2.0414094243899673e-5,-1.9789212782170484e-5,2.0867180753684696e-5,-2.041620618002139e-5,0.0,0.0,0.0,0.0,0.0,0.0,0.0,0.0,4.720872227481374e-13,4.312915199032155e-10,0.03740348150415897
2,0.2617993877991494,4,3,15,2.9659133508983304,-0.0001431639010922841,-0.7764742995305067,3.748022166089795e-5,0.00011374575013662234,0.0,0.0,0.0,0.0,0.0,0.0,0.0,0.0,2.086718069109364e-5,-2.04162061311115e-5,2.041409421865955e-5,1.978921268190844e-5,2.041409419396273e-5,1.9789212722882552e-5,-1.873980503808069e-5,2.038425739123033e-5,4.720872227481374e-13,4.312915199032155e-10,0.03740348150415897
2,0.2617993877991494,4,3,16,2.9603533013902075,0.009283383040896627,-0.7750186819731472,-0.002430383996811743,8.85689017025581e-5,0.0,0.0,0.0,0.0,0.0,0.0,0.0,0.0,-1.4333042562099749e-5,1.6106456785586838e-5,-1.6142913069926313e-5,-1.514968785633225e-5,-1.6142913073604466e-5,-1.5149687854925598e-5,1.5988918369699573e-5,-1.6158143985293886e-5,4.720872227481374e-13,4.312915199032155e-10,0.03740348150415897
2,0.2617993877991494,4,5,17,2.9603533014099224,0.009283383052087596,0.7750186819783085,0.0024303839997415317,8.856890160808654e-5,1.598891830482289e-5,-1.6158144016048968e-5,1.6142913097404953e-5,1.5149687791982605e-5,1.6142913101739997e-5,1.514968779098291e-5,-1.4333042498757768e-5,1.610645681054999e-5,0.0,0.0,0.0,0.0,0.0,0.0,0.0,0.0,4.720872227481374e-13,4.312915199032155e-10,0.03740348150415897
2,0.2617993877991494,4,5,18,2.941975410599328,-0.00894262685972534,0.7702073614150553,-0.002341174237192324,7.434338764639719e-5,-1.309313107966832e-5,1.249362461152157e-5,-1.2468236452991125e-5,-1.377882355569091e-5,-1.2468236452736336e-5,-1.3778823555697157e-5,1.4481958050971203e-5,-1.2423545731801186e-5,0.0,0.0,0.0,0.0,0.0,0.0,0.0,0.0,4.720872227481374e-13,4.312915199032155e-10,0.03740348150415897
2,0.2617993877991494,4,3,19,2.94197541059017,-0.008942626862074891,-0.7702073614126578,0.002341174237807435,7.434338752511123e-5,0.0,0.0,0.0,0.0,0.0,0.0,0.0,0.0,1.448195799042535e-5,-1.242354575466091e-5,1.246823647385921e-5,1.3778823496016564e-5,1.24682364734009e-5,1.3778823496016276e-5,-1.3093131020891893e-5,1.2493624630266639e-5,4.720872227481374e-13,4.312915199032155e-10,0.03740348150415897
2,0.2617993877991494,4,5,20,2.950314836511769,-0.00018051196622136285,0.7723906180135287,-4.725792224717353e-5,4.527178572774832e-5,-6.358617933749736e-6,9.00118266344317e-6,-9.066429539393277e-6,-6.771334328862121e-6,-9.066429534615305e-6,-6.7713343328747185e-6,7.196737087133299e-6,-9.122187661991625e-6,0.0,0.0,0.0,0.0,0.0,0.0,0.0,0.0,4.720872227481374e-13,4.312915199032155e-10,0.03740348150415897
2,0.2617993877991494,4,3,21,2.950314836516717,-0.0001805119653315989,-0.772390618014824,4.7257922014233874e-5,4.5271785631260535e-5,0.0,0.0,0.0,0.0,0.0,0.0,0.0,0.0,7.1967371127051626e-6,-9.122187611348615e-6,9.066429492760126e-6,6.771334353148736e-6,9.066429481917657e-6,6.771334360940528e-6,-6.358617960516074e-6,9.00118261477146e-6,4.720872227481374e-13,4.312915199032155e-10,0.03740348150415897
2,0.2617993877991494,4,5,22,2.950881148902183,0.0005309714806027484,0.7725388782506422,0.00013900800856060747,3.634467542398558e-5,7.649495510720838e-6,-5.338363870213367e-6,5.394333785577327e-6,7.309634379735685e-6,5.394333789799923e-6,7.309634378540193e-6,-6.977318147712743e-6,5.440064935656541e-6,0.0,0.0,0.0,0.0,0.0,0.0,0.0,0.0,4.720872227481374e-13,4.312915199032155e-10,0.03740348150415897
2,0.2617993877991494,4,3,23,2.9508811489106495,0.000530971486638613,-0.7725388782528587,-0.0001390080101407931,3.634467502874958e-5,0.0,0.0,0.0,0.0,0.0,0.0,0.0,0.0,-6.977318025630154e-6,5.440064936000499e-6,-5.394333790461343e-6,-7.30963425289975e-6,-5.394333790076719e-6,-7.309634256011278e-6,7.649495383417353e-6,-5.338363875114362e-6,4.720872227481374e-13,4.312915199032155e-10,0.03740348150415897
2,0.2617993877991494,4,5,24,5.085152966274299,0.0049451181677570046,1.33128993343564,0.0012946289089132352,2.278763621788216e-6,4.350133783961461e-7,-3.909246430340533e-7,3.9179789242416517e-7,4.134351664951853e-7,3.917978926992907e-7,4.134351664394306e-7,-3.9240506615174156e-7,3.9209194918172736e-7,0.0,0.0,0.0,0.0,0.0,0.0,0.0,0.0,4.720872227481374e-13,4.312915199032155e-10,0.03740348150415897
2,0.2617993877991494,4,3,25,5.0851529662745705,0.004945118167768343,-1.3312899334357111,-0.0012946289089162035,2.27876361940865e-6,0.0,0.0,0.0,0.0,0.0,0.0,0.0,0.0,-3.924050669240001e-7,3.9209194751772235e-7,-3.917978906712923e-7,-4.1343516730924153e-7,-3.9179789096263746e-7,-4.1343516729152377e-7,4.350133792912859e-7,-3.909246412020011e-7,4.720872227481374e-13,4.312915199032155e-10,0.03740348150415897
2,0.2617993877991494,4,5,26,5.075439737227532,-0.0047645075769946355,1.3287470160176436,-0.0012473451668216042,2.1551046117774363e-6,-3.498893766040577e-7,3.909018907491687e-7,-3.917315759009314e-7,-3.697628937518638e-7,-3.9173157558461417e-7,-3.6976289386276336e-7,3.9018447257951473e-7,-3.9204320903866716e-7,0.0,0.0,0.0,0.0,0.0,0.0,0.0,0.0,4.720872227481374e-13,4.312915199032155e-10,0.03740348150415897
2,0.2617993877991494,4,3,27,5.075439737228089,-0.004764507576969665,-1.3287470160177894,0.001247345166815067,2.1551045965234567e-6,0.0,0.0,0.0,0.0,0.0,0.0,0.0,0.0,3.901844676877104e-7,-3.9204320838968825e-7,3.917315750717876e-7,3.6976288904215603e-7,3.917315748300683e-7,3.697628891408019e-7,-3.498893720633062e-7,3.90901889824439e-7,4.720872227481374e-13,4.312915199032155e-10,0.03740348150415897
2,0.2617993877991494,4,5,28,5.0861646265261165,0.004280511371275886,1.3315547854702268,0.0011206352564673244,1.5646875346230217e-6,-2.4507195793827323e-7,2.9158247427858437e-7,-2.926338789859996e-7,-2.594751283083555e-7,-2.9263387915446226e-7,-2.5947512806724325e-7,2.74287731382261e-7,-2.9332173208119035e-7,0.0,0.0,0.0,0.0,0.0,0.0,0.0,0.0,4.720872227481374e-13,4.312915199032155e-10,0.03740348150415897
2,0.2617993877991494,4,3,29,5.0861646265259335,0.004280511372091046,-1.3315547854701788,-0.001120635256680733,1.5646875338830143e-6,0.0,0.0,0.0,0.0,0.0,0.0,0.0,0.0,2.7428773168678334e-7,-2.9332173153507316e-7,2.9263387850446416e-7,2.594751286511902e-7,2.9263387854653984e-7,2.5947512839552415e-7,-2.4507195830388717e-7,2.915824737372041e-7,4.720872227481374e-13,4.312915199032155e-10,0.03740348150415897
2,0.2617993877991494,4,3,30,5.077636665863585,-0.004094573704144845,-1.3293221705896006,0.0010719568890436158,1.3908171912835878e-6,0.0,0.0,0.0,0.0,0.0,0.0,0.0,0.0,-2.516421111769784e-7,2.2650644636119132e-7,-2.2565851745321362e-7,-2.644508104051103e-7,-2.2565851748125515e-7,-2.644508104613123e-7,2.7757517229726133e-7,-2.2444013647566753e-7,4.720872227481374e-13,4.312915199032155e-10,0.03740348150415897
2,0.2617993877991494,4,5,31,5.07763666586388,-0.004094573703455963,1.3293221705896778,-0.001071956888863267,1.39081718877599e-6,2.775751719936839e-7,-2.244401358654593e-7,2.2565851691531967e-7,2.6445081007167676e-7,2.2565851683303437e-7,2.6445081015811176e-7,-2.516421108446597e-7,2.2650644578322564e-7,0.0,0.0,0.0,0.0,0.0,0.0,0.0,0.0,4.720872227481374e-13,4.312915199032155e-10,0.03740348150415897
2,0.2617993877991494,4,5,32,5.0862304894789405,0.004924893092764242,1.3315720283509547,0.001289333996661938,8.355950046366285e-7,1.3490997181785145e-7,-1.667108732611675e-7,1.6577917167170608e-7,1.2704602705751545e-7,1.6577917173962631e-7,1.2704602673345343e-7,-1.194140481963446e-7,1.646694433380281e-7,0.0,0.0,0.0,0.0,0.0,0.0,0.0,0.0,4.720872227481374e-13,4.312915199032155e-10,0.03740348150415897
2,0.2617993877991494,4,3,33,5.086230489478921,0.004924893092723894,-1.3315720283509496,-0.001289333996651375,8.355949984817332e-7,0.0,0.0,0.0,0.0,0.0,0.0,0.0,0.0,-1.194140458049274e-7,1.6466944325660733e-7,-1.65779171758597e-7,-1.2704602455904102e-7,-1.657791716374543e-7,-1.2704602419471852e-7,1.3490996916936585e-7,-1.667108733346812e-7,4.720872227481374e-13,4.312915199032155e-10,0.03740348150415897
2,0.2617993877991494,4,5,34,5.076403978990909,-0.004748369008224306,1.328999453920986,-0.0012431200993975777,6.549949043563271e-7,-1.2452793253410706e-7,9.957900726095562e-8,-9.882858985353477e-8,-1.3052654040473742e-7,-9.882858966056835e-8,-1.3052654045331558e-7,1.3666338036325457e-7,-9.789533833380507e-8,0.0,0.0,0.0,0.0,0.0,0.0,0.0,0.0,4.720872227481374e-13,4.312915199032155e-10,0.03740348150415897
2,0.2617993877991494,4,3,35,5.076403978990871,-0.004748369007961707,-1.328999453920976,0.0012431200993288294,6.549948997941603e-7,0.0,0.0,0.0,0.0,0.0,0.0,0.0,0.0,1.3666337926419821e-7,-9.789533780997976e-8,9.882858932187627e-8,1.3052653940156102e-7,9.882858912396677e-8,1.3052653940555864e-7,-1.245279315796218e-7,9.957900671937926e-8,4.720872227481374e-13,4.312915199032155e-10,0.03740348150415897
2,0.2617993877991494,4,5,36,7.204253589391953,0.00033761560047250797,1.8860691792526378,8.83875575151448e-5,4.90384721035653e-8,9.222416308078777e-9,-8.564731169569778e-9,8.575919061238144e-9,8.757812706439025e-9,8.575919057498583e-9,8.757812713966185e-9,-8.305206810495106e-9,8.574837612867809e-9,0.0,0.0,0.0,0.0,0.0,0.0,0.0,0.0,4.720872227481374e-13,4.312915199032155e-10,0.03740348150415897
2,0.2617993877991494,4,3,37,7.204253589396699,0.0003376156021464051,-1.8860691792538804,-8.838755795337005e-5,4.903847189495851e-8,0.0,0.0,0.0,0.0,0.0,0.0,0.0,0.0,-8.30520673649988e-9,8.574837615501089e-9,-8.575919068764776e-9,-8.757812628412932e-9,-8.575919062087327e-9,-8.757812634215292e-9,9.222416224217653e-9,-8.564731179392667e-9,4.720872227481374e-13,4.312915199032155e-10,0.03740348150415897
2,0.2617993877991494,4,3,38,7.203594730698919,-0.00032104416961999116,-1.8858966904501555,8.404916706299997e-5,4.79783193922809e-8,0.0,0.0,0.0,0.0,0.0,0.0,0.0,0.0,8.837819563535824e-9,-8.574695381342206e-9,8.57570818143264e-9,8.383129492627886e-9,8.575708183261094e-9,8.383129490429429e-9,-7.940437189569614e-9,8.564976203567858e-9,4.720872227481374e-13,4.312915199032155e-10,0.03740348150415897
2,0.2617993877991494,4,5,39,7.2035947306957615,-0.00032104417113083296,1.8858966904493288,-8.404916745853743e-5,4.797831926732693e-8,-7.94043717892236e-9,8.56497616904527e-9,-8.575708150180478e-9,-8.383129480334785e-9,-8.575708148771553e-9,-8.383129480531698e-9,8.8378195521075e-9,-8.574695350218154e-9,0.0,0.0,0.0,0.0,0.0,0.0,0.0,0.0,4.720872227481374e-13,4.312915199032155e-10,0.03740348150415897
2,0.2617993877991494,4,5,40,5.642697220066234,0.004860113998820689,1.4772546777493023,0.0012723748695253323,2.8215077527526817e-10,5.473979089291086e-11,-4.7408633405268223e-11,4.756567382685759e-11,5.207046058888052e-11,4.7565675680467123e-11,5.2070458491692765e-11,-4.946766910451641e-11,4.7649770907011013e-11,0.0,0.0,0.0,0.0,0.0,0.0,0.0,0.0,4.720872227481374e-13,4.312915199032155e-10,0.03740348150415897
2,0.2617993877991494,4,3,41,5.642697220066927,0.004860113999695473,-1.477254677749484,-0.0012723748697543503,2.82150685104521e-10,0.0,0.0,0.0,0.0,0.0,0.0,0.0,0.0,-4.946764739843517e-11,4.764976224444991e-11,-4.756566389274924e-11,-5.207043799494237e-11,-4.756566771506062e-11,-5.2070436393841066e-11,5.473976786935841e-11,-4.740862415636524e-11,4.720872227481374e-13,4.312915199032155e-10,0.03740348150415897
2,0.2617993877991494,4,5,42,5.6334743698231575,-0.004359631312210744,1.4748401412019017,-0.0011413488085667753,2.5630564763164746e-10,-4.0583694221466045e-11,4.739028194345781e-11,-4.754071413815171e-11,-4.294451275589804e-11,-4.754071191946004e-11,-4.29445150527918e-11,4.5371848444383256e-11,-4.763097520773368e-11,0.0,0.0,0.0,0.0,0.0,0.0,0.0,0.0,4.720872227481374e-13,4.312915199032155e-10,0.03740348150415897
2,0.2617993877991494,4,3,43,5.633474369823214,-0.0043596313128747965,-1.4748401412019165,0.0011413488087406237,2.5630540828924764e-10,0.0,0.0,0.0,0.0,0.0,0.0,0.0,0.0,4.537178322698756e-11,-4.763095274620897e-11,4.75406908846994e-11,4.294445089236604e-11,4.754068706353223e-11,4.294445167165052e-11,-4.058363417196258e-11,4.7390256425516076e-11,4.720872227481374e-13,4.312915199032155e-10,0.03740348150415897
2,0.2617993877991494,4,3,44,5.643722318341158,0.004178430976479724,-1.4775230478501113,-0.0010939106716033938,1.938942799727815e-10,0.0,0.0,0.0,0.0,0.0,0.0,0.0,0.0,3.483441668228196e-11,-3.5539103591239776e-11,3.549703599849633e-11,3.299735889304682e-11,3.549703478037615e-11,3.29973597882968e-11,-3.1209965493102125e-11,3.5408736108865064e-11,4.720872227481374e-13,4.312915199032155e-10,0.03740348150415897
2,0.2617993877991494,4,5,45,5.643722318341626,0.004178430976035166,1.477523047850234,0.0010939106714870088,1.9389420960729738e-10,-3.120994466031746e-11,3.5408731493190906e-11,-3.549703191834275e-11,-3.299733753048321e-11,-3.5497030239573056e-11,-3.2997338754753955e-11,3.483439512204693e-11,-3.553909959183086e-11,0.0,0.0,0.0,0.0,0.0,0.0,0.0,0.0,4.720872227481374e-13,4.312915199032155e-10,0.03740348150415897
2,0.2617993877991494,4,5,46,5.635727426325208,-0.0036729349066694037,1.4754299900148153,-0.0009615721099921759,1.636566550621494e-10,3.19282692371913e-11,-2.729237133906485e-11,2.7393482397472723e-11,3.0380592202322124e-11,2.7393486196678512e-11,3.038059232733198e-11,-2.8871236421718838e-11,2.745203763893132e-11,0.0,0.0,0.0,0.0,0.0,0.0,0.0,0.0,4.720872227481374e-13,4.312915199032155e-10,0.03740348150415897
2,0.2617993877991494,4,3,47,5.635727426325103,-0.0036729349070555584,-1.475429990014788,0.0009615721100932709,1.6365664002669119e-10,0.0,0.0,0.0,0.0,0.0,0.0,0.0,0.0,-2.8871220260845577e-11,2.7452049844177503e-11,-2.739349511600284e-11,-3.038057642148134e-11,-2.7393498220170626e-11,-3.038057569105154e-11,3.192825296925961e-11,-2.729238386445258e-11,4.720872227481374e-13,4.312915199032155e-10,0.03740348150415897
2,0.2617993877991494,4,3,48,5.64380383349917,0.0048039547131890105,-1.4775443884685753,-0.0012576724029277214,1.0243030308973389e-10,0.0,0.0,0.0,0.0,0.0,0.0,0.0,0.0,-1.494684143291893e-11,1.9958334289803195e-11,-2.007996918269596e-11,-1.588437874198748e-11,-2.0079967848570673e-11,-1.5884377629597726e-11,1.685001130659536e-11,-2.0179344956050668e-11,4.720872227481374e-13,4.312915199032155e-10,0.03740348150415897
2,0.2617993877991494,4,5,49,5.643803833499097,0.004803954713352886,1.4775443884685562,0.001257672402970624,1.0243024536922625e-10,1.68499790625552e-11,-2.0179352389148892e-11,2.0079975382302812e-11,1.5884346965935927e-11,2.0079974835587903e-11,1.5884346232108934e-11,-1.4946810502943116e-11,1.9958340077411574e-11,0.0,0.0,0.0,0.0,0.0,0.0,0.0,0.0,4.720872227481374e-13,4.312915199032155e-10,0.03740348150415897
2,0.2617993877991494,4,5,50,5.634548644289096,-0.0043073490945201775,1.4751213855994127,-0.001127661355982603,7.746065177886708e-11,-1.449544717584327e-11,1.2060053519267379e-11,-1.198509836444416e-11,-1.5206440241832684e-11,-1.1985096388696007e-11,-1.520644037769371e-11,1.5934197650631253e-11,-1.1888840487861811e-11,0.0,0.0,0.0,0.0,0.0,0.0,0.0,0.0,4.720872227481374e-13,4.312915199032155e-10,0.03740348150415897
2,0.2617993877991494,4,3,51,5.634548644289061,-0.004307349094346956,-1.4751213855994034,0.0011276613559372537,7.746064656728825e-11,0.0,0.0,0.0,0.0,0.0,0.0,0.0,0.0,1.5934185124556103e-11,-1.1888854842221354e-11,1.1985111689938077e-11,1.52064275335936e-11,1.198511060685537e-11,1.5206428063770873e-11,-1.4495434689863783e-11,1.2060066722565828e-11,4.720872227481374e-13,4.312915199032155e-10,0.03740348150415897
2,0.2617993877991494,4,5,52,3.5163348690257656,1.2606297371844238e-5,0.9205743160077476,3.3003209343628476e-6,5.800524034577044e-12,-1.1652818606348773e-12,-7.974648648903738e-13,8.502151970814942e-13,-1.174427282243166e-12,8.502137430419333e-13,-1.1744276460107253e-12,1.182381634571458e-12,9.046074372433719e-13,0.0,0.0,0.0,0.0,0.0,0.0,0.0,0.0,4.720872227481374e-13,4.312915199032155e-10,0.03740348150415897
2,0.2617993877991494,4,3,53,3.5163348690275553,1.2606296897591657e-5,-0.9205743160082162,-3.300320810203812e-6,5.800523146989473e-12,0.0,0.0,0.0,0.0,0.0,0.0,0.0,0.0,1.1823823924011558e-12,9.04606108008571e-13,-8.502138532469358e-13,1.1744279949327178e-12,-8.502120656285292e-13,1.1744285720250894e-12,-1.1652827270678696e-12,-7.974631783133653e-13,4.720872227481374e-13,4.312915199032155e-10,0.03740348150415897
2,0.2617993877991494,4,3,54,3.5169566502530127,0.0006342174018251073,-0.920737097952386,-0.00016603772752938023,4.416566590785896e-12,0.0,0.0,0.0,0.0,0.0,0.0,0.0,0.0,-6.396436464231704e-13,-8.64155657558393e-13,9.043872809779852e-13,-6.330772558342951e-13,9.043860243256789e-13,-6.330778696236409e-13,6.252447201952072e-13,9.45503073028161e-13,4.720872227481374e-13,4.312915199032155e-10,0.03740348150415897
2,0.2617993877991494,4,5,55,3.516956650247349,0.0006342173982015822,0.9207370979509032,0.00016603772658074358,4.416534156335784e-12,6.252371213335379e-13,9.454980016231992e-13,-9.043827397103803e-13,6.330698264658147e-13,-9.043814088488826e-13,6.33070109970112e-13,-6.39636074799473e-13,-8.641515564543013e-13,0.0,0.0,0.0,0.0,0.0,0.0,0.0,0.0,4.720872227481374e-13,4.312915199032155e-10,0.03740348150415897
2,0.2617993877991494,4,5,56,7.768510269979962,-0.00015574157996667108,2.033791232792159,-4.077305029014676e-5,2.8186648326193395e-13,-4.7668250987397795e-14,4.935369159939123e-14,-4.936353525412812e-14,-5.026975676943434e-14,-4.9363558609301213e-14,-5.0269754077541786e-14,5.294031956835657e-14,-4.930297647500875e-14,0.0,0.0,0.0,0.0,0.0,0.0,0.0,0.0,4.720872227481374e-13,4.312915199032155e-10,0.03740348150415897
2,0.2617993877991494,4,3,57,7.768510269979969,-0.00015574157938615975,-2.033791232792161,4.077305013816925e-5,2.81864974893641e-13,0.0,0.0,0.0,0.0,0.0,0.0,0.0,0.0,5.2939915241449436e-14,-4.930284564615508e-14,4.936340646338976e-14,5.026936325275583e-14,4.936341413655342e-14,5.0269359031999504e-14,-4.7667866712398296e-14,4.935354944294937e-14,4.720872227481374e-13,4.312915199032155e-10,0.03740348150415897
2,0.2617993877991494,4,5,58,7.769167767071035,0.0005015656373825745,2.0339633651280815,0.00013130957680784817,2.758695554997211e-13,5.076447053273533e-14,-4.9356925266610584e-14,4.936000914698863e-14,4.8150059982928126e-14,4.935999409594494e-14,4.815004404609352e-14,-4.560469006605638e-14,4.929561926601435e-14,0.0,0.0,0.0,0.0,0.0,0.0,0.0,0.0,4.720872227481374e-13,4.312915199032155e-10,0.03740348150415897
2,0.2617993877991494,4,3,59,7.769167767071185,0.0005015656368000995,-2.0339633651281206,-0.00013130957665535655,2.758680998652461e-13,0.0,0.0,0.0,0.0,0.0,0.0,0.0,0.0,-4.560446947808454e-14,4.929533258561787e-14,-4.935972061501105e-14,-4.814981503850726e-14,-4.9359716337443644e-14,-4.8149827165695224e-14,5.076422934532407e-14,-4.935664607637248e-14,4.720872227481374e-13,4.312915199032155e-10,0.03740348150415897
2,0.2617993877991494,4,3,60,7.762960160441349,0.009280068392021985,-2.0323382175127316,-0.0024295162237655925,2.1859333176981626e-13,0.0,0.0,0.0,0.0,0.0,0.0,0.0,0.0,-3.5283123681395206e-14,3.983308092443901e-14,-3.9927695066315565e-14,-3.7298442012995814e-14,-3.992772038281834e-14,-3.7298448147634635e-14,3.9369629348350567e-14,-3.9970077718510414e-14,4.720872227481374e-13,4.312915199032155e-10,0.03740348150415897
2,0.2617993877991494,4,5,61,7.762960160461054,0.00928006840315459,2.0323382175178906,0.002429516226680102,2.1859096595652447e-13,3.9368677108762763e-14,-3.9970145085266554e-14,3.992774006989542e-14,3.729752741692628e-14,3.992777742777313e-14,3.729752144007601e-14,-3.528223373070314e-14,3.983311679839166e-14,0.0,0.0,0.0,0.0,0.0,0.0,0.0,0.0,4.720872227481374e-13,4.312915199032155e-10,0.03740348150415897
2,0.2617993877991494,4,3,62,7.744599569579129,-0.008928929264442505,-2.027531426065372,0.0023375882151329573,1.844416200297683e-13,0.0,0.0,0.0,0.0,0.0,0.0,0.0,0.0,3.5991062342605274e-14,-3.074948212641326e-14,3.086387427594981e-14,3.424684771691416e-14,3.086388561229942e-14,3.4246853859611496e-14,-3.2545815225262665e-14,3.093030175744479e-14,4.720872227481374e-13,4.312915199032155e-10,0.03740348150415897
2,0.2617993877991494,4,5,63,7.744599569588174,-0.008928929261996428,2.02753142606774,-0.002337588214492576,1.844396413517225e-13,-3.254543596806007e-14,3.092999784176261e-14,-3.086358171097893e-14,-3.4246456439357444e-14,-3.086358075225653e-14,-3.4246451860355187e-14,3.599064810843997e-14,-3.0749189279945855e-14,0.0,0.0,0.0,0.0,0.0,0.0,0.0,0.0,4.720872227481374e-13,4.312915199032155e-10,0.03740348150415897
2,0.2617993877991494,4,5,64,7.752931702708485,-0.00017463936023904073,2.0297127734176983,-4.5720477596215976e-5,1.0766772577632073e-13,-1.4171104306020565e-14,2.20483537499797e-14,-2.2246343452360575e-14,-1.5144912195497657e-14,-2.2246320912793604e-14,-1.514492240943146e-14,1.6149860305484485e-14,-2.2423085913891002e-14,0.0,0.0,0.0,0.0,0.0,0.0,0.0,0.0,4.720872227481374e-13,4.312915199032155e-10,0.03740348150415897
2,0.2617993877991494,4,3,65,7.752931702713399,-0.00017463935931175296,-2.029712773418985,4.5720477353452606e-5,1.076670232829511e-13,0.0,0.0,0.0,0.0,0.0,0.0,0.0,0.0,1.6149594762843326e-14,-2.2423049420090606e-14,2.2246302165859233e-14,1.5144660891097783e-14,2.2246286397325988e-14,1.5144661216290078e-14,-1.4170856991178804e-14,2.2048314634612685e-14,4.720872227481374e-13,4.312915199032155e-10,0.03740348150415897
2,0.2617993877991494,4,3,66,7.753496914440793,0.000535464954855654,-2.0298607455031936,-0.0001401843973691094,9.410982919727966e-14,0.0,0.0,0.0,0.0,0.0,0.0,0.0,0.0,-1.862022185840522e-14,1.3346311418165922e-14,-1.3193297663369037e-14,-1.9475237461737414e-14,-1.3193285721400757e-14,-1.9475229350011342e-14,2.0348696272692145e-14,-1.3012993864168783e-14,4.720872227481374e-13,4.312915199032155e-10,0.03740348150415897
2,0.2617993877991494,4,5,67,7.753496914432359,0.0005354649488019652,2.0298607455009856,0.00014018439578425738,9.410953855006765e-14,2.0348624998576846e-14,-1.301296343022594e-14,1.3193265807796214e-14,1.9475167734560563e-14,1.3193257112451028e-14,1.9475164596651108e-14,-1.8620158472231623e-14,1.3346281488759084e-14,0.0,0.0,0.0,0.0,0.0,0.0,0.0,0.0,4.720872227481374e-13,4.312915199032155e-10,0.03740348150415897
2,0.2617993877991494,4,3,68,9.879102124527014,-0.004773312384997832,-2.5863428882064485,0.0012496502601665302,2.1205826899194363e-19,0.0,0.0,0.0,0.0,0.0,0.0,0.0,0.0,4.345048498728009e-20,3.277574166467737e-20,-3.078678691263379e-20,4.3146663844607524e-20,-3.079116819351054e-20,4.3145866530465486e-20,-4.2798878944692465e-20,-2.8862595733986384e-20,4.720872227481374e-13,4.312915199032155e-10,0.03740348150415897
2,0.2617993877991494,4,5,69,9.879102124526241,-0.004773312385568389,2.5863428882062465,-0.0012496502603159016,2.116866732425503e-19,-4.2702954781354653e-20,-2.884059201467065e-20,3.076432155164659e-20,-4.305079924496356e-20,3.0765520293453596e-20,-4.3047775117879245e-20,4.3352473499337193e-20,3.2749603388549454e-20,0.0,0.0,0.0,0.0,0.0,0.0,0.0,0.0,4.720872227481374e-13,4.312915199032155e-10,0.03740348150415897
2,0.2617993877991494,4,5,70,9.888844148092124,0.0049650896721976055,2.588893344011719,0.0012998574365492125,1.5594373958836147e-19,2.1582795807649475e-20,3.3707428752469265e-20,-3.225741344466762e-20,2.188115885189881e-20,-3.2260310870081205e-20,2.1878920321868716e-20,-2.213208482338903e-20,-3.0840985519653336e-20,0.0,0.0,0.0,0.0,0.0,0.0,0.0,0.0,4.720872227481374e-13,4.312915199032155e-10,0.03740348150415897
2,0.2617993877991494,4,3,71,9.888844148091456,0.004965089671497452,-2.5888933440115443,-0.0012998574363659128,1.5510110857991638e-19,0.0,0.0,0.0,0.0,0.0,0.0,0.0,0.0,-2.1961710638169158e-20,-3.0712295990845784e-20,3.212000181616957e-20,-2.1708391975836033e-20,3.212298289750516e-20,-2.1706173435917723e-20,2.1407810327838963e-20,3.3561029884913255e-20,4.720872227481374e-13,4.312915199032155e-10,0.03740348150415897
2,0.2617993877991494,4,3,72,8.318952800621119,1.8132076358333415e-5,-2.1778967503326285,-4.746966490139118e-6,1.1490361885574004e-20,0.0,0.0,0.0,0.0,0.0,0.0,0.0,0.0,2.3799198955873575e-21,1.7418100536044907e-21,-1.6378256947932812e-21,2.359482080763156e-21,-1.631507732764667e-21,2.3635377721294876e-21,-2.3408458097572723e-21,-1.5308361408611983e-21,4.720872227481374e-13,4.312915199032155e-10,0.03740348150415897
2,0.2617993877991494,4,5,73,8.318952800620487,1.813207676851919e-5,2.177896750332463,4.746966597525503e-6,1.0889060926949346e-20,-2.208766154543027e-21,-1.4665876974433263e-21,1.5683264794355077e-21,-2.2261609425562824e-21,1.5606338711099876e-21,-2.2283052130031127e-21,2.2435564046177236e-21,1.6654366104867061e-21,0.0,0.0,0.0,0.0,0.0,0.0,0.0,0.0,4.720872227481374e-13,4.312915199032155e-10,0.03740348150415897
2,0.2617993877991494,4,5,74,8.319573324206575,0.0006384856638828006,2.1780592030274155,0.00016715515592305067,9.380129209773668e-21,1.2959767400968765e-21,2.0284714757862883e-21,-1.944663069849912e-21,1.3111719393601248e-21,-1.9398934180438393e-21,1.3154759559243477e-21,-1.3280337187103077e-21,-1.8579135983442367e-21,0.0,0.0,0.0,0.0,0.0,0.0,0.0,0.0,4.720872227481374e-13,4.312915199032155e-10,0.03740348150415897
2,0.2617993877991494,4,3,75,8.319573324212344,0.0006384856675043429,-2.178059203028926,-0.00016715515687116823,9.120412397726178e-21,0.0,0.0,0.0,0.0,0.0,0.0,0.0,0.0,-1.2641296785464269e-21,-1.825729809022721e-21,1.9111790165031652e-21,-1.245610743086304e-21,1.904405830621449e-21,-1.2503016134454582e-21,1.2291480583376546e-21,1.9915728288419955e-21,4.720872227481374e-13,4.312915199032155e-10,0.03740348150415897
2,0.2617993877991494,4,5,76,2.9598242748868095,0.00995734468997351,0.7748801831584281,0.0026068267439401764,7.20398493241398e-21,1.6427307503632553e-21,-8.361307824608092e-22,8.67155634551942e-22,1.5815558887084137e-21,8.62156492447573e-22,1.5776063376761674e-21,-1.5170782667297157e-21,8.90652995873397e-22,0.0,0.0,0.0,0.0,0.0,0.0,0.0,0.0,4.720872227481374e-13,4.312915199032155e-10,0.03740348150415897
2,0.2617993877991494,4,3,77,2.9598242748868318,0.009957344689947726,-0.7748801831584339,-0.0026068267439334257,4.448661690864792e-21,0.0,0.0,0.0,0.0,0.0,0.0,0.0,0.0,-1.0459053958160462e-21,-2.8556710035305623e-22,3.2628911972868633e-22,-1.0642418535547366e-21,3.2629423862382256e-22,-1.061834262774655e-21,1.0792939247093376e-21,3.685898526291162e-22,4.720872227481374e-13,4.312915199032155e-10,0.03740348150415897
2,0.2617993877991494,4,3,78,2.94023858439939,-0.00962145234851651,-0.7697526613791981,0.0025188903345803107,1.8996265538164098e-21,0.0,0.0,0.0,0.0,0.0,0.0,0.0,0.0,8.678368373446342e-24,4.872718849949512e-22,-4.734216186397339e-22,2.0459824945917862e-23,-4.753257160626518e-22,2.1010085990151026e-23,-3.2151650920205004e-23,-4.615054510498672e-22,4.720872227481374e-13,4.312915199032155e-10,0.03740348150415897
2,0.2617993877991494,4,5,79,2.9402385843993617,-0.009621452348479805,0.7697526613791906,-0.002518890334570701,8.281349042555721e-22,-1.55108664273824e-22,-1.2886899414235836e-22,1.3542832300925295e-22,-1.5593113341534555e-22,1.3636284015517334e-22,-1.5635578949552254e-22,1.570401395298327e-22,1.4312939814194225e-22,0.0,0.0,0.0,0.0,0.0,0.0,0.0,0.0,4.720872227481374e-13,4.312915199032155e-10,0.03740348150415897
3,0.15114994701951814,5,6,0,0.0398094518048997,0.0151525025276805,0.00601719653118665,0.0022902999542720225,46.14363657586499,8.5879113908792,-8.155069859005977,8.16073879762442,8.150644251248444,8.160738797598016,8.150644251222516,-7.724794152683563,8.15498884233635,0.0,0.0,0.0,0.0,0.0,0.0,0.0,0.0,1.389748993173945e-12,1.8251741727803809e-9,0.037403481503520485
3,0.15114994701951814,5,4,1,0.03980945180529538,0.015152502527500073,-0.006017196531246458,-0.002290299954244751,46.14363657583936,0.0,0.0,0.0,0.0,0.0,0.0,0.0,0.0,-7.724794152670284,8.154988842340499,-8.160738797628735,-8.15064425123482,-8.16073879760235,-8.15064425120936,8.587911390865694,-8.155069859010473,1.389748993173945e-12,1.8251741727803809e-9,0.037403481503520485
3,0.15114994701951814,5,6,2,2.0820606175353262,0.0008856561922001571,0.3147033520318898,0.00013386688652856191,2.3759574244249766,0.45076428906247684,-0.41069637433896894,0.4114527011093012,0.4282600132958448,0.4114527011020416,0.4282600132804918,-0.40633135131872916,0.41160906092399707,0.0,0.0,0.0,0.0,0.0,0.0,0.0,0.0,1.389748993173945e-12,1.8251741727803809e-9,0.037403481503520485
3,0.15114994701951814,5,4,3,2.0820606175338474,0.0008856561918909062,-0.3147033520316663,-0.00013386688648181868,2.37595742339243,0.0,0.0,0.0,0.0,0.0,0.0,0.0,0.0,-0.40633135126655495,0.41160906060568425,-0.41145270076930024,-0.4282600132318418,-0.4114527008054636,-0.4282600132398396,0.45076428901044446,-0.4106963740206249,1.389748993173945e-12,1.8251741727803809e-9,0.037403481503520485
3,0.15114994701951814,5,6,4,2.0782100156982035,-0.0007236951023924642,0.31412133376821544,-0.00010938647638490572,2.2040146779720695,-0.36334679342634474,0.3947660948836099,-0.39533230477912007,-0.3836811625660016,-0.39533230477131914,-0.3836811625500556,0.4045686206380296,-0.3953609738768731,0.0,0.0,0.0,0.0,0.0,0.0,0.0,0.0,1.389748993173945e-12,1.8251741727803809e-9,0.037403481503520485
3,0.15114994701951814,5,4,5,2.0782100156993377,-0.0007236951022788346,-0.31412133376838686,0.00010938647636773062,2.204014676882708,0.0,0.0,0.0,0.0,0.0,0.0,0.0,0.0,0.40456862057420834,-0.39536097355931205,0.3953323044396902,0.3836811624895065,0.39533230447556267,0.38368116249863443,-0.36334679336269377,0.3947660945659035,1.389748993173945e-12,1.8251741727803809e-9,0.037403481503520485
3,0.15114994701951814,5,6,6,4.296008530533794,0.0004951052584281149,0.649341461785581,7.48351335804944e-5,1.394343044989022,0.26199074153261465,-0.24378078627363287,0.24408608868006312,0.24878006057618654,0.24408608877747928,0.24878006045813567,-0.2359108560444289,0.24404286006315085,0.0,0.0,0.0,0.0,0.0,0.0,0.0,0.0,1.389748993173945e-12,1.8251741727803809e-9,0.037403481503520485
3,0.15114994701951814,5,4,7,4.296008530512676,0.0004951052734358877,-0.6493414617823889,-7.483513584891847e-5,1.394343034998195,0.0,0.0,0.0,0.0,0.0,0.0,0.0,0.0,-0.2359108540056055,0.24404285857399097,-0.24408608729492903,-0.24878005859027194,-0.2440860871871017,-0.24878005836430317,0.2619907394937721,-0.2437807847844245,1.389748993173945e-12,1.8251741727803809e-9,0.037403481503520485
3,0.15114994701951814,5,6,8,4.293681923024274,-0.0004388558098312352,0.6489897951837819,-6.633303240519893e-5,1.3371440306156277,-0.22197301601751634,0.23807625813119446,-0.23834042169385844,-0.2343115396333069,-0.23834042179084572,-0.2343115395145288,0.2469835099223531,-0.2382763157828991,0.0,0.0,0.0,0.0,0.0,0.0,0.0,0.0,1.389748993173945e-12,1.8251741727803809e-9,0.037403481503520485
3,0.15114994701951814,5,4,9,4.293681923034615,-0.0004388558018083265,-0.6489897951853448,6.63330311925367e-5,1.337144020646646,0.0,0.0,0.0,0.0,0.0,0.0,0.0,0.0,0.2469835078781524,-0.2382763142968482,0.2383404203116476,0.2343115376417261,0.23834042020367707,0.23431153741572125,-0.2219730139734084,0.2380762566450086,1.389748993173945e-12,1.8251741727803809e-9,0.037403481503520485
3,0.15114994701951814,5,4,10,2.1110490337540893,0.029445643829774444,-0.3190849496075356,-0.004450707504826008,0.01469292137285639,0.0,0.0,0.0,0.0,0.0,0.0,0.0,0.0,0.001325527001701725,0.003322035489986334,-0.0034458969010731865,0.0012703137421199414,-0.0034458969008857795,0.001270313741946022,-0.0012102749841593164,-0.003571533373359078,1.389748993173945e-12,1.8251741727803809e-9,0.037403481503520485
3,0.15114994701951814,5,6,11,2.1110490337555285,0.029445643830735273,0.31908494960775313,0.0044507075049712375,0.014692921367843514,-0.0012102749842708108,-0.0035715333719937713,0.0034458968997153807,-0.0012703137421020772,0.003445896899515776,-0.0012703137421161618,0.001325527001742584,0.0033220354886254757,0.0,0.0,0.0,0.0,0.0,0.0,0.0,0.0,1.389748993173945e-12,1.8251741727803809e-9,0.037403481503520485
3,0.15114994701951814,5,4,12,4.325491628099802,0.02982099656260151,-0.6537978304206543,-0.004507442050506451,0.0028790345952741125,0.0,0.0,0.0,0.0,0.0,0.0,0.0,0.0,0.00027278276548963116,0.0006455832306034502,-0.0006700663557026932,0.0002624545977554511,-0.0006700663556961936,0.0002624545978214946,-0.0002511880804417704,-0.0006949162603892523,1.389748993173945e-12,1.8251741727803809e-9,0.037403481503520485
3,0.15114994701951814,5,6,13,4.325491628094861,0.029820996578676984,0.6537978304199075,0.004507442052936258,0.0028790345946928565,-0.00025118808009933055,-0.0006949162603372629,0.0006700663556428559,-0.00026245459741206737,0.0006700663557179687,-0.00026245459746646396,0.00027278276513565466,0.000645583230616452,0.0,0.0,0.0,0.0,0.0,0.0,0.0,0.0,1.389748993173945e-12,1.8251741727803809e-9,0.037403481503520485
3,0.15114994701951814,5,6,14,6.4110898251199036,0.015425799006028985,0.9690358874042453,0.002331608702495017,1.182198469337172e-5,2.0428830875891704e-6,-2.2434084288584963e-6,2.236731449514966e-6,1.9310451122369926e-6,2.236731449534413e-6,1.9310451122226227e-6,-1.8223366669479994e-6,2.2273488163590444e-6,0.0,0.0,0.0,0.0,0.0,0.0,0.0,0.0,1.389748993173945e-12,1.8251741727803809e-9,0.037403481503520485
3,0.15114994701951814,5,4,15,6.411089825135322,0.015425799003757075,-0.9690358874065758,-0.0023316087021516174,1.182198467266655e-5,0.0,0.0,0.0,0.0,0.0,0.0,0.0,0.0,-1.8223366708708491e-6,2.2273488067022755e-6,-2.2367314392848084e-6,-1.9310451159041108e-6,-2.2367314397103984e-6,-1.9310451159470786e-6,2.042883091039792e-6,-2.243408418459107e-6,1.389748993173945e-12,1.8251741727803809e-9,0.037403481503520485
3,0.15114994701951814,5,6,16,6.413669941977453,0.013962866372941012,0.9694258719305681,0.0021104865125106454,1.0713581585733566e-5,-1.7316034176459544e-6,1.95021628440035e-6,-1.95473601621157e-6,-1.8303825136014693e-6,-1.9547360158890123e-6,-1.830382517689248e-6,1.9318964489480466e-6,-1.95669129774177e-6,0.0,0.0,0.0,0.0,0.0,0.0,0.0,0.0,1.389748993173945e-12,1.8251741727803809e-9,0.037403481503520485
3,0.15114994701951814,5,4,17,6.4136699419758605,0.013962866367761626,-0.9694258719303274,-0.0021104865117277816,1.0713581512050563e-5,0.0,0.0,0.0,0.0,0.0,0.0,0.0,0.0,1.9318964482218887e-6,-1.9566912731574946e-6,1.954735992763311e-6,1.8303825139978083e-6,1.954735990169637e-6,1.830382515875041e-6,-1.731603416986844e-6,1.9502162598177283e-6,1.389748993173945e-12,1.8251741727803809e-9,0.037403481503520485
3,0.15114994701951814,5,6,18,6.410553099832507,0.014905731097055053,0.9689547614054912,0.0022530004656070553,5.465042913694012e-6,1.1819774554672652e-6,-7.551912705014291e-7,7.656821212726417e-7,1.1312587884575152e-6,7.65682122012503e-7,1.131258789048017e-6,-1.0816109678581107e-6,7.745884608527189e-7,0.0,0.0,0.0,0.0,0.0,0.0,0.0,0.0,1.389748993173945e-12,1.8251741727803809e-9,0.037403481503520485
3,0.15114994701951814,5,4,19,6.410553099805917,0.01490573109900216,-0.9689547614014721,-0.0022530004659013607,5.465042886873512e-6,0.0,0.0,0.0,0.0,0.0,0.0,0.0,0.0,-1.0816109511213853e-6,7.745884734942999e-7,-7.656821352836841e-7,-1.1312587710394653e-6,-7.656821350027808e-7,-1.1312587720092384e-6,1.1819774377490241e-6,-7.551912849097644e-7,1.389748993173945e-12,1.8251741727803809e-9,0.037403481503520485
3,0.15114994701951814,5,6,20,6.414627699193121,0.014853261384303386,0.9695706368829737,0.0022450696713045113,5.392050211094236e-6,9.344697698671772e-7,-1.0207584680493042e-6,1.0178480149636265e-6,8.834521842290981e-7,1.01784801432295e-6,8.8345218678538e-7,-8.33858721865961e-7,1.0136997312763023e-6,0.0,0.0,0.0,0.0,0.0,0.0,0.0,0.0,1.389748993173945e-12,1.8251741727803809e-9,0.037403481503520485
3,0.15114994701951814,5,4,21,6.41462769919845,0.014853261377159355,-0.9695706368837792,-0.002245069670224692,5.3920501827155695e-6,0.0,0.0,0.0,0.0,0.0,0.0,0.0,0.0,-8.338587336138033e-7,1.01369971144619e-6,-1.0178479955367296e-6,-8.834521971405191e-7,-1.0178479937746664e-6,-8.834521982486546e-7,9.34469782537671e-7,-1.0207584478881305e-6,1.389748993173945e-12,1.8251741727803809e-9,0.037403481503520485
3,0.15114994701951814,5,6,22,8.6266597755077,0.015159383169475385,1.3039191680233972,0.0022913399629147795,2.7519361506830486e-6,5.164130301650971e-7,-4.818482453007738e-7,4.824148841614346e-7,4.903390491884447e-7,4.824148841173877e-7,4.903390496427819e-7,-4.6493996864194e-7,4.822945758858624e-7,0.0,0.0,0.0,0.0,0.0,0.0,0.0,0.0,1.389748993173945e-12,1.8251741727803809e-9,0.037403481503520485
3,0.15114994701951814,5,4,23,8.626659775523088,0.015159383167587144,-1.303919168025723,-0.002291339962629372,2.7519360659111293e-6,0.0,0.0,0.0,0.0,0.0,0.0,0.0,0.0,-4.6493994783819855e-7,4.822945673765447e-7,-4.824148757151809e-7,-4.903390280881409e-7,-4.824148758476358e-7,-4.903390277416184e-7,5.164130079501484e-7,-4.818482371097378e-7,1.389748993173945e-12,1.8251741727803809e-9,0.037403481503520485
3,0.15114994701951814,5,4,24,8.628583046024827,0.014263086113039978,-1.3042098702601652,-0.0021558647103208177,1.7800322847729996e-6,0.0,0.0,0.0,0.0,0.0,0.0,0.0,0.0,3.2372105345414206e-7,-3.223688865164825e-7,3.221868727776025e-7,3.068526447425303e-7,3.221868730872875e-7,3.068526449468641e-7,-2.904349969267485e-7,3.215749501358245e-7,1.389748993173945e-12,1.8251741727803809e-9,0.037403481503520485
3,0.15114994701951814,5,6,25,8.628583046024605,0.014263086109829117,1.3042098702601317,0.0021558647098354963,1.7800322681201026e-6,-2.904349892553547e-7,3.2157495168897787e-7,-3.221868745192148e-7,-3.0685263748054705e-7,-3.221868744845699e-7,-3.068526368445321e-7,3.2372104575900544e-7,-3.2236888809270737e-7,0.0,0.0,0.0,0.0,0.0,0.0,0.0,0.0,1.389748993173945e-12,1.8251741727803809e-9,0.037403481503520485
3,0.15114994701951814,5,6,26,4.195372315678816,0.015171467156222132,0.6341303032420063,0.0022931664568713347,9.334364284713372e-7,-2.120476142382473e-8,2.386315830656976e-7,-2.3286766124410087e-7,-1.4494152286840342e-8,-2.328676613378719e-7,-1.4494151815725315e-8,8.109543018116706e-9,-2.270832194977495e-7,0.0,0.0,0.0,0.0,0.0,0.0,0.0,0.0,1.389748993173945e-12,1.8251741727803809e-9,0.037403481503520485
3,0.15114994701951814,5,4,27,4.195372315677925,0.015171467156492193,-0.6341303032418715,-0.0022931664569121545,9.334363271093206e-7,0.0,0.0,0.0,0.0,0.0,0.0,0.0,0.0,8.109546974600508e-9,-2.2708319390996269e-7,2.3286763528556235e-7,1.4494156809605652e-8,2.3286763600421414e-7,1.449415535346001e-8,-2.120476556549732e-8,2.3863155735888203e-7,1.389748993173945e-12,1.8251741727803809e-9,0.037403481503520485
3,0.15114994701951814,5,4,28,8.629480006412102,0.015160102364475698,-1.3043454457751804,-0.0022914486692009735,8.891803435621883e-7,0.0,0.0,0.0,0.0,0.0,0.0,0.0,0.0,-1.4485807176435772e-7,1.6083765700519128e-7,-1.6115471166781698e-7,-1.530587545128523e-7,-1.6115471180641626e-7,-1.5305875512400169e-7,1.6148490437378962e-7,-1.612573264127289e-7,1.389748993173945e-12,1.8251741727803809e-9,0.037403481503520485
3,0.15114994701951814,5,6,29,8.629480006413036,0.015160102365232707,1.3043454457753216,0.0022914486693153954,8.891802489158439e-7,1.6148487489425973e-7,-1.6125732136522433e-7,1.6115470643738032e-7,1.5305872655017835e-7,1.6115470644959094e-7,1.5305872553322246e-7,-1.4485804367386567e-7,1.6083765147467208e-7,0.0,0.0,0.0,0.0,0.0,0.0,0.0,0.0,1.389748993173945e-12,1.8251741727803809e-9,0.037403481503520485
3,0.15114994701951814,5,4,30,6.4152755516922495,0.015482553413335463,-0.9696685597538935,-0.002340187128152515,7.888475285378808e-7,0.0,0.0,0.0,0.0,0.0,0.0,0.0,0.0,-1.6402176004557436e-7,9.986270590238553e-8,-9.804668812031498e-8,-1.7107241666947643e-7,-9.804668796465567e-8,-1.710724167132068e-7,1.782601709902077e-7,-9.599107283046625e-8,1.389748993173945e-12,1.8251741727803809e-9,0.037403481503520485
3,0.15114994701951814,5,6,31,6.415275551694627,0.015482553407603713,0.9696685597542529,0.0023401871272861613,7.888475141181719e-7,1.7826016636167426e-7,-9.599107349596972e-8,9.80466884598041e-8,1.71072412146724e-7,9.804668874087869e-8,1.7107241228968423e-7,-1.6402175572441817e-7,9.986270635996496e-8,0.0,0.0,0.0,0.0,0.0,0.0,0.0,0.0,1.389748993173945e-12,1.8251741727803809e-9,0.037403481503520485
3,0.15114994701951814,5,6,32,4.198524487879489,0.013672889127817741,0.6346067539031343,0.002066656467273397,7.079392189270176e-7,-6.891347371798672e-8,-1.5795639374100177e-7,1.6400572874200408e-7,-6.64438663520225e-8,1.64005729260051e-7,-6.644386561863443e-8,6.374458525189515e-8,1.7014792489230062e-7,0.0,0.0,0.0,0.0,0.0,0.0,0.0,0.0,1.389748993173945e-12,1.8251741727803809e-9,0.037403481503520485
3,0.15114994701951814,5,4,33,4.198524487877315,0.01367288912078454,-0.6346067539028057,-0.002066656466210329,7.079390314382928e-7,0.0,0.0,0.0,0.0,0.0,0.0,0.0,0.0,6.374457761524269e-8,1.7014787724767503e-7,-1.6400568101098684e-7,6.644385828136921e-8,-1.6400568199329222e-7,6.644385850120772e-8,-6.891346610714568e-8,-1.5795634639002955e-7,1.389748993173945e-12,1.8251741727803809e-9,0.037403481503520485
3,0.15114994701951814,5,6,34,6.242425454014578,0.0009395369379072704,0.9435422766475949,0.00014201095838756425,5.501044206174816e-7,1.0483341429112607e-7,-9.457198233529367e-8,9.477281427708095e-8,9.962393682664081e-8,9.477281430316206e-8,9.962393676354007e-8,-9.454704354172646e-8,9.483407992582163e-8,0.0,0.0,0.0,0.0,0.0,0.0,0.0,0.0,1.389748993173945e-12,1.8251741727803809e-9,0.037403481503520485
3,0.15114994701951814,5,4,35,6.2424254540205695,0.0009395369383948179,-0.9435422766485005,-0.000142010958461257,5.501044198146807e-7,0.0,0.0,0.0,0.0,0.0,0.0,0.0,0.0,-9.454704310768065e-8,9.483408010593915e-8,-9.477281442745646e-8,-9.962393637066744e-8,-9.477281451743011e-8,-9.962393631931707e-8,1.0483341382397057e-7,-9.457198252019193e-8,1.389748993173945e-12,1.8251741727803809e-9,0.037403481503520485
3,0.15114994701951814,5,6,36,6.238591816491669,-0.0006621229056126832,0.9429628225391152,-0.00010007984210376647,5.054220722231755e-7,-8.298255010742894e-8,9.083880121375205e-8,-9.098611131953068e-8,-8.764508474635666e-8,-9.098611134098155e-8,-8.764508482618444e-8,9.243491406778453e-8,-9.101062922067098e-8,0.0,0.0,0.0,0.0,0.0,0.0,0.0,0.0,1.389748993173945e-12,1.8251741727803809e-9,0.037403481503520485
3,0.15114994701951814,5,4,37,6.238591816486862,-0.000662122906886697,-0.9429628225383886,0.00010007984229633361,5.054220704515304e-7,0.0,0.0,0.0,0.0,0.0,0.0,0.0,0.0,9.243491328958316e-8,-9.101062935714228e-8,9.098611145033615e-8,8.764508399951918e-8,9.098611143137508e-8,8.764508406692474e-8,-8.298254937937767e-8,9.083880130007904e-8,1.389748993173945e-12,1.8251741727803809e-9,0.037403481503520485
3,0.15114994701951814,5,4,38,6.409607652907898,0.014019110513927797,-0.9688118571529268,-0.0021189878114409562,5.024277294250528e-7,0.0,0.0,0.0,0.0,0.0,0.0,0.0,0.0,8.841889684394222e-8,-9.386402102220125e-8,9.366054926962112e-8,8.366173136302064e-8,9.366054917272275e-8,8.366173187582895e-8,-7.903560912263844e-8,9.333985927143856e-8,1.389748993173945e-12,1.8251741727803809e-9,0.037403481503520485
3,0.15114994701951814,5,6,39,6.409607652907843,0.014019110508563058,0.9688118571529185,0.002118987810630076,5.024277088104274e-7,-7.903559815133496e-8,9.333986219596941e-8,-9.366055198253795e-8,-8.366172062256975e-8,-9.36605522996936e-8,-8.36617206152479e-8,8.841888580778861e-8,-9.386402392325145e-8,0.0,0.0,0.0,0.0,0.0,0.0,0.0,0.0,1.389748993173945e-12,1.8251741727803809e-9,0.037403481503520485
3,0.15114994701951814,5,6,40,4.200026233839184,0.015176183980362436,0.634833742725379,0.0022938794045902424,4.4344617332719597e-7,4.111193792683516e-8,1.0612828590328627e-7,-1.0226230715029718e-7,4.2759843223905146e-8,-1.0226230665136564e-7,4.2759842603680755e-8,-4.4264538885348666e-8,-9.84560914439349e-8,0.0,0.0,0.0,0.0,0.0,0.0,0.0,0.0,1.389748993173945e-12,1.8251741727803809e-9,0.037403481503520485
3,0.15114994701951814,5,4,41,4.2000262338404735,0.015176183979596287,-0.6348337427255739,-0.0022938794044744387,4.434461284173751e-7,0.0,0.0,0.0,0.0,0.0,0.0,0.0,0.0,-4.42645433468648e-8,-9.845607736509402e-8,1.0226229286072486e-7,-4.2759847221535175e-8,1.0226229282468845e-7,-4.275984764450137e-8,4.111194248563893e-8,1.0612827186314842e-7,1.389748993173945e-12,1.8251741727803809e-9,0.037403481503520485
3,0.15114994701951814,5,6,42,8.454035453099834,-0.0003786304303885907,1.277827010837168,-5.722996949321283e-5,2.384958232431209e-7,-4.018064080644099e-8,4.1906821318505443e-8,-4.192320455429773e-8,-4.238180917907091e-8,-4.192320454725225e-8,-4.23818092155041e-8,4.4641628510827847e-8,-4.1880212193616654e-8,0.0,0.0,0.0,0.0,0.0,0.0,0.0,0.0,1.389748993173945e-12,1.8251741727803809e-9,0.037403481503520485
3,0.15114994701951814,5,4,43,8.454035453092601,-0.00037863043083607127,-1.2778270108360748,5.7229969560849504e-5,2.384958150076418e-7,0.0,0.0,0.0,0.0,0.0,0.0,0.0,0.0,4.464162764171679e-8,-4.188021004463153e-8,4.192320244671857e-8,4.2381808391393093e-8,4.192320240820051e-8,4.238180841258202e-8,-4.0180640082684926e-8,4.190681922219735e-8,1.389748993173945e-12,1.8251741727803809e-9,0.037403481503520485
3,0.15114994701951814,5,6,44,8.456355415078125,0.0005508879306849127,1.278177672967274,8.326668153671655e-5,2.384526134463896e-7,4.429079305004542e-8,-4.223500054681631e-8,4.225956932035364e-8,4.203110790238773e-8,4.2259569299708607e-8,4.203110786705339e-8,-3.9830544896499355e-8,4.2225253137072206e-8,0.0,0.0,0.0,0.0,0.0,0.0,0.0,0.0,1.389748993173945e-12,1.8251741727803809e-9,0.037403481503520485
3,0.15114994701951814,5,4,45,8.45635541508959,0.000550887931619122,-1.2781776729690069,-8.326668167792222e-5,2.3845261080574635e-7,0.0,0.0,0.0,0.0,0.0,0.0,0.0,0.0,-3.983054517602189e-8,4.222525198783171e-8,-4.225956811825309e-8,-4.2031108145107625e-8,-4.225956813647636e-8,-4.203110813049988e-8,4.429079327513691e-8,-4.2234999330749826e-8,1.389748993173945e-12,1.8251741727803809e-9,0.037403481503520485
3,0.15114994701951814,5,4,46,8.457756492884904,0.0013126786324999737,-1.278389445803539,-0.00019841130575602454,1.9357963846567135e-7,0.0,0.0,0.0,0.0,0.0,0.0,0.0,0.0,-3.0338758882861045e-8,3.605794886036807e-8,-3.618708729714995e-8,-3.212075516253482e-8,-3.618708729499248e-8,-3.212075514728453e-8,3.3953381845799904e-8,-3.627122123318433e-8,1.389748993173945e-12,1.8251741727803809e-9,0.037403481503520485
3,0.15114994701951814,5,6,47,8.457756492849187,0.0013126786264440644,1.2783894457981402,0.0001984113048406742,1.9357963600388308e-7,3.395338149033645e-8,-3.627122069651014e-8,3.6187086761823034e-8,3.2120754827816464e-8,3.61870867733499e-8,3.212075481900844e-8,-3.0338758574384384e-8,3.6057948340409274e-8,0.0,0.0,0.0,0.0,0.0,0.0,0.0,0.0,1.389748993173945e-12,1.8251741727803809e-9,0.037403481503520485
3,0.15114994701951814,5,6,48,8.452373319591912,-0.0009308058034537443,1.2775757794455063,-0.00014069124787749349,1.3737723325803747e-7,-2.6230181758871696e-8,2.0744704221198717e-8,-2.058054840471069e-8,-2.7487452227392293e-8,-2.058054840642295e-8,-2.748745222779759e-8,2.877350851260873e-8,-2.037789000644071e-8,0.0,0.0,0.0,0.0,0.0,0.0,0.0,0.0,1.389748993173945e-12,1.8251741727803809e-9,0.037403481503520485
3,0.15114994701951814,5,4,49,8.452373319549608,-0.0009308057901458201,-1.2775757794391118,0.00014069124586600144,1.373772320225308e-7,0.0,0.0,0.0,0.0,0.0,0.0,0.0,0.0,2.8773507554851832e-8,-2.0377890808801622e-8,2.05805491590863e-8,2.7487451270546533e-8,2.0580549161249847e-8,2.7487451283105948e-8,-2.6230180816123284e-8,2.074470492959281e-8,1.389748993173945e-12,1.8251741727803809e-9,0.037403481503520485
3,0.15114994701951814,5,4,50,8.453738332286242,-0.0002251800857299771,-1.2777821010419352,3.403595802793659e-5,9.867278144479514e-8,0.0,0.0,0.0,0.0,0.0,0.0,0.0,0.0,1.2632169792333e-8,-2.1949507215919425e-8,2.169462079458064e-8,1.1732453962888786e-8,2.1694620813232638e-8,1.1732453989611397e-8,-1.0863099116699836e-8,2.1423287703357672e-8,1.389748993173945e-12,1.8251741727803809e-9,0.037403481503520485
3,0.15114994701951814,5,6,51,8.4537383322634,-0.0002251800788224574,1.2777821010384827,-3.403595698386536e-5,9.867277689668648e-8,-1.086309850901907e-8,2.142328676239841e-8,-2.169461987554625e-8,-1.1732453326276305e-8,-2.169461984926529e-8,-1.1732453328051037e-8,1.263216910095013e-8,-2.1949506275188434e-8,0.0,0.0,0.0,0.0,0.0,0.0,0.0,0.0,1.389748993173945e-12,1.8251741727803809e-9,0.037403481503520485
3,0.15114994701951814,5,6,52,8.456036499577863,0.0007725108944715269,1.2781294689063056,0.00011676498077137187,6.741842131199285e-8,1.5787708678588255e-8,-7.081906688684456e-9,7.301503255012664e-9,1.5187706294857326e-8,7.3015032855952356e-9,1.5187706251828433e-8,-1.4597911083799174e-8,7.499829919072665e-9,0.0,0.0,0.0,0.0,0.0,0.0,0.0,0.0,1.389748993173945e-12,1.8251741727803809e-9,0.037403481503520485
3,0.15114994701951814,5,4,53,8.45603649955758,0.0007725108910495732,-1.2781294689032399,-0.00011676498025414375,6.741841852024632e-8,0.0,0.0,0.0,0.0,0.0,0.0,0.0,0.0,-1.4597909938994893e-8,7.499830662719127e-9,-7.301504039606274e-9,-1.5187705136582728e-8,-7.301504061971949e-9,-1.518770511116629e-8,1.5787707525097732e-8,-7.081907506593998e-9,1.389748993173945e-12,1.8251741727803809e-9,0.037403481503520485
3,0.15114994701951814,5,4,54,6.271347247903451,0.029435564152646247,-0.9479138042616075,-0.004449183962162108,3.4868084475440344e-9,0.0,0.0,0.0,0.0,0.0,0.0,0.0,0.0,2.504173188662875e-10,8.110190194462297e-10,-8.392690854661609e-10,2.3500261902125684e-10,-8.39269085401775e-10,2.3500261864596366e-10,-2.1841271228100723e-10,-8.678473326098141e-10,1.389748993173945e-12,1.8251741727803809e-9,0.037403481503520485
3,0.15114994701951814,5,6,55,6.271347247896116,0.0294355641477394,0.9479138042604988,0.004449183961420439,3.4868080114963456e-9,-2.1841271186295785e-10,-8.67847218829693e-10,8.392689729811497e-10,-2.350026145472151e-10,8.392689730840121e-10,-2.3500261738021e-10,2.5041731359021125e-10,8.110189084815997e-10,0.0,0.0,0.0,0.0,0.0,0.0,0.0,0.0,1.389748993173945e-12,1.8251741727803809e-9,0.037403481503520485
3,0.15114994701951814,5,4,56,8.485888953372587,0.02960110671130432,-1.2826416657157809,-0.004474205711132751,1.2632785000403676e-9,0.0,0.0,0.0,0.0,0.0,0.0,0.0,0.0,1.50040633033025e-10,2.6843542044914426e-10,-2.7961050503664085e-10,1.4671441196889565e-10,-2.7961050557197953e-10,1.4671441166096583e-10,-1.429965922747709e-10,-2.909907162702514e-10,1.389748993173945e-12,1.8251741727803809e-9,0.037403481503520485
3,0.15114994701951814,5,6,57,8.485888953375852,0.029601106718991143,1.2826416657162742,0.004474205712294614,1.2632783317652423e-9,-1.4299658108789151e-10,-2.9099067367406696e-10,2.796104638623687e-10,-1.4671439997507773e-10,2.796104643138317e-10,-1.467143997018611e-10,1.500406203222033e-10,2.6843538059736554e-10,0.0,0.0,0.0,0.0,0.0,0.0,0.0,0.0,1.389748993173945e-12,1.8251741727803809e-9,0.037403481503520485
3,0.15114994701951814,5,4,58,8.48628762611836,0.029034532225108697,-1.2827019250801825,-0.004388568007561672,7.089484459734005e-10,0.0,0.0,0.0,0.0,0.0,0.0,0.0,0.0,3.07226118539546e-11,1.6982387402666824e-10,-1.7514932449207316e-10,2.6920662903776158e-11,-1.7514932366279133e-10,2.6920662270452715e-11,-2.2873478007757757e-11,-1.80512291413282e-10,1.389748993173945e-12,1.8251741727803809e-9,0.037403481503520485
3,0.15114994701951814,5,6,59,8.486287626111558,0.029034532215077492,1.2827019250791545,0.004388568006045456,7.089482105815896e-10,-2.2873513740300314e-11,-1.8051222620521054e-10,1.7514926009042213e-10,-2.6920695753338015e-11,1.7514925874216918e-10,-2.692069616968181e-11,3.0722642932977774e-11,1.6982380995867254e-10,0.0,0.0,0.0,0.0,0.0,0.0,0.0,0.0,1.389748993173945e-12,1.8251741727803809e-9,0.037403481503520485
3,0.15114994701951814,5,4,60,8.485770969286367,0.02980932259164555,-1.2826238324273995,-0.00450567753041495,3.2502235611187263e-10,0.0,0.0,0.0,0.0,0.0,0.0,0.0,0.0,5.26270641920092e-11,5.90803024238696e-11,-6.207252076971532e-11,5.241339418516104e-11,-6.207252071229124e-11,5.2413393843805945e-11,-5.211277099133507e-11,-6.513805693815193e-11,1.389748993173945e-12,1.8251741727803809e-9,0.037403481503520485
3,0.15114994701951814,5,6,61,8.485770969274236,0.029809322583748965,1.2826238324255659,0.004505677529221382,3.2502232944850826e-10,-5.2112756286637117e-11,-6.513806004078036e-11,6.207252403249037e-11,-5.24133798260396e-11,6.207252405454183e-11,-5.2413379716795565e-11,5.262705040120846e-11,5.908030591183506e-11,0.0,0.0,0.0,0.0,0.0,0.0,0.0,0.0,1.389748993173945e-12,1.8251741727803809e-9,0.037403481503520485
3,0.15114994701951814,5,6,62,8.486749830919011,0.028134347563125495,1.2827717873113131,0.004252505143595128,2.357497752415114e-10,6.285575457989145e-12,5.704370387627312e-11,-5.872290367436064e-11,4.901826774952446e-12,-5.87229060997407e-11,4.901828669740466e-12,-3.4358631296727227e-12,-6.040891082025672e-11,0.0,0.0,0.0,0.0,0.0,0.0,0.0,0.0,1.389748993173945e-12,1.8251741727803809e-9,0.037403481503520485
3,0.15114994701951814,5,4,63,8.48674983091895,0.028134347563505278,-1.2827717873113038,-0.004252505143652532,2.3574977224746864e-10,0.0,0.0,0.0,0.0,0.0,0.0,0.0,0.0,-3.435815244742963e-12,-6.040891423928979e-11,5.872290809742079e-11,-4.9017774117344575e-12,5.872290816167398e-11,-4.901781891304039e-12,6.285527208339268e-12,5.704370702629915e-11,1.389748993173945e-12,1.8251741727803809e-9,0.037403481503520485
3,0.15114994701951814,5,4,64,10.574031586334085,0.014009561698008585,-1.5982643140571084,-0.0021175445084206683,1.6992919768284396e-12,0.0,0.0,0.0,0.0,0.0,0.0,0.0,0.0,3.889870158330178e-13,-1.9723389715081527e-13,2.0204287806558614e-13,3.736176721680286e-13,2.0204290636300636e-13,3.7361757732592247e-13,-3.5853073032303407e-13,2.063286292742061e-13,1.389748993173945e-12,1.8251741727803809e-9,0.037403481503520485
3,0.15114994701951814,5,6,65,10.574031586336577,0.014009561698688356,1.598264314057485,0.0021175445085234155,1.6992919046546497e-12,-3.585304430200098e-13,2.0632914371007523e-13,-2.0204340192555485e-13,-3.736173701366179e-13,-2.0204342479499242e-13,-3.736172754594314e-13,3.8898669807776277e-13,-1.9723442576490015e-13,0.0,0.0,0.0,0.0,0.0,0.0,0.0,0.0,1.389748993173945e-12,1.8251741727803809e-9,0.037403481503520485
3,0.15114994701951814,5,6,66,10.571506752471542,0.01553876152937122,1.5978826855525519,0.0023486829819133865,1.6798440317367416e-12,3.8157139401563873e-13,-2.007147805022197e-13,2.0524067126637074e-13,3.66308377115921e-13,2.0524069765114322e-13,3.66308384069258e-13,-3.513323450389816e-13,2.0925355581163396e-13,0.0,0.0,0.0,0.0,0.0,0.0,0.0,0.0,1.389748993173945e-12,1.8251741727803809e-9,0.037403481503520485
3,0.15114994701951814,5,4,67,10.57150675246672,0.015538761558714309,-1.597882685551823,-0.002348682986348593,1.6798429471771084e-12,0.0,0.0,0.0,0.0,0.0,0.0,0.0,0.0,-3.513327572943107e-13,2.0925233822637886e-13,-2.0523941821299614e-13,-3.6630877013950417e-13,-2.052394332666236e-13,-3.6630877991037553e-13,3.815717692128587e-13,-2.0071347998759092e-13,1.389748993173945e-12,1.8251741727803809e-9,0.037403481503520485
3,0.15114994701951814,5,4,68,10.570787364073247,0.014837272173145316,-1.5977739500342631,-0.002242652902885085,7.729023028191302e-13,0.0,0.0,0.0,0.0,0.0,0.0,0.0,0.0,-1.7934038201226129e-13,5.689491874891687e-14,-5.352652143902742e-14,-1.85628605230809e-13,-5.352647171006053e-14,-1.8562860976793686e-13,1.919915890791015e-13,-4.9898143883525824e-14,1.389748993173945e-12,1.8251741727803809e-9,0.037403481503520485
3,0.15114994701951814,5,6,69,10.570787364071823,0.014837272206395703,1.5977739500340478,0.0022426529079108797,7.728996371832722e-13,1.9199040376929948e-13,-4.9900034481115715e-14,5.35283660188513e-14,1.856273890687291e-13,5.3528336876868686e-14,1.8562736897109722e-13,-1.7933911195238312e-13,5.689673588027489e-14,0.0,0.0,0.0,0.0,0.0,0.0,0.0,0.0,1.389748993173945e-12,1.8251741727803809e-9,0.037403481503520485
3,0.15114994701951814,5,4,70,10.569830544619165,0.013950993498990347,-1.5976293268244715,-0.002108691928242033,9.876853145024328e-14,0.0,0.0,0.0,0.0,0.0,0.0,0.0,0.0,2.460998279175943e-14,-6.078339252875874e-15,6.551824553522138e-15,2.3802554722986903e-14,6.5518296192075394e-15,2.3802561186009173e-14,-2.3004282245757724e-14,6.991986039139982e-15,1.389748993173945e-12,1.8251741727803809e-9,0.037403481503520485
3,0.15114994701951814,5,6,71,10.56983054461863,0.01395099349949309,1.5976293268243906,0.0021086919283180225,9.876739339658759e-14,-2.3004001498705768e-14,6.99190261505125e-15,-6.551755442853805e-15,-2.3802294933472716e-14,-6.55172769191364e-15,-2.3802277528059032e-14,2.4609720563637597e-14,-6.078250631169318e-15,0.0,0.0,0.0,0.0,0.0,0.0,0.0,0.0,1.389748993173945e-12,1.8251741727803809e-9,0.037403481503520485
3,0.15114994701951814,5,4,72,8.360480332426508,0.015196168159520474,-1.26368615930399,-0.0022969000122112083,2.0746184012298042e-15,0.0,0.0,0.0,0.0,0.0,0.0,0.0,0.0,5.023304875399648e-16,-5.2133224552970775e-17,3.986336685417033e-17,5.1703074892404895e-16,3.986295854540198e-17,5.170281580991204e-16,-5.317837021056161e-16,2.6869281539959667e-17,1.389748993173945e-12,1.8251741727803809e-9,0.037403481503520485
3,0.15114994701951814,5,6,73,8.360480332426171,0.015196168160073537,1.2636861593039392,0.002296900012294804,2.0745901380484548e-15,-5.317761942495645e-16,2.6881982635905837e-17,-3.987500606717824e-17,-5.170228963991423e-16,-3.987555750663127e-17,-5.170199601021577e-16,5.023219851876347e-16,-5.214475506790665e-17,0.0,0.0,0.0,0.0,0.0,0.0,0.0,0.0,1.389748993173945e-12,1.8251741727803809e-9,0.037403481503520485
3,0.15114994701951814,5,4,74,4.324887009961211,0.030754648231611625,-0.6537064424210393,-0.004648563450812014,1.0056359018688065e-18,0.0,0.0,0.0,0.0,0.0,0.0,0.0,0.0,2.384207358063808e-19,-5.450740830831501e-20,4.948794543312498e-20,2.4643406327852875e-19,4.948549364177479e-20,2.464506897906875e-19,-2.5454662377482403e-19,4.410930437169251e-20,1.389748993173945e-12,1.8251741727803809e-9,0.037403481503520485
3,0.15114994701951814,5,6,75,4.324887009939272,0.03075464824000439,0.6537064424177232,0.004648563452080581,7.0415779819439745e-19,-6.434584306972957e-21,-1.807353785162797e-19,1.754225417355126e-19,-1.0813157267381969e-20,1.7591778178209985e-19,-1.095805164515673e-20,1.5086118319921442e-20,1.7062805541596148e-19,0.0,0.0,0.0,0.0,0.0,0.0,0.0,0.0,1.389748993173945e-12,1.8251741727803809e-9,0.037403481503520485
3,0.15114994701951814,5,4,76,2.109998902854655,0.03105366625692039,-0.3189262223777225,-0.004693760009495315,5.38500770696508e-20,0.0,0.0,0.0,0.0,0.0,0.0,0.0,0.0,-3.842855630538285e-21,-1.2427289477209921e-20,1.3034321942204254e-20,-3.681322004087232e-21,1.2840691887687944e-20,-3.736523565028968e-21,3.5600354644904516e-21,1.346191124319383e-20,1.389748993173945e-12,1.8251741727803809e-9,0.037403481503520485
3,0.15114994701951814,5,6,77,2.1099989028526975,0.031053666256518675,0.3189262223774266,0.004693760009434596,3.330405512374376e-20,-8.594183714450875e-21,3.408300049790009e-22,-5.929654472018403e-22,-8.202753297142771e-21,-6.092469322895358e-22,-8.401934039656063e-21,8.010676240652268e-21,-8.435100151071936e-22,0.0,0.0,0.0,0.0,0.0,0.0,0.0,0.0,1.389748993173945e-12,1.8251741727803809e-9,0.037403481503520485
3,0.15114994701951814,5,6,78,6.41190238505407,0.016313390876760966,0.9691587057952447,0.002465768166731111,2.2029832455356483e-21,2.0305858500286453e-23,5.646272187856168e-22,-5.494785469754482e-22,3.572723903096103e-23,-5.496751359865214e-22,3.310095648722453e-23,-4.7769786393467895e-23,-5.345510909269972e-22,0.0,0.0,0.0,0.0,0.0,0.0,0.0,0.0,1.389748993173945e-12,1.8251741727803809e-9,0.037403481503520485
3,0.15114994701951814,5,4,79,6.411902385059308,0.016313390857221673,-0.9691587057960365,-0.0024657681637777476,1.4529342361311275e-21,0.0,0.0,0.0,0.0,0.0,0.0,0.0,0.0,2.2661125439135094e-22,2.7187413634687906e-22,-2.855818843800028e-22,2.252558342001397e-22,-2.8531676469857483e-22,2.23802751071782e-22,-2.2199777598030153e-22,-2.9931357023981505e-22,1.389748993173945e-12,1.8251741727803809e-9,0.037403481503520485
4,0.08726646259971647,6,7,0,0.32773675615437503,0.014940517995700588,0.028600427373498168,0.0013038061548921963,24.512424406027744,4.745672286613076,-4.130192462641008,4.1432758170932384,4.513736418454661,4.143275817065499,4.5137364183741,-4.287596710057446,4.150035883220604,0.0,0.0,0.0,0.0,0.0,0.0,0.0,0.0,2.0810081928121414e-12,5.993376251806077e-10,0.024318881589035123
4,0.08726646259971647,6,5,1,0.32773675615431397,0.014940517995302365,-0.02860042737349284,-0.0013038061548574448,24.512424405436025,0.0,0.0,0.0,0.0,0.0,0.0,0.0,0.0,-4.287596709967035,4.150035883100334,-4.143275816941097,-4.513736418361816,-4.143275816978505,-4.513736418284752,4.745672286521467,-4.130192462522083,2.0810081928121414e-12,5.993376251806077e-10,0.024318881589035123
4,0.08726646259971647,6,7,2,0.29914403593290717,-0.01363460604430692,0.026105241823667285,-0.001189843838427378,22.381786947288248,-3.5553911194714987,4.128515848709773,-4.141081771975323,-3.761584295600819,-4.141081771946881,-3.761584295523966,3.973571296942028,-4.14837742152153,0.0,0.0,0.0,0.0,0.0,0.0,0.0,0.0,2.0810081928121414e-12,5.993376251806077e-10,0.024318881589035123
4,0.08726646259971647,6,5,3,0.2991440359322488,-0.013634606045246397,-0.02610524182360983,0.001189843838509363,22.38178694670017,0.0,0.0,0.0,0.0,0.0,0.0,0.0,0.0,3.9735712968614862,-4.148377421396364,4.141081771816729,3.7615842955181042,4.141081771854174,3.7615842954459104,-3.555391119391461,4.128515848583566,2.0810081928121414e-12,5.993376251806077e-10,0.024318881589035123
4,0.08726646259971647,6,5,4,3.8669799707571553,0.001177882046080686,-0.337457662991932,-0.0001027895995211777,1.926210996499865,0.0,0.0,0.0,0.0,0.0,0.0,0.0,0.0,-0.32757699285596364,0.33550143378324304,-0.3354724161764538,-0.3453551932441696,-0.3354724162093994,-0.34535519325609276,0.36360271634386593,-0.3349595728055013,2.0810081928121414e-12,5.993376251806077e-10,0.024318881589035123
4,0.08726646259971647,6,7,5,3.866979970778396,0.001177882050628229,0.3374576629937856,0.00010278959991802569,1.9262109927938016,0.36360271679133727,-0.3349595710156767,0.3354724144442741,0.3453551937489925,0.33547241436140735,0.3453551936436227,-0.327576993303351,0.3355014319935158,0.0,0.0,0.0,0.0,0.0,0.0,0.0,0.0,2.0810081928121414e-12,5.993376251806077e-10,0.024318881589035123
4,0.08726646259971647,6,5,6,3.864654443915231,-0.0011431931433049727,-0.33725472249075655,9.976242168447572e-5,1.8694724831259617,0.0,0.0,0.0,0.0,0.0,0.0,0.0,0.0,0.34302099535874436,-0.3354923513749541,0.3354606862464933,0.3253040069753227,0.3354606862792652,0.3253040069874139,-0.308056344531796,0.3349732670122817,2.0810081928121414e-12,5.993376251806077e-10,0.024318881589035123
4,0.08726646259971647,6,7,7,3.8646544439112063,-0.0011431931455962129,0.33725472249040533,-9.976242188442414e-5,1.8694724792038446,-0.3080563449751905,0.3349732652166923,-0.33546068450799993,-0.3253040074770414,-0.3354606844256589,-0.32530400737088677,0.3430209958030717,-0.33549234957902996,0.0,0.0,0.0,0.0,0.0,0.0,0.0,0.0,2.0810081928121414e-12,5.993376251806077e-10,0.024318881589035123
4,0.08726646259971647,6,5,8,7.454644674853258,0.0008170653925016376,-0.6505404707122574,-7.130240651626682e-5,1.3556184650273244,0.0,0.0,0.0,0.0,0.0,0.0,0.0,0.0,-0.22904364851464437,0.23756957580050495,-0.23762822230619024,-0.2415553745608594,-0.23762822211062026,-0.24155537409596325,0.25439954275176674,-0.23734845838450314,2.0810081928121414e-12,5.993376251806077e-10,0.024318881589035123
4,0.08726646259971647,6,7,9,7.45464467482233,0.0008170653824603469,0.6505404707095584,7.13024056399989e-5,1.3556184489619423,0.254399543463438,-0.23734845193553603,0.2376282158421625,0.24155537515353304,0.23762821567562778,0.24155537491765036,-0.22904364922636433,0.2375695693514456,0.0,0.0,0.0,0.0,0.0,0.0,0.0,0.0,2.0810081928121414e-12,5.993376251806077e-10,0.024318881589035123
4,0.08726646259971647,6,5,10,7.453005098227859,-0.0008009918115933802,-0.6503973906599977,6.989972196909286e-5,1.332260909676696,0.0,0.0,0.0,0.0,0.0,0.0,0.0,0.0,0.24592677009991334,-0.23756648490582696,0.23762212814674036,0.23330103793968746,0.23762212795091217,0.23330103747447808,-0.22100774748125693,0.23735091703160893,2.0810081928121414e-12,5.993376251806077e-10,0.024318881589035123
4,0.08726646259971647,6,7,11,7.453005098226765,-0.0008009917915241006,0.6503973906599022,-6.989972021771782e-5,1.3322608932480873,-0.22100774819376898,0.23735091057777571,-0.23762212167833854,-0.2333010385331685,-0.23762212151063997,-0.23330103829683185,0.2459267708122677,-0.23756647845198106,0.0,0.0,0.0,0.0,0.0,0.0,0.0,0.0,2.0810081928121414e-12,5.993376251806077e-10,0.024318881589035123
4,0.08726646259971647,6,7,12,0.9550715934205234,0.014195970250445254,0.08334571948728373,0.0012388321069271683,0.06992185625198055,0.013812045370255042,-0.011457787236846345,0.01151075199160129,0.013151515058906658,0.011510751991736737,0.01315151505836894,-0.012507086903431979,0.011545293353908567,0.0,0.0,0.0,0.0,0.0,0.0,0.0,0.0,2.0810081928121414e-12,5.993376251806077e-10,0.024318881589035123
4,0.08726646259971647,6,5,13,0.9550715934227554,0.014195970250625824,-0.0833457194874785,-0.0012388321069429261,0.06992185624938022,0.0,0.0,0.0,0.0,0.0,0.0,0.0,0.0,-0.012507086902841535,0.01154529335354988,-0.01151075199109533,-0.013151515058324403,-0.011510751991490988,-0.013151515057880024,0.013812045369776775,-0.011457787236448573,2.0810081928121414e-12,5.993376251806077e-10,0.024318881589035123
4,0.08726646259971647,6,7,14,0.9302333843896022,-0.010639650424387321,0.0811781768478429,-0.0009284846558338536,0.05990587919530362,-0.00906999011966199,0.01141922944711749,-0.011474745271111971,-0.009620105367853602,-0.01147474527093748,-0.009620105367745612,0.010186275823744035,-0.01151678170877326,0.0,0.0,0.0,0.0,0.0,0.0,0.0,0.0,2.0810081928121414e-12,5.993376251806077e-10,0.024318881589035123
4,0.08726646259971647,6,5,15,0.9302333843882415,-0.010639650424921916,-0.08117817684772416,0.0009284846558805059,0.059905879189197764,0.0,0.0,0.0,0.0,0.0,0.0,0.0,0.0,0.010186275823330967,-0.01151678170709904,0.011474745269388633,0.00962010536752749,0.011474745269340473,0.009620105367279495,-0.009069990119283503,0.011419229445470993,2.0810081928121414e-12,5.993376251806077e-10,0.024318881589035123
4,0.08726646259971647,6,7,16,4.513611963397656,0.0022588656847989663,0.39388694959347437,0.00019712321780029194,0.0004433132463525268,8.401884042157753e-5,-7.672336247911204e-5,7.68597646170529e-5,7.981976943794428e-5,7.685976458215273e-5,7.981976952586355e-5,-7.572822393612696e-5,7.688434377556087e-5,0.0,0.0,0.0,0.0,0.0,0.0,0.0,0.0,2.0810081928121414e-12,5.993376251806077e-10,0.024318881589035123
4,0.08726646259971647,6,5,17,4.513611963401163,0.0022588656886899892,-0.39388694959378046,-0.00019712321813984774,0.0004433132443493942,0.0,0.0,0.0,0.0,0.0,0.0,0.0,0.0,-7.572822344810094e-5,7.688434356304769e-5,-7.685976439809582e-5,-7.981976897870278e-5,-7.685976437175375e-5,-7.981976900813644e-5,8.401883993277938e-5,-7.672336226146998e-5,2.0810081928121414e-12,5.993376251806077e-10,0.024318881589035123
4,0.08726646259971647,6,7,18,4.5114878651940895,0.0001995367392356312,0.39370158705703473,1.741286539177559e-5,0.00042154684579089334,-6.834446801837859e-5,7.654708498792028e-5,-7.671421459083155e-5,-7.223160015263467e-5,-7.671421455435543e-5,-7.223160024804247e-5,7.622606144243388e-5,-7.678014478716244e-5,0.0,0.0,0.0,0.0,0.0,0.0,0.0,0.0,2.0810081928121414e-12,5.993376251806077e-10,0.024318881589035123
4,0.08726646259971647,6,5,19,4.511487865190201,0.00019953673423342075,-0.3937015870566954,-1.7412864955250377e-5,0.000421546844002953,0.0,0.0,0.0,0.0,0.0,0.0,0.0,0.0,7.622606107582781e-5,-7.678014452055635e-5,7.671421432307881e-5,7.223159981418964e-5,7.671421428764077e-5,7.223159984983311e-5,-6.834446764882989e-5,7.654708471951314e-5,2.0810081928121414e-12,5.993376251806077e-10,0.024318881589035123
4,0.08726646259971647,6,5,20,4.499278214465535,0.02671320735996791,-0.39263609402837574,-0.0023311671109971102,0.00036601332796865743,0.0,0.0,0.0,0.0,0.0,0.0,0.0,0.0,-6.097673628306229e-5,6.496545664811495e-5,-6.502652334436818e-5,-6.43543536547777e-5,-6.5026523343733e-5,-6.435435365030747e-5,6.782294504283475e-5,-6.49974302630861e-5,2.0810081928121414e-12,5.993376251806077e-10,0.024318881589035123
4,0.08726646259971647,6,7,21,4.49927821440367,0.026713207334275842,0.392636094022977,0.0023311671087550547,0.00036601332759539037,6.782294496694648e-5,-6.499743020109976e-5,6.502652328256195e-5,6.435435358466814e-5,6.50265232836699e-5,6.435435357835372e-5,-6.0976736216663324e-5,6.496545658832542e-5,0.0,0.0,0.0,0.0,0.0,0.0,0.0,0.0,2.0810081928121414e-12,5.993376251806077e-10,0.024318881589035123
4,0.08726646259971647,6,7,22,4.447795528205978,-0.024229802558731285,0.3881433821133731,-0.0021144491587900384,0.00028056298609884,-4.804272879607005e-5,4.8543805590095065e-5,-4.8522067545637656e-5,-5.0632131461884915e-5,-4.852206754568151e-5,-5.063213146369731e-5,5.328941537133205e-5,-4.842939700026137e-5,0.0,0.0,0.0,0.0,0.0,0.0,0.0,0.0,2.0810081928121414e-12,5.993376251806077e-10,0.024318881589035123
4,0.08726646259971647,6,5,23,4.447795528209584,-0.024229802559810387,-0.3881433821136878,0.0021144491588842075,0.0002805629858368631,0.0,0.0,0.0,0.0,0.0,0.0,0.0,0.0,5.328941533434002e-5,-4.842939694051122e-5,4.852206748654074e-5,5.063213142888093e-5,4.852206748701551e-5,5.0632131428173235e-5,-4.8042728764427695e-5,4.8543805532128643e-5,2.0810081928121414e-12,5.993376251806077e-10,0.024318881589035123
4,0.08726646259971647,6,5,24,4.4708145042994385,0.00018235183343759745,-0.3901521667297169,-1.5913199452671825e-5,0.00017813063302864088,0.0,0.0,0.0,0.0,0.0,0.0,0.0,0.0,2.6833388723219716e-5,-3.701524371973209e-5,3.6727942613342974e-5,2.5169869364273684e-5,3.6727942615343056e-5,2.5169869376635097e-5,-2.3557744446052263e-5,3.640536771615452e-5,2.0810081928121414e-12,5.993376251806077e-10,0.024318881589035123
4,0.08726646259971647,6,7,25,4.470814504299435,0.0001823518315154024,0.3901521667297166,1.5913199284928666e-5,0.00017813063301251795,-2.3557744360008576e-5,3.640536777105595e-5,-3.672794266342826e-5,-2.5169869291510434e-5,-3.6727942674642016e-5,-2.5169869275681644e-5,2.6833388635409995e-5,-3.701524377412663e-5,0.0,0.0,0.0,0.0,0.0,0.0,0.0,0.0,2.0810081928121414e-12,5.993376251806077e-10,0.024318881589035123
4,0.08726646259971647,6,7,26,8.104818961719419,0.0019626233621769414,0.7072788808003605,0.00017127119823274385,0.00015302716749709345,2.879671790255483e-5,-2.670765446356698e-5,2.6743526048016624e-5,2.7346921006486553e-5,2.6743526043340392e-5,2.7346921014513118e-5,-2.5934538237347164e-5,2.6741085748639357e-5,0.0,0.0,0.0,0.0,0.0,0.0,0.0,0.0,2.0810081928121414e-12,5.993376251806077e-10,0.024318881589035123
4,0.08726646259971647,6,5,27,8.104818961724009,0.001962623354104437,-0.7072788808007611,-0.00017127119752828496,0.00015302716451285752,0.0,0.0,0.0,0.0,0.0,0.0,0.0,0.0,-2.593453756714167e-5,2.6741085363671705e-5,-2.6743525666437863e-5,-2.7346920344060482e-5,-2.6743525661710813e-5,-2.7346920336031223e-5,2.8796717232549028e-5,-2.6707654084539563e-5,2.0810081928121414e-12,5.993376251806077e-10,0.024318881589035123
4,0.08726646259971647,6,5,28,4.472691077525988,0.0025790324944635276,-0.39031592863700715,-0.00022506304272155493,0.00014364710352013154,0.0,0.0,0.0,0.0,0.0,0.0,0.0,0.0,-2.8279294093197506e-5,2.0568427254907754e-5,-2.034393289248885e-5,-2.9585959794191815e-5,-2.0343932892408283e-5,-2.9585959804992268e-5,3.092107800431181e-5,-2.007799826957944e-5,2.0810081928121414e-12,5.993376251806077e-10,0.024318881589035123
4,0.08726646259971647,6,7,29,4.472691077556878,0.0025790325109097817,0.3903159286397028,0.00022506304415676135,0.00014364710248805342,3.09210776394252e-5,-2.007799833725915e-5,2.034393295061243e-5,2.9585959449194795e-5,2.0343932955470872e-5,2.958595944063976e-5,-2.8279293748480328e-5,2.0568427308815637e-5,0.0,0.0,0.0,0.0,0.0,0.0,0.0,0.0,2.0810081928121414e-12,5.993376251806077e-10,0.024318881589035123
4,0.08726646259971647,6,7,30,8.10262112342079,0.0004756847979082851,0.707087083226673,4.151132962591705e-5,0.00014167097941191191,-2.3205663983104266e-5,2.551204040411045e-5,-2.5556128208427213e-5,-2.4512491939378744e-5,-2.555612821841694e-5,-2.451249193921162e-5,2.5855074436546972e-5,-2.5565873504748256e-5,0.0,0.0,0.0,0.0,0.0,0.0,0.0,0.0,2.0810081928121414e-12,5.993376251806077e-10,0.024318881589035123
4,0.08726646259971647,6,5,31,8.102621123404612,0.0004756847975219067,-0.7070870832252613,-4.151132959219917e-5,0.00014167097678001152,0.0,0.0,0.0,0.0,0.0,0.0,0.0,0.0,2.585507396475556e-5,-2.556587304290797e-5,2.5556127749436454e-5,2.451249147416401e-5,2.5556127753362262e-5,2.4512491466504807e-5,-2.3205663517479884e-5,2.5512039941434016e-5,2.0810081928121414e-12,5.993376251806077e-10,0.024318881589035123
4,0.08726646259971647,6,7,32,8.087886727065294,0.02704614981088257,0.7058012645781868,0.002360221820937713,9.816242459064976e-5,1.8473065448782672e-5,-1.7131291951338446e-5,1.7154346944215292e-5,1.75430645146663e-5,1.715434694699622e-5,1.7543064508921836e-5,-1.6637062456606723e-5,1.7152824850356252e-5,0.0,0.0,0.0,0.0,0.0,0.0,0.0,0.0,2.0810081928121414e-12,5.993376251806077e-10,0.024318881589035123
4,0.08726646259971647,6,5,33,8.087886727105035,0.027046149893507457,-0.7058012645816548,-0.0023602218281480944,9.816242443444763e-5,0.0,0.0,0.0,0.0,0.0,0.0,0.0,0.0,-1.663706240577915e-5,1.715282484661944e-5,-1.7154346940859185e-5,-1.754306446225096e-5,-1.715434694427478e-5,-1.754306445806271e-5,1.8473065396334274e-5,-1.713129194900544e-5,2.0810081928121414e-12,5.993376251806077e-10,0.024318881589035123
4,0.08726646259971647,6,5,34,8.035805041390933,-0.024563808230743736,-0.701256280103155,0.002143596652274806,7.446851845529983e-5,0.0,0.0,0.0,0.0,0.0,0.0,0.0,0.0,1.398494968451058e-5,-1.3027639191116292e-5,1.3043546603549395e-5,1.3279389800197157e-5,1.3043546603306244e-5,1.327938979915271e-5,-1.2592077857334638e-5,1.3040850096477846e-5,2.0810081928121414e-12,5.993376251806077e-10,0.024318881589035123
4,0.08726646259971647,6,7,35,8.035805041511944,-0.024563808261383917,0.7012562801137151,-0.0021435966549486663,7.446851838243757e-5,-1.2592077882038178e-5,1.3040850047109039e-5,-1.304354655308373e-5,-1.327938982382267e-5,-1.3043546551839631e-5,-1.3279389824568919e-5,1.3984949708824207e-5,-1.302763913851184e-5,0.0,0.0,0.0,0.0,0.0,0.0,0.0,0.0,2.0810081928121414e-12,5.993376251806077e-10,0.024318881589035123
4,0.08726646259971647,6,7,36,8.05956085298696,0.000517003206547819,0.7033293657473256,4.511704098813874e-5,4.721197719059529e-5,-6.135374468090936e-6,9.718214681330678e-6,-9.808487964433391e-6,-6.561670363670136e-6,-9.808487954952294e-6,-6.5616703683672035e-6,7.001691709771862e-6,-9.889565292003851e-6,0.0,0.0,0.0,0.0,0.0,0.0,0.0,0.0,2.0810081928121414e-12,5.993376251806077e-10,0.024318881589035123
4,0.08726646259971647,6,5,37,8.059560852958766,0.000517003154787414,-0.7033293657448652,-4.5117036471191296e-5,4.721197638721746e-5,0.0,0.0,0.0,0.0,0.0,0.0,0.0,0.0,7.001691690855259e-6,-9.889565064345409e-6,9.808487734641664e-6,6.561670335949623e-6,9.808487728266159e-6,6.561670355697229e-6,-6.1353744470255625e-6,9.718214452458264e-6,2.0810081928121414e-12,5.993376251806077e-10,0.024318881589035123
4,0.08726646259971647,6,7,38,8.060858141615515,0.002246779534010354,0.7034425755369104,0.00019606850217452297,3.8463403642382235e-5,8.44642229676956e-6,-5.109938393663147e-6,5.192486733743589e-6,8.091373995671232e-6,5.192486727290198e-6,8.091373999064966e-6,-7.74358724619341e-6,5.263702061045026e-6,0.0,0.0,0.0,0.0,0.0,0.0,0.0,0.0,2.0810081928121414e-12,5.993376251806077e-10,0.024318881589035123
4,0.08726646259971647,6,5,39,8.060858141670098,0.00224677951466256,-0.7034425755416736,-0.0001960685004861094,3.846340314346949e-5,0.0,0.0,0.0,0.0,0.0,0.0,0.0,0.0,-7.743587145223707e-6,5.263701977225911e-6,-5.1924866528363986e-6,-8.091373890576932e-6,-5.192486651745632e-6,-8.091373907914893e-6,8.446422202065943e-6,-5.109938321023202e-6,2.0810081928121414e-12,5.993376251806077e-10,0.024318881589035123
4,0.08726646259971647,6,7,40,8.056083680796009,0.014786842087163143,0.7030259252303711,0.0012903954019673359,1.322128517889214e-5,2.452222072958203e-6,-2.345468545012636e-6,2.346641913759069e-6,2.3269292629340014e-6,2.3466419147848636e-6,2.3269292636341614e-6,-2.2049194702860684e-6,2.344555284407525e-6,0.0,0.0,0.0,0.0,0.0,0.0,0.0,0.0,2.0810081928121414e-12,5.993376251806077e-10,0.024318881589035123
4,0.08726646259971647,6,5,41,8.056083680793865,0.014786842085484479,-0.703025925230184,-0.0012903954018208448,1.3221285107750498e-5,0.0,0.0,0.0,0.0,0.0,0.0,0.0,0.0,-2.204919444857091e-6,2.3445552844666207e-6,-2.3466419141020415e-6,-2.3269292370029737e-6,-2.3466419161216404e-6,-2.3269292373595055e-6,2.4522220461872097e-6,-2.3454685466746633e-6,2.0810081928121414e-12,5.993376251806077e-10,0.024318881589035123
4,0.08726646259971647,6,7,42,8.059947199284734,0.012586245007205395,0.7033630808220708,0.001098357079192158,1.2902355840959439e-5,-2.194065742156215e-6,2.2474347797983107e-6,-2.247248152893942e-6,-2.3131496275813014e-6,-2.2472481507310477e-6,-2.313149629293479e-6,2.435377393697213e-6,-2.2438209136684877e-6,0.0,0.0,0.0,0.0,0.0,0.0,0.0,0.0,2.0810081928121414e-12,5.993376251806077e-10,0.024318881589035123
4,0.08726646259971647,6,5,43,8.059947199284741,0.012586245001836274,-0.7033630808220713,-0.0010983570787236137,1.2902355741203372e-5,0.0,0.0,0.0,0.0,0.0,0.0,0.0,0.0,2.4353773673977033e-6,-2.2438209052143645e-6,2.2472481440226763e-6,2.313149601825216e-6,2.2472481423012445e-6,2.3131496023098583e-6,-2.1940657157423097e-6,2.2474347709225785e-6,2.0810081928121414e-12,5.993376251806077e-10,0.024318881589035123
4,0.08726646259971647,6,5,44,8.027818082196855,-0.01344723413852366,-0.7005592864273595,0.0011734925550191055,1.1731984833483996e-5,0.0,0.0,0.0,0.0,0.0,0.0,0.0,0.0,1.6533835315115486e-6,-2.5165325675114207e-6,2.4925951183407287e-6,1.5448067324520802e-6,2.4925951181396765e-6,1.54480673349259e-6,-1.439718051994719e-6,2.466492497875459e-6,2.0810081928121414e-12,5.993376251806077e-10,0.024318881589035123
4,0.08726646259971647,6,7,45,8.02781808219683,-0.013447234139655687,0.7005592864273573,-0.0011734925551178936,1.1731984692264322e-5,-1.4397180272585977e-6,2.4664924721786225e-6,-2.4925950925359576e-6,-1.544806707776838e-6,-2.492595092547644e-6,-1.544806707069561e-6,1.6533835051422764e-6,-2.5165325418190027e-6,0.0,0.0,0.0,0.0,0.0,0.0,0.0,0.0,2.0810081928121414e-12,5.993376251806077e-10,0.024318881589035123
4,0.08726646259971647,6,5,46,8.035757865303218,-0.011141919615783145,-0.7012521632128608,0.0009723159114397872,1.1658298600198847e-5,0.0,0.0,0.0,0.0,0.0,0.0,0.0,0.0,-2.1952785186007223e-6,1.7986078564650522e-6,-1.7865198893979064e-6,-2.3021992215831985e-6,-1.786519890329884e-6,-2.3021992208040023e-6,2.41161879423237e-6,-1.771207095196452e-6,2.0810081928121414e-12,5.993376251806077e-10,0.024318881589035123
4,0.08726646259971647,6,7,47,8.035757865302093,-0.01114191962149636,0.7012521632127626,-0.0009723159119383592,1.1658298567203747e-5,2.411618792763301e-6,-1.7712070834850912e-6,1.7865198781341667e-6,2.302199219796842e-6,1.7865198786717334e-6,2.302199219487727e-6,-2.195278516974617e-6,1.7986078452354485e-6,0.0,0.0,0.0,0.0,0.0,0.0,0.0,0.0,2.0810081928121414e-12,5.993376251806077e-10,0.024318881589035123
4,0.08726646259971647,6,5,48,8.060144878719234,0.01471439890987648,-0.7033803316070483,-0.0012840735421460446,9.234044117504673e-6,0.0,0.0,0.0,0.0,0.0,0.0,0.0,0.0,-1.0815279291765354e-6,1.9705750122439555e-6,-1.9932965494584254e-6,-1.1636701763401333e-6,-1.9932965491694978e-6,-1.1636701767780171e-6,1.2486018973925587e-6,-2.014386995411349e-6,2.0810081928121414e-12,5.993376251806077e-10,0.024318881589035123
4,0.08726646259971647,6,7,49,8.060144878716978,0.014714398909875945,0.7033803316068514,0.001284073542145998,9.234044074698521e-6,1.2486018891787315e-6,-2.014386987931306e-6,1.9932965409932852e-6,1.1636701697363898e-6,1.9932965411836305e-6,1.1636701691007625e-6,-1.0815279231015047e-6,1.9705750033568066e-6,0.0,0.0,0.0,0.0,0.0,0.0,0.0,0.0,2.0810081928121414e-12,5.993376251806077e-10,0.024318881589035123
4,0.08726646259971647,6,7,50,8.030655231432851,-0.013424506477386616,0.7008068744050523,-0.0011715091924285107,5.528075138314287e-6,-1.1949249633102553e-6,6.189391485700025e-7,-6.028380560092748e-7,-1.2433399505334663e-6,-6.028380557546055e-7,-1.2433399517600649e-6,1.2925976933509113e-6,-5.849956973002539e-7,0.0,0.0,0.0,0.0,0.0,0.0,0.0,0.0,2.0810081928121414e-12,5.993376251806077e-10,0.024318881589035123
4,0.08726646259971647,6,5,51,8.03065523143309,-0.013424506478904748,-0.7008068744050733,0.0011715091925609928,5.528075134738468e-6,0.0,0.0,0.0,0.0,0.0,0.0,0.0,0.0,1.292597695705865e-6,-5.849956903865473e-7,6.028380489698471e-7,1.2433399536005614e-6,6.028380487637325e-7,1.2433399535028134e-6,-1.1949249657770716e-6,6.189391414648016e-7,2.0810081928121414e-12,5.993376251806077e-10,0.024318881589035123
4,0.08726646259971647,6,5,52,11.631276877000424,-0.013390721884221246,-1.0150203885737046,0.0011685609304925982,3.5598276263168147e-6,0.0,0.0,0.0,0.0,0.0,0.0,0.0,0.0,7.495865438725929e-7,-5.223762661463415e-7,5.278803843356508e-7,7.163020351620965e-7,5.278803845057963e-7,7.163020349660972e-7,-6.837558564489594e-7,5.323811630245752e-7,2.0810081928121414e-12,5.993376251806077e-10,0.024318881589035123
4,0.08726646259971647,6,7,53,11.631276877096116,-0.013390721900755484,1.0150203885820552,-0.0011685609319354827,3.5598276102978454e-6,-6.837558549651256e-7,5.323811584373717e-7,-5.278803797223893e-7,-7.163020335617283e-7,-5.278803798035186e-7,-7.16302033480832e-7,7.495865422703729e-7,-5.223762614151679e-7,0.0,0.0,0.0,0.0,0.0,0.0,0.0,0.0,2.0810081928121414e-12,5.993376251806077e-10,0.024318881589035123
4,0.08726646259971647,6,5,54,11.63624843409828,-0.010834644561610268,-1.0154542387752468,0.0009455011044169839,3.0790516495606292e-6,0.0,0.0,0.0,0.0,0.0,0.0,0.0,0.0,-6.872539014315646e-7,2.991492163301555e-7,-2.8838600940625704e-7,-7.135553427188909e-7,-2.8838601027289065e-7,-7.135553421101255e-7,7.402598243346133e-7,-2.76623543745418e-7,2.0810081928121414e-12,5.993376251806077e-10,0.024318881589035123
4,0.08726646259971647,6,7,55,11.636248434053565,-0.010834644512121233,1.0154542387713448,-0.0009455011000982509,3.0790516028924062e-6,7.402598131874284e-7,-2.7662353934524684e-7,2.8838600497788494e-7,7.135553316733394e-7,2.8838600601474136e-7,7.135553315031312e-7,-6.872538909126867e-7,2.9914921204229704e-7,0.0,0.0,0.0,0.0,0.0,0.0,0.0,0.0,2.0810081928121414e-12,5.993376251806077e-10,0.024318881589035123
4,0.08726646259971647,6,7,56,11.640895437999378,-0.012371106709419199,1.0158597663673827,-0.001079582720974632,1.529278886170943e-6,-2.972856830160927e-7,2.2407547488063596e-7,-2.2192306395184333e-7,-3.112352878635472e-7,-2.2192306394623015e-7,-3.112352882183203e-7,3.254952801892253e-7,-2.1933470633657798e-7,0.0,0.0,0.0,0.0,0.0,0.0,0.0,0.0,2.0810081928121414e-12,5.993376251806077e-10,0.024318881589035123
4,0.08726646259971647,6,5,57,11.6408954380011,-0.012371106686005108,-1.0158597663675333,0.0010795827189313673,1.5292788641859973e-6,0.0,0.0,0.0,0.0,0.0,0.0,0.0,0.0,3.2549527444750747e-7,-2.1933470490306347e-7,2.219230622381242e-7,3.1123528246763504e-7,2.2192306240167854e-7,3.1123528243657445e-7,-2.9728567758430495e-7,2.240754730663305e-7,2.0810081928121414e-12,5.993376251806077e-10,0.024318881589035123
4,0.08726646259971647,6,7,58,11.64496900582645,-0.013512000138123927,1.0162152522218115,-0.0011791444547009555,1.5291122842439042e-6,-2.4389558452003067e-7,2.811998313463971e-7,-2.8200865034620655e-7,-2.5798553690010094e-7,-2.820086503013483e-7,-2.579855368922669e-7,2.724700483632349e-7,-2.824560133598962e-7,0.0,0.0,0.0,0.0,0.0,0.0,0.0,0.0,2.0810081928121414e-12,5.993376251806077e-10,0.024318881589035123
4,0.08726646259971647,6,5,59,11.644969005914195,-0.013512000152410648,-1.0162152522294687,0.0011791444559477071,1.5291122751866546e-6,0.0,0.0,0.0,0.0,0.0,0.0,0.0,0.0,2.7247004787814787e-7,-2.8245601061055414e-7,2.8200864770399787e-7,2.5798553642119767e-7,2.8200864755300683e-7,2.5798553655524344e-7,-2.438955841860897e-7,2.8119982870574014e-7,2.0810081928121414e-12,5.993376251806077e-10,0.024318881589035123
4,0.08726646259971647,6,7,60,11.598651999596692,-0.0010710433442785716,1.0121733309299314,-9.346616394616123e-5,2.0147672335030458e-7,-3.4383657650577034e-8,3.497507417573616e-8,-3.4965672514848686e-8,-3.624319045909147e-8,-3.496567246577228e-8,-3.624319048803778e-8,3.81516396961443e-8,-3.49054960965287e-8,0.0,0.0,0.0,0.0,0.0,0.0,0.0,0.0,2.0810081928121414e-12,5.993376251806077e-10,0.024318881589035123
4,0.08726646259971647,6,5,61,11.598651999594964,-0.0010710433356327688,-1.0121733309297807,9.34661631916726e-5,2.0147672308077576e-7,0.0,0.0,0.0,0.0,0.0,0.0,0.0,0.0,3.81516394818865e-8,-3.490549622207647e-8,3.496567263473752e-8,3.6243190231027307e-8,3.496567259136677e-8,3.624319029219816e-8,-3.438365744079014e-8,3.497507429564253e-8,2.0810081928121414e-12,5.993376251806077e-10,0.024318881589035123
4,0.08726646259971647,6,5,62,11.602331155566466,0.0011382377174963716,-1.0124943978567662,-9.932997920348376e-5,1.3334755543301847e-7,0.0,0.0,0.0,0.0,0.0,0.0,0.0,0.0,-2.0474380021366787e-8,2.5189627704253275e-8,-2.529940269003045e-8,-2.1700223880988484e-8,-2.529940271273967e-8,-2.1700223864477085e-8,2.2961465604158673e-8,-2.5378772606443564e-8,2.0810081928121414e-12,5.993376251806077e-10,0.024318881589035123
4,0.08726646259971647,6,7,63,11.602331155580735,0.0011382377277818594,1.0124943978580114,9.932998010106188e-5,1.3334755386770873e-7,2.2961465387536204e-8,-2.537877226212238e-8,2.5299402353056302e-8,2.170022367535356e-8,2.5299402368093794e-8,2.1700223662811263e-8,-2.0474379830298382e-8,2.5189627367154186e-8,0.0,0.0,0.0,0.0,0.0,0.0,0.0,0.0,2.0810081928121414e-12,5.993376251806077e-10,0.024318881589035123
4,0.08726646259971647,6,7,64,8.666971264053743,-0.00815939685893258,0.7563359236673634,-0.0007120417008262841,8.929169224907493e-8,1.9249433492846843e-8,-1.2436185099954365e-8,1.2603406089395514e-8,1.8419901640372962e-8,1.2603406069830868e-8,1.841990167401687e-8,-1.7607996529178857e-8,1.2744826858373698e-8,0.0,0.0,0.0,0.0,0.0,0.0,0.0,0.0,2.0810081928121414e-12,5.993376251806077e-10,0.024318881589035123
4,0.08726646259971647,6,5,65,8.666971264054663,-0.008159396852521941,-0.7563359236674436,0.0007120417002668503,8.929169090667548e-8,0.0,0.0,0.0,0.0,0.0,0.0,0.0,0.0,-1.760799606073276e-8,1.2744826963793891e-8,-1.2603406190456175e-8,-1.8419901162001093e-8,-1.2603406177295961e-8,-1.8419901196869052e-8,1.9249433005048014e-8,-1.2436185202835816e-8,2.0810081928121414e-12,5.993376251806077e-10,0.024318881589035123
4,0.08726646259971647,6,7,66,8.687697139954711,0.013883678043838294,0.7581445975415215,0.0012115794707591194,6.240038571324187e-8,9.190939178244536e-9,-1.3115651278353225e-8,1.3005682970298167e-8,8.609884392922107e-9,1.3005682952241494e-8,8.609884397460031e-9,-8.047029122096453e-9,1.2883648065281372e-8,0.0,0.0,0.0,0.0,0.0,0.0,0.0,0.0,2.0810081928121414e-12,5.993376251806077e-10,0.024318881589035123
4,0.08726646259971647,6,5,67,8.68769713995484,0.01388367804559867,-0.7581445975415328,-0.001211579470912741,6.240038293846544e-8,0.0,0.0,0.0,0.0,0.0,0.0,0.0,0.0,-8.047027979715468e-9,1.288364798212478e-8,-1.3005682907780483e-8,-8.609883218534616e-9,-1.3005682903413858e-8,-8.609883227123925e-9,9.190937975884796e-9,-1.3115651251602424e-8,2.0810081928121414e-12,5.993376251806077e-10,0.024318881589035123
4,0.08726646259971647,6,7,68,8.687430124869849,0.011918360247375328,0.7581212960796049,0.0010400731387775267,3.7275285176556794e-8,-5.836053976979766e-9,6.948213225036042e-9,-6.9733719701809935e-9,-6.17917010366199e-9,-6.973371988890393e-9,-6.179170128859948e-9,6.532042916964468e-9,-6.9898730665943285e-9,0.0,0.0,0.0,0.0,0.0,0.0,0.0,0.0,2.0810081928121414e-12,5.993376251806077e-10,0.024318881589035123
4,0.08726646259971647,6,5,69,8.687430124868394,0.011918360241987513,-0.7581212960794779,-0.0010400731383073511,3.727528429495844e-8,0.0,0.0,0.0,0.0,0.0,0.0,0.0,0.0,6.532042633579643e-9,-6.989873018078211e-9,6.973371925932586e-9,6.179169838119976e-9,6.9733719405237735e-9,6.17916983448788e-9,-5.836053700231463e-9,6.948213180612451e-9,2.0810081928121414e-12,5.993376251806077e-10,0.024318881589035123
4,0.08726646259971647,6,5,70,8.683271615142601,0.014348606016079794,-0.7577583976460215,-0.0012521520902602941,3.5876210229463274e-8,0.0,0.0,0.0,0.0,0.0,0.0,0.0,0.0,-6.229999272207058e-9,6.120414779267433e-9,-6.112979899836291e-9,-6.56104011642999e-9,-6.112979878120398e-9,-6.561040123803187e-9,6.900632705631825e-9,-6.09635355523971e-9,2.0810081928121414e-12,5.993376251806077e-10,0.024318881589035123
4,0.08726646259971647,6,7,71,8.683271615142242,0.014348606016674485,0.7577583976459902,0.0012521520903121908,3.587620818675435e-8,6.900632470770828e-9,-6.096353039900115e-9,6.112979385866628e-9,6.5610398920116425e-9,6.112979342665201e-9,6.56103993000758e-9,-6.229999088685777e-9,6.1204142467033e-9,0.0,0.0,0.0,0.0,0.0,0.0,0.0,0.0,2.0810081928121414e-12,5.993376251806077e-10,0.024318881589035123
4,0.08726646259971647,6,7,72,11.627001479851955,-0.01321379525569976,1.0146472897883487,-0.0011531211694818342,3.308343803329142e-8,-6.719103967940624e-9,4.4399783925488564e-9,-4.3748178643662646e-9,-7.017418476164908e-9,-4.374817874111354e-9,-7.0174184631627384e-9,7.321850836462677e-9,-4.299828677233345e-9,0.0,0.0,0.0,0.0,0.0,0.0,0.0,0.0,2.0810081928121414e-12,5.993376251806077e-10,0.024318881589035123
4,0.08726646259971647,6,5,73,11.627001479861352,-0.013213795290145708,-1.0146472897891687,0.00115312117248781,3.308343654671128e-8,0.0,0.0,0.0,0.0,0.0,0.0,0.0,0.0,7.3218508918926454e-9,-4.2998278544193135e-9,4.374817061590742e-9,7.017418555550345e-9,4.374817053050879e-9,7.017418519974687e-9,-6.7191040485959525e-9,4.439977591708054e-9,2.0810081928121414e-12,5.993376251806077e-10,0.024318881589035123
4,0.08726646259971647,6,5,74,8.658156282467992,-0.010740285917576267,-0.7555666714064933,0.0009372667593364308,2.5636515550476668e-8,0.0,0.0,0.0,0.0,0.0,0.0,0.0,0.0,4.501092825224698e-9,-4.799312906692304e-9,4.788398808362284e-9,4.258380481342905e-9,4.788398821251921e-9,4.258380471576242e-9,-4.022367709571223e-9,4.77151830075261e-9,2.0810081928121414e-12,5.993376251806077e-10,0.024318881589035123
4,0.08726646259971647,6,7,75,8.658156282468378,-0.010740285919113203,0.7555666714065269,-0.0009372667594705538,2.56365114567498e-8,-4.022366691828143e-9,4.771517857492673e-9,-4.788398369776522e-9,-4.258379420049225e-9,-4.788398404046791e-9,-4.2583794156637305e-9,4.501091725032826e-9,-4.79931249571457e-9,0.0,0.0,0.0,0.0,0.0,0.0,0.0,0.0,2.0810081928121414e-12,5.993376251806077e-10,0.024318881589035123
4,0.08726646259971647,6,7,76,8.711737220154328,0.00301398769988415,0.7602424903011556,0.00026302004488794567,5.309429282976285e-9,7.37277510020256e-10,-1.146019861854371e-9,1.1347150728571618e-9,6.882463322076982e-10,1.1347150501869375e-9,6.882463330802194e-10,-6.408030814414955e-10,1.1224456046199694e-9,0.0,0.0,0.0,0.0,0.0,0.0,0.0,0.0,2.0810081928121414e-12,5.993376251806077e-10,0.024318881589035123
4,0.08726646259971647,6,5,77,8.711737220172585,0.0030139876878779726,-0.7602424903027489,-0.000263020043840209,5.309426673885824e-9,0.0,0.0,0.0,0.0,0.0,0.0,0.0,0.0,-6.408027227184772e-10,1.1224450829519315e-9,-1.1347145427400046e-9,-6.882459346959273e-10,-1.1347145235501305e-9,-6.882459580104052e-10,7.372770950747771e-10,-1.146019327375892e-9,2.0810081928121414e-12,5.993376251806077e-10,0.024318881589035123
4,0.08726646259971647,6,5,78,8.661858691137294,-0.010419928679736866,-0.7558897675141617,0.0009093103164219703,4.897059912771317e-9,0.0,0.0,0.0,0.0,0.0,0.0,0.0,0.0,1.110709276536032e-9,-5.882336234440822e-10,6.013028403626786e-10,1.0661779685772632e-9,6.013028418871922e-10,1.0661779628276929e-9,-1.0224874334302251e-9,6.128788210662106e-10,2.0810081928121414e-12,5.993376251806077e-10,0.024318881589035123
4,0.08726646259971647,6,7,79,8.661858691135361,-0.01041992867755056,0.7558897675139931,-0.000909310316231179,4.897059786424105e-9,-1.0224873253294952e-9,6.128789432253908e-10,-6.013029698842282e-10,-1.0661778549200923e-9,-6.013029662473169e-10,-1.0661778608113057e-9,1.1107091690572488e-9,-5.88233755254546e-10,0.0,0.0,0.0,0.0,0.0,0.0,0.0,0.0,2.0810081928121414e-12,5.993376251806077e-10,0.024318881589035123
5,0.05038331567317271,7,8,0,0.10739547047421016,0.04268458919332714,0.00541093989077103,0.002150591131707098,43.11891418956275,8.020994659440774,-7.624690567170049,7.629774676097027,7.612387738458584,7.629774676072945,7.6123877384460785,-7.2144550366406905,7.624193970213144,0.0,0.0,0.0,0.0,0.0,0.0,0.0,0.0,2.6714064078843118e-12,2.014370950336794e-9,0.028425603471313326
5,0.05038331567317271,7,6,1,0.10739547047438514,0.042684589192075954,-0.005410939890779846,-0.002150591131644059,43.118914189541655,0.0,0.0,0.0,0.0,0.0,0.0,0.0,0.0,-7.214455036627601,7.624193970218667,-7.629774676102738,-7.612387738445201,-7.629774676078679,-7.612387738433062,8.020994659427462,-7.624690567175969,2.6714064078843118e-12,2.014370950336794e-9,0.028425603471313326
5,0.05038331567317271,7,6,2,2.1219273644668277,0.0023959608012817588,-0.10690973623947558,-0.00012071644939152668,2.191985915786297,0.0,0.0,0.0,0.0,0.0,0.0,0.0,0.0,-0.38581363701087185,0.3686129096411271,-0.3678770921687093,-0.4060314811663766,-0.36787709218193976,-0.4060314811749797,0.4267639550967345,-0.3665724703952606,2.6714064078843118e-12,2.014370950336794e-9,0.028425603471313326
5,0.05038331567317271,7,8,3,2.1219273644666368,0.002395960801541558,0.10690973623946597,0.00012071644940461622,2.1919859157231647,0.4267639550820829,-0.3665724703879567,0.36787709216782594,0.4060314811604891,0.36787709216818165,0.40603148115153326,-0.38581363699620147,0.3686129096337699,0.0,0.0,0.0,0.0,0.0,0.0,0.0,0.0,2.6714064078843118e-12,2.014370950336794e-9,0.028425603471313326
5,0.05038331567317271,7,6,4,6.754215146501302,0.002041913210043468,-0.34029975385069955,-0.00010287835783884147,1.8898124901311375,0.0,0.0,0.0,0.0,0.0,0.0,0.0,0.0,-0.32229686958306014,0.328270772155795,-0.32819402164236916,-0.33973897987602947,-0.3281940216766387,-0.339738979942918,0.35764022869745,-0.3276413151951953,2.6714064078843118e-12,2.014370950336794e-9,0.028425603471313326
5,0.05038331567317271,7,8,5,6.754215146506617,0.0020419131992802653,0.34029975385096733,0.00010287835729655562,1.8898124867720663,0.3576402288183446,-0.3276413138614977,0.3281940202892118,0.3397389800786824,0.32819402036237205,0.33973897998041247,-0.32229686970417065,0.3282707708222386,0.0,0.0,0.0,0.0,0.0,0.0,0.0,0.0,2.6714064078843118e-12,2.014370950336794e-9,0.028425603471313326
5,0.05038331567317271,7,6,6,2.112245628843127,-0.0017728752665772674,-0.10642193829728247,8.932333420512268e-5,1.7917558008347179,0.0,0.0,0.0,0.0,0.0,0.0,0.0,0.0,0.3208734730858045,-0.32941700038377986,0.3289752198886223,0.3038987263010959,0.3289752199020122,0.30389872631040166,-0.2873842467874848,0.3281076590031572,2.6714064078843118e-12,2.014370950336794e-9,0.028425603471313326
5,0.05038331567317271,7,8,7,2.1122456288428166,-0.0017728752659058114,0.10642193829726683,-8.93233341712925e-5,1.79175580078038,-0.28738424677580005,0.3281076589954328,-0.3289752198872771,-0.3038987262984984,-0.3289752198878945,-0.3038987262896945,0.3208734730741966,-0.3294170003760221,0.0,0.0,0.0,0.0,0.0,0.0,0.0,0.0,2.6714064078843118e-12,2.014370950336794e-9,0.028425603471313326
5,0.05038331567317271,7,6,8,6.745136552666087,-0.001761432847320818,-0.3398423441916314,8.87468271836602e-5,1.7644472291960558,0.0,0.0,0.0,0.0,0.0,0.0,0.0,0.0,0.3241197030061406,-0.31626665605465437,0.31625628448114373,0.30739801526456806,0.3162562845152111,0.30739801533223576,-0.2911187849225226,0.3158152460009299,2.6714064078843118e-12,2.014370950336794e-9,0.028425603471313326
5,0.05038331567317271,7,8,9,6.745136552660643,-0.0017614328522473008,0.3398423441913571,-8.874682743187274e-5,1.764447225715621,-0.2911187850469954,0.3158152446668558,-0.3162562831274207,-0.30739801547143614,-0.3162562832003556,-0.30739801537263667,0.3241197031308026,-0.3162666547203109,0.0,0.0,0.0,0.0,0.0,0.0,0.0,0.0,2.6714064078843118e-12,2.014370950336794e-9,0.028425603471313326
5,0.05038331567317271,7,8,10,12.948858925031935,0.00023428264174650548,0.6524064468272638,1.1803936295859017e-5,1.36746740947314,0.2574139042019593,-0.23857265536667865,0.2388977306757879,0.24445847448490401,0.2388977307431922,0.2444584742503827,-0.23183726161145513,0.23888033023437524,0.0,0.0,0.0,0.0,0.0,0.0,0.0,0.0,2.6714064078843118e-12,2.014370950336794e-9,0.028425603471313326
5,0.05038331567317271,7,6,11,12.948858924966743,0.00023428263666886578,-0.6524064468239792,-1.1803936040030693e-5,1.367467399011138,0.0,0.0,0.0,0.0,0.0,0.0,0.0,0.0,-0.23183726047898184,0.23888032765094122,-0.2388977282212873,-0.24445847341200333,-0.23889772803229026,-0.24445847305477805,0.2574139030695412,-0.23857265278311732,2.6714064078843118e-12,2.014370950336794e-9,0.028425603471313326
5,0.05038331567317271,7,8,12,12.942616866432093,-0.0021283801818111764,0.6520919512183776,-0.00010723485057271722,1.3114281018405938,-0.21772091080126835,0.23348184473701872,-0.23374005328415737,-0.22982215889126797,-0.23374005335108042,-0.22982215865590744,0.24225041742281367,-0.2336762819666176,0.0,0.0,0.0,0.0,0.0,0.0,0.0,0.0,2.6714064078843118e-12,2.014370950336794e-9,0.028425603471313326
5,0.05038331567317271,7,6,13,12.942616866414209,-0.002128380105973826,-0.6520919512174764,0.00010723484675178007,1.3114280912839136,0.0,0.0,0.0,0.0,0.0,0.0,0.0,0.0,0.24225041628082522,-0.233676279388331,0.23374005083440658,0.22982215780843027,0.23374005064547665,0.22982215745107512,-0.21772090965920735,0.23348184215835738,2.6714064078843118e-12,2.014370950336794e-9,0.028425603471313326
5,0.05038331567317271,7,6,14,2.203668942402934,0.08321221307771176,-0.11102814796425367,-0.004192507199357662,0.02259483497314243,0.0,0.0,0.0,0.0,0.0,0.0,0.0,0.0,5.59730535208817e-5,0.005500013300350103,-0.005646971697773446,-9.198987048737988e-5,-0.00564697169771489,-9.19898705205595e-5,0.00024785846088158214,-0.005793795775352646,2.6714064078843118e-12,2.014370950336794e-9,0.028425603471313326
5,0.05038331567317271,7,8,15,2.203668942399747,0.08321221307615018,0.1110281479640931,0.004192507199278985,0.022594834970799088,0.0002478584607074246,-0.005793795774764852,0.005646971697185962,9.198987036094066e-5,0.005646971697135457,9.198987034731787e-5,5.5973053647107116e-5,0.005500013299771787,0.0,0.0,0.0,0.0,0.0,0.0,0.0,0.0,2.6714064078843118e-12,2.014370950336794e-9,0.028425603471313326
5,0.05038331567317271,7,8,16,6.836662712299516,0.08344022146890064,0.34445373558479564,0.004203995018107063,0.007741405532733738,-0.0005742771653021063,-0.0019020735870223984,0.0018369750328203157,-0.0006081100089715408,0.0018369750326927405,-0.0006081100088451287,0.0006393704927808845,0.001772726031849715,0.0,0.0,0.0,0.0,0.0,0.0,0.0,0.0,2.6714064078843118e-12,2.014370950336794e-9,0.028425603471313326
5,0.05038331567317271,7,6,17,6.836662712333787,0.08344022147997852,-0.34445373558652237,-0.004203995018665204,0.0077414055314311,0.0,0.0,0.0,0.0,0.0,0.0,0.0,0.0,0.0006393704923563454,0.0017727260316852595,-0.0018369750325967875,0.0006081100085201509,-0.0018369750325170104,0.0006081100084320212,-0.000574277164863399,-0.0019020735867859202,2.6714064078843118e-12,2.014370950336794e-9,0.028425603471313326
5,0.05038331567317271,7,8,18,13.059907108710203,0.08486137725035146,0.6580014225204585,0.004275597558464655,0.005115081163121015,-0.0010573813645242405,-0.000778092722716067,0.0007302665660011657,-0.0010494723964958933,0.0007302665660506556,-0.0010494723965658885,0.001040540027363444,0.0006839089543121428,0.0,0.0,0.0,0.0,0.0,0.0,0.0,0.0,2.6714064078843118e-12,2.014370950336794e-9,0.028425603471313326
5,0.05038331567317271,7,6,19,13.059907108716438,0.08486137721605769,-0.6580014225207725,-0.004275597556736821,0.005115081156663941,0.0,0.0,0.0,0.0,0.0,0.0,0.0,0.0,0.0010405400257583273,0.0006839089538875987,-0.0007302665655805011,0.0010494723948541026,-0.0007302665655608853,0.0010494723949085508,-0.0010573813628288724,-0.0007780927222284284,2.6714064078843118e-12,2.014370950336794e-9,0.028425603471313326
5,0.05038331567317271,7,6,20,4.329927927383869,0.04279012917994431,-0.21815612560746792,-0.0021559085861689734,0.00013187333535757224,0.0,0.0,0.0,0.0,0.0,0.0,0.0,0.0,-2.286936696847203e-5,2.2528642557130332e-5,-2.2502977665333364e-5,-2.4086239080432182e-5,-2.250297766404489e-5,-2.4086239080885277e-5,2.5334591741612086e-5,-2.244357000116562e-5,2.6714064078843118e-12,2.014370950336794e-9,0.028425603471313326
5,0.05038331567317271,7,8,21,4.329927927383327,0.0427901291792051,0.2181561256074406,0.0021559085861317293,0.00013187333532696218,2.5334591735521756e-5,-2.2443569996542707e-5,2.250297765938661e-5,2.4086239074912932e-5,2.2502977661213185e-5,2.408623907365606e-5,-2.2869366961823376e-5,2.2528642552939653e-5,0.0,0.0,0.0,0.0,0.0,0.0,0.0,0.0,2.6714064078843118e-12,2.014370950336794e-9,0.028425603471313326
5,0.05038331567317271,7,8,22,8.963778695998712,0.04275797103851149,0.45162489166496356,0.0021542883523777007,7.629581168287842e-5,1.4481758478662345e-5,-1.318044171581015e-5,1.3205111856084982e-5,1.3759122996573799e-5,1.3205111859952956e-5,1.3759122995200742e-5,-1.3054961176727725e-5,1.3210506296436456e-5,0.0,0.0,0.0,0.0,0.0,0.0,0.0,0.0,2.6714064078843118e-12,2.014370950336794e-9,0.028425603471313326
5,0.05038331567317271,7,6,23,8.963778695996796,0.04275797104011992,-0.451624891664867,-0.0021542883524587387,7.629581167409103e-5,0.0,0.0,0.0,0.0,0.0,0.0,0.0,0.0,-1.3054961191447755e-5,1.3210506279173987e-5,-1.3205111840834496e-5,-1.3759123009819775e-5,-1.3205111840526935e-5,-1.3759123009153985e-5,1.4481758491103536e-5,-1.3180441698473467e-5,2.6714064078843118e-12,2.014370950336794e-9,0.028425603471313326
5,0.05038331567317271,7,6,24,4.337359350696241,0.03892545629242451,-0.21853054535411615,-0.0019611935521035113,7.324549504369752e-5,0.0,0.0,0.0,0.0,0.0,0.0,0.0,0.0,1.1948364521348161e-5,-1.4513251448923408e-5,1.4437387538680018e-5,1.125837400656204e-5,1.4437387536804978e-5,1.125837400573143e-5,-1.0588584790377993e-5,1.4345747762040302e-5,2.6714064078843118e-12,2.014370950336794e-9,0.028425603471313326
5,0.05038331567317271,7,8,25,4.3373593507006865,0.03892545629507239,0.2185305453543401,0.00196119355223692,7.32454950073855e-5,-1.0588584771785927e-5,1.434574776517311e-5,-1.4437387541038125e-5,-1.125837398815545e-5,-1.4437387540771197e-5,-1.1258373986521984e-5,1.1948364502309139e-5,-1.4513251452101616e-5,0.0,0.0,0.0,0.0,0.0,0.0,0.0,0.0,2.6714064078843118e-12,2.014370950336794e-9,0.028425603471313326
5,0.05038331567317271,7,6,26,8.970856297255693,0.039034451820246105,-0.4519814846833029,-0.0019666851081887107,4.583911163218978e-5,0.0,0.0,0.0,0.0,0.0,0.0,0.0,0.0,7.879586065430264e-6,-8.736381474020242e-6,8.708423617207155e-6,7.446068744508271e-6,8.708423615051644e-6,7.446068743176162e-6,-7.024735912201542e-6,8.670032732921791e-6,2.6714064078843118e-12,2.014370950336794e-9,0.028425603471313326
5,0.05038331567317271,7,8,27,8.970856297261783,0.039034451833280304,0.45198148468360966,0.0019666851088454168,4.58391115458505e-5,-7.0247358968220044e-6,8.670032717753938e-6,-8.70842359871145e-6,-7.446068727827806e-6,-8.70842360315942e-6,-7.4460687289613415e-6,7.879586049930688e-6,-8.736381458779797e-6,0.0,0.0,0.0,0.0,0.0,0.0,0.0,0.0,2.6714064078843118e-12,2.014370950336794e-9,0.028425603471313326
5,0.05038331567317271,7,6,28,4.341281844817633,0.04287768266071031,-0.2187281736136604,-0.002160319820828692,3.618824307123871e-5,0.0,0.0,0.0,0.0,0.0,0.0,0.0,0.0,-5.089002488610324e-6,7.190754277735774e-6,-7.24262499131831e-6,-5.418954426990421e-6,-7.242624992378268e-6,-5.418954423532507e-6,5.759040721336819e-6,-7.286902075713133e-6,2.6714064078843118e-12,2.014370950336794e-9,0.028425603471313326
5,0.05038331567317271,7,8,29,4.341281844817809,0.04287768266206174,0.21872817361366925,0.002160319820896781,3.6188243052942694e-5,5.7590407137881794e-6,-7.286902075370919e-6,7.242624991718207e-6,5.4189544199522015e-6,7.2426249910117285e-6,5.418954416606264e-6,-5.089002482172551e-6,7.190754277137725e-6,0.0,0.0,0.0,0.0,0.0,0.0,0.0,0.0,2.6714064078843118e-12,2.014370950336794e-9,0.028425603471313326
5,0.05038331567317271,7,6,30,8.974654488527857,0.042648574551310305,-0.4521728501531554,-0.0021487765946295073,1.787887176455015e-5,0.0,0.0,0.0,0.0,0.0,0.0,0.0,0.0,-2.1647689016760964e-6,3.775731208669071e-6,-3.8167535479897866e-6,-2.3246040326198214e-6,-3.81675354595852e-6,-2.3246040326210767e-6,2.4897803377790624e-6,-3.854517700751092e-6,2.6714064078843118e-12,2.014370950336794e-9,0.028425603471313326
5,0.05038331567317271,7,8,31,8.974654488523175,0.04264857455070651,0.45217285015291947,0.002148776594599086,1.787887168649231e-5,2.489780340033926e-6,-3.854517675982045e-6,3.8167535225063675e-6,2.3246040347991952e-6,3.8167535212839e-6,2.3246040377551873e-6,-2.1647689067102317e-6,3.775731183372672e-6,0.0,0.0,0.0,0.0,0.0,0.0,0.0,0.0,2.6714064078843118e-12,2.014370950336794e-9,0.028425603471313326
5,0.05038331567317271,7,8,32,10.981791522182949,-0.0014692005008533626,0.5532990689191154,-7.402319262167842e-5,6.8019072565098e-6,-1.0090534218639955e-6,1.3128150468340025e-6,-1.3201125896266332e-6,-1.071406960686552e-6,-1.3201125898510607e-6,-1.071406960509536e-6,1.1356076060760814e-6,-1.3259088699301101e-6,0.0,0.0,0.0,0.0,0.0,0.0,0.0,0.0,2.6714064078843118e-12,2.014370950336794e-9,0.028425603471313326
5,0.05038331567317271,7,6,33,10.981791522184178,-0.001469200501707249,-0.5532990689191772,7.402319266470005e-5,6.801907250585879e-6,0.0,0.0,0.0,0.0,0.0,0.0,0.0,0.0,1.1356076071149203e-6,-1.3259088670522121e-6,1.320112586908965e-6,1.0714069617370827e-6,1.3201125869990563e-6,1.0714069616217228e-6,-1.009053422984715e-6,1.3128150441410146e-6,2.6714064078843118e-12,2.014370950336794e-9,0.028425603471313326
5,0.05038331567317271,7,8,34,8.97529675199255,0.04296841462499569,0.4522052095160424,0.002164891198026929,5.884491558980962e-6,1.4147287685310877e-6,-5.286915176468028e-7,5.511702774085206e-7,1.3636924169430134e-6,5.511702772128159e-7,1.3636924166913866e-6,-1.313426366697289e-6,5.717393283805928e-7,0.0,0.0,0.0,0.0,0.0,0.0,0.0,0.0,2.6714064078843118e-12,2.014370950336794e-9,0.028425603471313326
5,0.05038331567317271,7,6,35,8.975296751988495,0.04296841461757013,-0.45220520951583804,-0.0021648911976528047,5.884491525059565e-6,0.0,0.0,0.0,0.0,0.0,0.0,0.0,0.0,-1.3134263606768972e-6,5.717393225397426e-7,-5.51170271356064e-7,-1.363692410485077e-6,-5.511702708014396e-7,-1.3636924099081867e-6,1.4147287612655086e-6,-5.286915110268741e-7,2.6714064078843118e-12,2.014370950336794e-9,0.028425603471313326
5,0.05038331567317271,7,6,36,10.990997913020045,0.0025924774455397676,-0.5537629174148714,-0.00013061760951421053,4.907375653677463e-6,0.0,0.0,0.0,0.0,0.0,0.0,0.0,0.0,-8.441630102219774e-7,8.452711175058597e-7,-8.446856407273341e-7,-8.894525113135513e-7,-8.446856406017075e-7,-8.894525115128732e-7,9.359237002625237e-7,-8.428541031183718e-7,2.6714064078843118e-12,2.014370950336794e-9,0.028425603471313326
5,0.05038331567317271,7,8,37,10.99099791302262,0.002592477440060456,0.553762917415001,0.00013061760923814463,4.9073756506249005e-6,9.35923700270645e-7,-8.428541018456907e-7,8.446856394567979e-7,8.89452511478438e-7,8.446856394660876e-7,8.89452511530775e-7,-8.441630103903874e-7,8.452711163730514e-7,0.0,0.0,0.0,0.0,0.0,0.0,0.0,0.0,2.6714064078843118e-12,2.014370950336794e-9,0.028425603471313326
5,0.05038331567317271,7,8,38,10.980460710164945,-0.001406682579593782,0.5532320181971105,-7.087333245962642e-5,1.801985315779473e-6,-3.3921234416841997e-7,2.7813273559372455e-7,-2.7627056176345297e-7,-3.557394321506812e-7,-2.7627056173340967e-7,-3.55739432201173e-7,3.726529501558321e-7,-2.7391008219493736e-7,0.0,0.0,0.0,0.0,0.0,0.0,0.0,0.0,2.6714064078843118e-12,2.014370950336794e-9,0.028425603471313326
5,0.05038331567317271,7,6,39,10.980460710162713,-0.0014066825772105218,-0.5532320181969982,7.087333233954987e-5,1.8019853091771023e-6,0.0,0.0,0.0,0.0,0.0,0.0,0.0,0.0,3.726529447734782e-7,-2.739100866453754e-7,2.762705659938974e-7,3.557394267877212e-7,2.762705658839267e-7,3.557394268765693e-7,-3.39212338868692e-7,2.7813273953249234e-7,2.6714064078843118e-12,2.014370950336794e-9,0.028425603471313326
5,0.05038331567317271,7,8,40,10.989599271281593,0.0024837212594205835,0.5536924492066493,0.00012513811225755734,1.1435398676009633e-6,8.628429492934089e-8,-2.805262775283972e-7,2.7533167812377376e-7,7.677303080764062e-8,2.7533167818186736e-7,7.677303074029323e-8,-6.764715554275579e-8,2.7002932676259523e-7,0.0,0.0,0.0,0.0,0.0,0.0,0.0,0.0,2.6714064078843118e-12,2.014370950336794e-9,0.028425603471313326
5,0.05038331567317271,7,6,41,10.989599271285776,0.0024837212582626694,-0.55369244920686,-0.0001251381121992178,1.1435398511073485e-6,0.0,0.0,0.0,0.0,0.0,0.0,0.0,0.0,-6.764715544726621e-8,2.700293226462831e-7,-2.753316739396278e-7,-7.677303062617259e-8,-2.7533167393609444e-7,-7.677303045547595e-8,8.628429455181584e-8,-2.805262732167558e-7,2.6714064078843118e-12,2.014370950336794e-9,0.028425603471313326
5,0.05038331567317271,7,8,42,6.3562923449700905,0.0027713738263472343,0.3202510837275993,0.00013963100234122124,4.6638035904527963e-7,9.024465793698127e-8,-7.863716649080075e-8,7.888340793281532e-8,8.583162953615717e-8,7.88834077180359e-8,8.583162952554002e-8,-8.152895371859175e-8,7.900940763490883e-8,0.0,0.0,0.0,0.0,0.0,0.0,0.0,0.0,2.6714064078843118e-12,2.014370950336794e-9,0.028425603471313326
5,0.05038331567317271,7,6,43,6.356292344970817,0.002771373825909633,-0.3202510837276359,-0.00013963100231917342,4.6638035321117207e-7,0.0,0.0,0.0,0.0,0.0,0.0,0.0,0.0,-8.152895280103609e-8,7.900940633857357e-8,-7.888340655027156e-8,-8.583162872940987e-8,-7.888340663006912e-8,-8.58316286364904e-8,9.024465716757015e-8,-7.863716531470123e-8,2.6714064078843118e-12,2.014370950336794e-9,0.028425603471313326
5,0.05038331567317271,7,8,44,6.3467054010521515,-0.001349007259814107,0.31976806170584077,-6.796745861661587e-5,3.092029514784548e-7,-4.986669594634518e-8,5.638132162219128e-8,-5.6517272229497234e-8,-5.271728619794586e-8,-5.65172722776852e-8,-5.271728626398804e-8,5.564694899484805e-8,-5.657936333371e-8,0.0,0.0,0.0,0.0,0.0,0.0,0.0,0.0,2.6714064078843118e-12,2.014370950336794e-9,0.028425603471313326
5,0.05038331567317271,7,6,45,6.346705401052398,-0.0013490072602619571,-0.3197680617058532,6.796745863918004e-5,3.0920294324779395e-7,0.0,0.0,0.0,0.0,0.0,0.0,0.0,0.0,5.5646948341540193e-8,-5.6579361052232286e-8,5.651726994419279e-8,5.271728553636107e-8,5.651727009278761e-8,5.2717285684629245e-8,-4.986669535771503e-8,5.6381319431896316e-8,2.6714064078843118e-12,2.014370950336794e-9,0.028425603471313326
5,0.05038331567317271,7,6,46,11.072663021413423,0.08331427493042588,-0.5578774763505387,-0.004197649413901146,2.6613629480494513e-7,0.0,0.0,0.0,0.0,0.0,0.0,0.0,0.0,-3.380146001220801e-8,5.526922275787545e-8,-5.5812280878022316e-8,-3.619701800581189e-8,-5.5812280886350106e-8,-3.6197017990319964e-8,3.867067766602472e-8,-5.630460851106207e-8,2.6714064078843118e-12,2.014370950336794e-9,0.028425603471313326
5,0.05038331567317271,7,8,47,11.072663021485909,0.08331427495865595,0.5578774763541908,0.004197649415323471,2.6613628446711653e-7,3.867067578468359e-8,-5.630460657942741e-8,5.581227897503557e-8,3.6197016220110294e-8,5.5812278957018627e-8,3.6197016187574e-8,-3.3801458302395354e-8,5.5269220858367255e-8,0.0,0.0,0.0,0.0,0.0,0.0,0.0,0.0,2.6714064078843118e-12,2.014370950336794e-9,0.028425603471313326
5,0.05038331567317271,7,8,48,10.978910401803674,-0.0009680538632604041,0.5531539085215539,-4.877376338128331e-5,2.612882850336138e-7,-6.095693291942221e-8,-1.8164669568634408e-8,2.0301284982112662e-8,-6.20752652454217e-8,2.030128500480497e-8,-6.207526526463272e-8,6.316511497226607e-8,2.2524785852541192e-8,0.0,0.0,0.0,0.0,0.0,0.0,0.0,0.0,2.6714064078843118e-12,2.014370950336794e-9,0.028425603471313326
5,0.05038331567317271,7,6,49,10.978910401807354,-0.0009680538638201369,-0.5531539085217394,4.87737634094845e-5,2.612882844363455e-7,0.0,0.0,0.0,0.0,0.0,0.0,0.0,0.0,6.316511481281354e-8,2.2524785814190164e-8,-2.0301284953441738e-8,6.207526510838746e-8,-2.030128494539751e-8,6.20752651165968e-8,-6.095693279256999e-8,-1.816466951855459e-8,2.6714064078843118e-12,2.014370950336794e-9,0.028425603471313326
5,0.05038331567317271,7,8,50,8.962901084541851,0.04277830588550624,0.45158067468989416,0.0021553128893930028,2.547009469723835e-7,-6.141040590081904e-8,2.2406706366993253e-8,-2.3396812878098404e-8,-5.920901061787417e-8,-2.3396812934166215e-8,-5.920901081539147e-8,5.704031302782007e-8,-2.4304003941990418e-8,0.0,0.0,0.0,0.0,0.0,0.0,0.0,0.0,2.6714064078843118e-12,2.014370950336794e-9,0.028425603471313326
5,0.05038331567317271,7,6,51,8.962901084536892,0.0427783058874925,-0.45158067468964425,-0.0021553128894930772,2.547009029958743e-7,0.0,0.0,0.0,0.0,0.0,0.0,0.0,0.0,5.7040313833452035e-8,-2.4303974586194216e-8,2.339678280545104e-8,5.920901076197845e-8,2.3396782812270766e-8,5.920901081718688e-8,-6.141040520425966e-8,2.2406675528860256e-8,2.6714064078843118e-12,2.014370950336794e-9,0.028425603471313326
5,0.05038331567317271,7,8,52,10.988179063456954,0.0031097684844980655,0.553620894427499,0.00015668044722494994,2.5258950263882405e-7,6.376602274873622e-8,1.168914289676634e-8,-9.736694670832546e-9,6.238103294909486e-8,-9.736694652689686e-9,6.238103295003246e-8,-6.098235065039757e-8,-7.871570288693605e-9,0.0,0.0,0.0,0.0,0.0,0.0,0.0,0.0,2.6714064078843118e-12,2.014370950336794e-9,0.028425603471313326
5,0.05038331567317271,7,6,53,10.988179063455389,0.0031097684867501113,-0.5536208944274201,-0.00015668044733841547,2.5258950219078354e-7,0.0,0.0,0.0,0.0,0.0,0.0,0.0,0.0,-6.098235030921189e-8,-7.871571996293478e-9,9.736696381418849e-9,-6.238103258289118e-8,9.73669641735265e-9,-6.238103254682101e-8,6.37660223190139e-8,1.1689144664195492e-8,2.6714064078843118e-12,2.014370950336794e-9,0.028425603471313326
5,0.05038331567317271,7,6,54,11.072574825433946,0.07915127062076802,-0.5578730327446637,-0.003987903453618876,1.9801195772323052e-7,0.0,0.0,0.0,0.0,0.0,0.0,0.0,0.0,3.721531972814907e-8,-3.460903443804402e-8,3.4652920181116e-8,3.533927088400917e-8,3.465292022234904e-8,3.533927093304572e-8,-3.351170152089461e-8,3.464729705309599e-8,2.6714064078843118e-12,2.014370950336794e-9,0.028425603471313326
5,0.05038331567317271,7,8,55,11.072574825434526,0.07915127062062269,0.5578730327446929,0.003987903453611554,1.9801195742677285e-7,-3.3511701142707313e-8,3.464729732287652e-8,-3.46529204766907e-8,-3.53392705536796e-8,-3.465292048100851e-8,-3.533927051245852e-8,3.721531935556018e-8,-3.460903472220444e-8,0.0,0.0,0.0,0.0,0.0,0.0,0.0,0.0,2.6714064078843118e-12,2.014370950336794e-9,0.028425603471313326
5,0.05038331567317271,7,6,56,11.071582811819237,0.08326241554257316,-0.5578230518095617,-0.004195036565992345,1.208219537466619e-7,0.0,0.0,0.0,0.0,0.0,0.0,0.0,0.0,-1.781925038280999e-8,-2.339943360161293e-8,2.4502361584166072e-8,-1.7654651802311083e-8,2.4502361570613323e-8,-1.765465180108101e-8,1.7455732629921484e-8,2.56299820409598e-8,2.6714064078843118e-12,2.014370950336794e-9,0.028425603471313326
5,0.05038331567317271,7,8,57,11.071582811838496,0.08326241554552835,0.557823051810532,0.004195036566141237,1.2082195109047593e-7,1.7455729805401255e-8,2.5629983148062087e-8,-2.4502362728454042e-8,1.7654649085164172e-8,-2.450236271701348e-8,1.765464906729575e-8,-1.7819247754738538e-8,-2.339943478188164e-8,0.0,0.0,0.0,0.0,0.0,0.0,0.0,0.0,2.6714064078843118e-12,2.014370950336794e-9,0.028425603471313326
5,0.05038331567317271,7,8,58,8.959362365126594,0.039335704175654296,0.45140238227251644,0.0019818632007085283,9.62943648039466e-8,-6.6814615419455326e-9,2.246871361406322e-8,-2.288131188847711e-8,-7.46864658313593e-9,-2.2881311908500598e-8,-7.46864643088136e-9,8.287857969751933e-9,-2.328343165635613e-8,0.0,0.0,0.0,0.0,0.0,0.0,0.0,0.0,2.6714064078843118e-12,2.014370950336794e-9,0.028425603471313326
5,0.05038331567317271,7,6,59,8.959362365134297,0.03933570418248597,-0.4514023822729045,-0.001981863201052731,9.629435073214807e-8,0.0,0.0,0.0,0.0,0.0,0.0,0.0,0.0,8.28785809255695e-9,-2.3283427892362463e-8,2.2881308117056767e-8,7.468646740339323e-9,2.2881308179302036e-8,7.468646573170574e-9,-6.681461721628943e-9,2.2468709878402476e-8,2.6714064078843118e-12,2.014370950336794e-9,0.028425603471313326
5,0.05038331567317271,7,8,60,11.070949115341637,0.08265498495206733,0.5577911240798898,0.004164432198801349,5.926474893925768e-8,5.215993812540518e-9,-1.4288351640338889e-8,1.404493242533512e-8,4.709830777754095e-9,1.4044932428608031e-8,4.709830788671909e-9,-4.2233260340044666e-9,1.3794905689256294e-8,0.0,0.0,0.0,0.0,0.0,0.0,0.0,0.0,2.6714064078843118e-12,2.014370950336794e-9,0.028425603471313326
5,0.05038331567317271,7,6,61,11.070949115333974,0.08265498493048531,-0.5577911240795038,-0.0041644321977139746,5.9264734354409077e-8,0.0,0.0,0.0,0.0,0.0,0.0,0.0,0.0,-4.223322598749979e-9,1.3794903026377854e-8,-1.4044929787453846e-8,-4.709827186696911e-9,-1.40449297862626e-8,-4.70982719299742e-9,5.215990057630936e-9,-1.4288349027746381e-8,2.6714064078843118e-12,2.014370950336794e-9,0.028425603471313326
5,0.05038331567317271,7,6,62,6.437594086655388,0.0831540195354529,-0.32434733504370833,-0.004189575215747894,7.1337234947091385e-9,0.0,0.0,0.0,0.0,0.0,0.0,0.0,0.0,-1.0147932230001515e-9,1.4092141113487315e-9,-1.4189047881390268e-9,-1.0799178353079745e-9,-1.4189047861905932e-9,-1.079917846991078e-9,1.147027866877134e-9,-1.4270821879442054e-9,2.6714064078843118e-12,2.014370950336794e-9,0.028425603471313326
5,0.05038331567317271,7,8,63,6.4375940866632355,0.08315401953877938,0.32434733504410374,0.004189575215915493,7.133722481043459e-9,1.147027629218322e-9,-1.4270820426177886e-9,1.4189046348314872e-9,1.0799176168355048e-9,1.4189046470847622e-9,1.0799176130351548e-9,-1.0147930078770847e-9,1.4092139645793957e-9,0.0,0.0,0.0,0.0,0.0,0.0,0.0,0.0,2.6714064078843118e-12,2.014370950336794e-9,0.028425603471313326
5,0.05038331567317271,7,8,64,8.575776807172712,0.043003527582506786,0.43207607001845594,0.002166660305249429,3.023390727294437e-11,-5.673656429299783e-12,-5.293644991990559e-12,5.0074412769441154e-12,-5.66004634099152e-12,5.007441180491195e-12,-5.660046272942059e-12,5.639420220692616e-12,4.729156619415688e-12,0.0,0.0,0.0,0.0,0.0,0.0,0.0,0.0,2.6714064078843118e-12,2.014370950336794e-9,0.028425603471313326
5,0.05038331567317271,7,6,65,8.575776807172794,0.04300352758159228,-0.43207607001846005,-0.0021666603052033534,3.023390465956127e-11,0.0,0.0,0.0,0.0,0.0,0.0,0.0,0.0,5.6394195615028305e-12,4.7291564282900135e-12,-5.007440968623326e-12,5.660045733942652e-12,-5.007441019190851e-12,5.660045551403316e-12,-5.673655761705601e-12,-5.293644711847193e-12,2.6714064078843118e-12,2.014370950336794e-9,0.028425603471313326
5,0.05038331567317271,7,6,66,13.058667002901572,0.0873324006410434,-0.657938941878034,-0.004400095909993681,5.5256578295306484e-18,0.0,0.0,0.0,0.0,0.0,0.0,0.0,0.0,7.624956365323305e-19,-1.1073954533892392e-18,1.1164244590460766e-18,8.132115713524448e-19,1.1163671151047135e-18,8.131665304601907e-19,-8.654912424872185e-19,1.1242563915301777e-18,2.6714064078843118e-12,2.014370950336794e-9,0.028425603471313326
5,0.05038331567317271,7,8,67,13.05866700279799,0.08733240064669867,0.6579389418728152,0.004400095910278612,1.9263209254395798e-18,-2.5153628761292806e-19,4.2582823709041263e-19,-4.2133436972118423e-19,-2.329532618198889e-19,-4.2100752296700354e-19,-2.337420338146569e-19,2.1577194747558551e-19,-4.1615005614819196e-19,0.0,0.0,0.0,0.0,0.0,0.0,0.0,0.0,2.6714064078843118e-12,2.014370950336794e-9,0.028425603471313326
5,0.05038331567317271,7,8,68,6.834600993926444,0.0872383102402471,0.344349859377176,0.004395355323628545,4.605975509259554e-19,1.1244054992552365e-19,-3.7917785900467304e-20,3.991591755048033e-20,1.0781305632163698e-19,3.9793222675417356e-20,1.0819542544261927e-19,-1.0364866364398659e-19,4.1611507636771483e-20,0.0,0.0,0.0,0.0,0.0,0.0,0.0,0.0,2.6714064078843118e-12,2.014370950336794e-9,0.028425603471313326
5,0.05038331567317271,7,6,69,6.834600993887598,0.08723831021452019,-0.3443498593752188,-0.004395355322332338,3.2579612970614884e-20,0.0,0.0,0.0,0.0,0.0,0.0,0.0,0.0,-1.2631175297094454e-22,-8.063638975568842e-21,8.286167933394696e-21,1.328592723514243e-22,8.000251566877151e-21,2.251198145856339e-22,-4.917456742454006e-22,8.209619215372994e-21,2.6714064078843118e-12,2.014370950336794e-9,0.028425603471313326
5,0.05038331567317271,7,8,70,2.2014196367510444,0.08735482625233681,0.11091482048754907,0.00440122578664664,1.875912811644862e-20,-1.7326012340426567e-21,4.5068501542357974e-21,-4.4147150440894845e-21,-1.563625858385783e-21,-4.4251816909075246e-21,-1.5660107076594402e-21,1.4042030109886256e-21,-4.331225700506725e-21,0.0,0.0,0.0,0.0,0.0,0.0,0.0,0.0,2.6714064078843118e-12,2.014370950336794e-9,0.028425603471313326
5,0.05038331567317271,7,6,71,2.2014196367474,0.08735482625083446,-0.11091482048736546,-0.004401225786570947,1.634963851104652e-20,0.0,0.0,0.0,0.0,0.0,0.0,0.0,0.0,3.1194204944043195e-21,-2.449133627980019e-21,2.433768559393219e-21,3.274689805023791e-21,2.4415112164522766e-21,3.2849954481733635e-21,-3.444759727856574e-21,2.421422072665851e-21,2.6714064078843118e-12,2.014370950336794e-9,0.028425603471313326
5,0.05038331567317271,7,8,72,11.071569969379853,0.08336707550929368,0.5578224047648842,0.004200309682133968,1.629815654108632e-20,5.1850192819203515e-22,-4.151244194197657e-21,4.0543251296894916e-21,3.9729498821531016e-22,4.054331776070365e-21,3.9877478276666757e-22,-2.8325798824989863e-22,3.956890278158888e-21,0.0,0.0,0.0,0.0,0.0,0.0,0.0,0.0,2.6714064078843118e-12,2.014370950336794e-9,0.028425603471313326
5,0.05038331567317271,7,6,73,11.071569969378409,0.08336707550825624,-0.5578224047648115,-0.0042003096820816994,1.624943492817451e-20,0.0,0.0,0.0,0.0,0.0,0.0,0.0,0.0,-3.866550881506444e-22,3.9369375992058956e-21,-4.031048541217431e-21,-5.039488077362619e-22,-4.02962789732462e-21,-5.0280517374653905e-22,6.25705124068398e-22,-4.12304468897434e-21,2.6714064078843118e-12,2.014370950336794e-9,0.028425603471313326
5,0.05038331567317271,7,6,74,10.989534637556833,0.0024306960598567268,-0.5536891927452916,-0.00012246652688929858,9.819329927227971e-21,0.0,0.0,0.0,0.0,0.0,0.0,0.0,0.0,6.666884740474296e-22,2.301369619144996e-21,-2.373496718636341e-21,6.2492988997902095e-22,-2.3752067816552453e-21,6.190877404307387e-22,-5.743291180751121e-22,-2.447915200275498e-21,2.6714064078843118e-12,2.014370950336794e-9,0.028425603471313326
5,0.05038331567317271,7,8,75,10.989534637558068,0.0024306960600413846,0.5536891927453538,0.00012246652689860225,9.787027102329158e-21,-6.069727858269632e-22,-2.429167859642838e-21,2.3507389313453376e-21,-6.560408421071702e-22,2.3629917541589983e-21,-6.557629013337293e-22,7.018193918584294e-22,2.2849613765167074e-21,0.0,0.0,0.0,0.0,0.0,0.0,0.0,0.0,2.6714064078843118e-12,2.014370950336794e-9,0.028425603471313326
5,0.05038331567317271,7,6,76,10.980229813847462,-0.0013540517546786687,-0.5532203848750591,6.822161699378878e-5,1.1454760603878443e-21,0.0,0.0,0.0,0.0,0.0,0.0,0.0,0.0,-7.085083944611086e-23,2.8438207231986766e-22,-2.7930975404999894e-22,-6.355981729399235e-23,-2.7929981394034034e-22,-6.251275238947529e-23,5.551332589150752e-23,-2.7417701939250853e-22,2.6714064078843118e-12,2.014370950336794e-9,0.028425603471313326
5,0.05038331567317271,7,8,77,10.980229813846481,-0.0013540517546981254,0.5532203848750097,-6.822161699476907e-5,1.1241191609523956e-21,6.595722047408752e-23,-2.664603566891777e-22,2.7127505441832486e-22,7.428748415005083e-23,2.7111661180447924e-22,7.279833027053141e-23,-8.141249262994748e-23,2.7587184620613293e-22,0.0,0.0,0.0,0.0,0.0,0.0,0.0,0.0,2.6714064078843118e-12,2.014370950336794e-9,0.028425603471313326
5,0.05038331567317271,7,8,78,8.96645801462453,0.04622266724231198,0.45175988462107713,0.002328851234925424,9.05998881757574e-22,-5.029575677826996e-23,2.2710025021187973e-22,-2.223649562603728e-22,-4.3215651939684855e-23,-2.2232731832935963e-22,-4.271186083665959e-23,3.59532442173888e-23,-2.1752630868807416e-22,0.0,0.0,0.0,0.0,0.0,0.0,0.0,0.0,2.6714064078843118e-12,2.014370950336794e-9,0.028425603471313326
5,0.05038331567317271,7,6,79,8.966458014622836,0.04622266723872031,-0.45175988462099176,-0.0023288512347444637,8.392583891123105e-22,0.0,0.0,0.0,0.0,0.0,0.0,0.0,0.0,-1.9835705388435391e-22,-4.9858320866101285e-23,5.676872414573764e-23,-2.021360460109398e-22,5.586500192445335e-23,-2.0202362079732277e-22,2.057287431674319e-22,6.3036145507773e-23,2.6714064078843118e-12,2.014370950336794e-9,0.028425603471313326
6,0.029088820866572156,8,7,0,0.34894767151462935,0.05098497567118995,-0.010150476308496517,-0.001483092824185784,24.830965098054023,0.0,0.0,0.0,0.0,0.0,0.0,0.0,0.0,-4.661550995162315,3.8480710687263353,-3.8231652505989198,-4.889374418081266,-3.8231652505878575,-4.889374418064379,5.122545478127321,-3.7914105649294765,5.082441891742965e-12,9.501532567894992e-9,0.021165134755901576
6,0.029088820866572156,8,9,1,0.3489476715145403,0.0509849756721632,0.010150476308493927,0.0014830928242140946,24.830965098022595,5.122545478099601,-3.7914105649520136,3.8231652506257525,4.889374418055029,3.8231652506075675,4.8893744180343015,-4.661550995133676,3.848071068750241,0.0,0.0,0.0,0.0,0.0,0.0,0.0,0.0,5.082441891742965e-12,9.501532567894992e-9,0.021165134755901576
6,0.029088820866572156,8,9,2,0.25983073673980694,-0.03768847335008292,0.007558169756653713,-0.0010963132500151408,18.556079118101515,-2.531418875637087,3.741182417202746,-3.77132878757061,-2.700010637996775,-3.771328787552858,-2.700010637980271,2.873879612046446,-3.7976914489795814,0.0,0.0,0.0,0.0,0.0,0.0,0.0,0.0,5.082441891742965e-12,9.501532567894992e-9,0.021165134755901576
6,0.029088820866572156,8,7,3,0.2598307367393571,-0.03768847335108856,-0.007558169756640627,0.0010963132500443936,18.556079118078795,0.0,0.0,0.0,0.0,0.0,0.0,0.0,0.0,2.873879612084222,-3.797691448945974,3.771328787532858,2.7000106380321696,3.7713287875221875,2.7000106380208546,-2.531418875675352,3.7411824171680266,5.082441891742965e-12,9.501532567894992e-9,0.021165134755901576
6,0.029088820866572156,8,7,4,11.697662101199501,0.003684673198556393,-0.34027119741948236,-0.00010718279862466638,1.856023333879848,0.0,0.0,0.0,0.0,0.0,0.0,0.0,0.0,-0.316318776874444,0.3226128895047199,-0.32254896002337885,-0.3334490751399498,-0.3225489600062683,-0.33344907519083694,0.35103061499704546,-0.3220178859525001,5.082441891742965e-12,9.501532567894992e-9,0.021165134755901576
6,0.029088820866572156,8,9,5,11.697662101249936,0.0036846732079127698,0.3402711974209494,0.00010718279889683235,1.8560233230577046,0.35103061373110755,-0.3220178833695435,0.32254895742452705,0.33344907393459816,0.32254895744099316,0.33344907386086536,-0.31631877560866883,0.3226128869217786,0.0,0.0,0.0,0.0,0.0,0.0,0.0,0.0,5.082441891742965e-12,9.501532567894992e-9,0.021165134755901576
6,0.029088820866572156,8,7,6,11.689942143508063,-0.003793862796744034,-0.34004663295309856,0.00011035899528683966,1.7933739599755705,0.0,0.0,0.0,0.0,0.0,0.0,0.0,0.0,0.3284561266216583,-0.32245009498776184,0.3223879636364894,0.3114604102449606,0.3223879636191589,0.31146041029585253,-0.2949157316138923,0.3218894719690383,5.082441891742965e-12,9.501532567894992e-9,0.021165134755901576
6,0.029088820866572156,8,9,7,11.689942143459742,-0.0037938628087546555,0.34004663295169296,-0.00011035899563621447,1.79337394901082,-0.2949157303468588,0.32188946938117663,-0.3223879610323659,-0.3114604090390257,-0.32238796104916007,-0.3114604089647313,0.32845612535526947,-0.32245009239970296,0.0,0.0,0.0,0.0,0.0,0.0,0.0,0.0,5.082441891742965e-12,9.501532567894992e-9,0.021165134755901576
6,0.029088820866572156,8,7,8,3.8682281730572416,0.0036303912720232756,-0.11252219639708978,-0.00010560380138745208,1.7377578537721057,0.0,0.0,0.0,0.0,0.0,0.0,0.0,0.0,-0.30564724599023413,0.2924553688436754,-0.2918839406707127,-0.3216759338455216,-0.29188394067962387,-0.32167593383124704,0.3381129437606648,-0.29086188037408023,5.082441891742965e-12,9.501532567894992e-9,0.021165134755901576
6,0.029088820866572156,8,9,9,3.8682281730555337,0.003630391265048327,0.1125221963970401,0.00010560380118455907,1.7377578536020089,0.33811294373078166,-0.2908618803437583,0.2918839406518083,0.3216759338244047,0.2918839406377682,0.3216759337926316,-0.3056472459604293,0.29245536881320155,0.0,0.0,0.0,0.0,0.0,0.0,0.0,0.0,5.082441891742965e-12,9.501532567894992e-9,0.021165134755901576
6,0.029088820866572156,8,7,10,3.8612393707026555,-0.0032972667943507727,-0.11231890037732535,9.591360313016624e-5,1.5772397200103905,0.0,0.0,0.0,0.0,0.0,0.0,0.0,0.0,0.2801517216586122,-0.2922058895781143,0.291698667246158,0.2652128073149586,0.29169866725448595,0.2652128073004184,-0.2506820109820513,0.29081986130993626,5.082441891742965e-12,9.501532567894992e-9,0.021165134755901576
6,0.029088820866572156,8,9,11,3.861239370700744,-0.003297266795683436,0.11231890037726974,-9.591360316893184e-5,1.5772397198423125,-0.25068201095277987,0.2908198612796136,-0.2916986672272942,-0.2652128072944923,-0.29169866721287874,-0.2652128072624457,0.2801517216294946,-0.2922058895479245,0.0,0.0,0.0,0.0,0.0,0.0,0.0,0.0,5.082441891742965e-12,9.501532567894992e-9,0.021165134755901576
6,0.029088820866572156,8,7,12,0.9595946701028755,0.046030344079088556,-0.02791347746313995,-0.0013389684333432873,0.5451260648564198,0.0,0.0,0.0,0.0,0.0,0.0,0.0,0.0,-0.10563239207952278,0.08032021848264526,-0.07957395664220412,-0.11060805475362259,-0.07957395664187251,-0.11060805475337608,0.11569501251635887,-0.07867276561821787,5.082441891742965e-12,9.501532567894992e-9,0.021165134755901576
6,0.029088820866572156,8,9,13,0.959594670101906,0.04603034408011465,0.02791347746311175,0.0013389684333731352,0.5451260648537358,0.11569501251628547,-0.07867276561706238,0.0795739566410724,0.11060805475378496,0.07957395664070332,0.11060805475321683,-0.10563239207959665,0.08032021848150342,0.0,0.0,0.0,0.0,0.0,0.0,0.0,0.0,5.082441891742965e-12,9.501532567894992e-9,0.021165134755901576
6,0.029088820866572156,8,7,14,0.8985607700825469,-0.015368291863852475,-0.026138073278660336,0.00044704548905280295,0.3243454214833343,0.0,0.0,0.0,0.0,0.0,0.0,0.0,0.0,0.03765440108673063,-0.07424215369652559,0.07324929291097698,0.03474534038477568,0.07324929291052043,0.03474534038502578,-0.031938794592480765,0.07220771688799887,5.082441891742965e-12,9.501532567894992e-9,0.021165134755901576
6,0.029088820866572156,8,9,15,0.8985607700829883,-0.015368291862760244,0.026138073278673176,-0.00044704548902103127,0.32434542148111867,-0.03193879459301563,0.07220771688713361,-0.07324929291018374,-0.03474534038531188,-0.07324929290957402,-0.03474534038557037,0.03765440108727784,-0.07424215369565143,0.0,0.0,0.0,0.0,0.0,0.0,0.0,0.0,5.082441891742965e-12,9.501532567894992e-9,0.021165134755901576
6,0.029088820866572156,8,7,16,4.500567117972565,0.08289634258039726,-0.13091619069268887,-0.0024113568598151734,0.0027057286974575163,0.0,0.0,0.0,0.0,0.0,0.0,0.0,0.0,-0.0004940222869999537,0.0004356317262014101,-0.00043372791576302413,-0.0005189225005091874,-0.0004337279157546127,-0.0005189225005134616,0.0005444294242634208,-0.0004310971891184504,5.082441891742965e-12,9.501532567894992e-9,0.021165134755901576
6,0.029088820866572156,8,9,17,4.500567117972289,0.08289634261207278,0.13091619069268082,0.0024113568607365774,0.0027057286971089154,0.0005444294241609693,-0.00043109718910529406,0.00043372791574608347,0.0005189225004082757,0.0004337279157404617,0.0005189225004131998,-0.0004940222869012778,0.00043563172618355824,0.0,0.0,0.0,0.0,0.0,0.0,0.0,0.0,5.082441891742965e-12,9.501532567894992e-9,0.021165134755901576
6,0.029088820866572156,8,9,18,4.533061527052453,0.013578546389049387,0.13186141473757884,0.0003949839035394978,0.0024755003376248945,0.0004699209545584341,-0.0004276047164821258,0.0004284076112814752,0.000446474346480499,0.0004284076112860005,0.00044647434637428335,-0.0004236270711112069,0.00042858502246923843,0.0,0.0,0.0,0.0,0.0,0.0,0.0,0.0,5.082441891742965e-12,9.501532567894992e-9,0.021165134755901576
6,0.029088820866572156,8,7,19,4.533061527056006,0.013578546388715432,-0.13186141473768218,-0.00039498390352978344,0.0024755003354872394,0.0,0.0,0.0,0.0,0.0,0.0,0.0,0.0,-0.000423627070733441,0.0004285850220863571,-0.0004284076108794983,-0.00044647434609694503,-0.0004284076109223311,-0.0004464743460108269,0.0004699209541899537,-0.0004276047160985746,5.082441891742965e-12,9.501532567894992e-9,0.021165134755901576
6,0.029088820866572156,8,9,20,4.5280632530337375,0.008575540521923289,0.1317160208400064,0.00024945236207625726,0.0021505088730258332,-0.00031294414839365625,0.0004196668186256106,-0.0004222609915461805,-0.00033262230151771203,-0.00042226099151988213,-0.0003326223014346206,0.0003528912936849049,-0.00042438907963272175,0.0,0.0,0.0,0.0,0.0,0.0,0.0,0.0,5.082441891742965e-12,9.501532567894992e-9,0.021165134755901576
6,0.029088820866572156,8,7,21,4.528063253029782,0.00857554051943965,-0.13171602083989134,-0.00024945236200401113,0.002150508870372834,0.0,0.0,0.0,0.0,0.0,0.0,0.0,0.0,0.0003528912932640025,-0.00042438907911928166,0.00042226099101623987,0.0003326223010984214,0.00042226099101974585,0.0003326223010175562,-0.00031294414797885644,0.00041966681810864313,5.082441891742965e-12,9.501532567894992e-9,0.021165134755901576
6,0.029088820866572156,8,9,22,4.355880468026748,-0.06059425127281224,0.12670742665063056,-0.001762615320818897,0.0016307218885370273,-0.00022437757053577086,0.0003274742058022032,-0.0003300369954108581,-0.00023920874492030004,-0.000330036995409144,-0.00023920874491982234,0.00025450173644702464,-0.00033226456950282514,0.0,0.0,0.0,0.0,0.0,0.0,0.0,0.0,5.082441891742965e-12,9.501532567894992e-9,0.021165134755901576
6,0.029088820866572156,8,7,23,4.355880468029004,-0.06059425127894623,-0.12670742665069618,0.0017626153209973276,0.0016307218884518055,0.0,0.0,0.0,0.0,0.0,0.0,0.0,0.0,0.0002545017364605671,-0.00033226456946448195,0.0003300369953735932,0.0002392087449350357,0.00033003699537344797,0.00023920874493317022,-0.00022437757055024135,0.0003274742057675324,5.082441891742965e-12,9.501532567894992e-9,0.021165134755901576
6,0.029088820866572156,8,7,24,4.42161180799589,0.011573393910575325,-0.12861947382431269,-0.0003366563822830026,0.0010619607143661303,0.0,0.0,0.0,0.0,0.0,0.0,0.0,0.0,0.00013479509949876917,-0.00023689309722906097,0.00023410252928432432,0.00012512549851797489,0.00023410252927935965,0.00012512549848571223,-0.00011578351826250415,0.00023113655630239098,5.082441891742965e-12,9.501532567894992e-9,0.021165134755901576
6,0.029088820866572156,8,9,25,4.421611807993685,0.011573393906659027,0.12861947382424854,0.00033665638216908214,0.0010619607136080284,-0.00011578351823022823,0.0002311365561090224,-0.0002341025290850557,-0.00012512549847927526,-0.00023410252908857593,-0.0001251254984500322,0.0001347950994565921,-0.0002368930970325027,0.0,0.0,0.0,0.0,0.0,0.0,0.0,0.0,5.082441891742965e-12,9.501532567894992e-9,0.021165134755901576
6,0.029088820866572156,8,9,26,4.426334083837041,0.017442629183772138,0.12875683926033846,0.0005073855157687915,0.001024355503128683,0.00021969983336353675,-0.00014440204000226112,0.00014624542852582947,0.00021016862629912345,0.00014624542853465514,0.00021016862628668684,-0.00020084195675701346,0.0001477944378052811,0.0,0.0,0.0,0.0,0.0,0.0,0.0,0.0,5.082441891742965e-12,9.501532567894992e-9,0.021165134755901576
6,0.029088820866572156,8,7,27,4.426334083835054,0.01744262919910107,-0.12875683926028067,-0.0005073855162146919,0.001024355502526221,0.0,0.0,0.0,0.0,0.0,0.0,0.0,0.0,-0.0002008419563723097,0.000147794438080819,-0.0001462454288223953,-0.00021016862591291758,-0.00014624542882096044,-0.00021016862590038737,0.00021969983297610618,-0.0001444020403099773,5.082441891742965e-12,9.501532567894992e-9,0.021165134755901576
6,0.029088820866572156,8,9,28,12.363886508842723,0.01397020488775337,0.35965087987035416,0.00040637678744916855,0.0008473345415231936,0.00015347734255213247,-0.00015407577892964606,0.00015395670820368858,0.00014544802407753148,0.0001539567081463526,0.00014544802424347773,-0.0001376341025156109,0.00015363385940983106,0.0,0.0,0.0,0.0,0.0,0.0,0.0,0.0,5.082441891742965e-12,9.501532567894992e-9,0.021165134755901576
6,0.029088820866572156,8,7,29,12.363886508855803,0.01397020489533432,-0.35965087987073463,-0.00040637678766968947,0.0008473345341310804,0.0,0.0,0.0,0.0,0.0,0.0,0.0,0.0,-0.00013763410151980298,0.0001536338578144651,-0.00015395670657300766,-0.0001454480231013726,-0.00015395670657884054,-0.00014544802322171088,0.00015347734155189872,-0.00015407577732529988,5.082441891742965e-12,9.501532567894992e-9,0.021165134755901576
6,0.029088820866572156,8,9,30,12.331878859968695,0.08252709003948615,0.3587198151058974,0.002400615738798084,0.000809063984411323,0.00016102238878085831,-0.00013111333731163566,0.00013179593411645962,0.00015338532253974117,0.0001317959341117726,0.0001533853225277524,-0.00014593262018625702,0.0001322636624102828,0.0,0.0,0.0,0.0,0.0,0.0,0.0,0.0,5.082441891742965e-12,9.501532567894992e-9,0.021165134755901576
6,0.029088820866572156,8,7,31,12.331878860002757,0.08252709006049587,-0.3587198151068882,-0.002400615739409232,0.0008090639827223968,0.0,0.0,0.0,0.0,0.0,0.0,0.0,0.0,-0.00014593261977163976,0.00013226366225410968,-0.0001317959339695761,-0.00015338532210772398,-0.00013179593396218516,-0.00015338532210129146,0.0001610223883368637,-0.00013111333717195033,5.082441891742965e-12,9.501532567894992e-9,0.021165134755901576
6,0.029088820866572156,8,9,32,12.357841965649682,0.007993410556064035,0.3594750512361915,0.00023251888777831362,0.0008006455431735855,-0.00012350430393259784,0.0001507768552845772,-0.00015140808230689647,-0.00013086696069908787,-0.00015140808219370693,-0.00013086696091101283,0.00013844146063997993,-0.0001518559471803657,0.0,0.0,0.0,0.0,0.0,0.0,0.0,0.0,5.082441891742965e-12,9.501532567894992e-9,0.021165134755901576
6,0.029088820866572156,8,7,33,12.357841965635064,0.007993410541525955,-0.35947505123576634,-0.00023251888735541804,0.0008006455388027067,0.0,0.0,0.0,0.0,0.0,0.0,0.0,0.0,0.00013844146006215108,-0.0001518559462456858,0.00015140808134947624,0.00013086696013786252,0.0001514080812681692,0.00013086696030761342,-0.0001235043033476837,0.00015077685433567288,5.082441891742965e-12,9.501532567894992e-9,0.021165134755901576
6,0.029088820866572156,8,9,34,12.186071358696685,-0.060355790105919904,0.3544784468203934,-0.001755678766651532,0.0004736370526628692,-6.607463978509778e-5,9.448718949351152e-5,-9.51903858746687e-5,-7.038920826709584e-5,-9.519038587119363e-5,-7.038920827576983e-5,7.483697425106238e-5,-9.579494412229855e-5,0.0,0.0,0.0,0.0,0.0,0.0,0.0,0.0,5.082441891742965e-12,9.501532567894992e-9,0.021165134755901576
6,0.029088820866572156,8,7,35,12.186071358619994,-0.06035579010298162,-0.3544784468181626,0.001755678766566061,0.0004736370487700153,0.0,0.0,0.0,0.0,0.0,0.0,0.0,0.0,7.483697367247349e-5,-9.57949433079838e-5,9.519038506285037e-5,7.038920772835846e-5,9.5190385066623e-5,7.038920772721765e-5,-6.607463927536378e-5,9.448718869215471e-5,5.082441891742965e-12,9.501532567894992e-9,0.021165134755901576
6,0.029088820866572156,8,7,36,12.251137370815018,0.011132000523301919,-0.3563711403914058,-0.000323816769108917,0.00037643432997797163,0.0,0.0,0.0,0.0,0.0,0.0,0.0,0.0,4.82393945274117e-5,-8.370922867432216e-5,8.273880961517603e-5,4.480644343061393e-5,8.27388096269587e-5,4.4806443444658385e-5,-4.14892827141841e-5,8.170558049339683e-5,5.082441891742965e-12,9.501532567894992e-9,0.021165134755901576
6,0.029088820866572156,8,9,37,12.251137370699247,0.011132000478546622,0.3563711403880382,0.0003238167678070382,0.0003764343243082706,-4.1489282926588416e-5,8.170557882472119e-5,-8.273880791952679e-5,-4.480644359127258e-5,-8.273880793562763e-5,-4.480644358563664e-5,4.823939461444493e-5,-8.370922695829196e-5,0.0,0.0,0.0,0.0,0.0,0.0,0.0,0.0,5.082441891742965e-12,9.501532567894992e-9,0.021165134755901576
6,0.029088820866572156,8,7,38,12.256279387341069,0.017870344244974926,-0.3565207155890251,-0.0005198272425660542,0.0002497303217593621,0.0,0.0,0.0,0.0,0.0,0.0,0.0,0.0,-4.9097495416032025e-5,3.584878717038493e-5,-3.546269369743932e-5,-5.136984806319417e-5,-3.5462693705481615e-5,-5.1369848073006687e-5,5.369179812458948e-5,-3.500464772657906e-5,5.082441891742965e-12,9.501532567894992e-9,0.021165134755901576
6,0.029088820866572156,8,9,39,12.256279387411645,0.01787034428619587,0.35652071559107806,0.0005198272437651229,0.00024973032096869643,5.369179778857759e-5,-3.500464786060183e-5,3.546269379931488e-5,5.136984775303882e-5,3.546269380993917e-5,5.136984776059008e-5,-4.9097495129583805e-5,3.584878724513896e-5,0.0,0.0,0.0,0.0,0.0,0.0,0.0,0.0,5.082441891742965e-12,9.501532567894992e-9,0.021165134755901576
6,0.029088820866572156,8,9,40,8.070721733328472,0.049930934065784194,0.23476777876474267,0.0014524319967402217,4.745887028552932e-5,1.0016285238432873e-5,-6.9311533915068635e-6,7.0059988892290394e-6,9.572788066406582e-6,7.005998890178128e-6,9.572788066860883e-6,-9.13908990714684e-6,7.0674356252933455e-6,0.0,0.0,0.0,0.0,0.0,0.0,0.0,0.0,5.082441891742965e-12,9.501532567894992e-9,0.021165134755901576
6,0.029088820866572156,8,7,41,8.07072173332951,0.04993093406563889,-0.23476777876477284,-0.001452431996735995,4.7458870275657276e-5,0.0,0.0,0.0,0.0,0.0,0.0,0.0,0.0,-9.139089913670405e-6,7.0674356129339795e-6,-7.005998877068602e-6,-9.57278807238486e-6,-7.005998876745174e-6,-9.572788073497963e-6,1.00162852445075e-5,-6.931153378270332e-6,5.082441891742965e-12,9.501532567894992e-9,0.021165134755901576
6,0.029088820866572156,8,9,42,7.983890243222784,-0.036318157996343144,0.23224195310348075,-0.001056452392159491,3.30562468452429e-5,-4.212949198975174e-6,6.855964777412173e-6,-6.922786200516245e-6,-4.51063885318598e-6,-6.922786200246332e-6,-4.510638853016963e-6,4.818015982733948e-6,-6.983285947723489e-6,0.0,0.0,0.0,0.0,0.0,0.0,0.0,0.0,5.082441891742965e-12,9.501532567894992e-9,0.021165134755901576
6,0.029088820866572156,8,7,43,7.983890243223254,-0.03631815799577645,-0.23224195310349444,0.0010564523921430065,3.3056246803282784e-5,0.0,0.0,0.0,0.0,0.0,0.0,0.0,0.0,4.818015968347826e-6,-6.9832859446399295e-6,6.922786197015323e-6,4.51063883913657e-6,6.922786196931507e-6,4.510638839099349e-6,-4.212949185394403e-6,6.855964773698387e-6,5.082441891742965e-12,9.501532567894992e-9,0.021165134755901576
6,0.029088820866572156,8,7,44,8.077478223477858,0.044556986490269596,-0.2349643170963849,-0.0012961101983697278,2.816159865283044e-5,0.0,0.0,0.0,0.0,0.0,0.0,0.0,0.0,4.9584355880347145e-6,-5.258854063753677e-6,5.247574181074139e-6,4.6917862016427565e-6,5.247574180791632e-6,4.691786202104567e-6,-4.432478818011144e-6,5.229720658022441e-6,5.082441891742965e-12,9.501532567894992e-9,0.021165134755901576
6,0.029088820866572156,8,9,45,8.07747822348175,0.04455698649354854,0.2349643170964981,0.0012961101984651086,2.816159864028583e-5,-4.432478813898251e-6,5.229720657518815e-6,-5.2475741800416184e-6,-4.691786197704075e-6,-5.247574180665134e-6,-4.691786197931179e-6,4.9584355840349835e-6,-5.25885406308525e-6,0.0,0.0,0.0,0.0,0.0,0.0,0.0,0.0,5.082441891742965e-12,9.501532567894992e-9,0.021165134755901576
6,0.029088820866572156,8,9,46,8.00036996501639,-0.030747582089960042,0.2327213287786659,-0.00089441090749507,2.4036063699449468e-5,4.609952950125143e-6,-4.0993694328305075e-6,4.109770198375813e-6,4.382400411232138e-6,4.109770197744953e-6,4.382400410291208e-6,-4.1605972520991895e-6,4.114031578162406e-6,0.0,0.0,0.0,0.0,0.0,0.0,0.0,0.0,5.082441891742965e-12,9.501532567894992e-9,0.021165134755901576
6,0.029088820866572156,8,7,47,8.000369965019193,-0.03074758209026776,-0.23272132877874743,0.0008944109075040211,2.4036063666771228e-5,0.0,0.0,0.0,0.0,0.0,0.0,0.0,0.0,-4.160597245369429e-6,4.114031573331974e-6,-4.109770193294353e-6,-4.382400404061745e-6,-4.109770193320609e-6,-4.382400403971839e-6,4.609952943375233e-6,-4.099369428150199e-6,5.082441891742965e-12,9.501532567894992e-9,0.021165134755901576
6,0.029088820866572156,8,7,48,8.07844345508555,0.050715364934135324,-0.2349923945457158,-0.0014752501657518974,1.4952949249101503e-5,0.0,0.0,0.0,0.0,0.0,0.0,0.0,0.0,-2.0852801614274853e-6,2.983514879962184e-6,-3.005748363967017e-6,-2.2214877399013908e-6,-3.005748364665942e-6,-2.221487739747592e-6,2.361901186803536e-6,-3.024868821706196e-6,5.082441891742965e-12,9.501532567894992e-9,0.021165134755901576
6,0.029088820866572156,8,9,49,8.078443455087026,0.05071536493417213,0.23499239454575874,0.001475250165752968,1.4952949186611837e-5,2.361901191305546e-6,-3.024868797872682e-6,3.005748341115262e-6,2.2214877452376437e-6,3.005748341135472e-6,2.221487744607759e-6,-2.08528016708958e-6,2.9835148574172005e-6,0.0,0.0,0.0,0.0,0.0,0.0,0.0,0.0,5.082441891742965e-12,9.501532567894992e-9,0.021165134755901576
6,0.029088820866572156,8,9,50,7.989014993232396,-0.03690107583993994,0.23239102603849632,-0.0010734087848918066,1.1729681796086094e-5,-2.1542295034461806e-6,1.8741575744692116e-6,-1.865182737082474e-6,-2.2621175337909482e-6,-1.8651827369786663e-6,-2.262117533392852e-6,2.3726146014108913e-6,-1.8530391087222543e-6,0.0,0.0,0.0,0.0,0.0,0.0,0.0,0.0,5.082441891742965e-12,9.501532567894992e-9,0.021165134755901576
6,0.029088820866572156,8,7,51,7.9890149932324785,-0.03690107584141783,-0.23239102603849873,0.0010734087849347967,1.1729681763543697e-5,0.0,0.0,0.0,0.0,0.0,0.0,0.0,0.0,2.372614592320875e-6,-1.8530391068830495e-6,1.865182734911667e-6,2.2621175248533776e-6,1.8651827350765187e-6,2.2621175246015462e-6,-2.154229494808384e-6,1.8741575722451968e-6,5.082441891742965e-12,9.501532567894992e-9,0.021165134755901576
6,0.029088820866572156,8,7,52,11.592433688383656,-0.0031435004279138784,-0.3372102269690085,9.144072084157972e-5,9.550358290920348e-6,0.0,0.0,0.0,0.0,0.0,0.0,0.0,0.0,1.1380399792040583e-6,-2.1709500815392366e-6,2.1428701276934057e-6,1.0519971242358798e-6,2.1428701299612916e-6,1.0519971204456037e-6,-9.689532512329827e-7,2.1133152809471015e-6,5.082441891742965e-12,9.501532567894992e-9,0.021165134755901576
6,0.029088820866572156,8,9,53,11.592433688387935,-0.0031435004303083033,0.337210226969133,-9.144072091123073e-5,9.550358285062678e-6,-9.689531978813555e-7,2.1133153057329945e-6,-2.1428701528535725e-6,-1.0519970690380683e-6,-2.1428701542527176e-6,-1.0519970683725306e-6,1.138039925228825e-6,-2.1709501061414834e-6,0.0,0.0,0.0,0.0,0.0,0.0,0.0,0.0,5.082441891742965e-12,9.501532567894992e-9,0.021165134755901576
6,0.029088820866572156,8,7,54,11.599321671963569,0.0037217261408431235,-0.3374105902894965,-0.00010826062502542451,5.254207645739215e-6,0.0,0.0,0.0,0.0,0.0,0.0,0.0,0.0,-9.104952916494379e-7,8.982999783640151e-7,-8.973144111459258e-7,-9.589796939038644e-7,-8.973144082090354e-7,-9.589796937859174e-7,1.0087193958127437e-6,-8.949853906878151e-7,5.082441891742965e-12,9.501532567894992e-9,0.021165134755901576
6,0.029088820866572156,8,9,55,11.599321671955618,0.0037217261344453106,0.33741059028926523,0.00010826062483931969,5.254207552147006e-6,1.0087193560926445e-6,-8.949853990465913e-7,8.973144185005981e-7,9.589796531171671e-7,8.973144174435378e-7,9.58979654979244e-7,-9.104952517735276e-7,8.982999865394288e-7,0.0,0.0,0.0,0.0,0.0,0.0,0.0,0.0,5.082441891742965e-12,9.501532567894992e-9,0.021165134755901576
6,0.029088820866572156,8,7,56,8.680442257583968,0.04710753470311943,-0.25250382987348324,-0.0013703026384448724,3.8125660701158147e-7,0.0,0.0,0.0,0.0,0.0,0.0,0.0,0.0,-7.612337884587298e-8,5.309344428405537e-8,-5.242902249194934e-8,-7.957894161871134e-8,-5.242902253478079e-8,-7.957894163858446e-8,8.310782701984418e-8,-5.1653138899554446e-8,5.082441891742965e-12,9.501532567894992e-9,0.021165134755901576
6,0.029088820866572156,8,9,57,8.680442257584664,0.04710753470094543,0.2525038298735035,0.0013703026383816335,3.812566065501418e-7,8.31078272245017e-8,-5.165313833638407e-8,5.242902192496629e-8,7.95789418422286e-8,5.242902202633871e-8,7.957894184750355e-8,-7.612337907248864e-8,5.30934437713488e-8,0.0,0.0,0.0,0.0,0.0,0.0,0.0,0.0,5.082441891742965e-12,9.501532567894992e-9,0.021165134755901576
6,0.029088820866572156,8,9,58,5.095855768958663,0.016209616345574288,0.14823243562512686,0.00047151862619227043,2.914913517656339e-7,-6.490321852844877e-8,-2.8681729149258757e-8,3.1203674514973627e-8,-6.584013977825835e-8,3.1203674621958904e-8,-6.584013982204546e-8,6.673331142469096e-8,3.3817765558950385e-8,0.0,0.0,0.0,0.0,0.0,0.0,0.0,0.0,5.082441891742965e-12,9.501532567894992e-9,0.021165134755901576
6,0.029088820866572156,8,7,59,5.09585576896146,0.016209616348053693,-0.14823243562520821,-0.0004715186262643934,2.9149135110438697e-7,0.0,0.0,0.0,0.0,0.0,0.0,0.0,0.0,6.673331128323692e-8,3.3817765519607696e-8,-3.1203674438275574e-8,6.584013957843299e-8,-3.120367461290114e-8,6.584013969595834e-8,-6.490321834489667e-8,-2.8681729104335085e-8,5.082441891742965e-12,9.501532567894992e-9,0.021165134755901576
6,0.029088820866572156,8,9,60,12.259030591707521,0.008139558429473226,0.35660074488000815,0.00023677015708794405,2.7686253524896267e-7,-6.53829977099405e-8,1.6353392747160464e-8,-1.5009280391365484e-8,-6.755627284876326e-8,-1.5009280317201394e-8,-6.755627292223307e-8,6.975049483830592e-8,-1.3570574515327456e-8,0.0,0.0,0.0,0.0,0.0,0.0,0.0,0.0,5.082441891742965e-12,9.501532567894992e-9,0.021165134755901576
6,0.029088820866572156,8,7,61,12.259030591705432,0.008139558427250324,-0.35660074487994736,-0.00023677015702328245,2.768625324461743e-7,0.0,0.0,0.0,0.0,0.0,0.0,0.0,0.0,6.975049434248759e-8,-1.3570573358854178e-8,1.5009279189092884e-8,6.755627244009685e-8,1.5009279201000288e-8,6.75562724103757e-8,-6.538299728509066e-8,1.6353391586503695e-8,5.082441891742965e-12,9.501532567894992e-9,0.021165134755901576
6,0.029088820866572156,8,7,62,5.100669357045727,0.02103344755434483,-0.14837245722671694,-0.000611838188114777,2.600950056141251e-7,0.0,0.0,0.0,0.0,0.0,0.0,0.0,0.0,-4.099550430257614e-8,-4.82514579745909e-8,5.064128221233623e-8,-4.076849412927081e-8,5.0641282273727075e-8,-4.076849413233886e-8,4.047054624460735e-8,5.308813274766235e-8,5.082441891742965e-12,9.501532567894992e-9,0.021165134755901576
6,0.029088820866572156,8,9,63,5.100669357047721,0.021033447545425063,0.14837245722677492,0.0006118381878553115,2.6009499839915773e-7,4.047054591822158e-8,5.308813065181577e-8,-5.0641280155556694e-8,4.076849373852346e-8,-5.064128029447894e-8,4.0768493785295316e-8,-4.099550389458581e-8,-4.8251456033002905e-8,0.0,0.0,0.0,0.0,0.0,0.0,0.0,0.0,5.082441891742965e-12,9.501532567894992e-9,0.021165134755901576
6,0.029088820866572156,8,9,64,12.231985343083046,0.08280611676379153,0.3558140304874789,0.0024087322971983894,2.4591607584703964e-7,1.6929206446919883e-8,-6.08029933911131e-8,5.963140198277302e-8,1.4914550835147444e-8,5.963140198552584e-8,1.4914550869846582e-8,-1.2983364563251292e-8,5.843887177846981e-8,0.0,0.0,0.0,0.0,0.0,0.0,0.0,0.0,5.082441891742965e-12,9.501532567894992e-9,0.021165134755901576
6,0.029088820866572156,8,7,65,12.231985343064604,0.08280611672364892,-0.35581403048694243,-0.002408732296030688,2.4591607118401813e-7,0.0,0.0,0.0,0.0,0.0,0.0,0.0,0.0,-1.2983365375211196e-8,5.8438870439905274e-8,-5.963140058009054e-8,-1.4914551660527013e-8,-5.963140058486189e-8,-1.491455164599457e-8,1.692920723442112e-8,-6.080299192471656e-8,5.082441891742965e-12,9.501532567894992e-9,0.021165134755901576
6,0.029088820866572156,8,7,66,8.687681226527118,0.04072515665739794,-0.25271440294432923,-0.0011846467867701372,2.163163571292381e-7,0.0,0.0,0.0,0.0,0.0,0.0,0.0,0.0,4.2275535048805094e-8,-3.5987791752617355e-8,3.612562639884246e-8,4.023014083002592e-8,3.6125626315341064e-8,4.02301408532671e-8,-3.82352830606741e-8,3.62071033878102e-8,5.082441891742965e-12,9.501532567894992e-9,0.021165134755901576
6,0.029088820866572156,8,9,67,8.687681226529719,0.04072515665972244,0.2527144029444049,0.0011846467868377542,2.1631635521447725e-7,-3.823528272296168e-8,3.6207103052901057e-8,-3.612562607413176e-8,-4.0230140476333466e-8,-3.61256259894268e-8,-4.02301405043641e-8,4.2275534684193184e-8,-3.598779143764898e-8,0.0,0.0,0.0,0.0,0.0,0.0,0.0,0.0,5.082441891742965e-12,9.501532567894992e-9,0.021165134755901576
6,0.029088820866572156,8,9,68,8.617473943799961,-0.01602229514321539,0.2506721558735502,-0.00046606967329234153,2.1020633527962301e-7,-1.54026100841214e-8,4.87977273766043e-8,-4.966958135133509e-8,-1.713580547960879e-8,-4.96695813158366e-8,-1.713580545900765e-8,1.8938521441508523e-8,-5.051739649840628e-8,0.0,0.0,0.0,0.0,0.0,0.0,0.0,0.0,5.082441891742965e-12,9.501532567894992e-9,0.021165134755901576
6,0.029088820866572156,8,7,69,8.617473943800958,-0.01602229514228439,-0.25067215587357916,0.0004660696732652599,2.1020633432025322e-7,0.0,0.0,0.0,0.0,0.0,0.0,0.0,0.0,1.8938519419226514e-8,-5.0517396991995154e-8,4.966958178411125e-8,1.7135803498197677e-8,4.966958174315921e-8,1.71358034768992e-8,-1.540260814341397e-8,4.87977277457896e-8,5.082441891742965e-12,9.501532567894992e-9,0.021165134755901576
6,0.029088820866572156,8,7,70,12.2653692002101,0.014460935024073834,-0.35678512752728303,-0.0004206515484784231,1.6448383418612335e-7,0.0,0.0,0.0,0.0,0.0,0.0,0.0,0.0,6.955293285137352e-9,3.943185667335625e-8,-4.066354312626842e-8,6.067794464672308e-9,-4.066354316564993e-8,6.067794515710576e-9,-5.123360817550749e-9,-4.1903684677779917e-8,5.082441891742965e-12,9.501532567894992e-9,0.021165134755901576
6,0.029088820866572156,8,9,71,12.26536920020899,0.014460935024990726,0.3567851275272507,0.00042065154850509434,1.6448383125225618e-7,-5.123360582748925e-9,-4.190368395918568e-8,4.066354239484623e-8,-6.067794207001936e-9,4.066354248827203e-8,-6.067794274706861e-9,6.955293021794241e-9,3.943185598349416e-8,0.0,0.0,0.0,0.0,0.0,0.0,0.0,0.0,5.082441891742965e-12,9.501532567894992e-9,0.021165134755901576
6,0.029088820866572156,8,9,72,8.636715955671644,-0.009580016604899634,0.25123188330999796,-0.0002786713869187122,1.1453978449233152e-7,1.489977554645767e-8,-2.534162222499594e-8,2.5055473690813913e-8,1.3852675442788456e-8,2.5055473750656583e-8,1.3852675377885092e-8,-1.2840639344638416e-8,2.4749906927259924e-8,0.0,0.0,0.0,0.0,0.0,0.0,0.0,0.0,5.082441891742965e-12,9.501532567894992e-9,0.021165134755901576
6,0.029088820866572156,8,7,73,8.636715955675902,-0.00958001660354281,-0.25123188331012186,0.0002786713868792438,1.1453978393501806e-7,0.0,0.0,0.0,0.0,0.0,0.0,0.0,0.0,-1.2840639361050823e-8,2.4749906764334344e-8,-2.5055473538009173e-8,-1.3852675452532913e-8,-2.5055473572998304e-8,-1.3852675389963681e-8,1.489977555168684e-8,-2.534162205765271e-8,5.082441891742965e-12,9.501532567894992e-9,0.021165134755901576
6,0.029088820866572156,8,9,74,8.689217022727686,0.0458504385261333,0.25275907744489506,0.0013337351929404702,1.0827626953654961e-7,1.8886528859495996e-8,-2.0385488873871944e-8,2.0333145067452172e-8,1.7861729080586633e-8,2.033314509723545e-8,1.786172903884737e-8,-1.686537814440718e-8,2.025577495552764e-8,0.0,0.0,0.0,0.0,0.0,0.0,0.0,0.0,5.082441891742965e-12,9.501532567894992e-9,0.021165134755901576
6,0.029088820866572156,8,7,75,8.689217022729714,0.04585043852416655,-0.2527590774449541,-0.0013337351928832599,1.082762685605498e-7,0.0,0.0,0.0,0.0,0.0,0.0,0.0,0.0,-1.6865378292793413e-8,2.0255774516473476e-8,-2.033314461832138e-8,-1.7861729214815967e-8,-2.033314464635115e-8,-1.7861729189669928e-8,1.88865289958932e-8,-2.0385488412846284e-8,5.082441891742965e-12,9.501532567894992e-9,0.021165134755901576
6,0.029088820866572156,8,9,76,12.1524749457364,0.011919805178752504,0.3535011667820323,0.0003467330776091707,9.454027825291189e-8,9.99751831864867e-9,2.072916468901252e-8,-2.154895500266846e-8,9.698643637972704e-9,-2.1548955061863563e-8,9.698643642622298e-9,-9.3695909365544e-9,-2.2382302350731566e-8,0.0,0.0,0.0,0.0,0.0,0.0,0.0,0.0,5.082441891742965e-12,9.501532567894992e-9,0.021165134755901576
6,0.029088820866572156,8,7,77,12.152474945729335,0.011919805178136123,-0.3535011667818268,-0.0003467330775912409,9.454027166702819e-8,0.0,0.0,0.0,0.0,0.0,0.0,0.0,0.0,-9.369590232930721e-9,-2.238230085230456e-8,2.1548953498044856e-8,-9.698642929095526e-9,2.1548953593827626e-8,-9.698642932080805e-9,9.997517601781416e-9,2.0729163215465527e-8,5.082441891742965e-12,9.501532567894992e-9,0.021165134755901576
6,0.029088820866572156,8,7,78,8.627923114690484,-0.014791084523562002,-0.25097610993378877,0.0004302552081282228,5.442310307908556e-8,0.0,0.0,0.0,0.0,0.0,0.0,0.0,0.0,8.15981391167976e-9,-1.1336779745400859e-8,1.1247278556035983e-8,7.651870336500959e-9,1.1247278545453425e-8,7.651870319966858e-9,-7.159665428015624e-9,1.1147053720585583e-8,5.082441891742965e-12,9.501532567894992e-9,0.021165134755901576
6,0.029088820866572156,8,9,79,8.627923114690988,-0.014791084521937066,0.2509761099338034,-0.00043025520808095535,5.4423102905534757e-8,-7.1596654124817155e-9,1.1147053681241816e-8,-1.1247278520420083e-8,-7.651870321290264e-9,-1.1247278502057004e-8,-7.651870297110135e-9,8.159813889008264e-9,-1.1336779705890046e-8,0.0,0.0,0.0,0.0,0.0,0.0,0.0,0.0,5.082441891742965e-12,9.501532567894992e-9,0.021165134755901576
7,0.01679443855772424,9,10,0,0.2919126737997848,0.12080433321763187,0.0049025094643514846,0.002028840951730364,40.23769653279619,7.457392489888644,-7.144167628026064,7.147433921588097,7.076073269216976,7.147433921562606,7.076073269202783,-6.70475351657038,7.140786712920578,0.0,0.0,0.0,0.0,0.0,0.0,0.0,0.0,1.4965222519258848e-11,1.8804517734048728e-6,0.014948552985725352
7,0.01679443855772424,9,8,1,0.2919126737997271,0.12080433321418357,-0.004902509464350515,-0.002028840951672452,40.237696532770265,0.0,0.0,0.0,0.0,0.0,0.0,0.0,0.0,-6.704753516556122,7.140786712925591,-7.147433921593284,-7.076073269202472,-7.147433921567741,-7.076073269188441,7.4573924898740485,-7.14416762803137,1.4965222519258848e-11,1.8804517734048728e-6,0.014948552985725352
7,0.01679443855772424,9,10,2,2.127743895679588,0.0074346394679751515,0.035734264122563655,0.0001248605957437403,2.307365547373398,0.4832600369079341,-0.34228503894352613,0.3456879028836523,0.4616594957148784,0.34568790288178186,0.4616594957140768,-0.4405424649218624,0.3484441050706705,0.0,0.0,0.0,0.0,0.0,0.0,0.0,0.0,1.4965222519258848e-11,1.8804517734048728e-6,0.014948552985725352
7,0.01679443855772424,9,8,3,2.1277438956797634,0.007434639467656448,-0.035734264122566604,-0.00012486059573838787,2.3073655473602637,0.0,0.0,0.0,0.0,0.0,0.0,0.0,0.0,-0.44054246492808935,0.3484441050568508,-0.34568790286919365,-0.46165949572069637,-0.34568790286864914,-0.4616594957207,0.4832600369141693,-0.3422850389297644,1.4965222519258848e-11,1.8804517734048728e-6,0.014948552985725352
7,0.01679443855772424,9,8,4,6.744541006703443,0.005692257556257338,-0.11327077953713256,-9.55982697833054e-5,1.7616209259486404,0.0,0.0,0.0,0.0,0.0,0.0,0.0,0.0,-0.30905095116282005,0.2972984472778553,-0.2967626018199265,-0.32530123679529704,-0.29676260182542225,-0.32530123680894735,0.34196667108548157,-0.29577104403220283,1.4965222519258848e-11,1.8804517734048728e-6,0.014948552985725352
7,0.01679443855772424,9,10,5,6.744541006704193,0.00569225755685554,0.11327077953714515,9.559826979335186e-5,1.761620925335243,0.3419666710157404,-0.2957710438811143,0.2967626016741664,0.32530123673940925,0.29676260166906976,0.32530123672516176,-0.30905095109309966,0.297298447126735,0.0,0.0,0.0,0.0,0.0,0.0,0.0,0.0,1.4965222519258848e-11,1.8804517734048728e-6,0.014948552985725352
7,0.01679443855772424,9,8,6,6.721575057440148,-0.004365045363336581,-0.11288507931331035,7.330848615623529e-5,1.4571141842720734,0.0,0.0,0.0,0.0,0.0,0.0,0.0,0.0,0.2612328798350407,-0.2676116868089449,0.2672672711870062,0.24742808418372042,0.2672672711925142,0.2474280841979399,-0.233997220063672,0.26657619450092934,1.4965222519258848e-11,1.8804517734048728e-6,0.014948552985725352
7,0.01679443855772424,9,10,7,6.721575057430284,-0.004365045356807651,0.11288507931314469,-7.330848604658557e-5,1.4571141836550876,-0.23399721999764342,0.26657619435172014,-0.2672672710431063,-0.24742808413187742,-0.267267271038168,-0.24742808411770276,0.26123287976920495,-0.2676116866598125,0.0,0.0,0.0,0.0,0.0,0.0,0.0,0.0,1.4965222519258848e-11,1.8804517734048728e-6,0.014948552985725352
7,0.01679443855772424,9,10,8,2.1028887307573196,-0.003970568680915443,0.035316835582434515,-6.668347175085859e-5,1.32555713750655,-0.1966293172327303,0.2558533809662107,-0.25727625096586426,-0.20878070350025202,-0.25727625096450285,-0.20878070350002606,0.22129207173743354,-0.2584065759919212,0.0,0.0,0.0,0.0,0.0,0.0,0.0,0.0,1.4965222519258848e-11,1.8804517734048728e-6,0.014948552985725352
7,0.01679443855772424,9,8,9,2.1028887307571087,-0.003970568681068709,-0.035316835582430976,6.668347175343261e-5,1.3255571374765192,0.0,0.0,0.0,0.0,0.0,0.0,0.0,0.0,0.22129207174214263,-0.2584065759784431,0.2572762509517432,0.20878070350455685,0.2572762509515938,0.20878070350518294,-0.19662931723750188,0.25585338095266863,1.4965222519258848e-11,1.8804517734048728e-6,0.014948552985725352
7,0.01679443855772424,9,8,10,2.3596944344594237,0.23698005043387788,-0.03962974319453264,-0.003979946896418154,0.06358784796037352,0.0,0.0,0.0,0.0,0.0,0.0,0.0,0.0,-0.003331007711308198,0.015116645349144597,-0.015425868548917952,-0.0038298302812078263,-0.015425868548849964,-0.003829830281201534,0.004350245303256126,-0.015729714871514044,1.4965222519258848e-11,1.8804517734048728e-6,0.014948552985725352
7,0.01679443855772424,9,10,11,2.3596944344589477,0.23698005043502374,0.03962974319452465,0.003979946896437398,0.06358784795847996,0.004350245302987011,-0.0157297148710859,0.015425868548493451,0.003829830280963775,0.015425868548422029,0.0038298302809503296,-0.003331007711081414,0.01511664534872096,0.0,0.0,0.0,0.0,0.0,0.0,0.0,0.0,1.4965222519258848e-11,1.8804517734048728e-6,0.014948552985725352
7,0.01679443855772424,9,8,12,6.978410682443744,0.2376026054577616,-0.11719848943686795,-0.003990402358515571,0.013553198652944621,0.0,0.0,0.0,0.0,0.0,0.0,0.0,0.0,-0.00013279769797892968,0.0032966039280517404,-0.0033801681346897292,-0.0002258826069090026,-0.0033801681346474688,-0.00022588260692821705,0.0003236995275630826,-0.0034634127932273383,1.4965222519258848e-11,1.8804517734048728e-6,0.014948552985725352
7,0.01679443855772424,9,10,13,6.97841068244105,0.23760260547447934,0.11719848943682269,0.003990402358796336,0.013553198651444028,0.0003236995274600652,-0.003463412792852706,0.003380168134317659,0.0002258826068372488,0.003380168134279468,0.00022588260682289332,-0.0001327976979043808,0.003296603927686677,0.0,0.0,0.0,0.0,0.0,0.0,0.0,0.0,1.4965222519258848e-11,1.8804517734048728e-6,0.014948552985725352
7,0.01679443855772424,9,10,14,4.492631762221889,0.12095368108884269,0.0754512280931159,0.002031349165377141,0.0006758212509335091,0.0001341696400378662,-0.0001099299807602319,0.00011048071965923093,0.00012778859529418254,0.00011048071965946106,0.00012778859529398153,-0.00012156209824926842,0.00011085244634166964,0.0,0.0,0.0,0.0,0.0,0.0,0.0,0.0,1.4965222519258848e-11,1.8804517734048728e-6,0.014948552985725352
7,0.01679443855772424,9,8,15,4.492631762222485,0.1209536810896455,-0.0754512280931259,-0.002031349165390624,0.0006758212509052315,0.0,0.0,0.0,0.0,0.0,0.0,0.0,0.0,-0.0001215620982552257,0.00011085244632456875,-0.000110480719641519,-0.000127788595300129,-0.00011048071964223832,-0.00012778859529954275,0.00013416964004341075,-0.00010992998074239773,1.4965222519258848e-11,1.8804517734048728e-6,0.014948552985725352
7,0.01679443855772424,9,8,16,9.113125908641678,0.12187800475640093,-0.15304983314148754,-0.002046872662419398,0.00025749440636770444,0.0,0.0,0.0,0.0,0.0,0.0,0.0,0.0,-3.3395604003435254e-5,5.304529293350846e-5,-5.3540571069727015e-5,-3.572000262038742e-5,-5.3540571068389306e-5,-3.572000262478151e-5,3.811932299890013e-5,-5.3985788755721184e-5,1.4965222519258848e-11,1.8804517734048728e-6,0.014948552985725352
7,0.01679443855772424,9,10,17,9.113125908645795,0.12187800475420066,0.1530498331415567,0.0020468726623824457,0.0002574944062130359,3.811932303036108e-5,-5.3985788686146216e-5,5.354057100063567e-5,3.5720002652845e-5,5.35405710045104e-5,3.5720002652264134e-5,-3.339560403192781e-5,5.304529286991823e-5,0.0,0.0,0.0,0.0,0.0,0.0,0.0,0.0,1.4965222519258848e-11,1.8804517734048728e-6,0.014948552985725352
7,0.01679443855772424,9,10,18,4.5102483289419375,0.11145362192289662,0.0757470884404938,0.0018718010054199147,0.00025499056424535603,-2.5504560582221175e-5,5.659104916334085e-5,-5.739449881663715e-5,-2.7716638502322236e-5,-5.7394498814559414e-5,-2.7716638504421177e-5,3.0009041521169102e-5,-5.815908894635296e-5,0.0,0.0,0.0,0.0,0.0,0.0,0.0,0.0,1.4965222519258848e-11,1.8804517734048728e-6,0.014948552985725352
7,0.01679443855772424,9,8,19,4.510248328939803,0.11145362191996744,-0.07574708844045795,-0.0018718010053707208,0.0002549905642360387,0.0,0.0,0.0,0.0,0.0,0.0,0.0,0.0,3.0009041539619465e-5,-5.8159088935079905e-5,5.739449880425806e-5,2.7716638520933633e-5,5.739449880407772e-5,2.771663852238791e-5,-2.5504560600380294e-5,5.6591049151778677e-5,1.4965222519258848e-11,1.8804517734048728e-6,0.014948552985725352
7,0.01679443855772424,9,8,20,9.128611894758482,0.11157654299988007,-0.15330991158383198,-0.0018738653958947625,0.0002043669763836039,0.0,0.0,0.0,0.0,0.0,0.0,0.0,0.0,2.9664267830361065e-5,-4.325783129450353e-5,4.2878406268142404e-5,2.776500822938751e-5,4.287840626337649e-5,2.776500823226241e-5,-2.5925751160934133e-5,4.246006822372451e-5,1.4965222519258848e-11,1.8804517734048728e-6,0.014948552985725352
7,0.01679443855772424,9,10,21,9.128611894767547,0.11157654300274539,0.15330991158398422,0.001873865395942884,0.00020436697619616558,-2.5925751101916486e-5,4.2460068206183306e-5,-4.2878406249246034e-5,-2.7765008173376214e-5,-4.2878406247290804e-5,-2.7765008169895908e-5,2.9664267771017486e-5,-4.325783127698917e-5,0.0,0.0,0.0,0.0,0.0,0.0,0.0,0.0,1.4965222519258848e-11,1.8804517734048728e-6,0.014948552985725352
7,0.01679443855772424,9,8,22,9.111350535577255,0.12033728893241014,-0.15302001674764007,-0.002020997205178471,0.00018787143474607184,0.0,0.0,0.0,0.0,0.0,0.0,0.0,0.0,-4.2671275547484744e-5,1.645441275814375e-5,-1.5730080804123883e-5,-4.4246726687663016e-5,-1.573008080347648e-5,-4.42467266869747e-5,4.584415656772651e-5,-1.4943788046983365e-5,1.4965222519258848e-11,1.8804517734048728e-6,0.014948552985725352
7,0.01679443855772424,9,10,23,9.111350535575802,0.12033728893168893,0.15302001674761564,0.0020209972051663592,0.00018787143456582914,4.5844156501081195e-5,-1.4943788100552307e-5,1.5730080854880557e-5,4.424672662119932e-5,1.573008085425283e-5,4.424672662172618e-5,-4.2671275482449886e-5,1.6454412806204013e-5,0.0,0.0,0.0,0.0,0.0,0.0,0.0,0.0,1.4965222519258848e-11,1.8804517734048728e-6,0.014948552985725352
7,0.01679443855772424,9,8,24,4.52069581889997,0.12267113794406294,-0.07592254816867641,-0.0020601928890076797,0.00012126093102079526,0.0,0.0,0.0,0.0,0.0,0.0,0.0,0.0,-8.22955453342335e-6,2.834838608805949e-5,-2.8874397499821614e-5,-9.217434819016101e-6,-2.8874397499725374e-5,-9.217434817888658e-6,1.0245730207090273e-5,-2.9387476212178484e-5,1.4965222519258848e-11,1.8804517734048728e-6,0.014948552985725352
7,0.01679443855772424,9,10,25,4.52069581889996,0.12267113794722401,0.07592254816867625,0.002060192889060768,0.00012126093096643235,1.0245730197323934e-5,-2.9387476200578493e-5,2.8874397489053518e-5,9.217434809970269e-6,2.887439748787728e-5,9.217434808434295e-6,-8.229554524663298e-6,2.8348386077041566e-5,0.0,0.0,0.0,0.0,0.0,0.0,0.0,0.0,1.4965222519258848e-11,1.8804517734048728e-6,0.014948552985725352
7,0.01679443855772424,9,8,26,9.138528173506163,0.12142000921849722,-0.15347644991798118,-0.0020391808844983624,8.366410015187692e-5,0.0,0.0,0.0,0.0,0.0,0.0,0.0,0.0,-4.292056145998883e-6,1.9909098155940883e-5,-2.0318935751866202e-5,-4.946509462181381e-6,-2.031893575144137e-5,-4.9465094581749676e-6,5.629404422862162e-6,-2.0721828324933702e-5,1.4965222519258848e-11,1.8804517734048728e-6,0.014948552985725352
7,0.01679443855772424,9,10,27,9.138528173500534,0.12142000921879238,0.15347644991788664,0.0020391808845033194,8.366409990789473e-5,5.629404426452416e-6,-2.0721828258722648e-5,2.0318935689947982e-5,4.946509469904927e-6,2.0318935684969515e-5,4.946509462228606e-6,-4.292056154050468e-6,1.9909098093780913e-5,0.0,0.0,0.0,0.0,0.0,0.0,0.0,0.0,1.4965222519258848e-11,1.8804517734048728e-6,0.014948552985725352
7,0.01679443855772424,9,8,28,9.13983840633872,0.12237713866685951,-0.15349845454278388,-0.0020552553362106715,2.601924221907271e-5,0.0,0.0,0.0,0.0,0.0,0.0,0.0,0.0,-6.185183592181474e-6,1.3645090071588517e-6,-1.2325308294466866e-6,-6.385814777413035e-6,-1.232530829148381e-6,-6.385814777692242e-6,6.588165247126663e-6,-1.0916113072559948e-6,1.4965222519258848e-11,1.8804517734048728e-6,0.014948552985725352
7,0.01679443855772424,9,10,29,9.13983840634273,0.12237713867285387,0.15349845454285121,0.002055255336311343,2.6019242207065496e-5,6.58816523586149e-6,-1.0916113587717357e-6,1.2325308784290879e-6,6.385814765108758e-6,1.232530879413355e-6,6.385814764717026e-6,-6.185183578267553e-6,1.3645090549025397e-6,0.0,0.0,0.0,0.0,0.0,0.0,0.0,0.0,1.4965222519258848e-11,1.8804517734048728e-6,0.014948552985725352
7,0.01679443855772424,9,10,30,10.952801057677487,-0.0012794887342975486,0.18394614439814164,-2.1488294933460536e-5,8.898279972086959e-6,-1.2201612739655926e-6,1.7897752560787324e-6,-1.8039490221397689e-6,-1.3010568373150594e-6,-1.8039490221535355e-6,-1.3010568374480924e-6,1.384476653158489e-6,-1.816299541665467e-6,0.0,0.0,0.0,0.0,0.0,0.0,0.0,0.0,1.4965222519258848e-11,1.8804517734048728e-6,0.014948552985725352
7,0.01679443855772424,9,8,31,10.952801057679515,-0.0012794887406063493,-0.1839461443981757,2.1488295039413302e-5,8.898279964872864e-6,0.0,0.0,0.0,0.0,0.0,0.0,0.0,0.0,1.3844766533215157e-6,-1.816299539192292e-6,1.8039490197732585e-6,1.3010568375925827e-6,1.8039490197290288e-6,1.3010568376489407e-6,-1.2201612742762718e-6,1.7897752537610175e-6,1.4965222519258848e-11,1.8804517734048728e-6,0.014948552985725352
7,0.01679443855772424,9,8,32,10.977476677419249,0.00974373891341776,-0.18436055757776842,-0.0001636406245039013,8.26666224697037e-6,0.0,0.0,0.0,0.0,0.0,0.0,0.0,0.0,-1.5850945067793824e-6,1.2397973611718842e-6,-1.229512249217809e-6,-1.6606963788785564e-6,-1.2295122492357084e-6,-1.6606963789202033e-6,1.7380179398434721e-6,-1.2169009585671083e-6,1.4965222519258848e-11,1.8804517734048728e-6,0.014948552985725352
7,0.01679443855772424,9,10,33,10.977476677419936,0.009743738905783075,0.18436055757777997,0.00016364062437568107,8.266662236772637e-6,1.7380179363697726e-6,-1.2169009589702024e-6,1.2295122494913464e-6,1.6606963754923037e-6,1.2295122495353626e-6,1.6606963755388897e-6,-1.5850945034863377e-6,1.2397973613480291e-6,0.0,0.0,0.0,0.0,0.0,0.0,0.0,0.0,1.4965222519258848e-11,1.8804517734048728e-6,0.014948552985725352
7,0.01679443855772424,9,10,34,10.975163173494629,0.008517906452340643,0.18432170357825334,0.00014305345655427778,6.20678527678327e-6,1.1863965291962573e-6,-1.0630783732525933e-6,1.0655413114163644e-6,1.1276263245543333e-6,1.0655413113681714e-6,1.1276263245040983e-6,-1.070346771892606e-6,1.066424529222099e-6,0.0,0.0,0.0,0.0,0.0,0.0,0.0,0.0,1.4965222519258848e-11,1.8804517734048728e-6,0.014948552985725352
7,0.01679443855772424,9,8,35,10.975163173494117,0.008517906458264196,-0.18432170357824473,-0.00014305345665376054,6.206785270304393e-6,0.0,0.0,0.0,0.0,0.0,0.0,0.0,0.0,-1.0703467657890462e-6,1.066424533091679e-6,-1.065541315555059e-6,-1.1276263183624382e-6,-1.0655413154948782e-6,-1.1276263184289542e-6,1.1863965230396936e-6,-1.0630783776553386e-6,1.4965222519258848e-11,1.8804517734048728e-6,0.014948552985725352
7,0.01679443855772424,9,8,36,10.951923534430772,-0.001757413854549944,-0.1839314068878917,2.9514779000732358e-5,1.9829268308387242e-6,0.0,0.0,0.0,0.0,0.0,0.0,0.0,0.0,3.104650667546267e-7,-4.032627150842175e-7,4.005999117364537e-7,2.918624539147197e-7,4.005999117203422e-7,2.91862453913469e-7,-2.738203946501378e-7,3.975281085492812e-7,1.4965222519258848e-11,1.8804517734048728e-6,0.014948552985725352
7,0.01679443855772424,9,10,37,10.95192353443208,-0.001757413850037845,0.18393140688791365,-2.951477892495419e-5,1.9829268181658624e-6,-2.738203923604861e-7,3.975281063921757e-7,-4.0059990958852804e-7,-2.9186245149763643e-7,-4.0059990955361545e-7,-2.91862451494394e-7,3.104650642043265e-7,-4.0326271293026353e-7,0.0,0.0,0.0,0.0,0.0,0.0,0.0,0.0,1.4965222519258848e-11,1.8804517734048728e-6,0.014948552985725352
7,0.01679443855772424,9,10,38,6.358556372792474,0.010175087703732058,0.10678838431868912,0.00017088488525978347,1.7277753050458737e-6,3.510358548030255e-7,-2.709538448086566e-7,2.728353966402421e-7,3.347701679805204e-7,2.7283539670872954e-7,3.3477016798741844e-7,-3.1888612245603463e-7,2.742480031614272e-7,0.0,0.0,0.0,0.0,0.0,0.0,0.0,0.0,1.4965222519258848e-11,1.8804517734048728e-6,0.014948552985725352
7,0.01679443855772424,9,8,39,6.358556372792579,0.010175087703831215,-0.10678838431869088,-0.00017088488526144875,1.727775292769649e-6,0.0,0.0,0.0,0.0,0.0,0.0,0.0,0.0,-3.1888612075055624e-7,2.7424800040743715e-7,-2.7283539383926435e-7,-3.347701663139081e-7,-2.728353939833547e-7,-3.34770166237449e-7,3.5103585309516504e-7,-2.7095384203340284e-7,1.4965222519258848e-11,1.8804517734048728e-6,0.014948552985725352
7,0.01679443855772424,9,10,40,6.334292982324348,-0.0008748693621405956,0.10638089429827009,-1.469293974850563e-5,1.0036523393304748e-6,-1.5996483937242396e-7,1.8467235812267046e-7,-1.8520920449908401e-7,-1.6921261471439722e-7,-1.8520920450155018e-7,-1.6921261470910186e-7,1.7871951698135227e-7,-1.8550897182964452e-7,0.0,0.0,0.0,0.0,0.0,0.0,0.0,0.0,1.4965222519258848e-11,1.8804517734048728e-6,0.014948552985725352
7,0.01679443855772424,9,8,41,6.33429298232447,-0.0008748693627017995,-0.10638089429827215,1.4692939757930734e-5,1.0036523323354446e-6,0.0,0.0,0.0,0.0,0.0,0.0,0.0,0.0,1.787195160577606e-7,-1.855089702626733e-7,1.8520920296943105e-7,1.6921261383639103e-7,1.8520920295164034e-7,1.6921261377239335e-7,-1.5996483848120914e-7,1.8467235660827378e-7,1.4965222519258848e-11,1.8804517734048728e-6,0.014948552985725352
7,0.01679443855772424,9,10,42,10.949638131613526,-0.0010556965223830067,0.1838930248306978,-1.772983038076456e-5,8.487484182231677e-7,-1.2568316167667027e-7,-1.639888956869364e-7,1.7174026098820382e-7,-1.2455081021784656e-7,1.7174026097911576e-7,-1.2455081022315002e-7,1.2317790045717423e-7,1.7966582902388493e-7,0.0,0.0,0.0,0.0,0.0,0.0,0.0,0.0,1.4965222519258848e-11,1.8804517734048728e-6,0.014948552985725352
7,0.01679443855772424,9,8,43,10.949638131620802,-0.001055696521897978,-0.18389302483081998,1.7729830372618775e-5,8.48748417218525e-7,0.0,0.0,0.0,0.0,0.0,0.0,0.0,0.0,1.2317789708461151e-7,1.7966583102304945e-7,-1.7174026301773671e-7,1.245508069863784e-7,-1.7174026301569716e-7,1.2455080699249664e-7,-1.256831585842179e-7,-1.6398889774932687e-7,1.4965222519258848e-11,1.8804517734048728e-6,0.014948552985725352
7,0.01679443855772424,9,8,44,10.973425604235377,0.009999981626917814,-0.18429252207808902,-0.0001679440770116425,8.207111351255602e-7,0.0,0.0,0.0,0.0,0.0,0.0,0.0,0.0,-8.110872962891806e-8,-1.8258216728858093e-7,1.8961404732122007e-7,-7.829248585164303e-8,1.8961404734319872e-7,-7.829248584830618e-8,7.521070580775964e-8,1.9675535098077078e-7,1.4965222519258848e-11,1.8804517734048728e-6,0.014948552985725352
7,0.01679443855772424,9,10,45,10.973425604232794,0.009999981632084917,0.18429252207804567,0.0001679440770984211,8.207111229732802e-7,7.521070529021865e-8,1.9675534783231345e-7,-1.896140442671397e-7,7.829248525160563e-8,-1.8961404430785735e-7,7.829248527866703e-8,-8.110872898141599e-8,-1.825821643464143e-7,0.0,0.0,0.0,0.0,0.0,0.0,0.0,0.0,1.4965222519258848e-11,1.8804517734048728e-6,0.014948552985725352
7,0.01679443855772424,9,10,46,9.10391754032457,0.11339505282084039,0.152895183765569,0.0019044062473494987,2.232418624343744e-7,3.047794283583468e-8,-4.499311241733654e-8,4.535474273352159e-8,3.250640034219365e-8,4.5354742549593e-8,3.250640045898127e-8,-3.459832271554616e-8,4.567081947918291e-8,0.0,0.0,0.0,0.0,0.0,0.0,0.0,0.0,1.4965222519258848e-11,1.8804517734048728e-6,0.014948552985725352
7,0.01679443855772424,9,8,47,9.103917540329483,0.11339505282292905,-0.1528951837656515,-0.0019044062473845766,2.232418588689602e-7,0.0,0.0,0.0,0.0,0.0,0.0,0.0,0.0,-3.459832102657832e-8,4.5670819606343795e-8,-4.535474280044848e-8,-3.2506398646004376e-8,-4.535474273468232e-8,-3.2506398744025616e-8,3.0477941114481215e-8,-4.499311253909044e-8,1.4965222519258848e-11,1.8804517734048728e-6,0.014948552985725352
7,0.01679443855772424,9,8,48,6.587417019802372,0.23663946483446738,-0.11063197039317785,-0.0039742269524952085,1.0811770149192965e-7,0.0,0.0,0.0,0.0,0.0,0.0,0.0,0.0,1.5114640126536585e-8,2.1546500618787344e-8,-2.2526943239482213e-8,1.4928869980763686e-8,-2.2526943244915264e-8,1.492886999062623e-8,-1.4711547509701215e-8,-2.352826419799257e-8,1.4965222519258848e-11,1.8804517734048728e-6,0.014948552985725352
7,0.01679443855772424,9,10,49,6.58741701980246,0.23663946483212672,0.11063197039317935,0.003974226952455898,1.081177001016931e-7,-1.4711547336694274e-8,-2.3528263863273578e-8,2.2526942921587095e-8,-1.4928869819375726e-8,2.2526942940553413e-8,-1.4928869833749898e-8,1.51146399813112e-8,2.1546500329534125e-8,0.0,0.0,0.0,0.0,0.0,0.0,0.0,0.0,1.4965222519258848e-11,1.8804517734048728e-6,0.014948552985725352
7,0.01679443855772424,9,8,50,11.207021786583105,0.23663729359175784,-0.1882156388098469,-0.003974190487692929,8.21614986590164e-8,0.0,0.0,0.0,0.0,0.0,0.0,0.0,0.0,-2.8249383226105046e-10,1.9998714632204157e-8,-2.0519867366112914e-8,-8.333567984291273e-10,-2.051986736217396e-8,-8.333567989660721e-10,1.412946748661755e-9,-2.1039833287702577e-8,1.4965222519258848e-11,1.8804517734048728e-6,0.014948552985725352
7,0.01679443855772424,9,10,51,11.207021786564116,0.23663729357812174,0.188215638809528,0.003974190487463919,8.216149862017147e-8,1.4129463571139057e-9,-2.10398333045292e-8,2.051986737107964e-8,8.333564180120301e-10,2.051986736874163e-8,8.333564164807442e-10,-2.824934609333348e-10,1.999871462748298e-8,0.0,0.0,0.0,0.0,0.0,0.0,0.0,0.0,1.4965222519258848e-11,1.8804517734048728e-6,0.014948552985725352
7,0.01679443855772424,9,10,52,8.750734041820882,0.1232552180773965,0.1469636652003467,0.0020700021869197375,3.136896771026973e-8,5.559696537689601e-9,-5.8231271007357435e-9,5.812420855233654e-9,5.2626052425825064e-9,5.8124208566706255e-9,5.262605240334286e-9,-4.973646173113613e-9,5.79434127126845e-9,0.0,0.0,0.0,0.0,0.0,0.0,0.0,0.0,1.4965222519258848e-11,1.8804517734048728e-6,0.014948552985725352
7,0.01679443855772424,9,8,53,8.750734041821108,0.1232552180745148,-0.1469636652003505,-0.002070002186871341,3.136896765302216e-8,0.0,0.0,0.0,0.0,0.0,0.0,0.0,0.0,-4.97364617093428e-9,5.794341254897085e-9,-5.812420838264474e-9,-5.2626052406949944e-9,-5.812420839983485e-9,-5.262605236758396e-9,5.559696534374937e-9,-5.823127083452877e-9,1.4965222519258848e-11,1.8804517734048728e-6,0.014948552985725352
7,0.01679443855772424,9,10,54,11.210166743476844,0.22617407376858154,0.18826845659516547,0.0037984665852566326,1.7223305185469004e-8,-8.074484510560078e-10,4.114212091056722e-9,-4.201065205437812e-9,-9.405887837892589e-10,-4.201065212171128e-9,-9.405887904937267e-10,1.0796096898209462e-9,-4.286597385744466e-9,0.0,0.0,0.0,0.0,0.0,0.0,0.0,0.0,1.4965222519258848e-11,1.8804517734048728e-6,0.014948552985725352
7,0.01679443855772424,9,8,55,11.210166743483486,0.2261740737725271,-0.18826845659527702,-0.003798466585322896,1.7223304993339286e-8,0.0,0.0,0.0,0.0,0.0,0.0,0.0,0.0,1.0796097453111255e-9,-4.286597324444873e-9,4.201065144664605e-9,9.405888376988464e-10,4.201065149461549e-9,9.40588848089768e-10,-8.074485071619412e-10,4.114212028988218e-9,1.4965222519258848e-11,1.8804517734048728e-6,0.014948552985725352
7,0.01679443855772424,9,8,56,11.205974412312841,0.23726145806311644,-0.188198048747018,-0.003984672979557075,8.835247100220669e-9,0.0,0.0,0.0,0.0,0.0,0.0,0.0,0.0,2.14811922557012e-9,-1.0692709803547879e-10,5.138719215103982e-11,2.207827565854031e-9,5.138719084449656e-11,2.2078275662580607e-9,-2.267605684908323e-9,-7.243722475378096e-12,1.4965222519258848e-11,1.8804517734048728e-6,0.014948552985725352
7,0.01679443855772424,9,10,57,11.205974412308056,0.23726145803731122,0.18819804874693763,0.003984672979123692,8.83524664068121e-9,-2.267605567019668e-9,-7.243760461613277e-12,-5.1387151914419455e-11,-2.2078274519108205e-9,-5.1387151123343e-11,-2.2078274522659077e-9,2.1481191154746616e-9,-1.0692705621207744e-10,0.0,0.0,0.0,0.0,0.0,0.0,0.0,0.0,1.4965222519258848e-11,1.8804517734048728e-6,0.014948552985725352
7,0.01679443855772424,9,8,58,11.206512962551392,0.235553192912223,-0.1882070933959096,-0.0039559836254400935,4.0012963076810245e-9,0.0,0.0,0.0,0.0,0.0,0.0,0.0,0.0,9.103640527089656e-10,-3.4640363373625587e-10,3.3082776785533654e-10,9.438491914219377e-10,3.3082776776552944e-10,9.438491910492953e-10,-9.777965634313797e-10,3.1393018946040707e-10,1.4965222519258848e-11,1.8804517734048728e-6,0.014948552985725352
7,0.01679443855772424,9,10,59,11.206512962569768,0.23555319289862323,0.18820709339621822,0.003955983625211694,4.001296009466863e-9,-9.777964003042072e-10,3.1393044727620365e-10,-3.3082801445821984e-10,-9.438490262054136e-10,-3.308280147313322e-10,-9.43849025290935e-10,9.103638852090023e-10,-3.464038697195256e-10,0.0,0.0,0.0,0.0,0.0,0.0,0.0,0.0,1.4965222519258848e-11,1.8804517734048728e-6,0.014948552985725352
7,0.01679443855772424,9,10,60,9.152996985646626,0.12072138702283389,0.15371944549447744,0.002027447916958232,1.7496483686917799e-12,3.085680071426335e-13,-3.262488058977054e-13,3.25573700941184e-13,2.920003673059871e-13,3.255736854482294e-13,2.92000305431011e-13,-2.7588818042706647e-13,3.244894613435185e-13,0.0,0.0,0.0,0.0,0.0,0.0,0.0,0.0,1.4965222519258848e-11,1.8804517734048728e-6,0.014948552985725352
7,0.01679443855772424,9,8,61,9.152996985647928,0.12072138702291138,-0.1537194454944993,-0.0020274479169595334,1.7496376967648793e-12,0.0,0.0,0.0,0.0,0.0,0.0,0.0,0.0,-2.758898864274998e-13,3.2448460079867734e-13,-3.2556865540039305e-13,-2.92001916895388e-13,-3.255687149483548e-13,-2.9200193302757254e-13,3.0856947115587815e-13,-3.262436512444207e-13,1.4965222519258848e-11,1.8804517734048728e-6,0.014948552985725352
7,0.01679443855772424,9,10,62,11.20730271458296,0.23715097981317818,0.1882203568378796,0.003982817559376522,1.7267294938815812e-13,-5.86838934984451e-15,-4.392725521924169e-14,4.2614401770920155e-14,-6.845272578192222e-15,4.261440220232939e-14,-6.845271459579092e-15,7.762487839800972e-15,4.131109033731754e-14,0.0,0.0,0.0,0.0,0.0,0.0,0.0,0.0,1.4965222519258848e-11,1.8804517734048728e-6,0.014948552985725352
7,0.01679443855772424,9,8,63,11.207302714585662,0.2371509798144035,-0.18822035683792498,-0.003982817559397101,1.726719734347055e-13,0.0,0.0,0.0,0.0,0.0,0.0,0.0,0.0,7.762840366768434e-15,4.1310781766678554e-14,-4.261409564508103e-14,6.845642445632966e-15,-4.261409507913614e-14,6.845642931223335e-15,-5.868778586047856e-15,-4.392695111106231e-14,1.4965222519258848e-11,1.8804517734048728e-6,0.014948552985725352
7,0.01679443855772424,9,8,64,9.142202138596776,0.11041716680534534,-0.1535381520989587,-0.0018543943236303609,1.1021968989642499e-13,0.0,0.0,0.0,0.0,0.0,0.0,0.0,0.0,-2.8287573879823412e-14,2.2820698559180776e-16,-9.512156414193175e-16,-2.7533626210519445e-14,-9.51200656043842e-16,-2.753373028990202e-14,2.678108464078451e-14,-1.6356612211744782e-15,1.4965222519258848e-11,1.8804517734048728e-6,0.014948552985725352
7,0.01679443855772424,9,10,65,9.142202138597654,0.11041716680676963,0.15353815209897345,0.001854394323654281,1.1021933161018116e-13,2.6781036897278865e-14,-1.6342927808939296e-15,9.498580152762066e-16,2.753369155217413e-14,9.498848328872959e-16,2.75335768494943e-14,-2.828753740796983e-14,2.269033311413066e-16,0.0,0.0,0.0,0.0,0.0,0.0,0.0,0.0,1.4965222519258848e-11,1.8804517734048728e-6,0.014948552985725352
7,0.01679443855772424,9,10,66,9.155386326288859,0.12280399542707955,0.1537595731290869,0.002062424155843136,3.9833568930590155e-14,-9.404045721933951e-15,-4.010503313884522e-15,3.662097381436022e-15,-9.25872461225626e-15,3.662097640777732e-15,-9.258719752360417e-15,9.108262739820662e-15,3.326650033716357e-15,0.0,0.0,0.0,0.0,0.0,0.0,0.0,0.0,1.4965222519258848e-11,1.8804517734048728e-6,0.014948552985725352
7,0.01679443855772424,9,8,67,9.155386326288433,0.12280399542550671,-0.15375957312907973,-0.0020624241558167213,3.9832939086558476e-14,0.0,0.0,0.0,0.0,0.0,0.0,0.0,0.0,9.107913319846758e-15,3.3271469577082196e-15,-3.662601964595491e-15,9.258350956417603e-15,-3.6626009769018725e-15,9.258355978533772e-15,-9.403657009906836e-15,-4.0110141542441976e-15,1.4965222519258848e-11,1.8804517734048728e-6,0.014948552985725352
7,0.01679443855772424,9,8,68,4.53666412998035,0.12232574429324963,-0.07619072698798648,-0.0020543921965608678,1.711297427822886e-14,0.0,0.0,0.0,0.0,0.0,0.0,0.0,0.0,-1.6632731418698758e-15,3.81939021777969e-15,-3.8751933065424155e-15,-1.8110332309679437e-15,-3.875194416613117e-15,-1.811032161432061e-15,1.964215731135842e-15,-3.928458327901219e-15,1.4965222519258848e-11,1.8804517734048728e-6,0.014948552985725352
7,0.01679443855772424,9,10,69,4.536664129980107,0.12232574429438534,0.0761907269879824,0.002054392196579941,1.7112789766028966e-14,1.964051248582504e-15,-3.928487078558455e-15,3.875219331643254e-15,1.810869557011487e-15,3.875218474339874e-15,1.810870823273607e-15,-1.6631126655498943e-15,3.819411622799319e-15,0.0,0.0,0.0,0.0,0.0,0.0,0.0,0.0,1.4965222519258848e-11,1.8804517734048728e-6,0.014948552985725352
7,0.01679443855772424,9,8,70,10.976814461794433,0.008668407807330747,-0.18434943603814546,-0.00014558104231351333,1.5603233187087568e-14,0.0,0.0,0.0,0.0,0.0,0.0,0.0,0.0,-2.1893490911882885e-16,3.7920059934337875e-15,-3.886329554898593e-15,-3.277571491909797e-16,-3.886329853627922e-15,-3.2775879464598885e-16,4.4202155374701036e-16,-3.98019076365291e-15,1.4965222519258848e-11,1.8804517734048728e-6,0.014948552985725352
7,0.01679443855772424,9,10,71,10.976814461794127,0.008668407807615769,0.18434943603814036,0.0001455810423183001,1.560160929900853e-14,4.4252025160119505e-16,-3.9797152270596085e-15,3.885880871911925e-15,3.2825568700555906e-16,3.885879892149641e-15,3.282551736658126e-16,-2.1943047312994607e-16,3.791582131677757e-15,0.0,0.0,0.0,0.0,0.0,0.0,0.0,0.0,1.4965222519258848e-11,1.8804517734048728e-6,0.014948552985725352
7,0.01679443855772424,9,8,72,10.95414594858996,-0.0012811128048820092,-0.183968731085938,2.1515570287104666e-5,2.0243622701307694e-16,0.0,0.0,0.0,0.0,0.0,0.0,0.0,0.0,-3.8445657605957135e-17,3.494865556505769e-17,-3.501494317597099e-17,-3.652844787153396e-17,-3.5015327454752495e-17,-3.6528272512751427e-17,3.4660053096701114e-17,-3.5030450155028515e-17,1.4965222519258848e-11,1.8804517734048728e-6,0.014948552985725352
7,0.01679443855772424,9,10,73,10.954145948589705,-0.0012811128042023168,0.1839687310859337,-2.1515570275689613e-5,2.020325429500858e-16,3.4560015715431456e-17,-3.4991398234646425e-17,3.497760839150869e-17,3.6424498211865473e-17,3.4977365477008915e-17,3.642480252614485e-17,-3.8338209602407386e-17,3.4912539244901826e-17,0.0,0.0,0.0,0.0,0.0,0.0,0.0,0.0,1.4965222519258848e-11,1.8804517734048728e-6,0.014948552985725352
7,0.01679443855772424,9,10,74,6.973907486677405,0.24763597729397605,0.11712286079225676,0.004158907205345676,3.59989165607852e-20,-1.965763470564962e-21,9.048952972145095e-21,-8.830484394443912e-21,-1.6816293379711142e-21,-8.849421554171233e-21,-1.6751431665543352e-21,1.4045858545629618e-21,-8.629594257405662e-21,0.0,0.0,0.0,0.0,0.0,0.0,0.0,0.0,1.4965222519258848e-11,1.8804517734048728e-6,0.014948552985725352
7,0.01679443855772424,9,8,75,6.973907808396586,0.24763597354035763,-0.11712286619534977,-0.004158907142305762,2.3680207560463784e-20,0.0,0.0,0.0,0.0,0.0,0.0,0.0,0.0,5.468228333030418e-21,1.7959437645961055e-21,-1.989674868337888e-21,5.564059853977677e-21,-1.9875243821689345e-21,5.585612978535364e-21,-5.679403053795334e-21,-2.1894422034046567e-21,1.4965222519258848e-11,1.8804517734048728e-6,0.014948552985725352
7,0.01679443855772424,9,8,76,2.3549382652068958,0.24785165150487223,-0.039549866002250925,-0.004162529332629057,1.2078596175485477e-21,0.0,0.0,0.0,0.0,0.0,0.0,0.0,0.0,1.8649235453050297e-22,-2.2697493345120697e-22,2.288333025798074e-22,1.9741593146913964e-22,2.2805403194753416e-22,1.973609504835622e-22,-2.086208892718278e-22,2.29674534864904e-22,1.4965222519258848e-11,1.8804517734048728e-6,0.014948552985725352
7,0.01679443855772424,9,10,77,2.354938260901811,0.247851651371836,0.03954986592994944,0.004162529330394789,5.833779095276277e-22,-9.023841232813841e-23,1.195482385928334e-22,-1.18670437832277e-22,-8.486326894287478e-23,-1.1805228503620918e-22,-8.54701734112882e-23,8.025799019627913e-23,-1.170940853356086e-22,0.0,0.0,0.0,0.0,0.0,0.0,0.0,0.0,1.4965222519258848e-11,1.8804517734048728e-6,0.014948552985725352
7,0.01679443855772424,9,10,78,9.11968887618492,0.12921441108705972,0.15316005449664888,0.0021700834877741463,3.1305639265879135e-22,5.784868412932619e-23,-5.551960896314643e-23,5.558461999122413e-23,5.496801632707485e-23,5.58674651083073e-23,5.490557838176443e-23,-5.209068898541397e-23,5.584871651809232e-23,0.0,0.0,0.0,0.0,0.0,0.0,0.0,0.0,1.4965222519258848e-11,1.8804517734048728e-6,0.014948552985725352
7,0.01679443855772424,9,8,79,9.119688935324085,0.12921441487653695,-0.15316005548985792,-0.0021700835514162887,7.411009246839066e-23,0.0,0.0,0.0,0.0,0.0,0.0,0.0,0.0,-1.79036265836673e-23,-2.3293736011570998e-24,2.8252420585010374e-24,-1.8326000211409223e-23,2.8998570916486084e-24,-1.8277832079315398e-23,1.8696397320885154e-23,3.420043808507189e-24,1.4965222519258848e-11,1.8804517734048728e-6,0.014948552985725352
8,0.009696273622190719,10,11,0,0.45932657979231417,0.2372016118470663,0.004453756199611297,0.0022999717320938305,28.0945951978305,6.208365860294108,-3.6673596678530345,3.730377873532812,5.94967821814813,3.7303778735182433,5.949678218133158,-5.696207271769777,3.7850628780057796,0.0,0.0,0.0,0.0,0.0,0.0,0.0,0.0,1.2397808733051007e-11,0.0008261431264728799,0.01903641097693521
8,0.009696273622190719,10,9,1,0.45932657981442193,0.2372016117735877,-0.004453756199825659,-0.0022999717313813618,28.0945951495465,0.0,0.0,0.0,0.0,0.0,0.0,0.0,0.0,-5.696207262390779,3.785062870883362,-3.7303778664763962,-5.9496782083275335,-3.730377866462479,-5.9496782083120525,6.208365850021508,-3.667359660877036,1.2397808733051007e-11,0.0008261431264728799,0.01903641097693521
8,0.009696273622190719,10,9,2,0.14211435709904474,-0.06361611967131942,-0.0013779796920740598,0.0006168393031151426,9.384834791166355,0.0,0.0,0.0,0.0,0.0,0.0,0.0,0.0,0.3812925078905194,-2.3783013629395717,2.3252357548699116,0.3099174270647278,2.325235754863189,0.3099174270650502,-0.24179737098208431,2.271733983878504,1.2397808733051007e-11,0.0008261431264728799,0.01903641097693521
8,0.009696273622190719,10,11,3,0.14211435709969922,-0.06361611967016648,0.0013779796920804059,-0.0006168393031039634,9.384834791149856,-0.24179737099942988,2.2717339838728092,-2.325235754863847,-0.3099174270826739,-2.3252357548561866,-0.30991742708274983,0.38129250790880853,-2.378301362932154,0.0,0.0,0.0,0.0,0.0,0.0,0.0,0.0,1.2397808733051007e-11,0.0008261431264728799,0.01903641097693521
8,0.009696273622190719,10,11,4,1.022562341922063,0.20288771805106262,0.009915044263024466,0.0019672548288049863,6.1092314951889914,1.124202923103998,-1.093021690102861,1.0930899881190368,1.0663056915541702,1.0930899881153888,1.0663056915518128,-1.0099377402565188,1.0916643876672931,0.0,0.0,0.0,0.0,0.0,0.0,0.0,0.0,1.2397808733051007e-11,0.0008261431264728799,0.01903641097693521
8,0.009696273622190719,10,9,5,1.0225623418455951,0.20288771814563747,-0.009915044262283013,-0.0019672548297220097,6.109231425118736,0.0,0.0,0.0,0.0,0.0,0.0,0.0,0.0,-1.0099377328419399,1.0916643712894465,-1.093089971509515,-1.0663056834984783,-1.0930899715057778,-1.0663056834965399,1.1242029143843701,-1.0930216732728542,1.2397808733051007e-11,0.0008261431264728799,0.01903641097693521
8,0.009696273622190719,10,11,6,3.871184866867715,0.013422375144770696,0.037536067711233315,0.00013014702206338844,1.8012944116302978,0.3862815825136492,-0.2540068959701218,0.2572449262807377,0.36952060044888163,0.25724492627791773,0.3695206004471525,-0.3531193989727263,0.2599653759015046,0.0,0.0,0.0,0.0,0.0,0.0,0.0,0.0,1.2397808733051007e-11,0.0008261431264728799,0.01903641097693521
8,0.009696273622190719,10,9,7,3.8711848661900543,0.013422374840650786,-0.03753606770466253,-0.00013014701911455857,1.8012943646766308,0.0,0.0,0.0,0.0,0.0,0.0,0.0,0.0,-0.3531193935187401,0.2599653640299278,-0.2572449142431758,-0.3695205945277263,-0.257244914242131,-0.36952059452666236,0.3862815761091753,-0.2540068837766869,1.2397808733051007e-11,0.0008261431264728799,0.01903641097693521
8,0.009696273622190719,10,11,8,11.679587145339632,0.01300748701805736,0.11324847275543447,0.0001261241532641778,1.7226180196796088,0.3384809117492491,-0.2844304068894438,0.28563202479180005,0.32219991928492964,0.2856320247839329,0.322199919261865,-0.3063184956808076,0.28638228310094893,0.0,0.0,0.0,0.0,0.0,0.0,0.0,0.0,1.2397808733051007e-11,0.0008261431264728799,0.01903641097693521
8,0.009696273622190719,10,9,9,11.679587155137797,0.013007440969303119,-0.11324847285044017,-0.00012612370676285672,1.7226179774640422,0.0,0.0,0.0,0.0,0.0,0.0,0.0,0.0,-0.3063185026101264,0.28638226064751765,-0.2856320015491919,-0.3221999257675527,-0.28563200155556073,-0.3221999257732357,0.33848091778109685,-0.28443038286310873,1.2397808733051007e-11,0.0008261431264728799,0.01903641097693521
8,0.009696273622190719,10,9,10,11.648579416172387,-0.010827683785329958,-0.11294781332902608,0.00010498818467711703,1.4828363287336594,0.0,0.0,0.0,0.0,0.0,0.0,0.0,0.0,0.2614750360230173,-0.27653356698368126,0.2759594609432128,0.24743390748073066,0.27595946094928536,0.2474339074867195,-0.23377887951530715,0.27503867716809066,1.2397808733051007e-11,0.0008261431264728799,0.01903641097693521
8,0.009696273622190719,10,11,11,11.648579416155657,-0.010827683776055474,0.11294781332886386,-0.0001049881845871891,1.4828363281586485,-0.23377887941436162,0.2750386770653598,-0.27595946084754935,-0.24743390739436358,-0.2759594608397159,-0.2474339073712381,0.2614750359222653,-0.27653356688103514,0.0,0.0,0.0,0.0,0.0,0.0,0.0,0.0,1.2397808733051007e-11,0.0008261431264728799,0.01903641097693521
8,0.009696273622190719,10,9,12,3.842652056150384,-0.008893549172541551,-0.0372594057713079,8.623428624937074e-5,1.1757272878456553,0.0,0.0,0.0,0.0,0.0,0.0,0.0,0.0,0.18578409935544304,-0.2377849452139484,0.23628485077023256,0.17474315579686087,0.23628485076919592,0.17474315579653524,-0.16403283961878135,0.2345398844682481,1.2397808733051007e-11,0.0008261431264728799,0.01903641097693521
8,0.009696273622190719,10,11,13,3.84265205614983,-0.008893549173345353,0.037259405771302524,-8.623428625716462e-5,1.1757272878444829,-0.16403283960684775,0.2345398844767352,-0.23628485077951503,-0.17474315578523353,-0.23628485077683015,-0.17474315578432048,0.185784099343521,-0.237784945222359,0.0,0.0,0.0,0.0,0.0,0.0,0.0,0.0,1.2397808733051007e-11,0.0008261431264728799,0.01903641097693521
8,0.009696273622190719,10,9,14,0.9136095531515503,0.07804026157274263,-0.008858608211204827,-0.0007566997297566483,0.6695480882110314,0.0,0.0,0.0,0.0,0.0,0.0,0.0,0.0,-0.12455684442129615,-0.11838810155732037,0.11204743078090793,-0.12431407677171202,0.11204743078091468,-0.12431407677053723,0.12391432096699372,0.1058806898202799,1.2397808733051007e-11,0.0008261431264728799,0.01903641097693521
8,0.009696273622190719,10,11,15,0.9136095531513995,0.0780402615777471,0.008858608211203364,0.0007566997298051731,0.6695480882056524,0.12391432096377661,0.10588068982184849,-0.1120474307824488,0.12431407676846551,-0.11204743078254589,0.12431407676730029,-0.12455684441802967,-0.11838810155892814,0.0,0.0,0.0,0.0,0.0,0.0,0.0,0.0,1.2397808733051007e-11,0.0008261431264728799,0.01903641097693521
8,0.009696273622190719,10,11,16,4.555367481050436,0.3185076190678314,0.04417008954589473,0.0030883370252341837,0.028508883181330373,0.005305403632530787,-0.005038922308803446,0.00504240017427523,0.005035246935431943,0.00504240017425426,0.005035246935409725,-0.004772144660556782,0.005038823755921296,0.0,0.0,0.0,0.0,0.0,0.0,0.0,0.0,1.2397808733051007e-11,0.0008261431264728799,0.01903641097693521
8,0.009696273622190719,10,9,17,4.555367481893038,0.31850761896261115,-0.044170089554064824,-0.003088337024213939,0.02850887944151461,0.0,0.0,0.0,0.0,0.0,0.0,0.0,0.0,-0.004772144264344821,0.005038822877287795,-0.005042399283168519,-0.005035246504867769,-0.0050423992831512224,-0.005035246504850188,0.005305403166371791,-0.005038921405830643,1.2397808733051007e-11,0.0008261431264728799,0.01903641097693521
8,0.009696273622190719,10,11,18,4.626573767023321,0.1192506528522286,0.04486052517830778,0.0011562869596800868,0.010989119611129887,0.001413992515681813,-0.00244036888240171,0.0024122760735788857,0.001313709042343116,0.002412276073481251,0.0013137090423582856,-0.001216801466433036,0.0023823417088718666,0.0,0.0,0.0,0.0,0.0,0.0,0.0,0.0,1.2397808733051007e-11,0.0008261431264728799,0.01903641097693521
8,0.009696273622190719,10,9,19,4.626573765592091,0.11925065284154474,-0.044860525164430176,-0.001156286959576493,0.010989113069690328,0.0,0.0,0.0,0.0,0.0,0.0,0.0,0.0,-0.0012168010596542642,0.0023823401285543258,-0.002412274462493626,-0.0013137085818860287,-0.002412274462458485,-0.0013137085818910065,0.0014139919992818208,-0.0024403672412567513,1.2397808733051007e-11,0.0008261431264728799,0.01903641097693521
8,0.009696273622190719,10,11,20,4.616371407932518,0.10868942214003552,0.04476160031297151,0.0010538823769075784,0.007116177743672694,-0.00015170198183170227,0.0017256476970705674,-0.001767157258211722,-0.00020260170889949136,-0.0017671572581111638,-0.00020260170896801337,0.0002559752564349092,-0.0018083814451862784,0.0,0.0,0.0,0.0,0.0,0.0,0.0,0.0,1.2397808733051007e-11,0.0008261431264728799,0.01903641097693521
8,0.009696273622190719,10,9,21,4.61637140793112,0.10868942213618712,-0.04476160031295795,-0.0010538823768702632,0.00711617774250675,0.0,0.0,0.0,0.0,0.0,0.0,0.0,0.0,0.0002559752561497482,-0.0018083814449228676,0.001767157257923424,0.00020260170862720548,0.0017671572578775827,0.00020260170867536444,-0.00015170198155202766,0.001725647696811727,1.2397808733051007e-11,0.0008261431264728799,0.01903641097693521
8,0.009696273622190719,10,9,22,4.362853216696224,0.18999888252187572,-0.04230341856254152,-0.0018422811528425768,0.006404009205322723,0.0,0.0,0.0,0.0,0.0,0.0,0.0,0.0,-0.0005121380556694301,0.0014724143699432464,-0.0014974341004120669,-0.0005656881360116774,-0.0014974341004301826,-0.0005656881360298438,0.0006213340687114589,-0.0015216604004121496,1.2397808733051007e-11,0.0008261431264728799,0.01903641097693521
8,0.009696273622190719,10,11,23,4.362853211655367,0.18999888311317778,0.042303418513664,0.0018422811585760033,0.00640400881609257,0.0006213335773504513,-0.00152166049314783,0.0014974341780240167,0.0005656876552647687,0.0014974341780449596,0.0005656876552709079,-0.0005121375856338572,0.0014724144331078714,0.0,0.0,0.0,0.0,0.0,0.0,0.0,0.0,1.2397808733051007e-11,0.0008261431264728799,0.01903641097693521
8,0.009696273622190719,10,11,24,4.145572850914711,-0.0881717575331856,0.04019660868319429,-0.0008549374867912233,0.006173815572707008,0.00038824363839548267,0.0014518890307412611,-0.0015008306325706956,0.0003590601645442897,-0.0015008306325682526,0.0003590601645434789,-0.0003277751769574851,-0.0015502734475686107,0.0,0.0,0.0,0.0,0.0,0.0,0.0,0.0,1.2397808733051007e-11,0.0008261431264728799,0.01903641097693521
8,0.009696273622190719,10,9,25,4.145572850913784,-0.08817175753517287,-0.04019660868318531,0.0008549374868104925,0.006173815572692528,0.0,0.0,0.0,0.0,0.0,0.0,0.0,0.0,-0.00032777517698705705,-0.0015502734475573855,0.001500830632560094,-0.00035906016457207897,0.0015008306325576526,-0.00035906016457332764,0.0003882436384236045,0.0014518890307312505,1.2397808733051007e-11,0.0008261431264728799,0.01903641097693521
8,0.009696273622190719,10,9,26,4.3576910744184465,0.17583934320328679,-0.04225336501853952,-0.0017049863852453707,0.004330994117184004,0.0,0.0,0.0,0.0,0.0,0.0,0.0,0.0,-0.00045010118485008024,-0.0010163696168826082,0.000977892898293064,-0.00046439192467272997,0.0009778928983228993,-0.00046439192464590843,0.00047731315997769715,0.0009400653697750698,1.2397808733051007e-11,0.0008261431264728799,0.01903641097693521
8,0.009696273622190719,10,11,27,4.357691074417466,0.1758393432041406,0.04225336501853001,0.0017049863852536494,0.0043309941162196055,0.00047731315977605755,0.0009400653696054845,-0.000977892898121303,0.00046439192446895503,-0.0009778928981511532,0.00046439192444866587,-0.00045010118465062867,-0.0010163696167089166,0.0,0.0,0.0,0.0,0.0,0.0,0.0,0.0,1.2397808733051007e-11,0.0008261431264728799,0.01903641097693521
8,0.009696273622190719,10,9,28,11.954766073672848,-0.08877672643570177,-0.11591668293961455,0.0008608034308029366,0.002229324948580295,0.0,0.0,0.0,0.0,0.0,0.0,0.0,0.0,-0.0001039323012949265,-0.0005626505127699214,0.0005450932440053426,-0.00011568419298554685,0.0005450932439989842,-0.00011568419299047127,0.00012667284114292922,0.000527697398833578,1.2397808733051007e-11,0.0008261431264728799,0.01903641097693521
8,0.009696273622190719,10,11,29,11.954766073667917,-0.08877672641810808,0.11591668293956674,-0.0008608034306323433,0.002229324947561516,0.00012667284081658482,0.0005276973986577207,-0.0005450932438150962,0.00011568419266061713,-0.0005450932438085263,0.00011568419265612606,-0.00010393230096234407,-0.0005626505125645909,0.0,0.0,0.0,0.0,0.0,0.0,0.0,0.0,1.2397808733051007e-11,0.0008261431264728799,0.01903641097693521
8,0.009696273622190719,10,11,30,8.154413976639576,0.2292548062417187,0.07906742914611364,0.0022229173305220212,0.000351009798027665,7.692944223137196e-5,-4.688105958933275e-5,4.762391098318898e-5,7.368692181784735e-5,4.762391098317208e-5,7.36869218178819e-5,-7.051100263391814e-5,4.826355406563313e-5,0.0,0.0,0.0,0.0,0.0,0.0,0.0,0.0,1.2397808733051007e-11,0.0008261431264728799,0.01903641097693521
8,0.009696273622190719,10,9,31,8.154413985421627,0.2292548025376813,-0.07906742923126682,-0.002222917294606661,0.00035100852709731153,0.0,0.0,0.0,0.0,0.0,0.0,0.0,0.0,-7.051082428879232e-5,4.8263266878200185e-5,-4.762362104720174e-5,-7.368673095402009e-5,-4.7623621047453476e-5,-7.368673095338376e-5,7.692923844245339e-5,-4.688076717253142e-5,1.2397808733051007e-11,0.0008261431264728799,0.01903641097693521
8,0.009696273622190719,10,9,32,11.587190128565192,0.01720870575270747,-0.11235256599891535,-0.00016686031966201914,0.00017485427682651796,0.0,0.0,0.0,0.0,0.0,0.0,0.0,0.0,-4.183896353880426e-5,7.82853738096087e-6,-6.89872541861155e-6,-4.315802869053626e-5,-6.898725413120314e-6,-4.315802868932523e-5,4.448670975689973e-5,-5.908485479729249e-6,1.2397808733051007e-11,0.0008261431264728799,0.01903641097693521
8,0.009696273622190719,10,11,33,11.587190130179291,0.017208708522506527,0.1123525660145661,0.00016686034651874866,0.00017485413711588785,4.448666104396931e-5,-5.9085799220604784e-6,6.898816109644606e-6,4.315797882750087e-5,6.898816110785719e-6,4.315797882767503e-5,-4.1838912654006806e-5,7.828624396594997e-6,0.0,0.0,0.0,0.0,0.0,0.0,0.0,0.0,1.2397808733051007e-11,0.0008261431264728799,0.01903641097693521
8,0.009696273622190719,10,11,34,8.168884029041592,0.21808565964897333,0.07920773473353104,0.002114618229032403,0.00013855971091793722,-1.6696388735491846e-5,2.9307530747456346e-5,-2.9628849255672393e-5,-1.7934219860404274e-5,-2.9628849253816662e-5,-1.7934219861814377e-5,1.9213513779824814e-5,-2.992503083026094e-5,0.0,0.0,0.0,0.0,0.0,0.0,0.0,0.0,1.2397808733051007e-11,0.0008261431264728799,0.01903641097693521
8,0.009696273622190719,10,9,35,8.16888402904066,0.21808565964616497,-0.079207734733522,-0.0021146182290051724,0.0001385597109012971,0.0,0.0,0.0,0.0,0.0,0.0,0.0,0.0,1.9213513782035614e-5,-2.9925030824034947e-5,2.962884924897867e-5,1.7934219863264125e-5,2.962884924808815e-5,1.7934219863401128e-5,-1.6696388737734633e-5,2.9307530741263197e-5,1.2397808733051007e-11,0.0008261431264728799,0.01903641097693521
8,0.009696273622190719,10,11,36,7.85208180586455,-0.056569107507869636,0.0761359336934881,-0.0005485095449594273,0.00010745873327411812,2.3747680312061495e-6,2.6050840685882355e-5,-2.6804232043239772e-5,1.729726668889849e-6,-2.68042320433418e-5,1.7297266689421906e-6,-1.0471577050125997e-6,-2.7560018748722952e-5,0.0,0.0,0.0,0.0,0.0,0.0,0.0,0.0,1.2397808733051007e-11,0.0008261431264728799,0.01903641097693521
8,0.009696273622190719,10,9,37,7.85208180586496,-0.05656910750779364,-0.07613593369349207,0.0005485095449586905,0.00010745873323793531,0.0,0.0,0.0,0.0,0.0,0.0,0.0,0.0,-1.0471577032592009e-6,-2.756001873932248e-5,2.680423203435141e-5,-1.7297266669062961e-6,2.680423203435952e-5,-1.7297266670412996e-6,2.374768029096314e-6,2.605084067740003e-5,1.2397808733051007e-11,0.0008261431264728799,0.01903641097693521
8,0.009696273622190719,10,11,38,7.889330207179948,-0.041667541031787776,0.07649710438463136,-0.0004040198790080733,9.788555926641964e-5,1.4325623954280749e-5,-2.0638225214458737e-5,2.0461657152304483e-5,1.3414919829999062e-5,2.046165715258119e-5,1.341491983025096e-5,-1.2532848865334125e-5,2.026628815945955e-5,0.0,0.0,0.0,0.0,0.0,0.0,0.0,0.0,1.2397808733051007e-11,0.0008261431264728799,0.01903641097693521
8,0.009696273622190719,10,9,39,7.889330206735811,-0.041667540872472854,-0.07649710438032489,0.00040401987746331217,9.788533957993333e-5,0.0,0.0,0.0,0.0,0.0,0.0,0.0,0.0,-1.2532851707875376e-5,2.0266223523070498e-5,-2.0461590729556864e-5,-1.341492099130147e-5,-2.0461590729745447e-5,-1.341492099192919e-5,1.4325623341730594e-5,-2.0638157003702226e-5,1.2397808733051007e-11,0.0008261431264728799,0.01903641097693521
8,0.009696273622190719,10,9,40,5.110909558762261,0.16394070491221777,-0.049556777540028914,-0.0015896139326436896,7.940692736663472e-5,0.0,0.0,0.0,0.0,0.0,0.0,0.0,0.0,-1.9273193825485504e-5,1.4829297490813118e-6,-9.984635076601416e-7,-1.982313054009687e-5,-9.984635076050828e-7,-1.982313053989829e-5,2.037444567607475e-5,-4.862439185334054e-7,1.2397808733051007e-11,0.0008261431264728799,0.01903641097693521
8,0.009696273622190719,10,11,41,5.110909558583367,0.16394070357440113,0.04955677753829431,0.0015896139196718533,7.94063274070449e-5,2.03742947134229e-5,-4.861154991845116e-7,9.9833459346893e-7,1.982298687893347e-5,9.983345938086376e-7,1.9822986879204917e-5,-1.9273057285939528e-5,1.482800541702938e-6,0.0,0.0,0.0,0.0,0.0,0.0,0.0,0.0,1.2397808733051007e-11,0.0008261431264728799,0.01903641097693521
8,0.009696273622190719,10,9,42,5.099850676003065,0.15297072066647646,-0.049449547586840024,-0.0014832459637658605,7.156949140433842e-5,0.0,0.0,0.0,0.0,0.0,0.0,0.0,0.0,1.3553042535458094e-5,-1.2398590716937685e-5,1.2420001902986877e-5,1.2875115504227359e-5,1.242000190321056e-5,1.2875115504025116e-5,-1.2214563849320045e-5,1.2423375764784625e-5,1.2397808733051007e-11,0.0008261431264728799,0.01903641097693521
8,0.009696273622190719,10,11,43,5.099850676001825,0.15297072066742273,0.049449547586828006,0.0014832459637750357,7.156949139312029e-5,-1.2214563854873884e-5,1.2423375755198713e-5,-1.242000189297156e-5,-1.2875115509630082e-5,-1.2420001893902717e-5,-1.2875115509462538e-5,1.3553042540747206e-5,-1.239859070721131e-5,0.0,0.0,0.0,0.0,0.0,0.0,0.0,0.0,1.2397808733051007e-11,0.0008261431264728799,0.01903641097693521
8,0.009696273622190719,10,11,44,8.170978663788757,0.23729074435156453,0.0792280448851781,0.0023008359852460763,7.116366294003513e-5,6.58815466598922e-6,-1.7034980879094815e-5,1.675429201210797e-5,5.9749216121414725e-6,1.675429201127386e-5,5.974921611597549e-6,-5.385138699649192e-6,1.6465221838923586e-5,0.0,0.0,0.0,0.0,0.0,0.0,0.0,0.0,1.2397808733051007e-11,0.0008261431264728799,0.01903641097693521
8,0.009696273622190719,10,9,45,8.170978664111985,0.23729074424158222,-0.0792280448883122,-0.002300835984179658,7.116365256983759e-5,0.0,0.0,0.0,0.0,0.0,0.0,0.0,0.0,-5.385148103367954e-6,1.64652161072978e-5,-1.6754285873208704e-5,-5.9749311087934885e-6,-1.6754285872827298e-5,-5.974931108118455e-6,6.58816424683821e-6,-1.7034974320090167e-5,1.2397808733051007e-11,0.0008261431264728799,0.01903641097693521
8,0.009696273622190719,10,11,46,7.856184407616301,-0.05860177835145102,0.07617571364263596,-0.0005682188776426416,5.647042930339246e-5,-8.366410961020735e-6,1.0907550498684146e-5,-1.0968653159166481e-5,-8.884018348369863e-6,-1.0968653159106644e-5,-8.884018348589028e-6,9.416973136503221e-6,-1.1017307450714308e-5,0.0,0.0,0.0,0.0,0.0,0.0,0.0,0.0,1.2397808733051007e-11,0.0008261431264728799,0.01903641097693521
8,0.009696273622190719,10,9,47,7.856184407615985,-0.058601778352648196,-0.0761757136426329,0.0005682188776542498,5.647042927489112e-5,0.0,0.0,0.0,0.0,0.0,0.0,0.0,0.0,9.41697312927135e-6,-1.1017307447348961e-5,1.0968653155573993e-5,8.884018341339755e-6,1.0968653155670446e-5,8.884018341656856e-6,-8.366410954289584e-6,1.0907550495031872e-5,1.2397808733051007e-11,0.0008261431264728799,0.01903641097693521
8,0.009696273622190719,10,9,48,11.55910945866856,-0.004702895466769233,-0.11208028814010321,4.560056126235483e-5,4.742775500486836e-5,0.0,0.0,0.0,0.0,0.0,0.0,0.0,0.0,8.353834710163664e-6,-8.85357669616682e-6,8.834741765418738e-6,7.904756023236635e-6,8.834741764034961e-6,7.904756024473012e-6,-7.468038223297496e-6,8.80483152228205e-6,1.2397808733051007e-11,0.0008261431264728799,0.01903641097693521
8,0.009696273622190719,10,11,49,11.559109458666876,-0.004702895467672857,0.11208028814008687,-4.560056127111661e-5,4.74277547655823e-5,-7.4680381910088376e-6,8.80483147332276e-6,-8.834741715069013e-6,-7.904755990041942e-6,-8.834741714084147e-6,-7.90475599037073e-6,8.353834675087804e-6,-8.853576644788168e-6,0.0,0.0,0.0,0.0,0.0,0.0,0.0,0.0,1.2397808733051007e-11,0.0008261431264728799,0.01903641097693521
8,0.009696273622190719,10,9,50,8.711693026068804,0.21027394944534997,-0.08447095929329379,-0.0020388737494408116,2.999821194823928e-5,0.0,0.0,0.0,0.0,0.0,0.0,0.0,0.0,-5.030284714598963e-6,5.293671004145505e-6,-5.296972354747424e-6,-5.307137573799706e-6,-5.296972354783318e-6,-5.307137573485858e-6,5.5914009893545735e-6,-5.292838525397583e-6,1.2397808733051007e-11,0.0008261431264728799,0.01903641097693521
8,0.009696273622190719,10,11,51,8.711693017825148,0.2102739463677555,0.08447095921336105,0.002038873719599614,2.999806942334131e-5,5.591366026516366e-6,-5.292822249633863e-6,5.2969556083462435e-6,5.307103955001579e-6,5.296955608436086e-6,5.307103954610678e-6,-5.030252416350619e-6,5.293653834241397e-6,0.0,0.0,0.0,0.0,0.0,0.0,0.0,0.0,1.2397808733051007e-11,0.0008261431264728799,0.01903641097693521
8,0.009696273622190719,10,9,52,8.72970441240346,0.19176042053217476,-0.0846456026235096,-0.0018593615073863258,1.1691029939095994e-5,0.0,0.0,0.0,0.0,0.0,0.0,0.0,0.0,1.3088557188081895e-6,-2.7000591899274107e-6,2.6623895818203767e-6,1.2046599123341413e-6,2.662389581736474e-6,1.204659912790081e-6,-1.1041902693363186e-6,2.623030841443052e-6,1.2397808733051007e-11,0.0008261431264728799,0.01903641097693521
8,0.009696273622190719,10,11,53,8.729704412405749,0.19176042053437928,0.0846456026235318,0.0018593615074077013,1.169102993222968e-5,-1.1041902652759003e-6,2.623030841430776e-6,-2.662389581827675e-6,-1.2046599082532522e-6,-2.662389581659467e-6,-1.2046599087038985e-6,1.3088557146989461e-6,-2.7000591898642056e-6,0.0,0.0,0.0,0.0,0.0,0.0,0.0,0.0,1.2397808733051007e-11,0.0008261431264728799,0.01903641097693521
8,0.009696273622190719,10,11,54,8.736112333496436,0.2034302433933777,0.08470773557977651,0.001972515302971046,5.593896001016678e-6,3.3993724768886895e-7,-1.394881241282037e-6,1.366755514204089e-6,2.949998773963982e-7,1.366755514036162e-6,2.949998773844762e-7,-2.5197567477205215e-7,1.3382154479103258e-6,0.0,0.0,0.0,0.0,0.0,0.0,0.0,0.0,1.2397808733051007e-11,0.0008261431264728799,0.01903641097693521
8,0.009696273622190719,10,9,55,8.736112333865025,0.2034302436535618,-0.08470773558335044,-0.001972515305493862,5.593877017433484e-6,0.0,0.0,0.0,0.0,0.0,0.0,0.0,0.0,-2.519740149701105e-7,1.3382110580183148e-6,-1.36675105331448e-6,-2.949980544255331e-7,-1.366751053197747e-6,-2.9499805438249124e-7,3.39935255274365e-7,-1.39487671200395e-6,1.2397808733051007e-11,0.0008261431264728799,0.01903641097693521
8,0.009696273622190719,10,11,56,11.863018174781828,-0.08427116881228525,0.11502707020770614,-0.0008171163112657427,3.4722480621503475e-6,-7.956330087109273e-7,-2.8534942815233685e-7,3.1451341606160654e-7,-8.089186890845426e-7,3.1451341598786634e-7,-8.089186890783239e-7,8.217632581459226e-7,3.4480958128478216e-7,0.0,0.0,0.0,0.0,0.0,0.0,0.0,0.0,1.2397808733051007e-11,0.0008261431264728799,0.01903641097693521
8,0.009696273622190719,10,9,57,11.863018174780704,-0.08427116881339129,-0.11502707020769523,0.0008171163112764672,3.4722480615921977e-6,0.0,0.0,0.0,0.0,0.0,0.0,0.0,0.0,8.217632573843932e-7,3.4480958254006566e-7,-3.145134173886809e-7,8.089186884286237e-7,-3.145134173076533e-7,8.089186884078017e-7,-7.956330081460663e-7,-2.8534942953623733e-7,1.2397808733051007e-11,0.0008261431264728799,0.01903641097693521
8,0.009696273622190719,10,11,58,8.592730246919404,0.07538942589932929,0.08331746363580496,0.0007309965017397684,1.921515205303056e-6,4.542515650299006e-7,1.1159173712636306e-7,-1.268852192833949e-7,4.6323129230854115e-7,-1.2688521935225884e-7,4.6323129225992866e-7,-4.7203292635102496e-7,-1.4282710065315659e-7,0.0,0.0,0.0,0.0,0.0,0.0,0.0,0.0,1.2397808733051007e-11,0.0008261431264728799,0.01903641097693521
8,0.009696273622190719,10,9,59,8.592730246920132,0.07538942590022893,-0.08331746363581202,-0.0007309965017484915,1.9215151968031026e-6,0.0,0.0,0.0,0.0,0.0,0.0,0.0,0.0,-4.720329250088544e-7,-1.4282709760724694e-7,1.2688521636055302e-7,-4.6323129090332016e-7,1.2688521640982662e-7,-4.6323129086556875e-7,4.542515635772717e-7,1.1159173430591417e-7,1.2397808733051007e-11,0.0008261431264728799,0.01903641097693521
8,0.009696273622190719,10,11,60,8.645624163111481,0.09394270597623625,0.08383033752015256,0.000910894181954598,1.1040524767189873e-6,-2.5680649636394965e-7,-1.1976700652878463e-7,1.099816139261438e-7,-2.531020415228515e-7,1.0998161390409229e-7,-2.531020415140569e-7,2.492433644490236e-7,1.0055045620420697e-7,0.0,0.0,0.0,0.0,0.0,0.0,0.0,0.0,1.2397808733051007e-11,0.0008261431264728799,0.01903641097693521
8,0.009696273622190719,10,9,61,8.645624161303276,0.09394270572820526,-0.08383033750261971,-0.0009108941795496217,1.1040028239910812e-6,0.0,0.0,0.0,0.0,0.0,0.0,0.0,0.0,2.492347596631579e-7,1.0053947792721878e-7,-1.0997011155563382e-7,2.5309350750737307e-7,-1.0997011152424616e-7,2.5309350748356006e-7,-2.5679804921549083e-7,-1.1975496811964363e-7,1.2397808733051007e-11,0.0008261431264728799,0.01903641097693521
8,0.009696273622190719,10,9,62,12.077351840738654,0.1902886263480347,-0.11710530807927073,-0.0018450905882613547,5.981842550502358e-7,0.0,0.0,0.0,0.0,0.0,0.0,0.0,0.0,-4.433140311999973e-8,1.3870484051599524e-7,-1.4116808373542976e-7,-4.9272467712582904e-8,-1.4116808373689169e-7,-4.9272467737887074e-8,5.441111926356407e-8,-1.4356220718910308e-7,1.2397808733051007e-11,0.0008261431264728799,0.01903641097693521
8,0.009696273622190719,10,11,63,12.077351814398678,0.19028863017949108,0.11710530782387113,0.0018450906254122042,5.981222243316716e-7,5.440267926460144e-8,-1.4354838036404993e-7,1.4115440501381723e-7,4.926460724178144e-8,1.4115440499330967e-7,4.926460724881546e-8,-4.432410301873278e-8,1.3869132089547238e-7,0.0,0.0,0.0,0.0,0.0,0.0,0.0,0.0,1.2397808733051007e-11,0.0008261431264728799,0.01903641097693521
8,0.009696273622190719,10,11,64,8.627155362257001,0.08094380396534975,0.08365125897359378,0.0007848532712689974,4.866216174324282e-7,1.088839647497026e-7,4.665664081681618e-8,-5.0848917198624916e-8,1.1049547092754955e-7,-5.0848917215161004e-8,1.1049547091528981e-7,-1.1203568035756155e-7,-5.51958373479955e-8,0.0,0.0,0.0,0.0,0.0,0.0,0.0,0.0,1.2397808733051007e-11,0.0008261431264728799,0.01903641097693521
8,0.009696273622190719,10,9,65,8.627155362257147,0.08094380396110853,-0.0836512589735952,-0.0007848532712278733,4.866216166200433e-7,0.0,0.0,0.0,0.0,0.0,0.0,0.0,0.0,-1.1203568026699544e-7,-5.519583707346386e-8,5.0848916927673323e-8,-1.1049547083244189e-7,5.084891695498582e-8,-1.1049547080758514e-7,1.0888396463812095e-7,4.6656640560438526e-8,1.2397808733051007e-11,0.0008261431264728799,0.01903641097693521
8,0.009696273622190719,10,11,66,12.072549799162324,0.17629759487508853,0.11705874617020151,0.0017094297188429866,1.114726006176689e-7,-2.6024853030299496e-8,7.685528021762462e-9,-7.181625871427781e-9,-2.692185793860496e-8,-7.18162586704588e-9,-2.692185794762677e-8,2.7828890744143768e-8,-6.64002609638285e-9,0.0,0.0,0.0,0.0,0.0,0.0,0.0,0.0,1.2397808733051007e-11,0.0008261431264728799,0.01903641097693521
8,0.009696273622190719,10,9,67,12.072549799162568,0.1762975948777847,-0.11705874617020387,-0.0017094297188691295,1.114726005999535e-7,0.0,0.0,0.0,0.0,0.0,0.0,0.0,0.0,2.782889062504152e-8,-6.640026534017014e-9,7.181626288978655e-9,2.6921857806866448e-8,7.181626312577054e-9,2.692185784022822e-8,-2.602485291001109e-8,7.685528447330861e-9,1.2397808733051007e-11,0.0008261431264728799,0.01903641097693521
8,0.009696273622190719,10,9,68,4.64495077288705,0.10529563778809123,-0.0450387136555191,-0.0010209753152164173,4.0816472918851617e-13,0.0,0.0,0.0,0.0,0.0,0.0,0.0,0.0,2.9794980084363446e-14,-1.0043137730416061e-13,9.854346240317415e-14,2.6418806059876395e-14,9.854339741102746e-14,2.6418826862783517e-14,-2.3180587326433653e-14,9.661839868017272e-14,1.2397808733051007e-11,0.0008261431264728799,0.01903641097693521
8,0.009696273622190719,10,11,69,4.644950772887202,0.10529563779011603,0.04503871365552057,0.0010209753152360503,4.0815085418929723e-13,-2.3177732333862918e-14,9.66155758080959e-14,-9.854059539925754e-14,-2.641588513197494e-14,-9.8540684245531e-14,-2.641577212235694e-14,2.9791858109890115e-14,-1.0042862474701155e-13,0.0,0.0,0.0,0.0,0.0,0.0,0.0,0.0,1.2397808733051007e-11,0.0008261431264728799,0.01903641097693521
8,0.009696273622190719,10,11,70,4.662572420479685,0.12315030115689518,0.0452095779722511,0.0011940990166724459,3.542551648621541e-13,3.670191835977913e-14,-8.318480565182345e-14,8.193093154656344e-14,3.358757969419938e-14,8.19309197449229e-14,3.358757863689783e-14,-3.058790994740014e-14,8.062994226043488e-14,0.0,0.0,0.0,0.0,0.0,0.0,0.0,0.0,1.2397808733051007e-11,0.0008261431264728799,0.01903641097693521
8,0.009696273622190719,10,9,71,4.66257241840043,0.12315030127845752,-0.045209577952090074,-0.0011940990178511478,3.114162946293289e-13,0.0,0.0,0.0,0.0,0.0,0.0,0.0,0.0,-2.7736539558038436e-14,7.055229874720749e-14,-7.1664271508082e-14,-3.0386962329153905e-14,-7.166428481333714e-14,-3.038698817855018e-14,3.313771044214434e-14,-7.273364591769493e-14,1.2397808733051007e-11,0.0008261431264728799,0.01903641097693521
8,0.009696273622190719,10,9,72,8.180464979735095,0.24188551131267097,-0.07932002680026035,-0.0023453881029311665,2.8622466020092975e-14,0.0,0.0,0.0,0.0,0.0,0.0,0.0,0.0,-4.4067336046855165e-15,5.397067983842392e-15,-5.420044618562034e-15,-4.669909198038306e-15,-5.42004886502877e-15,-4.669905344759619e-15,4.940664450973927e-15,-5.4364823480459615e-15,1.2397808733051007e-11,0.0008261431264728799,0.01903641097693521
8,0.009696273622190719,10,11,73,8.180464973706453,0.24188551319631155,0.07932002674180498,0.0023453881211954607,2.8582826794372196e-14,4.961096907176158e-15,-5.4040384387319625e-15,5.388989576257359e-15,4.6906334357885876e-15,5.388989957126686e-15,4.690636498369927e-15,-4.4277129421318735e-15,5.367368797067131e-15,0.0,0.0,0.0,0.0,0.0,0.0,0.0,0.0,1.2397808733051007e-11,0.0008261431264728799,0.01903641097693521
8,0.009696273622190719,10,9,74,7.861862142155694,-0.06105513799109866,-0.07623076651028407,0.0005920073240023043,1.6934183403460933e-14,0.0,0.0,0.0,0.0,0.0,0.0,0.0,0.0,3.4737927547734323e-15,-2.6120315450386413e-15,2.6324812230554846e-15,3.3146150482299735e-15,2.632483758167902e-15,3.314616669397528e-15,-3.1591212183994577e-15,2.6482904408037288e-15,1.2397808733051007e-11,0.0008261431264728799,0.01903641097693521
8,0.009696273622190719,10,11,75,7.8618621421556965,-0.06105513799048379,0.0762307665102841,-0.0005920073239963424,1.6933265097791933e-14,-3.1588968224288924e-15,2.648211680517351e-15,-2.6324059024457986e-15,-3.3143836665176206e-15,-2.632406776056386e-15,-3.3143828007376468e-15,3.4735517113522964e-15,-2.611958262248611e-15,0.0,0.0,0.0,0.0,0.0,0.0,0.0,0.0,1.2397808733051007e-11,0.0008261431264728799,0.01903641097693521
8,0.009696273622190719,10,11,76,8.647282202611862,0.08179240069342164,0.08384641432482466,0.0007930814973392781,1.801820074726075e-15,-3.0618177939372726e-16,3.140704521075866e-16,-3.140560216431884e-16,-3.228119301838657e-16,-3.140561236329133e-16,-3.228119368605022e-16,3.3988145074519316e-16,-3.13589447997005e-16,0.0,0.0,0.0,0.0,0.0,0.0,0.0,0.0,1.2397808733051007e-11,0.0008261431264728799,0.01903641097693521
8,0.009696273622190719,10,9,77,8.647282202612217,0.08179240069177784,-0.0838464143248281,-0.0007930814973233395,1.8012732218146365e-15,0.0,0.0,0.0,0.0,0.0,0.0,0.0,0.0,3.397859938796679e-16,-3.134855230972895e-16,3.1395315805327877e-16,3.2272188082353396e-16,3.1395197676883425e-16,3.227219828499387e-16,-3.060970677462805e-16,3.1396749907487393e-16,1.2397808733051007e-11,0.0008261431264728799,0.01903641097693521
8,0.009696273622190719,10,11,78,8.750019235851651,0.19959778927187818,0.08484258071024976,0.0019353547791644942,7.932342777747323e-16,1.2055501263087088e-16,1.6405665369387968e-16,-1.5661171359762691e-16,1.2159509798965357e-16,-1.5661143048115302e-16,1.215949627616257e-16,-1.2241567826429727e-16,-1.4933656253689525e-16,0.0,0.0,0.0,0.0,0.0,0.0,0.0,0.0,1.2397808733051007e-11,0.0008261431264728799,0.01903641097693521
8,0.009696273622190719,10,9,79,8.750019239519109,0.19959779087992022,-0.08484258074581043,-0.0019353547947565098,7.76826653008555e-16,0.0,0.0,0.0,0.0,0.0,0.0,0.0,0.0,1.891030832137303e-16,-6.509043133720715e-19,-4.4701405294988604e-18,1.941210645369742e-16,-4.4699090241729274e-18,1.9412141983230136e-16,-1.9913295553604568e-16,-9.862716104829939e-18,1.2397808733051007e-11,0.0008261431264728799,0.01903641097693521
