iteration,scale,ground_charge,charge,matrix_rank,energy_real,energy_imag,pole_real,pole_imag,matrix_support_abs,add11_real,add11_imag,add12_real,add12_imag,add21_real,add21_imag,add22_real,add22_imag,rem11_real,rem11_imag,rem12_real,rem12_imag,rem21_real,rem21_imag,rem22_real,rem22_imag,max_residual,biorth_error,min_pair_overlap
0,0.7853981633974483,2,3,0,0.22143191989999678,0.000903946827427759,0.17391222320702834,0.000709958178070712,50.207063398290586,9.162466145704192,-8.83737344008277,8.84017628185723,8.909677778139802,8.840176281857229,8.909677778139802,-8.660424768172515,8.839414545448927,0.0,0.0,0.0,0.0,0.0,0.0,0.0,0.0,2.877857015304811e-12,2.8759421860408837e-12,0.00020003602261612556
0,0.7853981633974483,2,1,1,0.22143191989999797,0.00090394682742733,-0.1739122232070293,-0.0007099581780703751,50.20706339826354,0.0,0.0,0.0,0.0,0.0,0.0,0.0,0.0,-8.660424768176853,8.839414545434957,-8.840176281843258,-8.909677778144136,-8.840176281843258,-8.909677778144134,9.162466145708528,-8.8373734400688,2.877857015304811e-12,2.8759421860408837e-12,0.00020003602261612556
0,0.7853981633974483,2,3,2,0.21963119723380076,-0.0008965957755019951,0.17249793893220983,-0.0007041846753891778,49.79877087612466,-8.518128578707554,8.837371034457282,-8.840145008718343,-8.765340211624288,-8.84014500871834,-8.765340211624284,9.016087201175875,-8.83941213982344,0.0,0.0,0.0,0.0,0.0,0.0,0.0,0.0,2.877857015304811e-12,2.8759421860408837e-12,0.00020003602261612556
0,0.7853981633974483,2,1,3,0.21963119723379915,-0.0008965957755015766,-0.17249793893220858,0.0007041846753888491,49.798770876098224,0.0,0.0,0.0,0.0,0.0,0.0,0.0,0.0,9.016087201179978,-8.839412139810069,8.84014500870497,8.765340211628388,8.840145008704972,8.765340211628384,-8.518128578711654,8.837371034443914,2.877857015304811e-12,2.8759421860408837e-12,0.00020003602261612556
0,0.7853981633974483,2,3,4,0.6606943143675952,-0.0008892447235772584,0.5189081010714456,-0.0006984111727084503,4.2444577745292345e-29,-4.048572586429683e-30,-4.87139619823623e-30,2.434228151806633e-31,-1.0609199768645778e-29,1.5012056820995767e-30,-9.411866005517813e-30,1.2250943447708464e-29,-1.0241028055310453e-29,0.0,0.0,0.0,0.0,0.0,0.0,0.0,0.0,2.877857015304811e-12,2.8759421860408837e-12,0.00020003602261612556
0,0.7853981633974483,2,3,5,0.6624950370337976,0.0009112978793543266,0.5203223853462692,0.0007157316807528775,3.726190200660463e-29,1.135641000360472e-30,3.978496819597861e-30,-1.4517096899646808e-30,8.406741036408876e-30,-2.8567577550788922e-30,7.506678577838739e-30,-1.2025870231263302e-29,1.1386825398407774e-29,0.0,0.0,0.0,0.0,0.0,0.0,0.0,0.0,2.877857015304811e-12,2.8759421860408837e-12,0.00020003602261612556
0,0.7853981633974483,2,1,6,0.6606943143675974,-0.0008892447235777988,-0.5189081010714474,0.0006984111727088748,1.062154929843389e-29,0.0,0.0,0.0,0.0,0.0,0.0,0.0,0.0,3.1221623424958452e-30,-2.117426277889938e-30,-2.492443355788344e-30,-1.0399631395194421e-31,-2.6170709946764152e-30,-1.4666636975737843e-31,1.3328002694316713e-30,1.1081517518156679e-30,2.877857015304811e-12,2.8759421860408837e-12,0.00020003602261612556
0,0.7853981633974483,2,1,7,0.6624950370337954,0.0009112978793548444,-0.5203223853462674,-0.0007157316807532842,7.70281238956932e-30,0.0,0.0,0.0,0.0,0.0,0.0,0.0,0.0,-2.7136111270064337e-30,1.9159437668983563e-30,2.2462650984575762e-30,-3.8914817596308154e-31,1.1768731320742614e-30,-4.095195062606796e-31,-8.501573745555684e-31,-9.24916298532765e-32,2.877857015304811e-12,2.8759421860408837e-12,0.00020003602261612556
1,0.4534498410585544,3,2,0,0.002835711030711341,0.0028354218046140072,-0.001285852716164047,-0.001285721566636181,90.92342741570769,0.0,0.0,0.0,0.0,0.0,0.0,0.0,0.0,-15.618500199808675,16.071582409961458,-16.074798392267095,-16.069880285848576,-16.074798392256294,-16.06988028586101,16.527689005410327,-16.07158513672151,5.374566359050566e-13,1.7454148797783575e-10,0.004061109222914512
1,0.4534498410585544,3,4,1,0.002835711030702459,0.0028354218045984437,0.0012858527161600196,0.001285721566629124,90.92342741570572,16.527689005412547,-16.071585136718518,16.074798392264107,16.06988028585091,16.074798392253317,16.06988028586323,-15.618500199811011,16.071582409958488,0.0,0.0,0.0,0.0,0.0,0.0,0.0,0.0,5.374566359050566e-13,1.7454148797783575e-10,0.004061109222914512
1,0.4534498410585544,3,2,2,1.2676816356363387,0.00014225413583698453,-0.5748300361921461,-6.450511528520264e-5,4.5616589674273005,0.0,0.0,0.0,0.0,0.0,0.0,0.0,0.0,-0.7872842543339075,0.8027055661041691,-0.8027627944409838,-0.8099306476432864,-0.8027627944375532,-0.8099306476449899,0.8328980812602115,-0.8024959863056222,5.374566359050566e-13,1.7454148797783575e-10,0.004061109222914512
1,0.4534498410585544,3,4,3,1.2676816356363467,0.0001422541358413387,0.5748300361921497,6.450511528717704e-5,4.561658966782275,0.832898080892398,-0.8024959864475918,0.8027627945806566,0.8099306472770263,0.8027627945819652,0.8099306472756699,-0.7872842539660841,0.8027055662461371,0.0,0.0,0.0,0.0,0.0,0.0,0.0,0.0,5.374566359050566e-13,1.7454148797783575e-10,0.004061109222914512
1,0.4534498410585544,3,2,4,1.2673984035188584,-0.0001409553289369518,-0.574701604633492,6.391617150281705e-5,4.520010126989453,0.0,0.0,0.0,0.0,0.0,0.0,0.0,0.0,0.8179662568947117,-0.8027044683863377,0.8027601153835546,0.7952070529525535,0.8027601153815197,0.7952070529526617,-0.7727688894226016,0.8024976153478528,5.374566359050566e-13,1.7454148797783575e-10,0.004061109222914512
1,0.4534498410585544,3,4,5,1.267398403518891,-0.00014095532897495438,0.5747016046335067,-6.391617152004932e-5,4.520010126410665,-0.7727688890488673,0.802497615514333,-0.8027601155495102,-0.7952070525777106,-0.802760115548681,-0.7952070525800985,0.8179662565209734,-0.802704468552825,0.0,0.0,0.0,0.0,0.0,0.0,0.0,0.0,5.374566359050566e-13,1.7454148797783575e-10,0.004061109222914512
1,0.4534498410585544,3,2,6,1.273069825580302,0.0055298882801979275,-0.5772733100658295,-0.002507526961727313,1.0006048729575296e-19,0.0,0.0,0.0,0.0,0.0,0.0,0.0,0.0,2.46985052297027e-20,-5.6343568187703434e-21,5.9039068213406225e-21,2.4315437348608297e-20,5.9101072241180024e-21,2.4297868679470565e-20,-2.3915971129498947e-20,6.170741028411258e-21,5.374566359050566e-13,1.7454148797783575e-10,0.004061109222914512
1,0.4534498410585544,3,4,7,1.2730698255802857,0.005529888280223823,0.5772733100658222,0.002507526961739055,9.481450353193744e-20,-2.2975647447850075e-20,4.410385015517688e-21,-4.133719173555995e-21,-2.3335273356075118e-20,-4.1233076299633265e-21,-2.3345314972993938e-20,2.3705531382052013e-20,-3.837583537125406e-21,0.0,0.0,0.0,0.0,0.0,0.0,0.0,0.0,5.374566359050566e-13,1.7454148797783575e-10,0.004061109222914512
1,0.4534498410585544,3,4,8,1.273353057697784,0.005813097745159649,0.5774017416244844,0.002635948248600484,6.375442007283586e-21,-1.457643379803052e-21,1.0366636553926242e-21,-7.996937916180392e-22,-1.3134910637026592e-21,-8.413163615115579e-22,-1.4071482850812223e-21,1.2582233524291106e-21,-6.352684497859018e-22,0.0,0.0,0.0,0.0,0.0,0.0,0.0,0.0,5.374566359050566e-13,1.7454148797783575e-10,0.004061109222914512
1,0.4534498410585544,3,2,9,1.273353057697816,0.005813097745110178,-0.577401741624499,-0.0026359482485780513,3.99870643848997e-21,0.0,0.0,0.0,0.0,0.0,0.0,0.0,0.0,7.354636790338552e-22,-4.250037809747614e-22,5.511576635786777e-22,7.692504528907622e-22,6.005577615577586e-22,8.515840065378251e-22,-8.78917941189304e-22,7.584234941560474e-22,5.374566359050566e-13,1.7454148797783575e-10,0.004061109222914512
1,0.4534498410585544,3,4,10,2.5379157501859266,0.0028367206115155925,1.1508174935418103,0.0012863105104192708,1.402476784389296e-22,-4.122309974957825e-24,-3.43473458455024e-23,3.4831263822523355e-23,-3.639345835669789e-24,3.4902863170013173e-23,-3.7133400978182624e-24,3.216749885707305e-24,3.538722182560418e-23,0.0,0.0,0.0,0.0,0.0,0.0,0.0,0.0,5.374566359050566e-13,1.7454148797783575e-10,0.004061109222914512
1,0.4534498410585544,3,2,11,2.5379157501859337,0.0028367206115077173,-1.1508174935418136,-0.0012863105104156997,1.2426496376525944e-22,0.0,0.0,0.0,0.0,0.0,0.0,0.0,0.0,-7.832305613945856e-25,3.144926775673762e-23,-3.104430717841193e-23,-3.1026360990880823e-25,-3.108214419981891e-23,-3.5424104385755857e-25,-1.076447113056568e-25,-3.0675735315442415e-23,5.374566359050566e-13,1.7454148797783575e-10,0.004061109222914512
1,0.4534498410585544,3,2,12,2.537632518068429,0.002553511146633058,-1.1506890619831482,-0.0011578892235820073,7.396447628382852e-23,0.0,0.0,0.0,0.0,0.0,0.0,0.0,0.0,-1.2146890147169047e-24,-1.8174480047180268e-23,1.8468492325318004e-23,-9.895474701743072e-25,1.8461547164213035e-23,-9.344010259673386e-25,7.011270894621684e-25,1.875618771117296e-23,5.374566359050566e-13,1.7454148797783575e-10,0.004061109222914512
1,0.4534498410585544,3,4,13,2.537632518068449,0.0025535111466861026,1.1506890619831573,0.0011578892236060602,7.286965560178572e-23,6.800372443728624e-25,1.848095783042629e-23,-1.8205390832730005e-23,8.715409518871224e-25,-1.8183992277547606e-23,9.053094593597555e-25,-1.0903087085758567e-24,-1.791027963003562e-23,0.0,0.0,0.0,0.0,0.0,0.0,0.0,0.0,5.374566359050566e-13,1.7454148797783575e-10,0.004061109222914512
1,0.4534498410585544,3,2,14,2.5379157501859186,0.0028367206115092023,-1.1508174935418067,-0.001286310510416373,1.9615995977248315e-23,0.0,0.0,0.0,0.0,0.0,0.0,0.0,0.0,2.953071806343104e-24,3.998390712354966e-24,-3.9044096365945135e-24,2.9560131839346257e-24,-3.9076560322975435e-24,2.9735366852449436e-24,-2.975111635674757e-24,-3.814783400082642e-24,5.374566359050566e-13,1.7454148797783575e-10,0.004061109222914512
1,0.4534498410585544,3,4,15,3.802478442674077,-0.00013965652211003722,1.7242332454591398,-6.332722775358686e-5,8.345800795201511e-24,2.8168659676922495e-25,2.0961650021053575e-24,-2.0695687015149735e-24,3.034903552745561e-25,-2.0592856374678302e-24,2.999102068762802e-25,-3.2107329488461504e-25,-2.0328816133352915e-24,0.0,0.0,0.0,0.0,0.0,0.0,0.0,0.0,5.374566359050566e-13,1.7454148797783575e-10,0.004061109222914512
1,0.4534498410585544,3,2,16,3.802761674791557,0.0001435529428295279,-1.7243616770177936,-6.509405910953718e-5,8.33347901237094e-24,0.0,0.0,0.0,0.0,0.0,0.0,0.0,0.0,-9.51703230598094e-26,2.11006865567617e-24,-2.0850146473529044e-24,-6.578020741964523e-26,-2.079680201247822e-24,-5.807833205387542e-26,2.955715616736575e-26,-2.0545095673175777e-24,5.374566359050566e-13,1.7454148797783575e-10,0.004061109222914512
1,0.4534498410585544,3,4,17,3.8027616747915807,0.00014355294284626278,1.7243616770178043,6.509405911712561e-5,8.304181594406528e-24,-5.777083420745336e-25,-1.9608384105124804e-24,1.9936102510406692e-24,-5.534154007745768e-25,2.0068244589133196e-24,-5.576331909537382e-25,5.323663780203996e-25,2.039829235112181e-24,0.0,0.0,0.0,0.0,0.0,0.0,0.0,0.0,5.374566359050566e-13,1.7454148797783575e-10,0.004061109222914512
1,0.4534498410585544,3,2,18,3.8024784426741114,-0.00013965652209436486,-1.7242332454591554,6.332722774648024e-5,7.596514774531037e-24,0.0,0.0,0.0,0.0,0.0,0.0,0.0,0.0,1.021307781683666e-25,-1.8666092330756522e-24,1.898786513443366e-24,1.3040511787186323e-25,1.8903759995270168e-24,1.2894177220273662e-25,-1.5803564553946232e-25,1.9226017026500233e-24,5.374566359050566e-13,1.7454148797783575e-10,0.004061109222914512
1,0.4534498410585544,3,4,19,3.8081498647354866,0.005531187087183515,1.7268049508914618,0.0025081159055484934,7.42827803491265e-24,-9.868703762700369e-26,-1.8337879944524964e-24,1.857317841180815e-24,-7.392020080543486e-26,1.8538651384339147e-24,-7.131761928508574e-26,4.59362480827861e-26,1.8772498820337857e-24,0.0,0.0,0.0,0.0,0.0,0.0,0.0,0.0,5.374566359050566e-13,1.7454148797783575e-10,0.004061109222914512
1,0.4534498410585544,3,2,20,3.8081498647354786,0.005531187087196783,-1.7268049508914582,-0.0025081159055545094,7.225384989133184e-24,0.0,0.0,0.0,0.0,0.0,0.0,0.0,0.0,7.422595245695388e-26,1.8232494550789125e-24,-1.8087528509448516e-24,1.0234213456121147e-25,-1.7985489593915126e-24,9.318007322025866e-26,-1.2076942450994318e-25,-1.7839350105235695e-24,5.374566359050566e-13,1.7454148797783575e-10,0.004061109222914512
1,0.4534498410585544,3,4,21,2.5381989823034137,0.003119930076382456,1.1509459251004674,0.0014147317972494282,3.6957507897715384e-24,-4.130703343691276e-25,-9.685824797449841e-25,8.4244782793697e-25,-2.266627977342092e-25,9.25084033126454e-25,-2.8570405300719513e-25,1.2721462327947337e-25,7.920080709746154e-25,0.0,0.0,0.0,0.0,0.0,0.0,0.0,0.0,5.374566359050566e-13,1.7454148797783575e-10,0.004061109222914512
1,0.4534498410585544,3,2,22,2.5381989823034496,0.00311993007633868,-1.1509459251004839,-0.001414731797229578,3.2966564677646013e-24,0.0,0.0,0.0,0.0,0.0,0.0,0.0,0.0,1.2643085171498966e-26,7.14712970111615e-25,-7.693811992968343e-25,9.566688428655678e-26,-8.546075551516813e-25,1.4367874971124269e-25,-2.5304786073872133e-25,-9.052207251009065e-25,5.374566359050566e-13,1.7454148797783575e-10,0.004061109222914512
1,0.4534498410585544,3,4,23,2.5379157501859213,0.0028367206114978173,1.1508174935418078,0.0012863105104112104,2.9910412918286016e-24,6.904170641767596e-25,-2.608904298162893e-25,2.5298394623855296e-25,7.078826607550446e-25,2.5314657003817454e-25,6.993300208731819e-25,-7.168167920236766e-25,2.4493411847268354e-25,0.0,0.0,0.0,0.0,0.0,0.0,0.0,0.0,5.374566359050566e-13,1.7454148797783575e-10,0.004061109222914512
1,0.4534498410585544,3,4,24,2.5379157501858796,0.002836720611500393,1.150817493541789,0.0012863105104123785,1.5336263552579516e-24,1.6834797939212754e-25,-3.3817287314716504e-25,3.399910914033519e-25,1.7533993900303519e-25,3.4135519201974906e-25,1.7637980568078411e-25,-1.8351852675028493e-25,3.43097516962864e-25,0.0,0.0,0.0,0.0,0.0,0.0,0.0,0.0,5.374566359050566e-13,1.7454148797783575e-10,0.004061109222914512
1,0.4534498410585544,3,2,25,2.5379157501858782,0.002836720611499366,-1.1508174935417883,-0.0012863105104119127,1.368539612894111e-24,0.0,0.0,0.0,0.0,0.0,0.0,0.0,0.0,-3.0359739857812786e-25,1.6704006878181951e-25,-1.7048491145684583e-25,-2.974301773148859e-25,-1.6826616993817331e-25,-2.9707183483902967e-25,2.9095389796373175e-25,-1.7158494550820896e-25,5.374566359050566e-13,1.7454148797783575e-10,0.004061109222914512
1,0.4534498410585544,3,4,26,3.8084330968530122,0.005814396551928319,1.7269333824501365,0.002636537192323303,1.0792349930777835e-24,-2.139703416557807e-27,-2.901141192691448e-25,2.6593772479408033e-25,1.7394668043606362e-26,2.719584718474688e-25,1.5322825302371078e-26,-3.218212365585665e-26,2.481389798034684e-25,0.0,0.0,0.0,0.0,0.0,0.0,0.0,0.0,5.374566359050566e-13,1.7454148797783575e-10,0.004061109222914512
1,0.4534498410585544,3,2,27,5.07299578934113,0.00283801941842804,-2.300349134367451,-0.0012868994542072857,1.994487454382691e-25,0.0,0.0,0.0,0.0,0.0,0.0,0.0,0.0,5.075698231670603e-26,-2.9950065153295484e-27,3.563959629109363e-27,4.990137156204459e-26,4.752912476774721e-27,4.945873811613167e-26,-4.8602701115828195e-26,5.277705228455023e-27,5.374566359050566e-13,1.7454148797783575e-10,0.004061109222914512
1,0.4534498410585544,3,2,28,3.80843309685296,0.005814396552033339,-1.7269333824501127,-0.0026365371923709243,1.0046832318354857e-25,0.0,0.0,0.0,0.0,0.0,0.0,0.0,0.0,1.3158201291470688e-26,1.2058302937627047e-26,-1.4014342983131932e-26,1.7663236631331678e-26,-1.1969774693955793e-26,2.3689595993829016e-26,-3.0926305768389926e-26,-1.2957722621708702e-26,5.374566359050566e-13,1.7454148797783575e-10,0.004061109222914512
1,0.4534498410585544,3,4,29,5.072995789341139,0.002838019418424906,2.300349134367455,0.0012868994542058647,2.640736036495518e-26,-5.7692964098217686e-27,-3.659254546204235e-27,3.787965976168521e-27,-5.2669267600893335e-27,3.689481857753091e-27,-5.608296197708806e-27,5.1126279630389166e-27,3.807718867496652e-27,0.0,0.0,0.0,0.0,0.0,0.0,0.0,0.0,5.374566359050566e-13,1.7454148797783575e-10,0.004061109222914512
2,0.2617993877991494,4,5,0,0.28133408957351935,0.002552776299443436,0.07365309241737843,0.0006683152723824696,47.26371292570031,8.66591151245953,-8.2770017671603,8.2808042093439,8.427958420759696,8.280804209945195,8.427958420160289,-8.193316975770442,8.281234806421914,0.0,0.0,0.0,0.0,0.0,0.0,0.0,0.0,6.234484029462369e-12,2.1016686266395996e-10,0.010916851257201208
2,0.2617993877991494,4,3,1,0.2813340895734805,0.002552776299486908,-0.07365309241736825,-0.0006683152723938506,47.26371291928027,0.0,0.0,0.0,0.0,0.0,0.0,0.0,0.0,-8.193316983660656,8.28123479610311,-8.280804199682427,-8.42795842852377,-8.28080419896581,-8.427958428172651,8.66591152034988,-8.277001756841393,6.234484029462369e-12,2.1016686266395996e-10,0.010916851257201208
2,0.2617993877991494,4,5,2,0.2762737731339424,-0.0025070279011526154,0.07232830467142722,-0.0006563383697171411,46.416697874029566,-7.898129456275095,8.276975578291417,-8.28071900132939,-8.128535861979694,-8.28071900194814,-8.128535861383876,8.36225390426889,-8.28121034830468,0.0,0.0,0.0,0.0,0.0,0.0,0.0,0.0,6.234484029462369e-12,2.1016686266395996e-10,0.010916851257201208
2,0.2617993877991494,4,3,3,0.27627377313394175,-0.0025070279011180727,-0.07232830467142704,0.0006563383697080979,46.41669786646268,0.0,0.0,0.0,0.0,0.0,0.0,0.0,0.0,8.362253912141348,-8.281210337927694,8.280718991613563,8.128535869728266,8.280718990906871,8.128535869376153,-7.898129464147634,8.276975567914455,6.234484029462369e-12,2.1016686266395996e-10,0.010916851257201208
2,0.2617993877991494,4,3,4,2.401474846859231,0.00017165413743434887,-0.6287046447228027,-4.493894809350359e-5,3.1779822906935755,0.0,0.0,0.0,0.0,0.0,0.0,0.0,0.0,-0.5483432704018012,0.5593562446065807,-0.5593999491669691,-0.5641203803945655,-0.5593999512781762,-0.5641203786149607,0.5801212034369002,-0.5592179629252991,6.234484029462369e-12,2.1016686266395996e-10,0.010916851257201208
2,0.2617993877991494,4,5,5,2.4014748468592013,0.00017165413751203153,0.628704644722795,4.4938948113840865e-5,3.1779822610996264,0.5801212060523228,-0.5592179497816244,0.5593999374078205,0.5641203822847228,0.559399936748901,0.5641203819503484,-0.5483432730171824,0.5593562314628765,0.0,0.0,0.0,0.0,0.0,0.0,0.0,0.0,6.234484029462369e-12,2.1016686266395996e-10,0.010916851257201208
2,0.2617993877991494,4,3,6,2.4011329953005056,-0.00017016947057633524,-0.6286151481940102,4.455026321898993e-5,3.1504953495060994,0.0,0.0,0.0,0.0,0.0,0.0,0.0,0.0,0.5702666571742644,-0.5593555444916882,0.5593981710008669,0.5544032594744355,0.5593981731177101,0.5544032576969782,-0.5387635748923365,0.5592189935619393,6.234484029462369e-12,2.1016686266395996e-10,0.010916851257201208
2,0.2617993877991494,4,5,7,2.401132995300528,-0.00017016947041180105,0.6286151481940161,-4.4550263175914985e-5,3.1504953194177543,-0.5387635775465633,0.559218980341973,-0.5593981591674936,-0.5544032614052921,-0.5593981585101254,-0.5544032610693221,0.5702666598285272,-0.559355531271757,0.0,0.0,0.0,0.0,0.0,0.0,0.0,0.0,6.234484029462369e-12,2.1016686266395996e-10,0.010916851257201208
2,0.2617993877991494,4,3,8,2.9641430260066173,0.005277206736321139,-0.7760108295576505,-0.0013815694928584214,2.6917274471543558e-20,0.0,0.0,0.0,0.0,0.0,0.0,0.0,0.0,3.3134997409807905e-21,-5.7394446990606256e-21,5.785107446058811e-21,3.429571113791514e-21,5.7720147050380586e-21,3.4657498029238964e-21,-3.584444710287348e-21,5.816372176510568e-21,6.234484029462369e-12,2.1016686266395996e-10,0.010916851257201208
2,0.2617993877991494,4,3,9,2.9587408580079826,-0.0001244210725310311,-0.7745965452828198,3.2573360617937504e-5,2.2859567064391778e-20,0.0,0.0,0.0,0.0,0.0,0.0,0.0,0.0,6.4288850519460855e-22,-5.595619877611552e-21,5.668379601290666e-21,7.333884802415824e-22,5.666341052330878e-21,7.3302309076425e-22,-8.258697404777942e-22,5.7388321954990946e-21,6.234484029462369e-12,2.1016686266395996e-10,0.010916851257201208
2,0.2617993877991494,4,3,10,2.9536805415684086,-0.005184225273072667,-0.7732717575368695,0.0013572270027033023,2.067752176134836e-20,0.0,0.0,0.0,0.0,0.0,0.0,0.0,0.0,-4.687834080762874e-21,2.2698595392549675e-21,-2.335945422200157e-21,-4.6334072559166895e-21,-2.2943260071331104e-21,-4.6103778610629076e-21,4.555860402735862e-21,-2.359079788845282e-21,6.234484029462369e-12,2.1016686266395996e-10,0.010916851257201208
2,0.2617993877991494,4,3,11,0.8389419522811543,0.002598524697589444,-0.2196344895062294,-0.0006802921750098863,1.0052053898204351e-20,0.0,0.0,0.0,0.0,0.0,0.0,0.0,0.0,-1.9534951915666493e-21,-1.6387033651880588e-21,1.5880931053861027e-21,-1.9480292595718994e-21,1.5861978262683061e-21,-1.9483965835119517e-21,1.9422779597855266e-21,1.5364140858903323e-21,6.234484029462369e-12,2.1016686266395996e-10,0.010916851257201208
2,0.2617993877991494,4,5,12,0.8338816358415286,-0.0024612795029979426,0.21830970176026543,-0.000644361467087456,5.8976860417653e-21,-4.717471430455447e-22,1.4183284662936508e-21,-1.404829500810043e-21,-4.454394459556558e-22,-1.4064191853996816e-21,-4.443558294463247e-22,4.1859996556014935e-22,-1.3927090462146577e-21,0.0,0.0,0.0,0.0,0.0,0.0,0.0,0.0,6.234484029462369e-12,2.1016686266395996e-10,0.010916851257201208
2,0.2617993877991494,4,3,13,3.51669057227434,0.00026315093382459943,-0.9206674389004627,-6.88927533740546e-5,5.254371293471604e-21,0.0,0.0,0.0,0.0,0.0,0.0,0.0,0.0,-4.785832362701984e-22,1.2430918660536321e-21,-1.2328270729038824e-21,-4.54556662098143e-22,-1.231593467915076e-21,-4.554208755245228e-22,4.3187269881592615e-22,-1.2211601188448454e-21,6.234484029462369e-12,2.1016686266395996e-10,0.010916851257201208
2,0.2617993877991494,4,5,14,2.9590827095674666,0.00021740253564073858,0.774686041811811,5.691585073672812e-5,5.223069368182416e-21,1.28389457807427e-21,9.306345625900359e-23,-1.1191806166866626e-22,1.3014979880688435e-21,-1.1363131176848705e-22,1.300145451614881e-21,-1.3177075844961962e-21,-1.3300956577338393e-22,0.0,0.0,0.0,0.0,0.0,0.0,0.0,0.0,6.234484029462369e-12,2.1016686266395996e-10,0.010916851257201208
2,0.2617993877991494,4,3,15,2.9587408580078782,-0.00012442107246022661,-0.7745965452827925,3.257336059940093e-5,5.019395019135033e-21,0.0,0.0,0.0,0.0,0.0,0.0,0.0,0.0,-1.0512835285863802e-21,-6.517170409152215e-22,6.745173092155566e-22,-1.0588280447544848e-21,6.757297954012313e-22,-1.0565351496675697e-21,1.0638588597107955e-21,6.989531713469827e-22,6.234484029462369e-12,2.1016686266395996e-10,0.010916851257201208
2,0.2617993877991494,4,3,16,2.9590827095669594,0.00021740253562492658,-0.7746860418116782,-5.691585073258855e-5,4.6560858702814375e-21,0.0,0.0,0.0,0.0,0.0,0.0,0.0,0.0,-5.374595395910554e-22,1.0497541501684409e-21,-1.0423117478840748e-21,-5.159288996913305e-22,-1.044733940768626e-21,-5.153601912481416e-22,4.942046977618112e-22,-1.0370659383524342e-21,6.234484029462369e-12,2.1016686266395996e-10,0.010916851257201208
2,0.2617993877991494,4,5,17,2.9536805415684437,-0.0051842252730716675,0.7732717575368786,-0.0013572270027030406,4.100755714168553e-21,9.26269634737127e-22,-3.9651468144843007e-22,3.6307511602099854e-22,9.562366873726227e-22,3.9655559204682873e-22,9.47765059915719e-22,-9.780408206343677e-22,3.6220918593030903e-22,0.0,0.0,0.0,0.0,0.0,0.0,0.0,0.0,6.234484029462369e-12,2.1016686266395996e-10,0.010916851257201208
2,0.2617993877991494,4,3,18,3.5163487207156483,-7.867267422399359e-5,-0.9205779423716789,2.0596457948363445e-5,3.909321860306017e-21,0.0,0.0,0.0,0.0,0.0,0.0,0.0,0.0,9.481986240608688e-22,1.6552118818795695e-22,-1.8178044838238465e-22,9.606894769823924e-22,-1.8152076620536755e-22,9.597976982401225e-22,-9.722399874276139e-22,-1.9819816565650368e-22,6.234484029462369e-12,2.1016686266395996e-10,0.010916851257201208
2,0.2617993877991494,4,3,19,2.958740858007663,-0.00012442107262727875,-0.7745965452827361,3.257336064313508e-5,3.709447818560647e-21,0.0,0.0,0.0,0.0,0.0,0.0,0.0,0.0,-5.050627613298277e-22,-7.630720792799713e-22,7.794821145937161e-22,-5.019134130409085e-22,7.801477047105807e-22,-5.017058433089258e-22,4.982946551906252e-22,7.967377937424113e-22,6.234484029462369e-12,2.1016686266395996e-10,0.010916851257201208
2,0.2617993877991494,4,5,20,2.9587408580077037,-0.00012442107298132887,0.7745965452827469,-3.257336073582519e-5,3.656675190595709e-21,-1.9565549696700115e-22,9.051476240250737e-22,-8.964076100109432e-22,-1.8078208747040694e-22,-8.955521836914192e-22,-1.8173251637878474e-22,1.6716629097700708e-22,-8.86742439999713e-22,0.0,0.0,0.0,0.0,0.0,0.0,0.0,0.0,6.234484029462369e-12,2.1016686266395996e-10,0.010916851257201208
2,0.2617993877991494,4,5,21,2.9590827095670074,0.0002174025356296511,0.7746860418116908,5.691585073382543e-5,3.614947561238681e-21,-6.707844708927926e-22,5.850879678648244e-22,-5.861485239914185e-22,-6.88844707684681e-22,-5.845063729047168e-22,-6.881645462390774e-22,7.064969144104677e-22,-5.853413841660115e-22,0.0,0.0,0.0,0.0,0.0,0.0,0.0,0.0,6.234484029462369e-12,2.1016686266395996e-10,0.010916851257201208
2,0.2617993877991494,4,3,22,0.8338816358415555,-0.002461279503010625,-0.21830970176027248,0.0006443614670907764,3.3821270168124347e-21,0.0,0.0,0.0,0.0,0.0,0.0,0.0,0.0,1.6871721532421218e-22,8.168029407790109e-22,-8.30162256771766e-22,1.5960396512855287e-22,-8.305265599938461e-22,1.5905330034163447e-22,-1.4961850064840003e-22,-8.439360931842651e-22,6.234484029462369e-12,2.1016686266395996e-10,0.010916851257201208
2,0.2617993877991494,4,5,23,2.964143026006604,0.005277206736358375,0.7760108295576471,0.0013815694928681697,3.1667729136396677e-21,-7.147150705194234e-22,-3.589457779457094e-22,3.5539259447979e-22,-7.133038305312284e-22,3.413367304868169e-22,-7.08489111398536e-22,7.070441376973448e-22,3.37866210928834e-22,0.0,0.0,0.0,0.0,0.0,0.0,0.0,0.0,6.234484029462369e-12,2.1016686266395996e-10,0.010916851257201208
2,0.2617993877991494,4,5,24,2.9590827095669443,0.0002174025356473236,0.7746860418116742,5.691585073845207e-5,3.0259577346876115e-21,-4.371486733329162e-22,6.040603378095552e-22,-6.0743334777342255e-22,-4.518317963185444e-22,-6.063972622639468e-22,-4.512098192799935e-22,4.661378855928801e-22,-6.096187932951474e-22,0.0,0.0,0.0,0.0,0.0,0.0,0.0,0.0,6.234484029462369e-12,2.1016686266395996e-10,0.010916851257201208
2,0.2617993877991494,4,3,25,2.954022393127409,-0.004842401664966888,-0.773361254065734,0.001267737791365913,2.477164400355237e-21,0.0,0.0,0.0,0.0,0.0,0.0,0.0,0.0,-5.492668720412785e-22,-2.661463498382627e-22,2.7911693929729324e-22,-5.535201552436934e-22,2.782275544955512e-22,-5.525054798890773e-22,5.566147510263826e-22,2.9143795401743587e-22,6.234484029462369e-12,2.1016686266395996e-10,0.010916851257201208
2,0.2617993877991494,4,5,26,5.636489478001457,-0.002459794836364609,1.4756294946771287,-0.0006439727822717636,2.4151842883520814e-21,5.245583926110955e-22,3.1589447504852914e-22,-3.039318665788641e-22,5.212451265516789e-22,-3.043184557258359e-22,5.219067869009655e-22,-5.184711158154759e-22,-2.925631485325161e-22,0.0,0.0,0.0,0.0,0.0,0.0,0.0,0.0,6.234484029462369e-12,2.1016686266395996e-10,0.010916851257201208
2,0.2617993877991494,4,5,27,5.6418916460000785,0.0029418329725356754,1.477043778951956,0.0007701700712171917,2.277669055178082e-21,-1.8519389870144e-22,5.472716093821073e-22,-5.43456416316353e-22,-1.726414878016383e-22,-5.393910500362026e-22,-1.7975651604235134e-22,1.6742148178263909e-22,-5.355796401403474e-22,0.0,0.0,0.0,0.0,0.0,0.0,0.0,0.0,6.234484029462369e-12,2.1016686266395996e-10,0.010916851257201208
2,0.2617993877991494,4,5,28,0.838941952281093,0.0025985246976362904,0.21963448950621337,0.0006802921750221506,2.2410101428112508e-21,-3.4142308332514e-22,-4.338353683836701e-22,4.455311771415337e-22,-3.402294171115909e-22,4.44821082238335e-22,-3.399689640150159e-22,3.385904349460464e-22,4.5666357020626145e-22,0.0,0.0,0.0,0.0,0.0,0.0,0.0,0.0,6.234484029462369e-12,2.1016686266395996e-10,0.010916851257201208
2,0.2617993877991494,4,3,29,2.9638011744475063,0.004935383128083606,-0.7759213330287572,-0.001292080281486539,2.219197198492501e-21,0.0,0.0,0.0,0.0,0.0,0.0,0.0,0.0,4.553819157631355e-22,3.304285804851061e-22,-3.1926768305755993e-22,4.534578188745311e-22,-3.1978621442629174e-22,4.535687770819792e-22,-4.515213273794013e-22,-3.088042272511366e-22,6.234484029462369e-12,2.1016686266395996e-10,0.010916851257201208
2,0.2617993877991494,4,5,30,5.078881615293892,-0.002505543234386509,1.329648097588296,-0.0006559496848666888,2.176803731283953e-21,1.0836241030373583e-22,5.413149969789688e-22,-5.315475644904205e-22,1.1444746850373917e-22,-5.323708020334305e-22,1.1484317698822824e-22,-1.2070209180266626e-22,-5.226466355464447e-22,0.0,0.0,0.0,0.0,0.0,0.0,0.0,0.0,6.234484029462369e-12,2.1016686266395996e-10,0.010916851257201208
2,0.2617993877991494,4,3,31,5.641549794440931,0.002600009364346091,-1.476954282423053,-0.0006806808598578622,2.1643812464082227e-21,0.0,0.0,0.0,0.0,0.0,0.0,0.0,0.0,5.478622818354136e-22,-3.145459343057277e-23,3.769709770862556e-23,5.39875968169222e-22,3.848398196724826e-23,5.395755427302892e-22,-5.316185311006858e-22,4.452791336794696e-23,6.234484029462369e-12,2.1016686266395996e-10,0.010916851257201208
2,0.2617993877991494,4,5,32,5.636489478001498,-0.002459794836245047,1.4756294946771393,-0.0006439727822404623,2.0287788002252897e-21,-3.141610318184991e-22,-4.0758014285332583e-22,3.9720091706729247e-22,-3.151569405767219e-22,3.9732769665998585e-22,-3.153992556262563e-22,3.1623489258494418e-22,3.8708299200559526e-22,0.0,0.0,0.0,0.0,0.0,0.0,0.0,0.0,6.234484029462369e-12,2.1016686266395996e-10,0.010916851257201208
2,0.2617993877991494,4,3,33,5.084283783292477,0.002896084574359763,-1.3310623818631138,-0.0007581931685819461,1.9978278624887126e-21,0.0,0.0,0.0,0.0,0.0,0.0,0.0,0.0,-8.935490266406696e-23,-4.820874658765242e-22,4.930846213428804e-22,-8.582442949362816e-23,4.918133715594318e-22,-8.034132655031138e-23,7.651528090119961e-23,5.029115963577944e-22,6.234484029462369e-12,2.1016686266395996e-10,0.010916851257201208
2,0.2617993877991494,4,5,34,2.963801174447478,0.004935383128084539,0.7759213330287498,0.0012920802814867835,1.9508972322655338e-21,-3.4134648560141363e-22,-3.389933372427792e-22,3.478802199266111e-22,-3.4122298863705552e-22,3.486574311890199e-22,-3.415995017389436e-22,3.4135083252090596e-22,3.576717140375088e-22,0.0,0.0,0.0,0.0,0.0,0.0,0.0,0.0,6.234484029462369e-12,2.1016686266395996e-10,0.010916851257201208
2,0.2617993877991494,4,5,35,5.083941931733403,0.0025542609661159555,1.3309728853342297,0.000668703957208421,1.836241060130301e-21,-4.180125774705953e-22,1.7368068949917835e-22,-1.703081605707447e-22,-4.261395614355606e-22,-1.7060489935500259e-22,-4.262928591075423e-22,4.344911067844528e-22,-1.6707615618641492e-22,0.0,0.0,0.0,0.0,0.0,0.0,0.0,0.0,6.234484029462369e-12,2.1016686266395996e-10,0.010916851257201208
2,0.2617993877991494,4,5,36,3.5166905722743818,0.000263150933837681,0.9206674389004735,6.889275337747936e-5,1.6765091869981378e-21,3.9665504464181564e-22,1.1471763643411624e-22,-1.2158980827864105e-22,4.0101602643684937e-22,-1.223646188288773e-22,4.0090575596717314e-22,-4.0522969784846704e-22,-1.2940522191349414e-22,0.0,0.0,0.0,0.0,0.0,0.0,0.0,0.0,6.234484029462369e-12,2.1016686266395996e-10,0.010916851257201208
2,0.2617993877991494,4,5,37,2.9540223931274396,-0.004842401664962055,0.773361254065742,-0.0012677377913646478,1.6295757295139984e-21,3.2028224308318417e-22,2.611655867326613e-22,-2.531625153642769e-22,3.1946412450689933e-22,-2.5270607347772216e-22,3.192125217557338e-22,-3.1829275604706007e-22,-2.448342259749929e-22,0.0,0.0,0.0,0.0,0.0,0.0,0.0,0.0,6.234484029462369e-12,2.1016686266395996e-10,0.010916851257201208
2,0.2617993877991494,4,5,38,5.636147626442456,-0.0028016184444467815,1.4755399981482642,-0.0007334619936029727,1.6008706498856938e-21,3.550528541581994e-22,1.829556992118697e-22,-1.87498950117133e-22,3.5425421782424203e-22,-1.909872615269647e-22,3.510281222391453e-22,-3.5012710502871917e-22,-1.9551370226014295e-22,0.0,0.0,0.0,0.0,0.0,0.0,0.0,0.0,6.234484029462369e-12,2.1016686266395996e-10,0.010916851257201208
2,0.2617993877991494,4,5,39,5.0788816152938905,-0.0025055432344910297,1.3296480975882956,-0.0006559496848940522,1.4978560526855809e-21,3.214589256911075e-22,2.0223351535135641e-22,-1.945562065049245e-22,3.199062592920897e-22,-1.9491811344621897e-22,3.197394459739049e-22,-3.1810199374005413e-22,-1.8737054401491814e-22,0.0,0.0,0.0,0.0,0.0,0.0,0.0,0.0,6.234484029462369e-12,2.1016686266395996e-10,0.010916851257201208
2,0.2617993877991494,4,5,40,5.084283783292455,0.002896084574347922,1.331062381863108,0.0007581931685788461,1.4651236646169416e-21,7.49775581849046e-23,3.6550670880670243e-22,-3.578135949597449e-22,8.255011935255865e-23,-3.5722184636786415e-22,7.633704394987549e-23,-8.368865000057621e-23,-3.4962961965870862e-22,0.0,0.0,0.0,0.0,0.0,0.0,0.0,0.0,6.234484029462369e-12,2.1016686266395996e-10,0.010916851257201208
2,0.2617993877991494,4,5,41,5.641549794440974,0.0026000093643583633,1.4769542824230641,0.000680680859861075,1.4472186531280389e-21,2.7711827859717754e-22,-2.2507548278743124e-22,2.240831242298773e-22,2.838965516679044e-22,2.2446413932716183e-22,2.838792701413277e-22,-2.9073670014558847e-22,2.233683250686475e-22,0.0,0.0,0.0,0.0,0.0,0.0,0.0,0.0,6.234484029462369e-12,2.1016686266395996e-10,0.010916851257201208
2,0.2617993877991494,4,3,42,5.083600080174347,0.002212437357979176,-1.3308833888053508,-0.0005792147458629159,1.318640263239743e-21,0.0,0.0,0.0,0.0,0.0,0.0,0.0,0.0,2.799586071682306e-22,-1.6476770619849468e-22,1.6317345452680091e-22,2.8630639775437227e-22,1.6301303497606386e-22,2.8663221907622313e-22,-2.9305097265326133e-22,1.6129922951753843e-22,6.234484029462369e-12,2.1016686266395996e-10,0.010916851257201208
2,0.2617993877991494,4,5,43,5.083600080174337,0.002212437357996212,1.3308833888053484,0.0005792147458673759,1.2730409967566523e-21,-1.5078815899842044e-22,2.856445008771912e-22,-2.831223601255009e-22,-1.4473309378677923e-22,-2.8383449549666735e-22,-1.445306929607559e-22,1.3859700802600108e-22,-2.8125976641210125e-22,0.0,0.0,0.0,0.0,0.0,0.0,0.0,0.0,6.234484029462369e-12,2.1016686266395996e-10,0.010916851257201208
2,0.2617993877991494,4,3,44,5.078881615293788,-0.0025055432344164314,-1.3296480975882687,0.0006559496848745224,1.249853095825753e-21,0.0,0.0,0.0,0.0,0.0,0.0,0.0,0.0,-2.9316606809630826e-24,-3.0801806700071324e-22,3.12252690706724e-22,1.3363447252411215e-24,3.1263644186434393e-22,1.362517977138894e-24,-5.753580282304146e-24,3.1687388599218594e-22,6.234484029462369e-12,2.1016686266395996e-10,0.010916851257201208
2,0.2617993877991494,4,3,45,5.083941931733347,0.0025542609662129526,-1.3309728853342153,-0.0006687039572338149,1.2486544601878958e-21,0.0,0.0,0.0,0.0,0.0,0.0,0.0,0.0,-2.8799498995740558e-22,-1.321990731471128e-22,1.2625742824938023e-22,-2.8538701202852225e-22,1.2644356685765499e-22,-2.854740884021273e-22,2.828263689959765e-22,1.2062429326124792e-22,6.234484029462369e-12,2.1016686266395996e-10,0.010916851257201208
2,0.2617993877991494,4,3,46,5.63648947800146,-0.002459794836276414,-1.4756294946771293,0.0006439727822486741,1.2002861452808845e-21,0.0,0.0,0.0,0.0,0.0,0.0,0.0,0.0,-2.722307854771775e-22,-1.1578881371344765e-22,1.2139611922744996e-22,-2.742528431173424e-22,1.2149666167941892e-22,-2.7450816311581234e-22,2.7647715317071447e-22,1.2721584352831078e-22,6.234484029462369e-12,2.1016686266395996e-10,0.010916851257201208
2,0.2617993877991494,4,3,47,2.9590827095675287,0.00021740253561972414,-0.7746860418118272,-5.6915850731226553e-5,1.1378278730900105e-21,0.0,0.0,0.0,0.0,0.0,0.0,0.0,0.0,-2.7983844298374246e-22,6.999559556296935e-23,-7.28878645320322e-23,-2.7486051041453624e-22,-7.379509333953705e-23,-2.7478898859335307e-22,2.6983043698499617e-22,-7.656273823801829e-23,6.234484029462369e-12,2.1016686266395996e-10,0.010916851257201208
2,0.2617993877991494,4,3,48,5.083941931733329,0.002554260966169633,-1.3309728853342107,-0.0006687039572224738,1.113658902478526e-21,0.0,0.0,0.0,0.0,0.0,0.0,0.0,0.0,1.9253871920162824e-22,2.0656514257155767e-22,-2.0105343922672232e-22,1.9237877133917936e-22,-2.010721783338499e-22,1.9274811872478389e-22,-1.925142735757273e-22,-1.9563832449088136e-22,6.234484029462369e-12,2.1016686266395996e-10,0.010916851257201208
2,0.2617993877991494,4,3,49,5.641549794441049,0.0026000093642874478,-1.476954282423084,-0.0006806808598425095,1.0690510214195057e-21,0.0,0.0,0.0,0.0,0.0,0.0,0.0,0.0,-5.838092070856027e-23,2.6459018560173966e-22,-2.616989636756884e-22,-5.407516654063827e-23,-2.6174857520407222e-22,-5.405959436134914e-23,4.9851226304141027e-23,-2.588395697316471e-22,6.234484029462369e-12,2.1016686266395996e-10,0.010916851257201208
2,0.2617993877991494,4,3,50,5.078881615293815,-0.002505543234458883,-1.3296480975882758,0.0006559496848856362,1.051366551164445e-21,0.0,0.0,0.0,0.0,0.0,0.0,0.0,0.0,1.6220495030049887e-22,-2.0222587511508566e-22,2.0286406568909405e-22,1.6715665143911454e-22,2.0271411379868694e-22,1.6724297531933364e-22,-1.7227108445214298e-22,2.0329177082332295e-22,6.234484029462369e-12,2.1016686266395996e-10,0.010916851257201208
2,0.2617993877991494,4,3,51,5.636489478001494,-0.002459794836358886,-1.4756294946771382,0.0006439727822702653,1.0438281307227599e-21,0.0,0.0,0.0,0.0,0.0,0.0,0.0,0.0,-9.081376296716517e-23,-2.4068170052485972e-22,2.455670296927148e-22,-8.833907114922411e-23,2.4552062233814756e-22,-8.829459020029634e-23,8.570769777256152e-23,2.5043593380230087e-22,6.234484029462369e-12,2.1016686266395996e-10,0.010916851257201208
2,0.2617993877991494,4,3,52,5.0788816152939456,-0.0025055432344518406,-1.32964809758831,0.0006559496848837925,1.0196619511100554e-21,0.0,0.0,0.0,0.0,0.0,0.0,0.0,0.0,-2.146889846873472e-22,-1.3091285049558874e-22,1.3550541379405036e-22,-2.155131073205194e-22,1.3587630764432405e-22,-2.1606039572107776e-22,2.168324673044896e-22,1.4054900053432546e-22,6.234484029462369e-12,2.1016686266395996e-10,0.010916851257201208
2,0.2617993877991494,4,5,53,2.9587408580078707,-0.00012442107246255722,0.7745965452827905,-3.257336060001109e-5,9.313659588832575e-22,-2.2099601404610917e-22,8.252949286677139e-23,-8.409183364648815e-23,-2.1707463597304232e-22,-8.467741265348614e-23,-2.1692835568549956e-22,2.1303507885227123e-22,-8.616238979732167e-23,0.0,0.0,0.0,0.0,0.0,0.0,0.0,0.0,6.234484029462369e-12,2.1016686266395996e-10,0.010916851257201208
2,0.2617993877991494,4,3,54,2.9590827095670136,0.00021740253561162905,-0.7746860418116924,-5.6915850729107263e-5,9.306802032983308e-22,0.0,0.0,0.0,0.0,0.0,0.0,0.0,0.0,-1.934640286155318e-22,-1.3585117722793843e-22,1.3069833678052842e-22,-1.9239958940174966e-22,1.3145412437907916e-22,-1.9203407976413458e-22,1.9092576250296104e-22,1.2639437399227666e-22,6.234484029462369e-12,2.1016686266395996e-10,0.010916851257201208
2,0.2617993877991494,4,5,55,2.9587408580079426,-0.00012442107254925783,0.7745965452828094,-3.2573360622709254e-5,8.971254596335493e-22,1.5900049417333456e-22,1.6493464167566083e-22,-1.586679942533563e-22,1.562863283922548e-22,-1.602873353923921e-22,1.5904558795555656e-22,-1.5628157455646824e-22,-1.541499490266372e-22,0.0,0.0,0.0,0.0,0.0,0.0,0.0,0.0,6.234484029462369e-12,2.1016686266395996e-10,0.010916851257201208
2,0.2617993877991494,4,5,56,5.078539763734845,-0.0028473668426027654,1.3295586010594194,-0.000745438896233001,8.861786614974778e-22,2.231423965056672e-22,1.3948687190001816e-23,-1.8151541841529135e-23,2.2399069062063716e-22,-1.2935614187437863e-23,2.1799425189411804e-22,-2.188357804117783e-22,-1.7038075921510774e-23,0.0,0.0,0.0,0.0,0.0,0.0,0.0,0.0,6.234484029462369e-12,2.1016686266395996e-10,0.010916851257201208
2,0.2617993877991494,4,5,57,5.083941931733413,0.0025542609662180665,1.3309728853342326,0.0006687039572351536,8.747862554500503e-22,1.1784666247373182e-23,-2.1539127590142726e-22,2.1820422677290967e-22,1.4831579539808336e-23,2.181618172236038e-22,1.482486056254159e-23,-1.795080665587556e-23,2.209722682878849e-22,0.0,0.0,0.0,0.0,0.0,0.0,0.0,0.0,6.234484029462369e-12,2.1016686266395996e-10,0.010916851257201208
2,0.2617993877991494,4,5,58,5.641549794440889,0.002600009364363498,1.476954282423042,0.0006806808598624194,8.675312909830002e-22,-1.1044632036167302e-22,1.831721420441532e-22,-1.8417742205446706e-22,-1.1413268283036802e-22,-1.8441536780315553e-22,-1.1450248100366293e-22,1.1825659769717881e-22,-1.853866935043481e-22,0.0,0.0,0.0,0.0,0.0,0.0,0.0,0.0,6.234484029462369e-12,2.1016686266395996e-10,0.010916851257201208
2,0.2617993877991494,4,5,59,5.636489478001405,-0.002459794836339124,1.475629494677115,-0.0006439727822650916,8.540947178990377e-22,-2.3984964873566758e-23,2.1531536973184935e-22,-2.1237032281177667e-22,-2.0495563478925003e-23,-2.126877703113588e-22,-2.0440174709892833e-23,1.7043091445986835e-23,-2.0973150010963905e-22,0.0,0.0,0.0,0.0,0.0,0.0,0.0,0.0,6.234484029462369e-12,2.1016686266395996e-10,0.010916851257201208
2,0.2617993877991494,4,3,60,5.641207942881878,0.002258185756179752,-1.4768647858941746,-0.0005911916485046183,8.192239542255316e-22,0.0,0.0,0.0,0.0,0.0,0.0,0.0,0.0,-7.7765057445149e-23,1.8648933308121404e-22,-1.8793065167750755e-22,-8.17150094645961e-23,-1.8765911498024658e-22,-8.168350336694727e-23,8.570663087123214e-23,-1.8905699329466776e-22,6.234484029462369e-12,2.1016686266395996e-10,0.010916851257201208
2,0.2617993877991494,4,5,61,5.078881615293868,-0.0025055432344885642,1.3296480975882898,-0.0006559496848934068,7.956835145399986e-22,-1.192043675797743e-22,-1.6302963833355998e-22,1.5892091527866168e-22,-1.197948305860002e-22,1.590691707975818e-22,-1.1924861166622362e-22,1.197815210332463e-22,1.550180182231787e-22,0.0,0.0,0.0,0.0,0.0,0.0,0.0,0.0,6.234484029462369e-12,2.1016686266395996e-10,0.010916851257201208
2,0.2617993877991494,4,3,62,5.636831329560481,-0.0021179712281668662,-1.4757189912059994,0.0005544835709102981,7.88435651959299e-22,0.0,0.0,0.0,0.0,0.0,0.0,0.0,0.0,-1.6310046687174468e-22,1.1552932922437495e-22,-1.1630784908871832e-22,-1.5922498395172871e-22,-1.1599049227250674e-22,-1.5925570708929715e-22,1.5542576764355635e-22,-1.1670744236573414e-22,6.234484029462369e-12,2.1016686266395996e-10,0.010916851257201208
2,0.2617993877991494,4,3,63,5.636489478001389,-0.0024597948363106756,-1.4756294946771107,0.0006439727822576438,6.8376794633629975e-22,0.0,0.0,0.0,0.0,0.0,0.0,0.0,0.0,1.3539575609956663e-22,-1.002139179086288e-22,9.957201646306591e-23,1.386972793951991e-22,1.0006226411406234e-22,1.388243392700656e-22,-1.4216987022542274e-22,9.936783752862153e-23,6.234484029462369e-12,2.1016686266395996e-10,0.010916851257201208
2,0.2617993877991494,4,3,64,5.641549794440965,0.002600009364316612,-1.4769542824230617,-0.0006806808598501447,6.730192924953057e-22,0.0,0.0,0.0,0.0,0.0,0.0,0.0,0.0,-1.1312221726558172e-22,-1.278104454638578e-22,1.24569907872689e-22,-1.132349075362787e-22,1.2449580503338783e-22,-1.130245195450377e-22,1.1309520836011942e-22,1.213022192284315e-22,6.234484029462369e-12,2.1016686266395996e-10,0.010916851257201208
2,0.2617993877991494,4,3,65,5.079223466852911,-0.002163719626344758,-1.3297375941171652,0.0005664604735460619,6.370485608813623e-22,0.0,0.0,0.0,0.0,0.0,0.0,0.0,0.0,5.143342403841268e-24,1.613565286111189e-22,-1.589012071991746e-22,7.14059207866912e-24,-1.5927889642712853e-22,7.342859111767427e-24,-9.280842943053625e-24,-1.5682607535548715e-22,6.234484029462369e-12,2.1016686266395996e-10,0.010916851257201208
2,0.2617993877991494,4,5,66,3.516348720715693,-7.867267412929157e-5,0.9205779423716907,-2.0596457923570513e-5,6.081532821005177e-22,1.5167929708227713e-22,-2.6837599377135677e-23,2.8672463800229464e-23,1.4953264035053644e-22,2.8442618807537674e-23,1.4911870487866435e-22,-1.4697914912271635e-22,3.022253612443345e-23,0.0,0.0,0.0,0.0,0.0,0.0,0.0,0.0,6.234484029462369e-12,2.1016686266395996e-10,0.010916851257201208
2,0.2617993877991494,4,5,67,5.083941931733296,0.0025542609662028704,1.330972885334202,0.0006687039572311753,5.853839411412439e-22,6.032976173648706e-23,1.3104853432783623e-22,-1.336486796129814e-22,5.941032493637558e-23,-1.3382194806918472e-22,5.941462162410215e-23,-5.844568339153505e-23,-1.3644791169375988e-22,0.0,0.0,0.0,0.0,0.0,0.0,0.0,0.0,6.234484029462369e-12,2.1016686266395996e-10,0.010916851257201208
2,0.2617993877991494,4,3,68,5.641891646000076,0.002941832972512497,-1.4770437789519553,-0.0007701700712111236,5.653079947410041e-22,0.0,0.0,0.0,0.0,0.0,0.0,0.0,0.0,-1.0164020117477732e-22,9.549446317885034e-23,-9.548409437373012e-23,-1.060563647361789e-22,-9.266068829022641e-23,-1.0487001934506811e-22,1.092989589811001e-22,-9.251486179229597e-23,6.234484029462369e-12,2.1016686266395996e-10,0.010916851257201208
2,0.2617993877991494,4,3,69,5.636147626442439,-0.002801618444519254,-1.4755399981482595,0.0007334619936219459,5.305835777446153e-22,0.0,0.0,0.0,0.0,0.0,0.0,0.0,0.0,-1.1961301646206928e-22,6.630015612591986e-23,-6.189837645430488e-23,-1.152017952239427e-22,-6.858936433253595e-23,-1.1565458225440771e-22,1.1144544797423486e-22,-6.413681723045427e-23,6.234484029462369e-12,2.1016686266395996e-10,0.010916851257201208
2,0.2617993877991494,4,3,70,5.078539763734859,-0.0028473668427216902,-1.329558601059423,0.0007454388962641355,4.285633370949521e-22,0.0,0.0,0.0,0.0,0.0,0.0,0.0,0.0,-8.811431737113934e-24,-1.0556564158858704e-22,1.0745935178562088e-22,-1.7098060977932115e-23,1.0494253611986031e-22,-1.0602417496948502e-23,1.88849586794764e-23,1.0668413965082157e-22,6.234484029462369e-12,2.1016686266395996e-10,0.010916851257201208
2,0.2617993877991494,4,5,71,5.079223466852885,-0.0021637196262931243,1.3297375941171585,-0.0005664604735325443,4.039319372059422e-22,3.072356640860845e-23,9.459002927635037e-23,-9.64028902307617e-23,2.983313802577563e-23,-9.654524524472153e-23,2.9803805908918456e-23,-2.887231710662655e-23,-9.837358384851465e-23,0.0,0.0,0.0,0.0,0.0,0.0,0.0,0.0,6.234484029462369e-12,2.1016686266395996e-10,0.010916851257201208
2,0.2617993877991494,4,5,72,5.641207942881933,0.002258185756179569,1.476864785894189,0.0005911916485045704,3.5393500439603303e-22,-8.907676565122674e-23,1.1567327556180925e-23,-1.2660696319237858e-23,-8.755525591684084e-23,-1.2551580299173067e-23,-8.759683856006497e-23,8.608384051779276e-23,-1.3608866547447667e-23,0.0,0.0,0.0,0.0,0.0,0.0,0.0,0.0,6.234484029462369e-12,2.1016686266395996e-10,0.010916851257201208
2,0.2617993877991494,4,5,73,5.641549794440938,0.0026000093642753394,1.4769542824230548,0.0006806808598393395,2.954289558852538e-22,-4.7688415566038094e-23,5.500550799620238e-23,-5.509279574695219e-23,-4.9199620562442666e-23,-5.503289733646827e-23,-4.923635535249173e-23,5.077041977608476e-23,-5.509751947121764e-23,0.0,0.0,0.0,0.0,0.0,0.0,0.0,0.0,6.234484029462369e-12,2.1016686266395996e-10,0.010916851257201208
2,0.2617993877991494,4,5,74,7.75663023528736,-0.0048409169981555745,2.030681046982603,-0.0012673491065036254,2.912604149405709e-22,6.567316997796272e-23,3.37750444027226e-23,-3.2361308315863145e-23,6.526761613646793e-23,-3.22641936957962e-23,6.522980076838142e-23,-6.480836784240756e-23,-3.087749841027856e-23,0.0,0.0,0.0,0.0,0.0,0.0,0.0,0.0,6.234484029462369e-12,2.1016686266395996e-10,0.010916851257201208
2,0.2617993877991494,4,3,75,7.761348700168166,-0.00012293640527699656,-2.03191633819975,3.218467563974582e-5,2.673289214922719e-22,0.0,0.0,0.0,0.0,0.0,0.0,0.0,0.0,-5.39096976157739e-23,-3.784430392272727e-23,3.924676173984328e-23,-5.405147511506793e-23,3.920512058155627e-23,-5.415945542662633e-23,5.428269639898056e-23,4.063066719329241e-23,6.234484029462369e-12,2.1016686266395996e-10,0.010916851257201208
2,0.2617993877991494,4,5,76,5.636831329560464,-0.002117971228142049,1.475718991205995,-0.0005544835709038009,2.302430365065527e-22,3.5746287024336834e-23,-4.404308881873422e-23,4.404842623523707e-23,3.690751486997805e-23,4.427589634781813e-23,3.69190704328314e-23,-3.809920054257487e-23,4.4265682166545623e-23,0.0,0.0,0.0,0.0,0.0,0.0,0.0,0.0,6.234484029462369e-12,2.1016686266395996e-10,0.010916851257201208
2,0.2617993877991494,4,3,77,5.083941931733426,0.002554260966175781,-1.330972885334236,-0.0006687039572240833,2.2083007977480283e-22,0.0,0.0,0.0,0.0,0.0,0.0,0.0,0.0,3.806927123793825e-23,-4.1127035983484336e-23,4.07766035847799e-23,3.720135397867622e-23,4.1006902041873585e-23,3.697041339522595e-23,-3.6119953962628416e-23,4.065046356669369e-23,6.234484029462369e-12,2.1016686266395996e-10,0.010916851257201208
2,0.2617993877991494,4,5,78,7.766409016607384,0.004936867794834366,2.033241125945607,0.0012924689663329737,1.936550017848119e-22,-4.535928835391612e-23,-1.4916006008694686e-23,1.569393774243566e-23,-4.5761676888111985e-23,1.5758058836520555e-23,-4.581040830634227e-23,4.6207888617833914e-23,1.6552811469284798e-23,0.0,0.0,0.0,0.0,0.0,0.0,0.0,0.0,6.234484029462369e-12,2.1016686266395996e-10,0.010916851257201208
2,0.2617993877991494,4,5,79,7.761690551726936,0.00021888720239148125,2.032005834728554,5.730453558315831e-5,1.7165689541792034e-22,-4.2184465496356585e-23,-3.1087667889524698e-24,3.717212354726475e-24,-4.2730246025939554e-23,3.726741835133273e-24,-4.2770326942046456e-23,4.3315986584315503e-23,4.3516417840329396e-24,0.0,0.0,0.0,0.0,0.0,0.0,0.0,0.0,6.234484029462369e-12,2.1016686266395996e-10,0.010916851257201208
3,0.15114994701951814,5,4,0,0.008077190151294378,0.008076327375967576,-0.001220866863434719,-0.001220736454989783,86.32803009800621,0.0,0.0,0.0,0.0,0.0,0.0,0.0,0.0,-14.829008948736721,15.259409405944595,-15.26246594811886,-15.257575631345265,-15.262465948333556,-15.257575631052786,15.692246079191598,-15.259418239503168,1.8657029153851704e-11,8.541387117852352e-10,0.0053647908045946924
3,0.15114994701951814,5,6,1,0.00807719015129571,0.008076327375909492,0.0012208668634349203,0.0012207364549810037,86.32803009783646,15.692246079185427,-15.259418239449337,15.262465948065882,15.257575631338042,15.26246594827876,15.25757563104776,-14.829008948730666,15.259409405890649,0.0,0.0,0.0,0.0,0.0,0.0,0.0,0.0,1.8657029153851704e-11,8.541387117852352e-10,0.0053647908045946924
3,0.15114994701951814,5,4,2,2.080555925843064,0.0004039112711037296,-0.31447591796232366,-6.105116722791496e-5,4.3174081390351935,0.0,0.0,0.0,0.0,0.0,0.0,0.0,0.0,-0.7475935251226896,0.7573008777386918,-0.7572854192753622,-0.7690273958445447,-0.7572854189796462,-0.7690273951833683,0.7907641185230125,-0.7569622890059505,1.8657029153851704e-11,8.541387117852352e-10,0.0053647908045946924
3,0.15114994701951814,5,6,3,2.080555925842865,0.00040391127120385697,0.31447591796229357,6.105116724304921e-5,4.3174081305778325,0.7907641165294024,-0.7569622880168323,0.7572854184325082,0.7690273931685644,0.7572854178450926,0.7690273938716841,-0.7475935231290309,0.7573008767496038,0.0,0.0,0.0,0.0,0.0,0.0,0.0,0.0,1.8657029153851704e-11,8.541387117852352e-10,0.0053647908045946924
3,0.15114994701951814,5,4,4,2.0797543358059123,-0.0003976450949396259,-0.3143547576706768,6.010403503269572e-5,4.250428781584652,0.0,0.0,0.0,0.0,0.0,0.0,0.0,0.0,0.766750953893895,-0.7572983805191911,0.757281912706278,0.7453490921126531,0.7572819124149699,0.7453490914530673,-0.7242500827811881,0.7569672444131462,1.8657029153851704e-11,8.541387117852352e-10,0.0053647908045946924
3,0.15114994701951814,5,6,5,2.0797543358057426,-0.00039764509495258255,0.31435475767065113,-6.010403503465411e-5,4.250428772733661,-0.7242500807400488,0.7569672433171056,-0.7572819117612448,-0.7453490893896406,-0.7572819111687517,-0.7453490900933987,0.7667509518527921,-0.7572983794231635,0.0,0.0,0.0,0.0,0.0,0.0,0.0,0.0,1.8657029153851704e-11,8.541387117852352e-10,0.0053647908045946924
3,0.15114994701951814,5,6,6,4.295088192543386,0.0002400338628916936,0.6492023527470908,3.628110565896977e-5,2.5657193880802116,0.46833894116537605,-0.4514983596285811,0.4516447893255699,0.45542079592819895,0.45164478154360427,0.4554207983770771,-0.4426832745732224,0.4516090069166374,0.0,0.0,0.0,0.0,0.0,0.0,0.0,0.0,1.8657029153851704e-11,8.541387117852352e-10,0.0053647908045946924
3,0.15114994701951814,5,4,7,4.295088192542841,0.00024003386289491498,-0.6492023527470083,-3.628110565945668e-5,2.5657193130725444,0.0,0.0,0.0,0.0,0.0,0.0,0.0,0.0,-0.44268316394652474,0.45160909181694614,-0.4516448708122959,-0.4554206876657524,-0.45164486990176544,-0.45542068542009156,0.4683388305386729,-0.45149844452891613,1.8657029153851704e-11,8.541387117852352e-10,0.0053647908045946924
3,0.15114994701951814,5,6,8,4.294610143287557,-0.0002379762030845032,0.6491300956273995,-3.5970090488128746e-5,2.5437250797810065,-0.4350178606914465,0.4514991824029727,-0.4516433665593809,-0.4476454179440147,-0.45164335877555145,-0.44764542039256544,0.46045359913137374,-0.45160844875914624,0.0,0.0,0.0,0.0,0.0,0.0,0.0,0.0,1.8657029153851704e-11,8.541387117852352e-10,0.0053647908045946924
3,0.15114994701951814,5,4,9,4.2946101432874135,-0.0002379762032179815,-0.6491300956273778,3.5970090508303986e-5,2.5437250098313253,0.0,0.0,0.0,0.0,0.0,0.0,0.0,0.0,0.46045348861426705,-0.45160853365553133,0.4516434480394091,0.4476453097918255,0.4516434471324606,0.44764530754448856,-0.4350177501743204,0.4514992672993251,1.8657029153851704e-11,8.541387117852352e-10,0.0053647908045946924
3,0.15114994701951814,5,4,10,2.09590871610955,0.015755009656582913,-0.31679649139770477,-0.0023813688748845043,1.673181055115877e-18,0.0,0.0,0.0,0.0,0.0,0.0,0.0,0.0,-3.882331789145425e-19,1.6954452463995788e-19,-1.7271565292445528e-19,-3.813971296870454e-19,-1.7251210220102967e-19,-3.8060356227034813e-19,3.73817960671775e-19,-1.7554662670826208e-19,1.8657029153851704e-11,8.541387117852352e-10,0.0053647908045946924
3,0.15114994701951814,5,6,11,2.095908716109474,0.015755009656695854,0.3167964913976933,0.0023813688749015753,1.1957344831101054e-18,2.77996303538393e-19,-9.810220620867216e-20,9.655065181074198e-20,2.830478967927932e-19,9.537302927221332e-20,2.831453781902466e-19,-2.882420495142625e-19,9.372723614171331e-20,0.0,0.0,0.0,0.0,0.0,0.0,0.0,0.0,1.8657029153851704e-11,8.541387117852352e-10,0.0053647908045946924
3,0.15114994701951814,5,4,12,4.311242572846501,0.016392688614955464,-0.6516440864740397,-0.0024777540156579766,5.2485746456957e-19,0.0,0.0,0.0,0.0,0.0,0.0,0.0,0.0,-1.256572884544638e-19,2.503526048868418e-20,-2.485507648770311e-20,-1.2629942330649276e-19,-2.679240206058043e-20,-1.3098181939954755e-19,1.316528059231754e-19,-2.6607814156199995e-20,1.8657029153851704e-11,8.541387117852352e-10,0.0053647908045946924
3,0.15114994701951814,5,6,13,4.311242572846392,0.016392688614860228,0.6516440864740232,0.002477754015643582,4.839200604292674e-19,1.0055060103461393e-19,7.257805705646493e-20,-7.087310269677828e-20,9.479328503401869e-20,-7.32438863370376e-20,9.95504795002392e-20,-9.382819115390473e-20,-7.149248305470013e-20,0.0,0.0,0.0,0.0,0.0,0.0,0.0,0.0,1.8657029153851704e-11,8.541387117852352e-10,0.0053647908045946924
3,0.15114994701951814,5,4,14,2.0967103061467665,0.016556566022978662,-0.3169176516893614,-0.002502524077198379,4.444594426859007e-19,0.0,0.0,0.0,0.0,0.0,0.0,0.0,0.0,-1.0096057653603451e-19,3.908105314437028e-20,-4.536339924364761e-20,-9.935332303893215e-20,-3.881754158580027e-20,-1.0611198462349534e-19,1.0455699498044204e-19,-4.540440191206887e-20,1.8657029153851704e-11,8.541387117852352e-10,0.0053647908045946924
3,0.15114994701951814,5,6,15,2.0967103061468153,0.01655656602304306,0.3169176516893688,0.0025025240772081126,4.1747915661864033e-19,7.210180237332874e-20,-7.984765685713016e-20,7.837987991317126e-20,6.79817934022633e-20,7.343873730556922e-20,7.495865646354403e-20,-7.0859956184174e-20,7.22554211060537e-20,0.0,0.0,0.0,0.0,0.0,0.0,0.0,0.0,1.8657029153851704e-11,8.541387117852352e-10,0.0053647908045946924
3,0.15114994701951814,5,4,16,4.310764523590844,0.015914678548467426,-0.6515718293543745,-0.002405502819433513,3.155839085323344e-19,0.0,0.0,0.0,0.0,0.0,0.0,0.0,0.0,5.713250368789752e-20,5.369041651306572e-20,-5.477963424077236e-20,5.785198188647904e-20,-5.3921744358526706e-20,5.652870618751998e-20,-5.723751387042783e-20,-5.50123916197884e-20,1.8657029153851704e-11,8.541387117852352e-10,0.0053647908045946924
3,0.15114994701951814,5,6,17,4.167585861763458,0.007281037185827014,0.6299303822048395,0.0011005283848848947,2.0963083188046403e-19,-5.262323710171283e-20,7.542690890591428e-21,-8.163533481035398e-21,-5.175539234015796e-20,-8.173786299891577e-21,-5.1773524401481745e-20,5.090924528822748e-20,-8.773685190886332e-21,0.0,0.0,0.0,0.0,0.0,0.0,0.0,0.0,1.8657029153851704e-11,8.541387117852352e-10,0.0053647908045946924
3,0.15114994701951814,5,6,18,4.31076452359083,0.01591467854850924,0.6515718293543723,0.0024055028194398336,1.8644534381970052e-19,4.5409276149463905e-20,-1.1095108197984646e-20,1.2411134313161349e-20,4.630459500563453e-20,8.78301754554917e-21,4.444249205278625e-20,-4.5366084496677e-20,1.0018529935289406e-20,0.0,0.0,0.0,0.0,0.0,0.0,0.0,0.0,1.8657029153851704e-11,8.541387117852352e-10,0.0053647908045946924
3,0.15114994701951814,5,4,19,4.167585861763614,0.00728103718567953,-0.6299303822048632,-0.0011005283848626024,1.0122774992049865e-19,0.0,0.0,0.0,0.0,0.0,0.0,0.0,0.0,-2.0303898456964948e-20,1.4510146212284865e-20,-1.4414377588887925e-20,-2.079510462824261e-20,-1.44254822002207e-20,-2.079550096389942e-20,2.1292249496506883e-20,-1.432138571534564e-20,1.8657029153851704e-11,8.541387117852352e-10,0.0053647908045946924
3,0.15114994701951814,5,6,20,4.1683874518014195,0.00808259355236984,0.6300515424966088,0.0012216835872210002,8.390553128854205e-20,3.0861017454002026e-21,-2.04504964876786e-20,2.068030185180854e-20,3.4348083777511114e-21,2.069467349850476e-20,3.49115087335381e-21,-3.848992777868787e-21,2.092169468812214e-20,0.0,0.0,0.0,0.0,0.0,0.0,0.0,0.0,1.8657029153851704e-11,8.541387117852352e-10,0.0053647908045946924
3,0.15114994701951814,5,4,21,4.168387451800159,0.008082593551773348,-0.6300515424964183,-0.0012216835871308406,6.043040698669795e-20,0.0,0.0,0.0,0.0,0.0,0.0,0.0,0.0,1.5228718298714557e-20,1.755049003412881e-21,-1.5196774666974796e-21,1.5014916516704716e-20,-1.5360708660417497e-21,1.504374994594746e-20,-1.4829845662599565e-20,-1.306644287695201e-21,1.8657029153851704e-11,8.541387117852352e-10,0.0053647908045946924
3,0.15114994701951814,5,4,22,4.168387451800659,0.008082593551974031,-0.6300515424964939,-0.0012216835871611737,4.638772084698151e-20,0.0,0.0,0.0,0.0,0.0,0.0,0.0,0.0,-8.155932186568624e-21,-8.461216992720889e-21,8.230830734457959e-21,-8.162966600547017e-21,8.239517549446304e-21,-8.165994902432962e-21,8.169779690821783e-21,8.012027091393517e-21,1.8657029153851704e-11,8.541387117852352e-10,0.0053647908045946924
3,0.15114994701951814,5,6,23,4.168387451800198,0.008082593551562878,0.6300515424964241,0.001221683587099028,2.7759101737448706e-20,-6.837924815391846e-21,-3.2734918282503818e-22,3.903888524742511e-22,-6.928036365492217e-21,4.424008858454151e-22,-6.925767608120636e-21,7.016086968211195e-21,5.077566151081262e-22,0.0,0.0,0.0,0.0,0.0,0.0,0.0,0.0,1.8657029153851704e-11,8.541387117852352e-10,0.0053647908045946924
3,0.15114994701951814,5,4,24,4.168387451801448,0.008082593552353873,-0.6300515424966131,-0.001221683587218587,1.72959972422588e-20,0.0,0.0,0.0,0.0,0.0,0.0,0.0,0.0,-2.1619240588633077e-22,4.40494881260402e-21,-4.335020564867111e-21,-1.6019329326374573e-22,-4.307163612961154e-21,-1.3217533373981826e-22,7.872320561044225e-23,-4.2378446129135585e-21,1.8657029153851704e-11,8.541387117852352e-10,0.0053647908045946924
3,0.15114994701951814,5,4,25,6.383721308538183,0.008720272509729066,-0.9648991375729153,-0.0013180687278413089,8.445292791740041e-21,0.0,0.0,0.0,0.0,0.0,0.0,0.0,0.0,-1.1278307433427645e-21,1.739794748716511e-21,-1.765971361996118e-21,-1.1775506787201655e-21,-1.7433094431339875e-21,-1.170427664084332e-21,1.2212010959398232e-21,-1.769004535455671e-21,1.8657029153851704e-11,8.541387117852352e-10,0.0053647908045946924
3,0.15114994701951814,5,6,26,4.1683874518007,0.008082593551802842,0.6300515424965001,0.0012216835871352986,6.745110971934126e-21,-7.4449216015201565e-22,1.4852092515662493e-21,-1.5006508372574312e-21,-7.755141932574994e-22,-1.4824946085345599e-21,-7.970579975439121e-22,8.289226476071172e-22,-1.4972323904885603e-21,0.0,0.0,0.0,0.0,0.0,0.0,0.0,0.0,1.8657029153851704e-11,8.541387117852352e-10,0.0053647908045946924
3,0.15114994701951814,5,6,27,6.3824416692453045,0.007440706077441295,0.9647057201615927,0.0011246623293930584,5.725994454265845e-21,-8.641747605282926e-22,-1.1630011527112762e-21,1.1356090423157744e-21,-8.67641286005338e-22,1.1387804942034734e-21,-8.711260892300307e-22,8.741774361583326e-22,1.1116296313510736e-21,0.0,0.0,0.0,0.0,0.0,0.0,0.0,0.0,1.8657029153851704e-11,8.541387117852352e-10,0.0053647908045946924
3,0.15114994701951814,5,6,28,6.3837213085379805,0.008720272510032538,0.9648991375728848,0.0013180687278871786,5.724445917361413e-21,9.510515048897925e-22,-1.1021665515453524e-21,1.1005678504274657e-21,9.21947700818296e-22,1.0911973349851365e-21,9.185174347212813e-22,-8.900237595015537e-22,1.0892819260684924e-21,0.0,0.0,0.0,0.0,0.0,0.0,0.0,0.0,1.8657029153851704e-11,8.541387117852352e-10,0.0053647908045946924
3,0.15114994701951814,5,6,29,6.38244166924488,0.007440706077283199,0.9647057201615286,0.0011246623293691622,3.2450626858685874e-21,1.1850993100132809e-22,8.127564088795008e-22,-8.0051879802463635e-22,1.2717682915934308e-22,-8.019395113517129e-22,1.2685815857241464e-22,-1.3527848576609629e-22,-7.897397945523573e-22,0.0,0.0,0.0,0.0,0.0,0.0,0.0,0.0,1.8657029153851704e-11,8.541387117852352e-10,0.0053647908045946924
3,0.15114994701951814,5,4,30,6.3824416692448525,0.0074407060773407085,-0.9647057201615243,-0.0011246623293778549,2.550382625411987e-21,0.0,0.0,0.0,0.0,0.0,0.0,0.0,0.0,-5.474706468517265e-23,-6.275449783160046e-22,6.349597092743074e-22,-4.63897104337525e-23,6.3675708962629395e-22,-4.7057641195232686e-23,3.8487805479986534e-23,6.441597248052062e-22,1.8657029153851704e-11,8.541387117852352e-10,0.0053647908045946924
3,0.15114994701951814,5,4,31,4.169189041837971,0.008884149918038785,-0.6301727027881648,-0.0013428387894250187,2.026106871004009e-21,0.0,0.0,0.0,0.0,0.0,0.0,0.0,0.0,-4.913402472363071e-23,-5.126259067495167e-22,5.031632813702015e-22,-5.295360991432516e-23,5.063610148516277e-22,-2.626596080617825e-23,3.0430406663368586e-23,4.9721747837069e-22,1.8657029153851704e-11,8.541387117852352e-10,0.0053647908045946924
3,0.15114994701951814,5,4,32,6.382919718500661,0.007918716143316438,-0.9647779772812126,-0.0011969135255248827,1.9711402990715496e-21,0.0,0.0,0.0,0.0,0.0,0.0,0.0,0.0,-2.803565411136131e-22,-4.1356041876116886e-22,4.039391707406807e-22,-2.8234885789054554e-22,4.0429355092490967e-22,-2.8157896837116782e-22,2.834238167331561e-22,3.9478203206295805e-22,1.8657029153851704e-11,8.541387117852352e-10,0.0053647908045946924
3,0.15114994701951814,5,4,33,6.382919718500919,0.007918716143864524,-0.9647779772812516,-0.0011969135256077257,1.5857107411287538e-21,0.0,0.0,0.0,0.0,0.0,0.0,0.0,0.0,-3.66014017480934e-22,1.6561468034843928e-22,-1.6873897021869218e-22,-3.588763268510971e-22,-1.6765252824017983e-22,-3.590396064429711e-22,3.5196308614586264e-22,-1.7064986582871348e-22,1.8657029153851704e-11,8.541387117852352e-10,0.0053647908045946924
3,0.15114994701951814,5,6,34,6.383721308537902,0.00872027250976637,0.9648991375728729,0.0013180687278469471,1.3949091902236908e-21,3.435044739822385e-22,-8.977334416363557e-23,9.379459652907088e-23,3.371095851193081e-22,8.928391994726878e-23,3.3581905774241427e-22,-3.2954368001154234e-22,9.319308032651665e-23,0.0,0.0,0.0,0.0,0.0,0.0,0.0,0.0,1.8657029153851704e-11,8.541387117852352e-10,0.0053647908045946924
3,0.15114994701951814,5,4,35,6.382919718500977,0.007918716143475085,-0.9647779772812604,-0.0011969135255488622,1.166588750284687e-21,0.0,0.0,0.0,0.0,0.0,0.0,0.0,0.0,-2.991923569286263e-24,2.9592816502591593e-22,-2.9150684976019917e-22,8.318475535261548e-25,-2.917541161821421e-22,6.990100219655778e-25,-4.4138621446024405e-24,-2.8734857291269253e-22,1.8657029153851704e-11,8.541387117852352e-10,0.0053647908045946924
3,0.15114994701951814,5,6,36,8.471552834495753,0.016398954790705415,1.2804747621070818,0.002478701147790597,9.742170732285506e-22,-1.4828248216918635e-22,-1.978447734037137e-22,1.9297918558545595e-22,-1.4879276520660968e-22,1.9272009450009583e-22,-1.4866947559658278e-22,1.4910519682872637e-22,1.8792365629477485e-22,0.0,0.0,0.0,0.0,0.0,0.0,0.0,0.0,1.8657029153851704e-11,8.541387117852352e-10,0.0053647908045946924
3,0.15114994701951814,5,4,37,6.383721308538085,0.008720272509988036,-0.9648991375729006,-0.001318068727880452,9.452838458256638e-22,0.0,0.0,0.0,0.0,0.0,0.0,0.0,0.0,-8.45032215562727e-23,-2.1639443950328627e-22,2.219714254822844e-22,-8.047155402285157e-23,2.2121578330313743e-22,-8.364009806650083e-23,7.947453395432967e-23,2.268486581838498e-22,1.8657029153851704e-11,8.541387117852352e-10,0.0053647908045946924
3,0.15114994701951814,5,6,38,6.38291971850126,0.007918716143846316,0.9647779772813031,0.0011969135256049738,9.051487903579439e-22,9.960864304051627e-23,-1.99874230621759e-22,2.0112730079183278e-22,1.0382119663060043e-22,2.010677385380599e-22,1.0365168377661079e-22,-1.0793572163282796e-22,2.022787046018385e-22,0.0,0.0,0.0,0.0,0.0,0.0,0.0,0.0,1.8657029153851704e-11,8.541387117852352e-10,0.0053647908045946924
3,0.15114994701951814,5,6,39,8.4541188148994,-0.001033266393588991,1.277839610968756,-0.00015617816064802457,8.927456171829883e-22,-2.192545825787786e-22,1.978575001726335e-23,-1.4453517915828772e-23,-2.224655746920331e-22,-1.593547623087118e-23,-2.228484497881994e-22,2.2600589658829786e-22,-1.0464286492495553e-23,0.0,0.0,0.0,0.0,0.0,0.0,0.0,0.0,1.8657029153851704e-11,8.541387117852352e-10,0.0053647908045946924
3,0.15114994701951814,5,4,40,6.382441669245152,0.007440706077551058,-0.9647057201615696,-0.001124662329409649,8.907980042987377e-22,0.0,0.0,0.0,0.0,0.0,0.0,0.0,0.0,2.169972059174288e-22,-3.689645135268241e-23,3.469996559354647e-23,2.194612066915795e-22,3.446542016678053e-23,2.2051981996196375e-22,-2.229883260115125e-22,3.220490748654387e-23,1.8657029153851704e-11,8.541387117852352e-10,0.0053647908045946924
3,0.15114994701951814,5,6,41,6.382441669244793,0.00744070607762172,0.9647057201615153,0.0011246623294203296,8.11605369634356e-22,-2.051664794524155e-22,-1.372287940884231e-24,-2.0584970541357655e-24,-2.0256564528489682e-22,-1.0143207348453123e-24,-2.0321167398592587e-22,2.0059613319491515e-22,-4.382064864673594e-24,0.0,0.0,0.0,0.0,0.0,0.0,0.0,0.0,1.8657029153851704e-11,8.541387117852352e-10,0.0053647908045946924
3,0.15114994701951814,5,6,42,4.169189041837834,0.008884149918010153,0.6301727027881442,0.0013428387894206912,8.10227007576211e-22,-1.926973617867424e-22,-8.749222445958817e-23,9.118069298247622e-23,-1.9517668164937374e-22,8.746814419599722e-23,-1.6853820780293656e-22,1.705860021487721e-22,9.088979612195616e-23,0.0,0.0,0.0,0.0,0.0,0.0,0.0,0.0,1.8657029153851704e-11,8.541387117852352e-10,0.0053647908045946924
3,0.15114994701951814,5,4,43,6.240866187492228,0.000410177447049586,-0.9433065935953525,-6.199829939014614e-5,7.362819263887715e-22,0.0,0.0,0.0,0.0,0.0,0.0,0.0,0.0,7.373892890444763e-23,-1.7150010492121822e-22,1.702419047179778e-22,7.009820710093561e-23,1.7005856938332865e-22,7.029326956583048e-23,-6.672241547504829e-23,1.6876783872492794e-22,1.8657029153851704e-11,8.541387117852352e-10,0.0053647908045946924
3,0.15114994701951814,5,4,44,8.4553984541922,0.0002463000387287334,-1.2780330283800665,-3.722823780475332e-5,6.311925130951391e-22,0.0,0.0,0.0,0.0,0.0,0.0,0.0,0.0,1.4623217971732782e-22,-6.509049917090863e-23,6.62614139256472e-23,1.4322560818941276e-22,6.615871737733515e-23,1.4322805123170969e-22,-1.4024879641262544e-22,6.727145539529846e-23,1.8657029153851704e-11,8.541387117852352e-10,0.0053647908045946924
3,0.15114994701951814,5,6,45,6.24006459745536,-0.0003913789192255511,0.9431854333037485,-5.915690290549832e-5,5.850343755172464e-22,-1.479886704036787e-22,-1.0937254376501225e-23,8.278984552168233e-24,-1.4602576713309007e-22,8.621802647411016e-24,-1.4598709357550429e-22,1.4401412924046254e-22,6.0309418987143684e-24,0.0,0.0,0.0,0.0,0.0,0.0,0.0,0.0,1.8657029153851704e-11,8.541387117852352e-10,0.0053647908045946924
3,0.15114994701951814,5,6,46,8.455398454192196,0.0002463000388056944,1.278033028380066,3.722823781638597e-5,5.836463700259563e-22,-1.173931098194651e-22,-8.324341118053685e-23,8.610167857765062e-23,-1.1789825504295228e-22,8.602907538132732e-23,-1.177364946307727e-22,1.1820709224749344e-22,8.893218792497099e-23,0.0,0.0,0.0,0.0,0.0,0.0,0.0,0.0,1.8657029153851704e-11,8.541387117852352e-10,0.0053647908045946924
3,0.15114994701951814,5,6,47,10.542751930894418,0.007446972253317068,1.593536395794614,0.0011256094615446966,5.638388521986743e-22,-5.103443716949454e-24,-1.4271558956934356e-22,1.407460860555222e-22,-6.877942540117768e-24,1.4081882094223653e-22,-7.013517791662503e-24,8.738050279562613e-24,1.3884995693737657e-22,0.0,0.0,0.0,0.0,0.0,0.0,0.0,0.0,1.8657029153851704e-11,8.541387117852352e-10,0.0053647908045946924
3,0.15114994701951814,5,6,48,6.3837213085377655,0.008720272509963736,0.9648991375728523,0.0013180687278767792,5.604350588821586e-22,1.373573673681132e-22,4.324419770385685e-23,-4.072342174190692e-23,1.3337370336500163e-22,-3.8502926848628306e-23,1.3534304109374969e-22,-1.313833398728086e-22,-3.614908073133499e-23,0.0,0.0,0.0,0.0,0.0,0.0,0.0,0.0,1.8657029153851704e-11,8.541387117852352e-10,0.0053647908045946924
3,0.15114994701951814,5,4,49,6.38372130853792,0.0087202725098741,-0.9648991375728757,-0.0013180687278632308,4.7252349504911105e-22,0.0,0.0,0.0,0.0,0.0,0.0,0.0,0.0,-2.843833686068871e-23,-1.1277861435719597e-22,1.1552019581275793e-22,-2.729240395889141e-23,1.1430441557782843e-22,-2.742569067158116e-23,2.6235681608412787e-23,1.1706168467976617e-22,1.8657029153851704e-11,8.541387117852352e-10,0.0053647908045946924
3,0.15114994701951814,5,6,50,8.471552834495768,0.016398954790891183,1.280474762107084,0.0024787011478186755,4.568512803874285e-22,3.103511070026745e-23,-1.1142777658222483e-22,1.1044310832696187e-22,2.909281833093358e-23,1.1049180532036274e-22,2.8888027591955165e-23,-2.69860187496663e-23,1.0948920223512949e-22,0.0,0.0,0.0,0.0,0.0,0.0,0.0,0.0,1.8657029153851704e-11,8.541387117852352e-10,0.0053647908045946924
3,0.15114994701951814,5,6,51,8.59777552598217,0.008078385035131306,1.2995533152379148,0.0012210474700633652,4.211443298573382e-22,-7.0420435195644e-23,-7.638959633710642e-23,7.8327857082277e-23,-7.043409208885642e-23,7.830686664050022e-23,-7.028658110997042e-23,7.027433184236275e-23,8.026991707915665e-23,0.0,0.0,0.0,0.0,0.0,0.0,0.0,0.0,1.8657029153851704e-11,8.541387117852352e-10,0.0053647908045946924
3,0.15114994701951814,5,6,52,8.454920404937168,-0.0002317100275752472,1.277960771260496,-3.5022958391889705e-5,3.9950717926236356e-22,-9.247443877802788e-23,4.0623601197567297e-23,-4.1563257495668505e-23,-9.069539815446627e-23,-4.12213982347569e-23,-9.108872959328137e-23,8.931752356178436e-23,-4.2132031756882034e-23,0.0,0.0,0.0,0.0,0.0,0.0,0.0,0.0,1.8657029153851704e-11,8.541387117852352e-10,0.0053647908045946924
3,0.15114994701951814,5,4,53,8.471552834495764,0.016398954790755312,-1.2804747621070836,-0.0024787011477981386,3.841166604054018e-22,0.0,0.0,0.0,0.0,0.0,0.0,0.0,0.0,-6.046537527048361e-23,7.24515923725374e-23,-7.285516201429213e-23,-6.287532112797143e-23,-7.253753724661254e-23,-6.25913629060349e-23,6.504452650197933e-23,-7.290693712759135e-23,1.8657029153851704e-11,8.541387117852352e-10,0.0053647908045946924
3,0.15114994701951814,5,4,54,10.54275193089471,0.007446972253225104,-1.593536395794658,-0.001125609461530796,3.6897529237333975e-22,0.0,0.0,0.0,0.0,0.0,0.0,0.0,0.0,8.383788405388528e-23,3.5697268340942923e-23,-3.733406958340643e-23,8.427332875414972e-23,-3.715131006472999e-23,8.450174655883199e-23,-8.492347276280613e-23,-3.8814465485901023e-23,1.8657029153851704e-11,8.541387117852352e-10,0.0053647908045946924
3,0.15114994701951814,5,4,55,8.454920404936555,-0.00023171002750813595,-1.277960771260403,3.502295838174584e-5,3.646541736433935e-22,0.0,0.0,0.0,0.0,0.0,0.0,0.0,0.0,-8.678641296246268e-23,2.311744258392123e-23,-2.1940329326919935e-23,-8.843197779064132e-23,-2.2512917400577203e-23,-8.838170950281881e-23,9.003962993159893e-23,-2.1299412963601444e-23,1.8657029153851704e-11,8.541387117852352e-10,0.0053647908045946924
3,0.15114994701951814,5,6,56,8.470273195203024,0.01511938835862298,1.2802813446957817,0.0022852947493733826,3.526625829820972e-22,6.707377486682366e-23,5.916904327860431e-23,-5.734625721072418e-23,6.683277190256142e-23,-5.744415082727516e-23,6.70054490468957e-23,-6.674221859977637e-23,-5.564902723172904e-23,0.0,0.0,0.0,0.0,0.0,0.0,0.0,0.0,1.8657029153851704e-11,8.541387117852352e-10,0.0053647908045946924
3,0.15114994701951814,5,4,57,6.382441669244974,0.007440706077625972,-0.9647057201615428,-0.0011246623294209723,3.399026525139621e-22,0.0,0.0,0.0,0.0,0.0,0.0,0.0,0.0,6.930646390648782e-23,4.805491762129654e-23,-4.895648657845412e-23,6.905163906102111e-23,-4.969252862753096e-23,6.933562196701391e-23,-6.906369654590807e-23,-5.0600312745006333e-23,1.8657029153851704e-11,8.541387117852352e-10,0.0053647908045946924
3,0.15114994701951814,5,6,58,10.542751930894411,0.007446972252708184,1.593536395794613,0.0011256094614526637,3.3959628586608438e-22,-6.986104722694923e-23,-5.0033318342583855e-23,4.8570225176404497e-23,-6.949260278275144e-23,4.8389107347466104e-23,-6.989200561029077e-23,6.950449088564563e-23,4.694769514485319e-23,0.0,0.0,0.0,0.0,0.0,0.0,0.0,0.0,1.8657029153851704e-11,8.541387117852352e-10,0.0053647908045946924
3,0.15114994701951814,5,6,59,6.382919718500952,0.007918716143841414,0.9647779772812566,0.0011969135256042326,3.126927133674252e-22,7.635317655258925e-23,9.961746823495508e-24,-1.1012397518999527e-23,7.729976794437405e-23,-1.1301825948065974e-23,7.743688291860755e-23,-7.838259765643242e-23,-1.2384116940996847e-23,0.0,0.0,0.0,0.0,0.0,0.0,0.0,0.0,1.8657029153851704e-11,8.541387117852352e-10,0.0053647908045946924
3,0.15114994701951814,5,6,60,8.597297476726723,0.0076003749688541246,1.2994810581182812,0.0011487962738707727,3.019482172036817e-22,-7.51744905432422e-23,-1.46546567322329e-23,1.3420677382108366e-23,-7.43787077161788e-23,1.3759668654371135e-23,-7.412001605444875e-23,7.332586379066178e-23,1.255215467205581e-23,0.0,0.0,0.0,0.0,0.0,0.0,0.0,0.0,1.8657029153851704e-11,8.541387117852352e-10,0.0053647908045946924
3,0.15114994701951814,5,4,61,8.45411881489956,-0.0010332663936991771,-1.2778396109687802,0.0001561781606646792,2.9762456626722773e-22,0.0,0.0,0.0,0.0,0.0,0.0,0.0,0.0,-1.4971705987550199e-23,-7.417936520607634e-23,7.207678375937957e-23,-1.604472471530345e-23,7.345592168314299e-23,-1.4954046278302266e-23,1.6013464592999258e-23,7.137135638876165e-23,1.8657029153851704e-11,8.541387117852352e-10,0.0053647908045946924
3,0.15114994701951814,5,6,62,8.45620004422927,0.0010478564050359542,1.2781541886717012,0.00015838344010524723,2.9443818496782326e-22,4.772668926790353e-23,-5.780918679735524e-23,5.755965655956775e-23,4.706771294723664e-23,5.660592231515886e-23,4.586798434210085e-23,-4.522978799028145e-23,5.635755395940178e-23,0.0,0.0,0.0,0.0,0.0,0.0,0.0,0.0,1.8657029153851704e-11,8.541387117852352e-10,0.0053647908045946924
3,0.15114994701951814,5,6,63,8.471552834496173,0.016398954791022602,1.2804747621071453,0.0024787011478385394,2.6822655148507666e-22,2.170008045128268e-23,-6.446958247700706e-23,6.404847998303258e-23,2.0674361542810794e-23,6.334174901995934e-23,2.1228013099785486e-23,-2.0221225230152608e-23,6.292687473661464e-23,0.0,0.0,0.0,0.0,0.0,0.0,0.0,0.0,1.8657029153851704e-11,8.541387117852352e-10,0.0053647908045946924
3,0.15114994701951814,5,6,64,6.382919718500798,0.007918716143579486,0.9647779772812333,0.0011969135255646423,2.6084935362520056e-22,-6.43459730256217e-23,-3.0502042788262544e-24,4.118907945780785e-24,-6.497572095555496e-23,4.19902076293886e-24,-6.517863600814181e-23,6.57986631453995e-23,5.293258043135327e-24,0.0,0.0,0.0,0.0,0.0,0.0,0.0,0.0,1.8657029153851704e-11,8.541387117852352e-10,0.0053647908045946924
3,0.15114994701951814,5,4,65,8.45492040493663,-0.00023171002725789341,-1.2779607712604144,3.5022958343921694e-5,2.463195725413755e-22,0.0,0.0,0.0,0.0,0.0,0.0,0.0,0.0,4.4557851467069236e-23,-4.133004433113848e-23,4.1317394439610204e-23,4.548631791512675e-23,4.149890211453759e-23,4.5664772967141565e-23,-4.6607261060083815e-23,4.147645060913369e-23,1.8657029153851704e-11,8.541387117852352e-10,0.0053647908045946924
3,0.15114994701951814,5,4,66,10.544031570186949,0.008726538685936758,-1.593729813205884,-0.0013190158600431164,2.3917288168586033e-22,0.0,0.0,0.0,0.0,0.0,0.0,0.0,0.0,5.530331346324012e-23,-1.9939795223795072e-23,1.962112241058214e-23,5.637738033400116e-23,1.9228248852247148e-23,5.671281886365323e-23,-5.780048173013435e-23,1.888273278655193e-23,1.8657029153851704e-11,8.541387117852352e-10,0.0053647908045946924
3,0.15114994701951814,5,6,67,6.383243259282217,0.008242262443349626,0.9648268804532034,0.0012458175316332602,2.2696883992296567e-22,-5.336261699757435e-23,1.7492522746654036e-23,-1.7316793767234943e-23,-5.383225469106112e-23,-1.7089634583136007e-23,-5.430731149053084e-23,5.478128819832373e-23,-1.6905826502697087e-23,0.0,0.0,0.0,0.0,0.0,0.0,0.0,0.0,1.8657029153851704e-11,8.541387117852352e-10,0.0053647908045946924
3,0.15114994701951814,5,4,68,10.54275193089412,0.007446972253407416,-1.5935363957945687,-0.0011256094615583526,2.2440858525340005e-22,0.0,0.0,0.0,0.0,0.0,0.0,0.0,0.0,1.2667900265471258e-23,5.383610496992448e-23,-5.48341561235206e-23,1.1912261271573097e-23,-5.474318644675845e-23,1.2196779975494899e-23,-1.1418526500817078e-23,-5.574611980469516e-23,1.8657029153851704e-11,8.541387117852352e-10,0.0053647908045946924
3,0.15114994701951814,5,6,69,6.240866187492454,0.00041017744693505696,0.9433065935953866,6.199829937283507e-5,2.2407105511540183e-22,-5.877343405317804e-24,5.503528068825685e-23,-5.560347219126305e-23,-6.579310103060704e-24,-5.562451856029604e-23,-6.812489751217652e-24,7.532050138655902e-24,-5.618874465272634e-23,0.0,0.0,0.0,0.0,0.0,0.0,0.0,0.0,1.8657029153851704e-11,8.541387117852352e-10,0.0053647908045946924
3,0.15114994701951814,5,6,70,8.454920404936473,-0.00023171002740718372,1.2779607712603909,-3.5022958366486916e-5,2.174042216458977e-22,2.4497426266263565e-23,-4.928757651468368e-23,4.9148861782307317e-23,2.3296014363085765e-23,4.888665049063883e-23,2.3651397693779725e-23,-2.246750166920037e-23,4.87371476338622e-23,0.0,0.0,0.0,0.0,0.0,0.0,0.0,0.0,1.8657029153851704e-11,8.541387117852352e-10,0.0053647908045946924
3,0.15114994701951814,5,6,71,6.257020567795795,0.016562832198953287,0.9457483273223698,0.0025034712093649587,2.1691438558777723e-22,3.7933340820790024e-23,-3.828440493119319e-23,3.787663471086248e-23,3.720151376789362e-23,4.173096787013827e-23,3.6403736570101546e-23,-3.5679858628667187e-23,4.126512504427641e-23,0.0,0.0,0.0,0.0,0.0,0.0,0.0,0.0,1.8657029153851704e-11,8.541387117852352e-10,0.0053647908045946924
3,0.15114994701951814,5,6,72,8.598253575237745,0.008556395101796769,1.2996255723575676,0.001293298666314646,2.1437157940400856e-22,-5.116506787106925e-23,-1.9947058077903863e-23,1.665993231321037e-23,-5.0324871247644576e-23,1.9212903783318733e-23,-5.0639668222413e-23,4.978152098781085e-23,1.597858652015487e-23,0.0,0.0,0.0,0.0,0.0,0.0,0.0,0.0,1.8657029153851704e-11,8.541387117852352e-10,0.0053647908045946924
3,0.15114994701951814,5,4,73,6.257020567795825,0.016562832198902804,-0.9457483273223743,-0.002503471209357328,2.1180486681643265e-22,0.0,0.0,0.0,0.0,0.0,0.0,0.0,0.0,-2.890432993380828e-23,4.246391084343298e-23,-4.531931363067638e-23,-2.919934276564703e-23,-4.2166801890855274e-23,-3.038848560048951e-23,3.076437757283503e-23,-4.504696798048092e-23,1.8657029153851704e-11,8.541387117852352e-10,0.0053647908045946924
3,0.15114994701951814,5,6,74,8.45539845419249,0.00024630003876233066,1.2780330283801105,3.722823780983154e-5,2.0333752951754638e-22,-4.3498337626705786e-23,2.4787768433817748e-23,-2.4521613567455e-23,-4.447400800139603e-23,-2.465336754816624e-23,-4.4504422633631146e-23,4.5492562120685454e-23,-2.4370936499964974e-23,0.0,0.0,0.0,0.0,0.0,0.0,0.0,0.0,1.8657029153851704e-11,8.541387117852352e-10,0.0053647908045946924
3,0.15114994701951814,5,4,75,10.544031570187386,0.008726538685727987,-1.59372981320595,-0.0013190158600115609,2.0329656935801304e-22,0.0,0.0,0.0,0.0,0.0,0.0,0.0,0.0,1.1862421008517518e-23,-4.879168192485251e-23,4.942965316057103e-23,1.2601786068558241e-23,4.8966288303856955e-23,1.2888936130784458e-23,-1.3646519147891762e-23,4.959541650580478e-23,1.8657029153851704e-11,8.541387117852352e-10,0.0053647908045946924
3,0.15114994701951814,5,4,76,10.543229980150159,0.007924982319531863,-1.5936086529142919,-0.0011978606577278592,1.9937345342494333e-22,0.0,0.0,0.0,0.0,0.0,0.0,0.0,0.0,4.431427031870936e-23,-2.4220279452573352e-23,2.4476006201647812e-23,4.335785531422474e-23,2.4527025972671477e-23,4.344820274987296e-23,-4.2499927853943603e-23,2.4766685452283648e-23,1.8657029153851704e-11,8.541387117852352e-10,0.0053647908045946924
3,0.15114994701951814,5,4,77,8.470273195203209,0.015119388358290523,-1.2802813446958097,-0.002285294749323132,1.9212321027659476e-22,0.0,0.0,0.0,0.0,0.0,0.0,0.0,0.0,2.1758610382215882e-23,4.207299086448045e-23,-4.2937541763483737e-23,2.14851566297038e-23,-4.30221636387322e-23,2.1385068931887353e-23,-2.109372396043061e-23,-4.3894538412267215e-23,1.8657029153851704e-11,8.541387117852352e-10,0.0053647908045946924
3,0.15114994701951814,5,4,78,8.597297476726588,0.007600374969121624,-1.2994810581182608,-0.0011487962739112052,1.881774971311313e-22,0.0,0.0,0.0,0.0,0.0,0.0,0.0,0.0,-2.4327191970245244e-24,4.639152165812404e-23,-4.696334676385221e-23,-3.1825811819004708e-24,-4.6914816036040156e-23,-3.0520140394040603e-24,3.8181099470596184e-24,-4.748393245240718e-23,1.8657029153851704e-11,8.541387117852352e-10,0.0053647908045946924
3,0.15114994701951814,5,4,79,8.597775525982197,0.008078385035313662,-1.2995533152379188,-0.0012210474700909283,1.7846153261296538e-22,0.0,0.0,0.0,0.0,0.0,0.0,0.0,0.0,2.4222595752361114e-23,3.81491133250485e-23,-3.729647034593768e-23,2.438349923763204e-23,-3.733323808899999e-23,2.4523327313563914e-23,-2.466931052345354e-23,-3.6488088173594426e-23,1.8657029153851704e-11,8.541387117852352e-10,0.0053647908045946924
4,0.08726646259971647,6,7,0,0.3209538031909771,0.007280939267226729,0.028008503062402164,0.0006353818142542484,44.944522521933145,8.343453472665727,-7.761830461199709,7.768421015925462,8.11724363600003,7.768421015924737,8.117243635488016,-7.894140517720162,7.7717640518522195,0.0,0.0,0.0,0.0,0.0,0.0,0.0,0.0,4.440530960785953e-12,4.42244665020819e-8,0.013021390630196906
4,0.08726646259971647,6,5,1,0.32095380319099986,0.007280939267297401,-0.028008503062404152,-0.0006353818142604158,44.944522503908686,0.0,0.0,0.0,0.0,0.0,0.0,0.0,0.0,-7.894140517338351,7.771764045734025,-7.7684210097601145,-8.117243635514924,-7.7684210098539825,-8.117243635207252,8.343453472284121,-7.761830455081647,4.440530960785953e-12,4.42244665020819e-8,0.013021390630196906
4,0.08726646259971647,6,7,2,0.30671155531417704,-0.006958664452976587,0.0267656324707255,-0.0006072580312296578,42.95509492925412,-7.201001701849091,7.761430978712732,-7.767884394384128,-7.414155635109285,-7.767884394384749,-7.414155634598934,7.630416128355243,-7.771371526489956,0.0,0.0,0.0,0.0,0.0,0.0,0.0,0.0,4.440530960785953e-12,4.42244665020819e-8,0.013021390630196906
4,0.08726646259971647,6,5,3,0.3067115553141897,-0.006958664453153376,-0.026765632470726605,0.0006072580312450856,42.9550949102866,0.0,0.0,0.0,0.0,0.0,0.0,0.0,0.0,7.630416127937995,-7.771371520333492,7.767884388181789,7.414155634587442,7.767884388274014,7.414155634283736,-7.201001701431765,7.761430972555959,4.440530960785953e-12,4.42244665020819e-8,0.013021390630196906
4,0.08726646259971647,6,5,4,3.8663955345201506,0.0005784502447598091,-0.3374066613089135,-5.047930665012872e-5,3.5758881680245933,0.0,0.0,0.0,0.0,0.0,0.0,0.0,0.0,-0.6189366188494907,0.6274869885464315,-0.6274814519004311,-0.636689201244757,-0.6274814525886356,-0.6366892002696777,0.6546927242903839,-0.627221190067073,4.440530960785953e-12,4.42244665020819e-8,0.013021390630196906
4,0.08726646259971647,6,7,5,3.866395534519658,0.0005784502452861554,0.33740666130887054,5.04793066960611e-5,3.5758881378499554,0.6546927170184695,-0.6272211866979661,0.6274814487415454,0.6366891937087291,0.6274814490120739,0.6366891932604766,-0.6189366115775258,0.627486985177183,0.0,0.0,0.0,0.0,0.0,0.0,0.0,0.0,4.440530960785953e-12,4.42244665020819e-8,0.013021390630196906
4,0.08726646259971647,6,5,6,3.865230825370457,-0.0005714050854756705,-0.3373050212614622,4.986450052095039e-5,3.5232096001217883,0.0,0.0,0.0,0.0,0.0,0.0,0.0,0.0,0.635820780376833,-0.6274708805053156,0.627464456473387,0.6180806258902899,0.6274644571676138,0.6180806249148285,-0.6005914067441356,0.6272107506913526,4.440530960785953e-12,4.42244665020819e-8,0.013021390630196906
4,0.08726646259971647,6,7,7,3.865230825370485,-0.0005714050856866423,0.33730502126146467,-4.986450053936116e-5,3.523209569756676,-0.6005913993942493,0.6272107472746508,-0.6274644532689005,-0.6180806182759978,-0.627464453541643,-0.6180806178280238,0.6358207730269891,-0.6274708770886197,0.0,0.0,0.0,0.0,0.0,0.0,0.0,0.0,4.440530960785953e-12,4.42244665020819e-8,0.013021390630196906
4,0.08726646259971647,6,7,8,7.454434173908892,0.0003901133271148032,0.6505221010394687,3.404381007031493e-5,2.5246853206197235,0.46085027283263524,-0.44427582570348884,0.4444199564267196,0.44813873014798694,0.44441995634566034,0.4481387305171983,-0.43560491991004596,0.44438479605627423,0.0,0.0,0.0,0.0,0.0,0.0,0.0,0.0,4.440530960785953e-12,4.42244665020819e-8,0.013021390630196906
4,0.08726646259971647,6,5,9,7.454434173908075,0.0003901133267301248,-0.6505221010393973,-3.404381003674541e-5,2.5246849865528254,0.0,0.0,0.0,0.0,0.0,0.0,0.0,0.0,-0.435604846981499,0.44438475098072855,-0.44441991077745646,-0.44813865764122807,-0.4444199118730037,-0.44813865714881157,0.4608501999040605,-0.44427578062794,4.440530960785953e-12,4.42244665020819e-8,0.013021390630196906
4,0.08726646259971647,6,7,10,7.453631535392667,-0.0004124544286279626,0.6504520576154115,-3.599343896994953e-5,2.503046740009825,-0.42805991834416485,0.4442802150194889,-0.4444221240554968,-0.4404855423199543,-0.44442212397438874,-0.44048554268808093,0.45308890022068443,-0.4443878032726428,0.0,0.0,0.0,0.0,0.0,0.0,0.0,0.0,4.440530960785953e-12,4.42244665020819e-8,0.013021390630196906
4,0.08726646259971647,6,5,11,7.453631535392486,-0.00041245442839895306,-0.6504520576153956,3.599343894996467e-5,2.5030464066805465,0.0,0.0,0.0,0.0,0.0,0.0,0.0,0.0,0.4530888272902051,-0.44438775821949966,0.4444220784282327,0.4404854698103613,0.4444220795246608,0.44048546931859767,-0.4280598454135831,0.4442801699664612,4.440530960785953e-12,4.42244665020819e-8,0.013021390630196906
4,0.08726646259971647,6,7,12,8.08312826649088,0.0007292272146273027,0.7053860105564373,6.363707945196893e-5,2.223267546329074e-6,4.746206050338669e-7,-3.0413458106082015e-7,3.064523352918325e-7,4.6366850978764663e-7,3.064523388480696e-7,4.636685168425256e-7,-4.528389653269919e-7,3.0858460105019024e-7,0.0,0.0,0.0,0.0,0.0,0.0,0.0,0.0,4.440530960785953e-12,4.42244665020819e-8,0.013021390630196906
4,0.08726646259971647,6,5,13,8.083128266490379,0.0007292272162364114,-0.7053860105563937,-6.363707959239016e-5,2.2232673778408455e-6,0.0,0.0,0.0,0.0,0.0,0.0,0.0,0.0,-4.528390116544646e-7,3.085844546045215e-7,-3.06452190922294e-7,-4.6366855949317766e-7,-3.0645219024206476e-7,-4.6366855975139656e-7,4.746206513786912e-7,-3.0413443454827723e-7,4.440530960785953e-12,4.42244665020819e-8,0.013021390630196906
4,0.08726646259971647,6,5,14,8.083054822296496,0.0007344398296067044,-0.7053796013413951,-6.409196592211561e-5,1.1378233717494189e-6,0.0,0.0,0.0,0.0,0.0,0.0,0.0,0.0,-7.572194784433524e-8,2.700316130495966e-7,-2.7276367837039895e-7,-8.066605677043025e-8,-2.7276367798426236e-7,-8.066605727177884e-8,8.571926521983674e-8,-2.7546345506614247e-7,4.440530960785953e-12,4.42244665020819e-8,0.013021390630196906
4,0.08726646259971647,6,7,15,8.083054822296074,0.0007344398296127846,0.7053796013413582,6.409196592264621e-5,1.1378233258396652e-6,8.571918507951965e-8,-2.7546346684801665e-7,2.7276369081260334e-7,8.066597686006513e-8,2.727636890535702e-7,8.066597678745496e-8,-7.572186758809903e-8,2.7003162474671513e-7,0.0,0.0,0.0,0.0,0.0,0.0,0.0,0.0,4.440530960785953e-12,4.42244665020819e-8,0.013021390630196906
4,0.08726646259971647,6,5,16,8.052321108880372,0.006116085233324747,-0.7026975788890165,-0.0005337291232706122,9.388034810333146e-7,0.0,0.0,0.0,0.0,0.0,0.0,0.0,0.0,1.5304581682373936e-7,-1.823072831438877e-7,1.81863558662992e-7,1.483396019488003e-7,1.8186355888032158e-7,1.483396004311337e-7,-1.4370611910127257e-7,1.8136048400338282e-7,4.440530960785953e-12,4.42244665020819e-8,0.013021390630196906
4,0.08726646259971647,6,7,17,8.052321108879992,0.0061160852329992885,0.7026975788889833,0.0005337291232422106,9.38803413693834e-7,-1.437060996125879e-7,1.8136047825396122e-7,-1.8186355271846055e-7,-1.4833958189217303e-7,-1.8186355330959725e-7,-1.4833958133866014e-7,1.5304579716287833e-7,-1.8230727737234572e-7,0.0,0.0,0.0,0.0,0.0,0.0,0.0,0.0,4.440530960785953e-12,4.42244665020819e-8,0.013021390630196906
4,0.08726646259971647,6,7,18,11.641229275221026,-0.005694386130795419,1.0158888991608002,-0.0004969289343114027,9.183067650311464e-7,1.639488447529978e-7,-1.6532605017114227e-7,1.652744756229725e-7,1.5932525085581097e-7,1.652744756883385e-7,1.5932525051758434e-7,-1.5476775365393623e-7,1.6515915782894762e-7,0.0,0.0,0.0,0.0,0.0,0.0,0.0,0.0,4.440530960785953e-12,4.42244665020819e-8,0.013021390630196906
4,0.08726646259971647,6,5,19,11.641229275212213,-0.005694386136684777,-1.015888899160031,0.0004969289348253461,9.183066287263742e-7,0.0,0.0,0.0,0.0,0.0,0.0,0.0,0.0,-1.5476773171228248e-7,1.6515913166315745e-7,-1.6527444949974143e-7,-1.5932522888985384e-7,-1.6527444947717338e-7,-1.5932522856878145e-7,1.6394882278989295e-7,-1.6532602399389465e-7,4.440530960785953e-12,4.42244665020819e-8,0.013021390630196906
4,0.08726646259971647,6,5,20,8.082353842607525,-8.48410596945709e-5,-0.7053184293235842,7.403779162756584e-6,7.691483599915431e-7,0.0,0.0,0.0,0.0,0.0,0.0,0.0,0.0,1.4771125066193287e-7,-1.2732847503122162e-7,1.2758776623597704e-7,1.43847107716884e-7,1.2758776857757588e-7,1.438471048854304e-7,-1.4003398548359201e-7,1.2778951077200764e-7,4.440530960785953e-12,4.42244665020819e-8,0.013021390630196906
4,0.08726646259971647,6,7,21,8.082353842609201,-8.484105852121088e-5,0.7053184293237306,-7.403779060361606e-6,7.691482376220748e-7,-1.4003400958302993e-7,1.277894375151366e-7,-1.275876956149991e-7,-1.438471323695672e-7,-1.2758769269510024e-7,-1.4384712836929122e-7,1.477112747281624e-7,-1.2732840179502845e-7,0.0,0.0,0.0,0.0,0.0,0.0,0.0,0.0,4.440530960785953e-12,4.42244665020819e-8,0.013021390630196906
4,0.08726646259971647,6,5,22,8.05338542372968,0.007268532946178874,-0.7027904578810079,-0.0006342991585025257,5.745949302719806e-7,0.0,0.0,0.0,0.0,0.0,0.0,0.0,0.0,-8.828855060920011e-8,1.1073691312237548e-7,-1.1103629696703045e-7,-9.112538664875593e-8,-1.1103629632476263e-7,-9.112538743941003e-8,9.400663070654923e-8,-1.1129922113701032e-7,4.440530960785953e-12,4.42244665020819e-8,0.013021390630196906
4,0.08726646259971647,6,7,23,8.05338542373033,0.007268532946116462,0.7027904578810646,0.0006342991584970792,5.745948678872432e-7,9.400661981120774e-8,-1.1129920990394815e-7,1.1103628541813843e-7,9.112537616608961e-8,1.1103628543487396e-7,9.112537609290497e-8,-8.828853968002283e-8,1.1073690191149886e-7,0.0,0.0,0.0,0.0,0.0,0.0,0.0,0.0,4.440530960785953e-12,4.42244665020819e-8,0.013021390630196906
4,0.08726646259971647,6,7,24,8.068440347852055,-0.013496747748852872,0.7041042478538748,-0.0011778134326430767,5.217840628675308e-7,-9.488063973826753e-8,8.68197293318272e-8,-8.668636589112891e-8,-9.746761434301005e-8,-8.668636593118042e-8,-9.74676133417537e-8,1.0008925469334377e-7,-8.651400851847945e-8,0.0,0.0,0.0,0.0,0.0,0.0,0.0,0.0,4.440530960785953e-12,4.42244665020819e-8,0.013021390630196906
4,0.08726646259971647,6,5,25,8.068440347852924,-0.01349674774740813,-0.7041042478539505,0.0011778134325169992,5.217840576430889e-7,0.0,0.0,0.0,0.0,0.0,0.0,0.0,0.0,1.0008923874738441e-7,-8.651402495887568e-8,8.66863819463917e-8,9.746759801414452e-8,8.668638191724148e-8,9.746759767755448e-8,-9.48806236979026e-8,8.681974493683593e-8,4.440530960785953e-12,4.42244665020819e-8,0.013021390630196906
4,0.08726646259971647,6,5,26,8.097753041569902,0.014140577759395931,-0.7066622629439002,-0.0012339982001787076,4.415891188592238e-7,0.0,0.0,0.0,0.0,0.0,0.0,0.0,0.0,-6.080690978793812e-8,9.027200925174589e-8,-9.067622324578638e-8,-6.296160283017637e-8,-9.067622330095493e-8,-6.296160264839836e-8,6.515256114315178e-8,-9.105524540374743e-8,4.440530960785953e-12,4.42244665020819e-8,0.013021390630196906
4,0.08726646259971647,6,7,27,8.09775304156913,0.014140577759465938,0.7066622629438327,0.001233998200184817,4.4158909803254447e-7,6.515255340189873e-8,-9.105524446069325e-8,9.067622208250153e-8,6.296159495321156e-8,9.067622245007315e-8,6.296159516891991e-8,-6.08069021731655e-8,9.027200818115449e-8,0.0,0.0,0.0,0.0,0.0,0.0,0.0,0.0,4.440530960785953e-12,4.42244665020819e-8,0.013021390630196906
4,0.08726646259971647,6,7,28,11.64712556837469,-0.0065518275868862675,1.0164034478067714,-0.0005717548170708012,4.252169241492417e-7,-7.786499748599923e-8,7.015274981219841e-8,-7.002779219039361e-8,-7.997229570368192e-8,-7.002779224733519e-8,-7.997229531316361e-8,8.210759824331614e-8,-6.987084010364597e-8,0.0,0.0,0.0,0.0,0.0,0.0,0.0,0.0,4.440530960785953e-12,4.42244665020819e-8,0.013021390630196906
4,0.08726646259971647,6,5,29,11.647125568385366,-0.006551827593188761,-1.016403447807703,0.0005717548176207974,4.252169216429137e-7,0.0,0.0,0.0,0.0,0.0,0.0,0.0,0.0,8.210760299311203e-8,-6.987083367304539e-8,7.002778583617802e-8,7.997230049291671e-8,7.002778583529912e-8,7.997230003549454e-8,-7.786500224878548e-8,7.015274347728012e-8,4.440530960785953e-12,4.42244665020819e-8,0.013021390630196906
4,0.08726646259971647,6,7,30,8.054484936381598,0.007242833014339976,0.7028864084607245,0.0006320564163618912,4.087803371354435e-7,6.528288832766357e-8,-8.050151396285553e-8,8.027353955114947e-8,6.323725145065282e-8,8.027353979055339e-8,6.32372508365851e-8,-6.122371830811344e-8,8.002026405828632e-8,0.0,0.0,0.0,0.0,0.0,0.0,0.0,0.0,4.440530960785953e-12,4.42244665020819e-8,0.013021390630196906
4,0.08726646259971647,6,5,31,8.05448493638149,0.007242833014768002,-0.702886408460715,-0.0006320564163992435,4.087803173681153e-7,0.0,0.0,0.0,0.0,0.0,0.0,0.0,0.0,-6.122370790594547e-8,8.002026605742804e-8,-8.02735413325493e-8,-6.32372408684853e-8,-8.0273541888734e-8,-6.32372405262211e-8,6.528287783347873e-8,-8.050151583867283e-8,4.440530960785953e-12,4.42244665020819e-8,0.013021390630196906
4,0.08726646259971647,6,7,32,11.634654905362542,-0.006743958094488334,1.015315177159428,-0.0005885213668267214,3.482554299207668e-7,-5.641521504679602e-8,6.469408842191628e-8,-6.479962684913394e-8,-5.8140913278136946e-8,-6.479962677666846e-8,-5.8140913388912226e-8,5.98925268187966e-8,-6.488190365460476e-8,0.0,0.0,0.0,0.0,0.0,0.0,0.0,0.0,4.440530960785953e-12,4.42244665020819e-8,0.013021390630196906
4,0.08726646259971647,6,5,33,11.634654905349226,-0.006743958102598942,-1.015315177158266,0.0005885213675345055,3.4825541470976767e-7,0.0,0.0,0.0,0.0,0.0,0.0,0.0,0.0,5.989252332292351e-8,-6.488190162153767e-8,6.479962490119694e-8,5.814090987777106e-8,6.479962470335363e-8,5.8140909883434405e-8,-5.6415211635805843e-8,6.469408643292738e-8,4.440530960785953e-12,4.42244665020819e-8,0.013021390630196906
4,0.08726646259971647,6,5,34,8.082223715250263,-9.398357532965432e-5,-0.7053070735694287,8.201614161492914e-6,3.155425981171757e-7,0.0,0.0,0.0,0.0,0.0,0.0,0.0,0.0,3.833592966595797e-8,-7.02222993766709e-8,6.976391910299022e-8,3.6814660238881595e-8,6.976391853848477e-8,3.6814659420828894e-8,-3.532129259979775e-8,6.929080680704049e-8,4.440530960785953e-12,4.42244665020819e-8,0.013021390630196906
4,0.08726646259971647,6,7,35,8.08222371525064,-9.398357505451503e-5,0.7053070735694615,-8.201614137482481e-6,3.1554249580823797e-7,-3.532126103608167e-8,6.929079451324309e-8,-6.976390583633974e-8,-3.681462781765943e-8,-6.976390725458448e-8,-3.681462876154458e-8,3.8335898155165835e-8,-7.022228710689269e-8,0.0,0.0,0.0,0.0,0.0,0.0,0.0,0.0,4.440530960785953e-12,4.42244665020819e-8,0.013021390630196906
4,0.08726646259971647,6,7,36,8.682731710846063,0.007656689696069646,0.7577112821079203,0.0006681722249996963,2.6462512545819936e-7,4.572030897092008e-8,-4.910604765841912e-8,4.9049221289761414e-8,4.438907401567845e-8,4.904922121569642e-8,4.438907400797525e-8,-4.307745518825896e-8,4.8974635293165435e-8,0.0,0.0,0.0,0.0,0.0,0.0,0.0,0.0,4.440530960785953e-12,4.42244665020819e-8,0.013021390630196906
4,0.08726646259971647,6,5,37,8.682731710846088,0.007656689696520015,-0.7577112821079224,-0.0006681722250389984,2.6462510661280567e-7,0.0,0.0,0.0,0.0,0.0,0.0,0.0,0.0,-4.3077453991506736e-8,4.897463001530573e-8,-4.9049216039270506e-8,-4.438907273734955e-8,-4.904921591916521e-8,-4.438907289636515e-8,4.5720307780042505e-8,-4.910604238881235e-8,4.440530960785953e-12,4.42244665020819e-8,0.013021390630196906
4,0.08726646259971647,6,7,38,8.71033023321823,0.000254131926468084,0.7601197075283183,2.217719425652095e-5,2.456483175366063e-7,-4.179462873717838e-8,4.380772258904221e-8,-4.382764929529455e-8,-4.301399267383022e-8,-4.382764970775724e-8,-4.3013992870608245e-8,4.425088441391549e-8,-4.3830367307698136e-8,0.0,0.0,0.0,0.0,0.0,0.0,0.0,0.0,4.440530960785953e-12,4.42244665020819e-8,0.013021390630196906
4,0.08726646259971647,6,5,39,8.710330233218249,0.00025413192692232134,-0.76011970752832,-2.2177194296160634e-5,2.456482421519661e-7,0.0,0.0,0.0,0.0,0.0,0.0,0.0,0.0,4.425087556787686e-8,-4.3830349578683895e-8,4.3827631700312976e-8,4.301398389669262e-8,4.382763187731591e-8,4.301398392739099e-8,-4.179461986984731e-8,4.38077048883873e-8,4.440530960785953e-12,4.42244665020819e-8,0.013021390630196906
4,0.08726646259971647,6,7,40,8.711167580422968,0.0010892121121331092,0.7601927798568436,9.505168804662217e-5,2.422417193651805e-7,4.3578067441598496e-8,-4.328217881077293e-8,4.327783033872611e-8,4.235833341336159e-8,4.3277829994992954e-8,4.235833329378092e-8,-4.115590701151613e-8,4.3256534727897676e-8,0.0,0.0,0.0,0.0,0.0,0.0,0.0,0.0,4.440530960785953e-12,4.42244665020819e-8,0.013021390630196906
4,0.08726646259971647,6,5,41,8.711167580422021,0.0010892121121108492,-0.7601927798567609,-9.505168804467962e-5,2.4224171380387153e-7,0.0,0.0,0.0,0.0,0.0,0.0,0.0,0.0,-4.115591008707299e-8,4.325652979728784e-8,-4.327782531593767e-8,-4.235833640367652e-8,-4.3277825127508475e-8,-4.235833643162287e-8,4.3578070495475176e-8,-4.328217385224726e-8,4.440530960785953e-12,4.42244665020819e-8,0.013021390630196906
4,0.08726646259971647,6,7,42,8.680130729659542,0.006477552636426914,0.757484303680484,0.0005652731048844442,2.1546687482663205e-7,-3.443325234219351e-8,4.0432396018377917e-8,-4.0510189763016326e-8,-3.550011040059061e-8,-4.0510189392041134e-8,-3.5500110095336777e-8,3.6583169385951716e-8,-4.05737798518733e-8,0.0,0.0,0.0,0.0,0.0,0.0,0.0,0.0,4.440530960785953e-12,4.42244665020819e-8,0.013021390630196906
4,0.08726646259971647,6,5,43,8.680130729659624,0.006477552636548338,-0.7574843036804912,-0.0005652731048950404,2.1546685835588764e-7,0.0,0.0,0.0,0.0,0.0,0.0,0.0,0.0,3.658316530643633e-8,-4.0573777931496434e-8,4.0510187650324163e-8,3.5500106136790336e-8,4.051018766732008e-8,3.5500106242895645e-8,-3.443324830559559e-8,4.043239410029282e-8,4.440530960785953e-12,4.42244665020819e-8,0.013021390630196906
4,0.08726646259971647,6,7,44,11.640384531141876,-0.006992054244187823,1.0158151813332108,-0.0006101718401956055,1.196316965702904e-7,-2.5492267344571792e-8,1.4818838318064103e-8,-1.4662708730157233e-8,-2.606529260337329e-8,-1.466270866053895e-8,-2.6065292353727195e-8,2.6644180608666783e-8,-1.4496151785636123e-8,0.0,0.0,0.0,0.0,0.0,0.0,0.0,0.0,4.440530960785953e-12,4.42244665020819e-8,0.013021390630196906
4,0.08726646259971647,6,5,45,11.640384531157464,-0.006992054232446765,-1.015815181334571,0.0006101718391710049,1.1963169016635919e-7,0.0,0.0,0.0,0.0,0.0,0.0,0.0,0.0,2.6644178229301276e-8,-1.4496152854953825e-8,1.4662709820279637e-8,2.6065290090029973e-8,1.4662709713082729e-8,2.606528998737734e-8,-2.5492264845489738e-8,1.481883938872469e-8,4.440530960785953e-12,4.42244665020819e-8,0.013021390630196906
4,0.08726646259971647,6,7,46,8.681310720085666,0.007630768549605262,0.7575872772708734,0.0006659101782412203,7.423454033611e-8,1.2883871543694613e-8,-1.3721273977764332e-8,1.3706910407705207e-8,1.2510360020658128e-8,1.3706910491744492e-8,1.2510359999045384e-8,-1.2142330236762302e-8,1.3687541682834579e-8,0.0,0.0,0.0,0.0,0.0,0.0,0.0,0.0,4.440530960785953e-12,4.42244665020819e-8,0.013021390630196906
4,0.08726646259971647,6,5,47,8.681310720085047,0.007630768549623178,-0.7575872772708195,-0.0006659101782427838,7.423452540143419e-8,0.0,0.0,0.0,0.0,0.0,0.0,0.0,0.0,-1.2142329440558596e-8,1.3687537366635307e-8,-1.3706906046472057e-8,-1.2510359224819779e-8,-1.3706906214002088e-8,-1.2510359182123803e-8,1.2883870728502513e-8,-1.3721269654838892e-8,4.440530960785953e-12,4.42244665020819e-8,0.013021390630196906
4,0.08726646259971647,6,5,48,4.507266523822827,0.013990719146824928,-0.39333320552813883,-0.0012209205691695348,2.6619688102347933e-8,0.0,0.0,0.0,0.0,0.0,0.0,0.0,0.0,-4.2542891057377275e-9,4.994967874150764e-9,-5.004572110608348e-9,-4.386093734022442e-9,-5.004571949982277e-9,-4.386093713873165e-9,4.519899821016278e-9,-5.012421350756338e-9,4.440530960785953e-12,4.42244665020819e-8,0.013021390630196906
4,0.08726646259971647,6,7,49,4.507266523823004,0.01399071914692294,0.39333320552815426,0.0012209205691780878,2.6619685587460936e-8,4.5198988352186e-9,-5.012421379712075e-9,5.004572142846298e-9,4.38609277416121e-9,5.004571975211971e-9,4.3860927004847065e-9,-4.2542881183092975e-9,4.994967902256975e-9,0.0,0.0,0.0,0.0,0.0,0.0,0.0,0.0,4.440530960785953e-12,4.42244665020819e-8,0.013021390630196906
4,0.08726646259971647,6,5,50,8.666060323142819,-0.006628895264091455,-0.7562564290764296,0.0005784802406412746,1.4474045348298948e-8,0.0,0.0,0.0,0.0,0.0,0.0,0.0,0.0,2.7286403509272607e-9,-2.4540575305876825e-9,2.4574058876988148e-9,2.655837291980082e-9,2.457405904872254e-9,2.6558372051944864e-9,-2.584016895040528e-9,2.4596917310064346e-9,4.440530960785953e-12,4.42244665020819e-8,0.013021390630196906
4,0.08726646259971647,6,7,51,8.666060323142991,-0.006628895263864793,0.7562564290764447,-0.0005784802406214947,1.4474038771386456e-8,-2.5840162926290874e-9,2.4596899642326956e-9,-2.457404090537595e-9,-2.655836653875701e-9,-2.4574041595342635e-9,-2.6558366404802442e-9,2.7286397511332074e-9,-2.4540557544522314e-9,0.0,0.0,0.0,0.0,0.0,0.0,0.0,0.0,4.440530960785953e-12,4.42244665020819e-8,0.013021390630196906
4,0.08726646259971647,6,7,52,11.60211029833047,-0.0006688224016613738,1.0124751244270414,-5.8365765100434825e-5,1.420682124684258e-8,-2.599085005029367e-9,2.3465664696412707e-9,-2.342464925069923e-9,-2.6694957485975134e-9,-2.3424649085647204e-9,-2.669495750734395e-9,2.7408432666638785e-9,-2.337295378381348e-9,0.0,0.0,0.0,0.0,0.0,0.0,0.0,0.0,4.440530960785953e-12,4.42244665020819e-8,0.013021390630196906
4,0.08726646259971647,6,5,53,11.60211029833016,-0.0006688224016054966,-1.0124751244270143,5.836576509555862e-5,1.4206819735326503e-8,0.0,0.0,0.0,0.0,0.0,0.0,0.0,0.0,2.7408430403503856e-9,-2.337295063085735e-9,2.3424646071694953e-9,2.6694955218415785e-9,2.342464597225193e-9,2.669495524104775e-9,-2.599084778074768e-9,2.3465661555797316e-9,4.440530960785953e-12,4.42244665020819e-8,0.013021390630196906
4,0.08726646259971647,6,5,54,4.494111201465564,0.0009013286757048444,-0.39218518708166156,-7.865576516844878e-5,1.233826172651987e-8,0.0,0.0,0.0,0.0,0.0,0.0,0.0,0.0,-2.046502368191362e-9,2.2494728095185126e-9,-2.251924587337212e-9,-2.107706851988803e-9,-2.2519247082692667e-9,-2.1077067916840747e-9,2.169811872586023e-9,-2.253533222048572e-9,4.440530960785953e-12,4.42244665020819e-8,0.013021390630196906
4,0.08726646259971647,6,7,55,4.49411120146552,0.0009013286758182519,0.39218518708165767,7.865576517834545e-5,1.2338247810846036e-8,2.169811572487091e-9,-2.253528741521723e-9,2.251920025045602e-9,2.1077065422601183e-9,2.251920309962962e-9,2.1077064916589668e-9,-2.046502060433794e-9,2.24946832921404e-9,0.0,0.0,0.0,0.0,0.0,0.0,0.0,0.0,4.440530960785953e-12,4.42244665020819e-8,0.013021390630196906
4,0.08726646259971647,6,5,56,8.039483696250329,-0.005800391279288471,-0.7015773032998597,0.000506179628637749,8.952365803596822e-9,0.0,0.0,0.0,0.0,0.0,0.0,0.0,0.0,-1.539134900214881e-9,1.5811228467406192e-9,-1.581402115363546e-9,-1.5835782647223664e-9,-1.5814020356828972e-9,-1.5835782059231424e-9,1.628654002142721e-9,-1.581047745472127e-9,4.440530960785953e-12,4.42244665020819e-8,0.013021390630196906
4,0.08726646259971647,6,7,57,8.039483696250706,-0.005800391279041944,0.7015773032998925,-0.0005061796286162354,8.952361880798783e-9,1.6286546450418192e-9,-1.5810457120289882e-9,1.5814000316961488e-9,1.5835789199654162e-9,1.5814000622928375e-9,1.5835788295824113e-9,-1.5391355369768975e-9,1.581120823155869e-9,0.0,0.0,0.0,0.0,0.0,0.0,0.0,0.0,4.440530960785953e-12,4.42244665020819e-8,0.013021390630196906
4,0.08726646259971647,6,5,58,8.667180055983572,-0.005476249927618261,-0.7563541442004988,0.000477892959495199,5.418538853690943e-9,0.0,0.0,0.0,0.0,0.0,0.0,0.0,0.0,-9.337095509452544e-10,9.549199230797523e-10,-9.5502911302956e-10,-9.606098047171875e-10,-9.5502908137904e-10,-9.606097747633986e-10,9.878919631528368e-10,-9.547539512207739e-10,4.440530960785953e-12,4.42244665020819e-8,0.013021390630196906
4,0.08726646259971647,6,7,59,8.667180055984048,-0.005476249927636217,0.7563541442005405,-0.00047789295949676595,5.4185377325113756e-9,9.878918170308077e-10,-9.547537009994296e-10,9.550288595274014e-10,9.606096566084466e-10,9.550288362672515e-10,9.606096280295649e-10,-9.337094023354283e-10,9.549196745688103e-10,0.0,0.0,0.0,0.0,0.0,0.0,0.0,0.0,4.440530960785953e-12,4.42244665020819e-8,0.013021390630196906
4,0.08726646259971647,6,5,60,8.038309252619001,-0.006950357590852088,-0.701474813758631,0.0006065331207567492,3.1418826254631226e-9,0.0,0.0,0.0,0.0,0.0,0.0,0.0,0.0,6.273544281272238e-10,-4.909431105896024e-10,4.927491326811267e-10,6.116377411759301e-10,4.927491199760136e-10,6.116378090844968e-10,-5.96118172963585e-10,4.943104481814632e-10,4.440530960785953e-12,4.42244665020819e-8,0.013021390630196906
4,0.08726646259971647,6,7,61,8.03830925261872,-0.006950357591041897,0.7014748137586064,-0.0006065331207733131,3.141879436528787e-9,-5.961177371411571e-10,4.943097261909423e-10,-4.927483976093786e-10,-6.116373320742654e-10,-4.92748400246805e-10,-6.11637342593052e-10,6.273539884358543e-10,-4.909423775018126e-10,0.0,0.0,0.0,0.0,0.0,0.0,0.0,0.0,4.440530960785953e-12,4.42244665020819e-8,0.013021390630196906
4,0.08726646259971647,6,7,62,8.038360275792588,-0.006948629877398465,0.7014792663705005,-0.0006063823493152657,2.4377158667883093e-9,-4.891135421317981e-10,3.4896798177407756e-10,-3.4688642802892926e-10,-5.010352848970942e-10,-3.4688638679179413e-10,-5.010352790825461e-10,5.130957362797704e-10,-3.446043910980455e-10,0.0,0.0,0.0,0.0,0.0,0.0,0.0,0.0,4.440530960785953e-12,4.42244665020819e-8,0.013021390630196906
4,0.08726646259971647,6,5,63,8.038360275792316,-0.00694862987716697,-0.7014792663704768,0.0006063823492950638,2.4377125764617545e-9,0.0,0.0,0.0,0.0,0.0,0.0,0.0,0.0,5.130954581351029e-10,-3.4460334496390384e-10,3.468853796010639e-10,5.010350370461238e-10,3.4688534192266693e-10,5.010349749842833e-10,-4.891132686942732e-10,3.489669345823595e-10,4.440530960785953e-12,4.42244665020819e-8,0.013021390630196906
4,0.08726646259971647,6,5,64,8.665995595759242,-0.006627391377272768,-0.7562507805466315,0.0005783490017584574,1.3069372519567344e-9,0.0,0.0,0.0,0.0,0.0,0.0,0.0,0.0,2.5082630379014514e-10,-2.1654753760325027e-10,2.169831269021547e-10,2.442600113542883e-10,2.1698314615517854e-10,2.44260025738025e-10,-2.3778050664257934e-10,2.1732101409704055e-10,4.440530960785953e-12,4.42244665020819e-8,0.013021390630196906
4,0.08726646259971647,6,7,65,8.665995595758915,-0.006627391377576207,0.756250780546603,-0.0005783490017849376,1.3069366118908286e-9,-2.37780532854843e-10,2.173207452222279e-10,-2.1698285720765787e-10,-2.4426004441532345e-10,-2.1698287761624538e-10,-2.442600426741676e-10,2.5082632764301997e-10,-2.1654726828167918e-10,0.0,0.0,0.0,0.0,0.0,0.0,0.0,0.0,4.440530960785953e-12,4.42244665020819e-8,0.013021390630196906
4,0.08726646259971647,6,5,66,4.494038760634341,0.0009017623367891092,-0.3921788654265729,-7.869360923723972e-5,9.797745446188088e-10,0.0,0.0,0.0,0.0,0.0,0.0,0.0,0.0,-1.7424476259579034e-10,1.6720420256904185e-10,-1.6706908227736712e-10,-1.7910699458721226e-10,-1.6706903908945112e-10,-1.7910699432011223e-10,1.840360396644967e-10,-1.6686226295239901e-10,4.440530960785953e-12,4.42244665020819e-8,0.013021390630196906
4,0.08726646259971647,6,7,67,4.494038760633901,0.0009017623361981218,0.3921788654265345,7.869360918566635e-5,9.797733535798948e-10,1.8403566516780588e-10,-1.6686222574396784e-10,1.670690265324089e-10,1.7910661786914188e-10,1.6706902241351735e-10,1.7910662425914489e-10,-1.7424439027103126e-10,1.6720416721176042e-10,0.0,0.0,0.0,0.0,0.0,0.0,0.0,0.0,4.440530960785953e-12,4.42244665020819e-8,0.013021390630196906
4,0.08726646259971647,6,5,68,4.479800287515529,-0.013337833876769692,-0.390936324244673,0.0011639455811683537,8.837578386761828e-10,0.0,0.0,0.0,0.0,0.0,0.0,0.0,0.0,1.610719820221148e-10,-1.5577325978074504e-10,1.558166417056579e-10,1.5662228167261725e-10,1.5581664499639787e-10,1.5662227564650568e-10,-1.5223488935814545e-10,1.5579736579090207e-10,4.440530960785953e-12,4.42244665020819e-8,0.013021390630196906
4,0.08726646259971647,6,7,69,4.479800287515804,-0.013337833877152894,0.39093632424469704,-0.0011639455812017944,8.837572699546739e-10,-1.5223501396617019e-10,1.557970380790069e-10,-1.5581631727015372e-10,-1.5662240870227731e-10,-1.5581631418811673e-10,-1.5662239925249664e-10,1.610721082060588e-10,-1.557729322796783e-10,0.0,0.0,0.0,0.0,0.0,0.0,0.0,0.0,4.440530960785953e-12,4.42244665020819e-8,0.013021390630196906
4,0.08726646259971647,6,5,70,4.49291794208413,-0.0002488942315457595,-0.3920810555564798,2.1720119148473194e-5,5.769570622414813e-10,0.0,0.0,0.0,0.0,0.0,0.0,0.0,0.0,1.0572344439381738e-10,-1.0110482079018069e-10,1.0114944418636273e-10,1.0281864272634556e-10,1.0114942512777524e-10,1.0281868421989134e-10,-9.995433431147314e-11,1.0115291237962356e-10,4.440530960785953e-12,4.42244665020819e-8,0.013021390630196906
4,0.08726646259971647,6,7,71,4.492917942082912,-0.0002488942315531373,0.39208105555637357,-2.1720119149117027e-5,5.769570210056297e-10,-9.99544857295619e-11,1.0115274331402981e-10,-1.0114926104036904e-10,-1.028188129872996e-10,-1.0114926944295517e-10,-1.0281881829423241e-10,1.0572359739164952e-10,-1.0110465105400039e-10,0.0,0.0,0.0,0.0,0.0,0.0,0.0,0.0,4.440530960785953e-12,4.42244665020819e-8,0.013021390630196906
4,0.08726646259971647,6,7,72,5.121766728084295,0.0012257180293253015,0.4469584646208404,0.0001069640765639146,4.681057756132997e-10,8.568052694414256e-11,-8.213088194552584e-11,8.216430474660104e-11,8.332374326089775e-11,8.216429596085175e-11,8.332375435888992e-11,-8.099982957358866e-11,8.216438271793729e-11,0.0,0.0,0.0,0.0,0.0,0.0,0.0,0.0,4.440530960785953e-12,4.42244665020819e-8,0.013021390630196906
4,0.08726646259971647,6,5,73,5.12176672808501,0.0012257180285707697,-0.4469584646209028,-0.00010696407649806927,4.681034971094267e-10,0.0,0.0,0.0,0.0,0.0,0.0,0.0,0.0,-8.099970797183701e-11,8.216369402202104e-11,-8.216361414225573e-11,-8.332362451739218e-11,-8.216361117428111e-11,-8.332362917322479e-11,8.568040491382994e-11,-8.213019523589262e-11,4.440530960785953e-12,4.42244665020819e-8,0.013021390630196906
4,0.08726646259971647,6,5,74,5.12058365140914,7.427845091033565e-5,-0.44685522170441533,-6.482017658331682e-6,4.3670996016197144e-10,0.0,0.0,0.0,0.0,0.0,0.0,0.0,0.0,7.905796904651361e-11,-7.752587227314423e-11,7.75320622656505e-11,7.6859031499783e-11,7.753205576802652e-11,7.68590539998083e-11,-7.469112311391512e-11,7.750749583305873e-11,4.440530960785953e-12,4.42244665020819e-8,0.013021390630196906
4,0.08726646259971647,6,7,75,5.120583651408954,7.427845079130066e-5,0.4468552217043991,6.482017647943919e-6,4.3670916824428615e-10,-7.469123278397754e-11,7.750710854518286e-11,-7.753167465419735e-11,-7.685915216965788e-11,-7.753167053165891e-11,-7.685915039093373e-11,7.905807658775456e-11,-7.752548681255837e-11,0.0,0.0,0.0,0.0,0.0,0.0,0.0,0.0,4.440530960785953e-12,4.42244665020819e-8,0.013021390630196906
4,0.08726646259971647,6,5,76,4.492888158064837,-0.00024866497733854083,-0.3920784564104742,2.1700112944773118e-5,4.30462409262377e-10,0.0,0.0,0.0,0.0,0.0,0.0,0.0,0.0,7.92017733402678e-11,-7.509471147217874e-11,7.513727701099234e-11,7.70347210649411e-11,7.513728294710713e-11,7.703473316860309e-11,-7.489772927446929e-11,7.514902884316415e-11,4.440530960785953e-12,4.42244665020819e-8,0.013021390630196906
4,0.08726646259971647,6,7,77,4.492888158065112,-0.00024866497679086434,0.3920784564104981,-2.1700112896979328e-5,4.3045981758857744e-10,-7.489746520647277e-11,7.514837254060997e-11,-7.513661498721961e-11,-7.703446191313588e-11,-7.513663109135266e-11,-7.703446351744592e-11,7.92015088422859e-11,-7.509405377581345e-11,0.0,0.0,0.0,0.0,0.0,0.0,0.0,0.0,4.440530960785953e-12,4.42244665020819e-8,0.013021390630196906
4,0.08726646259971647,6,5,78,0.9486199606784261,0.007603261740553207,-0.08278270831988839,-0.0006635097563178416,1.4506404246166282e-10,0.0,0.0,0.0,0.0,0.0,0.0,0.0,0.0,-2.5249660577387953e-11,2.531549568546879e-11,-2.5311274446355153e-11,-2.5969818562228808e-11,-2.5311269899583018e-11,-2.596982078046551e-11,2.6700101231173564e-11,-2.5296658879503873e-11,4.440530960785953e-12,4.42244665020819e-8,0.013021390630196906
4,0.08726646259971647,6,7,79,0.9486199606785202,0.007603261740681247,0.08278270831989659,0.0006635097563290152,1.4506280645652723e-10,2.669985024249327e-11,-2.5296473579713834e-11,2.5311089021716496e-11,2.596955916557341e-11,2.5311085008419694e-11,2.5969578094674893e-11,-2.5249409555603118e-11,2.5315310566024435e-11,0.0,0.0,0.0,0.0,0.0,0.0,0.0,0.0,4.440530960785953e-12,4.42244665020819e-8,0.013021390630196906
5,0.05038331567317271,7,6,0,0.022661266655648937,0.022656467215445217,-0.0011417497514655032,-0.0011415079397546646,80.72655767634392,0.0,0.0,0.0,0.0,0.0,0.0,0.0,0.0,-13.865967616371934,14.270112504225223,-14.272994525910708,-14.266726191069244,-14.272994526177374,-14.266726190895787,14.673192821837581,-14.270168715775933,8.222364993728406e-12,3.456849206205016e-8,0.01791615991535367
5,0.05038331567317271,7,8,1,0.022661268183582273,0.022656467736849588,0.0011417498284478507,0.0011415079660247456,80.72655651524892,14.67319271400766,-14.270168404400348,14.27299421743475,14.266726089101756,14.272994217697983,14.26672608893215,-13.86596752014745,14.270112198686244,0.0,0.0,0.0,0.0,0.0,0.0,0.0,0.0,8.222364993728406e-12,3.456849206205016e-8,0.01791615991535367
5,0.05038331567317271,7,8,2,2.1180201109667194,0.0010633723363515646,0.10671287585296452,5.3576224100520066e-5,3.788955764447289,0.7032202918489672,-0.6545143856262636,0.655065401039785,0.6841500024832693,0.6550654010984024,0.6841500024965024,-0.665341684550188,0.6553427041166577,0.0,0.0,0.0,0.0,0.0,0.0,0.0,0.0,8.222364993728406e-12,3.456849206205016e-8,0.01791615991535367
5,0.05038331567317271,7,6,3,2.1180200969959158,0.0010633793013203885,-0.1067128751490691,-5.357657501874298e-5,3.788955503340564,0.0,0.0,0.0,0.0,0.0,0.0,0.0,0.0,-0.6653416612690862,0.6553426360785392,-0.6550653322282661,-0.6841499778387318,-0.6550653325774397,-0.6841499778963421,0.7032202658568856,-0.6545143163427758,8.222364993728406e-12,3.456849206205016e-8,0.01791615991535367
5,0.05038331567317271,7,6,4,2.115940573678505,-0.0010182023106622556,-0.10660810186931827,5.1300408437250296e-5,3.628507485053302,0.0,0.0,0.0,0.0,0.0,0.0,0.0,0.0,0.6456632103797283,-0.6553765092985834,0.6551127433813296,0.6273947595892421,0.6551127437312976,0.6273947596466883,-0.6093883037519537,0.6545979675122706,8.222364993728406e-12,3.456849206205016e-8,0.01791615991535367
5,0.05038331567317271,7,8,5,2.115940573576548,-0.0010182024557224174,0.10660810186418135,-5.1300415745862216e-5,3.628506885435807,-0.6093882582732159,0.6545978078932572,-0.6551125823040582,-0.6273947112368026,-0.6551125823628452,-0.6273947112507559,0.6456631590466847,-0.655376346490205,0.0,0.0,0.0,0.0,0.0,0.0,0.0,0.0,8.222364993728406e-12,3.456849206205016e-8,0.01791615991535367
5,0.05038331567317271,7,6,6,6.75077575675453,0.0009599491166105319,-0.34012646599136487,-4.836541937237171e-5,3.4415254930970773,0.0,0.0,0.0,0.0,0.0,0.0,0.0,0.0,-0.5956709432978287,0.6039186309237269,-0.6039135671391165,-0.6127564780063962,-0.6039135684841394,-0.6127564776844886,0.6300835287679994,-0.6036633538287374,8.222364993728406e-12,3.456849206205016e-8,0.01791615991535367
5,0.05038331567317271,7,8,7,6.750775746059948,0.0009599401625042456,0.3401264654525364,4.836496823480811e-5,3.4415254278583673,0.630083501771661,-0.6036633580575966,0.6039135718148004,0.6127564506051302,0.603913572292389,0.6127564509279965,-0.5956709161368586,0.6039186351654593,0.0,0.0,0.0,0.0,0.0,0.0,0.0,0.0,8.222364993728406e-12,3.456849206205016e-8,0.01791615991535367
5,0.05038331567317271,7,6,8,6.748877240373982,-0.0009590324021040257,-0.34003081244125305,4.831923225600823e-5,3.393025280909481,0.0,0.0,0.0,0.0,0.0,0.0,0.0,0.0,0.6123531798047531,-0.6042588844604195,0.6042534403983137,0.5952685329023035,0.6042534417493887,0.5952685325824425,-0.5784255394032005,0.6040098419671129,8.222364993728406e-12,3.456849206205016e-8,0.01791615991535367
5,0.05038331567317271,7,8,9,6.748877248441813,-0.0009590203846732079,0.3400308128477371,-4.8318626777997756e-5,3.393025212311902,-0.5784255091182887,0.6040098476051347,-0.6042534465410851,-0.5952685023551985,-0.6042534470152879,-0.5952685026785389,0.6123531496397757,-0.6042588902189874,0.0,0.0,0.0,0.0,0.0,0.0,0.0,0.0,8.222364993728406e-12,3.456849206205016e-8,0.01791615991535367
5,0.05038331567317271,7,6,10,12.95207507497648,-0.000288591324086325,-0.6525684871251721,1.4540187781980203e-5,2.513258728791345,0.0,0.0,0.0,0.0,0.0,0.0,0.0,0.0,-0.43408101567532864,0.44193431241523506,-0.4419566817988576,-0.4465581286546275,-0.4419566828801289,-0.446558127511218,0.45921198739655955,-0.4418003936828094,8.222364993728406e-12,3.456849206205016e-8,0.01791615991535367
5,0.05038331567317271,7,8,11,12.952075075121627,-0.00028859112671910866,0.652568487132485,-1.454017783796544e-5,2.5132586469653946,0.4592120054758927,-0.441800346334756,0.4419566363931502,0.44655814706891844,0.4419566335847811,0.4465581452439399,-0.4340810337618142,0.44193426506953054,0.0,0.0,0.0,0.0,0.0,0.0,0.0,0.0,8.222364993728406e-12,3.456849206205016e-8,0.01791615991535367
5,0.05038331567317271,7,6,12,12.946687378276103,-0.0011947117030316826,-0.6522970371015656,6.019353687227903e-5,2.492339975296216,0.0,0.0,0.0,0.0,0.0,0.0,0.0,0.0,0.4511773687192451,-0.44245986340467536,0.4424947897971353,0.4386279241050506,0.4424947908827754,0.43862792296009395,-0.4262554411295247,0.4423542307329584,8.222364993728406e-12,3.456849206205016e-8,0.01791615991535367
5,0.05038331567317271,7,8,13,12.946687378317147,-0.0011947119037707087,0.6522970371036336,-6.0193546986176755e-5,2.4923398918385797,-0.4262554592124065,0.4423541834380589,-0.4424947444450197,-0.4386279425171359,-0.44249474163535957,-0.4386279406913241,0.4511773867985124,-0.44245981610728785,0.0,0.0,0.0,0.0,0.0,0.0,0.0,0.0,8.222364993728406e-12,3.456849206205016e-8,0.01791615991535367
5,0.05038331567317271,7,8,14,13.017503758610456,0.04488970707737057,0.6558650011467828,0.0022616922821554167,0.002359868162696195,-0.0005200889551389384,-0.00029583297419512577,0.0002843976258819081,-0.0005168600401634832,0.00028439762640297916,-0.0005168600400240861,0.0005135173246550222,0.00027316899934886783,0.0,0.0,0.0,0.0,0.0,0.0,0.0,0.0,8.222364993728406e-12,3.456849206205016e-8,0.01791615991535367
5,0.05038331567317271,7,6,15,13.017503758978993,0.04488970687776833,-0.655865001165351,-0.002261692272098794,0.002359868098704156,0.0,0.0,0.0,0.0,0.0,0.0,0.0,0.0,0.000513517312850171,0.0002731689881505133,-0.00028439761444966073,0.0005168600282068083,-0.00028439761478822725,0.0005168600281456238,-0.0005200889431101812,-0.00029583296233877567,8.222364993728406e-12,3.456849206205016e-8,0.01791615991535367
5,0.05038331567317271,7,6,16,10.983803272020353,-0.0009483518510053635,-0.5534004275462288,4.778111067844088e-5,6.684931763847917e-6,0.0,0.0,0.0,0.0,0.0,0.0,0.0,0.0,1.2384544313743126e-6,-1.1571873136433774e-6,1.1580939490915894e-6,1.2048065025328292e-6,1.158093949464562e-6,1.204806502494307e-6,-1.171621714811733e-6,1.158518569683896e-6,8.222364993728406e-12,3.456849206205016e-8,0.01791615991535367
5,0.05038331567317271,7,8,17,10.98380327041454,-0.0009483537879366524,0.5534004274653226,-4.7781208267461445e-5,6.684921717999693e-6,-1.1716191685120399e-6,1.158517622655868e-6,-1.1580930249747872e-6,-1.2048039078877881e-6,-1.1580930262148072e-6,-1.2048039060785647e-6,1.2384517862600566e-6,-1.157186414338963e-6,0.0,0.0,0.0,0.0,0.0,0.0,0.0,0.0,8.222364993728406e-12,3.456849206205016e-8,0.01791615991535367
5,0.05038331567317271,7,8,18,10.985600118289645,0.0010484227510181507,0.5534909586190306,5.282301442348364e-5,6.0867955638879175e-6,9.646425699984574e-7,-1.204664944404168e-6,1.2010821401732191e-6,9.342043156819946e-7,1.201082140517255e-6,9.342043144324756e-7,-9.042464182240101e-7,1.1971255584975392e-6,0.0,0.0,0.0,0.0,0.0,0.0,0.0,0.0,8.222364993728406e-12,3.456849206205016e-8,0.01791615991535367
5,0.05038331567317271,7,6,19,10.98560011836598,0.0010484241478259,-0.5534909586228767,-5.282308479928941e-5,6.086793722313775e-6,0.0,0.0,0.0,0.0,0.0,0.0,0.0,0.0,-9.042477351458353e-7,1.197123994821531e-6,-1.2010805358017815e-6,-9.342056285310025e-7,-1.201080535747978e-6,-9.342056277918955e-7,9.646438786458757e-7,-1.2046632984176103e-6,8.222364993728406e-12,3.456849206205016e-8,0.01791615991535367
5,0.05038331567317271,7,8,20,10.985025766922481,-0.0009914165722667671,0.5534620208927915,-4.9950854124131375e-5,2.9679854051307392e-6,-4.4214967734064284e-7,5.828001495243478e-7,-5.846986202192397e-7,-4.5676149716143654e-7,-5.846986201013685e-7,-4.5676149746004636e-7,4.716071601886595e-7,-5.864143394261224e-7,0.0,0.0,0.0,0.0,0.0,0.0,0.0,0.0,8.222364993728406e-12,3.456849206205016e-8,0.01791615991535367
5,0.05038331567317271,7,6,21,10.985025767518746,-0.0009914153464826714,-0.5534620209228333,4.995079236506433e-5,2.9679775884142336e-6,0.0,0.0,0.0,0.0,0.0,0.0,0.0,0.0,4.716004144657564e-7,-5.864172214313024e-7,5.847013672538043e-7,4.567548062987954e-7,5.847013671001105e-7,4.5675480693575957e-7,-4.421430427855978e-7,5.828027642286631e-7,8.222364993728406e-12,3.456849206205016e-8,0.01791615991535367
5,0.05038331567317271,7,8,22,6.794450236692256,0.04436337584324186,0.342326931100929,0.002235173969437659,4.4159738634595015e-7,-4.446297883942215e-8,-1.0275907345666216e-7,1.0068605526253302e-7,-4.526716605922613e-8,1.0068604780315052e-7,-4.526716386653469e-8,4.603107315735777e-8,9.86311285253402e-8,0.0,0.0,0.0,0.0,0.0,0.0,0.0,0.0,8.222364993728406e-12,3.456849206205016e-8,0.01791615991535367
5,0.05038331567317271,7,6,23,6.794450236208242,0.04436337302910507,-0.3423269310765427,-0.002235173827652117,4.4158815862584074e-7,0.0,0.0,0.0,0.0,0.0,0.0,0.0,0.0,4.6030487214564645e-8,9.862889297428162e-8,-1.006837800992712e-7,4.526660469553544e-8,-1.0068376996873661e-7,4.5266600977728936e-8,-4.446244146770869e-8,-1.027567557599873e-7,8.222364993728406e-12,3.456849206205016e-8,0.01791615991535367
5,0.05038331567317271,7,8,24,10.986711870265237,0.0010475570695271177,0.5535469723697672,5.2779398519648505e-5,4.073605957843257e-7,9.453352703005994e-8,-4.16085604508454e-8,4.233841281994841e-8,9.261661727116558e-8,4.233841301897961e-8,9.26166175498444e-8,-9.071663574633642e-8,4.303121535513726e-8,0.0,0.0,0.0,0.0,0.0,0.0,0.0,0.0,8.222364993728406e-12,3.456849206205016e-8,0.01791615991535367
5,0.05038331567317271,7,6,25,10.986711870135707,0.0010475587689196646,-0.553546972363241,-5.2779484140679645e-5,4.073468554385359e-7,0.0,0.0,0.0,0.0,0.0,0.0,0.0,0.0,-9.071406918164504e-8,4.3028723754630754e-8,-4.233592279285363e-8,-9.261397885458387e-8,-4.2335922826219294e-8,-9.2613978983374e-8,9.453081561616991e-8,-4.1606072881486666e-8,8.222364993728406e-12,3.456849206205016e-8,0.01791615991535367
5,0.05038331567317271,7,6,26,10.985239205213086,0.0010600226363157543,-0.5534727746215637,-5.34074551062054e-5,3.6716823802852763e-7,0.0,0.0,0.0,0.0,0.0,0.0,0.0,0.0,-7.814170298030329e-8,-4.5649517920990944e-8,4.741588549533505e-8,-7.859181617706251e-8,4.741588573448565e-8,-7.859181644577107e-8,7.902295700218658e-8,4.9213686245214065e-8,8.222364993728406e-12,3.456849206205016e-8,0.01791615991535367
5,0.05038331567317271,7,8,27,10.985239205206913,0.001060022818157532,0.5534727746212528,5.340746426799709e-5,3.6716625691540825e-7,7.902233909195675e-8,4.921372824785056e-8,-4.7415935666212485e-8,7.859120768908796e-8,-4.741593563007522e-8,7.859120774587072e-8,-7.814110368311519e-8,-4.564957574133665e-8,0.0,0.0,0.0,0.0,0.0,0.0,0.0,0.0,8.222364993728406e-12,3.456849206205016e-8,0.01791615991535367
5,0.05038331567317271,7,8,28,11.029407930546231,0.044359467174143644,0.5556981414529053,0.002234977037728622,2.615630461378622e-7,5.564789684532188e-8,-3.607605772066762e-8,3.634190886123099e-8,5.4357978741910715e-8,3.634190882227446e-8,5.435797881381757e-8,-5.308259312560026e-8,3.6586013865561206e-8,0.0,0.0,0.0,0.0,0.0,0.0,0.0,0.0,8.222364993728406e-12,3.456849206205016e-8,0.01791615991535367
5,0.05038331567317271,7,6,29,11.029407930404616,0.04435946708805306,-0.5556981414457703,-0.002234977033391093,2.6155486389517774e-7,0.0,0.0,0.0,0.0,0.0,0.0,0.0,0.0,-5.3081165656211545e-8,3.6584531239100784e-8,-3.63404257507649e-8,-5.4356509836930465e-8,-3.6340425693437895e-8,-5.43565098582841e-8,5.564638586066515e-8,-3.607457469564164e-8,8.222364993728406e-12,3.456849206205016e-8,0.01791615991535367
5,0.05038331567317271,7,8,30,11.026492666274638,0.04233500695021429,0.5555512607728389,0.0021329780191986073,2.2702793328621514e-7,-3.815183388576166e-8,4.09347020184102e-8,-4.096625776932119e-8,-3.9278477619033376e-8,-4.096625800182189e-8,-3.927847770957895e-8,4.0421504800753115e-8,-4.098209908400252e-8,0.0,0.0,0.0,0.0,0.0,0.0,0.0,0.0,8.222364993728406e-12,3.456849206205016e-8,0.01791615991535367
5,0.05038331567317271,7,6,31,11.026492665955537,0.04233500651172453,-0.5555512607567615,-0.0021329779971060395,2.2702756050787117e-7,0.0,0.0,0.0,0.0,0.0,0.0,0.0,0.0,4.042135592521825e-8,-4.098211329201974e-8,4.096626967596096e-8,3.92783308099772e-8,4.0966269791265086e-8,3.927833049874902e-8,-3.815168874968328e-8,4.093471156645843e-8,8.222364993728406e-12,3.456849206205016e-8,0.01791615991535367
5,0.05038331567317271,7,8,32,11.030978465302681,0.04439470774448143,0.5557772702013152,0.0022367525745084532,1.8511140402735512e-7,2.952736911636878e-8,-3.648270847635089e-8,3.637857823592369e-8,2.8601126217903192e-8,3.637857823459428e-8,2.860112631219172e-8,-2.768943255637971e-8,3.626300463306558e-8,0.0,0.0,0.0,0.0,0.0,0.0,0.0,0.0,8.222364993728406e-12,3.456849206205016e-8,0.01791615991535367
5,0.05038331567317271,7,6,33,11.030978465897142,0.04439470707089272,-0.5557772702312661,-0.0022367525405708206,1.8510851374255318e-7,0.0,0.0,0.0,0.0,0.0,0.0,0.0,0.0,-2.768878893108012e-8,3.626259977200872e-8,-3.637817689805216e-8,-2.860046768633572e-8,-3.637817686356199e-8,-2.8600467760705134e-8,2.9526695497872155e-8,-3.64823108921494e-8,8.222364993728406e-12,3.456849206205016e-8,0.01791615991535367
5,0.05038331567317271,7,8,34,10.983322124871606,-0.0009618116783708559,0.5533761857575482,-4.8459261409502895e-5,1.4693954718615888e-7,-2.6002167533624282e-8,-2.5210664354746913e-8,2.5940124225278093e-8,-2.6008209220662724e-8,2.5940124222775226e-8,-2.600820927904244e-8,2.6003872836457133e-8,2.6679985300101374e-8,0.0,0.0,0.0,0.0,0.0,0.0,0.0,0.0,8.222364993728406e-12,3.456849206205016e-8,0.01791615991535367
5,0.05038331567317271,7,6,35,10.983322124732965,-0.0009618117847142622,-0.553376185750563,4.8459266767436305e-5,1.4693649978907935e-7,0.0,0.0,0.0,0.0,0.0,0.0,0.0,0.0,2.6003598026948062e-8,2.6679174138546138e-8,-2.5939328461683762e-8,2.6007927029759646e-8,-2.5939328312763802e-8,2.6007927063577145e-8,-2.600187825487703e-8,-2.5209883728339575e-8,8.222364993728406e-12,3.456849206205016e-8,0.01791615991535367
5,0.05038331567317271,7,6,36,11.028610469587768,0.044331677725900076,-0.555657962725698,-0.002233576913185383,1.0771844631444665e-7,0.0,0.0,0.0,0.0,0.0,0.0,0.0,0.0,-1.1358192003076579e-8,2.39979610509031e-8,-2.41743667225453e-8,-1.1863029506120997e-8,-2.4174366785384082e-8,-1.1863029395025787e-8,1.2377535694765217e-8,-2.4346025310934158e-8,8.222364993728406e-12,3.456849206205016e-8,0.01791615991535367
5,0.05038331567317271,7,8,37,11.028610469590637,0.04433167795309502,0.5556579627258426,0.0022335769246322173,1.0771778207437953e-7,1.2377203858328619e-8,-2.4346005073775594e-8,2.4174342136322493e-8,1.1862702679566652e-8,2.4174342211693947e-8,1.1862702540628451e-8,-1.13578701481945e-8,2.3997932259546647e-8,0.0,0.0,0.0,0.0,0.0,0.0,0.0,0.0,8.222364993728406e-12,3.456849206205016e-8,0.01791615991535367
5,0.05038331567317271,7,6,38,8.890054677032577,0.02263444095102048,-0.4479104311446978,-0.0011403981835210525,5.61297083676346e-8,0.0,0.0,0.0,0.0,0.0,0.0,0.0,0.0,-1.091593264014239e-8,8.499490366873368e-9,-8.463092014360893e-9,-1.119220254521897e-8,-8.463092024745643e-9,-1.1192202480189804e-8,1.1471856727088293e-8,-8.422216114897852e-9,8.222364993728406e-12,3.456849206205016e-8,0.01791615991535367
5,0.05038331567317271,7,8,39,8.890054681830183,0.02263444360880158,0.44791043138641706,0.0011403983174288765,5.611969143157816e-8,1.1470624294057895e-8,-8.419603078262131e-9,8.460498753231256e-9,1.1191024017675935e-8,8.460498686177102e-9,1.119102391056209e-8,-1.0914806938929573e-8,8.496917276774259e-9,0.0,0.0,0.0,0.0,0.0,0.0,0.0,0.0,8.222364993728406e-12,3.456849206205016e-8,0.01791615991535367
5,0.05038331567317271,7,8,40,8.888168695101673,0.020690733955694752,0.44781540912171913,0.0010424677803994023,2.6470617707655846e-8,-4.798581777434022e-9,4.4205765974049775e-9,-4.4142514299822596e-9,-4.929843471557255e-9,-4.414251315450078e-9,-4.929843457053475e-9,5.0628704574569146e-9,-4.405953858839954e-9,0.0,0.0,0.0,0.0,0.0,0.0,0.0,0.0,8.222364993728406e-12,3.456849206205016e-8,0.01791615991535367
5,0.05038331567317271,7,6,41,8.888168699593876,0.020690742001129,-0.44781540934805125,-0.0010424681857550556,2.6463316874691106e-8,0.0,0.0,0.0,0.0,0.0,0.0,0.0,0.0,5.062171679251684e-9,-4.403936957996441e-9,4.412253271100316e-9,4.929182620055575e-9,4.412253198989645e-9,4.929182701332649e-9,-4.797958150411545e-9,4.4185974868673965e-9,8.222364993728406e-12,3.456849206205016e-8,0.01791615991535367
5,0.05038331567317271,7,6,42,8.887345036827922,0.020688984261432015,-0.44777391048690596,-0.0010423796250010311,2.5799609868888228e-8,0.0,0.0,0.0,0.0,0.0,0.0,0.0,0.0,5.044817552720697e-9,-4.164149106966921e-9,4.175613989413129e-9,4.915417616699332e-9,4.175614076846309e-9,4.915417565263048e-9,-4.787687482047275e-9,4.185112458427199e-9,8.222364993728406e-12,3.456849206205016e-8,0.01791615991535367
5,0.05038331567317271,7,8,43,8.887345045670255,0.02068899833063261,0.447773910932412,0.0010423803338540062,2.5794600783563364e-8,-4.786667066888749e-9,4.184403903960277e-9,-4.174910109511462e-9,-4.914372589304965e-9,-4.174910072845017e-9,-4.9143725001100215e-9,5.043747592582299e-9,-4.163450196543355e-9,0.0,0.0,0.0,0.0,0.0,0.0,0.0,0.0,8.222364993728406e-12,3.456849206205016e-8,0.01791615991535367
5,0.05038331567317271,7,8,44,8.889679103704712,0.02271628182539529,0.4478915085151615,0.001144521598129647,2.4651238458244513e-8,8.302829421306034e-10,-6.194871567988684e-9,6.118853424921412e-9,7.321597915077238e-10,6.118853417783426e-9,7.321598251112029e-10,-6.364841576667429e-10,6.042541921219035e-9,0.0,0.0,0.0,0.0,0.0,0.0,0.0,0.0,8.222364993728406e-12,3.456849206205016e-8,0.01791615991535367
5,0.05038331567317271,7,6,45,8.889679103252593,0.02271627967261206,-0.4478915084923823,-0.0011445214896652898,2.4647829093460307e-8,0.0,0.0,0.0,0.0,0.0,0.0,0.0,0.0,-6.36047444867629e-10,6.041742954877987e-9,-6.118049392512262e-9,-7.317054421532819e-10,-6.118049410429932e-9,-7.317054280976156e-10,8.298105857117621e-10,-6.194062676499709e-9,8.222364993728406e-12,3.456849206205016e-8,0.01791615991535367
5,0.05038331567317271,7,8,46,8.890606566696775,0.022766912812556273,0.44793823717586584,0.001147072555138623,2.2419818437778338e-8,5.061819473237267e-9,-2.5867823846600377e-9,2.620788463781617e-9,4.954174271431423e-9,2.6207884913759327e-9,4.9541743468647284e-9,-4.847577063530476e-9,2.6528126902664103e-9,0.0,0.0,0.0,0.0,0.0,0.0,0.0,0.0,8.222364993728406e-12,3.456849206205016e-8,0.01791615991535367
5,0.05038331567317271,7,6,47,8.890606566668879,0.02276691435905287,-0.44793823717446035,-0.0011470726330562492,2.241926330011749e-8,0.0,0.0,0.0,0.0,0.0,0.0,0.0,0.0,-4.847529968078238e-9,2.6526137488053783e-9,-2.6205873794498052e-9,-4.9541236526199786e-9,-2.620587412036732e-9,-4.9541237092575e-9,5.061765231388008e-9,-2.586579183007822e-9,8.222364993728406e-12,3.456849206205016e-8,0.01791615991535367
5,0.05038331567317271,7,6,48,6.351996920929439,0.001108301104216114,-0.320034666022209,-5.5839884394646355e-5,1.8876238019862502e-8,0.0,0.0,0.0,0.0,0.0,0.0,0.0,0.0,-3.516473909887492e-9,3.0464352845504013e-9,-3.0390706357195743e-9,-3.6098956686861825e-9,-3.039070551679936e-9,-3.6098954884949474e-9,3.7045325857795413e-9,-3.0302617023250115e-9,8.222364993728406e-12,3.456849206205016e-8,0.01791615991535367
5,0.05038331567317271,7,8,49,6.35199693332301,0.001108294927057163,0.3200346666466382,5.583957316889696e-5,1.887250416137953e-8,3.7041880820574976e-9,-3.029187639098454e-9,3.0380068834821434e-9,3.609570923628607e-9,3.0380068779854588e-9,3.6095708405458424e-9,-3.516168597245114e-9,3.0453820515851927e-9,0.0,0.0,0.0,0.0,0.0,0.0,0.0,0.0,8.222364993728406e-12,3.456849206205016e-8,0.01791615991535367
5,0.05038331567317271,7,6,50,2.1612642436667486,0.04429462304907158,-0.10889165864180265,-0.002231709975705565,1.2467265300700776e-8,0.0,0.0,0.0,0.0,0.0,0.0,0.0,0.0,1.6405726493916881e-9,2.5983116115631933e-9,-2.6585846374297146e-9,1.626499640269748e-9,-2.6585844571123304e-9,1.6264995712313773e-9,-1.6113630001301881e-9,-2.719507876688328e-9,8.222364993728406e-12,3.456849206205016e-8,0.01791615991535367
5,0.05038331567317271,7,8,51,2.1612642300514997,0.044294630109765934,0.10889165795582127,0.0022317103314467577,1.2450183496220732e-8,-1.6097130205403764e-9,-2.7154512480880474e-9,2.654608275966333e-9,-1.624816388422046e-9,2.6546082283334548e-9,-1.62481636704449e-9,1.6388577629587529e-9,2.5944149782990336e-9,0.0,0.0,0.0,0.0,0.0,0.0,0.0,0.0,8.222364993728406e-12,3.456849206205016e-8,0.01791615991535367
5,0.05038331567317271,7,6,52,6.395262540514047,0.04433996855743856,-0.32221453139153566,-0.0022339946327679795,7.715844692153596e-9,0.0,0.0,0.0,0.0,0.0,0.0,0.0,0.0,-1.7098889952757631e-9,8.324959119398007e-10,-8.197402971462649e-10,-1.7460083114949608e-9,-8.197402912779848e-10,-1.7460083274490073e-9,1.7824554001404348e-9,-8.062862074548214e-10,8.222364993728406e-12,3.456849206205016e-8,0.01791615991535367
5,0.05038331567317271,7,8,53,6.395262528132938,0.044339974691561326,0.3222145307677344,0.002233994941825423,7.71307158513774e-9,1.7820174858567588e-9,-8.055481351580304e-10,8.19006558307773e-10,1.74558685978261e-9,8.190065600860862e-10,1.7455869244184162e-9,-1.7094837610677026e-9,8.317666827120715e-10,0.0,0.0,0.0,0.0,0.0,0.0,0.0,0.0,8.222364993728406e-12,3.456849206205016e-8,0.01791615991535367
5,0.05038331567317271,7,6,54,8.889373780688658,0.022633154341316297,-0.4478761253292614,-0.0011403333598581783,2.4250533037942368e-9,0.0,0.0,0.0,0.0,0.0,0.0,0.0,0.0,-3.868350292786463e-11,-5.96467556528774e-10,6.054564660603002e-10,-3.067457488282826e-11,6.054564833017045e-10,-3.0674604135648215e-11,2.2423490777053258e-11,6.144576137479051e-10,8.222364993728406e-12,3.456849206205016e-8,0.01791615991535367
5,0.05038331567317271,7,8,55,8.88937377695423,0.02263315586119162,0.4478761251411085,0.0011403334364345366,2.424332932834744e-9,2.2203826310709857e-11,6.142828372728716e-10,-6.052872081798744e-10,3.0455583017348647e-11,-6.052872300569464e-10,3.045557985819627e-11,-3.8465218944053365e-11,-5.963037350254156e-10,0.0,0.0,0.0,0.0,0.0,0.0,0.0,0.0,8.222364993728406e-12,3.456849206205016e-8,0.01791615991535367
5,0.05038331567317271,7,6,56,4.256629581931561,0.022701771348923178,-0.21446311193022302,-0.0011437905122129843,1.8777620464106786e-9,0.0,0.0,0.0,0.0,0.0,0.0,0.0,0.0,-2.724683387303136e-10,3.741238744532619e-10,-3.755056297693516e-10,-2.8168756778422237e-10,-3.7550562434612554e-10,-2.8168756638021495e-10,2.9105697545105414e-10,-3.767746746618121e-10,8.222364993728406e-12,3.456849206205016e-8,0.01791615991535367
5,0.05038331567317271,7,8,57,4.25662958197518,0.022701771409880802,0.2144631119324207,0.0011437905152842315,1.877574282026748e-9,2.910847964089652e-10,-3.7669302138842657e-10,3.7542551227761573e-10,2.8171612685742366e-10,3.754255206417933e-10,2.8171613165051206e-10,-2.7249761017795565e-10,3.740452949949615e-10,0.0,0.0,0.0,0.0,0.0,0.0,0.0,0.0,8.222364993728406e-12,3.456849206205016e-8,0.01791615991535367
5,0.05038331567317271,7,6,58,4.256620082248069,0.022701551589183813,-0.21446263330467083,-0.0011437794399886637,1.3806376385704302e-9,0.0,0.0,0.0,0.0,0.0,0.0,0.0,0.0,-2.528861370295339e-10,2.2770567424286946e-10,-2.272979674419489e-10,-2.5972820837109984e-10,-2.272979598328721e-10,-2.597282112235986e-10,2.66661181011539e-10,-2.2678634356665027e-10,8.222364993728406e-12,3.456849206205016e-8,0.01791615991535367
5,0.05038331567317271,7,8,59,4.256620082441453,0.022701551631960155,0.21446263331441415,0.0011437794421438776,1.3774355584903466e-9,2.6633705944397877e-10,-2.2591382124422968e-10,2.2643325581721511e-10,2.594208333536437e-10,2.2643325565001774e-10,2.5942083767172014e-10,-2.525951643374519e-10,2.2684890380402921e-10,0.0,0.0,0.0,0.0,0.0,0.0,0.0,0.0,8.222364993728406e-12,3.456849206205016e-8,0.01791615991535367
5,0.05038331567317271,7,8,60,8.490627020994443,0.022746849853216664,0.42778594146193305,0.0011460617167248774,5.324022444692344e-10,1.169897944200509e-10,-6.734622013007704e-11,6.802527707276428e-11,1.1439645793247774e-10,6.80252766499066e-11,1.1439646066676697e-10,-1.1183032513554884e-10,6.865856955855272e-11,0.0,0.0,0.0,0.0,0.0,0.0,0.0,0.0,8.222364993728406e-12,3.456849206205016e-8,0.01791615991535367
5,0.05038331567317271,7,6,61,8.490627022222508,0.022746850329076328,-0.42778594152380706,-0.001146061740700265,5.315471224894201e-10,0.0,0.0,0.0,0.0,0.0,0.0,0.0,0.0,-1.11712655345731e-10,6.844729095970038e-11,-6.781269940361538e-11,-1.1427409358040524e-10,-6.781269986229379e-11,-1.142740959967731e-10,1.168626501870636e-10,-6.713239326885018e-11,8.222364993728406e-12,3.456849206205016e-8,0.01791615991535367
5,0.05038331567317271,7,6,62,4.254540862231152,0.020620093075045004,-0.21435787530620454,-0.001038908658610195,2.5906280637413815e-10,0.0,0.0,0.0,0.0,0.0,0.0,0.0,0.0,4.521082022678822e-11,-4.764945843454257e-11,4.760612348334642e-11,4.3907109281170806e-11,4.7606124761125985e-11,4.3907096526851886e-11,-4.262242444100058e-11,4.754522321932551e-11,8.222364993728406e-12,3.456849206205016e-8,0.01791615991535367
5,0.05038331567317271,7,8,63,4.254540861662341,0.02062009218033578,0.21435787527754596,0.0010389086135317777,2.58397040366485e-10,-4.2583785908766817e-11,4.735938636350198e-11,-4.7418212267382157e-11,-4.386525864970727e-11,-4.741821514017946e-11,-4.38652424053563e-11,4.516567879207298e-11,-4.7459491258364494e-11,0.0,0.0,0.0,0.0,0.0,0.0,0.0,0.0,8.222364993728406e-12,3.456849206205016e-8,0.01791615991535367
5,0.05038331567317271,7,8,64,6.3499215246349925,-0.0009732238511064271,0.319930100675559,-4.9034244510955955e-5,1.254859674930726e-12,-2.079725789504482e-13,2.289330356274247e-13,-2.2918632644322646e-13,-2.1419700827240773e-13,-2.291879870039705e-13,-2.1419746894631495e-13,2.2051356404241648e-13,-2.2935558532252935e-13,0.0,0.0,0.0,0.0,0.0,0.0,0.0,0.0,8.222364993728406e-12,3.456849206205016e-8,0.01791615991535367
5,0.05038331567317271,7,6,65,6.3499215251549925,-0.0009732230722983119,-0.3199301007017583,4.9034205272020836e-5,1.13473958909658e-12,0.0,0.0,0.0,0.0,0.0,0.0,0.0,0.0,2.1068415023269404e-13,-1.9593285192400788e-13,1.9609956214827801e-13,2.0497276038223776e-13,1.9610070140601513e-13,2.049726632356962e-13,-1.9933970462136152e-13,1.9618540226764332e-13,8.222364993728406e-12,3.456849206205016e-8,0.01791615991535367
5,0.05038331567317271,7,6,66,8.88742193591597,0.020677225494361465,-0.4477777849179341,-0.0010417871793277883,6.548493364834976e-16,0.0,0.0,0.0,0.0,0.0,0.0,0.0,0.0,-1.6333404697277467e-16,-2.9803093899983914e-17,2.710539925620376e-17,-1.614476271166859e-16,2.7082060341391312e-17,-1.6144547750487813e-16,1.5954773086005147e-16,2.4449051346538147e-17,8.222364993728406e-12,3.456849206205016e-8,0.01791615991535367
5,0.05038331567317271,7,8,67,8.887421935916027,0.020677225494069904,0.4477777849179369,0.0010417871793130984,6.152783999626123e-16,1.4220044275246824e-16,5.270199222815945e-17,-5.550908639162434e-17,1.4344853906157574e-16,-5.5481707077768534e-17,1.4345468639656458e-16,-1.4468023415724648e-16,-5.834631502334725e-17,0.0,0.0,0.0,0.0,0.0,0.0,0.0,0.0,8.222364993728406e-12,3.456849206205016e-8,0.01791615991535367
5,0.05038331567317271,7,6,68,8.889538626662059,0.0226333704206361,-0.44788443081597673,-0.0011403442466507584,2.0808159796304516e-16,0.0,0.0,0.0,0.0,0.0,0.0,0.0,0.0,3.40320795761685e-17,3.837011087778441e-17,-3.939897900154356e-17,3.396338204028973e-17,-3.940061774528168e-17,3.3963274538824276e-17,-3.387885555038675e-17,-4.044305099028549e-17,8.222364993728406e-12,3.456849206205016e-8,0.01791615991535367
5,0.05038331567317271,7,8,69,8.88953862669192,0.02263337043686017,0.4478844308174812,0.0011403442474681809,1.995732346628141e-16,-2.7494707299763502e-17,-4.2477704066597747e-17,4.149682370694889e-17,-2.7697596752789012e-17,4.1495949963732254e-17,-2.769715021734083e-17,2.7883540303591764e-17,4.052609337608051e-17,0.0,0.0,0.0,0.0,0.0,0.0,0.0,0.0,8.222364993728406e-12,3.456849206205016e-8,0.01791615991535367
5,0.05038331567317271,7,8,70,10.982833126405998,-0.0009370311881331216,0.5533515483934918,-4.721073814731915e-5,6.206082625785579e-17,-1.5243282091846563e-17,-1.267603520069173e-18,1.503641261386633e-18,-1.544175086755178e-17,1.5031654978507705e-18,-1.5441072438978428e-17,1.5638982456914468e-17,1.74537946597242e-18,0.0,0.0,0.0,0.0,0.0,0.0,0.0,0.0,8.222364993728406e-12,3.456849206205016e-8,0.01791615991535367
5,0.05038331567317271,7,6,71,10.982833126406177,-0.0009370311879472355,-0.5533515483935008,4.7210738137953596e-5,6.203514621590073e-17,0.0,0.0,0.0,0.0,0.0,0.0,0.0,0.0,1.5575878756697295e-17,2.1939957075715613e-18,-1.9468414441533126e-18,1.5386462434458476e-17,-1.945331574985791e-18,1.538436740475683e-17,-1.5194203127729882e-17,-1.704345496598226e-18,8.222364993728406e-12,3.456849206205016e-8,0.01791615991535367
5,0.05038331567317271,7,8,72,13.019592013201404,0.04612422170836164,0.6559702143370445,0.00232389122251179,3.8954215167868796e-17,9.911802123205317e-19,9.826218414137067e-18,-9.675359113403716e-18,1.0888479229863132e-18,-9.678878443240888e-18,1.086846326511216e-18,-1.1814794303037556e-18,-9.52902423642231e-18,0.0,0.0,0.0,0.0,0.0,0.0,0.0,0.0,8.222364993728406e-12,3.456849206205016e-8,0.01791615991535367
5,0.05038331567317271,7,6,73,8.890479578131403,0.02274717647186113,-0.44793183907088985,-0.0011460781728551465,3.511474399104509e-17,0.0,0.0,0.0,0.0,0.0,0.0,0.0,0.0,-6.674078691662441e-18,5.5111426251125275e-18,-5.4933665950904704e-18,-6.847222370354639e-18,-5.4928601812853934e-18,-6.847065532803943e-18,7.0223894908503e-18,-5.472348741600363e-18,8.222364993728406e-12,3.456849206205016e-8,0.01791615991535367
5,0.05038331567317271,7,8,74,10.984799403205265,0.000986271735818063,0.5534506159381701,4.969164020524947e-5,2.4782426175012478e-17,5.7415026627700765e-18,2.5528041195381163e-18,-2.4384989792082083e-18,5.696425635234319e-18,-2.435079616909875e-18,5.695460356083863e-18,-5.6494116763129206e-18,-2.3230473973759183e-18,0.0,0.0,0.0,0.0,0.0,0.0,0.0,0.0,8.222364993728406e-12,3.456849206205016e-8,0.01791615991535367
5,0.05038331567317271,7,6,75,10.984799403198261,0.0009862717336192768,-0.5534506159378172,-4.969164009446733e-5,2.2974092337760022e-17,0.0,0.0,0.0,0.0,0.0,0.0,0.0,0.0,-5.1979679810421346e-18,-2.2472155820488065e-18,2.3552313934630933e-18,-5.2388435924367585e-18,2.3512613426846105e-18,-5.239136304615327e-18,5.279072670170929e-18,2.4613568998531194e-18,8.222364993728406e-12,3.456849206205016e-8,0.01791615991535367
5,0.05038331567317271,7,8,76,8.890479578104646,0.02274717645235512,0.4479318390695417,0.0011460781718723688,1.708503427490516e-17,-3.832255309034656e-18,2.0206208979312296e-18,-2.044133660795627e-18,-3.749430423333028e-18,-2.0454879363338564e-18,-3.750048730000553e-18,3.668064845254666e-18,-2.067515449114553e-18,0.0,0.0,0.0,0.0,0.0,0.0,0.0,0.0,8.222364993728406e-12,3.456849206205016e-8,0.01791615991535367
5,0.05038331567317271,7,6,77,13.01959201292135,0.046124221905049195,-0.6559702143229346,-0.002323891232421561,1.2316792656886272e-17,0.0,0.0,0.0,0.0,0.0,0.0,0.0,0.0,2.2942162285055948e-18,1.9849630232381457e-18,-2.0469595230196647e-18,2.301039267217682e-18,-2.0390879070999244e-18,2.3061085926192815e-18,-2.3123540596186716e-18,-2.1020664588746383e-18,8.222364993728406e-12,3.456849206205016e-8,0.01791615991535367
5,0.05038331567317271,7,6,78,4.25663396463259,0.02270158257584395,-0.21446333274523244,-0.001143781001199343,3.942756737629302e-18,0.0,0.0,0.0,0.0,0.0,0.0,0.0,0.0,-4.0095900966890577e-20,-9.71129637392297e-19,9.854094892424858e-19,-2.6782747120068428e-20,9.851379947367037e-19,-2.7026852675438514e-20,1.3329035338682818e-20,9.994287859995105e-19,8.222364993728406e-12,3.456849206205016e-8,0.01791615991535367
5,0.05038331567317271,7,8,79,4.256633964632454,0.02270158257549153,0.2144633327452256,0.001143781001181587,1.2628810986134126e-18,-7.638744300911705e-20,3.1094641550656473e-19,-3.0757305440481586e-19,-7.096183502800438e-20,-3.0771014948340933e-19,-7.082681018349092e-20,6.552569387330777e-20,-3.0430545462440454e-19,0.0,0.0,0.0,0.0,0.0,0.0,0.0,0.0,8.222364993728406e-12,3.456849206205016e-8,0.01791615991535367
6,0.029088820866572156,8,7,0,0.3269043432044356,0.021210196815553806,-0.009509261879978253,-0.0006169796157123838,43.72303791241118,0.0,0.0,0.0,0.0,0.0,0.0,0.0,0.0,-7.963490304760585,7.260914840793455,-7.249353639289292,-8.18024627496488,-7.249353639350211,-8.1802462748555,8.399901331980102,-7.234519759519076,1.1080264685355271e-11,1.1782687752931973e-7,0.01704890278283237
6,0.029088820866572156,8,9,1,0.32690436223141595,0.021210190010082848,0.009509262433450674,0.0006169794177492583,43.72303710445203,8.399901171058012,-7.234519632406479,7.249353511717986,8.180246118125758,7.249353511853721,8.180246117977779,-7.9634901519136685,7.26091471290074,0.0,0.0,0.0,0.0,0.0,0.0,0.0,0.0,1.1080264685355271e-11,1.1782687752931973e-7,0.01704890278283237
6,0.029088820866572156,8,9,2,0.2870536679776947,-0.018629877781787187,0.008350052726895641,-0.0005419211775605401,38.40411835572482,-6.113907051963178,7.226371923777549,-7.240853182929369,-6.304014470797139,-7.240853183040259,-6.304014470643785,6.497017726313076,-7.2528122572365135,0.0,0.0,0.0,0.0,0.0,0.0,0.0,0.0,1.1080264685355271e-11,1.1782687752931973e-7,0.01704890278283237
6,0.029088820866572156,8,7,3,0.2870536852843013,-0.018629884537088207,-0.00835005323032442,0.0005419213740642814,38.40411806865059,0.0,0.0,0.0,0.0,0.0,0.0,0.0,0.0,6.497017766186634,-7.252812123839034,7.240853051987712,6.30401451193058,7.240853052020474,6.304014511815654,-6.1139070943437455,7.226371795197371,1.1080264685355271e-11,1.1782687752931973e-7,0.01704890278283237
6,0.029088820866572156,8,7,4,11.695614213865923,0.0015721975071269143,-0.340211626791681,-4.573337165168611e-5,3.4396490615129984,0.0,0.0,0.0,0.0,0.0,0.0,0.0,0.0,-0.5953581031338347,0.6035775784336495,-0.6035721793360918,-0.6124343228753647,-0.6035721803808136,-0.6124343224579702,0.6297519220515978,-0.6033217592698586,1.1080264685355271e-11,1.1782687752931973e-7,0.01704890278283237
6,0.029088820866572156,8,9,5,11.695614206153392,0.0015721853066110111,0.3402116265673325,4.573301675306452e-5,3.43964898045672,0.6297519125467974,-0.6033217400098543,0.6035721606013783,0.6124343130954132,0.6035721606608595,0.6124343132295307,-0.5953580936369631,0.6035775592344369,0.0,0.0,0.0,0.0,0.0,0.0,0.0,0.0,1.1080264685355271e-11,1.1782687752931973e-7,0.01704890278283237
6,0.029088820866572156,8,7,6,11.692361312302571,-0.0016782949062378108,-0.34011700372080805,4.881961988883219e-5,3.3890787552485278,0.0,0.0,0.0,0.0,0.0,0.0,0.0,0.0,0.6116529486275564,-0.6035438780666277,0.6035387806310544,0.5945881726314796,0.6035387816801268,0.5945881722132724,-0.5777647641374396,0.6032958006936623,1.1080264685355271e-11,1.1782687752931973e-7,0.01704890278283237
6,0.029088820866572156,8,9,7,11.692361316413535,-0.0016782868086259103,0.3401170038403911,-4.881938433885017e-5,3.3890786762870264,-0.57776475352466,0.6032957834152152,-0.6035387638623406,-0.5945881617479166,-0.6035387639223206,-0.5945881618826323,0.6116529380336764,-0.6035438608144161,0.0,0.0,0.0,0.0,0.0,0.0,0.0,0.0,1.1080264685355271e-11,1.1782687752931973e-7,0.01704890278283237
6,0.029088820866572156,8,9,8,3.8661957665749114,0.001535809578495792,0.11246307608899721,4.4674889714029785e-5,3.1608733172291275,0.5862218822145204,-0.5464771713871013,0.5469243830841578,0.5703124553622446,0.5469243830692825,0.5703124553220715,-0.5546217525881487,0.5471434260389088,0.0,0.0,0.0,0.0,0.0,0.0,0.0,0.0,1.1080264685355271e-11,1.1782687752931973e-7,0.01704890278283237
6,0.029088820866572156,8,7,9,3.866195762461012,0.001535814433679561,-0.11246307596932872,-4.467503094560071e-5,3.1608730223614936,0.0,0.0,0.0,0.0,0.0,0.0,0.0,0.0,-0.5546217209004873,0.547143354673491,-0.5469243111910643,-0.5703124222473346,-0.5469243111543036,-0.5703124220854453,0.5862218475218751,-0.5464770989586367,1.1080264685355271e-11,1.1782687752931973e-7,0.01704890278283237
6,0.029088820866572156,8,7,10,3.863178996353229,-0.001473739811670316,-0.11237532180042308,4.2869353385613604e-5,3.0314724311975523,0.0,0.0,0.0,0.0,0.0,0.0,0.0,0.0,0.5398447875651275,-0.5471275964572008,0.5469189169975438,0.5245820657150836,0.5469189169630376,0.5245820655527067,-0.5095380692929552,0.5465003609324615,1.1080264685355271e-11,1.1782687752931973e-7,0.01704890278283237
6,0.029088820866572156,8,9,11,3.8631789958149803,-0.0014737307712108239,0.11237532178476606,-4.286909040930689e-5,3.031472100209974,-0.5095380231915608,0.5465002923755701,-0.5469188481066395,-0.5245820179339173,-0.5469188480922959,-0.5245820178950769,0.5398447382002177,-0.5471275272706034,0.0,0.0,0.0,0.0,0.0,0.0,0.0,0.0,1.1080264685355271e-11,1.1782687752931973e-7,0.01704890278283237
6,0.029088820866572156,8,9,12,11.59710283815363,0.0015287444499705802,0.3373460470302665,4.4469373455960584e-5,4.875172852816078e-6,8.858046709354044e-7,-8.621284669545789e-7,8.622898118705913e-7,8.612576053938737e-7,8.622898136295676e-7,8.612576057292888e-7,-8.370553871380041e-7,8.621065865263255e-7,0.0,0.0,0.0,0.0,0.0,0.0,0.0,0.0,1.1080264685355271e-11,1.1782687752931973e-7,0.01704890278283237
6,0.029088820866572156,8,7,13,11.597102821861153,0.0015287532214075458,-0.33734604655633754,-4.446962860671922e-5,4.875149668916601e-6,0.0,0.0,0.0,0.0,0.0,0.0,0.0,0.0,-8.370501172072282e-7,8.621037349278735e-7,-8.622870000016485e-7,-8.612522216044204e-7,-8.622869995235423e-7,-8.61252219679955e-7,8.857991700093121e-7,-8.621256948144655e-7,1.1080264685355271e-11,1.1782687752931973e-7,0.01704890278283237
6,0.029088820866572156,8,7,14,12.308250940260134,0.0009066287820804764,-0.35803250678204535,-2.637276223441746e-5,4.8586187999450335e-6,0.0,0.0,0.0,0.0,0.0,0.0,0.0,0.0,8.506534084663081e-7,-8.91036178671742e-7,8.902986089046627e-7,8.262002902243792e-7,8.902986106426362e-7,8.262002911020478e-7,-8.021032260342428e-7,8.892304896327467e-7,1.1080264685355271e-11,1.1782687752931973e-7,0.01704890278283237
6,0.029088820866572156,8,9,15,12.308250933629001,0.0009066167796374855,0.3580325065891535,2.637241309750334e-5,4.858604306915226e-6,-8.020963829105449e-7,8.892318465359985e-7,-8.903000811664369e-7,-8.261933783096365e-7,-8.903000854932564e-7,-8.261933745973662e-7,8.506464239166191e-7,-8.910377714511251e-7,0.0,0.0,0.0,0.0,0.0,0.0,0.0,0.0,1.1080264685355271e-11,1.1782687752931973e-7,0.01704890278283237
6,0.029088820866572156,8,7,16,12.270288858344847,-0.035587390671085975,-0.3569282345814894,0.001035195232339941,3.924855979060154e-6,0.0,0.0,0.0,0.0,0.0,0.0,0.0,0.0,8.475678948673303e-7,-5.214676787526792e-7,5.259128010981222e-7,8.283117611463552e-7,5.25912801156278e-7,8.283117600020794e-7,-8.092659251336912e-7,5.300265567722946e-7,1.1080264685355271e-11,1.1782687752931973e-7,0.01704890278283237
6,0.029088820866572156,8,9,17,12.270288840960301,-0.035587404861497425,0.3569282340757935,-0.0010351956451222777,3.924847525750691e-6,-8.092650131241817e-7,5.300241461361939e-7,-5.259103698715638e-7,-8.283108016755511e-7,-5.259103696322318e-7,-8.283108005577201e-7,8.4756688699745e-7,-5.214652270288983e-7,0.0,0.0,0.0,0.0,0.0,0.0,0.0,0.0,1.1080264685355271e-11,1.1782687752931973e-7,0.01704890278283237
6,0.029088820866572156,8,7,18,12.208558640674813,0.0011699657695121157,-0.35513257533763126,-3.4032924689359183e-5,1.0652444425157855e-6,0.0,0.0,0.0,0.0,0.0,0.0,0.0,0.0,1.9017555483965994e-7,-1.9178634991416985e-7,1.917263372572026e-7,1.848121441338484e-7,1.9172633729082292e-7,1.8481214443494403e-7,-1.7952540947419069e-7,1.915923844451275e-7,1.1080264685355271e-11,1.1782687752931973e-7,0.01704890278283237
6,0.029088820866572156,8,9,19,12.208558646440848,0.0011699635097847105,0.3551325755053584,3.403285895655348e-5,1.0652362034380424e-6,-1.795250476086519e-7,1.9158994047600002e-7,-1.917238639657894e-7,-1.8481174222116998e-7,-1.9172386409595892e-7,-1.8481174228841548e-7,1.901751116596285e-7,-1.917838475603864e-7,0.0,0.0,0.0,0.0,0.0,0.0,0.0,0.0,1.1080264685355271e-11,1.1782687752931973e-7,0.01704890278283237
6,0.029088820866572156,8,9,20,12.211581340958627,0.004179706935001533,0.3552205021247205,0.00012158274630702894,1.0593041843977215e-6,1.8944496098582118e-7,-1.903891649771046e-7,1.9033872109287376e-7,1.8411136372805605e-7,1.903387209748444e-7,1.8411136377511413e-7,-1.788538872721631e-7,1.902146173240961e-7,0.0,0.0,0.0,0.0,0.0,0.0,0.0,0.0,1.1080264685355271e-11,1.1782687752931973e-7,0.01704890278283237
6,0.029088820866572156,8,7,21,12.211581348164508,0.004179705264556001,-0.35522050233433106,-0.00012158269771573809,1.059299376314872e-6,0.0,0.0,0.0,0.0,0.0,0.0,0.0,0.0,-1.7885311629495727e-7,1.9021371557664985e-7,-1.9033781763741619e-7,-1.841105687907914e-7,-1.9033781752125464e-7,-1.841105691072523e-7,1.894441419964592e-7,-1.903882601327438e-7,1.1080264685355271e-11,1.1782687752931973e-7,0.01704890278283237
6,0.029088820866572156,8,7,22,11.594146384153218,-0.0014805651389263041,-0.33726004726944825,4.3067894107518776e-5,5.690674779721565e-7,0.0,0.0,0.0,0.0,0.0,0.0,0.0,0.0,1.4427414472582066e-7,1.8290187796380182e-9,2.086388974612283e-10,1.42259603861664e-7,2.0863930618276273e-10,1.4225960528727705e-7,-1.4024513651229245e-7,2.189393125719823e-9,1.1080264685355271e-11,1.1782687752931973e-7,0.01704890278283237
6,0.029088820866572156,8,9,23,11.594146369108634,-0.001480555945182413,0.33726004683181904,-4.306762667234963e-5,5.690541758511303e-7,-1.402418104844453e-7,2.1924212161892606e-9,-2.1175621719013717e-10,-1.4225627345549868e-7,-2.1175764743585443e-10,-1.4225627574940882e-7,1.4427081202488801e-7,1.8258098897292589e-9,0.0,0.0,0.0,0.0,0.0,0.0,0.0,0.0,1.1080264685355271e-11,1.1782687752931973e-7,0.01704890278283237
6,0.029088820866572156,8,7,24,12.248530447076968,0.041006142856453175,-0.3562953080537769,-0.0011928203439804338,5.040182122823965e-7,0.0,0.0,0.0,0.0,0.0,0.0,0.0,0.0,-4.8862870723363394e-8,1.1421592884088849e-7,-1.1513003757201759e-7,-5.119213302240339e-8,-1.1513003757294612e-7,-5.119213306372529e-8,5.356744328204412e-8,-1.1602366024159912e-7,1.1080264685355271e-11,1.1782687752931973e-7,0.01704890278283237
6,0.029088820866572156,8,9,25,12.248530432600457,0.04100615045853762,0.35629530763267225,0.0011928205651161065,5.040076717542794e-7,5.3567065838558624e-8,-1.1602089089691314e-7,1.1512730212690567e-7,5.119179969097365e-8,1.151273020513745e-7,5.119179951642918e-8,-4.886258019349211e-8,1.1421322735488319e-7,0.0,0.0,0.0,0.0,0.0,0.0,0.0,0.0,1.1080264685355271e-11,1.1782687752931973e-7,0.01704890278283237
6,0.029088820866572156,8,7,26,12.207744436829048,0.0011759781422317553,-0.35510889110781296,-3.420781752238384e-5,2.754584289190107e-7,0.0,0.0,0.0,0.0,0.0,0.0,0.0,0.0,3.0926750518047405e-8,-6.262123767780499e-8,6.21670204914029e-8,2.961623809813358e-8,6.216702070281889e-8,2.9616237869471205e-8,-2.8330589886367412e-8,6.170095204653942e-8,1.1080264685355271e-11,1.1782687752931973e-7,0.01704890278283237
6,0.029088820866572156,8,9,27,12.207744427897536,0.0011759826186314576,0.3551088908480058,3.420794773557291e-5,2.754485487415652e-7,-2.8329748643174095e-8,6.169865849782309e-8,-6.216470670142705e-8,-2.9615351995140172e-8,-6.216470698445314e-8,-2.961535180246429e-8,3.0925818668946054e-8,-6.261890407861514e-8,0.0,0.0,0.0,0.0,0.0,0.0,0.0,0.0,1.1080264685355271e-11,1.1782687752931973e-7,0.01704890278283237
6,0.029088820866572156,8,9,28,12.306921723490277,0.0009224599683232068,0.35799384143353413,2.683327277513759e-5,1.5265599092535825e-7,-3.689535409557214e-8,7.3801544203900966e-9,-6.955272624061039e-9,-3.7522917224909775e-8,-6.9552729156318104e-9,-3.752291642302197e-8,3.815325866344534e-8,-6.51538136920661e-9,0.0,0.0,0.0,0.0,0.0,0.0,0.0,0.0,1.1080264685355271e-11,1.1782687752931973e-7,0.01704890278283237
6,0.029088820866572156,8,7,29,12.306921716844887,0.000922446240090545,-0.35799384124022754,-2.6832873437036876e-5,1.5264782465306463e-7,0.0,0.0,0.0,0.0,0.0,0.0,0.0,0.0,3.81511998161843e-8,-6.515134865632337e-9,6.955001573054248e-9,3.752089112571336e-8,6.955000902227687e-9,3.7520890709227635e-8,-3.689336100481405e-8,7.379858675494017e-9,1.1080264685355271e-11,1.1782687752931973e-7,0.01704890278283237
6,0.029088820866572156,8,7,30,12.210619768250142,0.004187759128203135,-0.35519253110845317,-0.00012181697511265337,2.3363594457257425e-9,0.0,0.0,0.0,0.0,0.0,0.0,0.0,0.0,5.023178547668017e-10,2.815866919057941e-10,-2.9277371078901253e-10,5.053814514310811e-10,-2.927736667873439e-10,5.053814782186405e-10,-5.083279252137239e-10,-3.041628146197537e-10,1.1080264685355271e-11,1.1782687752931973e-7,0.01704890278283237
6,0.029088820866572156,8,9,31,12.210619777902295,0.004187754777736752,0.3551925313892229,0.00012181684856271607,2.3358108870359005e-9,-5.081900035874983e-10,-3.0412245600774164e-10,2.927358184285853e-10,-5.052449067606521e-10,2.9273580009002834e-10,-5.052449442563186e-10,5.021827126495346e-10,2.815512374113985e-10,0.0,0.0,0.0,0.0,0.0,0.0,0.0,0.0,1.1080264685355271e-11,1.1782687752931973e-7,0.01704890278283237
6,0.029088820866572156,8,7,32,8.016494595602083,-0.01857067611386701,-0.2331903752693128,0.0005401990708474078,1.7324446609470506e-9,0.0,0.0,0.0,0.0,0.0,0.0,0.0,0.0,2.5866189354837493e-10,-3.550225635898634e-10,3.536093711922842e-10,2.50053868129906e-10,3.536093760278586e-10,2.5005387236767366e-10,-2.4158727080394307e-10,3.5209613365940276e-10,1.1080264685355271e-11,1.1782687752931973e-7,0.01704890278283237
6,0.029088820866572156,8,9,33,8.016494599952383,-0.018570677402619258,0.23319037539585788,-0.0005401991083356911,1.7314735504803536e-9,-2.4149869311604836e-10,3.5186662584834724e-10,-3.533778887475099e-10,-2.49960738293245e-10,-3.5337789614700654e-10,-2.499607469048125e-10,2.58564123237068e-10,-3.547891465332141e-10,0.0,0.0,0.0,0.0,0.0,0.0,0.0,0.0,1.1080264685355271e-11,1.1782687752931973e-7,0.01704890278283237
6,0.029088820866572156,8,9,34,8.056399777256189,0.021272433725644566,0.2343511699500971,0.0006187900140413029,1.5278292552804409e-9,2.731173658751896e-10,-2.7471490903324055e-10,2.746388448731404e-10,2.6542477324965467e-10,2.7463884064416524e-10,2.654247713556336e-10,-2.5784201318160203e-10,2.744565845273928e-10,0.0,0.0,0.0,0.0,0.0,0.0,0.0,0.0,1.1080264685355271e-11,1.1782687752931973e-7,0.01704890278283237
6,0.029088820866572156,8,7,35,8.056399778139925,0.021272433663616593,-0.23435116997580394,-0.0006187900122369823,1.527297188976081e-9,0.0,0.0,0.0,0.0,0.0,0.0,0.0,0.0,-2.5782168318261477e-10,2.742957324601556e-10,-2.7447601638134427e-10,-2.6540183753229194e-10,-2.7447600301940195e-10,-2.6540184879426437e-10,2.730917723923238e-10,-2.7455010434413423e-10,1.1080264685355271e-11,1.1782687752931973e-7,0.01704890278283237
6,0.029088820866572156,8,7,36,12.306733229515077,0.0008792905489370673,-0.3579883583660551,-2.557752526770025e-5,1.459411563899895e-9,0.0,0.0,0.0,0.0,0.0,0.0,0.0,0.0,-7.033677126473206e-11,-3.632839948564727e-10,3.5716637645346666e-10,-7.440794380644551e-11,3.571662877090257e-10,-7.440784034650014e-11,7.8336141119577e-11,3.5107840536488955e-10,1.1080264685355271e-11,1.1782687752931973e-7,0.01704890278283237
6,0.029088820866572156,8,9,37,12.306733229888737,0.0008792904337035987,0.35798835837692444,2.557752191569452e-5,1.4587383807974506e-9,7.761337498977669e-11,3.510689899726933e-10,-3.5714631397907097e-10,7.367500521125702e-11,-3.5714648961084464e-10,7.367498870435192e-11,-6.959375434155847e-11,-3.6325325486857257e-10,0.0,0.0,0.0,0.0,0.0,0.0,0.0,0.0,1.1080264685355271e-11,1.1782687752931973e-7,0.01704890278283237
6,0.029088820866572156,8,7,38,4.480158944263835,0.004117269763058394,-0.13032254098346174,-0.00011976652259695961,1.2080987534482136e-9,0.0,0.0,0.0,0.0,0.0,0.0,0.0,0.0,-2.1475029110060646e-10,2.0627326287640958e-10,-2.061095172601678e-10,-2.207457011494637e-10,-2.0610952173613775e-10,-2.20745673852971e-10,2.2682350969668158e-10,-2.0585746121948971e-10,1.1080264685355271e-11,1.1782687752931973e-7,0.01704890278283237
6,0.029088820866572156,8,7,39,12.31005035088782,0.004205442851032318,-0.35808484951545955,-0.00012233137375828557,1.2011897751729786e-9,0.0,0.0,0.0,0.0,0.0,0.0,0.0,0.0,2.167038516113628e-10,2.017288665232466e-10,-2.0768977818615032e-10,2.1687439335350804e-10,-2.0768973319666413e-10,2.1687440166491117e-10,-2.1696185064125715e-10,-2.137373780657923e-10,1.1080264685355271e-11,1.1782687752931973e-7,0.01704890278283237
6,0.029088820866572156,8,9,40,12.310050351408362,0.004205442518162371,0.3580848495306015,0.00012233136407549132,1.2008745113433308e-9,-2.1815125180912274e-10,-2.1240866396833364e-10,2.063632789658018e-10,-2.1802849398544252e-10,2.063631614183265e-10,-2.1802854302430183e-10,2.1782322040758797e-10,2.004049701944454e-10,0.0,0.0,0.0,0.0,0.0,0.0,0.0,0.0,1.1080264685355271e-11,1.1782687752931973e-7,0.01704890278283237
6,0.029088820866572156,8,9,41,4.480158955272385,0.004117277344359592,0.13032254130368745,0.00011976674312807209,1.1736341691234586e-9,2.1948985434608073e-10,-2.009313897366819e-10,2.0115082892789992e-10,2.1358443171826068e-10,2.011508337774668e-10,2.1358442879133978e-10,-2.0775944905022227e-10,2.0128482349455322e-10,0.0,0.0,0.0,0.0,0.0,0.0,0.0,0.0,1.1080264685355271e-11,1.1782687752931973e-7,0.01704890278283237
6,0.029088820866572156,8,7,42,12.16980926666298,-0.035660720759139806,-0.3540054017383093,0.0010373283181354688,9.852840680858431e-10,0.0,0.0,0.0,0.0,0.0,0.0,0.0,0.0,-1.354025443717045e-11,-2.4944927089737796e-10,2.457332340530678e-10,-1.6827179942045228e-11,2.4573323841713065e-10,-1.6827180717862383e-11,2.0015811559489125e-11,2.420239127451177e-10,1.1080264685355271e-11,1.1782687752931973e-7,0.01704890278283237
6,0.029088820866572156,8,9,43,12.169809282695812,-0.03566072881773598,0.35400540220468546,-0.0010373285525505293,9.848047749715957e-10,2.0026959202267725e-11,2.4190445249508794e-10,-2.4561224844368024e-10,1.6840198387315575e-11,-2.4561224323036073e-10,1.6840203048410058e-11,-1.3555196034256091e-11,-2.4932675558780207e-10,0.0,0.0,0.0,0.0,0.0,0.0,0.0,0.0,1.1080264685355271e-11,1.1782687752931973e-7,0.01704890278283237
6,0.029088820866572156,8,7,44,8.630450083726165,-0.015982948589576225,-0.25104961648340307,0.0004649251284418149,6.638892809204444e-10,0.0,0.0,0.0,0.0,0.0,0.0,0.0,0.0,1.484925597061847e-10,-7.927253983793616e-11,8.022224192617822e-11,1.452874668902449e-10,8.022224167271358e-11,1.4528747313858217e-10,-1.4211445755722916e-10,8.111382230485086e-11,1.1080264685355271e-11,1.1782687752931973e-7,0.01704890278283237
6,0.029088820866572156,8,9,45,8.630450083625517,-0.01598294955807753,0.25104961648047536,-0.0004649251566143758,6.626478956150565e-10,-1.4192343645645137e-10,8.083110881343999e-11,-7.993827431763041e-11,-1.4508968977298949e-10,-7.993826980757449e-11,-1.4508969259950255e-10,1.482879095752084e-10,-7.898739306456123e-11,0.0,0.0,0.0,0.0,0.0,0.0,0.0,0.0,1.1080264685355271e-11,1.1782687752931973e-7,0.01704890278283237
6,0.029088820866572156,8,7,46,8.01953672945908,-0.01556446655637914,-0.23327886735613113,0.000452751979542266,5.141175052562378e-10,0.0,0.0,0.0,0.0,0.0,0.0,0.0,0.0,-9.309192581631534e-11,8.597337453214821e-11,-8.585370338652805e-11,-9.564147515082042e-11,-8.585369783761056e-11,-9.564146767385541e-11,9.822535093004985e-11,-8.569576310136066e-11,1.1080264685355271e-11,1.1782687752931973e-7,0.01704890278283237
6,0.029088820866572156,8,9,47,8.019536728557842,-0.015564466627380057,0.23327886732991515,-0.00045275198160759896,5.133300350176642e-10,9.813693353664424e-11,-8.549334342422818e-11,8.565291138543789e-11,9.555713365710468e-11,8.565290557272136e-11,9.555713080360527e-11,-9.301158443310631e-11,8.57742438975385e-11,0.0,0.0,0.0,0.0,0.0,0.0,0.0,0.0,1.1080264685355271e-11,1.1782687752931973e-7,0.01704890278283237
6,0.029088820866572156,8,9,48,0.9010115493973598,-0.016049764620704267,0.02620936355913243,-0.0004668687280023138,5.08813129455379e-10,-8.113505880111633e-11,9.562947531591832e-11,-9.581785465321648e-11,-8.365402917441622e-11,-9.581784261009615e-11,-8.365403681915575e-11,8.621132735478693e-11,-9.597275279096739e-11,0.0,0.0,0.0,0.0,0.0,0.0,0.0,0.0,1.1080264685355271e-11,1.1782687752931973e-7,0.01704890278283237
6,0.029088820866572156,8,7,49,0.9010115277358485,-0.016049749945560805,-0.026209362929024607,0.00046686830111969445,5.087833109467565e-10,0.0,0.0,0.0,0.0,0.0,0.0,0.0,0.0,8.610948529153667e-11,-9.605398058239005e-11,9.589651769650124e-11,8.355251286077897e-11,9.589650318884053e-11,8.35524886629638e-11,-8.103386772216827e-11,9.570561174580419e-11,1.1080264685355271e-11,1.1782687752931973e-7,0.01704890278283237
6,0.029088820866572156,8,9,50,8.670500782566254,0.023860294564330774,0.25221464408754346,0.0006940678344054632,4.950604008748006e-10,6.820351813244569e-11,-1.0537507149613039e-10,1.0483610843935954e-10,6.57697392879305e-11,1.0483611096600676e-10,6.57697407102531e-11,-6.337789103611961e-11,1.0427083163522711e-10,0.0,0.0,0.0,0.0,0.0,0.0,0.0,0.0,1.1080264685355271e-11,1.1782687752931973e-7,0.01704890278283237
6,0.029088820866572156,8,7,51,8.670500784222178,0.023860293113190642,-0.2522146441357123,-0.0006940677921935079,4.94249017028675e-10,0.0,0.0,0.0,0.0,0.0,0.0,0.0,0.0,-6.330078858541383e-11,1.0408365999505201e-10,-1.0464739834756574e-10,-6.56888652503943e-11,-1.0464739467009599e-10,-6.568885985020265e-11,6.811879018236588e-11,-1.0518484908652351e-10,1.1080264685355271e-11,1.1782687752931973e-7,0.01704890278283237
6,0.029088820866572156,8,9,52,8.630464841170403,-0.015983253319369978,0.25105004576005496,-0.0004649339926721981,4.445622689126952e-10,-7.942492639482845e-11,7.54867885970197e-11,-7.541488004070129e-11,-8.163079754161373e-11,-7.541487663033115e-11,-8.163079455065172e-11,8.386682515789013e-11,-7.53103096850144e-11,0.0,0.0,0.0,0.0,0.0,0.0,0.0,0.0,1.1080264685355271e-11,1.1782687752931973e-7,0.01704890278283237
6,0.029088820866572156,8,7,53,8.630464837305624,-0.015983251119695403,-0.2510500456476331,0.00046493392868625843,4.442079552493986e-10,0.0,0.0,0.0,0.0,0.0,0.0,0.0,0.0,8.380155389451526e-11,-7.524853860374211e-11,7.535306774308865e-11,8.156731034640646e-11,7.535307075756717e-11,8.156731131033901e-11,-7.936320249103125e-11,7.542496699309418e-11,1.1080264685355271e-11,1.1782687752931973e-7,0.01704890278283237
6,0.029088820866572156,8,7,54,8.053436493532054,0.018265760496079454,-0.2342649715206689,-0.0005313294350621654,3.377371468982695e-10,0.0,0.0,0.0,0.0,0.0,0.0,0.0,0.0,5.4697414741633964e-11,-6.588712054152325e-11,6.571818731401882e-11,5.3005245392111645e-11,6.571818618641012e-11,5.3005243716312994e-11,-5.1339357400661717e-11,6.552804566829176e-11,1.1080264685355271e-11,1.1782687752931973e-7,0.01704890278283237
6,0.029088820866572156,8,9,55,8.05343649487213,0.01826576181852361,0.23426497155965015,0.0005313294735305065,3.3708107165290265e-10,-5.127923122195767e-11,6.53697036150811e-11,-6.555847035073214e-11,-5.294199843619293e-11,-6.55584681312829e-11,-5.294199798917765e-11,5.463098442180869e-11,-6.572605287948758e-11,0.0,0.0,0.0,0.0,0.0,0.0,0.0,0.0,1.1080264685355271e-11,1.1782687752931973e-7,0.01704890278283237
6,0.029088820866572156,8,7,56,8.667418424138182,0.020840736893397195,-0.2521249819153827,-0.0006062324622193925,2.86682755688441e-10,0.0,0.0,0.0,0.0,0.0,0.0,0.0,0.0,4.21488246631596e-11,-5.921980454293125e-11,5.897016680644464e-11,4.0727057208142215e-11,5.897016791096371e-11,4.072706382457917e-11,-3.9328881214943414e-11,5.87042345946434e-11,1.1080264685355271e-11,1.1782687752931973e-7,0.01704890278283237
6,0.029088820866572156,8,9,57,8.667418422620743,0.020840738724762185,0.2521249818712422,0.0006062325154916406,2.863139386659531e-10,-3.9324676199313444e-11,5.859760376876273e-11,-5.886209040859722e-11,-4.072126335618727e-11,-5.88620896796459e-11,-4.0721270697298075e-11,4.2141399510822966e-11,-5.911028307772665e-11,0.0,0.0,0.0,0.0,0.0,0.0,0.0,0.0,1.1080264685355271e-11,1.1782687752931973e-7,0.01704890278283237
6,0.029088820866572156,8,7,58,4.440298085903063,-0.035723520123002755,-0.1291630356150174,0.0010391550775814128,2.7304235570906374e-10,0.0,0.0,0.0,0.0,0.0,0.0,0.0,0.0,4.908821410366599e-11,-4.8816360924910385e-11,4.8810591743281514e-11,4.7713398253872586e-11,4.8810595990491745e-11,4.7713392126240055e-11,-4.635809671860576e-11,4.8785737509199895e-11,1.1080264685355271e-11,1.1782687752931973e-7,0.01704890278283237
6,0.029088820866572156,8,7,59,4.516999128831329,0.04094680520571365,-0.131394178513037,-0.0011910942816874286,2.7298617122307877e-10,0.0,0.0,0.0,0.0,0.0,0.0,0.0,0.0,-5.3127692988263937e-11,4.128808040041377e-11,-4.110981523648061e-11,-5.447116697288952e-11,-4.1109819352244226e-11,-5.447116401944883e-11,5.58310776651563e-11,-4.0909762441903745e-11,1.1080264685355271e-11,1.1782687752931973e-7,0.01704890278283237
6,0.029088820866572156,8,9,60,4.440298103965498,-0.035723529432213345,0.12916303614043234,-0.0010391553483753721,2.7160246026209737e-10,-4.6143223041033924e-11,4.8500323072500635e-11,-4.8524223961508436e-11,-4.7491392355492065e-11,-4.852422919306681e-11,-4.749138534496919e-11,4.885896058376689e-11,-4.852912963593232e-11,0.0,0.0,0.0,0.0,0.0,0.0,0.0,0.0,1.1080264685355271e-11,1.1782687752931973e-7,0.01704890278283237
6,0.029088820866572156,8,9,61,4.516999112725645,0.04094681406157764,0.13139417804454165,0.0011910945392940697,2.7113784896184583e-10,5.542303234687306e-11,-4.067371958215401e-11,4.0871419630888994e-11,5.4072181492486256e-11,4.087142559057485e-11,5.4072180595221764e-11,-5.2737674074635025e-11,4.1047493484111884e-11,0.0,0.0,0.0,0.0,0.0,0.0,0.0,0.0,1.1080264685355271e-11,1.1782687752931973e-7,0.01704890278283237
6,0.029088820866572156,8,9,62,0.9408591093520103,0.023790308373185354,0.027368482092623252,0.0006920320186281003,2.4531266690063077e-10,4.466246725287157e-11,-4.328870197672804e-11,4.329937993945111e-11,4.3427314917150346e-11,4.329938570191374e-11,4.342730968998441e-11,-4.220947351847319e-11,4.329268936101841e-11,0.0,0.0,0.0,0.0,0.0,0.0,0.0,0.0,1.1080264685355271e-11,1.1782687752931973e-7,0.01704890278283237
6,0.029088820866572156,8,7,63,0.9408591293055275,0.02379029519750339,-0.027368482673047537,-0.000692031635363048,2.4495022146231947e-10,0.0,0.0,0.0,0.0,0.0,0.0,0.0,0.0,-4.197012137070584e-11,4.340057851806571e-11,-4.341223253821382e-11,-4.3186129120306134e-11,-4.341222875963038e-11,-4.3186123336194564e-11,4.4419492485024685e-11,-4.3406604853212135e-11,1.1080264685355271e-11,1.1782687752931973e-7,0.01704890278283237
6,0.029088820866572156,8,7,64,5.094114875971201,0.0066971710907165125,-0.14818179510086668,-0.0001948128101706383,1.8460968923093869e-10,0.0,0.0,0.0,0.0,0.0,0.0,0.0,0.0,-3.429251709211237e-11,2.9907598704887284e-11,-2.983858662226442e-11,-3.520641441925955e-11,-2.983859266322166e-11,-3.520641669328405e-11,3.613224663461336e-11,-2.975549557228686e-11,1.1080264685355271e-11,1.1782687752931973e-7,0.01704890278283237
6,0.029088820866572156,8,9,65,5.094114892546163,0.006697163822225641,0.14818179558301278,0.00019481259873880936,1.8458385935660478e-10,3.610139727715125e-11,-2.9782626237329533e-11,2.9864899923135475e-11,3.517562846678364e-11,2.986490783552184e-11,3.5175624262379754e-11,-3.4261798604467064e-11,2.993310896515554e-11,0.0,0.0,0.0,0.0,0.0,0.0,0.0,0.0,1.1080264685355271e-11,1.1782687752931973e-7,0.01704890278283237
6,0.029088820866572156,8,7,66,5.091101017045254,0.003686858544178752,-0.14809412549845272,-0.00010724636775200671,1.1233586055196499e-10,0.0,0.0,0.0,0.0,0.0,0.0,0.0,0.0,1.7692264529735205e-11,-2.2321208574253603e-11,2.225228790548393e-11,1.7130843551280563e-11,2.225229316679179e-11,1.7130844138922266e-11,-1.6578322673995406e-11,2.2176518436283687e-11,1.1080264685355271e-11,1.1782687752931973e-7,0.01704890278283237
6,0.029088820866572156,8,9,67,5.091100997788584,0.003686864145116639,0.14809412493829888,0.0001072465306766856,1.1226591373778196e-10,-1.653278583213407e-11,2.2188991197017477e-11,-2.2265589966063107e-11,-1.7084845109658713e-11,-2.2265592314584477e-11,-1.7084843685705633e-11,1.7645807819287702e-11,-2.2335355305064453e-11,0.0,0.0,0.0,0.0,0.0,0.0,0.0,0.0,1.1080264685355271e-11,1.1782687752931973e-7,0.01704890278283237
6,0.029088820866572156,8,7,68,4.480158807951139,0.004116707021174615,-0.13032253701828614,-0.00011975015309910823,8.754886117959816e-11,0.0,0.0,0.0,0.0,0.0,0.0,0.0,0.0,2.1196403835542226e-11,4.044432780944728e-12,-4.4056655602742815e-12,2.1438107149216482e-11,-4.40567135561153e-12,2.1438104649681903e-11,-2.1678043952690095e-11,-4.77547904422078e-12,1.1080264685355271e-11,1.1782687752931973e-7,0.01704890278283237
6,0.029088820866572156,8,7,69,8.016474751257322,-0.01857038254944588,-0.23318979802072282,0.0005401905314045488,7.087721535241278e-11,0.0,0.0,0.0,0.0,0.0,0.0,0.0,0.0,4.008145409985356e-12,-1.7518069740854145e-11,1.7326253606971096e-11,3.707194420533824e-12,1.732625298529532e-11,3.7071928835872714e-12,-3.413172113013489e-12,1.7132952607569667e-11,1.1080264685355271e-11,1.1782687752931973e-7,0.01704890278283237
6,0.029088820866572156,8,9,70,4.4771459881968765,0.0011071045574579524,0.1302348976441511,3.220436615246002e-5,7.073777703324952e-11,-1.0694782800610781e-11,1.3769885695861039e-11,-1.38111807808809e-11,-1.1043528114176873e-11,-1.3811185209980271e-11,-1.1043529231152581e-11,1.1397798228470223e-11,-1.3848061694897756e-11,0.0,0.0,0.0,0.0,0.0,0.0,0.0,0.0,1.1080264685355271e-11,1.1782687752931973e-7,0.01704890278283237
6,0.029088820866572156,8,7,71,4.4771459839274375,0.001107109729020908,-0.13023489751995818,-3.220451658712843e-5,7.014432608257398e-11,0.0,0.0,0.0,0.0,0.0,0.0,0.0,0.0,1.1277375296791236e-11,-1.375225701879678e-11,1.3715050742267966e-11,1.09261444350749e-11,1.3715057455839634e-11,1.092615079333539e-11,-1.0580405075176276e-11,1.3673479620137313e-11,1.1080264685355271e-11,1.1782687752931973e-7,0.01704890278283237
6,0.029088820866572156,8,9,72,8.016474750810623,-0.018570381767651516,0.23318979800772888,-0.0005401905086630726,7.011410768629082e-11,-3.371226945095231e-12,1.694952283526205e-11,-1.714083174786694e-11,-3.662025895730588e-12,-1.714083182202456e-11,-3.662023127371928e-12,3.959678148182027e-12,-1.73306745728881e-11,0.0,0.0,0.0,0.0,0.0,0.0,0.0,0.0,1.1080264685355271e-11,1.1782687752931973e-7,0.01704890278283237
6,0.029088820866572156,8,9,73,4.480158805241495,0.004116695281353215,0.13032253693946577,0.00011974981160154653,6.713229669274472e-11,-1.4367622790827034e-11,-9.126552136447635e-12,8.797157370835756e-12,-1.4291725662730483e-11,8.797156146269843e-12,-1.4291727653002317e-11,1.4212310534167572e-11,8.473477361024613e-12,0.0,0.0,0.0,0.0,0.0,0.0,0.0,0.0,1.1080264685355271e-11,1.1782687752931973e-7,0.01704890278283237
6,0.029088820866572156,8,7,74,4.480154307613752,0.004116022516439499,-0.13032240610877804,-0.00011973024166348615,5.25430973636111e-11,0.0,0.0,0.0,0.0,0.0,0.0,0.0,0.0,-1.0666798349728081e-11,7.344356086596742e-12,-7.295197934043526e-12,-1.0922976241111772e-11,-7.295198456517004e-12,-1.0922975313754808e-11,1.1182070417448487e-11,-7.24167054569575e-12,1.1080264685355271e-11,1.1782687752931973e-7,0.01704890278283237
6,0.029088820866572156,8,9,75,4.480154303099627,0.004116026011430567,0.13032240597746747,0.00011973034332865523,5.236762465709054e-11,1.120871403730879e-11,-7.1177093266998735e-12,7.173363282969196e-12,1.0950968517761563e-11,7.1733595745915725e-12,1.0950972654696884e-11,-1.0696095624857705e-11,7.224632563920572e-12,0.0,0.0,0.0,0.0,0.0,0.0,0.0,0.0,1.1080264685355271e-11,1.1782687752931973e-7,0.01704890278283237
6,0.029088820866572156,8,9,76,8.056359459418987,0.021276608816014328,0.234349997151753,0.0006189114624971706,4.47367987458801e-11,1.0057350870856153e-12,-1.1298235821835114e-11,1.1152502767896828e-11,8.339684218631771e-13,1.1152502304541191e-11,8.339692470232685e-13,-6.666635005259204e-13,1.1006434777806676e-11,0.0,0.0,0.0,0.0,0.0,0.0,0.0,0.0,1.1080264685355271e-11,1.1782687752931973e-7,0.01704890278283237
6,0.029088820866572156,8,7,77,8.056359459422033,0.021276608823669413,-0.23434999715184163,-0.0006189114627198481,4.462302511456486e-11,0.0,0.0,0.0,0.0,0.0,0.0,0.0,0.0,-6.859233159162251e-13,1.0977153719655742e-11,-1.1122531352760092e-11,-8.530817033920488e-13,-1.1122531678459214e-11,-8.530818389581495e-13,1.0246891875134616e-12,-1.1267567182850783e-11,1.1080264685355271e-11,1.1782687752931973e-7,0.01704890278283237
6,0.029088820866572156,8,7,78,8.633536127575601,-0.012969331962698477,-0.2511393858601257,0.00037726257422204465,3.7586245979790285e-11,0.0,0.0,0.0,0.0,0.0,0.0,0.0,0.0,-8.267815229876342e-12,4.1794537042180186e-12,-4.1199553512007685e-12,-8.444671860795483e-12,-4.1199557964588274e-12,-8.444674653109828e-12,8.623178600387346e-12,-4.057079244293379e-12,1.1080264685355271e-11,1.1782687752931973e-7,0.01704890278283237
6,0.029088820866572156,8,9,79,8.633536129268583,-0.012969333193795268,0.25113938590937257,-0.00037726261003319866,3.7470623978966864e-11,8.608128114347172e-12,-4.020116807395293e-12,4.083305488439571e-12,8.430350066061499e-12,4.0833066369575585e-12,8.430351826993929e-12,-8.254206433862707e-12,4.143122845179482e-12,0.0,0.0,0.0,0.0,0.0,0.0,0.0,0.0,1.1080264685355271e-11,1.1782687752931973e-7,0.01704890278283237
7,0.01679443855772424,9,8,0,0.06375094534400283,0.06371074155156023,-0.0010706613345766918,-0.001069986134454727,75.68495152444622,0.0,0.0,0.0,0.0,0.0,0.0,0.0,0.0,-12.994054668295204,13.38467528428461,-13.38754418979939,-13.369783478040535,-13.387544190035147,-13.36978347786628,13.75086623549094,-13.38506411136975,3.340704647168895e-11,1.0053296764647522e-5,0.012838133631999841
7,0.01679443855772424,9,10,1,0.06375094892341604,0.06371074268208739,0.001070661394690927,0.001069986153441296,75.68494912255386,13.750865921848815,-13.38506356049207,13.387543642338226,13.369783176510275,13.387543642569558,13.369783176339872,-12.994054378661822,13.384674740356164,0.0,0.0,0.0,0.0,0.0,0.0,0.0,0.0,3.340704647168895e-11,1.0053296764647522e-5,0.012838133631999841
7,0.01679443855772424,9,10,2,2.1168297912746112,0.0028967652651137113,0.03555096786672168,4.8649546261101994e-5,3.444745971402604,0.6629939690028435,-0.5685766278324231,0.5697818816406092,0.6456908202304991,0.5697818816562418,0.645690820156897,-0.6286155324729366,0.5707288135648073,0.0,0.0,0.0,0.0,0.0,0.0,0.0,0.0,3.340704647168895e-11,1.0053296764647522e-5,0.012838133631999841
7,0.01679443855772424,9,8,3,2.1168297697769978,0.002896769923181844,-0.03555096750568134,-4.864962449074104e-5,3.4447455057934997,0.0,0.0,0.0,0.0,0.0,0.0,0.0,0.0,-0.6286154663884156,0.5707287156032256,-0.5697817832589909,-0.645690751789131,-0.5697817832668599,-0.645690751765409,0.6629938982157545,-0.5685765290505378,3.340704647168895e-11,1.0053296764647522e-5,0.012838133631999841
7,0.01679443855772424,9,10,4,6.735291433600343,0.0025747090924392174,0.11311543814996738,4.324079365698438e-5,3.0588872231855166,0.5672912366614503,-0.5288622673352875,0.529294581001109,0.5518951168788846,0.5292945808396735,0.5518951169659478,-0.5367106708538419,0.529506094125299,0.0,0.0,0.0,0.0,0.0,0.0,0.0,0.0,3.340704647168895e-11,1.0053296764647522e-5,0.012838133631999841
7,0.01679443855772424,9,8,5,6.735291380944057,0.002574747881029363,-0.11311543726563461,-4.3241445089578314e-5,3.058887012967924,0.0,0.0,0.0,0.0,0.0,0.0,0.0,0.0,-0.5367106517074827,0.5295060396143138,-0.5292945259337076,-0.5518950967902104,-0.5292945260796225,-0.5518950967553669,0.5672912154906294,-0.5288622120281291,3.340704647168895e-11,1.0053296764647522e-5,0.012838133631999841
7,0.01679443855772424,9,8,6,2.1113735859506066,-0.00256459620916627,-0.03545933396164936,4.307095346021542e-5,3.047731949631654,0.0,0.0,0.0,0.0,0.0,0.0,0.0,0.0,0.5210426739708354,-0.5706574462673374,0.5698538719066497,0.5057177086629518,0.5698538719142953,0.5057177086382589,-0.49062064441329584,0.568847964890766,3.340704647168895e-11,1.0053296764647522e-5,0.012838133631999841
7,0.01679443855772424,9,10,7,2.111373577672822,-0.002564591894580949,0.035459333822628614,-4.307088099917735e-5,3.0477312383402797,-0.49062055410205513,0.5688478112846286,-0.5698537174084692,-0.505717614888781,-0.5698537174217141,-0.5057176148149749,0.5210425766222697,-0.5706572909200874,0.0,0.0,0.0,0.0,0.0,0.0,0.0,0.0,3.340704647168895e-11,1.0053296764647522e-5,0.012838133631999841
7,0.01679443855772424,9,8,8,6.73024687205063,-0.002471106380449173,-0.11303071757097007,4.1500844276053975e-5,2.934166420400285,0.0,0.0,0.0,0.0,0.0,0.0,0.0,0.0,0.5225384432745881,-0.5295439435782626,0.5293425736260258,0.5077656249463814,0.5293425737726256,0.5077656249113717,-0.4932045029851088,0.5289380552336977,3.340704647168895e-11,1.0053296764647522e-5,0.012838133631999841
7,0.01679443855772424,9,10,9,6.730246957068957,-0.002471136176739455,0.11303071899880512,-4.150134468802037e-5,2.9341658698481887,-0.4932044513934405,0.5289379179386813,-0.5293424351912461,-0.5077655705456754,-0.5293424350296466,-0.5077655706335533,0.5225383861283053,-0.5295438037160272,0.0,0.0,0.0,0.0,0.0,0.0,0.0,0.0,3.340704647168895e-11,1.0053296764647522e-5,0.012838133631999841
7,0.01679443855772424,9,10,10,4.29195203633319,0.06404333400817146,0.07208092476689719,0.0010755718380320467,8.01162098908769e-7,1.3893085051052529e-7,-1.4819294532500519e-7,1.480347765060406e-7,1.3489992039615545e-7,1.4803477651620072e-7,1.3489992031516981e-7,-1.3092819331688194e-7,1.4782263588871296e-7,0.0,0.0,0.0,0.0,0.0,0.0,0.0,0.0,3.340704647168895e-11,1.0053296764647522e-5,0.012838133631999841
7,0.01679443855772424,9,8,11,4.291952026638343,0.06404334143149638,-0.07208092460407768,-0.0010755719627026212,8.003581517241366e-7,0.0,0.0,0.0,0.0,0.0,0.0,0.0,0.0,-1.3088157801387993e-7,1.475991758921535e-7,-1.478088254846089e-7,-1.348494406283423e-7,-1.4780882547168138e-7,-1.3484944048635295e-7,1.3887641584142009e-7,-1.4796452346585897e-7,3.340704647168895e-11,1.0053296764647522e-5,0.012838133631999841
7,0.01679443855772424,9,8,12,4.286506960250509,0.05858260047798351,-0.07198947777118447,-0.0009838618842792008,6.127779302207684e-7,0.0,0.0,0.0,0.0,0.0,0.0,0.0,0.0,1.0654635581167832e-7,-1.130805922756197e-7,1.1296733654348322e-7,1.0346295986600512e-7,1.1296733630909791e-7,1.034629598191674e-7,-1.004247425254213e-7,1.1281268635539527e-7,3.340704647168895e-11,1.0053296764647522e-5,0.012838133631999841
7,0.01679443855772424,9,10,13,4.286506961111,0.05858258846830595,0.07198947778563594,0.0009838616825834088,6.127602529531548e-7,-1.0042133624347374e-7,1.1280988530826558e-7,-1.1296454470333663e-7,-1.0345946512452783e-7,-1.1296454460607877e-7,-1.0345946522827462e-7,1.065427716442935e-7,-1.1307781117943447e-7,0.0,0.0,0.0,0.0,0.0,0.0,0.0,0.0,3.340704647168895e-11,1.0053296764647522e-5,0.012838133631999841
7,0.01679443855772424,9,8,14,6.33957773143222,-0.0022320063164968026,-0.10646964869245525,3.748529294285796e-5,3.7603897174335564e-7,0.0,0.0,0.0,0.0,0.0,0.0,0.0,0.0,6.081851189005792e-8,-7.342717719220125e-8,7.323698183023428e-8,5.893464731636639e-8,7.323698194854191e-8,5.8934647518858305e-8,-5.7080073022899396e-8,7.302320686823774e-8,3.340704647168895e-11,1.0053296764647522e-5,0.012838133631999841
7,0.01679443855772424,9,10,15,6.339577742992006,-0.0022320124110184678,0.10646964888659535,-3.74853952969276e-5,3.7602079221032936e-7,-5.7074976638185287e-8,7.302150310347946e-8,-7.323532718403325e-8,-5.892945438588591e-8,-7.323532728290995e-8,-5.8929454601372703e-8,6.08132217670255e-8,-7.342557372620311e-8,0.0,0.0,0.0,0.0,0.0,0.0,0.0,0.0,3.340704647168895e-11,1.0053296764647522e-5,0.012838133631999841
7,0.01679443855772424,9,10,16,8.520157052867354,0.06437589300663232,0.1430912541265416,0.001081156979698516,5.8208239743381493e-8,9.63272293345418e-9,-1.118149635860883e-8,1.1157710556403297e-8,9.340598057472607e-9,1.1157710551178326e-8,9.340598059846023e-9,-9.052935520745362e-9,1.1130187617392786e-8,0.0,0.0,0.0,0.0,0.0,0.0,0.0,0.0,3.340704647168895e-11,1.0053296764647522e-5,0.012838133631999841
7,0.01679443855772424,9,8,17,8.520157053192495,0.06437589749529905,-0.1430912541320022,-0.0010811570550831537,5.820320535596993e-8,0.0,0.0,0.0,0.0,0.0,0.0,0.0,0.0,-9.051777325889516e-9,1.1129530157128359e-8,-1.1157060410681216e-8,-9.339414060307397e-9,-1.115706040306505e-8,-9.339414047080032e-9,9.6315128582419e-9,-1.1180853998659649e-8,3.340704647168895e-11,1.0053296764647522e-5,0.012838133631999841
7,0.01679443855772424,9,10,18,10.958061333994923,-0.002550530187179982,0.18403448778555145,-4.2834722518215115e-5,3.850910457262245e-8,-6.4102255589434444e-9,6.999990946931053e-9,-7.0070207119204554e-9,-6.601275657708469e-9,-7.007020729827364e-9,-6.601275640265647e-9,6.795128019292254e-9,-7.01140942416853e-9,0.0,0.0,0.0,0.0,0.0,0.0,0.0,0.0,3.340704647168895e-11,1.0053296764647522e-5,0.012838133631999841
7,0.01679443855772424,9,8,19,10.958061303727693,-0.0025505141772846213,-0.18403448727723032,4.283445364101116e-5,3.850888554225151e-8,0.0,0.0,0.0,0.0,0.0,0.0,0.0,0.0,6.795364763542921e-9,-7.011102639509357e-9,7.0067215693108805e-9,6.601513330281934e-9,7.006721580695298e-9,6.601513310941706e-9,-6.410464038358815e-9,6.999699344731798e-9,3.340704647168895e-11,1.0053296764647522e-5,0.012838133631999841
7,0.01679443855772424,9,8,20,4.2919497318814415,0.0640432565184481,-0.0720808860649239,-0.001075570536635649,3.1968090456253e-8,0.0,0.0,0.0,0.0,0.0,0.0,0.0,0.0,-5.29369423669385e-9,5.836256529381372e-9,-5.842846940277218e-9,-5.452263685820087e-9,-5.842846931931425e-9,-5.45226369320736e-9,5.613169844650431e-9,-5.8472559701862236e-9,3.340704647168895e-11,1.0053296764647522e-5,0.012838133631999841
7,0.01679443855772424,9,10,21,4.29194972452511,0.06404326415119294,0.07208088594137843,0.0010755706648233132,3.118135334492163e-8,5.557440788455813e-9,-5.623081992277726e-9,5.621065697340926e-9,5.4004485797060454e-9,5.6210656928069505e-9,5.400448580391284e-9,-5.2457043655988474e-9,5.6168887687432485e-9,0.0,0.0,0.0,0.0,0.0,0.0,0.0,0.0,3.340704647168895e-11,1.0053296764647522e-5,0.012838133631999841
7,0.01679443855772424,9,8,22,10.958437784160733,-0.002138384150064933,-0.1840408100547312,3.5912961221076887e-5,2.8773685159112984e-8,0.0,0.0,0.0,0.0,0.0,0.0,0.0,0.0,5.260357409549616e-9,-5.054995111213548e-9,5.0568689859251735e-9,5.115487516745543e-9,5.0568689797389055e-9,5.115487524935267e-9,-4.972639970434239e-9,5.056696254848529e-9,3.340704647168895e-11,1.0053296764647522e-5,0.012838133631999841
7,0.01679443855772424,9,10,23,10.958437781253025,-0.00213838374729778,0.18404081000589786,-3.591295445682868e-5,2.8769917972343983e-8,-4.972456690351438e-9,5.055574176291322e-9,-5.055733671144544e-9,-5.115285548964621e-9,-5.055733674021342e-9,-5.115285554906518e-9,5.260136297816375e-9,-5.053846650357884e-9,0.0,0.0,0.0,0.0,0.0,0.0,0.0,0.0,3.340704647168895e-11,1.0053296764647522e-5,0.012838133631999841
7,0.01679443855772424,9,10,24,10.963807998533131,0.0029099176724749903,0.18413099979005024,4.887043355841715e-5,2.6513612333810633e-8,3.867581812143336e-9,-5.498485652677036e-9,5.474667325964507e-9,3.736221699717719e-9,5.474667318806122e-9,3.736221692209004e-9,-3.6070511479013396e-9,5.4493540653165296e-9,0.0,0.0,0.0,0.0,0.0,0.0,0.0,0.0,3.340704647168895e-11,1.0053296764647522e-5,0.012838133631999841
7,0.01679443855772424,9,8,25,10.96380800591431,0.0029099106850216105,-0.184130999914013,-4.887031620806069e-5,2.6512219321487934e-8,0.0,0.0,0.0,0.0,0.0,0.0,0.0,0.0,-3.6072374009797107e-9,5.448819011257897e-9,-5.474122037954529e-9,-3.736402900047521e-9,-5.474122037005073e-9,-3.736402899683009e-9,3.867757748701579e-9,-5.497930064891261e-9,3.340704647168895e-11,1.0053296764647522e-5,0.012838133631999841
7,0.01679443855772424,9,8,26,6.34502867295085,0.0032291291771643846,-0.10656119419487162,-5.423141156084189e-5,2.558643705151409e-8,0.0,0.0,0.0,0.0,0.0,0.0,0.0,0.0,-4.251306265763428e-9,4.658115362368945e-9,-4.66299921505179e-9,-4.3782368284173215e-9,-4.6629992005640006e-9,-4.378236824075255e-9,4.507032237284493e-9,-4.666131386799619e-9,3.340704647168895e-11,1.0053296764647522e-5,0.012838133631999841
7,0.01679443855772424,9,10,27,6.345028671961362,0.0032291357702554507,0.10656119417825373,5.42315222881047e-5,2.5579627943230444e-8,4.506243836061509e-9,-4.664492551898063e-9,4.6613725857840765e-9,4.3774824141210046e-9,4.661372603419483e-9,4.377482423628094e-9,-4.250585200650009e-9,4.65650127137491e-9,0.0,0.0,0.0,0.0,0.0,0.0,0.0,0.0,3.340704647168895e-11,1.0053296764647522e-5,0.012838133631999841
7,0.01679443855772424,9,8,28,8.910535700287417,0.0637282966008107,-0.14964744433488536,-0.0010702809616507417,2.0385912685878877e-8,0.0,0.0,0.0,0.0,0.0,0.0,0.0,0.0,-3.806413069768724e-9,3.280012003601524e-9,-3.2717911090108782e-9,-3.907284989734971e-9,-3.2717911073319125e-9,-3.9072849596322565e-9,4.009465282723714e-9,-3.262007036960955e-9,3.340704647168895e-11,1.0053296764647522e-5,0.012838133631999841
7,0.01679443855772424,9,10,29,8.910535700227502,0.06372830222642731,0.1496474443338791,0.0010702810561298143,2.038561331519627e-8,4.0099283766770755e-9,-3.2613174605463705e-9,3.2711177069945494e-9,3.907751156879447e-9,3.271117740180384e-9,3.907751125289382e-9,-3.8068820395463266e-9,3.2793546250382125e-9,0.0,0.0,0.0,0.0,0.0,0.0,0.0,0.0,3.340704647168895e-11,1.0053296764647522e-5,0.012838133631999841
7,0.01679443855772424,9,8,30,2.2388750617653734,0.12485715028987454,-0.03760064966323963,-0.002096905739035839,1.2941731995395489e-8,0.0,0.0,0.0,0.0,0.0,0.0,0.0,0.0,-2.621134574715393e-9,1.8178983294275698e-9,-1.806005138451381e-9,-2.684273755164219e-9,-1.806005158393047e-9,-2.6842737306009316e-9,2.7481350984664254e-9,-1.79303811396556e-9,3.340704647168895e-11,1.0053296764647522e-5,0.012838133631999841
7,0.01679443855772424,9,10,31,2.2388750420607835,0.12485715535380941,0.0376006493323121,0.0020969058240817825,1.2925565898677864e-8,2.7449041900373453e-9,-1.790488856805193e-9,1.8034468774905242e-9,2.681124054340643e-9,1.8034468923936469e-9,2.6811240717367013e-9,-2.618065100529631e-9,1.8153323195969393e-9,0.0,0.0,0.0,0.0,0.0,0.0,0.0,0.0,3.340704647168895e-11,1.0053296764647522e-5,0.012838133631999841
7,0.01679443855772424,9,10,32,8.905355530956994,0.05867581158887117,0.14956044629934698,0.0009854273125539008,1.1834439088292719e-8,-2.019274619719711e-9,2.1049838234885453e-9,-2.105783247141196e-9,-2.078021542911286e-9,-2.1057832534151553e-9,-2.0780215491079232e-9,2.1376106196506604e-9,-2.1057512998982883e-9,0.0,0.0,0.0,0.0,0.0,0.0,0.0,0.0,3.340704647168895e-11,1.0053296764647522e-5,0.012838133631999841
7,0.01679443855772424,9,8,33,8.905355546129917,0.05867581044247037,-0.14956044655416767,-0.000985427293300743,1.182782664390573e-8,0.0,0.0,0.0,0.0,0.0,0.0,0.0,0.0,2.1275431294808643e-9,-2.113544257176619e-9,2.1133256224491376e-9,2.067987746908137e-9,2.113325632982905e-9,2.0679877478229294e-9,-2.0092775303456534e-9,2.112279634199989e-9,3.340704647168895e-11,1.0053296764647522e-5,0.012838133631999841
7,0.01679443855772424,9,10,34,8.910831552092944,0.06413259103286448,0.14965241299985546,0.001077070859649099,9.025799438432419e-9,1.3673340937845766e-9,-1.8350734669805454e-9,1.8281918900108057e-9,1.3224111869374985e-9,1.8281918897872655e-9,1.3224111819521513e-9,-1.2782194458436192e-9,1.8207812021204892e-9,0.0,0.0,0.0,0.0,0.0,0.0,0.0,0.0,3.340704647168895e-11,1.0053296764647522e-5,0.012838133631999841
7,0.01679443855772424,9,8,35,8.910831546364808,0.06413259788052796,-0.14965241290365464,-0.0010770709746517626,9.024206763635167e-9,0.0,0.0,0.0,0.0,0.0,0.0,0.0,0.0,-1.2783685500245416e-9,1.8201968416908686e-9,-1.8275971254581446e-9,-1.3225540153574694e-9,-1.8275971233808755e-9,-1.3225540132175188e-9,1.3674704112618646e-9,-1.8344682392828162e-9,3.340704647168895e-11,1.0053296764647522e-5,0.012838133631999841
7,0.01679443855772424,9,10,36,10.964023741740334,0.003284140796579481,0.18413462307608786,5.515530082306963e-5,8.618674322522473e-9,2.1812187624221522e-9,-1.325888314410962e-10,1.6112949715633078e-10,2.148527362763175e-9,1.6112949278057222e-10,2.1485273602206e-9,-2.115900240323327e-9,1.8881073469148123e-10,0.0,0.0,0.0,0.0,0.0,0.0,0.0,0.0,3.340704647168895e-11,1.0053296764647522e-5,0.012838133631999841
7,0.01679443855772424,9,8,37,10.964023744311735,0.003284141464984777,-0.1841346231192731,-5.515531204856132e-5,8.617157945992234e-9,0.0,0.0,0.0,0.0,0.0,0.0,0.0,0.0,-2.115540121877995e-9,1.886412461876241e-10,-1.6096277532639067e-10,-2.148159719216845e-9,-1.609627740458791e-10,-2.1481597218700045e-9,2.1808435323090833e-9,-1.3242502640489968e-10,3.340704647168895e-11,1.0053296764647522e-5,0.012838133631999841
7,0.01679443855772424,9,10,38,8.905502760559678,0.05868356041372197,0.1495629189378631,0.000985557449716752,8.099522707711992e-9,-1.4636046689388248e-9,1.3576704703049885e-9,-1.3558735851600854e-9,-1.5037747834263619e-9,-1.3558735888208413e-9,-1.5037748166201547e-9,1.544487161301071e-9,-1.3534750849349477e-9,0.0,0.0,0.0,0.0,0.0,0.0,0.0,0.0,3.340704647168895e-11,1.0053296764647522e-5,0.012838133631999841
7,0.01679443855772424,9,8,39,8.905502780185483,0.058683556075156185,-0.14956291926746748,-0.0009855573768529757,8.093195009828698e-9,0.0,0.0,0.0,0.0,0.0,0.0,0.0,0.0,1.5437539305822534e-9,-1.3518772926389107e-9,1.35428815179416e-9,1.503074207363761e-9,1.354288172337326e-9,1.503074247729679e-9,-1.462936120331798e-9,1.3560976934308771e-9,3.340704647168895e-11,1.0053296764647522e-5,0.012838133631999841
7,0.01679443855772424,9,8,40,8.910914258129534,0.06413127787865122,-0.14965380200130535,-0.0010770488059613477,3.812638974766793e-9,0.0,0.0,0.0,0.0,0.0,0.0,0.0,0.0,-8.110070103335354e-10,4.747191423280032e-10,-4.697983685878076e-10,-8.292841256360576e-10,-4.697983681395965e-10,-8.292841233270608e-10,8.47749091779217e-10,-4.645458431598504e-10,3.340704647168895e-11,1.0053296764647522e-5,0.012838133631999841
7,0.01679443855772424,9,10,41,8.91091425894793,0.06413126928551575,0.14965380201504982,0.001077048661644462,3.807547182759469e-9,8.472741313187324e-10,-4.6272408019207564e-10,4.679957394674927e-10,8.288412809625005e-10,4.679957430446701e-10,8.288412814527173e-10,-8.105955633129245e-10,4.729358283361775e-10,0.0,0.0,0.0,0.0,0.0,0.0,0.0,0.0,3.340704647168895e-11,1.0053296764647522e-5,0.012838133631999841
7,0.01679443855772424,9,10,42,10.963537941119837,0.0029093747114860985,0.1841264643274156,4.886131483344997e-5,3.1709515507240483e-9,7.756695207877778e-10,-2.1150067986413566e-10,2.1932618870440747e-10,7.617522914954405e-10,2.1932618312810074e-10,7.617522914167914e-10,-7.479227316123998e-10,2.2684697343206717e-10,0.0,0.0,0.0,0.0,0.0,0.0,0.0,0.0,3.340704647168895e-11,1.0053296764647522e-5,0.012838133631999841
7,0.01679443855772424,9,8,43,10.963537907072247,0.002909391850160037,-0.18412646375560546,-4.886160266785639e-5,3.170645030458404e-9,0.0,0.0,0.0,0.0,0.0,0.0,0.0,0.0,-7.478278823492863e-10,2.2689938722253472e-10,-2.1938070718860374e-10,-7.616568498308291e-10,-2.1938069984807012e-10,-7.616568528648496e-10,7.755735116666758e-10,-2.1155733955291147e-10,3.340704647168895e-11,1.0053296764647522e-5,0.012838133631999841
7,0.01679443855772424,9,8,44,10.95883900623155,-0.002162761064782595,-0.18404754835414752,3.632235781752955e-5,3.1221529332170643e-9,0.0,0.0,0.0,0.0,0.0,0.0,0.0,0.0,7.656145253607583e-10,-2.0121657458172216e-10,2.0904729036531953e-10,7.519828850898138e-10,2.0904728602521685e-10,7.519828787433379e-10,-7.384347971065604e-10,2.1657719198049748e-10,3.340704647168895e-11,1.0053296764647522e-5,0.012838133631999841
7,0.01679443855772424,9,10,45,10.958839020745216,-0.002162763660222111,0.1840475485978964,-3.632240140647903e-5,3.1218414078345743e-9,-7.383951463870148e-10,2.1643952468427163e-10,-2.0890824239830092e-10,-7.519406986559355e-10,-2.0890824485381562e-10,-7.519406911279625e-10,7.655697464072427e-10,-2.0107616966757283e-10,0.0,0.0,0.0,0.0,0.0,0.0,0.0,0.0,3.340704647168895e-11,1.0053296764647522e-5,0.012838133631999841
7,0.01679443855772424,9,10,46,11.086021687659988,0.12527996763374213,0.18618351008300407,0.002104006718938564,1.6391259940356591e-9,3.19573297587172e-10,-2.6569424588836094e-10,2.663935273042924e-10,3.113496052797098e-10,2.663935278024467e-10,3.113496052246474e-10,-3.032324453984513e-10,2.6696824805475717e-10,0.0,0.0,0.0,0.0,0.0,0.0,0.0,0.0,3.340704647168895e-11,1.0053296764647522e-5,0.012838133631999841
7,0.01679443855772424,9,8,47,11.086021719112052,0.12527995213824866,-0.18618351061122382,-0.0021040064587004507,1.6384472763128351e-9,0.0,0.0,0.0,0.0,0.0,0.0,0.0,0.0,-3.032238108545855e-10,2.6672483603410296e-10,-2.6614679723820577e-10,-3.1133735723819165e-10,-2.661467987712266e-10,-3.113373566605646e-10,3.1955733684459534e-10,-2.6544420374654166e-10,3.340704647168895e-11,1.0053296764647522e-5,0.012838133631999841
7,0.01679443855772424,9,8,48,6.857745649661557,0.1249520445483536,-0.11517198795774172,-0.0020984994348293468,1.5295133573133466e-9,0.0,0.0,0.0,0.0,0.0,0.0,0.0,0.0,3.722033847161296e-10,-5.988594631117985e-11,5.539374144640011e-11,3.783254227510712e-10,5.539376826026913e-11,3.7832537653172565e-10,-3.844695433022854e-10,5.0750227515995177e-11,3.340704647168895e-11,1.0053296764647522e-5,0.012838133631999841
7,0.01679443855772424,9,10,49,6.857745617478718,0.12495208244211047,0.11517198741724902,0.0020985000712337182,1.5254343983671363e-9,-3.832974536693137e-10,5.1714678334388946e-11,-5.6328228306840334e-11,-3.771564319439596e-10,-5.6328236990609546e-11,-3.7715642417656126e-10,3.710379050297225e-10,-6.079091817058088e-11,0.0,0.0,0.0,0.0,0.0,0.0,0.0,0.0,3.340704647168895e-11,1.0053296764647522e-5,0.012838133631999841
7,0.01679443855772424,9,8,50,6.467075675240299,0.12518988470924886,-0.1086109050759762,-0.0021024938267980614,8.98695420315908e-10,0.0,0.0,0.0,0.0,0.0,0.0,0.0,0.0,-1.9634423994381873e-10,1.0254145038779508e-10,-1.0117497788041605e-10,-2.005914225086749e-10,-1.0117497213410332e-10,-2.00591423019503e-10,2.0487905960625047e-10,-9.972825507458301e-11,3.340704647168895e-11,1.0053296764647522e-5,0.012838133631999841
7,0.01679443855772424,9,10,51,6.467075677163149,0.12518987786385008,0.10861090510826939,0.002102493711833432,8.983553309269103e-10,2.048311104028598e-10,-9.962971327905494e-11,1.0107716527213971e-10,2.005455210755897e-10,1.0107716450724485e-10,2.0054552919167418e-10,-1.9630035458531788e-10,1.0244439010490794e-10,0.0,0.0,0.0,0.0,0.0,0.0,0.0,0.0,3.340704647168895e-11,1.0053296764647522e-5,0.012838133631999841
7,0.01679443855772424,9,8,52,11.086355216201415,0.12529321788781422,-0.1861891115076003,-0.0021042292495164518,5.234584287843351e-10,0.0,0.0,0.0,0.0,0.0,0.0,0.0,0.0,-1.0343942176182805e-10,7.711425735222895e-11,-7.672088917246032e-11,-1.060081994434635e-10,-7.672088970568586e-11,-1.0600819964274692e-10,1.0860765721156541e-10,-7.628511210259083e-11,3.340704647168895e-11,1.0053296764647522e-5,0.012838133631999841
7,0.01679443855772424,9,10,53,11.086355223087834,0.12529321972406837,0.18618911162325383,0.0021042292803553093,5.233217648358022e-10,1.0861256615026304e-10,-7.621781506309061e-11,7.665461229351899e-11,1.0601397700005116e-10,7.665461301643121e-11,1.0601397804328575e-10,-1.0344604226157256e-10,7.704899851270116e-11,0.0,0.0,0.0,0.0,0.0,0.0,0.0,0.0,3.340704647168895e-11,1.0053296764647522e-5,0.012838133631999841
7,0.01679443855772424,9,10,54,8.910432182766048,0.06372516957303917,0.14964570581623307,0.0010702284449749645,4.691964159764669e-10,8.506873024297322e-12,-1.1865911577462295e-10,1.1709989451777388e-10,6.731973761179077e-12,1.1709988980569426e-10,6.7319716127363064e-12,-5.003911734451266e-12,1.1553796638617444e-10,0.0,0.0,0.0,0.0,0.0,0.0,0.0,0.0,3.340704647168895e-11,1.0053296764647522e-5,0.012838133631999841
7,0.01679443855772424,9,8,55,8.910432181910743,0.06372515481519093,-0.1496457058018687,-0.0010702281971251891,4.673502266127288e-10,0.0,0.0,0.0,0.0,0.0,0.0,0.0,0.0,-5.2794016746300286e-12,1.1507018403351291e-10,-1.166215447387991e-10,-7.004650221986497e-12,-1.1662154505351583e-10,-7.004648885726637e-12,8.77654553390762e-12,-1.1817009455571119e-10,3.340704647168895e-11,1.0053296764647522e-5,0.012838133631999841
7,0.01679443855772424,9,8,56,11.085685160477803,0.12490083518428667,-0.18617785829791986,-0.0020976394023109446,3.802417715956432e-10,0.0,0.0,0.0,0.0,0.0,0.0,0.0,0.0,-9.06850285882134e-11,2.3661067636485213e-11,-2.2694825137943193e-11,-9.230671290101008e-11,-2.2694825423484955e-11,-9.230671309030605e-11,9.393746795186082e-11,-2.1691658426554074e-11,3.340704647168895e-11,1.0053296764647522e-5,0.012838133631999841
7,0.01679443855772424,9,10,57,11.085685159956594,0.12490083385318052,0.18617785828916641,0.002097639379955764,3.801778651987915e-10,9.393331176213977e-11,-2.1637579078038368e-11,2.2641453468192118e-11,9.23033694617234e-11,2.26414525542059e-11,9.23033697202029e-11,-9.068247661229364e-11,2.3608403775466656e-11,0.0,0.0,0.0,0.0,0.0,0.0,0.0,0.0,3.340704647168895e-11,1.0053296764647522e-5,0.012838133631999841
7,0.01679443855772424,9,10,58,8.905354377435845,0.05867521540731585,0.1495604269266069,0.0009854173000194007,2.013427737105416e-10,4.884935253568427e-11,-8.74774706195832e-12,8.170733153454488e-12,4.9665562752122003e-11,8.170732155374367e-12,4.9665557250049806e-11,-5.048503176607414e-11,7.573851408296264e-12,0.0,0.0,0.0,0.0,0.0,0.0,0.0,0.0,3.340704647168895e-11,1.0053296764647522e-5,0.012838133631999841
7,0.01679443855772424,9,8,59,8.905354379431868,0.05867519939590642,-0.149560426960129,-0.0009854170311167688,1.6940500511102678e-10,0.0,0.0,0.0,0.0,0.0,0.0,0.0,0.0,-4.0262002812393154e-11,1.4962172036844333e-11,-1.5312029627395077e-11,-3.948405612911605e-11,-1.5312029634941423e-11,-3.948406175371754e-11,3.871223674591375e-11,-1.564609236533614e-11,3.340704647168895e-11,1.0053296764647522e-5,0.012838133631999841
7,0.01679443855772424,9,8,60,11.08051939494274,0.11982445557591412,-0.18609110216603764,-0.0020123844568824475,1.4063175593052108e-10,0.0,0.0,0.0,0.0,0.0,0.0,0.0,0.0,2.5847901379723028e-11,-2.4562111362194238e-11,2.4575232852116364e-11,2.5139910352341265e-11,2.4575231175205333e-11,2.513990924616678e-11,-2.444174630050281e-11,2.4578294708957314e-11,3.340704647168895e-11,1.0053296764647522e-5,0.012838133631999841
7,0.01679443855772424,9,10,61,11.080519359153982,0.11982447425898546,0.1860911015649855,0.002012384770654141,1.4059169147395702e-10,-2.443178230555949e-11,2.4574276209142164e-11,-2.4571300412573197e-11,-2.512974625216949e-11,-2.4571300485385628e-11,-2.512974703167581e-11,2.583753749388641e-11,-2.4558270839514758e-11,0.0,0.0,0.0,0.0,0.0,0.0,0.0,0.0,3.340704647168895e-11,1.0053296764647522e-5,0.012838133631999841
7,0.01679443855772424,9,10,62,4.291927678833312,0.0640433471902393,0.07208051569636206,0.0010755720594174752,2.596112294265431e-11,6.546164121968213e-12,-6.895612446193163e-13,7.710925977623377e-13,6.443985862079347e-12,7.710919425938884e-13,6.443985166100075e-12,-6.34211482783244e-12,8.500456359222114e-13,0.0,0.0,0.0,0.0,0.0,0.0,0.0,0.0,3.340704647168895e-11,1.0053296764647522e-5,0.012838133631999841
7,0.01679443855772424,9,8,63,4.291927678480538,0.0640433463800947,-0.07208051569043743,-0.0010755720458115517,2.2831578094455657e-11,0.0,0.0,0.0,0.0,0.0,0.0,0.0,0.0,-5.597358240196226e-12,-5.813391257547481e-13,6.698493280223758e-13,-5.668165918375278e-12,6.698491242515034e-13,-5.6681658747330066e-12,5.738705159684464e-12,7.606265412450503e-13,3.340704647168895e-11,1.0053296764647522e-5,0.012838133631999841
7,0.01679443855772424,9,10,64,8.910441402227542,0.06372393536733852,0.14964586065191268,0.0010702077171831574,6.869293902437595e-12,-1.179078097754683e-13,-1.7376978776392124e-12,1.7114825155585418e-12,-1.4047161013350779e-13,1.7114827546772413e-12,-1.4047149385183294e-13,1.6235068926354867e-13,1.6853234415847563e-12,0.0,0.0,0.0,0.0,0.0,0.0,0.0,0.0,3.340704647168895e-11,1.0053296764647522e-5,0.012838133631999841
7,0.01679443855772424,9,8,65,8.910441427873103,0.06372393724313129,-0.14964586108261546,-0.0010702077486860438,6.263792749867948e-12,0.0,0.0,0.0,0.0,0.0,0.0,0.0,0.0,8.129907410155113e-14,1.5417409083084064e-12,-1.564706961529803e-12,6.03333669855633e-14,-1.5647073142825607e-12,6.033372668771576e-14,-3.874213628279193e-14,-1.5876973732473072e-12,3.340704647168895e-11,1.0053296764647522e-5,0.012838133631999841
7,0.01679443855772424,9,8,66,8.9108261480227,0.06413479815953232,-0.1496523222415298,-0.0010771079271023113,2.6172834281204164e-12,0.0,0.0,0.0,0.0,0.0,0.0,0.0,0.0,5.380495646171564e-14,-6.428532684337721e-13,6.511713963327932e-13,6.378703268621625e-14,6.511714110233384e-13,6.378699347227634e-14,-7.402953321984735e-14,6.594639718876077e-13,3.340704647168895e-11,1.0053296764647522e-5,0.012838133631999841
7,0.01679443855772424,9,10,67,8.910826149628353,0.06413480864094909,0.14965232226849584,0.001077108103131821,1.9993431039769822e-12,2.8011846861516254e-13,4.2250495365351393e-13,-4.1262468134977734e-13,2.8204908158160084e-13,-4.12624706890514e-13,2.820490904617537e-13,-2.838146320366325e-13,-4.028572207187467e-13,0.0,0.0,0.0,0.0,0.0,0.0,0.0,0.0,3.340704647168895e-11,1.0053296764647522e-5,0.012838133631999841
7,0.01679443855772424,9,10,68,10.95846722026825,-0.0021397475237199745,0.18404130441763028,-3.5935858316157705e-5,1.3063066329626912e-12,-1.682701350467772e-13,2.745050507378621e-13,-2.759728097100121e-13,-1.745870501169931e-13,-2.7597289365382737e-13,-1.7458703791627715e-13,1.8101432870630958e-13,-2.7737079612609556e-13,0.0,0.0,0.0,0.0,0.0,0.0,0.0,0.0,3.340704647168895e-11,1.0053296764647522e-5,0.012838133631999841
7,0.01679443855772424,9,8,69,10.9584672204263,-0.00213974741271257,-0.18404130442028463,3.593585645185066e-5,1.1838238247781535e-12,0.0,0.0,0.0,0.0,0.0,0.0,0.0,0.0,1.6615777986704742e-13,-2.4997015320077975e-13,2.487525493047153e-13,1.6032263008114929e-13,2.48752494259319e-13,1.6032268142323163e-13,-1.545870193324607e-13,2.4747074113418796e-13,3.340704647168895e-11,1.0053296764647522e-5,0.012838133631999841
7,0.01679443855772424,9,8,70,11.085983038054746,0.12528526213038244,-0.18618286098458353,-0.0021040956370370835,6.184468124389255e-13,0.0,0.0,0.0,0.0,0.0,0.0,0.0,0.0,5.0792815731470664e-14,1.4372175612644623e-13,-1.464825670448478e-13,4.944944870234116e-14,-1.4648255948702548e-13,4.944943818879375e-14,-4.804747418876254e-14,-1.4926313847599674e-13,3.340704647168895e-11,1.0053296764647522e-5,0.012838133631999841
7,0.01679443855772424,9,10,71,11.085983027147194,0.12528526796457318,0.18618286080139732,0.002104095735019041,5.957450786826076e-13,-4.614653446418253e-14,-1.4382813934522834e-13,1.4115091902927548e-13,-4.7499590919540224e-14,1.4115092602548968e-13,-4.7499604691838065e-14,4.8796196940518595e-14,1.3849269421927264e-13,0.0,0.0,0.0,0.0,0.0,0.0,0.0,0.0,3.340704647168895e-11,1.0053296764647522e-5,0.012838133631999841
7,0.01679443855772424,9,10,72,10.963525079229699,0.002906516131050578,0.18412624831919197,4.881330657996331e-5,3.2155430314809804e-13,-4.804809844267155e-14,-6.586664998902841e-14,6.426525844845458e-14,-4.8287131180964244e-14,6.426533608839461e-14,-4.8287163341119183e-14,4.850048638748909e-14,6.268325453836606e-14,0.0,0.0,0.0,0.0,0.0,0.0,0.0,0.0,3.340704647168895e-11,1.0053296764647522e-5,0.012838133631999841
7,0.01679443855772424,9,8,73,10.963525067738665,0.0029065218448300276,-0.1841262481262065,-4.88134025396812e-5,2.381061108955591e-13,0.0,0.0,0.0,0.0,0.0,0.0,0.0,0.0,4.0441297352036533e-14,4.252944231369955e-14,-4.3710933413458926e-14,4.0403083139430815e-14,-4.371091106844444e-14,4.0403067964441886e-14,-4.034736553368905e-14,-4.4908560096565917e-14,3.340704647168895e-11,1.0053296764647522e-5,0.012838133631999841
7,0.01679443855772424,9,8,74,6.862800140343106,0.12999793654099479,-0.11525687529093359,-0.002183242357868672,2.330363979534214e-20,0.0,0.0,0.0,0.0,0.0,0.0,0.0,0.0,-2.3873230283248325e-21,-5.324920987877357e-21,5.227694636459062e-21,-2.3453555482187288e-21,5.455801899647373e-21,-2.3054481430572053e-21,2.2649994807254815e-21,5.3562214762118035e-21,3.340704647168895e-11,1.0053296764647522e-5,0.012838133631999841
7,0.01679443855772424,9,10,75,6.862800139876515,0.12999791878892006,0.11525687528309744,0.0021832420597325433,1.1769312852355277e-20,-2.8464805457733237e-21,-5.182139103545295e-22,4.691601155847542e-22,-2.8217131037271583e-21,5.007180955548944e-22,-2.9832233614493514e-21,2.956624020296872e-21,4.49793530283644e-22,0.0,0.0,0.0,0.0,0.0,0.0,0.0,0.0,3.340704647168895e-11,1.0053296764647522e-5,0.012838133631999841
7,0.01679443855772424,9,8,76,2.2443274271975735,0.1303183851044732,-0.03769221907948497,-0.0021886241115789207,4.113798368883958e-21,0.0,0.0,0.0,0.0,0.0,0.0,0.0,0.0,-1.0173864839384971e-21,-6.269373764561907e-23,6.879678619246213e-23,-1.018757586501347e-21,7.777794686952175e-23,-1.0328827938079347e-21,1.0341915117903806e-21,8.399812676590974e-23,3.340704647168895e-11,1.0053296764647522e-5,0.012838133631999841
7,0.01679443855772424,9,10,77,8.91598878595572,0.06917545313389487,0.1497390258470917,0.00116176289735993,3.654324334495466e-22,6.547885759680522e-23,6.985995269317128e-23,-6.776929858190491e-23,6.55057502372227e-23,-5.952877896360786e-23,6.535954223320595e-23,-6.523193208986498e-23,-5.760253168799313e-23,0.0,0.0,0.0,0.0,0.0,0.0,0.0,0.0,3.340704647168895e-11,1.0053296764647522e-5,0.012838133631999841
7,0.01679443855772424,9,10,78,2.2443274355163036,0.13031838146646885,0.03769221921919337,0.0021886240504806805,3.5686106018218856e-22,8.95245704878494e-23,-4.503705794250273e-24,5.639305718864397e-24,8.775075072334381e-23,1.8043416390817645e-24,9.048904548351539e-23,-8.873361624741869e-23,3.0047351467473617e-24,0.0,0.0,0.0,0.0,0.0,0.0,0.0,0.0,3.340704647168895e-11,1.0053296764647522e-5,0.012838133631999841
7,0.01679443855772424,9,8,79,8.915988781922472,0.06917544116588605,-0.14973902577935555,-0.0011617626963639413,2.850131227192962e-22,0.0,0.0,0.0,0.0,0.0,0.0,0.0,0.0,7.088025159825978e-23,1.1015240206243936e-23,-7.347609335922796e-24,6.928943589199738e-23,-1.2344798310502956e-23,7.179092972000692e-23,-7.023565298440027e-23,-8.59468207545028e-24,3.340704647168895e-11,1.0053296764647522e-5,0.012838133631999841
8,0.009696273622190719,10,9,0,0.353658412594797,0.06646421102428185,-0.0034291687373087724,-0.0006444551761744617,46.349830334204015,0.0,0.0,0.0,0.0,0.0,0.0,0.0,0.0,-9.09561976055901,6.9124258912989545,-6.879697509765407,-9.323385196813291,-6.879697509907385,-9.323385196729356,9.553901766006895,-6.843239224068892,4.837986807996568e-11,0.003388510623829451,0.01653348055420717
8,0.009696273622190719,10,11,1,0.35365844072361696,0.06646420870480882,0.003429169010053507,0.0006444551536842166,46.34982825491314,9.55390136819051,-6.8432388740919325,6.879697159192971,9.323384809512142,6.879697159346531,9.32338480941305,-9.095619383617422,6.9124255402973915,0.0,0.0,0.0,0.0,0.0,0.0,0.0,0.0,4.837986807996568e-11,0.003388510623829451,0.01653348055420717
8,0.009696273622190719,10,11,2,0.2416771996773892,-0.04545371786489827,0.0023433682563167883,-0.00044073168556391215,31.69683101424681,-4.083673341931275,6.660296354213218,-6.6958955127663415,-4.236953375903741,-6.695895512846455,-4.23695337579747,4.392911428911452,-6.729799354445518,0.0,0.0,0.0,0.0,0.0,0.0,0.0,0.0,4.837986807996568e-11,0.003388510623829451,0.01653348055420717
8,0.009696273622190719,10,9,3,0.24167722477019216,-0.04545372404434428,-0.0023433684996234717,0.00044073174548151146,31.69683080588771,0.0,0.0,0.0,0.0,0.0,0.0,0.0,0.0,4.392911520103238,-6.729799231844359,6.695895393168922,4.23695346750266,6.695895393233112,4.23695346741303,-4.083673433906519,6.660296237567113,4.837986807996568e-11,0.003388510623829451,0.01653348055420717
8,0.009696273622190719,10,11,4,11.668338684786672,0.004395192993518995,0.11313940460408456,4.26169938874957e-5,3.0568973661291494,0.5669152842476703,-0.5285256563842511,0.5289574873175533,0.5515291743354058,0.5289574873629151,0.5515291741370196,-0.5363546030870204,0.529168664317227,0.0,0.0,0.0,0.0,0.0,0.0,0.0,0.0,4.837986807996568e-11,0.003388510623829451,0.01653348055420717
8,0.009696273622190719,10,9,5,11.668338636677595,0.00439519836516028,-0.11313940413760577,-4.261704597239939e-5,3.0568970727543716,0.0,0.0,0.0,0.0,0.0,0.0,0.0,0.0,-0.5363545778800791,0.5291685868927324,-0.5289574092150952,-0.5515291476454038,-0.5289574091751131,-0.5515291474842808,0.5669152560810439,-0.5285255775294424,4.837986807996568e-11,0.003388510623829451,0.01653348055420717
8,0.009696273622190719,10,9,6,11.659732621575047,-0.0042047410929249435,-0.11305595786037477,4.0770320147469506e-5,2.932044995632441,0.0,0.0,0.0,0.0,0.0,0.0,0.0,0.0,0.5221640617345049,-0.5291577065648085,0.5289565777769488,0.5074019230307294,0.5289565777385365,0.5074019228683746,-0.49285132619360467,0.5285524458718527,4.837986807996568e-11,0.003388510623829451,0.01653348055420717
8,0.009696273622190719,10,11,7,11.659732726361778,-0.004204715838395198,0.11305595887641559,-4.0770075272638895e-5,2.9320445575077336,-0.4928512694928164,0.5285523511062088,-0.5289564824303671,-0.5074018641847574,-0.5289564824759407,-0.5074018639870955,0.5221640006695276,-0.5291576107445297,0.0,0.0,0.0,0.0,0.0,0.0,0.0,0.0,4.837986807996568e-11,0.003388510623829451,0.01653348055420717
8,0.009696273622190719,10,11,8,3.8600115545193567,0.004180986515289781,0.03742772821743743,4.0539989262939394e-5,2.867928439293385,0.5509286474226862,-0.4745886013257984,0.47556018332367056,0.5365207014598129,0.47556018331121397,0.5365207014343452,-0.5223029366155905,0.476317118992486,0.0,0.0,0.0,0.0,0.0,0.0,0.0,0.0,4.837986807996568e-11,0.003388510623829451,0.01653348055420717
8,0.009696273622190719,10,9,9,3.8600115268711424,0.004180995140915245,-0.03742772794935278,-4.054007289936406e-5,2.8679280270756173,0.0,0.0,0.0,0.0,0.0,0.0,0.0,0.0,-0.5223028706696012,0.4763170405111699,-0.4755601046808249,-0.5365206334630752,-0.4755601046775813,-0.5365206334302682,0.5509285773367127,-0.4745885225579286,4.837986807996568e-11,0.003388510623829451,0.01653348055420717
8,0.009696273622190719,10,9,10,3.85212816440394,-0.003715938447520023,-0.037351288709807876,3.603075595037273e-5,2.5498555192170156,0.0,0.0,0.0,0.0,0.0,0.0,0.0,0.0,0.43692782601582364,-0.476517769610587,0.4758724163538707,0.4241049569947808,0.4758724163501034,0.42410495696125283,-0.4114724029710889,0.47505738304788037,4.837986807996568e-11,0.003388510623829451,0.01653348055420717
8,0.009696273622190719,10,11,11,3.852128149127462,-0.003715925171426937,0.03735128856168297,-3.603062722174154e-5,2.5498550958128887,-0.41147233964371915,0.47505729984518114,-0.4758723328818314,-0.4241048915716136,-0.4758723328671407,-0.42410489154515413,0.4369277584702578,-0.4765176858843636,0.0,0.0,0.0,0.0,0.0,0.0,0.0,0.0,4.837986807996568e-11,0.003388510623829451,0.01653348055420717
8,0.009696273622190719,10,11,12,11.573685018740882,0.0046528350411583624,0.1122216167587611,4.51151616779885e-5,1.4596364318793005e-6,-2.1434167280034097e-8,3.694662105749325e-7,-3.6454082234648436e-7,-1.59791554567524e-8,-3.645408214024421e-7,-1.5979154643231993e-8,1.066995787645885e-8,-3.5960901234254e-7,0.0,0.0,0.0,0.0,0.0,0.0,0.0,0.0,4.837986807996568e-11,0.003388510623829451,0.01653348055420717
8,0.009696273622190719,10,9,13,11.57368501073487,0.004652879675723559,-0.11222161668113263,-4.511559446694565e-5,1.4596038298743815e-6,0.0,0.0,0.0,0.0,0.0,0.0,0.0,0.0,1.0680058423729515e-8,-3.5960067354420403e-7,3.645322199022297e-7,1.598927925780147e-8,3.6453222016123373e-7,1.5989278923566213e-8,-2.14443113736341e-8,3.6945734162374603e-7,4.837986807996568e-11,0.003388510623829451,0.01653348055420717
8,0.009696273622190719,10,9,14,12.05704871534086,-0.08625931693128405,-0.11690844342002808,0.0008363939394289988,1.4449405872993748e-6,0.0,0.0,0.0,0.0,0.0,0.0,0.0,0.0,3.63610034851797e-7,-4.4814808332521325e-8,4.92513960882795e-8,3.5784366016397485e-7,4.9251396305266164e-8,3.5784366018501584e-7,-3.520969574257416e-7,5.3544842660769234e-8,4.837986807996568e-11,0.003388510623829451,0.01653348055420717
8,0.009696273622190719,10,11,15,12.057048712658135,-0.08625930794860795,0.11690844339401564,-0.0008363938523305135,1.444935753142003e-6,-3.5209688227050717e-7,5.353741106929072e-8,-4.924386069079242e-8,-3.57843477386192e-7,-4.9243860591477736e-8,-3.578434773598982e-7,3.6360974139154815e-7,-4.480716888710291e-8,0.0,0.0,0.0,0.0,0.0,0.0,0.0,0.0,4.837986807996568e-11,0.003388510623829451,0.01653348055420717
8,0.009696273622190719,10,9,16,11.565777392209862,-0.003261913976220554,-0.11214494224821424,3.1628410445482604e-5,5.683039366810421e-7,0.0,0.0,0.0,0.0,0.0,0.0,0.0,0.0,1.334690319609573e-7,5.4300675145337086e-8,-5.167173444347952e-8,1.3233895540022024e-7,-5.1671734163852544e-8,1.3233895487987072e-7,-1.3118819904235538e-7,-4.909572490837037e-8,4.837986807996568e-11,0.003388510623829451,0.01653348055420717
8,0.009696273622190719,10,11,17,11.565777389843944,-0.0032619126282831395,0.11214494222527366,-3.1628397375512605e-5,5.68165147124249e-7,-1.3114259274261382e-7,-4.9119975317884326e-8,5.1695673364161864e-8,-1.3229235591599003e-7,5.169567357422156e-8,-1.3229235548569538e-7,1.3342142979740866e-7,5.4324284414741016e-8,0.0,0.0,0.0,0.0,0.0,0.0,0.0,0.0,4.837986807996568e-11,0.003388510623829451,0.01653348055420717
8,0.009696273622190719,10,11,18,8.065951174909754,0.06691575588906981,0.07820966961515569,0.0006488334787361409,2.3506462713145238e-7,3.692581762937659e-8,-4.678306061157586e-8,4.663644870026776e-8,3.5751329577331426e-8,4.663644869920021e-8,3.575132959839288e-8,-3.4595493264364444e-8,4.6475532525617304e-8,0.0,0.0,0.0,0.0,0.0,0.0,0.0,0.0,4.837986807996568e-11,0.003388510623829451,0.01653348055420717
8,0.009696273622190719,10,9,19,8.06595117262756,0.0669157887645346,-0.07820966959302691,-0.000648833797505643,2.3499722757414739e-7,0.0,0.0,0.0,0.0,0.0,0.0,0.0,0.0,-3.4577131154592345e-8,4.6468490020735486e-8,-4.662957002955643e-8,-3.573260680433761e-8,-4.6629570017353465e-8,-3.5732606816088603e-8,3.6906731434160896e-8,-4.677635325433143e-8,4.837986807996568e-11,0.003388510623829451,0.01653348055420717
8,0.009696273622190719,10,9,20,8.058042916837714,0.059039420700687545,-0.07813298898101428,-0.0005724623776094973,1.7403332558133207e-7,0.0,0.0,0.0,0.0,0.0,0.0,0.0,0.0,3.7042193167058926e-8,-2.3978268152919742e-8,2.4155740076190694e-8,3.618405546184996e-8,2.4155740010602554e-8,3.618405544031174e-8,-3.533557713418516e-8,2.4318736378809492e-8,4.837986807996568e-11,0.003388510623829451,0.01653348055420717
8,0.009696273622190719,10,11,21,8.058042944088104,0.059039392651202116,0.07813298924524152,0.0005724621056340117,1.74024703847652e-7,-3.533399407871577e-8,2.431728818632194e-8,-2.4154294126921068e-8,-3.6182429217621856e-8,-2.4154294129718652e-8,-3.618242926630129e-8,3.7040523227497046e-8,-2.3976825167071982e-8,0.0,0.0,0.0,0.0,0.0,0.0,0.0,0.0,4.837986807996568e-11,0.003388510623829451,0.01653348055420717
8,0.009696273622190719,10,9,22,5.050695358274946,0.04620154093555717,-0.04897292417616246,-0.0004479827826780077,1.4228894901593559e-7,0.0,0.0,0.0,0.0,0.0,0.0,0.0,0.0,-1.9026251672552566e-8,2.9461443928081527e-8,-2.960511050229844e-8,-1.9717884930650724e-8,-2.960511052052341e-8,-1.9717884869509265e-8,2.0421358593514136e-8,-2.9740887571383613e-8,4.837986807996568e-11,0.003388510623829451,0.01653348055420717
8,0.009696273622190719,10,11,23,5.050695384069215,0.046201538991054,0.04897292442627075,0.00044798276382357295,1.4227722839689214e-7,2.0420662500161358e-8,-2.9737760680925976e-8,2.9602018062366336e-8,1.9717242268019536e-8,2.9602018133581574e-8,1.9717242283073956e-8,-1.9025661280123592e-8,2.94583862505105e-8,0.0,0.0,0.0,0.0,0.0,0.0,0.0,0.0,4.837986807996568e-11,0.003388510623829451,0.01653348055420717
8,0.009696273622190719,10,9,24,7.954001583780093,-0.04497735337200176,-0.07712417574767011,0.00043611272509689144,1.233811573897116e-7,0.0,0.0,0.0,0.0,0.0,0.0,0.0,0.0,1.7365515501095013e-8,-2.602047908854561e-8,2.589469732303056e-8,1.675712994605043e-8,2.5894697321812365e-8,1.675712992808269e-8,-1.6159100910858794e-8,2.576221063271877e-8,4.837986807996568e-11,0.003388510623829451,0.01653348055420717
8,0.009696273622190719,10,11,25,7.954001599657923,-0.044977350900337276,0.0771241759016259,-0.0004361127011309563,1.2335046356128065e-7,-1.6157317161981196e-8,2.5754398942981228e-8,-2.5886800784492694e-8,-1.6755208939337185e-8,-2.5886800733710786e-8,-1.6755208891572114e-8,1.736345404825646e-8,-2.6012498420532596e-8,0.0,0.0,0.0,0.0,0.0,0.0,0.0,0.0,4.837986807996568e-11,0.003388510623829451,0.01653348055420717
8,0.009696273622190719,10,9,26,8.065888552476224,0.06692562926787793,-0.07820906241090529,-0.0006489292137186399,9.985154241666367e-8,0.0,0.0,0.0,0.0,0.0,0.0,0.0,0.0,-2.1126004819777946e-8,1.2625377077472176e-8,-1.2500862761042407e-8,-2.1605827629880146e-8,-1.2500862741408799e-8,-2.1605827631794473e-8,2.209064905863643e-8,-1.2367705094125114e-8,4.837986807996568e-11,0.003388510623829451,0.01653348055420717
8,0.009696273622190719,10,11,27,8.065888563775832,0.0669256446660293,0.07820906252046939,0.0006489293630233289,9.97863649470162e-8,2.2074171290417162e-8,-1.236330777881405e-8,1.2496297824166008e-8,2.1589644178942452e-8,1.2496297814752631e-8,2.1589644184631622e-8,-2.11101138657607e-8,1.2620651003839397e-8,0.0,0.0,0.0,0.0,0.0,0.0,0.0,0.0,4.837986807996568e-11,0.003388510623829451,0.01653348055420717
8,0.009696273622190719,10,11,28,7.953892661357223,-0.04498969312216765,0.07712311960605438,-0.00043623237469092937,6.823180867282206e-8,-7.424076867056682e-9,1.5090212787923e-8,-1.5197095129321104e-8,-7.745511004408414e-9,-1.519709514925287e-8,-7.745510998550935e-9,8.073023354004248e-9,-1.5300878070649708e-8,0.0,0.0,0.0,0.0,0.0,0.0,0.0,0.0,4.837986807996568e-11,0.003388510623829451,0.01653348055420717
8,0.009696273622190719,10,9,29,7.953892683712389,-0.04498969855436606,-0.07712311982281618,0.00043623242736301156,6.821013064471616e-8,0.0,0.0,0.0,0.0,0.0,0.0,0.0,0.0,8.072660298495565e-9,-1.529485485714601e-8,1.519115202923631e-8,7.74523705760367e-9,1.5191152076053966e-8,7.745237064703396e-9,-7.42388966432806e-9,1.508434993738814e-8,4.837986807996568e-11,0.003388510623829451,0.01653348055420717
8,0.009696273622190719,10,11,30,4.45535529827894,0.02518998342174887,0.04320034405618975,0.0002442489717957251,4.988117866313658e-8,1.0038229915415076e-8,-7.693312131145266e-9,7.724503907500858e-9,9.789011219100864e-9,7.724503918839667e-9,9.789011256288025e-9,-9.542881580292637e-9,7.751779472199027e-9,0.0,0.0,0.0,0.0,0.0,0.0,0.0,0.0,4.837986807996568e-11,0.003388510623829451,0.01653348055420717
8,0.009696273622190719,10,9,31,4.4553553039142315,0.02518996668947872,-0.043200344110831075,-0.0002442488095550554,4.985632902043541e-8,0.0,0.0,0.0,0.0,0.0,0.0,0.0,0.0,-9.588362409716437e-9,7.685662811706608e-9,-7.656799907891759e-9,-9.834186702402557e-9,-7.656799997221809e-9,-9.834186804842086e-9,1.0083073031504825e-8,-7.62400280543248e-9,4.837986807996568e-11,0.003388510623829451,0.01653348055420717
8,0.009696273622190719,10,11,32,7.961826482811113,-0.03709739650020817,0.0772000481097409,-0.0003597065071369188,4.9666113024653e-8,4.629950053680109e-9,-1.1710693900017177e-8,1.1609665279321047e-8,4.401185402171459e-9,1.1609665241290056e-8,4.4011853990112135e-9,-4.177064261265654e-9,1.1506875218251735e-8,0.0,0.0,0.0,0.0,0.0,0.0,0.0,0.0,4.837986807996568e-11,0.003388510623829451,0.01653348055420717
8,0.009696273622190719,10,9,33,7.961826496478967,-0.03709744715811093,-0.07720004824226816,0.0003597069983298051,4.965842204100814e-8,0.0,0.0,0.0,0.0,0.0,0.0,0.0,0.0,-4.175853822354682e-9,1.150529793075748e-8,-1.160808303019288e-8,-4.3999352207547115e-9,-1.1608082991823428e-8,-4.3999352355228484e-9,4.628659514467675e-9,-1.1709107188294971e-8,4.837986807996568e-11,0.003388510623829451,0.01653348055420717
8,0.009696273622190719,10,9,34,8.66132685242396,0.08795079421688043,-0.08398259509233061,-0.0008527949660158617,3.231644665685168e-8,0.0,0.0,0.0,0.0,0.0,0.0,0.0,0.0,-3.9564389381991065e-9,6.913185526558245e-9,-6.954185621473473e-9,-4.111547386888785e-9,-6.95418561395662e-9,-4.1115473932507525e-9,4.269437187301565e-9,-6.993540533686577e-9,4.837986807996568e-11,0.003388510623829451,0.01653348055420717
8,0.009696273622190719,10,11,35,8.661326853399487,0.08795077711881072,0.08398259510178958,0.0008527948002282995,3.231240206081029e-8,4.268258719497904e-9,-6.993058438093876e-9,6.95369391644133e-9,4.11039230379743e-9,6.953693889940788e-9,4.11039231353475e-9,-3.9553070466754105e-9,6.912684655267291e-9,0.0,0.0,0.0,0.0,0.0,0.0,0.0,0.0,4.837986807996568e-11,0.003388510623829451,0.01653348055420717
8,0.009696273622190719,10,11,36,4.447469939699081,0.017294618211071894,0.04312388546179035,0.00016769335036587564,3.081408985610269e-8,-4.156973156669646e-9,6.356351706026522e-9,-6.386601703062472e-9,-4.3069298541972584e-9,-6.386601673869406e-9,-4.3069297068213135e-9,4.4594407008496835e-9,-6.415128389042651e-9,0.0,0.0,0.0,0.0,0.0,0.0,0.0,0.0,4.837986807996568e-11,0.003388510623829451,0.01653348055420717
8,0.009696273622190719,10,9,37,4.447469962226251,0.01729461044957889,-0.04312388568021995,-0.00016769327510831578,3.07631694377351e-8,0.0,0.0,0.0,0.0,0.0,0.0,0.0,0.0,4.452738797711507e-9,-6.404063383324291e-9,6.375599738949297e-9,4.300476919649436e-9,6.375599731930469e-9,4.300476895393334e-9,-4.150764913069887e-9,6.3454153856185485e-9,4.837986807996568e-11,0.003388510623829451,0.01653348055420717
8,0.009696273622190719,10,9,38,4.455360019796335,0.025188944635972668,-0.04320038983731432,-0.00024423889944460417,1.3644949169377371e-8,0.0,0.0,0.0,0.0,0.0,0.0,0.0,0.0,3.2606345892910096e-9,-8.241223204082793e-10,7.890040249039859e-10,3.3185613000430376e-9,7.890040193511357e-10,3.318561307000718e-9,-3.3768033543419434e-9,7.525582364941109e-10,4.837986807996568e-11,0.003388510623829451,0.01653348055420717
8,0.009696273622190719,10,11,39,4.4553600314758,0.025188936044941004,0.043200389950561614,0.00024423881614361046,1.3520327283633886e-8,-3.3292276351103992e-9,8.171618418319159e-10,-8.520307377906316e-10,-3.2707574994415435e-9,-8.520307300291275e-10,-3.270757464895476e-9,3.2126278792821395e-9,-8.855912554306327e-10,0.0,0.0,0.0,0.0,0.0,0.0,0.0,0.0,4.837986807996568e-11,0.003388510623829451,0.01653348055420717
8,0.009696273622190719,10,11,40,0.9490004427505815,0.08747552135462894,0.009201767960489778,0.0008481865902982695,1.1019278047981477e-8,1.110365412586132e-9,-2.563793083362641e-9,2.543024096966287e-9,1.0589145945690066e-9,2.5430241499198415e-9,1.0589145946073658e-9,-1.0084809017812895e-9,2.5218313944014177e-9,0.0,0.0,0.0,0.0,0.0,0.0,0.0,0.0,4.837986807996568e-11,0.003388510623829451,0.01653348055420717
8,0.009696273622190719,10,9,41,0.9490004727286345,0.08747550911687291,-0.009201768251165181,-0.0008481864716376386,1.1017537237511706e-8,0.0,0.0,0.0,0.0,0.0,0.0,0.0,0.0,-1.0094888915425928e-9,2.5209658853049844e-9,-2.5421318788940156e-9,-1.0599244368326774e-9,-2.5421319421060913e-9,-1.0599244074857175e-9,1.1113767208096297e-9,-2.562873762525295e-9,4.837986807996568e-11,0.003388510623829451,0.01653348055420717
8,0.009696273622190719,10,9,42,5.042808730019781,0.038304437020605736,-0.048896453270643875,-0.00037141030229576505,9.676556940287855e-9,0.0,0.0,0.0,0.0,0.0,0.0,0.0,0.0,1.3817853884022553e-9,-2.0273571563240855e-9,2.0179581842444e-9,1.3339768818516177e-9,2.0179581800127072e-9,1.3339768823304337e-9,-1.286975452382337e-9,2.0080254559497095e-9,4.837986807996568e-11,0.003388510623829451,0.01653348055420717
8,0.009696273622190719,10,11,43,5.042808705904286,0.03830444280182624,0.04889645303681345,0.00037141035835206094,9.676519570985352e-9,-1.287182878623318e-9,2.007881571231942e-9,-2.017809262057819e-9,-1.3341851897964947e-9,-2.0178092745983495e-9,-1.3341851800444349e-9,1.3819945079076327e-9,-2.027203129376913e-9,0.0,0.0,0.0,0.0,0.0,0.0,0.0,0.0,4.837986807996568e-11,0.003388510623829451,0.01653348055420717
8,0.009696273622190719,10,11,44,8.653380821021788,0.08003483319391252,0.08390554819764463,0.0007760396419545682,6.392694458394532e-9,-1.3553119692260262e-9,8.036265091740612e-10,-7.955488210548773e-10,-1.3860034752162958e-9,-7.955488199364941e-10,-1.3860034643353835e-9,1.4170130788449925e-9,-7.869166666985586e-10,0.0,0.0,0.0,0.0,0.0,0.0,0.0,0.0,4.837986807996568e-11,0.003388510623829451,0.01653348055420717
8,0.009696273622190719,10,9,45,8.653380838044907,0.08003483789754282,-0.08390554836270545,-0.0007760396875622545,6.391165973735578e-9,0.0,0.0,0.0,0.0,0.0,0.0,0.0,0.0,1.4167075203330553e-9,-7.866686440876762e-10,7.953000522310347e-10,1.3857056917634043e-9,7.953000370120769e-10,1.3857056881893062e-9,-1.3550218686502712e-9,8.033770991441134e-10,4.837986807996568e-11,0.003388510623829451,0.01653348055420717
8,0.009696273622190719,10,11,46,8.549254536182723,-0.023979029541218846,0.08289591124858288,-0.00023250723162625232,4.9115950418707985e-9,-3.430650693190417e-10,1.160969809451838e-9,-1.1724648704364555e-9,-3.645692474800255e-10,-1.1724648848214742e-9,-3.645692499113526e-10,3.8654238478870867e-10,-1.1838140242941996e-9,0.0,0.0,0.0,0.0,0.0,0.0,0.0,0.0,4.837986807996568e-11,0.003388510623829451,0.01653348055420717
8,0.009696273622190719,10,9,47,8.549254504994114,-0.023979011756336654,-0.08289591094616959,0.00023250705917916825,4.910865790626969e-9,0.0,0.0,0.0,0.0,0.0,0.0,0.0,0.0,3.86032295625882e-10,-1.183785971873147e-9,1.1724301127291074e-9,3.640667582229329e-10,1.1724301168242007e-9,3.640667654314522e-10,-3.425701707623519e-10,1.160928536959778e-9,4.837986807996568e-11,0.003388510623829451,0.01653348055420717
8,0.009696273622190719,10,9,48,4.447480501819371,0.01729450681410663,-0.04312398787499871,-0.00016769227023041977,2.734432362059407e-9,0.0,0.0,0.0,0.0,0.0,0.0,0.0,0.0,6.026324644736128e-10,-3.4279940693362224e-10,3.4635546971094413e-10,5.893311447895416e-10,3.463554700745633e-10,5.893311283128654e-10,-5.761683032732703e-10,3.4967577289962606e-10,4.837986807996568e-11,0.003388510623829451,0.01653348055420717
8,0.009696273622190719,10,11,49,4.447480514820945,0.017294493681096826,0.043123988001065525,0.00016769214288916322,2.6921516664883497e-9,-5.710551220586313e-10,3.379354873158955e-10,-3.345225278454777e-10,-5.839772475304044e-10,-3.3452252608260223e-10,-5.839772523132449e-10,5.970331398422328e-10,-3.308759492940775e-10,0.0,0.0,0.0,0.0,0.0,0.0,0.0,0.0,4.837986807996568e-11,0.003388510623829451,0.01653348055420717
8,0.009696273622190719,10,11,50,8.557190294689589,-0.016079681646723076,0.08297285853446508,-0.0001559129930043452,2.042033868452897e-9,2.728473594353738e-10,4.400254889856959e-10,-4.299988518514663e-10,2.7512511194623614e-10,-4.29998847096854e-10,2.7512511629231054e-10,-2.7723084713154923e-10,-4.2008222557726e-10,0.0,0.0,0.0,0.0,0.0,0.0,0.0,0.0,4.837986807996568e-11,0.003388510623829451,0.01653348055420717
8,0.009696273622190719,10,9,51,8.557190293528125,-0.01607973922070978,-0.08297285852320321,0.0001559135512574738,2.0407298790792977e-9,0.0,0.0,0.0,0.0,0.0,0.0,0.0,0.0,-2.76926628182413e-10,-4.1989787953340575e-10,4.298075343621093e-10,-2.748192388028026e-10,4.2980753171101984e-10,-2.748192396191575e-10,2.7253990515665504e-10,4.398270798601879e-10,4.837986807996568e-11,0.003388510623829451,0.01653348055420717
8,0.009696273622190719,10,11,52,8.661251475638391,0.08794060073802967,0.08398186421839297,0.0008526961272557628,9.214367551172363e-10,2.1406894951206432e-10,9.357668922760533e-11,-8.926847823615902e-11,2.1234686096913072e-10,-8.926847901878866e-11,2.1234686038447768e-10,-2.1058904748901495e-10,-8.504519958525763e-11,0.0,0.0,0.0,0.0,0.0,0.0,0.0,0.0,4.837986807996568e-11,0.003388510623829451,0.01653348055420717
8,0.009696273622190719,10,9,53,8.661251492892532,0.08794056935972835,-0.08398186438569384,-0.0008526958230031675,9.201581506300363e-10,0.0,0.0,0.0,0.0,0.0,0.0,0.0,0.0,-2.102124652556274e-10,-8.513579325048953e-11,8.935495330944417e-11,-2.1196365496400948e-10,8.935495286420202e-11,-2.1196365303511503e-10,2.136790837844215e-10,9.365889123425031e-11,4.837986807996568e-11,0.003388510623829451,0.01653348055420717
8,0.009696273622190719,10,11,54,4.559453422280373,0.12921274042015782,0.04420970795006438,0.0012528820865869528,8.092881909405552e-10,-1.3706920597111792e-10,-1.5269662163682858e-10,1.4862615575453975e-10,-1.372602816962933e-10,1.4862615418257672e-10,-1.3726027897459502e-10,1.373918932736326e-10,1.44610580536464e-10,0.0,0.0,0.0,0.0,0.0,0.0,0.0,0.0,4.837986807996568e-11,0.003388510623829451,0.01653348055420717
8,0.009696273622190719,10,9,55,4.559453450810381,0.12921273253362445,-0.044209708226699146,-0.0012528820101169672,8.090203623839791e-10,0.0,0.0,0.0,0.0,0.0,0.0,0.0,0.0,1.3775925764522675e-10,1.4416937379396747e-10,-1.481839793840224e-10,1.3763916939595345e-10,-1.4818397790015967e-10,1.3763916506175436e-10,-1.3745979221856898e-10,-1.5225362728018546e-10,4.837986807996568e-11,0.003388510623829451,0.01653348055420717
8,0.009696273622190719,10,11,56,8.549324232162178,-0.02399255566451594,0.08289658703987005,-0.00023263838461878844,7.634386219003526e-10,6.418121205976714e-11,1.7688650343657453e-10,-1.803083051902733e-10,6.255142639606339e-11,-1.8030830606911406e-10,6.25514286939815e-11,-6.084951471591197e-11,-1.8375511397058877e-10,0.0,0.0,0.0,0.0,0.0,0.0,0.0,0.0,4.837986807996568e-11,0.003388510623829451,0.01653348055420717
8,0.009696273622190719,10,9,57,8.54932424375047,-0.02399256465743553,-0.0828965871522333,0.00023263847181659745,7.624614363701054e-10,0.0,0.0,0.0,0.0,0.0,0.0,0.0,0.0,-6.084963785761737e-11,-1.834940595414638e-10,1.8005094198302427e-10,-6.254790841029651e-11,1.8005094111322638e-10,-6.254791035542753e-11,6.417415554230646e-11,1.7663282827662116e-10,4.837986807996568e-11,0.003388510623829451,0.01653348055420717
8,0.009696273622190719,10,9,58,4.343382737403277,-0.08672793489728879,-0.042114627467761914,0.0008409377874516552,4.666594370374549e-10,0.0,0.0,0.0,0.0,0.0,0.0,0.0,0.0,8.976136578314714e-11,-7.708837774360006e-11,7.724999947717415e-11,8.741719291824206e-11,7.72500019764498e-11,8.741719743428884e-11,-8.51039175369856e-11,7.737665061862747e-11,4.837986807996568e-11,0.003388510623829451,0.01653348055420717
8,0.009696273622190719,10,11,59,4.343382768623963,-0.08672794292346434,0.042114627770486225,-0.0008409378652756495,4.662609758207572e-10,-8.482572050876712e-11,7.753603582677293e-11,-7.741562791044383e-11,-8.713734965961052e-11,-7.741563160370271e-11,-8.713735222671183e-11,8.947994061410016e-11,-7.726036250226853e-11,0.0,0.0,0.0,0.0,0.0,0.0,0.0,0.0,4.837986807996568e-11,0.003388510623829451,0.01653348055420717
8,0.009696273622190719,10,9,60,0.8370164657151976,-0.024443174674933024,-0.008115940677853572,0.0002370077098431533,6.949088099082778e-11,0.0,0.0,0.0,0.0,0.0,0.0,0.0,0.0,1.343756651960353e-11,1.1396048992350325e-11,-1.1047527729457408e-11,1.3406463340197717e-11,-1.1047530626739957e-11,1.3406468823286844e-11,-1.3370945553102597e-11,-1.070437118353379e-11,4.837986807996568e-11,0.003388510623829451,0.01653348055420717
8,0.009696273622190719,10,11,61,0.8370165025232297,-0.024443183656489606,0.008115941034754324,-0.00023700779693078345,6.937015889679771e-11,-1.3434743074164208e-11,-1.057615592653741e-11,1.0918418253488281e-11,-1.347300368654761e-11,1.0918412999274074e-11,-1.3473002650179706e-11,1.3506894777385313e-11,1.1266063710410203e-11,0.0,0.0,0.0,0.0,0.0,0.0,0.0,0.0,4.837986807996568e-11,0.003388510623829451,0.01653348055420717
8,0.009696273622190719,10,9,62,4.447452826179787,0.017294923413118196,-0.043123719524424634,-0.00016769630968842665,1.0596367284932649e-11,0.0,0.0,0.0,0.0,0.0,0.0,0.0,0.0,-1.396912653555958e-13,-2.6830500231696848e-12,2.6431636201647754e-12,-1.7512915930890926e-13,2.643164260680249e-12,-1.7512938094847058e-13,2.0951000019816467e-13,2.603347686926278e-12,4.837986807996568e-11,0.003388510623829451,0.01653348055420717
8,0.009696273622190719,10,11,63,4.447452823777544,0.017294924225226743,0.04312371950113183,0.00016769631756285332,7.28217900450461e-12,1.9710698401933923e-13,1.7840362827597236e-12,-1.8120905933850877e-12,1.7430325397495104e-13,-1.8120893956374822e-12,1.7430354746986262e-13,-1.5077496386473735e-13,-1.840213286480193e-12,0.0,0.0,0.0,0.0,0.0,0.0,0.0,0.0,4.837986807996568e-11,0.003388510623829451,0.01653348055420717
8,0.009696273622190719,10,11,64,4.455337421635902,0.025190373632813054,0.04320017071936741,0.0002442527553889738,6.639271492618151e-12,5.645445655643488e-13,-1.5858851037270935e-12,1.5713323905723811e-12,5.344475501276651e-13,1.5713323633331719e-12,5.344481169704484e-13,-5.049796039486466e-13,1.5565657546082257e-12,0.0,0.0,0.0,0.0,0.0,0.0,0.0,0.0,4.837986807996568e-11,0.003388510623829451,0.01653348055420717
8,0.009696273622190719,10,11,65,8.065825748440753,0.06693317795834594,0.07820845344579279,0.000649002407886907,4.821212207879285e-12,1.0479112995009412e-12,6.294134179910383e-13,-6.059011160449994e-13,1.0418705085747683e-12,-6.059012631482799e-13,1.0418703122869342e-12,-1.03558708105914e-12,-5.828056612666139e-13,0.0,0.0,0.0,0.0,0.0,0.0,0.0,0.0,4.837986807996568e-11,0.003388510623829451,0.01653348055420717
8,0.009696273622190719,10,9,66,4.455337415846387,0.02519037372980007,-0.04320017066323068,-0.00024425275632938647,4.777298184917749e-12,0.0,0.0,0.0,0.0,0.0,0.0,0.0,0.0,-1.6493719921763507e-13,1.165887004882234e-12,-1.1800062029489976e-12,-1.8399326986284113e-13,-1.1800065286368437e-12,-1.8399311692139709e-13,2.0352116560914492e-13,-1.1940520250286735e-12,4.837986807996568e-11,0.003388510623829451,0.01653348055420717
8,0.009696273622190719,10,9,67,8.06582574330151,0.06693317930260548,-0.07820845339596127,-0.0006490024209212153,4.191887610693067e-12,0.0,0.0,0.0,0.0,0.0,0.0,0.0,0.0,-9.51723775805613e-13,-4.021627227079288e-13,4.2150118699643977e-13,-9.594123832268385e-13,4.215011440810911e-13,-9.594123366186681e-13,9.669322627991162e-13,4.4122334134459207e-13,4.837986807996568e-11,0.003388510623829451,0.01653348055420717
8,0.009696273622190719,10,9,68,8.661177928936187,0.08793397989583804,-0.08398115108944439,-0.0008526319297582634,2.8395459508399733e-12,0.0,0.0,0.0,0.0,0.0,0.0,0.0,0.0,-3.0417342000848226e-13,-6.303297882578038e-13,6.436057921380381e-13,-2.994328367860867e-13,6.436058247313803e-13,-2.994327774180552e-13,2.944347268868982e-13,6.570015510022888e-13,4.837986807996568e-11,0.003388510623829451,0.01653348055420717
8,0.009696273622190719,10,11,69,8.661177922401102,0.08793398430552479,0.08398115102607842,0.0008526319725157927,2.7686612354103656e-12,3.0733110164356637e-13,6.311372174840021e-13,-6.179274076417333e-13,3.117861663123511e-13,-6.179274498234201e-13,3.11786152955488e-13,-3.159940226303567e-13,-6.048423042620381e-13,0.0,0.0,0.0,0.0,0.0,0.0,0.0,0.0,4.837986807996568e-11,0.003388510623829451,0.01653348055420717
8,0.009696273622190719,10,9,70,7.953845240016648,-0.04499325114476549,-0.07712265979576063,0.000436266874251592,1.988925662575999e-12,0.0,0.0,0.0,0.0,0.0,0.0,0.0,0.0,4.107729165826238e-13,-2.925260623711056e-13,2.9411767971583627e-13,4.008854789595445e-13,2.941177063529319e-13,4.0088542313153254e-13,-3.911156009021969e-13,2.955489432246381e-13,4.837986807996568e-11,0.003388510623829451,0.01653348055420717
8,0.009696273622190719,10,11,71,7.95384523655782,-0.044993248097528284,0.07712265976222289,-0.00043626684470474624,1.7098352741070836e-12,-3.7085631569177715e-13,2.0018377246859218e-13,-1.976947455470916e-13,-3.7897171790880496e-13,-1.9769480049111237e-13,-3.7897168389824474e-13,3.8716613553000485e-13,-1.9505417095069566e-13,0.0,0.0,0.0,0.0,0.0,0.0,0.0,0.0,4.837986807996568e-11,0.003388510623829451,0.01653348055420717
8,0.009696273622190719,10,11,72,8.54921748473846,-0.02397662038315093,0.08289555198764122,-0.00023248387177042672,1.127002407080775e-12,-4.464693641474107e-14,-2.7416906844322464e-13,2.786862500935273e-13,-4.134549428336102e-14,2.7868619687365954e-13,-4.134559146152133e-14,3.793267343054765e-14,2.8321989545989533e-13,0.0,0.0,0.0,0.0,0.0,0.0,0.0,0.0,4.837986807996568e-11,0.003388510623829451,0.01653348055420717
8,0.009696273622190719,10,9,73,8.549217477654961,-0.02397661693028895,-0.08289555191895767,0.00023248383829053214,1.118443491791723e-12,0.0,0.0,0.0,0.0,0.0,0.0,0.0,0.0,6.887184103217238e-14,2.7508834483530715e-13,-2.7023820060480043e-13,7.173392783246837e-14,-2.7023814039560385e-13,7.173390645833355e-14,-7.44878903072505e-14,-2.6541666863438857e-13,4.837986807996568e-11,0.003388510623829451,0.01653348055420717
8,0.009696273622190719,10,11,74,4.335484537105926,-0.09462426208599967,0.042038044356555934,-0.0009175027364837399,1.3206083953936285e-21,1.7266171662687334e-22,2.759108538739046e-22,-2.7943261755102167e-22,1.7266253146926007e-22,-2.8391237230705166e-22,1.717149082344929e-22,-1.7166112692403393e-22,-2.8750210562995965e-22,0.0,0.0,0.0,0.0,0.0,0.0,0.0,0.0,4.837986807996568e-11,0.003388510623829451,0.01653348055420717
8,0.009696273622190719,10,11,75,4.567338319451422,0.13710885646319815,0.044286162070517714,0.0013294449882928416,9.406443979878505e-22,-1.014612718633587e-22,-2.1658248681085565e-22,2.1171877419261585e-22,-1.0322148471609312e-22,2.1134108959311857e-22,-1.0218340919212014e-22,1.0385242951761911e-22,2.0654649163322566e-22,0.0,0.0,0.0,0.0,0.0,0.0,0.0,0.0,4.837986807996568e-11,0.003388510623829451,0.01653348055420717
8,0.009696273622190719,10,9,76,4.567338307086183,0.13710886192109947,-0.04428616195062097,-0.0013294450412141463,3.3976573732647718e-22,0.0,0.0,0.0,0.0,0.0,0.0,0.0,0.0,1.0702451150125396e-23,8.233655353565715e-23,-8.511878054263472e-23,8.525495635208567e-24,-8.374372245416346e-23,9.829856935782237e-24,-7.584189660388696e-24,-8.654149638734013e-23,4.837986807996568e-11,0.003388510623829451,0.01653348055420717
8,0.009696273622190719,10,9,77,4.33548545575098,-0.09462426534614553,-0.04203805326398974,0.0009175027680950063,2.95138335043508e-22,0.0,0.0,0.0,0.0,0.0,0.0,0.0,0.0,4.716781624560719e-23,-5.818525834297578e-23,5.865664662038859e-23,4.4927963848668985e-23,5.874298096482364e-23,4.446640831078597e-23,-4.2249053802188337e-23,5.913313432116922e-23,4.837986807996568e-11,0.003388510623829451,0.01653348055420717
8,0.009696273622190719,10,9,78,8.073720437566461,0.0748145566291632,-0.07828500251171779,-0.0007254224119992489,1.8937993061789561e-22,0.0,0.0,0.0,0.0,0.0,0.0,0.0,0.0,4.664896628328498e-23,5.462395128730415e-25,-9.844667535178261e-25,4.723988171929617e-23,-1.2384386610990818e-24,4.741864134415834e-23,-4.8012990715214535e-23,-1.6926244116082262e-24,4.837986807996568e-11,0.003388510623829451,0.01653348055420717
8,0.009696273622190719,10,11,79,7.945949607956631,-0.05288600793001976,0.07704610158688657,-0.0005127972036748198,1.2320830951781232e-22,1.4766589082024142e-23,2.662556786756015e-23,-2.712126609073653e-23,1.4660141987275586e-23,-2.7114325270376934e-23,1.4551343945027174e-23,-1.4436843369837265e-23,-2.7613795864561155e-23,0.0,0.0,0.0,0.0,0.0,0.0,0.0,0.0,4.837986807996568e-11,0.003388510623829451,0.01653348055420717
