iteration,scale,ground_charge,charge,support_rank,energy_real,energy_imag,energy_abs,physical_gap_abs,addition_weight_abs,removal_weight_abs,total_weight_abs,addition_residue_real,addition_residue_imag,removal_residue_real,removal_residue_imag,max_residual,biorth_error,min_pair_overlap
0,0.7853981633974483,2,1,0,0.22121023244133664,0.0009693221000227521,0.22121235616954985,0.17373977825638665,0.0,25.03884783553351,25.03884783553351,0.0,0.0,0.500722130728553,0.0021814966905271405,4.3107195189214655e-15,5.395886431250869e-13,0.00019999999644663643
0,0.7853981633974483,2,3,1,0.2212102324413422,0.0009693221000173777,0.22121235616955537,0.17373977825639098,25.038847835530134,0.0,25.038847835530134,0.5007221307285565,0.002181496690525364,0.0,0.0,4.3107195189214655e-15,5.395886431250869e-13,0.00019999999644663643
0,0.7853981633974483,2,1,2,0.2192798887838549,-0.0009608242572129637,0.21928199380777488,0.17222367520275703,0.0,24.820653024389685,24.820653024389685,0.0,0.0,0.49635862954631627,-0.0021813923461238005,4.3107195189214655e-15,5.395886431250869e-13,0.00019999999644663643
0,0.7853981633974483,2,3,3,0.21927988878384924,-0.0009608242572076153,0.2192819938077692,0.17222367520275256,24.82065302438694,0.0,24.82065302438694,0.4963586295463127,-0.002181392346122024,0.0,0.0,4.3107195189214655e-15,5.395886431250869e-13,0.00019999999644663643
0,0.7853981633974483,2,3,4,0.663290838747995,0.0008470123391901831,0.6632913795587286,0.5209478313027852,0.07353755820252651,0.0,0.07353755820252651,0.0014705637874910978,1.0888790082663052e-5,0.0,0.0,4.3107195189214655e-15,5.395886431250869e-13,0.00019999999644663643
0,0.7853981633974483,2,1,5,0.6632908387479978,0.0008470123391906424,0.6632913795587314,0.5209478313027874,0.0,0.0735375582023958,0.0735375582023958,0.0,0.0,0.001470563787490338,1.0888790082038552e-5,4.3107195189214655e-15,5.395886431250869e-13,0.00019999999644663643
0,0.7853981633974483,2,3,6,0.6616197370730899,-0.0008239265094441413,0.6616202500978621,0.5196353292934213,0.07244312612929958,0.0,0.07244312612929958,0.0014486759376403785,-1.0993134486218109e-5,0.0,0.0,4.3107195189214655e-15,5.395886431250869e-13,0.00019999999644663643
0,0.7853981633974483,2,1,7,0.6616197370730872,-0.0008239265094445144,0.6616202500978594,0.5196353292934192,0.0,0.07244312612915421,0.07244312612915421,0.0,0.0,0.0014486759376409267,-1.0993134485815653e-5,4.3107195189214655e-15,5.395886431250869e-13,0.00019999999644663643
1,0.4534498410585544,3,4,0,0.04841801050009353,0.002855018109546255,0.048502112007550814,0.02199327498082812,45.43203922095049,0.0,45.43203922095049,0.9085499260224559,-4.495700587625606e-5,0.0,0.0,5.064467443036968e-13,2.102012285815195e-10,0.018566565176321874
1,0.4534498410585544,3,2,1,0.048418010500102415,0.002855018109546198,0.048502112007559675,0.021993274980832138,0.0,45.43203922095033,45.43203922095033,0.0,0.0,0.9085499260225003,-4.495700583717621e-5,5.064467443036968e-13,2.102012285815195e-10,0.018566565176321874
1,0.4534498410585544,3,2,2,1.265204502331398,-0.00013197816850189087,1.2652045092149637,0.5737067836100916,0.0,2.101588413927032,2.101588413927032,0.0,0.0,0.0420271462597519,-0.00018770271351542522,5.064467443036968e-13,2.102012285815195e-10,0.018566565176321874
1,0.4534498410585544,3,4,3,1.265204502331318,-0.00013197816851766948,1.2652045092148838,0.5737067836100554,2.1015884138400454,0.0,2.1015884138400454,0.04202714625974824,-0.00018770271348611534,0.0,0.0,5.064467443036968e-13,2.102012285815195e-10,0.018566565176321874
1,0.4534498410585544,3,2,4,1.2679490844801693,0.001342934721961371,1.267949795657449,0.5749516333110968,0.0,1.9634478570961127,1.9634478570961127,0.0,0.0,0.038047019219620726,0.009703965791324709,5.064467443036968e-13,2.102012285815195e-10,0.018566565176321874
1,0.4534498410585544,3,4,5,1.2679490844801737,0.0013429347220064005,1.2679497956574537,0.5749516333110989,1.9634478569697849,0.0,1.9634478569697849,0.038047019219476286,0.009703965791012181,0.0,0.0,5.064467443036968e-13,2.102012285815195e-10,0.018566565176321874
1,0.4534498410585544,3,2,6,1.2775974905218572,0.00436910809544322,1.277604961204087,0.5793297665936138,0.0,0.7398208046438728,0.7398208046438728,0.0,0.0,0.011365971898136762,-0.009471263415539555,5.064467443036968e-13,2.102012285815195e-10,0.018566565176321874
1,0.4534498410585544,3,4,7,1.2775974905218983,0.004369108095409682,1.277604961204128,0.5793297665936324,0.7398208046312869,0.0,0.7398208046312869,0.011365971898212715,-0.009471263415225362,0.0,0.0,5.064467443036968e-13,2.102012285815195e-10,0.018566565176321874
1,0.4534498410585544,3,2,8,2.5747907621211326,0.0028558008642419353,2.5747923458607103,1.1675391799893216,0.0,0.00024967272705731,0.00024967272705731,0.0,0.0,4.992897126051665e-6,2.4088327377880898e-8,5.064467443036968e-13,2.102012285815195e-10,0.018566565176321874
1,0.4534498410585544,3,4,9,2.5747907621211286,0.002855800864238349,2.5747923458607063,1.1675391799893198,0.00024967272705039975,0.0,0.00024967272705039975,4.99289712606744e-6,2.4088327491830546e-8,0.0,0.0,5.064467443036968e-13,2.102012285815195e-10,0.018566565176321874
1,0.4534498410585544,3,2,10,2.583160849348257,0.002571782074607815,2.583162129574651,1.1713344570841024,0.0,0.00015948461809302657,0.00015948461809302657,0.0,0.0,3.1890767929692947e-6,-4.3497140465681655e-8,5.064467443036968e-13,2.102012285815195e-10,0.018566565176321874
1,0.4534498410585544,3,4,11,2.5831608493482916,0.0025717820745994936,2.583162129574686,1.1713344570841182,0.00015948461809163941,0.0,0.00015948461809163941,3.189076793003054e-6,-4.3497140292954697e-8,0.0,0.0,5.064467443036968e-13,2.102012285815195e-10,0.018566565176321874
1,0.4534498410585544,3,2,12,2.5834454130920204,0.002856645762100805,2.5834469924601144,1.1714636281142392,0.0,7.967517510526061e-5,7.967517510526061e-5,0.0,0.0,1.5931735878945196e-6,-2.3314007525520355e-8,5.064467443036968e-13,2.102012285815195e-10,0.018566565176321874
1,0.4534498410585544,3,4,13,2.5834454130919964,0.0028566457621003578,2.5834469924600905,1.1714636281142283,7.967517510307912e-5,0.0,7.967517510307912e-5,1.593173588049215e-6,-2.331400774986889e-8,0.0,0.0,5.064467443036968e-13,2.102012285815195e-10,0.018566565176321874
1,0.4534498410585544,3,2,14,3.8005107918768837,-0.00010764437088377904,3.8005107934013247,1.7233410152091513,0.0,3.941196322111514e-6,3.941196322111514e-6,0.0,0.0,7.881468046542119e-8,-4.637201724382661e-10,5.064467443036968e-13,2.102012285815195e-10,0.018566565176321874
1,0.4534498410585544,3,4,15,3.8005107918769157,-0.00010764437087606646,3.8005107934013567,1.7233410152091657,3.941196322064032e-6,0.0,3.941196322064032e-6,7.881468047037845e-8,-4.637201467583447e-10,0.0,0.0,5.064467443036968e-13,2.102012285815195e-10,0.018566565176321874
1,0.4534498410585544,3,2,16,3.803231758448652,0.001350215053983352,3.8032319981238483,1.7245749450580672,0.0,3.4737024572069244e-6,3.4737024572069244e-6,0.0,0.0,6.776774948474448e-8,1.5271228604124132e-8,5.064467443036968e-13,2.102012285815195e-10,0.018566565176321874
1,0.4534498410585544,3,4,17,3.8032317584486717,0.001350215054013313,3.803231998123868,1.724574945058076,3.473702457022954e-6,0.0,3.473702457022954e-6,6.776774947985096e-8,1.5271228610492232e-8,0.0,0.0,5.064467443036968e-13,2.102012285815195e-10,0.018566565176321874
1,0.4534498410585544,3,2,18,3.8127840159938398,0.004364433258521287,3.8127865139417105,1.7289074387370684,0.0,1.047028790874295e-6,1.047028790874295e-6,0.0,0.0,1.4870158672998558e-8,-1.4741044925890193e-8,5.064467443036968e-13,2.102012285815195e-10,0.018566565176321874
1,0.4534498410585544,3,4,19,3.8127840159938016,0.004364433258529524,3.8127865139416723,1.728907438737051,1.0470287907106e-6,0.0,1.0470287907106e-6,1.4870158668443823e-8,-1.4741044932166813e-8,0.0,0.0,5.064467443036968e-13,2.102012285815195e-10,0.018566565176321874
1,0.4534498410585544,3,2,20,5.1189313971729975,0.002857636331988301,5.118932194808689,2.3211789901255173,0.0,5.459368803302167e-16,5.459368803302167e-16,0.0,0.0,8.64680733525245e-20,1.09172996833929e-17,5.064467443036968e-13,2.102012285815195e-10,0.018566565176321874
1,0.4534498410585544,3,4,21,5.118931397173005,0.0028576363319831087,5.118932194808696,2.3211789901255204,5.459362619240722e-16,0.0,5.459362619240722e-16,8.656874174032456e-20,1.0917251233243401e-17,0.0,0.0,5.064467443036968e-13,2.102012285815195e-10,0.018566565176321874
1,0.4534498410585544,3,2,22,1.2711808503714388,0.005843767359235381,1.2711942825422096,0.576422845373308,0.0,3.776518912297234e-21,3.776518912297234e-21,0.0,0.0,-2.466647713718698e-24,-5.517014060778044e-23,5.064467443036968e-13,2.102012285815195e-10,0.018566565176321874
1,0.4534498410585544,3,4,23,1.2711808503714657,0.005843767359222392,1.2711942825422364,0.5764228453733202,1.8898844521298234e-21,0.0,1.8898844521298234e-21,-2.2771630332610987e-23,-3.388268901548851e-23,0.0,0.0,5.064467443036968e-13,2.102012285815195e-10,0.018566565176321874
1,0.4534498410585544,3,2,24,2.5837299767528186,0.003140864049920127,2.583731885819057,1.1715928129625703,0.0,1.5444204075690947e-24,1.5444204075690947e-24,0.0,0.0,3.286515674617523e-26,-2.708417710811384e-26,5.064467443036968e-13,2.102012285815195e-10,0.018566565176321874
1,0.4534498410585544,3,4,25,2.583729976752821,0.003140864049945426,2.583731885819059,1.1715928129625715,1.226003838596766e-24,0.0,1.226003838596766e-24,1.8370598873580073e-27,-1.299564044413964e-27,0.0,0.0,5.064467443036968e-13,2.102012285815195e-10,0.018566565176321874
1,0.4534498410585544,3,2,26,3.8064410890250002,0.005822053203958599,3.806445541515252,1.726032125798134,0.0,1.9921421449472113e-25,1.9921421449472113e-25,0.0,0.0,3.78578872992772e-27,-2.6253032299678836e-27,5.064467443036968e-13,2.102012285815195e-10,0.018566565176321874
1,0.4534498410585544,3,4,27,3.806441089024994,0.005822053203921797,3.8064455415152456,1.7260321257981313,1.9333536858717056e-25,0.0,1.9333536858717056e-25,4.077996410757967e-27,-3.3686509532099285e-28,0.0,0.0,5.064467443036968e-13,2.102012285815195e-10,0.018566565176321874
1,0.4534498410585544,3,2,28,2.5884599363124288,0.002856474024723083,2.588461512431351,1.1737374613981815,0.0,5.77208310264857e-26,5.77208310264857e-26,0.0,0.0,2.2350423531088512e-28,1.7531914707196107e-29,5.064467443036968e-13,2.102012285815195e-10,0.018566565176321874
1,0.4534498410585544,3,4,29,2.588459936312428,0.0028564740247235664,2.58846151243135,1.173737461398181,5.277842715673065e-26,0.0,5.277842715673065e-26,4.575824041083345e-29,2.3859376906690383e-29,0.0,0.0,5.064467443036968e-13,2.102012285815195e-10,0.018566565176321874
2,0.2617993877991494,4,5,0,0.28014069873491176,0.0029491535025507496,0.2801562217657609,0.07334472734639894,23.366275119115503,0.0,23.366275119115503,0.46725392838735047,0.004818554379692586,0.0,0.0,1.63986846861315e-12,1.9521782745691812e-10,0.019393856264861193
2,0.2617993877991494,4,3,1,0.2801406987353636,0.0029491535024497315,0.2801562217662117,0.07334472734651695,0.0,23.366275111752284,23.366275111752284,0.0,0.0,0.4672539283861994,0.004818554380401352,1.63986846861315e-12,1.9521782745691812e-10,0.019393856264861193
2,0.2617993877991494,4,5,2,0.27430400405470834,-0.0028868263353442327,0.27431919438263136,0.07181659715092875,22.88420833570877,0.0,22.88420833570877,0.4576130281504387,-0.004819052405331092,0.0,0.0,1.63986846861315e-12,1.9521782745691812e-10,0.019393856264861193
2,0.2617993877991494,4,3,3,0.274304004054008,-0.002886826335011778,0.2743191943819276,0.07181659715074451,0.0,22.884208328145277,22.884208328145277,0.0,0.0,0.4576130281499866,-0.004819052404943847,1.63986846861315e-12,1.9521782745691812e-10,0.019393856264861193
2,0.2617993877991494,4,5,4,2.401579269264892,0.00020329124955682266,2.401579277869091,0.6287319846972514,1.5930578418849217,0.0,1.5930578418849217,0.031857550185814376,0.00016390041979330583,0.0,0.0,1.63986846861315e-12,1.9521782745691812e-10,0.019393856264861193
2,0.2617993877991494,4,3,5,2.4015792692640474,0.0002032912498324416,2.4015792778682465,0.6287319846970303,0.0,1.5930578339505277,1.5930578339505277,0.0,0.0,0.03185755018601122,0.00016390041973279867,1.63986846861315e-12,1.9521782745691812e-10,0.019393856264861193
2,0.2617993877991494,4,5,6,2.4011746972641044,-0.00020123506218300367,2.4011747056965502,0.6286260679501596,1.5767846253148874,0.0,1.5767846253148874,0.03153212647407333,-0.00016149366944384624,0.0,0.0,1.63986846861315e-12,1.9521782745691812e-10,0.019393856264861193
2,0.2617993877991494,4,3,7,2.401174697265855,-0.00020123506333247394,2.401174705698301,0.6286260679506179,0.0,1.5767846172591349,1.5767846172591349,0.0,0.0,0.03153212647383019,-0.00016149366932738385,1.63986846861315e-12,1.9521782745691812e-10,0.019393856264861193
2,0.2617993877991494,4,5,8,0.8431790722345835,0.002240849560229471,0.8431820498926224,0.22074454446512037,0.2932052788467089,0.0,0.2932052788467089,0.005862604444125605,0.00010357015921542978,0.0,0.0,1.63986846861315e-12,1.9521782745691812e-10,0.019393856264861193
2,0.2617993877991494,4,3,9,0.8431790722351851,0.0022408495600232106,0.8431820498932233,0.22074454446527772,0.0,0.29320527872361035,0.29320527872361035,0.0,0.0,0.005862604444235989,0.00010357015915486711,1.63986846861315e-12,1.9521782745691812e-10,0.019393856264861193
2,0.2617993877991494,4,5,10,0.8388486027226882,-0.0020893070189061257,0.8388512046207156,0.21961073182428237,0.28274611707627506,0.0,0.28274611707627506,0.00565337357495474,-0.00010544758811870114,0.0,0.0,1.63986846861315e-12,1.9521782745691812e-10,0.019393856264861193
2,0.2617993877991494,4,3,11,0.8388486027214468,-0.002089307018385794,0.8388512046194728,0.219610731823957,0.0,0.2827461169623946,0.2827461169623946,0.0,0.0,0.0056533735749232095,-0.00010544758811699417,1.63986846861315e-12,1.9521782745691812e-10,0.019393856264861193
2,0.2617993877991494,4,3,12,2.92099185934679,-0.0018144902142110805,2.9209924229181006,0.7647140280859128,0.0,0.0030834884801850078,0.0030834884801850078,0.0,0.0,6.020067310547441e-5,-1.3352112789392955e-5,1.63986846861315e-12,1.9521782745691812e-10,0.019393856264861193
2,0.2617993877991494,4,5,13,2.920991859347998,-0.0018144902148676178,2.920992422919309,0.7647140280862292,0.0030834884797515325,0.0,0.0030834884797515325,6.0200673091036195e-5,-1.3352112781498662e-5,0.0,0.0,1.63986846861315e-12,1.9521782745691812e-10,0.019393856264861193
2,0.2617993877991494,4,3,14,2.9278751579548734,0.0042848780882134814,2.927878293363559,0.7665167447529981,0.0,0.0030711657946313753,0.0030711657946313753,0.0,0.0,6.129737012130175e-5,-3.8342764590530015e-6,1.63986846861315e-12,1.9521782745691812e-10,0.019393856264861193
2,0.2617993877991494,4,5,15,2.9278751579551794,0.004284878088234014,2.927878293363865,0.7665167447530782,0.003071165794206893,0.0,0.003071165794206893,6.129737010862591e-5,-3.834276455921392e-6,0.0,0.0,1.63986846861315e-12,1.9521782745691812e-10,0.019393856264861193
2,0.2617993877991494,4,3,16,2.9969157590194326,0.00020172166963765194,2.996915765808351,0.7845907127742453,0.0,0.002435934628589061,0.002435934628589061,0.0,0.0,4.871249968678513e-5,3.590503569461667e-7,1.63986846861315e-12,1.9521782745691812e-10,0.019393856264861193
2,0.2617993877991494,4,5,17,2.9969157590189526,0.00020172167022786038,2.996915765807871,0.7845907127741196,0.002435934604748304,0.0,0.002435934604748304,4.871249968504694e-5,3.5905035747514896e-7,0.0,0.0,1.63986846861315e-12,1.9521782745691812e-10,0.019393856264861193
2,0.2617993877991494,4,3,18,2.9966202366275096,-9.377791601397362e-5,2.996620238094879,0.7845133437997807,0.0,0.002399082030176012,0.002399082030176012,0.0,0.0,4.7975358418170916e-5,-3.7764257965308863e-7,1.63986846861315e-12,1.9521782745691812e-10,0.019393856264861193
2,0.2617993877991494,4,5,19,2.996620236628225,-9.377791669941057e-5,2.9966202380955944,0.784513343799968,0.002399082006680274,0.0,0.002399082006680274,4.797535841788013e-5,-3.77642578417315e-7,0.0,0.0,1.63986846861315e-12,1.9521782745691812e-10,0.019393856264861193
2,0.2617993877991494,4,3,20,2.9140853021278468,-0.0031259406701115303,2.9140869787263757,0.7629061870240381,0.0,0.0006378679665889014,0.0006378679665889014,0.0,0.0,2.2680892558882564e-6,1.2552826043814579e-5,1.63986846861315e-12,1.9521782745691812e-10,0.019393856264861193
2,0.2617993877991494,4,5,21,2.9140853021265607,-0.0031259406697272804,2.914086978725089,0.7629061870237013,0.0006378679663532098,0.0,0.0006378679663532098,2.2680892711364757e-6,1.2552826035906246e-5,0.0,0.0,1.63986846861315e-12,1.9521782745691812e-10,0.019393856264861193
2,0.2617993877991494,4,5,22,2.9173289656365973,0.000900636709166347,2.9173291046587084,0.7637549736082906,0.00026910458283639475,0.0,0.00026910458283639475,2.75825727550887e-6,4.620945189352682e-6,0.0,0.0,1.63986846861315e-12,1.9521782745691812e-10,0.019393856264861193
2,0.2617993877991494,4,3,23,2.9173289656366084,0.0009006367095970537,2.9173291046587195,0.7637549736082935,0.0,0.00026910458190101266,0.00026910458190101266,0.0,0.0,2.758257271132298e-6,4.620945187654164e-6,1.63986846861315e-12,1.9521782745691812e-10,0.019393856264861193
2,0.2617993877991494,4,3,24,5.078261288814208,0.0028860682431585925,5.078262108916675,1.329485911198003,0.0,5.245207512108514e-5,5.245207512108514e-5,0.0,0.0,1.0488240587465001e-6,1.5365172432276668e-8,1.63986846861315e-12,1.9521782745691812e-10,0.019393856264861193
2,0.2617993877991494,4,5,25,5.0782612888143746,0.0028860682429266505,5.078262108916842,1.3294859111980466,5.2452075111789135e-5,0.0,5.2452075111789135e-5,1.0488240585360057e-6,1.5365172299560158e-8,0.0,0.0,1.63986846861315e-12,1.9521782745691812e-10,0.019393856264861193
2,0.2617993877991494,4,5,26,5.072553303316807,-0.0028212068398975132,5.072554087853405,1.327991554778094,5.0860985000869495e-5,0.0,5.0860985000869495e-5,1.017000236505921e-6,-1.547636941911639e-8,0.0,0.0,1.63986846861315e-12,1.9521782745691812e-10,0.019393856264861193
2,0.2617993877991494,4,3,27,5.072553303316708,-0.002821206839772724,5.072554087853305,1.327991554778068,0.0,5.0860984969947886e-5,5.0860984969947886e-5,0.0,0.0,1.0170002357730208e-6,-1.5476369110315282e-8,1.63986846861315e-12,1.9521782745691812e-10,0.019393856264861193
2,0.2617993877991494,4,5,28,5.085598501635705,0.0009648121790710399,5.085598593155172,1.3314065982802397,5.0825139364722496e-5,0.0,5.0825139364722496e-5,9.94798979912534e-7,-2.0843773156523033e-7,0.0,0.0,1.63986846861315e-12,1.9521782745691812e-10,0.019393856264861193
2,0.2617993877991494,4,3,29,5.08559850163557,0.0009648121789897039,5.085598593155037,1.3314065982802041,0.0,5.082513930834732e-5,5.082513930834732e-5,0.0,0.0,9.947989797578675e-7,-2.084377315788574e-7,1.63986846861315e-12,1.9521782745691812e-10,0.019393856264861193
2,0.2617993877991494,4,5,30,5.087329712260063,0.0018033925751928352,5.0873300318997225,1.3318598878835746,4.9124493901044696e-5,0.0,4.9124493901044696e-5,9.793838288432498e-7,-7.68157196590397e-8,0.0,0.0,1.63986846861315e-12,1.9521782745691812e-10,0.019393856264861193
2,0.2617993877991494,4,3,31,5.0873297122609396,0.0018033925746026502,5.087330031900599,1.3318598878838042,0.0,4.912449388953726e-5,4.912449388953726e-5,0.0,0.0,9.793838289670962e-7,-7.681571970031732e-8,1.63986846861315e-12,1.9521782745691812e-10,0.019393856264861193
2,0.2617993877991494,4,5,32,5.077685923624231,-0.0005309980188641502,5.077685951388738,1.3293350735099132,1.0576487852205317e-5,0.0,1.0576487852205317e-5,3.181639249907395e-8,2.0910190833873607e-7,0.0,0.0,1.63986846861315e-12,1.9521782745691812e-10,0.019393856264861193
2,0.2617993877991494,4,3,33,5.077685923624272,-0.0005309980189382758,5.077685951388779,1.3293350735099239,0.0,1.057648784531816e-5,1.057648784531816e-5,0.0,0.0,3.1816392355033454e-8,2.0910190820641555e-7,1.63986846861315e-12,1.9521782745691812e-10,0.019393856264861193
2,0.2617993877991494,4,3,34,5.075218819636648,-0.0021054248721601573,5.075219256348232,1.3286892942584214,0.0,4.471021261864087e-6,4.471021261864087e-6,0.0,0.0,4.68680860437539e-8,7.614326045648618e-8,1.63986846861315e-12,1.9521782745691812e-10,0.019393856264861193
2,0.2617993877991494,4,5,35,5.075218819636563,-0.002105424872163876,5.075219256348147,1.3286892942583992,4.471021251372259e-6,0.0,4.471021251372259e-6,4.6868086044792784e-8,7.614326041999918e-8,0.0,0.0,1.63986846861315e-12,1.9521782745691812e-10,0.019393856264861193
2,0.2617993877991494,4,5,36,7.204422243574062,0.00020358859334226181,7.204422246450651,1.8861133335673532,1.1435038471745047e-6,0.0,1.1435038471745047e-6,2.2867375323960297e-8,1.3770872578631907e-10,0.0,0.0,1.63986846861315e-12,1.9521782745691812e-10,0.019393856264861193
2,0.2617993877991494,4,3,37,7.204422243573838,0.0002035885934657802,7.204422246450426,1.8861133335672944,0.0,1.143503844989967e-6,1.143503844989967e-6,0.0,0.0,2.2867375319708827e-8,1.3770873543418316e-10,1.63986846861315e-12,1.9521782745691812e-10,0.019393856264861193
2,0.2617993877991494,4,5,38,7.20402111618089,-0.0001974930238538928,7.204021118887954,1.8860083186170096,1.129883778946773e-6,0.0,1.129883778946773e-6,2.2595014493829707e-8,-1.3464678284289183e-10,0.0,0.0,1.63986846861315e-12,1.9521782745691812e-10,0.019393856264861193
2,0.2617993877991494,4,3,39,7.204021116180977,-0.00019749302408956278,7.204021118888041,1.8860083186170324,0.0,1.1298837761737658e-6,1.1298837761737658e-6,0.0,0.0,2.259501450499196e-8,-1.346467887250592e-10,1.63986846861315e-12,1.9521782745691812e-10,0.019393856264861193
2,0.2617993877991494,4,3,40,5.639736168269374,0.0022811043718015452,5.639736629588555,1.476479596974722,0.0,1.5992953642743902e-7,1.5992953642743902e-7,0.0,0.0,3.1972250728680816e-9,8.177638278659168e-11,1.63986846861315e-12,1.9521782745691812e-10,0.019393856264861193
2,0.2617993877991494,4,5,41,5.639736168269309,0.002281104371703673,5.63973662958849,1.4764795969747049,1.5992953511666961e-7,0.0,1.5992953511666961e-7,3.1972250456237036e-9,8.177638656122196e-11,0.0,0.0,1.63986846861315e-12,1.9521782745691812e-10,0.019393856264861193
2,0.2617993877991494,4,5,42,5.635327365069142,-0.002127339692626631,5.635327766605177,1.4753253593447833,1.5113323040282396e-7,0.0,1.5113323040282396e-7,3.021111084486676e-9,-8.696585040499019e-11,0.0,0.0,1.63986846861315e-12,1.9521782745691812e-10,0.019393856264861193
2,0.2617993877991494,4,3,43,5.635327365068573,-0.002127339692457085,5.6353277666046075,1.4753253593446343,0.0,1.5113323016656288e-7,1.5113323016656288e-7,0.0,0.0,3.021111070435359e-9,-8.696583699698803e-11,1.63986846861315e-12,1.9521782745691812e-10,0.019393856264861193
2,0.2617993877991494,4,5,44,5.647947558288236,0.0007808757284816286,5.647947612269518,1.4786292272138275,1.5033479924223069e-7,0.0,1.5033479924223069e-7,2.9439075088658062e-9,-6.097709481290721e-10,0.0,0.0,1.63986846861315e-12,1.9521782745691812e-10,0.019393856264861193
2,0.2617993877991494,4,3,45,5.647947558288344,0.0007808757282970757,5.6479476122696255,1.4786292272138557,0.0,1.5033479862816462e-7,1.5033479862816462e-7,0.0,0.0,2.9439075304119355e-9,-6.097709488713509e-10,1.63986846861315e-12,1.9521782745691812e-10,0.019393856264861193
2,0.2617993877991494,4,3,46,5.64916924295212,0.0013506828851053516,5.6491694044222545,1.4789490916514316,0.0,1.4766235103404452e-7,1.4766235103404452e-7,0.0,0.0,2.9465666627426394e-9,-1.94086569775025e-10,1.63986846861315e-12,1.9521782745691812e-10,0.019393856264861193
2,0.2617993877991494,4,5,47,5.649169242951274,0.0013506828858979147,5.649169404421408,1.47894909165121,1.476623498267042e-7,0.0,1.476623498267042e-7,2.946566663250138e-9,-1.9408656932190869e-10,0.0,0.0,1.63986846861315e-12,1.9521782745691812e-10,0.019393856264861193
2,0.2617993877991494,4,5,48,5.642121259182656,-0.00030795268261829805,5.64212126758684,1.4771038937427956,3.0150202755615395e-8,0.0,3.0150202755615395e-8,9.519836005652247e-11,5.953809158431081e-10,0.0,0.0,1.63986846861315e-12,1.9521782745691812e-10,0.019393856264861193
2,0.2617993877991494,4,3,49,5.642121259182726,-0.0003079526826269153,5.64212126758691,1.477103893742814,0.0,3.015020236458208e-8,3.015020236458208e-8,0.0,0.0,9.5198353333751e-11,5.953809169912563e-10,1.63986846861315e-12,1.9521782745691812e-10,0.019393856264861193
2,0.2617993877991494,4,5,50,5.640262673046795,-0.001514641310584112,5.640262876418375,1.4766173680726,1.241258736025649e-8,0.0,1.241258736025649e-8,1.309502055698921e-10,2.1087594885632577e-10,0.0,0.0,1.63986846861315e-12,1.9521782745691812e-10,0.019393856264861193
2,0.2617993877991494,4,3,51,5.640262673046892,-0.0015146413105280392,5.640262876418472,1.4766173680726253,0.0,1.241258708963257e-8,1.241258708963257e-8,0.0,0.0,1.309501988648463e-10,2.1087594755615666e-10,1.63986846861315e-12,1.9521782745691812e-10,0.019393856264861193
2,0.2617993877991494,4,5,52,3.5195133674484866,-5.708928235381976e-5,3.5195133679115034,0.9214064450701541,2.863700957489285e-9,0.0,2.863700957489285e-9,4.0749931787291e-11,4.0237943530893735e-11,0.0,0.0,1.63986846861315e-12,1.9521782745691812e-10,0.019393856264861193
2,0.2617993877991494,4,3,53,3.5195133674477312,-5.7089282293898945e-5,3.519513367910748,0.9214064450699563,0.0,2.8637008027047505e-9,2.8637008027047505e-9,0.0,0.0,4.074993790771512e-11,4.023794329998048e-11,1.63986846861315e-12,1.9521782745691812e-10,0.019393856264861193
2,0.2617993877991494,4,3,54,3.5198148778420366,0.00024439932716017673,3.5198148863270045,0.9214853824067424,0.0,4.990501313990282e-10,4.990501313990282e-10,0.0,0.0,-7.103821345405817e-12,-7.009718357789583e-12,1.63986846861315e-12,1.9521782745691812e-10,0.019393856264861193
2,0.2617993877991494,4,5,55,3.5198148778415472,0.00024439932727263886,3.519814886326515,0.9214853824066143,4.990501061412166e-10,0.0,4.990501061412166e-10,-7.103822088417028e-12,-7.00971937531473e-12,0.0,0.0,1.63986846861315e-12,1.9521782745691812e-10,0.019393856264861193
2,0.2617993877991494,4,3,56,7.730638652097631,0.00426805295330625,7.730639830284547,2.0238767748642146,0.0,1.9827507614346436e-10,1.9827507614346436e-10,0.0,0.0,3.957754624238946e-12,-2.4132002871411773e-13,1.63986846861315e-12,1.9521782745691812e-10,0.019393856264861193
2,0.2617993877991494,4,5,57,7.730638652097949,0.004268052953371689,7.730639830284865,2.023876774864298,1.9827507061475817e-10,0.0,1.9827507061475817e-10,3.9577546737820885e-12,-2.41320084684932e-13,0.0,0.0,1.63986846861315e-12,1.9521782745691812e-10,0.019393856264861193
2,0.2617993877991494,4,5,58,7.72378781641041,-0.0017992994934553793,7.7237880259888385,2.0220829766942785,1.9667994605279547e-10,0.0,1.9667994605279547e-10,3.82616583908646e-12,-9.113524666491912e-13,0.0,0.0,1.63986846861315e-12,1.9521782745691812e-10,0.019393856264861193
2,0.2617993877991494,4,3,59,7.7237878164094065,-0.0017992994929086912,7.723788025987835,2.022082976694016,0.0,1.9667994080165796e-10,1.9667994080165796e-10,0.0,0.0,3.826165793463139e-12,-9.113525103761685e-13,1.63986846861315e-12,1.9521782745691812e-10,0.019393856264861193
2,0.2617993877991494,4,5,60,7.799351801353703,-0.00013999173821202266,7.79935180261007,2.0418655271535084,1.4081455284794718e-10,0.0,1.4081455284794718e-10,2.815968965794475e-12,1.5069652810190283e-14,0.0,0.0,1.63986846861315e-12,1.9521782745691812e-10,0.019393856264861193
2,0.2617993877991494,4,3,61,7.799351801353676,-0.00013999173768960895,7.799351802610042,2.0418655271535013,0.0,1.4081453330676459e-10,1.4081453330676459e-10,0.0,0.0,2.8159690421532492e-12,1.50696532116443e-14,1.63986846861315e-12,1.9521782745691812e-10,0.019393856264861193
2,0.2617993877991494,4,3,62,7.799742754566946,0.0002509282183582092,7.799742758603295,2.0419678791931912,0.0,1.3921373123067244e-10,1.3921373123067244e-10,0.0,0.0,2.7839445689042045e-12,-1.6931344531952834e-14,1.63986846861315e-12,1.9521782745691812e-10,0.019393856264861193
2,0.2617993877991494,4,5,63,7.7997427545671085,0.0002509282186540108,7.799742758603458,2.041967879193234,1.3921371645093056e-10,0.0,1.3921371645093056e-10,2.7839446223034435e-12,-1.6931427755841496e-14,0.0,0.0,1.63986846861315e-12,1.9521782745691812e-10,0.019393856264861193
2,0.2617993877991494,4,5,64,7.71693329289878,-0.0031137571843306297,7.716933921094142,2.020288576228936,4.242846260873939e-11,0.0,4.242846260873939e-11,1.5888445781479204e-13,8.334752431959401e-13,0.0,0.0,1.63986846861315e-12,1.9521782745691812e-10,0.019393856264861193
2,0.2617993877991494,4,3,65,7.716933292899938,-0.0031137571846752677,7.7169339210953005,2.0202885762292393,0.0,4.24284599795551e-11,4.24284599795551e-11,0.0,0.0,1.5888448530931917e-13,8.334751970667205e-13,1.63986846861315e-12,1.9521782745691812e-10,0.019393856264861193
2,0.2617993877991494,4,5,66,7.720160343194061,0.0008957667545221055,7.720160395161769,2.0211332651645906,1.840490871832449e-11,0.0,1.840490871832449e-11,1.8319612670081304e-13,3.1923063519883686e-13,0.0,0.0,1.63986846861315e-12,1.9521782745691812e-10,0.019393856264861193
2,0.2617993877991494,4,3,67,7.720160343194045,0.0008957667549128025,7.720160395161753,2.021133265164586,0.0,1.8404907877114053e-11,1.8404907877114053e-11,0.0,0.0,1.8319613384835793e-13,3.19230611969215e-13,1.63986846861315e-12,1.9521782745691812e-10,0.019393856264861193
2,0.2617993877991494,4,5,68,8.322359930360822,-5.410175766745653e-5,8.322359930536674,2.178788734858673,1.3268080923299276e-16,0.0,1.3268080923299276e-16,1.8631615445382213e-18,1.8874338472187786e-18,0.0,0.0,1.63986846861315e-12,1.9521782745691812e-10,0.019393856264861193
2,0.2617993877991494,4,3,69,8.32235993036085,-5.4101758533654266e-5,8.322359930536702,2.17878873485868,0.0,1.326747201913281e-16,1.326747201913281e-16,0.0,0.0,1.8632539294093297e-18,1.887398806016623e-18,1.63986846861315e-12,1.9521782745691812e-10,0.019393856264861193
2,0.2617993877991494,4,3,70,9.879982349009568,-0.002854681783958096,9.879982761419612,2.586573438405804,0.0,1.1374314707595598e-16,1.1374314707595598e-16,0.0,0.0,1.6811218232360122e-18,1.5324329970978182e-18,1.63986846861315e-12,1.9521782745691812e-10,0.019393856264861193
2,0.2617993877991494,4,5,71,9.879982349009566,-0.002854681784240438,9.87998276141961,2.5865734384058037,1.1373988805692828e-16,0.0,1.1373988805692828e-16,1.6810935822202407e-18,1.5324472042077631e-18,0.0,0.0,1.63986846861315e-12,1.9521782745691812e-10,0.019393856264861193
2,0.2617993877991494,4,5,72,8.322657707834455,0.00024365430455615487,8.32265771140107,2.1788666937066696,2.4052009330035372e-17,0.0,2.4052009330035372e-17,-3.8932681573770397e-19,-2.8220208919778033e-19,0.0,0.0,1.63986846861315e-12,1.9521782745691812e-10,0.019393856264861193
2,0.2617993877991494,4,3,73,8.322657707835292,0.00024365430435422872,8.322657711401906,2.178866693706889,0.0,2.40478070877533e-17,2.40478070877533e-17,0.0,0.0,-3.8935077521319573e-19,-2.8216095404842057e-19,1.63986846861315e-12,1.9521782745691812e-10,0.019393856264861193
2,0.2617993877991494,4,3,74,9.885761588516415,0.0029238505103692325,9.885762020900989,2.588086444999961,0.0,2.0004864529629822e-17,2.0004864529629822e-17,0.0,0.0,-2.0774297979068078e-19,-3.4185402690915617e-19,1.63986846861315e-12,1.9521782745691812e-10,0.019393856264861193
2,0.2617993877991494,4,5,75,9.885761588516846,0.00292385051021627,9.88576202090142,2.588086445000074,2.0001755733452298e-17,0.0,2.0001755733452298e-17,-2.077110237847326e-19,-3.418431326025248e-19,0.0,0.0,1.63986846861315e-12,1.9521782745691812e-10,0.019393856264861193
2,0.2617993877991494,4,3,76,10.444518763818847,-0.0020662006188811102,10.444518968193268,2.734368671729601,0.0,1.1905080028776445e-19,1.1905080028776445e-19,0.0,0.0,8.683577140750878e-22,2.222428425631298e-21,1.63986846861315e-12,1.9521782745691812e-10,0.019393856264861193
2,0.2617993877991494,4,5,77,10.444518763818937,-0.002066200619095484,10.444518968193359,2.734368671729625,1.1889846953271105e-19,0.0,1.1889846953271105e-19,8.687308814666481e-22,2.2203412643759184e-21,0.0,0.0,1.63986846861315e-12,1.9521782745691812e-10,0.019393856264861193
2,0.2617993877991494,4,3,78,10.44880814560624,0.0022228674704629905,10.448808382051377,2.735491637651671,0.0,5.346808651186066e-20,5.346808651186066e-20,0.0,0.0,-5.682349578898678e-22,9.082223685881351e-22,1.63986846861315e-12,1.9521782745691812e-10,0.019393856264861193
2,0.2617993877991494,4,5,79,10.448808145606593,0.0022228674702974537,10.44880838205173,2.735491637651764,5.335397191571041e-20,0.0,5.335397191571041e-20,-5.677640466765229e-22,9.092943406185968e-22,0.0,0.0,1.63986846861315e-12,1.9521782745691812e-10,0.019393856264861193
3,0.15114994701951814,5,4,0,0.13134959284538983,0.008192365756267143,0.13160482664907902,0.019892062575521164,0.0,43.072007928700465,43.072007928700465,0.0,0.0,0.8613540099359032,-0.00013701840618018934,4.916309404393378e-12,1.0261511580529215e-9,0.015767296818563824
3,0.15114994701951814,5,6,1,0.13134959284636283,0.008192365755954839,0.1316048266500307,0.01989206257566501,43.072007928673976,0.0,43.072007928673976,0.8613540099356811,-0.00013701840687829758,0.0,0.0,4.916309404393378e-12,1.0261511580529215e-9,0.015767296818563824
3,0.15114994701951814,5,6,2,2.081729803377466,0.003653124189869166,2.081733008718056,0.31465383397651625,1.9240512665597165,0.0,1.9240512665597165,0.03709591852276839,0.010216947481613614,0.0,0.0,4.916309404393378e-12,1.0261511580529215e-9,0.015767296818563824
3,0.15114994701951814,5,4,3,2.0817298033771117,0.003653124189265911,2.0817330087177006,0.31465383397646257,0.0,1.924051265311367,1.924051265311367,0.0,0.0,0.03709591852330063,0.010216947481467564,4.916309404393378e-12,1.0261511580529215e-9,0.015767296818563824
3,0.15114994701951814,5,6,4,2.073982527943574,-0.00035891131810269344,2.0739825589991234,0.31348235391212215,1.8907856165101484,0.0,1.8907856165101484,0.037810862495961994,-0.0002842599233157106,0.0,0.0,4.916309404393378e-12,1.0261511580529215e-9,0.015767296818563824
3,0.15114994701951814,5,4,5,2.0739825279435617,-0.0003589113183277183,2.073982558999111,0.3134823539121203,0.0,1.8907856152827844,1.8907856152827844,0.0,0.0,0.03781086249613308,-0.00028425992316161164,4.916309404393378e-12,1.0261511580529215e-9,0.015767296818563824
3,0.15114994701951814,5,6,6,4.297453673588617,0.002056473370138827,4.297454165633767,0.6495599694543515,1.2933373696389068,0.0,1.2933373696389068,0.02574481379789595,0.002481809048559991,0.0,0.0,4.916309404393378e-12,1.0261511580529215e-9,0.015767296818563824
3,0.15114994701951814,5,4,7,4.297453673595808,0.002056473368680408,4.297454165640958,0.6495599694554384,0.0,1.2933373534652035,1.2933373534652035,0.0,0.0,0.025744813795454347,0.0024818090535098647,4.916309404393378e-12,1.0261511580529215e-9,0.015767296818563824
3,0.15114994701951814,5,6,8,4.29107504709161,0.00027990483493012426,4.291075056220641,0.6485957674045257,1.2832688324618293,0.0,1.2832688324618293,0.025662786645675506,3.4781841336706254e-5,0.0,0.0,4.916309404393378e-12,1.0261511580529215e-9,0.015767296818563824
3,0.15114994701951814,5,4,9,4.291075047079974,0.0002799048364296713,4.291075056209006,0.648595767402767,0.0,1.283268816528035,1.283268816528035,0.0,0.0,0.02566278664692495,3.478184650795857e-5,4.916309404393378e-12,1.0261511580529215e-9,0.015767296818563824
3,0.15114994701951814,5,6,10,2.1080574206581066,0.012744356130024004,2.1080959435957554,0.31863859018655954,0.7866327826922155,0.0,0.7866327826922155,0.012291485318760578,-0.009817654778811469,0.0,0.0,4.916309404393378e-12,1.0261511580529215e-9,0.015767296818563824
3,0.15114994701951814,5,4,11,2.1080574206581586,0.01274435613037064,2.1080959435958095,0.3186385901865677,0.0,0.7866327825314028,0.7866327825314028,0.0,0.0,0.012291485318138604,-0.00981765477870955,4.916309404393378e-12,1.0261511580529215e-9,0.015767296818563824
3,0.15114994701951814,5,6,12,4.316934015336265,0.014564250905163063,4.316958583328281,0.6525080611555238,0.19236412529897737,0.0,0.19236412529897737,0.0019553824103281103,-0.003312869196593418,0.0,0.0,4.916309404393378e-12,1.0261511580529215e-9,0.015767296818563824
3,0.15114994701951814,5,4,13,4.31693401533706,0.0145642509117136,4.316958583329098,0.6525080611556473,0.0,0.1923641252556014,0.1923641252556014,0.0,0.0,0.0019553824116170446,-0.0033128692021367756,4.916309404393378e-12,1.0261511580529215e-9,0.015767296818563824
3,0.15114994701951814,5,4,14,4.290947657593024,0.006878337557436704,4.290953170535727,0.6485773443897085,0.0,0.09162181133070652,0.09162181133070652,0.0,0.0,-0.0018272225213898027,-0.00013567962094782407,4.916309404393378e-12,1.0261511580529215e-9,0.015767296818563824
3,0.15114994701951814,5,6,15,4.290947657595225,0.006878337555930427,4.290953170537926,0.6485773443900409,0.09162181094495286,0.0,0.09162181094495286,-0.0018272225200155132,-0.00013567961565951261,0.0,0.0,4.916309404393378e-12,1.0261511580529215e-9,0.015767296818563824
3,0.15114994701951814,5,6,16,4.291453520431512,0.007995950678790952,4.29146096955935,0.6486540981852257,0.04600494079782254,0.0,0.04600494079782254,-0.00015232811477328308,0.0009073085008121512,0.0,0.0,4.916309404393378e-12,1.0261511580529215e-9,0.015767296818563824
3,0.15114994701951814,5,4,17,4.291453520430734,0.007995950678361334,4.291460969558571,0.648654098185108,0.0,0.04600494042591261,0.04600494042591261,0.0,0.0,-0.00015232811316731598,0.0009073085012029428,4.916309404393378e-12,1.0261511580529215e-9,0.015767296818563824
3,0.15114994701951814,5,4,18,4.268231870851358,0.008171546897506501,4.268239693073713,0.6451442034746961,0.0,0.0033057218765118867,0.0033057218765118867,0.0,0.0,4.676739156538349e-5,4.672318167734096e-5,4.916309404393378e-12,1.0261511580529215e-9,0.015767296818563824
3,0.15114994701951814,5,6,19,4.268231870850242,0.008171546898107868,4.268239693072598,0.6451442034745275,0.0033057218389443742,0.0,0.0033057218389443742,4.6767391738375104e-5,4.672318152083041e-5,0.0,0.0,4.916309404393378e-12,1.0261511580529215e-9,0.015767296818563824
3,0.15114994701951814,5,4,20,6.487098921742579,0.008210581683816937,6.487104117718885,0.9805254437033074,0.0,0.00035671613955863004,0.00035671613955863004,0.0,0.0,7.133584875613125e-6,1.8700197698391478e-8,4.916309404393378e-12,1.0261511580529215e-9,0.015767296818563824
3,0.15114994701951814,5,6,21,6.487098921741229,0.00821058168528218,6.487104117717537,0.9805254437031037,0.0003567161381402946,0.0,0.0003567161381402946,7.133584885743124e-6,1.8700171926553473e-8,0.0,0.0,4.916309404393378e-12,1.0261511580529215e-9,0.015767296818563824
3,0.15114994701951814,5,4,22,6.506396923669623,0.0075315692073730485,6.5064012828039015,0.9834422091835346,0.0,0.00021743043488689647,0.00021743043488689647,0.0,0.0,4.347540197542288e-6,-7.422883179963229e-8,4.916309404393378e-12,1.0261511580529215e-9,0.015767296818563824
3,0.15114994701951814,5,6,23,6.506396923668836,0.007531569206434053,6.506401282803114,0.9834422091834155,0.00021743042742610055,0.0,0.00021743042742610055,4.347540197231935e-6,-7.422883094309902e-8,0.0,0.0,4.916309404393378e-12,1.0261511580529215e-9,0.015767296818563824
3,0.15114994701951814,5,4,24,6.507053123172367,0.008105270448178784,6.5070581711858315,0.9835414978276611,0.0,0.00012723330506554046,0.00012723330506554046,0.0,0.0,2.543427254223421e-6,7.076917801028385e-8,4.916309404393378e-12,1.0261511580529215e-9,0.015767296818563824
3,0.15114994701951814,5,6,25,6.507053123170051,0.008105270449945514,6.507058171183518,0.9835414978273114,0.0001272332979605336,0.0,0.0001272332979605336,2.543427257828163e-6,7.076918017778018e-8,0.0,0.0,4.916309404393378e-12,1.0261511580529215e-9,0.015767296818563824
3,0.15114994701951814,5,6,26,8.707309040640876,0.008194102801986226,8.707312896212416,1.3161098829448739,5.7680136070757814e-5,0.0,5.7680136070757814e-5,1.1534754918072548e-6,5.2345192881147985e-9,0.0,0.0,4.916309404393378e-12,1.0261511580529215e-9,0.015767296818563824
3,0.15114994701951814,5,4,27,8.70730904063863,0.008194102802942272,8.707312896210173,1.3161098829445348,0.0,5.768013606309344e-5,5.768013606309344e-5,0.0,0.0,1.15347549346026e-6,5.23452000604976e-9,4.916309404393378e-12,1.0261511580529215e-9,0.015767296818563824
3,0.15114994701951814,5,4,28,8.720701482582808,0.007706469863910572,8.72070488767965,1.318134081745632,0.0,3.81228217076185e-5,3.81228217076185e-5,0.0,0.0,7.623169872662972e-7,-9.821286040656547e-9,4.916309404393378e-12,1.0261511580529215e-9,0.015767296818563824
3,0.15114994701951814,5,6,29,8.72070148258097,0.007706469863898211,8.720704887677813,1.3181340817453544,3.812282125323452e-5,0.0,3.812282125323452e-5,7.623169874205961e-7,-9.82128590269182e-9,0.0,0.0,4.916309404393378e-12,1.0261511580529215e-9,0.015767296818563824
3,0.15114994701951814,5,4,30,8.721189658375257,0.00819504971329884,8.721193508700019,1.3182079367869735,0.0,1.904606743436166e-5,1.904606743436166e-5,0.0,0.0,3.8084695943437587e-7,-5.26237237454448e-9,4.916309404393378e-12,1.0261511580529215e-9,0.015767296818563824
3,0.15114994701951814,5,6,31,8.72118965837468,0.00819504971664626,8.721193508699445,1.3182079367868866,1.9046066963577716e-5,0.0,1.9046066963577716e-5,3.808469610038576e-7,-5.262371711544687e-9,0.0,0.0,4.916309404393378e-12,1.0261511580529215e-9,0.015767296818563824
3,0.15114994701951814,5,6,32,6.235217759620074,-0.00024444539385842963,6.235217764411691,0.9424528347459854,1.123954193960536e-5,0.0,1.123954193960536e-5,2.2476117850924843e-7,-1.7969041810942895e-9,0.0,0.0,4.916309404393378e-12,1.0261511580529215e-9,0.015767296818563824
3,0.15114994701951814,5,4,33,6.235217759621351,-0.0002444453937259349,6.235217764412968,0.9424528347461785,0.0,1.1239541938811908e-5,1.1239541938811908e-5,0.0,0.0,2.2476117856470707e-7,-1.7969043523219998e-9,4.916309404393378e-12,1.0261511580529215e-9,0.015767296818563824
3,0.15114994701951814,5,4,34,6.486144322571151,0.00768298912784643,6.486148872909403,0.9803810585009635,0.0,1.119563661989044e-5,1.119563661989044e-5,0.0,0.0,2.2378906020942805e-7,-6.732319304366363e-9,4.916309404393378e-12,1.0261511580529215e-9,0.015767296818563824
3,0.15114994701951814,5,6,35,6.486144322570729,0.007682989129972222,6.4861488729089825,0.9803810585009001,1.1195633957460404e-5,0.0,1.1195633957460404e-5,2.2378906014424293e-7,-6.732319729073765e-9,0.0,0.0,4.916309404393378e-12,1.0261511580529215e-9,0.015767296818563824
3,0.15114994701951814,5,6,36,6.242848133704323,0.003679483857901924,6.242849218033141,0.9436063285565496,1.1097169524860179e-5,0.0,1.1097169524860179e-5,2.147661935768376e-7,5.589722790332164e-8,0.0,0.0,4.916309404393378e-12,1.0261511580529215e-9,0.015767296818563824
3,0.15114994701951814,5,4,37,6.242848133703392,0.0036794838586388023,6.242849218032211,0.9436063285564089,0.0,1.1097169515041326e-5,1.1097169515041326e-5,0.0,0.0,2.1476619337062998e-7,5.589722803275166e-8,4.916309404393378e-12,1.0261511580529215e-9,0.015767296818563824
3,0.15114994701951814,5,4,38,8.458096965180665,0.0022302801292485262,8.45809725922727,1.2784409526181333,0.0,6.3868832748348694e-6,6.3868832748348694e-6,0.0,0.0,1.2750647327363836e-7,7.466423403916761e-9,4.916309404393378e-12,1.0261511580529215e-9,0.015767296818563824
3,0.15114994701951814,5,6,39,8.458096965181742,0.002230280130275774,8.458097259228346,1.278440952618296,6.386883271042487e-6,0.0,6.386883271042487e-6,1.2750647320512017e-7,7.466423512068893e-9,0.0,0.0,4.916309404393378e-12,1.0261511580529215e-9,0.015767296818563824
3,0.15114994701951814,5,6,40,6.50799485532961,0.008290404018957602,6.508000135817106,0.9836838757317724,6.058008776800728e-6,0.0,6.058008776800728e-6,-5.6043116773232335e-8,-1.0740586471852948e-7,0.0,0.0,4.916309404393378e-12,1.0261511580529215e-9,0.015767296818563824
3,0.15114994701951814,5,4,41,6.507994855326613,0.008290404018041521,6.5080001358141075,0.9836838757313192,0.0,6.058008126454142e-6,6.058008126454142e-6,0.0,0.0,-5.604311545626e-8,-1.074058633278114e-7,4.916309404393378e-12,1.0261511580529215e-9,0.015767296818563824
3,0.15114994701951814,5,6,42,6.486656263797801,0.008178891200452175,6.48666142009343,0.9804585299806743,5.720616488425382e-6,0.0,5.720616488425382e-6,-1.1286993194905626e-7,1.8653223074090147e-8,0.0,0.0,4.916309404393378e-12,1.0261511580529215e-9,0.015767296818563824
3,0.15114994701951814,5,4,43,6.4866562637966325,0.008178891202819597,6.486661420092265,0.9804585299804981,0.0,5.720615222304092e-6,5.720615222304092e-6,0.0,0.0,-1.1286991963771888e-7,1.8653198967517222e-8,4.916309404393378e-12,1.0261511580529215e-9,0.015767296818563824
3,0.15114994701951814,5,6,44,8.45212357929724,-0.00011415559808124198,8.452123580068141,1.2775380313297195,5.4261151592926965e-6,0.0,5.4261151592926965e-6,1.0851074039818436e-7,3.929774464586438e-10,0.0,0.0,4.916309404393378e-12,1.0261511580529215e-9,0.015767296818563824
3,0.15114994701951814,5,4,45,8.452123579296885,-0.00011415559773307084,8.452123580067786,1.2775380313296658,0.0,5.426115150845582e-6,5.426115150845582e-6,0.0,0.0,1.0851074032240773e-7,3.929775193894511e-10,4.916309404393378e-12,1.0261511580529215e-9,0.015767296818563824
3,0.15114994701951814,5,4,46,8.448418828022422,-2.5096771386406633e-5,8.4484188280597,1.276978058259923,0.0,5.246715327628964e-6,5.246715327628964e-6,0.0,0.0,1.0486671787306451e-7,-3.4609578287651828e-9,4.916309404393378e-12,1.0261511580529215e-9,0.015767296818563824
3,0.15114994701951814,5,6,47,8.448418828022202,-2.5096772725620095e-5,8.448418828059479,1.2769780582598897,5.246715316628344e-6,0.0,5.246715316628344e-6,1.0486671772618455e-7,-3.4609578190988428e-9,0.0,0.0,4.916309404393378e-12,1.0261511580529215e-9,0.015767296818563824
3,0.15114994701951814,5,6,48,6.268687612262845,0.012730408176442776,6.268700538662697,0.9475137543000914,4.084644402578822e-6,0.0,4.084644402578822e-6,6.2230525962112e-8,-5.291271083006698e-8,0.0,0.0,4.916309404393378e-12,1.0261511580529215e-9,0.015767296818563824
3,0.15114994701951814,5,4,49,6.268687612262757,0.012730408176167165,6.268700538662609,0.9475137543000781,0.0,4.08464438701913e-6,4.08464438701913e-6,0.0,0.0,6.223052603159951e-8,-5.2912710883227193e-8,4.916309404393378e-12,1.0261511580529215e-9,0.015767296818563824
3,0.15114994701951814,5,6,50,8.456221312979244,0.004916376917504265,8.4562227421495,1.2781576194611413,3.919953175347002e-6,0.0,3.919953175347002e-6,7.220488693562504e-8,3.052275064501327e-8,0.0,0.0,4.916309404393378e-12,1.0261511580529215e-9,0.015767296818563824
3,0.15114994701951814,5,4,51,8.456221312978936,0.004916376915632169,8.45622274214919,1.2781576194610946,0.0,3.91995317291864e-6,3.91995317291864e-6,0.0,0.0,7.220488692493633e-8,3.0522750621570254e-8,4.916309404393378e-12,1.0261511580529215e-9,0.015767296818563824
3,0.15114994701951814,5,6,52,8.485884428971385,0.011719313271803875,8.485892521365244,1.2826422050176818,2.295231489278693e-6,0.0,2.295231489278693e-6,3.878283615720542e-8,-2.4550056056429794e-8,0.0,0.0,4.916309404393378e-12,1.0261511580529215e-9,0.015767296818563824
3,0.15114994701951814,5,4,53,8.485884428970504,0.011719313269560314,8.48589252136436,1.282642205017548,0.0,2.2952314795551056e-6,2.2952314795551056e-6,0.0,0.0,3.878283601900588e-8,-2.4550056078642386e-8,4.916309404393378e-12,1.0261511580529215e-9,0.015767296818563824
3,0.15114994701951814,5,6,54,8.47777664702298,0.014394774834245214,8.477788867762085,1.2814173382049,6.995159259751539e-7,0.0,6.995159259751539e-7,5.127417372526514e-9,-1.3015354887140409e-8,0.0,0.0,4.916309404393378e-12,1.0261511580529215e-9,0.015767296818563824
3,0.15114994701951814,5,4,55,8.47777664702418,0.014394774835770643,8.477788867763287,1.2814173382050815,0.0,6.995159256217219e-7,6.995159256217219e-7,0.0,0.0,5.127417369312553e-9,-1.3015354877473169e-8,4.916309404393378e-12,1.0261511580529215e-9,0.015767296818563824
3,0.15114994701951814,5,6,56,8.493697171100404,0.012947456304549885,8.493707039390031,1.2838233690031116,1.4654833842139238e-7,0.0,1.4654833842139238e-7,2.7169679707831604e-9,-1.0986047040236846e-9,0.0,0.0,4.916309404393378e-12,1.0261511580529215e-9,0.015767296818563824
3,0.15114994701951814,5,4,57,8.49369717110061,0.01294745630428808,8.493707039390237,1.2838233690031426,0.0,1.4654833247887504e-7,1.4654833247887504e-7,0.0,0.0,2.716967975835864e-9,-1.0986047079148878e-9,4.916309404393378e-12,1.0261511580529215e-9,0.015767296818563824
3,0.15114994701951814,5,4,58,8.442464780776117,0.0017422552188077018,8.442464960549044,1.2760781315011263,0.0,1.3556179159218801e-7,1.3556179159218801e-7,0.0,0.0,-9.029158544739308e-10,2.556183186078238e-9,4.916309404393378e-12,1.0261511580529215e-9,0.015767296818563824
3,0.15114994701951814,5,6,59,8.442464780776142,0.00174225521905369,8.442464960549069,1.27607813150113,1.3556179030110792e-7,0.0,1.3556179030110792e-7,-9.029158085927004e-10,2.556183176319214e-9,0.0,0.0,4.916309404393378e-12,1.0261511580529215e-9,0.015767296818563824
3,0.15114994701951814,5,6,60,8.447137680968506,0.0052006841618089834,8.447139281931708,1.2767846549304682,8.54261354446562e-8,0.0,8.54261354446562e-8,-3.6815270322625694e-10,1.6682114313350674e-9,0.0,0.0,4.916309404393378e-12,1.0261511580529215e-9,0.015767296818563824
3,0.15114994701951814,5,4,61,8.447137680968314,0.005200684161828702,8.447139281931516,1.2767846549304391,0.0,8.542613468119721e-8,8.542613468119721e-8,0.0,0.0,-3.681527252048263e-10,1.6682114367263394e-9,4.916309404393378e-12,1.0261511580529215e-9,0.015767296818563824
3,0.15114994701951814,5,4,62,8.490642808917913,0.011210633979118562,8.49065020990405,1.2833613293882578,0.0,5.339243981119174e-8,5.339243981119174e-8,0.0,0.0,-1.0413235640312172e-9,2.3604701285039113e-10,4.916309404393378e-12,1.0261511580529215e-9,0.015767296818563824
3,0.15114994701951814,5,6,63,8.4906428089162,0.011210633976323449,8.490650209902332,1.2833613293879982,5.3392438771979144e-8,0.0,5.3392438771979144e-8,-1.0413235889868394e-9,2.3604700106077445e-10,0.0,0.0,4.916309404393378e-12,1.0261511580529215e-9,0.015767296818563824
3,0.15114994701951814,5,6,64,10.647997460223957,0.008334543443609822,10.648000722086294,1.6094447450071343,1.711146431981833e-8,0.0,1.711146431981833e-8,2.664954157135113e-10,2.1465705636375031e-10,0.0,0.0,4.916309404393378e-12,1.0261511580529215e-9,0.015767296818563824
3,0.15114994701951814,5,4,65,10.6479974602216,0.008334543439292241,10.648000722083934,1.6094447450067775,0.0,1.7111463503385565e-8,1.7111463503385565e-8,0.0,0.0,2.664954113880615e-10,2.146570455816235e-10,4.916309404393378e-12,1.0261511580529215e-9,0.015767296818563824
3,0.15114994701951814,5,6,66,8.452907489981094,0.007749766757710609,8.452911042538142,1.27765705624034,5.553870856971872e-9,0.0,5.553870856971872e-9,-6.741542959036886e-11,-8.826599360373163e-11,0.0,0.0,4.916309404393378e-12,1.0261511580529215e-9,0.015767296818563824
3,0.15114994701951814,5,4,67,8.452907489980104,0.007749766758803538,8.452911042537155,1.2776570562401908,0.0,5.553870723266394e-9,5.553870723266394e-9,0.0,0.0,-6.74154297228257e-11,-8.826599296135309e-11,4.916309404393378e-12,1.0261511580529215e-9,0.015767296818563824
3,0.15114994701951814,5,4,68,10.64565112724054,0.007143372285751138,10.645653523888772,1.6090899661239344,0.0,4.094715876471966e-9,4.094715876471966e-9,0.0,0.0,3.0727983595597014e-11,7.590210380322515e-11,4.916309404393378e-12,1.0261511580529215e-9,0.015767296818563824
3,0.15114994701951814,5,6,69,10.645651127234899,0.007143372287603334,10.64565352388313,1.6090899661230817,4.094715320876786e-9,0.0,4.094715320876786e-9,3.072798482684667e-11,7.59021043999762e-11,0.0,0.0,4.916309404393378e-12,1.0261511580529215e-9,0.015767296818563824
3,0.15114994701951814,5,4,70,10.646525456600575,0.007977155161123184,10.646528445134054,1.6092222104238052,0.0,8.702011292394376e-10,8.702011292394376e-10,0.0,0.0,-1.3662293756503128e-11,-1.0778733832024814e-11,4.916309404393378e-12,1.0261511580529215e-9,0.015767296818563824
3,0.15114994701951814,5,6,71,10.646525456597947,0.007977155160081795,10.646528445131427,1.609222210423408,8.702009201796604e-10,0.0,8.702009201796604e-10,-1.3662295714377548e-11,-1.0778731819980895e-11,0.0,0.0,4.916309404393378e-12,1.0261511580529215e-9,0.015767296818563824
3,0.15114994701951814,5,6,72,4.292397093564107,0.009104040549360044,4.29240674824648,0.6487970525836776,1.6787527985116376e-17,0.0,1.6787527985116376e-17,2.7473737163268774e-20,-3.1397087119000077e-19,0.0,0.0,4.916309404393378e-12,1.0261511580529215e-9,0.015767296818563824
3,0.15114994701951814,5,4,73,4.292397093565085,0.00910404054936567,4.2924067482474575,0.6487970525838254,0.0,1.4582617146160168e-17,1.4582617146160168e-17,0.0,0.0,1.41067799053966e-19,-2.743530072883819e-19,4.916309404393378e-12,1.0261511580529215e-9,0.015767296818563824
3,0.15114994701951814,5,4,74,4.308100427931824,0.016527182807400627,4.308132129463756,0.6511739431215305,0.0,3.8902571202917626e-18,3.8902571202917626e-18,0.0,0.0,-4.2907969642687874e-20,-7.855958507921624e-20,4.916309404393378e-12,1.0261511580529215e-9,0.015767296818563824
3,0.15114994701951814,5,6,75,4.308100427926863,0.016527182808581807,4.3081321294588,0.6511739431207815,3.3820109876938664e-18,0.0,3.3820109876938664e-18,3.6172259065692e-20,-5.1804412971279804e-20,0.0,0.0,4.916309404393378e-12,1.0261511580529215e-9,0.015767296818563824
3,0.15114994701951814,5,4,76,6.487169335954112,0.008707950512011502,6.487175180442211,0.9805361848301732,0.0,9.335475538932553e-19,9.335475538932553e-19,0.0,0.0,-1.0893627582395042e-20,1.5365235760203283e-20,4.916309404393378e-12,1.0261511580529215e-9,0.015767296818563824
3,0.15114994701951814,5,6,77,2.0910976059805977,0.016754402388251575,2.091164725156097,0.3160794374164293,6.826198381751599e-19,0.0,6.826198381751599e-19,8.858473871416068e-21,1.3545790754420274e-20,0.0,0.0,4.916309404393378e-12,1.0261511580529215e-9,0.015767296818563824
3,0.15114994701951814,5,4,78,2.091097605980996,0.016754402388237475,2.0911647251564953,0.3160794374164895,0.0,5.584430519309442e-19,5.584430519309442e-19,0.0,0.0,2.2208430673897212e-21,1.3792890655382525e-20,4.916309404393378e-12,1.0261511580529215e-9,0.015767296818563824
3,0.15114994701951814,5,4,79,6.5077277047161015,0.008862283505102937,6.50773373908294,0.983643609879517,0.0,5.101835856999852e-19,5.101835856999852e-19,0.0,0.0,1.5762076453408022e-21,-1.45311363867915e-20,4.916309404393378e-12,1.0261511580529215e-9,0.015767296818563824
4,0.08726646259971647,6,7,0,0.3140730066357852,0.009919940709084488,0.3142296273760858,0.027421708025138034,21.174275058872695,0.0,21.174275058872695,0.4232602112392483,0.012445871322873003,0.0,0.0,6.427238021059828e-12,1.2693693423972655e-9,0.015844279959804166
4,0.08726646259971647,6,5,1,0.3140730066346825,0.009919940708839458,0.31422962737497595,0.027421708025041184,0.0,21.17427505486879,21.17427505486879,0.0,0.0,0.42326021123771085,0.012445871324214153,6.427238021059828e-12,1.2693693423972655e-9,0.015844279959804166
4,0.08726646259971647,6,7,2,0.29487372278541346,-0.009273213292292623,0.29501949914216385,0.025745308088076728,19.927529244913373,0.0,19.927529244913373,0.3983164040747855,-0.012443728328014103,0.0,0.0,6.427238021059828e-12,1.2693693423972655e-9,0.015844279959804166
4,0.08726646259971647,6,5,3,0.2948737227848004,-0.009273213291750512,0.295019499141534,0.025745308088021765,0.0,19.927529240466008,19.927529240466008,0.0,0.0,0.398316404073622,-0.012443728327740544,6.427238021059828e-12,1.2693693423972655e-9,0.015844279959804166
4,0.08726646259971647,6,7,4,3.866825789818908,0.0008801147935353412,3.866825889978843,0.3374442169074541,1.796640523405717,0.0,1.796640523405717,0.035926946206484844,0.0004039898247638618,0.0,0.0,6.427238021059828e-12,1.2693693423972655e-9,0.015844279959804166
4,0.08726646259971647,6,5,5,3.8668257898169385,0.0008801147920351002,3.866825889976873,0.33744421690728216,0.0,1.7966405066254565,1.7966405066254565,0.0,0.0,0.03592694620637216,0.0004039898247653051,6.427238021059828e-12,1.2693693423972655e-9,0.015844279959804166
4,0.08726646259971647,6,7,6,3.86508366713462,-0.0008603226724063703,3.865083762883529,0.3372921876384469,1.7568448757002688,0.0,1.7568448757002688,0.03513120585272267,-0.00039122631588073276,0.0,0.0,6.427238021059828e-12,1.2693693423972655e-9,0.015844279959804166
4,0.08726646259971647,6,5,7,3.8650836671346056,-0.0008603226716670034,3.865083762883515,0.33729218763844565,0.0,1.7568448588874173,1.7568448588874173,0.0,0.0,0.035131205852681924,-0.00039122631581001155,6.427238021059828e-12,1.2693693423972655e-9,0.015844279959804166
4,0.08726646259971647,6,7,8,0.9744508960380318,0.0054167851168024014,0.9744659513550613,0.0850381964986236,1.4790109817806272,0.0,1.4790109817806272,0.029535646479047495,0.001568440608360977,0.0,0.0,6.427238021059828e-12,1.2693693423972655e-9,0.015844279959804166
4,0.08726646259971647,6,5,9,0.9744508960365832,0.005416785117452316,0.9744659513536164,0.08503819649849749,0.0,1.4790109812508592,1.4790109812508592,0.0,0.0,0.029535646479147304,0.0015684406082680513,6.427238021059828e-12,1.2693693423972655e-9,0.015844279959804166
4,0.08726646259971647,6,7,10,0.9648191352097933,-0.0042180975794498966,0.9648283557266356,0.08419715762016439,1.3206491822331254,0.0,1.3206491822331254,0.02636274720161963,-0.0015848515583705702,0.0,0.0,6.427238021059828e-12,1.2693693423972655e-9,0.015844279959804166
4,0.08726646259971647,6,5,11,0.9648191352081051,-0.004218097578791786,0.9648283557249445,0.08419715762001681,0.0,1.3206491817673531,1.3206491817673531,0.0,0.0,0.02636274720160825,-0.0015848515583557488,6.427238021059828e-12,1.2693693423972655e-9,0.015844279959804166
4,0.08726646259971647,6,7,12,7.454492033076567,0.0006036944412764686,7.454492057521357,0.650527152337571,1.2653011013742552,0.0,1.2653011013742552,0.02530295002977434,0.0001651916557380284,0.0,0.0,6.427238021059828e-12,1.2693693423972655e-9,0.015844279959804166
4,0.08726646259971647,6,5,13,7.454492033108336,0.0006036944660792725,7.454492057553128,0.6505271523403435,0.0,1.2653009400514943,1.2653009400514943,0.0,0.0,0.02530295002987465,0.00016519165541062364,6.427238021059828e-12,1.2693693423972655e-9,0.015844279959804166
4,0.08726646259971647,6,7,14,7.453300904085559,-0.0005775916623480624,7.453300926465719,0.6504232065438528,1.2489275731722094,0.0,1.2489275731722094,0.02497552671604303,-0.00016189928597276637,0.0,0.0,6.427238021059828e-12,1.2693693423972655e-9,0.015844279959804166
4,0.08726646259971647,6,5,15,7.453300904087381,-0.0005775916754588856,7.453300926467542,0.650423206544012,0.0,1.2489274126169287,1.2489274126169287,0.0,0.0,0.024975526715947993,-0.00016189928580351287,6.427238021059828e-12,1.2693693423972655e-9,0.015844279959804166
4,0.08726646259971647,6,5,16,4.420736560961587,0.012117265470427997,4.420753167679119,0.385783490969848,0.0,0.014131461434818778,0.014131461434818778,0.0,0.0,0.00028245913459718896,-8.95233274345042e-6,6.427238021059828e-12,1.2693693423972655e-9,0.015844279959804166
4,0.08726646259971647,6,7,17,4.420736560963212,0.012117265469011006,4.420753167680739,0.3857834909699893,0.014131461432293723,0.0,0.014131461432293723,0.000282459134570868,-8.95233271186631e-6,0.0,0.0,6.427238021059828e-12,1.2693693423972655e-9,0.015844279959804166
4,0.08726646259971647,6,5,18,4.4015782200666544,-0.005125376852412015,4.401581204164365,0.38411042153282454,0.0,0.013658298465607455,0.013658298465607455,0.0,0.0,0.00026830127199768423,-5.117765355970583e-5,6.427238021059828e-12,1.2693693423972655e-9,0.015844279959804166
4,0.08726646259971647,6,7,19,4.401578220067824,-0.005125376853902356,4.401581204165536,0.3841104215329268,0.013658298462369402,0.0,0.013658298462369402,0.00026830127199310196,-5.1177653538064284e-5,0.0,0.0,6.427238021059828e-12,1.2693693423972655e-9,0.015844279959804166
4,0.08726646259971647,6,7,20,4.5965889550028045,0.0009163057867936555,4.596589046333169,0.4011280660980999,0.007876913096370218,0.0,0.007876913096370218,0.0001575123158709009,1.7927077896572052e-6,0.0,0.0,6.427238021059828e-12,1.2693693423972655e-9,0.015844279959804166
4,0.08726646259971647,6,5,21,4.596588955002831,0.0009163057859458406,4.596589046333195,0.40112806609810214,0.0,0.007876913072080596,0.007876913072080596,0.0,0.0,0.00015751231587454164,1.7927077964573213e-6,6.427238021059828e-12,1.2693693423972655e-9,0.015844279959804166
4,0.08726646259971647,6,7,22,4.595684181842582,1.1545967169996826e-5,4.595684181857086,0.40104910177614,0.0076683319543643155,0.0,0.0076683319543643155,0.00015333304095303119,-2.367151929821669e-6,0.0,0.0,6.427238021059828e-12,1.2693693423972655e-9,0.015844279959804166
4,0.08726646259971647,6,5,23,4.595684181838523,1.154596727031415e-5,4.595684181853027,0.4010491017757858,0.0,0.0076683319330407935,0.0076683319330407935,0.0,0.0,0.000153333040957126,-2.367151951908602e-6,6.427238021059828e-12,1.2693693423972655e-9,0.015844279959804166
4,0.08726646259971647,6,5,24,8.004697861172305,0.012824774110773856,8.004708134809631,0.6985425630680109,0.0,0.0037448299067427793,0.0037448299067427793,0.0,0.0,7.474990170251153e-5,-4.564082056164251e-6,6.427238021059828e-12,1.2693693423972655e-9,0.015844279959804166
4,0.08726646259971647,6,7,25,8.004697861049369,0.012824774086307795,8.004708134686656,0.6985425630572792,0.0037448299054104453,0.0,0.0037448299054104453,7.474990173143197e-5,-4.564082076166263e-6,0.0,0.0,6.427238021059828e-12,1.2693693423972655e-9,0.015844279959804166
4,0.08726646259971647,6,5,26,7.98524789028766,-0.0035829952562077393,7.985248694135865,0.6968444065162422,0.0,0.0034630547924493385,0.0034630547924493385,0.0,0.0,6.501262741183107e-5,-2.3864165231814085e-5,6.427238021059828e-12,1.2693693423972655e-9,0.015844279959804166
4,0.08726646259971647,6,7,27,7.985247890251374,-0.0035829952214307403,7.985248694099563,0.6968444065130743,0.0034630547780262304,0.0,0.0034630547780262304,6.501262735280158e-5,-2.386416520862647e-5,0.0,0.0,6.427238021059828e-12,1.2693693423972655e-9,0.015844279959804166
4,0.08726646259971647,6,5,28,8.192111919143175,0.0008227879793449005,8.192111960462194,0.714896632010364,0.0,0.002346231087155504,0.002346231087155504,0.0,0.0,4.6918885594051285e-5,3.1281613504304407e-7,6.427238021059828e-12,1.2693693423972655e-9,0.015844279959804166
4,0.08726646259971647,6,7,29,8.19211191913798,0.0008227879734562377,8.192111960457,0.7148966320099108,0.002346230949787322,0.0,0.002346230949787322,4.6918885595432233e-5,3.128161559483051e-7,0.0,0.0,6.427238021059828e-12,1.2693693423972655e-9,0.015844279959804166
4,0.08726646259971647,6,5,30,8.191391818380186,0.00010378457860846235,8.191391819037658,0.7148337878156733,0.0,0.002305302970352221,0.002305302970352221,0.0,0.0,4.6098607476443556e-5,-5.117487479916905e-7,6.427238021059828e-12,1.2693693423972655e-9,0.015844279959804166
4,0.08726646259971647,6,7,31,8.191391818388093,0.00010378458652197595,8.191391819045565,0.7148337878163633,0.0023053028328056135,0.0,0.0023053028328056135,4.6098607470906644e-5,-5.117487647987758e-7,0.0,0.0,6.427238021059828e-12,1.2693693423972655e-9,0.015844279959804166
4,0.08726646259971647,6,5,32,4.379047996279475,-0.007916727696789706,4.379055152461168,0.3821446526843483,0.0,0.0020868280195529662,0.0020868280195529662,0.0,0.0,4.423704247917505e-6,4.1497264584235203e-5,6.427238021059828e-12,1.2693693423972655e-9,0.015844279959804166
4,0.08726646259971647,6,7,33,4.3790479962828215,-0.007916727694121061,4.3790551524645105,0.38214465268463993,0.0020868280190887104,0.0,0.0020868280190887104,4.42370423947157e-6,4.149726457280229e-5,0.0,0.0,6.427238021059828e-12,1.2693693423972655e-9,0.015844279959804166
4,0.08726646259971647,6,5,34,7.969094459103861,-0.009596037758022535,7.9691002366679085,0.6954351877565718,0.0,0.0011319315075591402,0.0011319315075591402,0.0,0.0,9.364888179218636e-6,2.0608346725319493e-5,6.427238021059828e-12,1.2693693423972655e-9,0.015844279959804166
4,0.08726646259971647,6,7,35,7.96909445904547,-0.009596037780915393,7.969100236609545,0.6954351877514786,0.0011319315066122986,0.0,0.0011319315066122986,9.364888300943206e-6,2.0608346625508193e-5,0.0,0.0,6.427238021059828e-12,1.2693693423972655e-9,0.015844279959804166
4,0.08726646259971647,6,7,36,4.3883040235465085,0.0032533389436443794,4.388305229503613,0.3829518741866173,0.0010012777622566643,0.0,0.0010012777622566643,8.977877262715344e-6,1.7898055360734874e-5,0.0,0.0,6.427238021059828e-12,1.2693693423972655e-9,0.015844279959804166
4,0.08726646259971647,6,5,37,4.388304023546322,0.003253338946455391,4.388305229503429,0.38295187418660115,0.0,0.0010012777622361315,0.0010012777622361315,0.0,0.0,8.977877260022945e-6,1.7898055374070587e-5,6.427238021059828e-12,1.2693693423972655e-9,0.015844279959804166
4,0.08726646259971647,6,5,38,8.035116237546369,0.00949741273511431,8.035121850459392,0.7011966604472791,0.0,0.0005937456843896423,0.0005937456843896423,0.0,0.0,1.185207940780609e-5,7.166512320113489e-7,6.427238021059828e-12,1.2693693423972655e-9,0.015844279959804166
4,0.08726646259971647,6,7,39,8.0351162375444,0.009497412736065417,8.035121850457426,0.7011966604471076,0.0005937456823214504,0.0,0.0005937456823214504,1.1852079376288929e-5,7.166512254685141e-7,0.0,0.0,6.427238021059828e-12,1.2693693423972655e-9,0.015844279959804166
4,0.08726646259971647,6,7,40,8.016797175089678,-0.00880388244328054,8.016802009209902,0.6995979527060479,0.000548778338759363,0.0,0.000548778338759363,1.0974154149012043e-5,-8.317029594428994e-8,0.0,0.0,6.427238021059828e-12,1.2693693423972655e-9,0.015844279959804166
4,0.08726646259971647,6,5,41,8.016797175092274,-0.008803882444072604,8.016802009212498,0.6995979527062743,0.0,0.0005487783387317299,0.0005487783387317299,0.0,0.0,1.0974154161376122e-5,-8.317030210730166e-8,6.427238021059828e-12,1.2693693423972655e-9,0.015844279959804166
4,0.08726646259971647,6,7,42,7.978237138040386,0.0026078371328687212,7.978237564250726,0.6962325700123391,0.00042583837092822216,0.0,0.00042583837092822216,5.081806975222147e-6,6.833451480130998e-6,0.0,0.0,6.427238021059828e-12,1.2693693423972655e-9,0.015844279959804166
4,0.08726646259971647,6,5,43,7.978237138058827,0.002607837035440399,7.9782375642691346,0.6962325700139455,0.0,0.00042583836103587616,0.00042583836103587616,0.0,0.0,5.081806985994319e-6,6.833451443806132e-6,6.427238021059828e-12,1.2693693423972655e-9,0.015844279959804166
4,0.08726646259971647,6,7,44,8.058791022749489,0.002563160340227577,8.058791430365888,0.7032622209569404,0.00038326962482309235,0.0,0.00038326962482309235,7.563305874133959e-6,-1.2421335943612266e-6,0.0,0.0,6.427238021059828e-12,1.2693693423972655e-9,0.015844279959804166
4,0.08726646259971647,6,5,45,8.058791022748018,0.0025631603393291742,8.058791430364417,0.703262220956812,0.0,0.0003832696238334701,0.0003832696238334701,0.0,0.0,7.563305875632611e-6,-1.2421335943990652e-6,6.427238021059828e-12,1.2693693423972655e-9,0.015844279959804166
4,0.08726646259971647,6,5,46,8.064205725709119,0.005695124676366143,8.064207736721867,0.703734882852983,0.0,0.0003747409562950881,0.0003747409562950881,0.0,0.0,7.48061254618343e-6,-4.4890614143310763e-7,6.427238021059828e-12,1.2693693423972655e-9,0.015844279959804166
4,0.08726646259971647,6,7,47,8.064205725710542,0.005695124675471182,8.06420773672329,0.7037348828531073,0.0003747409562019074,0.0,0.0003747409562019074,7.480612547758667e-6,-4.4890614389785153e-7,0.0,0.0,6.427238021059828e-12,1.2693693423972655e-9,0.015844279959804166
4,0.08726646259971647,6,5,48,11.620506963102537,-0.008891856912971532,11.620510365067187,1.0140808331627533,0.0,0.00010172325103889864,0.00010172325103889864,0.0,0.0,2.0321457439463543e-6,-9.275713914507286e-8,6.427238021059828e-12,1.2693693423972655e-9,0.015844279959804166
4,0.08726646259971647,6,7,49,11.620506963083796,-0.008891856910843526,11.620510365048444,1.0140808331611177,0.00010172325095024106,0.0,0.00010172325095024106,2.0321457472869574e-6,-9.275714202146122e-8,0.0,0.0,6.427238021059828e-12,1.2693693423972655e-9,0.015844279959804166
4,0.08726646259971647,6,7,50,8.02820631205771,-0.0005645834250265526,8.02820633190987,0.7005931676064195,5.4510103244711965e-5,0.0,5.4510103244711965e-5,-3.698661722008952e-8,1.0894653978792948e-6,0.0,0.0,6.427238021059828e-12,1.2693693423972655e-9,0.015844279959804166
4,0.08726646259971647,6,5,51,8.02820631205879,-0.0005645834252103899,8.02820633191095,0.7005931676065138,0.0,5.451010313931606e-5,5.451010313931606e-5,0.0,0.0,-3.698662159411006e-8,1.0894653968162956e-6,6.427238021059828e-12,1.2693693423972655e-9,0.015844279959804166
4,0.08726646259971647,6,7,52,8.020139344972373,-0.006349392479949455,8.020141858318889,0.6998894095234058,3.77755818745527e-5,0.0,3.77755818745527e-5,4.165578058110329e-7,6.302089204321406e-7,0.0,0.0,6.427238021059828e-12,1.2693693423972655e-9,0.015844279959804166
4,0.08726646259971647,6,5,53,8.020139344973192,-0.006349392480368968,8.020141858319707,0.6998894095234773,0.0,3.777558168663139e-5,3.777558168663139e-5,0.0,0.0,4.165578047131291e-7,6.302089204965304e-7,6.427238021059828e-12,1.2693693423972655e-9,0.015844279959804166
4,0.08726646259971647,6,7,54,8.717423682301998,0.0027933322423084155,8.71742412983702,0.7607387667922882,8.988828910466595e-6,0.0,8.988828910466595e-6,1.7973731733949663e-7,-2.766107724969336e-9,0.0,0.0,6.427238021059828e-12,1.2693693423972655e-9,0.015844279959804166
4,0.08726646259971647,6,5,55,8.71742368230164,0.0027933322454613517,8.717424129836663,0.7607387667922572,0.0,8.988828904561376e-6,8.988828904561376e-6,0.0,0.0,1.7973731766394328e-7,-2.7661082336172797e-9,6.427238021059828e-12,1.2693693423972655e-9,0.015844279959804166
4,0.08726646259971647,6,7,56,8.715307688161746,0.0015264763055175337,8.715307821842046,0.7605540840797954,8.790840516442263e-6,0.0,8.790840516442263e-6,1.7456190367447705e-7,-2.082090407414534e-8,0.0,0.0,6.427238021059828e-12,1.2693693423972655e-9,0.015844279959804166
4,0.08726646259971647,6,5,57,8.715307688159323,0.0015264763030603066,8.715307821839621,0.7605540840795838,0.0,8.790840416586782e-6,8.790840416586782e-6,0.0,0.0,1.7456190318531934e-7,-2.082090363801316e-8,6.427238021059828e-12,1.2693693423972655e-9,0.015844279959804166
4,0.08726646259971647,6,5,58,8.684516198807085,0.005709450314114923,8.68451807558517,0.7578671718396149,0.0,8.147808213077943e-6,8.147808213077943e-6,0.0,0.0,1.6265580468677042e-7,9.617156618095462e-9,6.427238021059828e-12,1.2693693423972655e-9,0.015844279959804166
4,0.08726646259971647,6,7,59,8.684516198808147,0.005709450314421334,8.684518075586233,0.7578671718397076,8.147808177986161e-6,0.0,8.147808177986161e-6,1.6265580459927827e-7,9.61715645817056e-9,0.0,0.0,6.427238021059828e-12,1.2693693423972655e-9,0.015844279959804166
4,0.08726646259971647,6,7,60,11.62061584947136,-0.0007358525881948717,11.620615872769568,1.014090040446717,7.475859257094415e-6,0.0,7.475859257094415e-6,1.1860367112758888e-8,1.4903103444757888e-7,0.0,0.0,6.427238021059828e-12,1.2693693423972655e-9,0.015844279959804166
4,0.08726646259971647,6,5,61,11.620615849482219,-0.0007358526427464034,11.62061587278043,1.014090040447665,0.0,7.475859206371926e-6,7.475859206371926e-6,0.0,0.0,1.1860367003108356e-8,1.49031032458322e-7,6.427238021059828e-12,1.2693693423972655e-9,0.015844279959804166
4,0.08726646259971647,6,7,62,8.67432177875222,-0.004472647236270597,8.674322931843637,0.7569774777095957,7.090350566207106e-6,0.0,7.090350566207106e-6,1.412959482413624e-7,-1.1860123345266853e-8,0.0,0.0,6.427238021059828e-12,1.2693693423972655e-9,0.015844279959804166
4,0.08726646259971647,6,5,63,8.674321778752127,-0.004472647236192865,8.674322931843543,0.7569774777095875,0.0,7.090350545738916e-6,7.090350545738916e-6,0.0,0.0,1.4129594799981402e-7,-1.1860123343265314e-8,6.427238021059828e-12,1.2693693423972655e-9,0.015844279959804166
4,0.08726646259971647,6,7,64,11.612646243213966,-0.006481677514922808,11.612648052110028,1.01339471692313,4.269623270392646e-6,0.0,4.269623270392646e-6,1.7756328895304973e-8,8.351722889014941e-8,0.0,0.0,6.427238021059828e-12,1.2693693423972655e-9,0.015844279959804166
4,0.08726646259971647,6,5,65,11.612646243237236,-0.006481677513464243,11.612648052133299,1.013394716925161,0.0,4.269623008682065e-6,4.269623008682065e-6,0.0,0.0,1.7756330918985904e-8,8.351722431914988e-8,6.427238021059828e-12,1.2693693423972655e-9,0.015844279959804166
4,0.08726646259971647,6,5,66,11.601279082385897,-0.0007818539935083354,11.601279108731942,1.0124025894510282,0.0,4.0415809496799275e-6,4.0415809496799275e-6,0.0,0.0,8.082349283257814e-8,8.431165430537603e-11,6.427238021059828e-12,1.2693693423972655e-9,0.015844279959804166
4,0.08726646259971647,6,7,67,11.601279082384547,-0.00078185399327361,11.601279108730592,1.0124025894509103,4.041580945469157e-6,0.0,4.041580945469157e-6,8.082349299389429e-8,8.431161315185677e-11,0.0,0.0,6.427238021059828e-12,1.2693693423972655e-9,0.015844279959804166
4,0.08726646259971647,6,5,68,11.602801063039815,0.0007236973509431432,11.602801085609272,1.0125354069892711,0.0,3.1483707633280073e-6,3.1483707633280073e-6,0.0,0.0,6.098946172628323e-8,-1.5632916246701606e-8,6.427238021059828e-12,1.2693693423972655e-9,0.015844279959804166
4,0.08726646259971647,6,7,69,11.602801063041,0.0007236973517562046,11.602801085610457,1.0125354069893746,3.1483707389813403e-6,0.0,3.1483707389813403e-6,6.098946160262108e-8,-1.5632916278337652e-8,0.0,0.0,6.427238021059828e-12,1.2693693423972655e-9,0.015844279959804166
4,0.08726646259971647,6,5,70,11.632362738679282,-0.006103057315951492,11.632364339699938,1.0151152875967002,0.0,1.5765565809914134e-6,1.5765565809914134e-6,0.0,0.0,2.1533058059378052e-8,2.302913087746153e-8,6.427238021059828e-12,1.2693693423972655e-9,0.015844279959804166
4,0.08726646259971647,6,7,71,11.632362738704556,-0.006103057299745913,11.632364339725203,1.0151152875989051,1.576556566953562e-6,0.0,1.576556566953562e-6,2.153305786725785e-8,2.3029130665279565e-8,0.0,0.0,6.427238021059828e-12,1.2693693423972655e-9,0.015844279959804166
4,0.08726646259971647,6,7,72,8.697981253437826,0.0007078596532933152,8.697981282241365,0.75904205825975,8.195260980392853e-7,0.0,8.195260980392853e-7,-2.6500577690447003e-10,1.6386740467711936e-8,0.0,0.0,6.427238021059828e-12,1.2693693423972655e-9,0.015844279959804166
4,0.08726646259971647,6,5,73,8.697981253439455,0.0007078596534939603,8.697981282242994,0.7590420582598921,0.0,8.195260964180198e-7,8.195260964180198e-7,0.0,0.0,-2.6500580523306344e-10,1.6386740475103463e-8,6.427238021059828e-12,1.2693693423972655e-9,0.015844279959804166
4,0.08726646259971647,6,5,74,5.140333327291325,0.0002411845005387877,5.140333332949514,0.4485787065499147,0.0,5.099885663587291e-7,5.099885663587291e-7,0.0,0.0,7.854751199619285e-9,6.505182408776687e-9,6.427238021059828e-12,1.2693693423972655e-9,0.015844279959804166
4,0.08726646259971647,6,7,75,5.14033332729019,0.00024118450069544016,5.140333332948379,0.44857870654981563,5.099885651880205e-7,0.0,5.099885651880205e-7,7.854751177170689e-9,6.505182475894373e-9,0.0,0.0,6.427238021059828e-12,1.2693693423972655e-9,0.015844279959804166
4,0.08726646259971647,6,5,76,8.69379671384821,-0.0026379845257617045,8.693797114073936,0.7586769207048562,0.0,4.2000629858645886e-7,4.2000629858645886e-7,0.0,0.0,3.463852974565963e-9,7.651779813686782e-9,6.427238021059828e-12,1.2693693423972655e-9,0.015844279959804166
4,0.08726646259971647,6,7,77,8.693796713849562,-0.002637984525057129,8.693797114075288,0.7586769207049742,4.200062925717766e-7,0.0,4.200062925717766e-7,3.463852983735174e-9,7.65177975044312e-9,0.0,0.0,6.427238021059828e-12,1.2693693423972655e-9,0.015844279959804166
4,0.08726646259971647,6,7,78,8.730154662315885,0.0010350887074482337,8.730154723678407,0.7618497206836198,1.7538750023776667e-7,0.0,1.7538750023776667e-7,2.527997030863998e-9,2.4312711519217655e-9,0.0,0.0,6.427238021059828e-12,1.2693693423972655e-9,0.015844279959804166
4,0.08726646259971647,6,5,79,8.730154662344484,0.0010350887373223264,8.73015472370701,0.7618497206861159,0.0,1.7538749817911892e-7,1.7538749817911892e-7,0.0,0.0,2.52799727448416e-9,2.4312710578675778e-9,6.427238021059828e-12,1.2693693423972655e-9,0.015844279959804166
5,0.05038331567317271,7,6,0,0.3452474530759684,0.02341063670449777,0.346040260325808,0.017434655671622046,0.0,39.82938903087817,39.82938903087817,0.0,0.0,0.7965077338873048,-0.0007919648877887653,8.318472079370848e-12,1.434488258107401e-9,0.01603947272611054
5,0.05038331567317271,7,8,1,0.3452474530795131,0.02341063670332322,0.34604026032926516,0.01743465567179623,39.82938903076824,0.0,39.82938903076824,0.7965077338869371,-0.0007919648884406882,0.0,0.0,8.318472079370848e-12,1.434488258107401e-9,0.01603947272611054
5,0.05038331567317271,7,8,2,2.124294371794716,0.009284809988067955,2.1243146625994984,0.10703001623489991,1.956078972702284,0.0,1.956078972702284,0.03667744017268926,0.013599900702639167,0.0,0.0,8.318472079370848e-12,1.434488258107401e-9,0.01603947272611054
5,0.05038331567317271,7,6,3,2.124294371794314,0.009284809988443958,2.1243146625990983,0.10703001623487975,0.0,1.95607897261032,1.95607897261032,0.0,0.0,0.036677440172438125,0.013599900702868262,8.318472079370848e-12,1.434488258107401e-9,0.01603947272611054
5,0.05038331567317271,7,8,4,6.7560500257561,0.007995341104127267,6.756054756734759,0.34039243951380743,1.663787534788723,0.0,1.663787534788723,0.032483170704646236,0.007204010963510976,0.0,0.0,8.318472079370848e-12,1.434488258107401e-9,0.01603947272611054
5,0.05038331567317271,7,6,5,6.756050025758453,0.007995341094994583,6.756054756737102,0.34039243951392545,0.0,1.663787532324395,1.663787532324395,0.0,0.0,0.03248317070473905,0.007204010962016727,8.318472079370848e-12,1.434488258107401e-9,0.01603947272611054
5,0.05038331567317271,7,8,6,6.73545036609189,-0.0009253758135705815,6.735450429660052,0.3393543251985692,1.526911950201328,0.0,1.526911950201328,0.03053438506770001,-0.00022107353709788224,0.0,0.0,8.318472079370848e-12,1.434488258107401e-9,0.01603947272611054
5,0.05038331567317271,7,6,7,6.735450366085977,-0.0009253758053633064,6.735450429654137,0.33935432519827113,0.0,1.5269119483098752,1.5269119483098752,0.0,0.0,0.030534385067859438,-0.00022107353705813626,8.318472079370848e-12,1.434488258107401e-9,0.01603947272611054
5,0.05038331567317271,7,8,8,2.1031471735615925,-0.0007872057717037938,2.103147320886733,0.10596353537542373,1.3543352013464065,0.0,1.3543352013464065,0.027078836703738562,-0.0005285995915867425,0.0,0.0,8.318472079370848e-12,1.434488258107401e-9,0.01603947272611054
5,0.05038331567317271,7,6,9,2.103147173561906,-0.0007872057716870572,2.1031473208870466,0.10596353537543952,0.0,1.3543352012954952,1.3543352012954952,0.0,0.0,0.027078836703706477,-0.0005285995915432773,8.318472079370848e-12,1.434488258107401e-9,0.01603947272611054
5,0.05038331567317271,7,8,10,12.950980196309978,0.003062615898658798,12.950980558429904,0.6525133417524964,1.2421834376479823,0.0,1.2421834376479823,0.024583903954102926,0.0035659659161680346,0.0,0.0,8.318472079370848e-12,1.434488258107401e-9,0.01603947272611054
5,0.05038331567317271,7,6,11,12.95098019635724,0.0030626158627104424,12.950980558477157,0.6525133417548772,0.0,1.2421834240771878,1.2421834240771878,0.0,0.0,0.024583903949615515,0.003565965919150871,8.318472079370848e-12,1.434488258107401e-9,0.01603947272611054
5,0.05038331567317271,7,8,12,12.93235696469712,-0.0014914064154937304,12.932357050694325,0.651575027683313,1.1715164894519359,0.0,1.1715164894519359,0.023427778348573902,-9.884395390535872e-5,0.0,0.0,8.318472079370848e-12,1.434488258107401e-9,0.01603947272611054
5,0.05038331567317271,7,6,13,12.932356964709822,-0.001491406428692929,12.932357050707028,0.651575027683953,0.0,1.171516476852855,1.171516476852855,0.0,0.0,0.023427778348319273,-9.884395388520817e-5,8.318472079370848e-12,1.434488258107401e-9,0.01603947272611054
5,0.05038331567317271,7,8,14,2.1921400827797894,0.037714344244982816,2.1924644841574086,0.11046363020752248,1.158653908104303,0.0,1.158653908104303,0.019587063708303556,-0.012378655082784462,0.0,0.0,8.318472079370848e-12,1.434488258107401e-9,0.01603947272611054
5,0.05038331567317271,7,6,15,2.1921400827791997,0.03771434424514597,2.1924644841568215,0.1104636302074929,0.0,1.1586539080780272,1.1586539080780272,0.0,0.0,0.019587063708325858,-0.0123786550829309,8.318472079370848e-12,1.434488258107401e-9,0.01603947272611054
5,0.05038331567317271,7,8,16,6.820745807313687,0.03897152898330071,6.820857141742417,0.3436573985340227,0.47002001908249874,0.0,0.47002001908249874,0.006385593369427692,-0.006897394673480661,0.0,0.0,8.318472079370848e-12,1.434488258107401e-9,0.01603947272611054
5,0.05038331567317271,7,6,17,6.820745807315008,0.038971528986358,6.820857141743756,0.34365739853409016,0.0,0.4700200189312986,0.4700200189312986,0.0,0.0,0.0063855933692091305,-0.006897394671929624,8.318472079370848e-12,1.434488258107401e-9,0.01603947272611054
5,0.05038331567317271,7,8,18,13.032852422554836,0.043374710176703135,13.032924600164629,0.6566419542747527,0.20755197585087273,0.0,0.20755197585087273,0.0023373360392556462,-0.0034299480251917813,0.0,0.0,8.318472079370848e-12,1.434488258107401e-9,0.01603947272611054
5,0.05038331567317271,7,6,19,13.032852422619445,0.04337471019965558,13.032924600229315,0.6566419542780118,0.0,0.2075519757243644,0.2075519757243644,0.0,0.0,0.0023373360438639496,-0.003429948028132207,8.318472079370848e-12,1.434488258107401e-9,0.01603947272611054
5,0.05038331567317271,7,8,20,4.525066562582724,0.023381478895089527,4.525126969418599,0.2279909005614046,0.0019164412105315395,0.0,0.0019164412105315395,3.831871004491281e-5,6.938602774111177e-7,0.0,0.0,8.318472079370848e-12,1.434488258107401e-9,0.01603947272611054
5,0.05038331567317271,7,6,21,4.525066562584038,0.02338147889424601,4.525126969419908,0.2279909005614706,0.0,0.0019164412104381114,0.0019164412104381114,0.0,0.0,3.8318710044623e-5,6.938602778614952e-7,8.318472079370848e-12,1.434488258107401e-9,0.01603947272611054
5,0.05038331567317271,7,6,22,9.160649987284353,0.023603040145888942,9.160680394656117,0.4615454521050035,0.0,0.0012762976141672095,0.0012762976141672095,0.0,0.0,2.526662136090286e-5,-3.6113409061824505e-6,8.318472079370848e-12,1.434488258107401e-9,0.01603947272611054
5,0.05038331567317271,7,8,23,9.160649987283021,0.023603040147502474,9.160680394654788,0.4615454521049365,0.0012762976139455737,0.0,0.0012762976139455737,2.5266621368957506e-5,-3.611340918595156e-6,0.0,0.0,8.318472079370848e-12,1.434488258107401e-9,0.01603947272611054
5,0.05038331567317271,7,8,24,4.580113744690737,0.02117734465876088,4.580162703903848,0.23076378334527983,0.0010961989636492262,0.0,0.0010961989636492262,2.187722687698086e-5,-1.3970300079427862e-6,0.0,0.0,8.318472079370848e-12,1.434488258107401e-9,0.01603947272611054
5,0.05038331567317271,7,6,25,4.5801137446863445,0.021177344660449057,4.580162703899463,0.2307637833450589,0.0,0.001096198960953907,0.001096198960953907,0.0,0.0,2.18772268787261e-5,-1.3970300117087625e-6,8.318472079370848e-12,1.434488258107401e-9,0.01603947272611054
5,0.05038331567317271,7,6,26,9.211393080187118,0.021284129658792676,9.211417670038335,0.46410176426698246,0.0,0.0007817914129575941,0.0007817914129575941,0.0,0.0,1.56202135559141e-5,-6.626952038618324e-7,8.318472079370848e-12,1.434488258107401e-9,0.01603947272611054
5,0.05038331567317271,7,8,27,9.21139308019576,0.021284129662726595,9.211417670046986,0.46410176426741834,0.0007817914071825895,0.0,0.0007817914071825895,1.5620213550850116e-5,-6.626951938462438e-7,0.0,0.0,8.318472079370848e-12,1.434488258107401e-9,0.01603947272611054
5,0.05038331567317271,7,8,28,4.5824022541966105,0.02351502527613653,4.582462588573955,0.23087965916062575,0.0005410188837921936,0.0,0.0005410188837921936,1.0784961353284695e-5,-8.612609880041615e-7,0.0,0.0,8.318472079370848e-12,1.434488258107401e-9,0.01603947272611054
5,0.05038331567317271,7,6,29,4.582402254193412,0.023515025277627555,4.582462588570765,0.23087965916046502,0.0,0.0005410188808215769,0.0005410188808215769,0.0,0.0,1.0784961352056023e-5,-8.612609857736866e-7,8.318472079370848e-12,1.434488258107401e-9,0.01603947272611054
5,0.05038331567317271,7,6,30,9.213639019920034,0.02344704441611016,9.213668854114784,0.46421518638494463,0.0,0.0003931581223114564,0.0003931581223114564,0.0,0.0,7.849823444122634e-6,-4.441084750695821e-7,8.318472079370848e-12,1.434488258107401e-9,0.01603947272611054
5,0.05038331567317271,7,8,31,9.213639019920077,0.023447044412120723,9.213668854114818,0.46421518638494635,0.0003931581177770056,0.0,0.0003931581177770056,7.849823446996203e-6,-4.441084769063832e-7,0.0,0.0,8.318472079370848e-12,1.434488258107401e-9,0.01603947272611054
5,0.05038331567317271,7,8,32,9.159160665773822,0.023216537118928793,9.159190090234734,0.46147036562689187,0.0002098393716510678,0.0,0.0002098393716510678,1.6396164139057337e-6,3.862791814009086e-6,0.0,0.0,8.318472079370848e-12,1.434488258107401e-9,0.01603947272611054
5,0.05038331567317271,7,6,33,9.159160665777723,0.023216537114674952,9.159190090238624,0.4614703656270878,0.0,0.00020983937093542769,0.00020983937093542769,0.0,0.0,1.6396164183429395e-6,3.8627918021980314e-6,8.318472079370848e-12,1.434488258107401e-9,0.01603947272611054
5,0.05038331567317271,7,6,34,10.977310162300139,-0.00020642183711928538,10.97731016424096,0.5530732832472797,0.0,5.576390585596331e-5,5.576390585596331e-5,0.0,0.0,1.1151521606317223e-6,-5.674221876263402e-9,8.318472079370848e-12,1.434488258107401e-9,0.01603947272611054
5,0.05038331567317271,7,8,35,10.977310162302246,-0.0002064218362105158,10.977310164243066,0.5530732832473858,5.5763905817379005e-5,0.0,5.5763905817379005e-5,1.1151521602437168e-6,-5.674221430215852e-9,0.0,0.0,8.318472079370848e-12,1.434488258107401e-9,0.01603947272611054
5,0.05038331567317271,7,6,36,10.997574394915691,0.009416646474735632,10.997578426405337,0.5540944654980541,0.0,5.320355475437742e-5,5.320355475437742e-5,0.0,0.0,1.0597587973755845e-6,9.451012307177428e-8,8.318472079370848e-12,1.434488258107401e-9,0.01603947272611054
5,0.05038331567317271,7,8,37,10.99757439491765,0.0094166464733211,10.997578426407294,0.5540944654981527,5.320355473143399e-5,0.0,5.320355473143399e-5,1.0597587965602408e-6,9.451012364621847e-8,0.0,0.0,8.318472079370848e-12,1.434488258107401e-9,0.01603947272611054
5,0.05038331567317271,7,8,38,11.064500726886745,0.03730449546806298,11.064563613656864,0.5574694013327743,1.0903985402721666e-5,0.0,1.0903985402721666e-5,1.3571350051720349e-7,-1.706783351887077e-7,0.0,0.0,8.318472079370848e-12,1.434488258107401e-9,0.01603947272611054
5,0.05038331567317271,7,6,39,11.064500726882374,0.03730449546673026,11.064563613652489,0.5574694013325538,0.0,1.0903985401777912e-5,1.0903985401777912e-5,0.0,0.0,1.3571350031275006e-7,-1.706783351426342e-7,8.318472079370848e-12,1.434488258107401e-9,0.01603947272611054
5,0.05038331567317271,7,8,40,6.343344054973012,1.533094687772643e-5,6.3433440549915385,0.3195987059461821,7.87746868910821e-6,0.0,7.87746868910821e-6,1.5749368781359277e-7,-3.546744308309613e-9,0.0,0.0,8.318472079370848e-12,1.434488258107401e-9,0.01603947272611054
5,0.05038331567317271,7,6,41,6.343344054972809,1.533094661525236e-5,6.343344054991335,0.31959870594617185,0.0,7.877468654368098e-6,7.877468654368098e-6,0.0,0.0,1.5749368773169527e-7,-3.5467442658406516e-9,8.318472079370848e-12,1.434488258107401e-9,0.01603947272611054
5,0.05038331567317271,7,6,42,6.363716190426296,0.009568615011740604,6.363723384205745,0.320625484123189,0.0,6.931344954396537e-6,6.931344954396537e-6,0.0,0.0,1.371022244392797e-7,2.0409665191717078e-8,8.318472079370848e-12,1.434488258107401e-9,0.01603947272611054
5,0.05038331567317271,7,8,43,6.3637161904262385,0.009568615010885712,6.363723384205685,0.320625484123186,6.931344938874256e-6,0.0,6.931344938874256e-6,1.3710222410281407e-7,2.0409665257667487e-8,0.0,0.0,8.318472079370848e-12,1.434488258107401e-9,0.01603947272611054
5,0.05038331567317271,7,6,44,10.995438005159372,0.008758441665484114,10.995441493437337,0.553986799729755,0.0,6.522645662532668e-6,6.522645662532668e-6,0.0,0.0,-3.573076536986587e-8,1.2545067474025419e-7,8.318472079370848e-12,1.434488258107401e-9,0.01603947272611054
5,0.05038331567317271,7,8,45,10.995438005155158,0.008758441666492927,10.995441493433125,0.5539867997295427,6.522645655399435e-6,0.0,6.522645655399435e-6,-3.573076480564007e-8,1.2545067446696282e-7,0.0,0.0,8.318472079370848e-12,1.434488258107401e-9,0.01603947272611054
5,0.05038331567317271,7,8,46,9.216489714467205,0.023497118053112873,9.216519666958703,0.46435881978838495,3.4135287849645035e-6,0.0,3.4135287849645035e-6,-6.087478905139589e-8,-3.089013263195898e-8,0.0,0.0,8.318472079370848e-12,1.434488258107401e-9,0.01603947272611054
5,0.05038331567317271,7,6,47,9.216489714460897,0.023497118053466243,9.216519666952397,0.46435881978806726,0.0,3.4135286787563005e-6,3.4135286787563005e-6,0.0,0.0,-6.087478848075572e-8,-3.0890132532746014e-8,8.318472079370848e-12,1.434488258107401e-9,0.01603947272611054
5,0.05038331567317271,7,8,48,9.15785457875559,0.022133508392588187,9.157881325821409,0.46140442573631346,1.9816973239664025e-6,0.0,1.9816973239664025e-6,3.7951042224327796e-8,-1.1412835590182893e-8,0.0,0.0,8.318472079370848e-12,1.434488258107401e-9,0.01603947272611054
5,0.05038331567317271,7,6,49,9.157854578758826,0.022133508394481267,9.15788132582465,0.4614044257364768,0.0,1.98169722237293e-6,1.98169722237293e-6,0.0,0.0,3.795104208861861e-8,-1.141283549408817e-8,8.318472079370848e-12,1.434488258107401e-9,0.01603947272611054
5,0.05038331567317271,7,8,50,6.428964327374797,0.03752725987882978,6.429073853821536,0.3239180574632315,8.054242905155884e-7,0.0,8.054242905155884e-7,8.424346531367175e-10,-1.608482874250703e-8,0.0,0.0,8.318472079370848e-12,1.434488258107401e-9,0.01603947272611054
5,0.05038331567317271,7,6,51,6.428964327373991,0.03752725987811159,6.429073853820725,0.32391805746319063,0.0,8.054242465414732e-7,8.054242465414732e-7,0.0,0.0,8.42434622372322e-10,-1.6084828725926095e-8,8.318472079370848e-12,1.434488258107401e-9,0.01603947272611054
5,0.05038331567317271,7,8,52,11.058833422504254,0.038637379150848035,11.05890091798298,0.5571840959490759,6.386258961055278e-7,0.0,6.386258961055278e-7,-7.266311840221529e-9,-1.0502633120195157e-8,0.0,0.0,8.318472079370848e-12,1.434488258107401e-9,0.01603947272611054
5,0.05038331567317271,7,6,53,11.058833422503533,0.03863737915053144,11.058900917982257,0.5571840959490395,0.0,6.386258908490223e-7,6.386258908490223e-7,0.0,0.0,-7.2663117659645855e-9,-1.0502633079497368e-8,8.318472079370848e-12,1.434488258107401e-9,0.01603947272611054
5,0.05038331567317271,7,8,54,10.974970857689442,-0.00021884842959567913,10.974970859871435,0.5529554213367742,4.5051400658350594e-8,0.0,4.5051400658350594e-8,-8.066340327693135e-10,-4.0128628500215177e-10,0.0,0.0,8.318472079370848e-12,1.434488258107401e-9,0.01603947272611054
5,0.05038331567317271,7,6,55,10.974970857688497,-0.00021884842939766738,10.97497085987049,0.5529554213367266,0.0,4.505139953189099e-8,4.505139953189099e-8,0.0,0.0,-8.06634031669299e-10,-4.012862502434285e-10,8.318472079370848e-12,1.434488258107401e-9,0.01603947272611054
5,0.05038331567317271,7,6,56,11.093121228328242,0.03709311529720691,11.09318324402825,0.5589113532042254,0.0,4.31928032717722e-8,4.31928032717722e-8,0.0,0.0,6.130589060052858e-10,-6.084872468429314e-10,8.318472079370848e-12,1.434488258107401e-9,0.01603947272611054
5,0.05038331567317271,7,8,57,11.093121228327526,0.037093115296276444,11.09318324402753,0.5589113532041892,4.3192802130751306e-8,0.0,4.3192802130751306e-8,6.130589024009439e-10,-6.084872234392886e-10,0.0,0.0,8.318472079370848e-12,1.434488258107401e-9,0.01603947272611054
5,0.05038331567317271,7,6,58,10.952900537659668,0.0056847956959337545,10.952902012926415,0.5518435196546004,0.0,1.8126317818977844e-8,1.8126317818977844e-8,0.0,0.0,-2.5243515435533517e-10,2.6014528838927636e-10,8.318472079370848e-12,1.434488258107401e-9,0.01603947272611054
5,0.05038331567317271,7,8,59,10.952900537662956,0.0056847956984136735,10.952902012929705,0.5518435196547662,1.8126317310973798e-8,0.0,1.8126317310973798e-8,-2.524351298868897e-10,2.6014528861771056e-10,0.0,0.0,8.318472079370848e-12,1.434488258107401e-9,0.01603947272611054
5,0.05038331567317271,7,8,60,11.084065153595537,0.03148873379067677,11.084109881695806,0.5584542071256128,1.622209525257802e-8,0.0,1.622209525257802e-8,2.2871475872368124e-10,-2.3006751986635153e-10,0.0,0.0,8.318472079370848e-12,1.434488258107401e-9,0.01603947272611054
5,0.05038331567317271,7,6,61,11.08406515359519,0.031488733789713244,11.084109881695456,0.5584542071255951,0.0,1.6222094299364633e-8,1.6222094299364633e-8,0.0,0.0,2.287147532128489e-10,-2.3006750417138026e-10,8.318472079370848e-12,1.434488258107401e-9,0.01603947272611054
5,0.05038331567317271,7,6,62,10.966253533483656,0.015556555774611073,10.96626456762148,0.5525167694660018,0.0,1.5795903397762268e-8,1.5795903397762268e-8,0.0,0.0,-1.2871445943061155e-10,2.8847329848317674e-10,8.318472079370848e-12,1.434488258107401e-9,0.01603947272611054
5,0.05038331567317271,7,8,63,10.966253533486672,0.015556555773461257,10.966264567624494,0.5525167694661537,1.579590246378853e-8,0.0,1.579590246378853e-8,-1.2871444764883324e-10,2.884732944972349e-10,0.0,0.0,8.318472079370848e-12,1.434488258107401e-9,0.01603947272611054
5,0.05038331567317271,7,8,64,8.822737841376288,0.023516237693551503,8.822769181560197,0.44452036478608703,7.135488351792198e-11,0.0,7.135488351792198e-11,-2.770319265557163e-13,-1.3998051383163827e-12,0.0,0.0,8.318472079370848e-12,1.434488258107401e-9,0.01603947272611054
5,0.05038331567317271,7,6,65,8.822737841372327,0.023516237695095123,8.82276918155624,0.44452036478588763,0.0,7.135487813177967e-11,7.135487813177967e-11,0.0,0.0,-2.7703171561567096e-13,-1.3998050212589297e-12,8.318472079370848e-12,1.434488258107401e-9,0.01603947272611054
5,0.05038331567317271,7,6,66,12.990346270961762,0.04996472379970385,12.99044236017829,0.6545015581670176,0.0,4.446234849214468e-18,4.446234849214468e-18,0.0,0.0,-7.303996325165124e-20,-6.324903065389943e-20,8.318472079370848e-12,1.434488258107401e-9,0.01603947272611054
5,0.05038331567317271,7,8,67,12.99034627094822,0.0499647237974226,12.99044236016474,0.6545015581663348,2.4924656738598717e-18,0.0,2.4924656738598717e-18,2.8859264532860665e-20,-3.84073913917157e-20,0.0,0.0,8.318472079370848e-12,1.434488258107401e-9,0.01603947272611054
5,0.05038331567317271,7,8,68,9.160496311494175,0.02472248525788248,9.160529672141001,0.46153785820494536,1.2656511033674972e-18,0.0,1.2656511033674972e-18,-4.946338946989298e-21,-2.4829102657521332e-20,0.0,0.0,8.318472079370848e-12,1.434488258107401e-9,0.01603947272611054
5,0.05038331567317271,7,6,69,9.160496311491869,0.024722485258171722,9.160529672138695,0.4615378582048292,0.0,4.917914271550033e-19,4.917914271550033e-19,0.0,0.0,2.559562891906223e-21,-9.414752398655223e-21,8.318472079370848e-12,1.434488258107401e-9,0.01603947272611054
5,0.05038331567317271,7,8,70,6.784507234058037,0.047833086012344386,6.78467585173406,0.3418344651780691,4.3333585829620535e-19,0.0,4.3333585829620535e-19,-2.6933712059540743e-21,8.69441862352204e-21,0.0,0.0,8.318472079370848e-12,1.434488258107401e-9,0.01603947272611054
5,0.05038331567317271,7,6,71,6.7845072340491495,0.047833086013576685,6.784675851725182,0.3418344651776218,0.0,3.2225516977293424e-19,3.2225516977293424e-19,0.0,0.0,-8.295177233577173e-21,2.990582044858317e-21,8.318472079370848e-12,1.434488258107401e-9,0.01603947272611054
5,0.05038331567317271,7,6,72,4.584689400146048,0.025748367274669864,4.584761703101791,0.23099549617365048,0.0,8.881961761199639e-20,8.881961761199639e-20,0.0,0.0,1.0438511216743044e-21,-1.3783320053316793e-21,8.318472079370848e-12,1.434488258107401e-9,0.01603947272611054
5,0.05038331567317271,7,8,73,9.215877095454047,0.025615781011761766,9.215912695265258,0.46432823854194943,8.442230221929351e-20,0.0,8.442230221929351e-20,9.800670451250328e-22,1.5921628049457671e-21,0.0,0.0,8.318472079370848e-12,1.434488258107401e-9,0.01603947272611054
5,0.05038331567317271,7,8,74,4.584689400148861,0.025748367274353316,4.584761703104602,0.23099549617379211,7.416518399916252e-20,0.0,7.416518399916252e-20,2.9737881874907596e-22,-1.3801825131586164e-21,0.0,0.0,8.318472079370848e-12,1.434488258107401e-9,0.01603947272611054
5,0.05038331567317271,7,6,75,9.215877095456985,0.025615781009922994,9.215912695268193,0.46432823854209726,0.0,2.6264892765778317e-20,2.6264892765778317e-20,0.0,0.0,-6.802336331227163e-24,6.807009166849823e-22,8.318472079370848e-12,1.434488258107401e-9,0.01603947272611054
5,0.05038331567317271,7,6,76,2.15168935227432,0.04774264747592003,2.1522189547252606,0.1084359269937086,0.0,4.5262541249852515e-21,4.5262541249852515e-21,0.0,0.0,-1.5291907273905888e-22,-1.012119836342458e-22,8.318472079370848e-12,1.434488258107401e-9,0.01603947272611054
5,0.05038331567317271,7,8,77,2.1516893522745777,0.047742647476229125,2.152218954725525,0.10843592699372193,3.71965605671818e-21,0.0,3.71965605671818e-21,1.4645819121015533e-22,-2.1341221479448254e-23,0.0,0.0,8.318472079370848e-12,1.434488258107401e-9,0.01603947272611054
5,0.05038331567317271,7,8,78,10.940829236030375,-0.002401305306839515,10.940829499550944,0.5512352664022354,1.7948564527045386e-21,0.0,1.7948564527045386e-21,1.8659803494351527e-23,3.2101773674026476e-23,0.0,0.0,8.318472079370848e-12,1.434488258107401e-9,0.01603947272611054
5,0.05038331567317271,7,6,79,10.940829236031473,-0.0024013053078539674,10.940829499552043,0.5512352664022908,0.0,1.741565450660084e-21,1.741565450660084e-21,0.0,0.0,1.801778055230928e-23,3.0330488574920883e-23,8.318472079370848e-12,1.434488258107401e-9,0.01603947272611054
6,0.029088820866572156,8,7,0,0.29124832872863393,0.04019952221970089,0.29400950762503353,0.00855238990037368,0.0,15.58393063292548,15.58393063292548,0.0,0.0,0.31036445595449713,0.028249526413488546,1.2987124709257574e-11,1.3518574874615017e-7,0.017010542500232467
6,0.029088820866572156,8,9,1,0.2912483291278971,0.04019952237001461,0.2940095080410992,0.008552389912476541,15.583930088659406,0.0,15.583930088659406,0.31036444516484707,0.02824952484168808,0.0,0.0,1.2987124709257574e-11,1.3518574874615017e-7,0.017010542500232467
6,0.029088820866572156,8,9,2,0.22203775899983014,-0.02892156116110009,0.22391342773862827,0.006513377589109107,12.495943832418194,0.0,12.495943832418194,0.24790036040559738,-0.031501839003682086,0.0,0.0,1.2987124709257574e-11,1.3518574874615017e-7,0.017010542500232467
6,0.029088820866572156,8,7,3,0.22203775899910316,-0.0289215611607421,0.22391342773786113,0.006513377589086791,0.0,12.495943831906125,12.495943831906125,0.0,0.0,0.24790036040419539,-0.03150183900348669,1.2987124709257574e-11,1.3518574874615017e-7,0.017010542500232467
6,0.029088820866572156,8,7,4,1.1028312159862237,0.013155287008428176,1.102909675599016,0.03208234198550898,0.0,8.049627051621624,8.049627051621624,0.0,0.0,0.15805003006109652,0.03055492201778698,1.2987124709257574e-11,1.3518574874615017e-7,0.017010542500232467
6,0.029088820866572156,8,9,5,1.1028312165456333,0.013155286745593173,1.1029096761552508,0.0320823420016892,8.04962661366037,0.0,8.04962661366037,0.15805002073443664,0.030554924078351586,0.0,0.0,1.2987124709257574e-11,1.3518574874615017e-7,0.017010542500232467
6,0.029088820866572156,8,9,6,1.0898979102923583,0.00014971766816907622,1.0898979205756059,0.03170384537447329,4.982635111093574,0.0,4.982635111093574,0.09575349141321565,-0.02756708348827308,0.0,0.0,1.2987124709257574e-11,1.3518574874615017e-7,0.017010542500232467
6,0.029088820866572156,8,7,7,1.0898979102869908,0.0001497176696826849,1.0898979205702386,0.031703845374317155,0.0,4.982635110901718,4.982635110901718,0.0,0.0,0.09575349141311484,-0.02756708348801773,1.2987124709257574e-11,1.3518574874615017e-7,0.017010542500232467
6,0.029088820866572156,8,7,8,11.697204336310115,0.005109106285422459,11.697205452088085,0.34025791403528144,0.0,1.718914947755236,1.718914947755236,0.0,0.0,0.03436561864686982,0.0007970894165288955,1.2987124709257574e-11,1.3518574874615017e-7,0.017010542500232467
6,0.029088820866572156,8,9,9,11.69734043492499,0.005080553118084918,11.697341538253518,0.3402618726213702,1.7185613056644726,0.0,1.7185613056644726,0.03435850256054773,0.0007988895044224176,0.0,0.0,1.2987124709257574e-11,1.3518574874615017e-7,0.017010542500232467
6,0.029088820866572156,8,7,10,3.870156007742067,0.00502717304640489,3.8701592727859215,0.11257836981117283,0.0,1.656251657315981,1.656251657315981,0.0,0.0,0.03304777630818023,0.0022119857023432665,1.2987124709257574e-11,1.3518574874615017e-7,0.017010542500232467
6,0.029088820866572156,8,9,11,3.8701565245716862,0.0050270838529654985,3.8701597894992474,0.11257838484175421,1.6562440338039954,0.0,1.6562440338039954,0.03304762182884036,0.002212010691956978,0.0,0.0,1.2987124709257574e-11,1.3518574874615017e-7,0.017010542500232467
6,0.029088820866572156,8,9,12,11.68682607537114,-0.004884913812330194,11.68682709628057,0.3399560199023071,1.641848207331884,0.0,1.641848207331884,0.032826491583178186,-0.0006870405959851222,0.0,0.0,1.2987124709257574e-11,1.3518574874615017e-7,0.017010542500232467
6,0.029088820866572156,8,7,13,11.68682607535552,-0.004884913803475374,11.686827096264947,0.33995601990185265,0.0,1.6418481958632727,1.6418481958632727,0.0,0.0,0.03282649158341988,-0.0006870405961104664,1.2987124709257574e-11,1.3518574874615017e-7,0.017010542500232467
6,0.029088820866572156,8,9,14,3.8603906036053433,-0.004419908145099124,3.860393133865052,0.1122942843455456,1.4486416963551214,0.0,1.4486416963551214,0.028913286899057977,-0.001810824686406698,0.0,0.0,1.2987124709257574e-11,1.3518574874615017e-7,0.017010542500232467
6,0.029088820866572156,8,7,15,3.860390603605641,-0.004419908144804727,3.860393133865349,0.11229428434555425,0.0,1.448641695785997,1.448641695785997,0.0,0.0,0.028913286899007573,-0.0018108246864143585,1.2987124709257574e-11,1.3518574874615017e-7,0.017010542500232467
6,0.029088820866572156,8,7,16,4.330724589720546,0.0393732364804636,4.330903568975086,0.1259808781083143,0.0,0.13571727718653476,0.13571727718653476,0.0,0.0,0.0027131338928504806,7.14342743575111e-5,1.2987124709257574e-11,1.3518574874615017e-7,0.017010542500232467
6,0.029088820866572156,8,9,17,4.330724894172153,0.039373242520913156,4.330903873469026,0.125980886965684,0.13571639303999433,0.0,0.13571639303999433,0.0027131162851873614,7.143124858741134e-5,0.0,0.0,1.2987124709257574e-11,1.3518574874615017e-7,0.017010542500232467
6,0.029088820866572156,8,7,18,4.279673904220527,-0.0017636766315878363,4.279674267630823,0.1244906781383914,0.0,0.10555828205602678,0.10555828205602678,0.0,0.0,0.0019396866574365318,-0.0008329134040786154,1.2987124709257574e-11,1.3518574874615017e-7,0.017010542500232467
6,0.029088820866572156,8,9,19,4.2796739042202665,-0.0017636766315094268,4.279674267630563,0.12449067813838383,0.10555828204903843,0.0,0.10555828204903843,0.0019396866574526751,-0.000832913404115336,0.0,0.0,1.2987124709257574e-11,1.3518574874615017e-7,0.017010542500232467
6,0.029088820866572156,8,9,20,12.164117172618624,0.0389637868684957,12.164179576357892,0.3538416406854903,0.04555583624418809,0.0,0.04555583624418809,0.0009109724470698424,9.842819101619354e-6,0.0,0.0,1.2987124709257574e-11,1.3518574874615017e-7,0.017010542500232467
6,0.029088820866572156,8,7,21,12.164020358085871,0.038955410949368545,12.164082735495091,0.35383882369897973,0.0,0.04544018950768432,0.04544018950768432,0.0,0.0,0.0009086530043139335,1.043466173360208e-5,1.2987124709257574e-11,1.3518574874615017e-7,0.017010542500232467
6,0.029088820866572156,8,7,22,12.112914401270844,-0.003388678922587939,12.112914875275045,0.352350410978913,0.0,0.03760059086835352,0.03760059086835352,0.0,0.0,0.000708409628674099,-0.00025211997385972407,1.2987124709257574e-11,1.3518574874615017e-7,0.017010542500232467
6,0.029088820866572156,8,9,23,12.112914401284282,-0.0033886789262648626,12.112914875288483,0.3523504109793039,0.037600590843724385,0.0,0.037600590843724385,0.000708409628376319,-0.00025211997363640964,0.0,0.0,1.2987124709257574e-11,1.3518574874615017e-7,0.017010542500232467
6,0.029088820866572156,8,7,24,4.787178817731539,0.00676959881465778,4.78718360420881,0.13925352631822133,0.0,0.027874726640710796,0.027874726640710796,0.0,0.0,0.0005573692640369662,8.805084472761002e-6,1.2987124709257574e-11,1.3518574874615017e-7,0.017010542500232467
6,0.029088820866572156,8,9,25,4.78717888885157,0.006769586926964721,4.787183675311959,0.1392535283865281,0.027874495568494407,0.0,0.027874495568494407,0.0005573646275221274,8.805916271111686e-6,0.0,0.0,1.2987124709257574e-11,1.3518574874615017e-7,0.017010542500232467
6,0.029088820866572156,8,9,26,4.785917081417434,0.005507514878576099,4.785920250372263,0.13921677684477893,0.025452766564741748,0.0,0.025452766564741748,0.0005076033355798284,-3.7741006337551133e-5,0.0,0.0,1.2987124709257574e-11,1.3518574874615017e-7,0.017010542500232467
6,0.029088820866572156,8,7,27,4.785917081413562,0.005507514880213234,4.785920250368393,0.13921677684466632,0.0,0.025452766468278452,0.025452766468278452,0.0,0.0,0.0005076033355783955,-3.7741006334782515e-5,1.2987124709257574e-11,1.3518574874615017e-7,0.017010542500232467
6,0.029088820866572156,8,9,28,4.221500602517194,-0.0189346271660102,4.221543065889409,0.12279971002417683,0.02365779334497032,0.0,0.02365779334497032,0.00017996760522557761,0.00043754241561126325,0.0,0.0,1.2987124709257574e-11,1.3518574874615017e-7,0.017010542500232467
6,0.029088820866572156,8,7,29,4.2215006025159205,-0.01893462716580078,4.2215430658881345,0.12279971002413977,0.0,0.023657793343517558,0.023657793343517558,0.0,0.0,0.00017996760523650117,0.0004375424155819785,1.2987124709257574e-11,1.3518574874615017e-7,0.017010542500232467
6,0.029088820866572156,8,9,30,4.246264088136692,0.016042267022142002,4.246294391646738,0.12351969690534195,0.0107778349536026,0.0,0.0107778349536026,0.00011994968641865222,0.00017907392708473534,0.0,0.0,1.2987124709257574e-11,1.3518574874615017e-7,0.017010542500232467
6,0.029088820866572156,8,7,31,4.246264113872645,0.016042128973592286,4.2462944168609695,0.12351969763879421,0.0,0.010777547210065522,0.010777547210065522,0.0,0.0,0.00011994745181191993,0.00017906849801592613,1.2987124709257574e-11,1.3518574874615017e-7,0.017010542500232467
6,0.029088820866572156,8,9,32,12.614286108308283,0.007455309248726408,12.614288311430627,0.3669347730505005,0.0083132339515521,0.0,0.0083132339515521,0.0001662415968279249,-1.4656424452063818e-6,0.0,0.0,1.2987124709257574e-11,1.3518574874615017e-7,0.017010542500232467
6,0.029088820866572156,8,7,33,12.614283251022176,0.007455625325378204,12.61428545433183,0.36693468994086537,0.0,0.008307541637650226,0.008307541637650226,0.0,0.0,0.00016612789697201605,-1.4497040919207727e-6,1.2987124709257574e-11,1.3518574874615017e-7,0.017010542500232467
6,0.029088820866572156,8,7,34,12.611412778411674,0.004751463628442518,12.611413673490054,0.36685115322239087,0.0,0.007963329789474956,0.007963329789474956,0.0,0.0,0.00015904233574555926,-8.143258595850415e-6,1.2987124709257574e-11,1.3518574874615017e-7,0.017010542500232467
6,0.029088820866572156,8,9,35,12.61141277842146,0.004751463615634624,12.611413673499834,0.36685115322267536,0.007963329774941302,0.0,0.007963329774941302,0.00015904233573913688,-8.143258598888783e-6,0.0,0.0,1.2987124709257574e-11,1.3518574874615017e-7,0.017010542500232467
6,0.029088820866572156,8,7,36,12.046327583721515,-0.017406631817790785,12.046340159781355,0.350413831005674,0.0,0.00644252718363569,0.00644252718363569,0.0,0.0,3.150481643778881e-5,0.00012492633456357913,1.2987124709257574e-11,1.3518574874615017e-7,0.017010542500232467
6,0.029088820866572156,8,9,37,12.04632758369842,-0.017406631881095206,12.04634015975835,0.35041383100500484,0.006442527174647793,0.0,0.006442527174647793,3.150481685653154e-5,0.00012492633422087887,0.0,0.0,1.2987124709257574e-11,1.3518574874615017e-7,0.017010542500232467
6,0.029088820866572156,8,7,38,12.071551288904683,0.0167698504233173,12.07156293727285,0.3511475318618815,0.0,0.0029371181538407906,0.0029371181538407906,0.0,0.0,3.159452794466392e-5,4.951525992353303e-5,1.2987124709257574e-11,1.3518574874615017e-7,0.017010542500232467
6,0.029088820866572156,8,9,39,12.071545663975188,0.01681046639928927,12.07155736884097,0.35114736988276407,0.0029263731687208788,0.0,0.0029263731687208788,3.1509472078902106e-5,4.9314623681416525e-5,0.0,0.0,1.2987124709257574e-11,1.3518574874615017e-7,0.017010542500232467
6,0.029088820866572156,8,9,40,8.012821108491387,0.03805781961264645,8.012911487987298,0.23308614689376064,0.0008110516700569372,0.0,0.0008110516700569372,1.6169285221791783e-5,1.2741750375645767e-6,0.0,0.0,1.2987124709257574e-11,1.3518574874615017e-7,0.017010542500232467
6,0.029088820866572156,8,7,41,8.012821150175412,0.03805781173020239,8.012911529633415,0.2330861481051971,0.0,0.000811046322968856,0.000811046322968856,0.0,0.0,1.616936511934249e-5,1.2717977478173036e-6,1.2987124709257574e-11,1.3518574874615017e-7,0.017010542500232467
6,0.029088820866572156,8,7,42,8.056155686740894,0.016882337374461542,8.056173375885283,0.23434458420117488,0.0,0.0007257684790689099,0.0007257684790689099,0.0,0.0,1.4184913405159544e-5,-3.0727922017242102e-6,1.2987124709257574e-11,1.3518574874615017e-7,0.017010542500232467
6,0.029088820866572156,8,9,43,8.056219831416328,0.016880101590012575,8.056237515734962,0.23434644995377257,0.0007231941107178558,0.0,0.0007231941107178558,1.4134525354168111e-5,-3.0622289823972445e-6,0.0,0.0,1.2987124709257574e-11,1.3518574874615017e-7,0.017010542500232467
6,0.029088820866572156,8,7,44,8.077025942070467,0.02681933911033979,8.07707046804902,0.2349524559717581,0.0,0.0006900955388680985,0.0006900955388680985,0.0,0.0,1.3740055840206605e-5,-1.2905473360693537e-6,1.2987124709257574e-11,1.3518574874615017e-7,0.017010542500232467
6,0.029088820866572156,8,9,45,8.077025942071938,0.026819339110134732,8.077070468050492,0.23495245597180087,0.0006900955382883918,0.0,0.0006900955382883918,1.3740055839413565e-5,-1.2905473359513925e-6,0.0,0.0,1.2987124709257574e-11,1.3518574874615017e-7,0.017010542500232467
6,0.029088820866572156,8,9,46,7.9478000228704335,-0.026846272378731034,7.947845363737263,0.23119345006096925,0.0006754167626103632,0.0,0.0006754167626103632,1.3447564929406784e-5,-1.2655545062089843e-6,0.0,0.0,1.2987124709257574e-11,1.3518574874615017e-7,0.017010542500232467
6,0.029088820866572156,8,7,47,7.947800022870649,-0.02684627237883686,7.947845363737478,0.23119345006097552,0.0,0.0006754167625741942,0.0006754167625741942,0.0,0.0,1.3447564929425188e-5,-1.2655545067761305e-6,1.2987124709257574e-11,1.3518574874615017e-7,0.017010542500232467
6,0.029088820866572156,8,9,48,11.60806296934571,0.004962203100050737,11.60806402996446,0.3376648951753359,0.0006220925169341453,0.0,0.0006220925169341453,1.2429345467862568e-5,-5.292009067872541e-7,0.0,0.0,1.2987124709257574e-11,1.3518574874615017e-7,0.017010542500232467
6,0.029088820866572156,8,7,49,11.598873085948684,-0.004051858363034351,11.5988737936707,0.3373975620380652,0.0,0.000460268500839771,0.000460268500839771,0.0,0.0,9.163395227287577e-6,-8.683777192155845e-7,1.2987124709257574e-11,1.3518574874615017e-7,0.017010542500232467
6,0.029088820866572156,8,9,50,11.598873085948899,-0.004051858362501052,11.598873793670915,0.3373975620380715,0.0004602684991366249,0.0,0.0004602684991366249,9.163395222114794e-6,-8.683777142312903e-7,0.0,0.0,1.2987124709257574e-11,1.3518574874615017e-7,0.017010542500232467
6,0.029088820866572156,8,7,51,11.607616674936153,0.005077686778390864,11.607617785538894,0.33765191445117787,0.0,0.0004494236616553,0.0004494236616553,0.0,0.0,8.983714290006922e-6,2.6338485521046535e-7,1.2987124709257574e-11,1.3518574874615017e-7,0.017010542500232467
6,0.029088820866572156,8,7,52,7.965880519978874,-0.0016414886541594384,7.965880689105498,0.2317180764098762,0.0,0.00014141014858778882,0.00014141014858778882,0.0,0.0,4.980105393321033e-7,2.783723770060781e-6,1.2987124709257574e-11,1.3518574874615017e-7,0.017010542500232467
6,0.029088820866572156,8,9,53,7.965880766776323,-0.001641105115910424,7.965880935823918,0.23171808358662413,0.00014128734803129034,0.0,0.00014128734803129034,4.966549522588261e-7,2.781471371170069e-6,0.0,0.0,1.2987124709257574e-11,1.3518574874615017e-7,0.017010542500232467
6,0.029088820866572156,8,7,54,8.767867373936932,0.014310117158943515,8.767879051766215,0.255047263116598,0.0,0.00011923330661935458,0.00011923330661935458,0.0,0.0,2.3181987548263116e-6,5.580769580284004e-7,1.2987124709257574e-11,1.3518574874615017e-7,0.017010542500232467
6,0.029088820866572156,8,9,55,8.767868060769032,0.014310138767901374,8.767879738632669,0.2550472830967332,0.00011911699777600969,0.0,0.00011911699777600969,2.315829292974441e-6,5.579815055538966e-7,0.0,0.0,1.2987124709257574e-11,1.3518574874615017e-7,0.017010542500232467
6,0.029088820866572156,8,7,56,5.2221517490766844,0.00588485047370884,5.222155064898952,0.1519063332203081,0.0,0.00010688468227502734,0.00010688468227502734,0.0,0.0,1.544526084182176e-6,1.4775856618622885e-6,1.2987124709257574e-11,1.3518574874615017e-7,0.017010542500232467
6,0.029088820866572156,8,9,57,5.222151749076828,0.005884850474113579,5.222155064899096,0.15190633322031227,0.00010688468208788312,0.0,0.00010688468208788312,1.5445260842808113e-6,1.4775856622969316e-6,0.0,0.0,1.2987124709257574e-11,1.3518574874615017e-7,0.017010542500232467
6,0.029088820866572156,8,7,58,8.846144140127334,0.00886497321588648,8.846148582047404,0.2573240314622582,0.0,9.163508369786178e-5,9.163508369786178e-5,0.0,0.0,1.8296114374346991e-6,1.0317734442746884e-7,1.2987124709257574e-11,1.3518574874615017e-7,0.017010542500232467
6,0.029088820866572156,8,9,59,8.846144140133188,0.008864973213340614,8.846148582053255,0.2573240314624284,9.163508224648053e-5,0.0,9.163508224648053e-5,1.829611437336152e-6,1.031773448192148e-7,0.0,0.0,1.2987124709257574e-11,1.3518574874615017e-7,0.017010542500232467
6,0.029088820866572156,8,9,60,8.845004588475682,0.008998124428970813,8.845009165421995,0.2572908871761493,7.839670487920858e-5,0.0,7.839670487920858e-5,1.5520952731581995e-6,-2.21192067166496e-7,0.0,0.0,1.2987124709257574e-11,1.3518574874615017e-7,0.017010542500232467
6,0.029088820866572156,8,7,61,8.844989332238606,0.008996741657727084,8.844993907786211,0.2572904433495151,0.0,7.790795638857319e-5,7.790795638857319e-5,0.0,0.0,1.5423986669182945e-6,-2.1995584407144715e-7,1.2987124709257574e-11,1.3518574874615017e-7,0.017010542500232467
6,0.029088820866572156,8,9,62,8.752790162117995,-0.0008531412222422124,8.752790203696161,0.2546083463180053,6.579354281376e-5,0.0,6.579354281376e-5,1.2370176925174054e-6,-4.482823589282238e-7,0.0,0.0,1.2987124709257574e-11,1.3518574874615017e-7,0.017010542500232467
6,0.029088820866572156,8,7,63,8.75279016211999,-0.0008531412233947003,8.752790203698156,0.2546083463180633,0.0,6.57935428092411e-5,6.57935428092411e-5,0.0,0.0,1.237017692426795e-6,-4.4828235887749666e-7,1.2987124709257574e-11,1.3518574874615017e-7,0.017010542500232467
6,0.029088820866572156,8,9,64,7.9374794522778425,-0.01920206075120337,7.9375026787063225,0.23089259354882485,4.8281257514021474e-5,0.0,4.8281257514021474e-5,6.613706615509817e-7,7.034446091919515e-7,0.0,0.0,1.2987124709257574e-11,1.3518574874615017e-7,0.017010542500232467
6,0.029088820866572156,8,7,65,7.937479452276964,-0.019202060750612718,7.937502678705443,0.2308925935487993,0.0,4.828125750423168e-5,4.828125750423168e-5,0.0,0.0,6.613706613552934e-7,7.034446096733669e-7,1.2987124709257574e-11,1.3518574874615017e-7,0.017010542500232467
6,0.029088820866572156,8,9,66,5.224675017162185,0.008400555563382331,5.224681770624164,0.15197983211053134,2.005214492160254e-5,0.0,2.005214492160254e-5,-3.778396852501626e-7,-1.343146095038784e-7,0.0,0.0,1.2987124709257574e-11,1.3518574874615017e-7,0.017010542500232467
6,0.029088820866572156,8,7,67,5.224674561047005,0.008400597407575774,5.224681314576853,0.1519798188446528,0.0,2.0046114530733256e-5,2.0046114530733256e-5,0.0,0.0,-3.7785196370500303e-7,-1.3391950169232748e-7,1.2987124709257574e-11,1.3518574874615017e-7,0.017010542500232467
6,0.029088820866572156,8,7,68,12.06503941214867,0.03881487443143699,12.065101848354942,0.3509595864037455,0.0,8.574084212773137e-6,8.574084212773137e-6,0.0,0.0,1.7125074865804678e-7,-8.559770755891122e-9,1.2987124709257574e-11,1.3518574874615017e-7,0.017010542500232467
6,0.029088820866572156,8,9,69,12.065397888364759,0.03889228897108101,12.065460572008769,0.3509700212518523,8.197427246447839e-6,0.0,8.197427246447839e-6,1.6378427212658964e-7,-6.96151440623408e-9,0.0,0.0,1.2987124709257574e-11,1.3518574874615017e-7,0.017010542500232467
6,0.029088820866572156,8,7,70,12.015648721142519,-0.0012911656256945625,12.015648790514915,0.34952105526293276,0.0,6.984118280838698e-6,6.984118280838698e-6,0.0,0.0,1.3309765256679252e-7,-4.2335277307796064e-8,1.2987124709257574e-11,1.3518574874615017e-7,0.017010542500232467
6,0.029088820866572156,8,9,71,12.015648721142652,-0.0012911656248559347,12.015648790515048,0.3495210552629366,6.98411823689184e-6,0.0,6.98411823689184e-6,1.3309765263296845e-7,-4.233527717831437e-8,0.0,0.0,1.2987124709257574e-11,1.3518574874615017e-7,0.017010542500232467
6,0.029088820866572156,8,7,72,8.827590117560446,0.0072393239793791045,8.82759308596984,0.2567842739607676,0.0,4.033597144912145e-6,4.033597144912145e-6,0.0,0.0,8.455269569034883e-9,8.021950893284366e-8,1.2987124709257574e-11,1.3518574874615017e-7,0.017010542500232467
6,0.029088820866572156,8,9,73,8.827590190471632,0.007239527170664568,8.827593159047638,0.25678427608651455,4.024419482363812e-6,0.0,4.024419482363812e-6,8.398086534606368e-9,8.00409754322468e-8,0.0,0.0,1.2987124709257574e-11,1.3518574874615017e-7,0.017010542500232467
6,0.029088820866572156,8,9,74,11.982899292940168,0.01589052279219061,11.982909829146699,0.3485687174803351,1.7772461386729617e-6,0.0,1.7772461386729617e-6,1.2790131076538952e-8,3.316023900594779e-8,0.0,0.0,1.2987124709257574e-11,1.3518574874615017e-7,0.017010542500232467
6,0.029088820866572156,8,7,75,11.958757618414168,-0.018467228356909567,11.958771877350204,0.3478665729244409,0.0,1.7134339934035446e-6,1.7134339934035446e-6,0.0,0.0,1.2303384587205767e-8,3.198021688373429e-8,1.2987124709257574e-11,1.3518574874615017e-7,0.017010542500232467
6,0.029088820866572156,8,9,76,11.958757618415163,-0.01846722835846744,11.9587718773512,0.3478665729244699,1.7134339524151462e-6,0.0,1.7134339524151462e-6,1.23033847842485e-8,3.198021671488833e-8,0.0,0.0,1.2987124709257574e-11,1.3518574874615017e-7,0.017010542500232467
6,0.029088820866572156,8,7,77,12.525666460905583,0.008841080628887901,12.52566958108674,0.3643569586781041,0.0,1.6380746519364107e-6,1.6380746519364107e-6,0.0,0.0,3.2516905152618845e-8,3.968834230634585e-9,1.2987124709257574e-11,1.3518574874615017e-7,0.017010542500232467
6,0.029088820866572156,8,9,78,12.525670356345783,0.008840294063241862,12.525673475970807,0.364357071975689,1.541895415828234e-6,0.0,1.541895415828234e-6,3.054883702772475e-8,4.1898635288284695e-9,0.0,0.0,1.2987124709257574e-11,1.3518574874615017e-7,0.017010542500232467
6,0.029088820866572156,8,9,79,8.821031624079941,0.001967488187897097,8.821031843499272,0.25659341515387907,1.3470785660146843e-6,0.0,1.3470785660146843e-6,1.9096506258221472e-8,1.900069995675211e-8,0.0,0.0,1.2987124709257574e-11,1.3518574874615017e-7,0.017010542500232467
7,0.01679443855772424,9,10,0,0.892857991577098,0.06699721486147225,0.895368091860707,0.015037204405301437,34.20433395032774,0.0,34.20433395032774,0.6839910408076229,-0.006103853884635413,0.0,0.0,2.6281545647440197e-11,8.589082998095786e-6,0.01607344771174599
7,0.01679443855772424,9,8,1,0.8928579932342,0.06699721452238536,0.8953680934877908,0.015037204432627396,0.0,34.20433340865998,34.20433340865998,0.0,0.0,0.6839910300239982,-0.006103848096593367,2.6281545647440197e-11,8.589082998095786e-6,0.01607344771174599
7,0.01679443855772424,9,10,2,2.3382661280862562,0.10771249632017721,2.3407457075938463,0.0393115099654416,3.6788652806327677,0.0,3.6788652806327677,0.06780200473589959,-0.028555655544317604,0.0,0.0,2.6281545647440197e-11,8.589082998095786e-6,0.01607344771174599
7,0.01679443855772424,9,8,3,2.3382661261121047,0.10771249673862601,2.3407457056410417,0.039311509932645344,0.0,3.6788652004742595,3.6788652004742595,0.0,0.0,0.06780200347545806,-0.028555654407763864,2.6281545647440197e-11,8.589082998095786e-6,0.01607344771174599
7,0.01679443855772424,9,10,4,2.1480143754080094,0.030786310159753735,2.1482349857156486,0.03607840047515507,2.8796291863307855,0.0,2.8796291863307855,0.045928390978384304,0.03473939122088082,0.0,0.0,2.6281545647440197e-11,8.589082998095786e-6,0.01607344771174599
7,0.01679443855772424,9,8,5,2.148014374653547,0.03078631051582825,2.1482349849663667,0.036078400462571304,0.0,2.879629183720941,2.879629183720941,0.0,0.0,0.045928391620658315,0.03473939028710471,2.6281545647440197e-11,8.589082998095786e-6,0.01607344771174599
7,0.01679443855772424,9,8,6,6.756074283004986,0.020547040981849347,6.756105527474718,0.11346499917067526,0.0,1.7172999558743944,1.7172999558743944,0.0,0.0,0.032922013476562983,0.009775110402113263,2.6281545647440197e-11,8.589082998095786e-6,0.01607344771174599
7,0.01679443855772424,9,10,7,6.756074346513042,0.020547011504550072,6.756105590892833,0.1134650002357469,1.7172991755244096,0.0,1.7172991755244096,0.032921990302629434,0.00977513361124932,0.0,0.0,2.6281545647440197e-11,8.589082998095786e-6,0.01607344771174599
7,0.01679443855772424,9,10,8,6.699890310871158,-0.001996104857730205,6.699890608221885,0.11252090116325614,1.1161268772532276,0.0,1.1161268772532276,0.022316119834264958,-0.00043223919974794134,0.0,0.0,2.6281545647440197e-11,8.589082998095786e-6,0.01607344771174599
7,0.01679443855772424,9,8,9,6.6998903108695815,-0.0019961048571632903,6.699890608220309,0.11252090116322966,0.0,1.11612687707667,1.11612687707667,0.0,0.0,0.022316119834255632,-0.0004322391997174657,2.6281545647440197e-11,8.589082998095786e-6,0.01607344771174599
7,0.01679443855772424,9,10,10,2.08624439579701,-0.0013649298135137156,2.0862448423010727,0.03503731082039446,0.7553566421660596,0.0,0.7553566421660596,0.015089475730234198,-0.0006982444968656187,0.0,0.0,2.6281545647440197e-11,8.589082998095786e-6,0.01607344771174599
7,0.01679443855772424,9,8,11,2.0862443957969825,-0.0013649298135883434,2.086244842301045,0.035037310820394,0.0,0.7553566421144966,0.7553566421144966,0.0,0.0,0.015089475730128282,-0.0006982444968225421,2.6281545647440197e-11,8.589082998095786e-6,0.01607344771174599
7,0.01679443855772424,9,10,12,6.931093783383984,0.11661902601436983,6.932074799891635,0.11642030430432862,0.7291748072196909,0.0,0.7291748072196909,0.011618720721451072,-0.008811422026803906,0.0,0.0,2.6281545647440197e-11,8.589082998095786e-6,0.01607344771174599
7,0.01679443855772424,9,8,13,6.93109362042039,0.11661905603617807,6.9320746374561635,0.11642030157631607,0.0,0.7291742769596323,0.7291742769596323,0.0,0.0,0.011618716768225686,-0.008811409691793004,2.6281545647440197e-11,8.589082998095786e-6,0.01607344771174599
7,0.01679443855772424,9,10,14,4.9976953078775,0.06568580061097808,4.99812695064688,0.08394073597634465,0.004586671936120832,0.0,0.004586671936120832,9.163730322740964e-5,3.993199216633086e-6,0.0,0.0,2.6281545647440197e-11,8.589082998095786e-6,0.01607344771174599
7,0.01679443855772424,9,8,15,4.997695305548758,0.0656858010040211,4.998126948323505,0.08394073593732486,0.0,0.004586665024676131,0.004586665024676131,0.0,0.0,9.16371625712285e-5,3.993252185791659e-6,2.6281545647440197e-11,8.589082998095786e-6,0.01607344771174599
7,0.01679443855772424,9,8,16,9.618537681864217,0.062553051817508,9.61874108299696,0.16154135612105036,0.0,0.0031341004619585243,0.0031341004619585243,0.0,0.0,6.234061591723781e-5,-6.47272575813717e-6,2.6281545647440197e-11,8.589082998095786e-6,0.01607344771174599
7,0.01679443855772424,9,10,17,9.618537673981287,0.06255306081744934,9.618741075172727,0.16154135598964675,0.003134097989188808,0.0,0.003134097989188808,6.234059713552888e-5,-6.472427803029101e-6,0.0,0.0,2.6281545647440197e-11,8.589082998095786e-6,0.01607344771174599
7,0.01679443855772424,9,10,18,9.74503278335757,0.05906986763932634,9.745211808779565,0.1636653609545571,0.0021131364190979424,0.0,0.0021131364190979424,4.20083961064899e-5,-4.590826466990502e-6,0.0,0.0,2.6281545647440197e-11,8.589082998095786e-6,0.01607344771174599
7,0.01679443855772424,9,8,19,9.745032783348687,0.05906986764242711,9.745211808770703,0.16366536095440828,0.0,0.0021131364136389133,0.0021131364136389133,0.0,0.0,4.200839610733623e-5,-4.590826469158581e-6,2.6281545647440197e-11,8.589082998095786e-6,0.01607344771174599
7,0.01679443855772424,9,10,20,5.137729403682407,0.057995524537367386,5.138056724709172,0.08629077796923004,0.002087095990586982,0.0,0.002087095990586982,4.109966957625236e-5,-7.27025447472599e-6,0.0,0.0,2.6281545647440197e-11,8.589082998095786e-6,0.01607344771174599
7,0.01679443855772424,9,8,21,5.13772940367289,0.057995524540580004,5.138056724699692,0.08629077796907082,0.0,0.0020870959901382723,0.0020870959901382723,0.0,0.0,4.109966957750028e-5,-7.27025447575132e-6,2.6281545647440197e-11,8.589082998095786e-6,0.01607344771174599
7,0.01679443855772424,9,10,22,9.627705191307632,0.07083477773265265,9.627965767308709,0.16169627951493842,0.001482182368195925,0.0,0.001482182368195925,2.8064261751771253e-5,9.537678456324054e-6,0.0,0.0,2.6281545647440197e-11,8.589082998095786e-6,0.01607344771174599
7,0.01679443855772424,9,8,23,9.627705008816985,0.07083478041672808,9.627965584842748,0.16169627645052506,0.0,0.0014821728472190522,0.0014821728472190522,0.0,0.0,2.806400494047962e-5,9.537842398211788e-6,2.6281545647440197e-11,8.589082998095786e-6,0.01607344771174599
7,0.01679443855772424,9,8,24,9.753434928882173,0.06683990641727176,9.753663951819782,0.16380730995152712,0.0,0.0010830600657752427,0.0010830600657752427,0.0,0.0,2.1288634818533356e-5,-3.98846451632283e-6,2.6281545647440197e-11,8.589082998095786e-6,0.01607344771174599
7,0.01679443855772424,9,10,25,9.753435001096438,0.06683995053582856,9.753664024334686,0.16380731116937422,0.0010830474234224117,0.0,0.0010830474234224117,2.1288364947533622e-5,-3.988531411466389e-6,0.0,0.0,2.6281545647440197e-11,8.589082998095786e-6,0.01607344771174599
7,0.01679443855772424,9,8,26,5.147452647500396,0.06935203208386428,5.14791981897669,0.08645642309989492,0.0,0.0009489724599515868,0.0009489724599515868,0.0,0.0,1.8064262177749598e-5,-5.81634697667798e-6,2.6281545647440197e-11,8.589082998095786e-6,0.01607344771174599
7,0.01679443855772424,9,10,27,5.147452648530683,0.06935203263646979,5.147919820014328,0.08645642311732146,0.0009489709607865323,0.0,0.0009489709607865323,1.8064238294837864e-5,-5.816323301973802e-6,0.0,0.0,2.6281545647440197e-11,8.589082998095786e-6,0.01607344771174599
7,0.01679443855772424,9,8,28,10.972199149456287,0.006023951565736443,10.972200803089676,0.18427195223050213,0.0,0.00025890386457800657,0.00025890386457800657,0.0,0.0,5.177559304847494e-6,1.4870266439102713e-9,2.6281545647440197e-11,8.589082998095786e-6,0.01607344771174599
7,0.01679443855772424,9,10,29,10.972199149457978,0.006023951565212182,10.972200803091367,0.18427195223053053,0.00025890386453278347,0.0,0.00025890386453278347,5.177559304477103e-6,1.487026798693684e-9,0.0,0.0,2.6281545647440197e-11,8.589082998095786e-6,0.01607344771174599
7,0.01679443855772424,9,10,30,11.021662879491078,0.025267322352179558,11.021691842304902,0.18510312644776017,0.00024357658667037424,0.0,0.00024357658667037424,4.3785478275983666e-6,2.134337032912433e-6,0.0,0.0,2.6281545647440197e-11,8.589082998095786e-6,0.01607344771174599
7,0.01679443855772424,9,8,31,11.021662324229759,0.025267498943151417,11.02169128744988,0.18510311712928157,0.0,0.0002435749851968929,0.0002435749851968929,0.0,0.0,4.378555366953358e-6,2.1342484749838577e-6,2.6281545647440197e-11,8.589082998095786e-6,0.01607344771174599
7,0.01679443855772424,9,8,32,11.021088555898425,0.03572430991088776,11.021146455032428,0.1850939669747224,0.0,0.00013248629633007486,0.00013248629633007486,0.0,0.0,2.6048715352071055e-6,4.840327777678088e-7,2.6281545647440197e-11,8.589082998095786e-6,0.01607344771174599
7,0.01679443855772424,9,10,33,11.02108859560143,0.03572414343383198,11.021146494195602,0.18509396763244595,0.00013246641867594626,0.0,0.00013246641867594626,2.604484878417071e-6,4.8393773212985e-7,0.0,0.0,2.6281545647440197e-11,8.589082998095786e-6,0.01607344771174599
7,0.01679443855772424,9,8,34,11.210559686717858,0.10350700039798029,11.21103751615322,0.18828308073337666,0.0,0.00011110333670184144,0.00011110333670184144,0.0,0.0,2.013505852362293e-6,-9.393547547451508e-7,2.6281545647440197e-11,8.589082998095786e-6,0.01607344771174599
7,0.01679443855772424,9,10,35,11.210560063136764,0.10350696033716554,11.21103789218622,0.18828308704863975,0.0001110831550485473,0.0,0.0001110831550485473,2.0131788274641343e-6,-9.391011146391961e-7,0.0,0.0,2.6281545647440197e-11,8.589082998095786e-6,0.01607344771174599
7,0.01679443855772424,9,10,36,6.362342791162396,0.006626651375231864,6.362346242131479,0.10685203304644483,4.5190453258670105e-5,0.0,4.5190453258670105e-5,9.011191747889985e-7,-6.849601432857891e-8,0.0,0.0,2.6281545647440197e-11,8.589082998095786e-6,0.01607344771174599
7,0.01679443855772424,9,8,37,6.362342791161234,0.006626651375079069,6.362346242130317,0.10685203304642532,0.0,4.5190453245842204e-5,4.5190453245842204e-5,0.0,0.0,9.011191748296019e-7,-6.849601439754772e-8,2.6281545647440197e-11,8.589082998095786e-6,0.01607344771174599
7,0.01679443855772424,9,10,38,11.17937269484132,0.1136977792303354,11.179950851196331,0.1877609976487936,4.159741839215308e-5,0.0,4.159741839215308e-5,4.545646476766464e-7,-6.966854789284257e-7,0.0,0.0,2.6281545647440197e-11,8.589082998095786e-6,0.01607344771174599
7,0.01679443855772424,9,8,39,11.179371514734143,0.11369795290652288,11.179949672916434,0.18776097786024426,0.0,4.159695580003077e-5,4.159695580003077e-5,0.0,0.0,4.545863453453656e-7,-6.966602753984685e-7,2.6281545647440197e-11,8.589082998095786e-6,0.01607344771174599
7,0.01679443855772424,9,10,40,9.76641805578631,0.06942025199365395,9.76666477420904,0.16402565146434342,3.379832938892452e-5,0.0,3.379832938892452e-5,-6.628190951004735e-7,1.3232650098385712e-7,0.0,0.0,2.6281545647440197e-11,8.589082998095786e-6,0.01607344771174599
7,0.01679443855772424,9,8,41,9.766418080982035,0.06942024862504212,9.766664799380184,0.16402565188707863,0.0,3.3798237909746866e-5,3.3798237909746866e-5,0.0,0.0,-6.628107822391388e-7,1.3235879078392095e-7,2.6281545647440197e-11,8.589082998095786e-6,0.01607344771174599
7,0.01679443855772424,9,10,42,10.960956986426758,0.0032607405575268977,10.960957471440464,0.18408312678793531,2.9015049519063555e-5,0.0,2.9015049519063555e-5,5.777408120666232e-7,5.3827985824489585e-8,0.0,0.0,2.6281545647440197e-11,8.589082998095786e-6,0.01607344771174599
7,0.01679443855772424,9,8,43,10.960956986426986,0.0032607405580627954,10.960957471440693,0.18408312678793917,0.0,2.9015049513001154e-5,2.9015049513001154e-5,0.0,0.0,5.77740811979328e-7,5.382798573939327e-8,2.6281545647440197e-11,8.589082998095786e-6,0.01607344771174599
7,0.01679443855772424,9,10,44,6.5848384164593785,0.10660302688412035,6.585701266852309,0.1106031552856778,2.697980617884484e-5,0.0,2.697980617884484e-5,-2.0315739889844855e-7,4.998327879044934e-7,0.0,0.0,2.6281545647440197e-11,8.589082998095786e-6,0.01607344771174599
7,0.01679443855772424,9,8,45,6.584838402558992,0.10660302652830653,6.585701252947985,0.11060315505216248,0.0,2.6979277239692514e-5,2.6979277239692514e-5,0.0,0.0,-2.0315618981918782e-7,4.998218623122127e-7,2.6281545647440197e-11,8.589082998095786e-6,0.01607344771174599
7,0.01679443855772424,9,8,46,6.4166272915475115,0.03277823302047525,6.4167110119743045,0.10776505883327499,0.0,2.5984053106364423e-5,2.5984053106364423e-5,0.0,0.0,4.993188232176144e-7,-1.4385795525715037e-7,2.6281545647440197e-11,8.589082998095786e-6,0.01607344771174599
7,0.01679443855772424,9,10,47,6.4166272943162745,0.03277823085048079,6.416711014731946,0.10776505887958802,2.5984023257073253e-5,0.0,2.5984023257073253e-5,4.993191781895934e-7,-1.4385456813388452e-7,0.0,0.0,2.6281545647440197e-11,8.589082998095786e-6,0.01607344771174599
7,0.01679443855772424,9,10,48,11.277411991412903,0.10515194552086676,11.277902205450726,0.18940603564946493,1.8747505054195923e-5,0.0,1.8747505054195923e-5,3.561240438822305e-7,-1.1719696762782e-7,0.0,0.0,2.6281545647440197e-11,8.589082998095786e-6,0.01607344771174599
7,0.01679443855772424,9,8,49,11.27741199141201,0.1051519455213771,11.277902205449838,0.18940603564945,0.0,1.8747505052419356e-5,1.8747505052419356e-5,0.0,0.0,3.561240438453922e-7,-1.171969676923114e-7,2.6281545647440197e-11,8.589082998095786e-6,0.01607344771174599
7,0.01679443855772424,9,8,50,9.624182496680694,0.0660734294806174,9.624409302783125,0.16163655068998078,0.0,1.6035628746063607e-5,1.6035628746063607e-5,0.0,0.0,2.5691090052745734e-7,-1.9191859640240156e-7,2.6281545647440197e-11,8.589082998095786e-6,0.01607344771174599
7,0.01679443855772424,9,10,51,9.624182496677456,0.06607342948053416,9.624409302779886,0.16163655068992638,1.603562854984505e-5,0.0,1.603562854984505e-5,2.5691090070933014e-7,-1.919185963194296e-7,0.0,0.0,2.6281545647440197e-11,8.589082998095786e-6,0.01607344771174599
7,0.01679443855772424,9,10,52,11.25414555296378,0.09126910411038866,11.254515634920036,0.18901327132761137,8.169717330994535e-6,0.0,8.169717330994535e-6,1.3920382651417503e-7,-8.55258346417475e-8,0.0,0.0,2.6281545647440197e-11,8.589082998095786e-6,0.01607344771174599
7,0.01679443855772424,9,8,53,11.254144278144572,0.09126872019173454,11.254514357029345,0.18901324986615467,0.0,8.168084928808452e-6,8.168084928808452e-6,0.0,0.0,1.391750840768887e-7,-8.551025569101022e-8,2.6281545647440197e-11,8.589082998095786e-6,0.01607344771174599
7,0.01679443855772424,9,10,54,9.417298245950127,0.06862897980471669,9.41754831100135,0.15816243647351186,3.4568050272363976e-7,0.0,3.4568050272363976e-7,6.902803165763745e-9,-3.7383692588119414e-10,0.0,0.0,2.6281545647440197e-11,8.589082998095786e-6,0.01607344771174599
7,0.01679443855772424,9,8,55,9.417298246539065,0.06862897983384973,9.417548311590485,0.15816243648340605,0.0,3.4567660720531304e-7,3.4567660720531304e-7,0.0,0.0,6.902722162725673e-9,-3.738920918056983e-10,2.6281545647440197e-11,8.589082998095786e-6,0.01607344771174599
7,0.01679443855772424,9,8,56,10.941860914344083,0.04706695911871133,10.94196214430901,0.18376411093354222,0.0,2.638265927289771e-7,2.638265927289771e-7,0.0,0.0,-9.197311408675625e-10,-5.195220360817988e-9,2.6281545647440197e-11,8.589082998095786e-6,0.01607344771174599
7,0.01679443855772424,9,10,57,10.941860912175022,0.047066986091123086,10.94196214225599,0.18376411089906294,2.638052541278949e-7,0.0,2.638052541278949e-7,-9.222876991645482e-10,-5.194333707347768e-9,0.0,0.0,2.6281545647440197e-11,8.589082998095786e-6,0.01607344771174599
7,0.01679443855772424,9,10,58,10.904308865940065,0.01882563078390105,10.904325116585323,0.18313201818394143,1.605088676949564e-7,0.0,1.605088676949564e-7,-1.5046156350084036e-10,-3.206327960612552e-9,0.0,0.0,2.6281545647440197e-11,8.589082998095786e-6,0.01607344771174599
7,0.01679443855772424,9,8,59,10.904308865939267,0.01882563078380471,10.904325116584525,0.18313201818392802,0.0,1.6050886757687795e-7,1.6050886757687795e-7,0.0,0.0,-1.504615592982533e-10,-3.20632795561836e-9,2.6281545647440197e-11,8.589082998095786e-6,0.01607344771174599
7,0.01679443855772424,9,10,60,9.813611783734121,0.054946751621184654,9.813765606909456,0.1648166835051482,2.2957838990988213e-11,0.0,2.2957838990988213e-11,4.4940362270629415e-13,9.390794079572745e-14,0.0,0.0,2.6281545647440197e-11,8.589082998095786e-6,0.01607344771174599
7,0.01679443855772424,9,8,61,9.81361178373168,0.05494675162237576,9.813765606907022,0.16481668350510734,0.0,2.2957830997324603e-11,2.2957830997324603e-11,0.0,0.0,4.4940365551485734e-13,9.39080185058846e-14,2.6281545647440197e-11,8.589082998095786e-6,0.01607344771174599
7,0.01679443855772424,9,8,62,9.845387173062381,0.07021520295264892,9.845637549809913,0.1653519548919052,0.0,5.176741300141171e-12,5.176741300141171e-12,0.0,0.0,1.0344825578278788e-13,-3.971312993928994e-15,2.6281545647440197e-11,8.589082998095786e-6,0.01607344771174599
7,0.01679443855772424,9,10,63,9.845387232418279,0.07021518516281768,9.845637609037432,0.16535195588659815,4.261465112828082e-12,0.0,4.261465112828082e-12,8.512720878603465e-14,3.9896918049240595e-15,0.0,0.0,2.6281545647440197e-11,8.589082998095786e-6,0.01607344771174599
7,0.01679443855772424,9,10,64,9.82604532726167,0.06537898048409427,9.826262828995063,0.16502656733360715,2.930628660170165e-12,0.0,2.930628660170165e-12,3.7072373804288635e-14,-4.539182289648325e-14,0.0,0.0,2.6281545647440197e-11,8.589082998095786e-6,0.01607344771174599
7,0.01679443855772424,9,8,65,9.826045315014824,0.06537897939577263,9.826262816741245,0.16502656712781116,0.0,2.710942874439448e-12,2.710942874439448e-12,0.0,0.0,3.2754814052742146e-14,-4.319987217593631e-14,2.6281545647440197e-11,8.589082998095786e-6,0.01607344771174599
7,0.01679443855772424,9,10,66,11.193081177982874,0.11246978959632209,11.193646220534502,0.18799100368766886,1.4182928386288763e-13,0.0,1.4182928386288763e-13,2.6832252547245567e-15,-9.19193246581723e-16,0.0,0.0,2.6281545647440197e-11,8.589082998095786e-6,0.01607344771174599
7,0.01679443855772424,9,8,67,11.037354006541912,0.02644157411941095,11.037385678799518,0.18536669562050398,0.0,1.36090497406125e-13,1.36090497406125e-13,0.0,0.0,2.5233650384974644e-15,-1.0195204834187366e-15,2.6281545647440197e-11,8.589082998095786e-6,0.01607344771174599
7,0.01679443855772424,9,8,68,11.193080758864578,0.11246982896639726,11.19364580183294,0.1879909966558112,0.0,9.672969987531038e-14,9.672969987531038e-14,0.0,0.0,1.5201164866796519e-15,1.1963045477643573e-15,2.6281545647440197e-11,8.589082998095786e-6,0.01607344771174599
7,0.01679443855772424,9,10,69,10.987472418391661,0.006667756057335925,10.98747444155791,0.18452846441330978,6.63628540908909e-14,0.0,6.63628540908909e-14,1.327125154836709e-15,-5.0580927284896915e-19,0.0,0.0,2.6281545647440197e-11,8.589082998095786e-6,0.01607344771174599
7,0.01679443855772424,9,8,70,10.987472418391462,0.006667756057465668,10.987474441557712,0.18452846441330645,0.0,6.636216862821848e-14,6.636216862821848e-14,0.0,0.0,1.3271148796032545e-15,-4.971605031658829e-19,2.6281545647440197e-11,8.589082998095786e-6,0.01607344771174599
7,0.01679443855772424,9,10,71,11.037354130938724,0.026441502945173743,11.037385803025465,0.185366697706809,1.7275280257583673e-14,0.0,1.7275280257583673e-14,3.2722042018109776e-16,1.1080666360227153e-16,0.0,0.0,2.6281545647440197e-11,8.589082998095786e-6,0.01607344771174599
7,0.01679443855772424,9,8,72,5.243657233348916,0.06850972710196998,5.24410476283226,0.08807179522965543,0.0,1.683947476399612e-14,1.683947476399612e-14,0.0,0.0,-1.0095060855487474e-16,-3.2127019964197287e-16,2.6281545647440197e-11,8.589082998095786e-6,0.01607344771174599
7,0.01679443855772424,9,10,73,5.243657233537709,0.0685097270580741,5.244104763020464,0.08807179523281622,1.5542786855803673e-14,0.0,1.5542786855803673e-14,-1.1593424439857907e-16,-2.883921443822268e-16,0.0,0.0,2.6281545647440197e-11,8.589082998095786e-6,0.01607344771174599
7,0.01679443855772424,9,8,74,9.626114908782283,0.0679976496399091,9.626355069154528,0.161669228743753,0.0,7.188412487345006e-19,7.188412487345006e-19,0.0,0.0,-1.2616765786325002e-20,-6.910368276628774e-21,2.6281545647440197e-11,8.589082998095786e-6,0.01607344771174599
7,0.01679443855772424,9,10,75,9.626115007414038,0.06799760709242134,9.62635516748328,0.1616692303951292,7.053983140833425e-19,0.0,7.053983140833425e-19,-1.2408604907223322e-20,-6.660233098937322e-21,0.0,0.0,2.6281545647440197e-11,8.589082998095786e-6,0.01607344771174599
7,0.01679443855772424,9,8,76,6.841013790167855,0.13907870381605764,6.8424273882242925,0.11491472635722243,0.0,4.703204689347198e-20,4.703204689347198e-20,0.0,0.0,-1.3427691768692332e-21,-2.316865213508128e-22,2.6281545647440197e-11,8.589082998095786e-6,0.01607344771174599
7,0.01679443855772424,9,10,77,9.762030204337819,0.07619662345056553,9.762327572655465,0.16395281059933944,3.373696757831565e-20,0.0,3.373696757831565e-20,-6.418826040789068e-22,-2.0864843517632694e-22,0.0,0.0,2.6281545647440197e-11,8.589082998095786e-6,0.01607344771174599
7,0.01679443855772424,9,8,78,9.762030236672974,0.07619666722898064,9.762327605331333,0.16395281114811228,0.0,2.5325713895061385e-20,2.5325713895061385e-20,0.0,0.0,-3.3787821383881554e-22,-3.4642771116703075e-22,2.6281545647440197e-11,8.589082998095786e-6,0.01607344771174599
7,0.01679443855772424,9,10,79,6.841013906521461,0.1390787618433807,6.84242750573332,0.11491472833072057,2.265992303519324e-20,0.0,2.265992303519324e-20,-6.769493648922792e-22,1.5987035840719802e-22,0.0,0.0,2.6281545647440197e-11,8.589082998095786e-6,0.01607344771174599
8,0.009696273622190719,10,11,0,1.774844462040023,0.09541224303816997,1.777407201672063,0.017234226565464646,28.222347274034625,0.0,28.222347274034625,0.5609347693640068,0.06236045731131412,0.0,0.0,4.022068359290638e-11,0.00483954170962408,0.0146339169973557
8,0.009696273622190719,10,9,1,1.774844464711772,0.0954122425586724,1.77740720431422,0.017234226591083722,0.0,28.22234677018345,28.22234677018345,0.0,0.0,0.5609347587949891,0.06236046130452344,4.022068359290638e-11,0.00483954170962408,0.0146339169973557
8,0.009696273622190719,10,9,2,0.2986560393440526,0.2074287401016502,0.3636235856718239,0.003525793782156113,0.0,5.499501364044342,5.499501364044342,0.0,0.0,0.10991367411516362,-0.0037909205688722025,4.022068359290638e-11,0.00483954170962408,0.0146339169973557
8,0.009696273622190719,10,11,3,0.29865603932939155,0.207428740134537,0.3636235856785425,0.003525793782221259,5.499501321026228,0.0,5.499501321026228,0.10991367325951673,-0.0037909204281421083,0.0,0.0,4.022068359290638e-11,0.00483954170962408,0.0146339169973557
8,0.009696273622190719,10,9,4,3.91331906632029,0.0390996463433295,3.9135143920995206,0.03794650637017833,0.0,2.624805081486231,2.624805081486231,0.0,0.0,0.0473049823751277,0.022749246761596453,4.022068359290638e-11,0.00483954170962408,0.0146339169973557
8,0.009696273622190719,10,11,5,3.913319068718592,0.039099644783625466,3.91351439448212,0.03794650639328066,2.624805037754192,0.0,2.624805037754192,0.04730498090853863,0.022749247791048977,0.0,0.0,4.022068359290638e-11,0.00483954170962408,0.0146339169973557
8,0.009696273622190719,10,11,6,1.7670516049822318,0.08744194049563081,1.7692137992984123,0.01715478109415302,2.1410366982359577,0.0,2.1410366982359577,0.002358877403096149,-0.04275142430481793,0.0,0.0,4.022068359290638e-11,0.00483954170962408,0.0146339169973557
8,0.009696273622190719,10,9,7,1.7670516075097717,0.08744193995381372,1.7692138017960843,0.017154781118371133,0.0,2.141036654662675,2.141036654662675,0.0,0.0,0.0023588773694619425,-0.04275142342922256,4.022068359290638e-11,0.00483954170962408,0.0146339169973557
8,0.009696273622190719,10,9,8,0.06810567770161802,-0.022861619289810557,0.07184035754190612,0.0006965837638423344,0.0,2.1338306048816973,2.1338306048816973,0.0,0.0,0.03636585110111479,-0.022326080708669815,4.022068359290638e-11,0.00483954170962408,0.0146339169973557
8,0.009696273622190719,10,11,9,0.06810567763570508,-0.02286161926266677,0.0718403574707818,0.0006965837631526935,2.1338305831404174,0.0,2.1338305831404174,0.03636585077982324,-0.022326080399376336,0.0,0.0,4.022068359290638e-11,0.00483954170962408,0.0146339169973557
8,0.009696273622190719,10,11,10,4.328178599602041,0.18016057758225276,4.331926571834737,0.04200354535174823,2.057258885256182,0.0,2.057258885256182,0.04007743003952757,-0.009294444908332422,0.0,0.0,4.022068359290638e-11,0.00483954170962408,0.0146339169973557
8,0.009696273622190719,10,9,11,4.328178596031747,0.18016057766770005,4.3319265682710855,0.04200354531719409,0.0,2.0572588613063525,2.0572588613063525,0.0,0.0,0.040077429619290394,-0.009294444601163687,4.022068359290638e-11,0.00483954170962408,0.0146339169973557
8,0.009696273622190719,10,9,12,11.703232411625532,0.03261377051711181,11.703277854453841,0.11347818435330957,0.0,1.6764752191689616,1.6764752191689616,0.0,0.0,0.033100398903637696,0.005326015279472851,4.022068359290638e-11,0.00483954170962408,0.0146339169973557
8,0.009696273622190719,10,11,13,11.703232625718762,0.03261360616367595,11.703278068088235,0.1134781864247671,1.6764738743281593,0.0,1.6764738743281593,0.03310036490004331,0.00532605727339408,0.0,0.0,4.022068359290638e-11,0.00483954170962408,0.0146339169973557
8,0.009696273622190719,10,9,14,11.612419199319671,-0.008304948625915316,11.61242216907824,0.11259722276777608,0.0,1.1347878973231773,1.1347878973231773,0.0,0.0,0.022632497725494916,-0.0016626691334042931,4.022068359290638e-11,0.00483954170962408,0.0146339169973557
8,0.009696273622190719,10,11,15,11.612419195591748,-0.008304944174876198,11.612422165347136,0.11259722273159826,1.1347878059761838,0.0,1.1347878059761838,0.02263249582629595,-0.001662669965002861,0.0,0.0,4.022068359290638e-11,0.00483954170962408,0.0146339169973557
8,0.009696273622190719,10,11,16,3.818630896354328,-0.007290506424913093,3.818637855842812,0.037026557514307584,0.6947841627701046,0.0,0.6947841627701046,0.01376171901777834,-0.0019148079587582023,0.0,0.0,4.022068359290638e-11,0.00483954170962408,0.0146339169973557
8,0.009696273622190719,10,9,17,3.8186308962361863,-0.007290506324598777,3.818637855724479,0.037026557513160196,0.0,0.6947841535017732,0.6947841535017732,0.0,0.0,0.013761718856414973,-0.0019148077791509288,4.022068359290638e-11,0.00483954170962408,0.0146339169973557
8,0.009696273622190719,10,11,18,4.250176323908729,0.14086468529440596,4.252510040420529,0.04123350093303076,0.21861163617054002,0.0,0.21861163617054002,-0.0009344066218918701,-0.004270770473325282,0.0,0.0,4.022068359290638e-11,0.00483954170962408,0.0146339169973557
8,0.009696273622190719,10,9,19,4.250176321198283,0.1408646864374968,4.252510037749436,0.04123350090713111,0.0,0.2186116327063904,0.2186116327063904,0.0,0.0,-0.0009344066126909939,-0.004270770404234618,4.022068359290638e-11,0.00483954170962408,0.0146339169973557
8,0.009696273622190719,10,9,20,4.026939483927262,0.02299773660018506,4.027005153100887,0.039046943842438224,0.0,0.09412880227622306,0.09412880227622306,0.0,0.0,0.001793271616974755,-0.0005723292273677946,4.022068359290638e-11,0.00483954170962408,0.0146339169973557
8,0.009696273622190719,10,11,21,4.0269394853815,0.02299773620893767,4.0270051545528665,0.03904694385651702,0.09412880029980827,0.0,0.09412880029980827,0.0017932716037913944,-0.0005723291390809654,0.0,0.0,4.022068359290638e-11,0.00483954170962408,0.0146339169973557
8,0.009696273622190719,10,9,22,11.680858502997284,0.04399121142344648,11.680941340222818,0.11326160339955961,0.0,0.06261002451798965,0.06261002451798965,0.0,0.0,4.410626364788686e-5,0.0012512981841316627,4.022068359290638e-11,0.00483954170962408,0.0146339169973557
8,0.009696273622190719,10,11,23,11.680858513101754,0.043991210256278564,11.68094135032282,0.11326160349749201,0.06260892785814058,0.0,0.06260892785814058,4.410599459945749e-5,0.0012512762487380709,0.0,0.0,4.022068359290638e-11,0.00483954170962408,0.0146339169973557
8,0.009696273622190719,10,11,24,11.597679049776554,0.0037426718233139547,11.5976796536729,0.11245427530452654,0.044803753149048095,0.0,0.044803753149048095,0.00012384354270195477,0.0008873853308402693,0.0,0.0,4.022068359290638e-11,0.00483954170962408,0.0146339169973557
8,0.009696273622190719,10,9,25,11.597679048838948,0.003742672566252797,11.597679652735534,0.11245427529543758,0.0,0.04480367933188499,0.04480367933188499,0.0,0.0,0.00012384257046871988,0.0008873839762705716,4.022068359290638e-11,0.00483954170962408,0.0146339169973557
8,0.009696273622190719,10,11,26,5.452579911596965,0.08655728665696524,5.453266897578385,0.05287636797375511,0.03611508453165866,0.0,0.03611508453165866,0.0007113999664209829,-0.00012460129771763202,0.0,0.0,4.022068359290638e-11,0.00483954170962408,0.0146339169973557
8,0.009696273622190719,10,9,27,5.45257991188216,0.08655728666964824,5.453266897863745,0.052876367976522044,0.0,0.03611508250989862,0.03611508250989862,0.0,0.0,0.0007113999289982218,-0.00012460127652563942,4.022068359290638e-11,0.00483954170962408,0.0146339169973557
8,0.009696273622190719,10,11,28,11.819896139130655,0.017497955936769262,11.819909090948954,0.11460907273526062,0.03500743709284271,0.0,0.03500743709284271,0.0006282705625467238,-0.0003088467774646497,0.0,0.0,4.022068359290638e-11,0.00483954170962408,0.0146339169973557
8,0.009696273622190719,10,9,29,11.819896045014463,0.017497979769455205,11.819908996868147,0.11460907182302738,0.0,0.03500742926965356,0.03500742926965356,0.0,0.0,0.0006282697452430598,-0.00030884808575892125,4.022068359290638e-11,0.00483954170962408,0.0146339169973557
8,0.009696273622190719,10,11,30,4.099259129445793,0.18233616426404317,4.103312306800836,0.039786838884043496,0.034746197024102164,0.0,0.034746197024102164,0.00040469089513725564,-0.0005648433326117912,0.0,0.0,4.022068359290638e-11,0.00483954170962408,0.0146339169973557
8,0.009696273622190719,10,9,31,4.099259127415171,0.18233616228935418,4.103312304684472,0.039786838863522654,0.0,0.03474619593382547,0.03474619593382547,0.0,0.0,0.00040469079038485357,-0.0005648433809000361,4.022068359290638e-11,0.00483954170962408,0.0146339169973557
8,0.009696273622190719,10,9,32,5.460937537006958,0.09487083130040899,5.46176155262414,0.05295873447340488,0.0,0.018640399664209842,0.018640399664209842,0.0,0.0,0.00031392742772081306,-0.00020101635206429616,4.022068359290638e-11,0.00483954170962408,0.0146339169973557
8,0.009696273622190719,10,11,33,5.4609375369972994,0.09487083133579763,5.461761552615097,0.05295873447331719,0.018640394412619207,0.0,0.018640394412619207,0.0003139273520406257,-0.00020101627568747463,0.0,0.0,4.022068359290638e-11,0.00483954170962408,0.0146339169973557
8,0.009696273622190719,10,9,34,11.894192807079888,0.18430185733977966,11.895620610401537,0.11534319234422467,0.0,0.007284379077904387,0.007284379077904387,0.0,0.0,1.4563894743594742e-5,-0.00014494316105366327,4.022068359290638e-11,0.00483954170962408,0.0146339169973557
8,0.009696273622190719,10,11,35,11.894193005854927,0.18430205472819808,11.895620812210908,0.11534319430102356,0.007284226991121319,0.0,0.007284226991121319,1.4563952384254349e-5,-0.00014494009846719802,0.0,0.0,4.022068359290638e-11,0.00483954170962408,0.0146339169973557
8,0.009696273622190719,10,11,36,5.812081712314028,0.08316213905492312,5.812676644368527,0.056361303221114614,0.005332193271591982,0.0,0.005332193271591982,0.0001066257939871505,1.2568927915434288e-6,0.0,0.0,4.022068359290638e-11,0.00483954170962408,0.0146339169973557
8,0.009696273622190719,10,9,37,5.812081712848587,0.08316213810124126,5.812676644889387,0.05636130322616501,0.0,0.005332192077595497,0.005332192077595497,0.0,0.0,0.00010662576994607451,1.2569050595323539e-6,4.022068359290638e-11,0.00483954170962408,0.0146339169973557
8,0.009696273622190719,10,11,38,8.052396619199817,0.19726512572333393,8.054812526851713,0.07810166623580364,0.0018940132374584088,0.0,0.0018940132374584088,3.7033953319649685e-5,-7.944420142951534e-6,0.0,0.0,4.022068359290638e-11,0.00483954170962408,0.0146339169973557
8,0.009696273622190719,10,9,39,8.0523966099331,0.19726512138273475,8.054812517481473,0.07810166614494722,0.0,0.001894010955985439,0.001894010955985439,0.0,0.0,3.703390467592186e-5,-7.944429377036819e-6,4.022068359290638e-11,0.00483954170962408,0.0146339169973557
8,0.009696273622190719,10,9,40,8.141478150706952,0.12919164793266583,8.142503113928434,0.07895193816219007,0.0,0.0018394874050974507,0.0018394874050974507,0.0,0.0,3.328086517895534e-5,-1.567159576500751e-5,4.022068359290638e-11,0.00483954170962408,0.0146339169973557
8,0.009696273622190719,10,11,41,8.14147815360346,0.1291916479500734,8.142503116824853,0.07895193819027455,0.0018394831337223468,0.0,0.0018394831337223468,3.328078260412734e-5,-1.567157062274413e-5,0.0,0.0,4.022068359290638e-11,0.00483954170962408,0.0146339169973557
8,0.009696273622190719,10,11,42,9.310756928933985,0.0946826345106477,9.311238338210986,0.09028431468872612,0.0017305912209054956,0.0,0.0017305912209054956,3.407838354350381e-5,6.033456640493987e-6,0.0,0.0,4.022068359290638e-11,0.00483954170962408,0.0146339169973557
8,0.009696273622190719,10,9,43,9.310756926116603,0.09468263478739355,9.311238335396565,0.09028431466143673,0.0,0.00173058720885591,0.00173058720885591,0.0,0.0,3.4078297524865525e-5,6.033482266527184e-6,4.022068359290638e-11,0.00483954170962408,0.0146339169973557
8,0.009696273622190719,10,11,44,7.843851350113989,-0.010710046593737563,7.843858661894864,0.07605619983952336,0.0014321022855042064,0.0,0.0014321022855042064,2.6471671497117538e-5,-1.0929471049198145e-5,0.0,0.0,4.022068359290638e-11,0.00483954170962408,0.0146339169973557
8,0.009696273622190719,10,9,45,7.843851345016928,-0.010710042388218904,7.843858656792065,0.07605619979004523,0.0,0.0014321022738666073,0.0014321022738666073,0.0,0.0,2.6471673039167175e-5,-1.092946669977975e-5,4.022068359290638e-11,0.00483954170962408,0.0146339169973557
8,0.009696273622190719,10,9,46,8.207946396121534,0.16087153199525384,8.209522744435938,0.07960177883764895,0.0,0.0014230541740813019,0.0014230541740813019,0.0,0.0,2.5152501582991713e-5,-1.3312511014888415e-5,4.022068359290638e-11,0.00483954170962408,0.0146339169973557
8,0.009696273622190719,10,11,47,8.207946396621326,0.16087153211780164,8.209522744938035,0.07960177884251741,0.0014230532622743377,0.0,0.0014230532622743377,2.515248863678207e-5,-1.3312496492817695e-5,0.0,0.0,4.022068359290638e-11,0.00483954170962408,0.0146339169973557
8,0.009696273622190719,10,9,48,11.797119119584291,0.025608926405360985,11.797146915198304,0.11438836445094593,0.0,0.0010928107446328077,0.0010928107446328077,0.0,0.0,1.7882649406366128e-5,1.2562223234391563e-5,4.022068359290638e-11,0.00483954170962408,0.0146339169973557
8,0.009696273622190719,10,11,49,11.797119126485752,0.025608926115691898,11.79714692209912,0.11438836451785812,0.001092802628876057,0.0,0.001092802628876057,1.7882498671877543e-5,1.2562155442423506e-5,0.0,0.0,4.022068359290638e-11,0.00483954170962408,0.0146339169973557
8,0.009696273622190719,10,11,50,9.515854681080299,0.08525544559822185,9.516236588191887,0.0922720338126112,0.0009508819504274728,0.0,0.0009508819504274728,1.5732282771605303e-5,1.0681458152267523e-5,0.0,0.0,4.022068359290638e-11,0.00483954170962408,0.0146339169973557
8,0.009696273622190719,10,9,51,9.515854680783633,0.08525544632724819,9.516236587901766,0.0922720338097981,0.0,0.0009508814386905678,0.0009508814386905678,0.0,0.0,1.5732272393256298e-5,1.0681455232622338e-5,4.022068359290638e-11,0.00483954170962408,0.0146339169973557
8,0.009696273622190719,10,11,52,5.832408448316652,0.10355495206332047,5.833327689757562,0.056561541407790975,0.0006619409256956375,0.0,0.0006619409256956375,1.8766279361197616e-6,1.3103798429569896e-5,0.0,0.0,4.022068359290638e-11,0.00483954170962408,0.0146339169973557
8,0.009696273622190719,10,9,53,5.832408449317299,0.10355495306171378,5.833327690775775,0.05656154141766385,0.0,0.0006619405300223884,0.0006619405300223884,0.0,0.0,1.8766051892629004e-6,1.3103793693375494e-5,4.022068359290638e-11,0.00483954170962408,0.0146339169973557
8,0.009696273622190719,10,11,54,9.521111308896598,0.08848374168959702,9.521522458564181,0.0923232870580724,0.0005949316811352605,0.0,0.0005949316811352605,1.346954635898025e-6,-1.1820951052457659e-5,0.0,0.0,4.022068359290638e-11,0.00483954170962408,0.0146339169973557
8,0.009696273622190719,10,9,55,9.521111307488207,0.08848374023498642,9.521522457142332,0.09232328704428576,0.0,0.0005949311366253679,0.0005949311366253679,0.0,0.0,1.346955251312564e-6,-1.1820940028531529e-5,4.022068359290638e-11,0.00483954170962408,0.0146339169973557
8,0.009696273622190719,10,11,56,7.860333755966223,0.07018006545106978,7.860647046952864,0.07621898461472043,0.0003964243544236416,0.0,0.0003964243544236416,2.087983823635388e-6,7.647787941491218e-6,0.0,0.0,4.022068359290638e-11,0.00483954170962408,0.0146339169973557
8,0.009696273622190719,10,9,57,7.860333755711311,0.07018006551957184,7.860647046698574,0.07621898461225476,0.0,0.00039642411192267733,0.00039642411192267733,0.0,0.0,2.0879765182313576e-6,7.647784909677432e-6,4.022068359290638e-11,0.00483954170962408,0.0146339169973557
8,0.009696273622190719,10,9,58,9.526129655372753,0.09903680973579362,9.526644451256425,0.09237295130070726,0.0,0.0002851905426603464,0.0002851905426603464,0.0,0.0,5.582826113826423e-6,1.1657638005600784e-6,4.022068359290638e-11,0.00483954170962408,0.0146339169973557
8,0.009696273622190719,10,11,59,9.526129656679283,0.09903680988940525,9.526644452564481,0.09237295131339052,0.00028519010909804966,0.0,0.00028519010909804966,5.5828160016418825e-6,1.1657698006787068e-6,0.0,0.0,4.022068359290638e-11,0.00483954170962408,0.0146339169973557
8,0.009696273622190719,10,9,60,9.537562714178085,0.1015265652109408,9.538103069810242,0.09248405720153738,0.0,0.0002021762185944495,0.0002021762185944495,0.0,0.0,1.702923225401115e-6,-3.666997731661614e-6,4.022068359290638e-11,0.00483954170962408,0.0146339169973557
8,0.009696273622190719,10,11,61,9.537562714229619,0.10152656490783082,9.538103069858547,0.09248405720200575,0.00020217535149517484,0.0,0.00020217535149517484,1.7029145929194837e-6,-3.666982618025428e-6,0.0,0.0,4.022068359290638e-11,0.00483954170962408,0.0146339169973557
8,0.009696273622190719,10,9,62,7.769738323518182,0.01424186775951334,7.769751376121659,0.07533763531926847,0.0,0.0001058940480919341,0.0001058940480919341,0.0,0.0,1.5831540192222637e-6,1.4064658348187068e-6,4.022068359290638e-11,0.00483954170962408,0.0146339169973557
8,0.009696273622190719,10,11,63,7.7697383236026925,0.014241867742753891,7.7697513762061385,0.07533763532008762,0.00010589393433628211,0.0,0.00010589393433628211,1.5831525490741976e-6,1.4064640640961443e-6,0.0,0.0,4.022068359290638e-11,0.00483954170962408,0.0146339169973557
8,0.009696273622190719,10,11,64,9.301310714262186,0.08491542624954601,9.30169831981578,0.09019181206000547,8.400185815399895e-5,0.0,8.400185815399895e-5,-5.080812304939322e-7,-1.6011913989617097e-6,0.0,0.0,4.022068359290638e-11,0.00483954170962408,0.0146339169973557
8,0.009696273622190719,10,9,65,9.301310711697052,0.08491542667426127,9.30169831725463,0.09019181203517186,0.0,8.40015484989812e-5,8.40015484989812e-5,0.0,0.0,-5.08080221513598e-7,-1.6011852227399917e-6,4.022068359290638e-11,0.00483954170962408,0.0146339169973557
8,0.009696273622190719,10,9,66,11.862589194198181,0.17320497867869955,11.863853604750293,0.11503517076527255,0.0,5.6254091690155326e-5,5.6254091690155326e-5,0.0,0.0,-1.1035244733747094e-6,-2.186086377773033e-7,4.022068359290638e-11,0.00483954170962408,0.0146339169973557
8,0.009696273622190719,10,11,67,11.862589205042543,0.17320498163271142,11.863853615636627,0.11503517087082941,5.6251804262599905e-5,0.0,5.6251804262599905e-5,-1.103483466330029e-6,-2.1858023594758708e-7,0.0,0.0,4.022068359290638e-11,0.00483954170962408,0.0146339169973557
8,0.009696273622190719,10,9,68,9.661892864835508,0.09690708831055544,9.662378833150981,0.0936890690074958,0.0,9.795393677333182e-15,9.795393677333182e-15,0.0,0.0,-9.938954279321951e-17,-1.6880112731180766e-16,4.022068359290638e-11,0.00483954170962408,0.0146339169973557
8,0.009696273622190719,10,11,69,9.661892865213996,0.0969070882686531,9.662378833529031,0.09368906901116147,8.827785800306671e-15,0.0,8.827785800306671e-15,-1.0227889927794216e-16,-1.4389038734553885e-16,0.0,0.0,4.022068359290638e-11,0.00483954170962408,0.0146339169973557
8,0.009696273622190719,10,9,70,8.062739132994981,0.19976375772535088,8.065213443277816,0.07820251636739267,0.0,8.322334512043702e-15,8.322334512043702e-15,0.0,0.0,1.435112656539448e-16,8.42831324187912e-17,4.022068359290638e-11,0.00483954170962408,0.0146339169973557
8,0.009696273622190719,10,11,71,8.062739138158824,0.19976376023178036,8.065213448502156,0.0782025164180493,4.1242718706639494e-15,0.0,4.1242718706639494e-15,6.3033365972428e-17,5.3189275959731643e-17,0.0,0.0,4.022068359290638e-11,0.00483954170962408,0.0146339169973557
8,0.009696273622190719,10,11,72,5.664376513977259,0.10359178585338813,5.665323693328869,0.05493252868879681,3.4813276102696245e-15,0.0,3.4813276102696245e-15,-6.778974868619201e-17,1.5842108771816433e-17,0.0,0.0,4.022068359290638e-11,0.00483954170962408,0.0146339169973557
8,0.009696273622190719,10,9,73,5.664376514805533,0.10359178633834534,5.665323694165872,0.054932528696912626,0.0,2.9803520312270542e-15,2.9803520312270542e-15,0.0,0.0,-5.819658736531557e-17,1.287107016582049e-17,4.022068359290638e-11,0.00483954170962408,0.0146339169973557
8,0.009696273622190719,10,9,74,7.8501463361514325,-0.0124817758904536,7.85015625919135,0.07611726306607246,0.0,2.9272012262117926e-15,2.9272012262117926e-15,0.0,0.0,4.2923799155432865e-17,-3.980341505125047e-17,4.022068359290638e-11,0.00483954170962408,0.0146339169973557
8,0.009696273622190719,10,9,75,5.641000698476255,0.08004298353740352,5.641568554881094,0.05470219236647417,0.0,2.604790097455524e-15,2.604790097455524e-15,0.0,0.0,-2.1013006979033074e-17,4.7662346149177306e-17,4.022068359290638e-11,0.00483954170962408,0.0146339169973557
8,0.009696273622190719,10,11,76,5.641000697964094,0.08004298399948478,5.641568554375541,0.05470219236157219,2.535629931299391e-15,0.0,2.535629931299391e-15,-5.010404295435176e-18,5.0458746160434374e-17,0.0,0.0,4.022068359290638e-11,0.00483954170962408,0.0146339169973557
8,0.009696273622190719,10,11,77,7.8501463388480675,-0.012481778197265344,7.85015626189165,0.0761172630922553,1.025763823605943e-15,0.0,1.025763823605943e-15,1.8986483885868552e-17,-7.765645183790018e-18,0.0,0.0,4.022068359290638e-11,0.00483954170962408,0.0146339169973557
8,0.009696273622190719,10,11,78,9.654915027858744,0.08981338400585939,9.655332756519538,0.0936207483205144,2.615637069090466e-16,0.0,2.615637069090466e-16,-4.356820442355297e-18,-2.8948739769607305e-18,0.0,0.0,4.022068359290638e-11,0.00483954170962408,0.0146339169973557
8,0.009696273622190719,10,9,79,9.654915027620158,0.08981338406429512,9.655332756281506,0.09362074831820638,0.0,2.0811860340532963e-16,2.0811860340532963e-16,0.0,0.0,-3.2357767047289223e-18,-2.617635406054115e-18,4.022068359290638e-11,0.00483954170962408,0.0146339169973557
