iteration,scale,ground_charge,charge,matrix_rank,energy_real,energy_imag,pole_real,pole_imag,matrix_support_abs,add11_real,add11_imag,add12_real,add12_imag,add21_real,add21_imag,add22_real,add22_imag,rem11_real,rem11_imag,rem12_real,rem12_imag,rem21_real,rem21_imag,rem22_real,rem22_imag,max_residual,biorth_error,min_pair_overlap
0,0.7853981633974483,2,3,0,0.22141197339974789,0.000930143260411352,0.17389655726236666,0.0007305328084235903,50.18945364638139,9.16028435239018,-8.833203840639934,8.836035217291837,8.907584977465067,8.836035217291835,8.907584977465065,-8.658419303878658,8.835302853212431,0.0,0.0,0.0,0.0,0.0,0.0,0.0,0.0,6.765634639825228e-15,9.28825551135424e-13,0.0001999999964451431
0,0.7853981633974483,2,1,1,0.22141197339976276,0.000930143260396776,-0.17389655726237835,-0.0007305328084121423,50.18945364637487,0.0,0.0,0.0,0.0,0.0,0.0,0.0,0.0,-8.658419304018311,8.835302853069365,-8.83603521714874,-8.907584977604689,-8.836035217148739,-8.90758497760469,9.160284352529832,-8.833203840496864,6.765634639825228e-15,9.28825551135424e-13,0.0001999999964451431
0,0.7853981633974483,2,3,2,0.21955928912918826,-0.0009223540220464723,0.17244146243891378,-0.0007244151549175489,49.76957848077263,-8.512086528598259,8.833201164567189,-8.836002845691311,-8.75915291340087,-8.836002845691311,-8.75915291340087,9.009752998468114,-8.835300158909968,0.0,0.0,0.0,0.0,0.0,0.0,0.0,0.0,6.765634639825228e-15,9.28825551135424e-13,0.0001999999964451431
0,0.7853981633974483,2,1,3,0.21955928912917289,-0.0009223540220318729,-0.1724414624389017,0.0007244151549060825,49.76957848075062,0.0,0.0,0.0,0.0,0.0,0.0,0.0,0.0,9.009752998606896,-8.835300158764671,8.83600284554599,8.759152913539623,8.83600284554599,8.759152913539625,-8.512086528737042,8.833201164421896,6.765634639825228e-15,9.28825551135424e-13,0.0001999999964451431
0,0.7853981633974483,2,3,4,0.6626068669555666,0.0008855304535635599,0.5204102163614394,0.0006954939918613293,0.023591704828249117,0.004317462561375179,-0.004139966000594391,0.004141630463795348,0.004198684660058266,0.004141630463795351,0.004198684660058211,-0.004081563074965795,0.004141615121869057,0.0,0.0,0.0,0.0,0.0,0.0,0.0,0.0,6.765634639825228e-15,9.28825551135424e-13,0.0001999999964451431
0,0.7853981633974483,2,1,5,0.6626068669555654,0.0008855304535667104,-0.5204102163614384,-0.0006954939918638037,0.0235917048282202,0.0,0.0,0.0,0.0,0.0,0.0,0.0,0.0,-0.0040815630749505855,0.004141615121874009,-0.004141630463800377,-0.004198684660043106,-0.00414163046380038,-0.0041986846600431385,0.00431746256136016,-0.004139966000599492,6.765634639825228e-15,9.28825551135424e-13,0.0001999999964451431
0,0.7853981633974483,2,3,6,0.6608581058937444,-0.0008630574698521904,0.5190367426352632,-0.0006778437517283589,0.02325997403791942,-0.003965951159723841,0.004139947158879093,-0.004141597282822556,-0.0040814140696639875,-0.0041415972828225435,-0.004081414069663981,0.004198533291937901,-0.004141614509875687,0.0,0.0,0.0,0.0,0.0,0.0,0.0,0.0,6.765634639825228e-15,9.28825551135424e-13,0.0001999999964451431
0,0.7853981633974483,2,1,7,0.6608581058937455,-0.000863057469855372,-0.5190367426352641,0.0006778437517308578,0.023259974037894232,0.0,0.0,0.0,0.0,0.0,0.0,0.0,0.0,0.004198533291922901,-0.004141614509881301,0.004141597282828327,0.004081414069649124,0.00414159728282837,0.004081414069649143,-0.0039659511597091275,0.004139947158885069,6.765634639825228e-15,9.28825551135424e-13,0.0001999999964451431
1,0.4534498410585544,3,2,0,0.021072819330310688,0.002843497759351097,-0.009555466575985015,-0.0012893836070281106,90.91216515697741,0.0,0.0,0.0,0.0,0.0,0.0,0.0,0.0,-15.616260255132772,16.06988843861706,-16.0731125985395,-16.06758436967159,-16.07311259855253,-16.06758436965642,16.525336443570925,-16.069908439135702,6.177981615864853e-13,2.52415931487331e-10,0.018972884976214473
1,0.4534498410585544,3,4,1,0.021072819330310022,0.002843497759353932,0.009555466575984712,0.001289383607029396,90.9121651569747,16.525336443570836,-16.069908439134856,16.073112598538653,16.067584369671533,16.07311259855159,16.06758436965634,-15.616260255132726,16.069888438616115,0.0,0.0,0.0,0.0,0.0,0.0,0.0,0.0,6.177981615864853e-13,2.52415931487331e-10,0.018972884976214473
1,0.4534498410585544,3,2,2,1.2682886718020359,0.0004362649907800886,-0.5751052966449982,-0.00019782429072864288,4.614834211597609,0.0,0.0,0.0,0.0,0.0,0.0,0.0,0.0,-0.8477002960442639,0.7584201734621772,-0.7569845844178561,-0.8705657296212842,-0.7569845844204526,-0.8705657296200598,0.8937338873734977,-0.7552007085398756,6.177981615864853e-13,2.52415931487331e-10,0.018972884976214473
1,0.4534498410585544,3,4,3,1.268288671802075,0.000436264990874883,0.575105296645016,0.0001978242907716274,4.6148342114407335,0.8937338872729025,-0.7552007085957694,0.7569845844733228,0.8705657295209817,0.7569845844769043,0.8705657295191257,-0.8477002959435999,0.7584201735181595,0.0,0.0,0.0,0.0,0.0,0.0,0.0,0.0,6.177981615864853e-13,2.52415931487331e-10,0.018972884976214473
1,0.4534498410585544,3,2,4,1.2665035752119551,-0.00013727755326705011,-0.574295844879952,6.22484847098511e-5,4.389502176335189,0.0,0.0,0.0,0.0,0.0,0.0,0.0,0.0,0.7943833155274792,-0.7794925175354005,0.7795475360631847,0.7722812489990981,0.7795475360660609,0.7722812489978504,-0.7504909396889433,0.7792935797432202,6.177981615864853e-13,2.52415931487331e-10,0.018972884976214473
1,0.4534498410585544,3,4,5,1.2665035752119485,-0.0001372775533180666,0.5742958448799489,-6.224848473298452e-5,4.389502176183079,-0.750490939588443,0.7792935797892402,-0.7795475361083003,-0.7722812488986385,-0.7795475361130475,-0.7722812488972995,0.7943833154269504,-0.7794925175814432,0.0,0.0,0.0,0.0,0.0,0.0,0.0,0.0,6.177981615864853e-13,2.52415931487331e-10,0.018972884976214473
1,0.4534498410585544,3,2,6,1.274332033910516,0.005252307689035875,-0.5778456582325479,-0.0023816580867839407,0.31617031017558783,0.0,0.0,0.0,0.0,0.0,0.0,0.0,0.0,0.035927657819138974,0.06915274979146918,-0.07064592340869434,0.03544372917984978,-0.07064592340867036,0.03544372918001509,-0.03493153933698809,-0.07215326886532063,6.177981615864853e-13,2.52415931487331e-10,0.018972884976214473
1,0.4534498410585544,3,4,7,1.27433203391052,0.005252307689043837,0.5778456582325496,0.002381658086787551,0.3161703101708194,-0.034931539337911655,-0.07215326886355512,0.07064592340689974,-0.03544372918074947,0.07064592340690926,-0.035443729180885494,0.03592765781998554,0.06915274978968002,0.0,0.0,0.0,0.0,0.0,0.0,0.0,0.0,6.177981615864853e-13,2.52415931487331e-10,0.018972884976214473
1,0.4534498410585544,3,2,8,2.552629953237244,0.002844588081231408,-1.1574896465767335,-0.0012898780133114402,8.623790093867599e-5,0.0,0.0,0.0,0.0,0.0,0.0,0.0,0.0,-1.488786041747855e-5,1.517088722347193e-5,-1.5171847883812867e-5,-1.531598947327054e-5,-1.5171847883850821e-5,-1.5315989473237616e-5,1.5750186042661545e-5,-1.5166680934901145e-5,6.177981615864853e-13,2.52415931487331e-10,0.018972884976214473
1,0.4534498410585544,3,4,9,2.55262995323724,0.0028445880812204643,1.1574896465767315,0.0012898780133064778,8.623790093756928e-5,1.575018604241729e-5,-1.5166680934729713e-5,1.5171847883676395e-5,1.5315989472997665e-5,1.5171847883726787e-5,1.5315989472989968e-5,-1.488786041720166e-5,1.5170887223381152e-5,0.0,0.0,0.0,0.0,0.0,0.0,0.0,0.0,6.177981615864853e-13,2.52415931487331e-10,0.018972884976214473
1,0.4534498410585544,3,4,10,2.5558065975492306,0.002561374435544765,1.1589300954351034,0.0011614548306892183,5.58738586417957e-5,-9.460986884554054e-6,1.0007385362753754e-5,-1.001317870776809e-5,-9.738313494894502e-6,-1.0013178707873207e-5,-9.738313494906101e-6,1.0019644597506763e-5,-1.001507592659755e-5,0.0,0.0,0.0,0.0,0.0,0.0,0.0,0.0,6.177981615864853e-13,2.52415931487331e-10,0.018972884976214473
1,0.4534498410585544,3,2,11,2.555806597549214,0.002561374435584512,-1.1589300954350958,-0.0011614548307072414,5.587385864141549e-5,0.0,0.0,0.0,0.0,0.0,0.0,0.0,0.0,1.0019644596795617e-5,-1.0015075927146648e-5,1.0013178708283645e-5,9.73831349419777e-6,1.0013178708471309e-5,9.738313494185463e-6,-9.46098688384733e-6,1.0007385363317882e-5,6.177981615864853e-13,2.52415931487331e-10,0.018972884976214473
1,0.4534498410585544,3,2,12,2.5560900423637274,0.0028449252161358626,-1.1590586234411857,-0.0012900308870802805,2.7919561150656793e-5,0.0,0.0,0.0,0.0,0.0,0.0,0.0,0.0,-4.723687168927418e-6,5.0042334135641615e-6,-5.007235362682477e-6,-4.8622619900848934e-6,-5.007235362652953e-6,-4.862261990035968e-6,5.0028393162725766e-6,-5.00829200646652e-6,6.177981615864853e-13,2.52415931487331e-10,0.018972884976214473
1,0.4534498410585544,3,4,13,2.5560900423637327,0.0028449252161330506,1.1590586234411882,0.0012900308870790053,2.7919561148094434e-5,5.00283931672076e-6,-5.008292005145572e-6,5.0072353613595875e-6,4.862261990462972e-6,5.007235361344615e-6,4.86226199052795e-6,-4.723687169350038e-6,5.004233412253548e-6,0.0,0.0,0.0,0.0,0.0,0.0,0.0,0.0,6.177981615864853e-13,2.52415931487331e-10,0.018972884976214473
1,0.4534498410585544,3,4,14,3.803402833685852,0.0004434872686841754,1.724652410416505,0.00020109923149633175,1.2924456585878048e-6,2.4911631008031975e-7,-2.1289932532862657e-7,2.133626591437695e-7,2.4262506921162e-7,2.1336265913530124e-7,2.4262506921342504e-7,-2.3621915399489695e-7,2.1372892585722743e-7,0.0,0.0,0.0,0.0,0.0,0.0,0.0,0.0,6.177981615864853e-13,2.52415931487331e-10,0.018972884976214473
1,0.4534498410585544,3,2,15,3.8034028336858343,0.0004434872686677233,-1.724652410416497,-0.00020109923148887152,1.2924456580977454e-6,0.0,0.0,0.0,0.0,0.0,0.0,0.0,0.0,-2.362191539735206e-7,2.137289257026509e-7,-2.133626589838235e-7,-2.4262506919224826e-7,-2.1336265897598101e-7,-2.4262506918729926e-7,2.4911631005607724e-7,-2.1289932516382368e-7,6.177981615864853e-13,2.52415931487331e-10,0.018972884976214473
1,0.4534498410585544,3,4,16,3.8016252802531176,-0.00012678918659255302,1.7238463790949585,-5.749253650833657e-5,1.2718824210405766e-6,-2.1711840302330834e-7,2.2613200526504227e-7,-2.262151038518344e-7,-2.2343214707064974e-7,-2.2621510385011376e-7,-2.2343214706524434e-7,2.2983635927607085e-7,-2.2620881148456287e-7,0.0,0.0,0.0,0.0,0.0,0.0,0.0,0.0,6.177981615864853e-13,2.52415931487331e-10,0.018972884976214473
1,0.4534498410585544,3,2,17,3.801625280253121,-0.00012678918663569256,-1.72384637909496,5.7492536527898184e-5,1.2718824208434303e-6,0.0,0.0,0.0,0.0,0.0,0.0,0.0,0.0,2.2983635913506626e-7,-2.2620881155849068e-7,2.2621510391660495e-7,2.2343214693261415e-7,2.2621510391552133e-7,2.23432146931186e-7,-2.171184028922969e-7,2.2613200532162478e-7,6.177981615864853e-13,2.52415931487331e-10,0.018972884976214473
1,0.4534498410585544,3,2,18,3.809427377539096,0.0052476842897686594,-1.7273842388692087,-0.0023795616071210714,7.647503376000808e-8,0.0,0.0,0.0,0.0,0.0,0.0,0.0,0.0,1.044419178714589e-8,1.569131204456279e-8,-1.6063000953967045e-8,1.0366792182794648e-8,-1.606300095419173e-8,1.0366792183409931e-8,-1.0282966549630335e-8,-1.6438835295334726e-8,6.177981615864853e-13,2.52415931487331e-10,0.018972884976214473
1,0.4534498410585544,3,4,19,3.8094273775390644,0.005247684289754456,1.7273842388691945,0.0023795616071146312,7.647503369483276e-8,-1.0282966562396162e-8,-1.6438835268079002e-8,1.6063000926043363e-8,-1.0366792195817058e-8,1.6063000926881906e-8,-1.0366792195872004e-8,1.0444191799844325e-8,1.5691312016590985e-8,0.0,0.0,0.0,0.0,0.0,0.0,0.0,0.0,6.177981615864853e-13,2.52415931487331e-10,0.018972884976214473
1,0.4534498410585544,3,4,20,5.091289380715251,0.002846098663795326,2.3086443604684366,0.0012905629867349547,3.2447636860430315e-17,5.782066877048139e-18,5.8524805993788015e-18,-5.689097116144875e-18,5.781938267789671e-18,-5.689105975374675e-18,5.781904769336194e-18,-5.779499974245685e-18,-5.5280346118236844e-18,0.0,0.0,0.0,0.0,0.0,0.0,0.0,0.0,6.177981615864853e-13,2.52415931487331e-10,0.018972884976214473
1,0.4534498410585544,3,2,21,5.091289380715235,0.0028460986638042486,-2.308644360468429,-0.0012905629867390005,3.2446511734788813e-17,0.0,0.0,0.0,0.0,0.0,0.0,0.0,0.0,-5.779093942578869e-18,-5.528015808164524e-18,5.689071683971142e-18,-5.781531830907401e-18,5.6890981738561315e-18,-5.78155412956619e-18,5.781716536930737e-18,5.8524671844312895e-18,6.177981615864853e-13,2.52415931487331e-10,0.018972884976214473
1,0.4534498410585544,3,2,22,1.2724672050992376,0.005825750651931442,-0.5770000519044722,-0.002641685707165082,9.508011773072193e-21,0.0,0.0,0.0,0.0,0.0,0.0,0.0,0.0,2.2440901364924055e-21,3.292721251069726e-22,-4.346692380315262e-22,2.33581204709161e-21,-4.390353342259055e-22,2.334619158674172e-21,-2.4261718136042273e-21,-5.5319542849502015e-22,6.177981615864853e-13,2.52415931487331e-10,0.018972884976214473
1,0.4534498410585544,3,4,23,1.2724672050992107,0.0058257506518493984,0.57700005190446,0.0026416857071278796,6.064579633160762e-21,-1.5091312093181318e-21,-5.361622429548434e-22,4.1564795128801936e-22,-1.4445058041971955e-21,4.677043361339294e-22,-1.4534822674230612e-21,1.3884453872036407e-21,3.5471174312270324e-22,0.0,0.0,0.0,0.0,0.0,0.0,0.0,0.0,6.177981615864853e-13,2.52415931487331e-10,0.018972884976214473
1,0.4534498410585544,3,4,24,2.5563734871452533,0.0031282187065262606,1.1591871514323175,0.0014184902752707295,4.706017044447057e-25,-4.8930269953344785e-26,-9.79951759617337e-26,1.0902862844068118e-25,-2.8774795192227626e-26,1.1352401062241405e-25,-4.5627044420607465e-26,2.219006040478736e-26,1.2398798044354046e-25,0.0,0.0,0.0,0.0,0.0,0.0,0.0,0.0,6.177981615864853e-13,2.52415931487331e-10,0.018972884976214473
1,0.4534498410585544,3,4,25,3.8075705333626324,0.005817863415137967,1.726542253172521,0.0026381092408946896,1.5306926671698595e-25,3.298643569182421e-26,1.1541079588373918e-26,-1.1710775649150452e-26,3.6922402968403236e-26,-1.2096828206997614e-26,3.5656819976261495e-26,-3.989907482850287e-26,-1.2239412298925224e-26,0.0,0.0,0.0,0.0,0.0,0.0,0.0,0.0,6.177981615864853e-13,2.52415931487331e-10,0.018972884976214473
1,0.4534498410585544,3,2,26,2.556373487145291,0.0031282187065420977,-1.1591871514323346,-0.0014184902752779108,1.2007745584019329e-25,0.0,0.0,0.0,0.0,0.0,0.0,0.0,0.0,-2.0152381505092078e-26,3.7074338761665315e-26,-3.5925606591546387e-26,-1.7427026556003197e-26,-1.3322013498891384e-26,1.4239041245986268e-26,-1.4042034089675757e-26,-1.196960357578829e-26,6.177981615864853e-13,2.52415931487331e-10,0.018972884976214473
1,0.4534498410585544,3,2,27,3.8075705333626106,0.005817863415073451,-1.726542253172511,-0.002638109240865435,2.026302251543225e-26,0.0,0.0,0.0,0.0,0.0,0.0,0.0,0.0,-3.234850486219962e-27,4.883803279519532e-27,-4.148999398719049e-27,-2.058470222634422e-27,-4.573770647708453e-27,-2.9784579686702178e-27,1.887753725434707e-27,-3.8806038247707355e-27,6.177981615864853e-13,2.52415931487331e-10,0.018972884976214473
1,0.4534498410585544,3,2,28,2.558093216981457,0.0028448567448575712,-1.1599669626532079,-0.001289999838790022,1.1451265477766472e-26,0.0,0.0,0.0,0.0,0.0,0.0,0.0,0.0,-2.1972040654481193e-27,1.9452019140384386e-27,-1.894507431313651e-27,-2.1710631464894534e-27,-1.9341623873425294e-27,-2.0841735352575614e-27,2.060003219809496e-27,-1.8844625258941877e-27,6.177981615864853e-13,2.52415931487331e-10,0.018972884976214473
1,0.4534498410585544,3,4,29,2.5580932169814585,0.0028448567448583484,1.1599669626532085,0.0012899998387903746,9.042907320274901e-27,1.405603031877516e-27,-1.712705165430713e-27,1.6910556807904277e-27,1.4337493868388803e-27,1.8009814434469227e-27,1.4375731821680815e-27,-1.4671497801773195e-27,1.7788644964698578e-27,0.0,0.0,0.0,0.0,0.0,0.0,0.0,0.0,6.177981615864853e-13,2.52415931487331e-10,0.018972884976214473
2,0.2617993877991494,4,3,0,0.2812353281144897,0.0027121495707989893,-0.07362723672786632,-0.0007100390972549013,47.193142598684695,0.0,0.0,0.0,0.0,0.0,0.0,0.0,0.0,-8.18561469222407,8.264384278997033,-8.263825899923942,-8.419905518273165,-8.26382590032471,-8.419905518802384,8.65750120149325,-8.2598988980747,2.8255163301904087e-12,4.096665629698511e-10,0.019998000149363305
2,0.2617993877991494,4,5,1,0.2812353281150721,0.0027121495703462005,0.0736272367280188,0.0007100390971363613,47.193142598110875,8.657501199616926,-8.259898899781449,8.263825901639702,8.419905516304583,8.263825902022516,8.419905517019352,-8.185614690348103,8.264384280703114,0.0,0.0,0.0,0.0,0.0,0.0,0.0,0.0,2.8255163301904087e-12,4.096665629698511e-10,0.019998000149363305
2,0.2617993877991494,4,3,2,0.2758622330904945,-0.0026603500299772227,-0.07222056373999772,0.0006964780091794857,46.29563697845605,0.0,0.0,0.0,0.0,0.0,0.0,0.0,0.0,8.335745726573755,-8.264353449817284,8.26373082317811,8.102637567681485,8.263730823573727,8.102637568236057,-7.872834253336473,8.259866480940337,2.8255163301904087e-12,4.096665629698511e-10,0.019998000149363305
2,0.2617993877991494,4,5,3,0.27586223308987634,-0.0026603500298034988,0.07222056373983589,-0.0006964780091340049,46.295636978206055,-7.872834251448886,8.259866482702707,-8.263730824950315,-8.102637565701794,-8.263730825327855,-8.102637566441489,8.335745724686396,-8.264353451580496,0.0,0.0,0.0,0.0,0.0,0.0,0.0,0.0,2.8255163301904087e-12,4.096665629698511e-10,0.019998000149363305
2,0.2617993877991494,4,5,4,2.401497912653271,0.0001830839175107988,0.6287106833335616,4.7931257520197094e-5,3.1797719801698214,0.5806090790793524,-0.5593656371071923,0.5595523379754521,0.5645992961016887,0.5595523393051185,0.5645992984208016,-0.5488132912119329,0.5595131556982181,0.0,0.0,0.0,0.0,0.0,0.0,0.0,0.0,2.8255163301904087e-12,4.096665629698511e-10,0.019998000149363305
2,0.2617993877991494,4,3,5,2.4014979126525313,0.0001830839152606725,-0.6287106833333679,-4.793125693111541e-5,3.1797719775092985,0.0,0.0,0.0,0.0,0.0,0.0,0.0,0.0,-0.5488132972247839,0.5595131486876295,-0.5595523309111026,-0.5645993022183674,-0.5595523323457895,-0.5645993043268733,0.580609085092053,-0.5593656300965079,2.8255163301904087e-12,4.096665629698511e-10,0.019998000149363305
2,0.2617993877991494,4,5,6,2.4011333967081963,-0.00018139872670971079,0.628615253282298,-4.7490075600147495e-5,3.1504606161939224,-0.5385978154647619,0.5593667572605028,-0.5595504028763304,-0.5542372738157666,-0.5595504042030037,-0.5542372761429832,0.5701005103178445,-0.5595123101525742,0.0,0.0,0.0,0.0,0.0,0.0,0.0,0.0,2.8255163301904087e-12,4.096665629698511e-10,0.019998000149363305
2,0.2617993877991494,4,3,7,2.4011333967083925,-0.0001813987268636033,-0.6286152532823494,4.749007564043647e-5,3.1504606137577507,0.0,0.0,0.0,0.0,0.0,0.0,0.0,0.0,0.5701005163829518,-0.55951230328924,0.5595503959603456,0.5542372799831735,0.5595503973897387,0.5542372821028433,-0.5385978215296726,0.5593667503970122,2.8255163301904087e-12,4.096665629698511e-10,0.019998000149363305
2,0.2617993877991494,4,5,8,0.8395343125985064,0.0024547401608032964,0.2197895690746687,0.0006426494713042886,0.09489424338942296,0.017510812808998962,-0.016500466147546553,0.016511323931942178,0.01703312223667789,0.01651132393323803,0.017033122240805325,-0.016562034835163567,0.016515367148109177,0.0,0.0,0.0,0.0,0.0,0.0,0.0,0.0,2.8255163301904087e-12,4.096665629698511e-10,0.019998000149363305
2,0.2617993877991494,4,3,9,0.83953431259791,0.0024547401617661477,-0.21978956907451255,-0.0006426494715563624,0.09489424338401321,0.0,0.0,0.0,0.0,0.0,0.0,0.0,0.0,-0.016562034836513025,0.01651536714480571,-0.016511323928444736,-0.017033122238189168,-0.01651132393010921,-0.01703312224194951,0.01751081281030542,-0.016500466144224644,2.8255163301904087e-12,4.096665629698511e-10,0.019998000149363305
2,0.2617993877991494,4,3,10,0.8347675377994805,-0.002311604234299987,-0.2185416303505073,0.0006051765733736581,0.09187458668793495,0.0,0.0,0.0,0.0,0.0,0.0,0.0,0.0,0.016428319903606433,-0.01651508825931087,0.01651064472714417,0.015965731945261446,0.016510644728999335,0.015965731948669,-0.015509746970712307,0.01649981358346557,2.8255163301904087e-12,4.096665629698511e-10,0.019998000149363305
2,0.2617993877991494,4,5,11,0.8347675377988297,-0.002311604234051789,0.21854163035033694,-0.0006051765733086801,0.09187458668011572,-0.015509746969213532,0.016499813582236438,-0.016510644725968675,-0.015965731943614194,-0.016510644727670148,-0.01596573194728263,0.0164283199020709,-0.016515088258034563,0.0,0.0,0.0,0.0,0.0,0.0,0.0,0.0,2.8255163301904087e-12,4.096665629698511e-10,0.019998000149363305
2,0.2617993877991494,4,3,12,2.973828738225207,0.00021089506951883687,-0.7785465430868761,-5.521220008989055e-5,0.0008465922841655555,0.0,0.0,0.0,0.0,0.0,0.0,0.0,0.0,-0.0001465276443718652,0.00014856333121530233,-0.00014856218213681868,-0.00015073057167176238,-0.00014856218340271015,-0.00015073057238008223,0.0001549929124951561,-0.00014850073021270934,2.8255163301904087e-12,4.096665629698511e-10,0.019998000149363305
2,0.2617993877991494,4,5,13,2.9738287382249897,0.0002108950692719918,0.7785465430868193,5.521220002526666e-5,0.0008465922830134838,0.00015499291148226617,-0.00014850073083122014,0.00014856218311213367,0.00015073057078440394,0.00014856218366400567,0.00015073057124008514,-0.00014652764335718925,0.00014856333183298304,0.0,0.0,0.0,0.0,0.0,0.0,0.0,0.0,2.8255163301904087e-12,4.096665629698511e-10,0.019998000149363305
2,0.2617993877991494,4,3,14,2.9735056827535935,-0.00011213452578990018,-0.7784619673621825,2.9356750202943798e-5,0.0008337866110953811,0.0,0.0,0.0,0.0,0.0,0.0,0.0,0.0,0.0001504019502196306,-0.0001485637347071405,0.00014856027822125094,0.0001462036472724506,0.00014856027941927298,0.0001462036480273088,-0.00014206475749601891,0.00014849832959162664,2.8255163301904087e-12,4.096665629698511e-10,0.019998000149363305
2,0.2617993877991494,4,5,15,2.9735056827536814,-0.00011213452582556089,0.7784619673622056,-2.9356750212279748e-5,0.0008337866097069527,-0.00014206475646078685,0.00014849833012424925,-0.00014856027910211016,-0.00014620364634892747,-0.0001485602796034166,-0.00014620364687923315,0.00015040194918302229,-0.00014856373523911668,0.0,0.0,0.0,0.0,0.0,0.0,0.0,0.0,2.8255163301904087e-12,4.096665629698511e-10,0.019998000149363305
2,0.2617993877991494,4,5,16,2.9487133309910116,0.004742244425191305,0.7719713448486375,0.0012415166873090129,0.0007858618335187297,0.0001277824029944517,-0.00015288424387052078,0.0001525042830350764,0.00012384369583186527,0.00015250428303389686,0.00012384369579959093,-0.0001199659804400593,0.00015207477252182316,0.0,0.0,0.0,0.0,0.0,0.0,0.0,0.0,2.8255163301904087e-12,4.096665629698511e-10,0.019998000149363305
2,0.2617993877991494,4,3,17,2.948713330994086,0.004742244430676045,-0.7719713448494423,-0.0012415166887449144,0.0007858618328992937,0.0,0.0,0.0,0.0,0.0,0.0,0.0,0.0,-0.00011996598030533804,0.00015207477243317296,-0.00015250428294613077,-0.00012384369569503045,-0.00015250428294608445,-0.00012384369566279484,0.00012778240285552577,-0.00015288424378242556,2.8255163301904087e-12,4.096665629698511e-10,0.019998000149363305
2,0.2617993877991494,4,5,18,2.942534792090097,-0.00044395499658891457,0.7703538071468847,-0.0001162271463173513,0.0005157365115671476,-4.731715244837296e-5,0.0001179826605800345,-0.00011897220296424961,-4.967858925235819e-5,-0.00011897220292992488,-4.967858933543151e-5,5.2087611044257196e-5,-0.00011994186436153995,0.0,0.0,0.0,0.0,0.0,0.0,0.0,0.0,2.8255163301904087e-12,4.096665629698511e-10,0.019998000149363305
2,0.2617993877991494,4,3,19,2.942534792093757,-0.00044395499892451243,-0.770353807147843,0.0001162271469288094,0.0005157365085341908,0.0,0.0,0.0,0.0,0.0,0.0,0.0,0.0,5.208761110138933e-5,-0.00011994186351257339,0.00011897220211983835,4.9678589319397096e-5,0.00011897220208172195,4.967858938603178e-5,-4.7317152509092555e-5,0.00011798265973638589,2.8255163301904087e-12,4.096665629698511e-10,0.019998000149363305
2,0.2617993877991494,4,5,20,2.9383638634373996,-0.004514725193150633,0.7692618605790547,-0.0011819522916482323,0.00048391183223170527,-0.00010947133185630464,4.735129613797904e-5,-4.645055736641401e-5,-0.00011169847277803401,-4.645055735786579e-5,-0.00011169847276303048,0.00011394418497108593,-4.550513548290784e-5,0.0,0.0,0.0,0.0,0.0,0.0,0.0,0.0,2.8255163301904087e-12,4.096665629698511e-10,0.019998000149363305
2,0.2617993877991494,4,3,21,2.938363863431473,-0.004514725190081822,-0.769261860577503,0.0011819522908448194,0.00048391183209142946,0.0,0.0,0.0,0.0,0.0,0.0,0.0,0.0,0.00011394418485672161,-4.5505135675011806e-5,4.6450557553247025e-5,0.00011169847266194055,4.6450557547073625e-5,0.00011169847264677846,-0.00010947133173841341,4.735129632193481e-5,2.8255163301904087e-12,4.096665629698511e-10,0.019998000149363305
2,0.2617993877991494,4,5,22,2.9423128757562402,0.0004256025320764148,0.7702957095865385,0.00011142248234337324,0.0001891456870733713,4.631271701093621e-5,-1.2451876427933562e-5,1.2921602619314242e-5,4.5484220566699874e-5,1.2921602646571144e-5,4.548422052793446e-5,-4.466088908547019e-5,1.3373134116984463e-5,0.0,0.0,0.0,0.0,0.0,0.0,0.0,0.0,2.8255163301904087e-12,4.096665629698511e-10,0.019998000149363305
2,0.2617993877991494,4,3,23,2.9423128757562984,0.0004256025288565668,-0.7702957095865537,-0.00011142248150041901,0.0001891456869953418,0.0,0.0,0.0,0.0,0.0,0.0,0.0,0.0,-4.466088920757959e-5,1.3373133609845342e-5,-1.2921602111233235e-5,-4.548422069912856e-5,-1.2921602138518683e-5,-4.5484220643485186e-5,4.6312717137039225e-5,-1.2451875918905622e-5,2.8255163301904087e-12,4.096665629698511e-10,0.019998000149363305
2,0.2617993877991494,4,3,24,5.081798545764724,0.0026879150131209947,-1.3304117481998126,-0.000703694504891219,1.683275859657406e-5,0.0,0.0,0.0,0.0,0.0,0.0,0.0,0.0,-2.9349347657741753e-6,2.9324857268783782e-6,-2.931851541081067e-6,-3.018498995407562e-6,-2.9318515413731452e-6,-3.018498992271427e-6,3.1032357209788764e-6,-2.9300097214881556e-6,2.8255163301904087e-12,4.096665629698511e-10,0.019998000149363305
2,0.2617993877991494,4,5,25,5.081798545765073,0.0026879150130211162,1.3304117481999038,0.0007036945048650709,1.6832758585655816e-5,3.1032357176060966e-6,-2.9300097213045853e-6,2.9318515405659923e-6,3.0184989917767587e-6,2.9318515414300176e-6,3.018498988733581e-6,-2.9349347619856485e-6,2.932485726597805e-6,0.0,0.0,0.0,0.0,0.0,0.0,0.0,0.0,2.8255163301904087e-12,4.096665629698511e-10,0.019998000149363305
2,0.2617993877991494,4,3,26,5.076476789103495,-0.0026332527769466763,-1.3290185155638867,0.0006893839649250499,1.633325109210874e-5,0.0,0.0,0.0,0.0,0.0,0.0,0.0,0.0,2.925216697193675e-6,-2.9314031030643223e-6,2.930742877956114e-6,2.842977737156681e-6,2.9307428765759687e-6,2.8429777394653963e-6,-2.7619108491004624e-6,2.9289452259524755e-6,2.8255163301904087e-12,4.096665629698511e-10,0.019998000149363305
2,0.2617993877991494,4,5,27,5.076476789103364,-0.0026332527770074454,1.3290185155638525,-0.0006893839649409593,1.633325104228357e-5,-2.7619108408705124e-6,2.92894521676749e-6,-2.930742868790875e-6,-2.842977728586665e-6,-2.93074286749796e-6,-2.84297773106299e-6,2.9252166884494504e-6,-2.9314030940118106e-6,0.0,0.0,0.0,0.0,0.0,0.0,0.0,0.0,2.8255163301904087e-12,4.096665629698511e-10,0.019998000149363305
2,0.2617993877991494,4,3,28,5.084928583309576,0.0021439354142191187,-1.331231190112843,-0.0005612809789234811,1.3684351732685885e-5,0.0,0.0,0.0,0.0,0.0,0.0,0.0,0.0,2.183741504297055e-6,-2.6962277861030233e-6,2.688553633738216e-6,2.1152663887674465e-6,2.6885536290275135e-6,2.1152663893591503e-6,-2.047866526045576e-6,2.6800331550441743e-6,2.8255163301904087e-12,4.096665629698511e-10,0.019998000149363305
2,0.2617993877991494,4,5,29,5.084928583310006,0.0021439354141757454,1.3312311901129557,0.000561280978912126,1.3684351668770632e-5,-2.047866535754947e-6,2.6800331270234613e-6,-2.6885536044696423e-6,-2.1152663973976386e-6,-2.6885536023524254e-6,-2.115266400139564e-6,2.1837415140110004e-6,-2.696227758185349e-6,0.0,0.0,0.0,0.0,0.0,0.0,0.0,0.0,2.8255163301904087e-12,4.096665629698511e-10,0.019998000149363305
2,0.2617993877991494,4,3,30,5.084098819373971,0.0023603602961353234,-1.331013958422484,-0.0006179408805136467,9.224962033375163e-6,0.0,0.0,0.0,0.0,0.0,0.0,0.0,0.0,-8.63121266784827e-7,2.1035524634555653e-6,-2.1209158093555073e-6,-9.054996769637928e-7,-2.1209158063239476e-6,-9.054996753255218e-7,9.487263793917769e-7,-2.137916782675088e-6,2.8255163301904087e-12,4.096665629698511e-10,0.019998000149363305
2,0.2617993877991494,4,5,31,5.084098819373762,0.0023603602968599834,1.3310139584224292,0.0006179408807033622,9.224961992356027e-6,9.487263866323026e-7,-2.137916768420855e-6,2.120915794261857e-6,9.054996832334752e-7,2.120915792844361e-6,9.054996837396448e-7,-8.631212742317242e-7,2.1035524491432378e-6,0.0,0.0,0.0,0.0,0.0,0.0,0.0,0.0,2.8255163301904087e-12,4.096665629698511e-10,0.019998000149363305
2,0.2617993877991494,4,5,32,5.079675392305885,-0.0019531095283345087,1.3298559079240846,-0.0005113228788226599,8.6909498704464e-6,2.05930540547367e-6,-7.842083189923358e-7,8.018350539002678e-7,2.019251513179858e-6,8.018350540708634e-7,2.0192515148072147e-6,-1.9795181949837678e-6,8.186540242563726e-7,0.0,0.0,0.0,0.0,0.0,0.0,0.0,0.0,2.8255163301904087e-12,4.096665629698511e-10,0.019998000149363305
2,0.2617993877991494,4,3,33,5.079675392306483,-0.0019531095285140248,-1.3298559079242414,0.000511322878869657,8.690949864333449e-6,0.0,0.0,0.0,0.0,0.0,0.0,0.0,0.0,-1.9795181944883827e-6,8.186540214248946e-7,-8.018350511093011e-7,-2.0192515126548096e-6,-8.018350511157497e-7,-2.019251514325022e-6,2.0593054049615345e-6,-7.842083160765772e-7,2.8255163301904087e-12,4.096665629698511e-10,0.019998000149363305
2,0.2617993877991494,4,5,34,5.0781411329530926,-0.002441122928948131,1.3294542397647986,-0.0006390844883410872,3.3504118268323933e-6,-7.89195595223238e-7,2.4313948420605577e-7,-2.3525704639062296e-7,-8.038424553891432e-7,-2.3525704546703846e-7,-8.038424557055494e-7,8.185833543760311e-7,-2.2705305185485e-7,0.0,0.0,0.0,0.0,0.0,0.0,0.0,0.0,2.8255163301904087e-12,4.096665629698511e-10,0.019998000149363305
2,0.2617993877991494,4,3,35,5.078141132953017,-0.0024411229289992837,-1.3294542397647788,0.000639084488354479,3.350411820345162e-6,0.0,0.0,0.0,0.0,0.0,0.0,0.0,0.0,8.185833536982612e-7,-2.2705304789577445e-7,2.352570424890337e-7,8.038424545942903e-7,2.352570415465229e-7,8.038424554111303e-7,-7.891955948081964e-7,2.431394803451358e-7,2.8255163301904087e-12,4.096665629698511e-10,0.019998000149363305
2,0.2617993877991494,4,3,36,7.204142937932534,0.00018409901626375604,-1.8860402107683032,-4.819700975227698e-5,3.651731106053634e-7,0.0,0.0,0.0,0.0,0.0,0.0,0.0,0.0,-6.310818313624139e-8,6.417629795406544e-8,-6.417850921973578e-8,-6.492109239747806e-8,-6.417850911988476e-8,-6.492109252470513e-8,6.675966799454365e-8,-6.415474681601407e-8,2.8255163301904087e-12,4.096665629698511e-10,0.019998000149363305
2,0.2617993877991494,4,5,37,7.204142937934478,0.0001840990174369478,1.886040210768812,4.8197010059417864e-5,3.6517310770611253e-7,6.675966720500956e-8,-6.415474657966677e-8,6.417850898523679e-8,6.492109160706396e-8,6.417850888366618e-8,6.492109174212497e-8,-6.310818235276529e-8,6.417629771944184e-8,0.0,0.0,0.0,0.0,0.0,0.0,0.0,0.0,2.8255163301904087e-12,4.096665629698511e-10,0.019998000149363305
2,0.2617993877991494,4,3,38,7.203779744772104,-0.00017906082655157543,-1.8859451270212497,4.6878014770012125e-5,3.609076971896031e-7,0.0,0.0,0.0,0.0,0.0,0.0,0.0,0.0,6.523045174061004e-8,-6.417613015266784e-8,6.41782663521059e-8,6.341320129136991e-8,6.417826634243351e-8,6.341320116806922e-8,-6.162161695141015e-8,6.415503212912793e-8,2.8255163301904087e-12,4.096665629698511e-10,0.019998000149363305
2,0.2617993877991494,4,5,39,7.203779744771002,-0.00017906082632699553,1.885945127020961,-4.6878014711217244e-5,3.609076957940163e-7,-6.162161627422591e-8,6.41550323027574e-8,-6.417826652347588e-8,-6.341320058053728e-8,-6.41782665223525e-8,-6.341320053062665e-8,6.523045106958866e-8,-6.417613033002321e-8,0.0,0.0,0.0,0.0,0.0,0.0,0.0,0.0,2.8255163301904087e-12,4.096665629698511e-10,0.019998000149363305
2,0.2617993877991494,4,3,40,5.639870267392632,0.0024717829742483145,-1.4765145832700162,-0.0006471112694305695,8.261955502975847e-9,0.0,0.0,0.0,0.0,0.0,0.0,0.0,0.0,-1.4558592479912965e-9,1.4238455793606315e-9,-1.423095475552331e-9,-1.4968690907328736e-9,-1.423095519207865e-9,-1.4968690227090728e-9,1.5384479835360893e-9,-1.4217465541371212e-9,2.8255163301904087e-12,4.096665629698511e-10,0.019998000149363305
2,0.2617993877991494,4,5,41,5.639870267393249,0.002471782973799447,1.4765145832701776,0.0006471112693130561,8.261955190090129e-9,1.53844798072138e-9,-1.4217464473036694e-9,1.4230953662392722e-9,1.4968690872135922e-9,1.4230954135252312e-9,1.4968690146861175e-9,-1.4558592394080506e-9,1.423845471134207e-9,0.0,0.0,0.0,0.0,0.0,0.0,0.0,0.0,2.8255163301904087e-12,4.096665629698511e-10,0.019998000149363305
2,0.2617993877991494,4,3,42,5.635072004224954,-0.002326042254402183,-1.4752584009102188,0.0006089564381974448,7.835292002700898e-9,0.0,0.0,0.0,0.0,0.0,0.0,0.0,0.0,1.3864953926559196e-9,-1.4227754386121079e-9,1.4219909807315387e-9,1.3470506849748904e-9,1.421990943181433e-9,1.3470507529432983e-9,-1.308174734174718e-9,1.4206675511151516e-9,2.8255163301904087e-12,4.096665629698511e-10,0.019998000149363305
2,0.2617993877991494,4,5,43,5.635072004224639,-0.002326042254382519,1.4752584009101364,-0.0006089564381922968,7.83529170245478e-9,-1.3081746784399405e-9,1.4206675041347906e-9,-1.421990937058569e-9,-1.3470506241787774e-9,-1.4219908934896965e-9,-1.3470506940526084e-9,1.3864953286149857e-9,-1.4227753923311782e-9,0.0,0.0,0.0,0.0,0.0,0.0,0.0,0.0,2.8255163301904087e-12,4.096665629698511e-10,0.019998000149363305
2,0.2617993877991494,4,5,44,5.643085915029519,0.001931821140224531,1.4773564378527309,0.000505749591848237,6.679427103563092e-9,-1.0163116403403557e-9,1.2951849802054342e-9,-1.2989206412864675e-9,-1.0492606956858657e-9,-1.298920617563824e-9,-1.049260756168776e-9,1.0827292958667444e-9,-1.3022364705248935e-9,0.0,0.0,0.0,0.0,0.0,0.0,0.0,0.0,2.8255163301904087e-12,4.096665629698511e-10,0.019998000149363305
2,0.2617993877991494,4,3,45,5.643085915029308,0.0019318211400961285,-1.4773564378526756,-0.0005057495918146213,6.679427000494377e-9,0.0,0.0,0.0,0.0,0.0,0.0,0.0,0.0,1.0827291538913494e-9,-1.3022365522359535e-9,1.2989207221407916e-9,1.0492605486905168e-9,1.2989206990000045e-9,1.0492606202920223e-9,-1.0163114994127332e-9,1.2951850607594848e-9,2.8255163301904087e-12,4.096665629698511e-10,0.019998000149363305
2,0.2617993877991494,4,5,46,5.642372551404749,0.002143301045345737,1.477169679692488,0.000561114901540791,4.4582521229150655e-9,4.663801290221025e-10,-1.0296831215944621e-9,1.0216266660193552e-9,4.4542734791501316e-10,1.0216266747092445e-9,4.454272950501651e-10,-4.248831290266334e-10,1.0133919664483123e-9,0.0,0.0,0.0,0.0,0.0,0.0,0.0,0.0,2.8255163301904087e-12,4.096665629698511e-10,0.019998000149363305
2,0.2617993877991494,4,3,47,5.642372551404952,0.0021433010447462876,-1.477169679692541,-0.0005611149013838554,4.4582514283415496e-9,0.0,0.0,0.0,0.0,0.0,0.0,0.0,0.0,-4.2488310675273064e-10,1.0133917888479184e-9,-1.0216264893181066e-9,-4.4542732705387246e-10,-1.0216264940515027e-9,-4.454272665970819e-10,4.663801019553413e-10,-1.0296829418636503e-9,2.8255163301904087e-12,4.096665629698511e-10,0.019998000149363305
2,0.2617993877991494,4,5,48,5.638465131631126,-0.0016653903053038765,1.476146719587879,-0.00043599816237519336,4.106444041165328e-9,9.683917570370384e-10,-3.824550164241823e-10,3.9055057083787514e-10,9.493656063499496e-10,3.905505973447045e-10,9.493655894263153e-10,-9.304955829475003e-10,3.9826637441029673e-10,0.0,0.0,0.0,0.0,0.0,0.0,0.0,0.0,2.8255163301904087e-12,4.096665629698511e-10,0.019998000149363305
2,0.2617993877991494,4,3,49,5.638465131631768,-0.0016653903055027898,-1.476146719588047,0.0004359981624272688,4.10644402038302e-9,0.0,0.0,0.0,0.0,0.0,0.0,0.0,0.0,-9.304955805053787e-10,3.982663631776617e-10,-3.905505555433358e-10,-9.493656064370985e-10,-3.905505920185769e-10,-9.493655865628427e-10,9.683917567636445e-10,-3.824550070309406e-10,2.8255163301904087e-12,4.096665629698511e-10,0.019998000149363305
2,0.2617993877991494,4,3,50,5.637087997113372,-0.0021176289303500634,-1.475786186614214,0.0005543939575514142,1.578536055675632e-9,0.0,0.0,0.0,0.0,0.0,0.0,0.0,0.0,3.8468315630444987e-10,-1.1048187301822469e-10,1.1428378836106148e-10,3.7770312278805536e-10,1.1428376541568439e-10,3.7770313398029316e-10,-3.7076878366851303e-10,1.179345902951456e-10,2.8255163301904087e-12,4.096665629698511e-10,0.019998000149363305
2,0.2617993877991494,4,5,51,5.637087997113283,-0.0021176289302880995,1.4757861866141908,-0.0005543939575351921,1.5785355257584496e-9,-3.707687016871623e-10,1.179344107283977e-10,-1.1428360631255116e-10,-3.777030388314705e-10,-1.1428358734642685e-10,-3.777030500628842e-10,3.8468307041474757e-10,-1.1048169247509068e-10,0.0,0.0,0.0,0.0,0.0,0.0,0.0,0.0,2.8255163301904087e-12,4.096665629698511e-10,0.019998000149363305
2,0.2617993877991494,4,3,52,3.516861645220668,-6.913044005980688e-5,-0.9207122256930803,1.8098306885943234e-5,7.430380511176484e-11,0.0,0.0,0.0,0.0,0.0,0.0,0.0,0.0,1.765442937195022e-11,6.576471233797416e-12,-6.237311373587221e-12,1.749650673578504e-11,-6.2372929435068685e-12,1.74964942382391e-11,-1.7336075247062465e-11,-5.905131122821129e-12,2.8255163301904087e-12,4.096665629698511e-10,0.019998000149363305
2,0.2617993877991494,4,5,53,3.5168616452188495,-6.913043941302738e-5,0.9207122256926041,-1.8098306716616757e-5,7.430377358578564e-11,-1.733606583166419e-11,-5.90513299225624e-12,6.237313534044993e-12,-1.749649639294892e-11,6.237294785248714e-12,-1.749648641236239e-11,1.765442062492499e-11,6.576473383613553e-12,0.0,0.0,0.0,0.0,0.0,0.0,0.0,0.0,2.8255163301904087e-12,4.096665629698511e-10,0.019998000149363305
2,0.2617993877991494,4,3,54,3.517185184219523,0.0002543841385738285,-0.9207969280049098,-6.659761174444228e-5,2.5985787484818225e-11,0.0,0.0,0.0,0.0,0.0,0.0,0.0,0.0,-2.633125249901674e-13,-6.3994929586896276e-12,6.493764749720526e-12,-1.7523900091648199e-13,6.493751366667657e-12,-1.7523983813418608e-13,8.456880307209874e-14,6.5880927069362204e-12,2.8255163301904087e-12,4.096665629698511e-10,0.019998000149363305
2,0.2617993877991494,4,5,55,3.517185184221701,0.0002543841391125226,0.9207969280054799,6.659761188547207e-5,2.5985786691257644e-11,8.45999729346486e-14,6.588091969280726e-12,-6.493763052756855e-12,1.752700800415834e-13,-6.4937509967905825e-12,1.7527070638006135e-13,-2.6334329933554764e-13,-6.3994916310533545e-12,0.0,0.0,0.0,0.0,0.0,0.0,0.0,0.0,2.8255163301904087e-12,4.096665629698511e-10,0.019998000149363305
2,0.2617993877991494,4,5,56,7.7761219387709755,-0.0001296633718775456,2.035783963021776,-3.3945791377514885e-5,8.0837566891198e-12,-1.396310298263947e-12,1.4213461333138053e-12,-1.421414956022362e-12,-1.4364422782647716e-12,-1.4214149135746075e-12,-1.436442259815026e-12,1.4771426926456958e-12,-1.4209090460052765e-12,0.0,0.0,0.0,0.0,0.0,0.0,0.0,0.0,2.8255163301904087e-12,4.096665629698511e-10,0.019998000149363305
2,0.2617993877991494,4,3,57,7.7761219387700615,-0.0001296633713068103,-2.035783963021537,3.3945791228096735e-5,8.083748737308909e-12,0.0,0.0,0.0,0.0,0.0,0.0,0.0,0.0,1.4771428301665706e-12,-1.4209060936833884e-12,1.421412032278622e-12,1.436442595966448e-12,1.4214119460004747e-12,1.4364421772758044e-12,-1.3963103974470631e-12,1.4213431936437807e-12,2.8255163301904087e-12,4.096665629698511e-10,0.019998000149363305
2,0.2617993877991494,4,3,58,7.776483029180783,0.00023139698593729104,-2.035878496270004,-6.057958925695118e-5,7.991490188201689e-12,0.0,0.0,0.0,0.0,0.0,0.0,0.0,0.0,-1.3641454245206355e-12,1.420883082339141e-12,-1.4214064754352045e-12,-1.4038156211091737e-12,-1.4214067492855375e-12,-1.4038160498218114e-12,1.4440546925146148e-12,-1.4213685027375496e-12,2.8255163301904087e-12,4.096665629698511e-10,0.019998000149363305
2,0.2617993877991494,4,5,59,7.776483029180202,0.0002313969863638743,2.0358784962698517,6.0579589368630414e-5,7.991483241190452e-12,1.4440541845428112e-12,-1.421366583844808e-12,1.4214045992304183e-12,1.4038153012514e-12,1.4214047685828133e-12,1.403815330946477e-12,-1.364144895107745e-12,1.4208811440872174e-12,0.0,0.0,0.0,0.0,0.0,0.0,0.0,0.0,2.8255163301904087e-12,4.096665629698511e-10,0.019998000149363305
2,0.2617993877991494,4,5,60,7.7513416152791,0.004735261430141139,2.0292964895021384,0.001239688543479875,7.858259520706159e-12,1.2772179384599374e-12,-1.5292302462160258e-12,1.5254167337905042e-12,1.2378340181532052e-12,1.5254167044010263e-12,1.2378340836573538e-12,-1.1990602299070606e-12,1.5211079364950723e-12,0.0,0.0,0.0,0.0,0.0,0.0,0.0,0.0,2.8255163301904087e-12,4.096665629698511e-10,0.019998000149363305
2,0.2617993877991494,4,3,61,7.751341615282207,0.004735261435822799,-2.029296489502952,-0.00123968854496733,7.858256015475648e-12,0.0,0.0,0.0,0.0,0.0,0.0,0.0,0.0,-1.1990594329227654e-12,1.5211074618040369e-12,-1.5254163005629552e-12,-1.2378331999425128e-12,-1.5254162368391041e-12,-1.2378332305898477e-12,1.277217063957827e-12,-1.5292298215875726e-12,2.8255163301904087e-12,4.096665629698511e-10,0.019998000149363305
2,0.2617993877991494,4,3,62,7.745176004761992,-0.00044050652454465794,-2.0276823364433514,0.00011532433844732244,5.07505894165371e-12,0.0,0.0,0.0,0.0,0.0,0.0,0.0,0.0,4.874250091032874e-13,-1.1908788028037699e-12,1.1808365259970376e-12,4.639267951771119e-13,1.1808365368085423e-12,4.639268573089729e-13,-4.409009410808205e-13,1.170608592348173e-12,2.8255163301904087e-12,4.096665629698511e-10,0.019998000149363305
2,0.2617993877991494,4,5,63,7.745176004758411,-0.00044050652211886747,2.027682336442414,-0.00011532433781225198,5.075058427691687e-12,-4.4090121302957095e-13,1.1706083362757578e-12,-1.1808362902866763e-12,-4.639270574476253e-13,-1.180836297930563e-12,-4.639270996142722e-13,4.874252418185241e-13,-1.1908785854917604e-12,0.0,0.0,0.0,0.0,0.0,0.0,0.0,0.0,2.8255163301904087e-12,4.096665629698511e-10,0.019998000149363305
2,0.2617993877991494,4,3,64,7.741012722413831,-0.004505395025141827,-2.026592391673368,0.0011795096593754635,4.8682219713936334e-12,0.0,0.0,0.0,0.0,0.0,0.0,0.0,0.0,1.1458497652264952e-12,-4.589007152008646e-13,4.683897982036265e-13,1.123248376545276e-12,4.683898800838162e-13,1.1232484006934261e-12,-1.1008342777460263e-12,4.774296276478348e-13,2.8255163301904087e-12,4.096665629698511e-10,0.019998000149363305
2,0.2617993877991494,4,5,65,7.741012722419662,-0.004505395028311886,2.0265923916748947,-0.0011795096602053832,4.868216414066182e-12,-1.1008341495842263e-12,4.774264003773657e-13,-4.68386545057054e-13,-1.1232482275564734e-12,-4.683866581290252e-13,-1.1232482388516788e-12,1.1458495828005056e-12,-4.588974677903402e-13,0.0,0.0,0.0,0.0,0.0,0.0,0.0,0.0,2.8255163301904087e-12,4.096665629698511e-10,0.019998000149363305
2,0.2617993877991494,4,5,66,7.744955000201197,0.00042570405261365026,2.0276244775846344,0.00011144906035787053,1.9552027360851027e-12,4.812830239806752e-13,-1.1883577092569555e-13,1.2386660021774864e-13,4.728206238619799e-13,1.2386657713386148e-13,4.728205123976287e-13,-4.644076206192624e-13,1.2870826718047275e-13,0.0,0.0,0.0,0.0,0.0,0.0,0.0,0.0,2.8255163301904087e-12,4.096665629698511e-10,0.019998000149363305
2,0.2617993877991494,4,3,67,7.74495500020116,0.00042570404945578046,-2.0276244775846246,-0.00011144905953114215,1.9552012232292865e-12,0.0,0.0,0.0,0.0,0.0,0.0,0.0,0.0,-4.644075778474147e-13,1.2870699476454159e-13,-1.2386531883743447e-13,-4.728205653011813e-13,-1.238653171455254e-13,-4.728204546919853e-13,4.812829506172543e-13,-1.188345024378893e-13,2.8255163301904087e-12,4.096665629698511e-10,0.019998000149363305
2,0.2617993877991494,4,3,68,9.881157781912043,-0.002646704303637442,-2.586881058051374,0.0006929055663776564,2.802717838265987e-18,0.0,0.0,0.0,0.0,0.0,0.0,0.0,0.0,6.7302273930447e-19,2.2805419236234067e-19,-2.154415930397493e-19,6.666596228339948e-19,-2.1542532693093693e-19,6.667437779431285e-19,-6.602936769148162e-19,-2.0307927158680537e-19,2.8255163301904087e-12,4.096665629698511e-10,0.019998000149363305
2,0.2617993877991494,4,5,69,9.881157781912426,-0.0026467043038937285,2.5868810580514743,-0.0006929055664447521,2.802345726392974e-18,-6.599594451302626e-19,-2.0382104501678058e-19,2.1618654008005834e-19,-6.663524553842792e-19,2.161513957599174e-19,-6.663789861528872e-19,6.726854435729054e-19,2.2878334681823023e-19,0.0,0.0,0.0,0.0,0.0,0.0,0.0,0.0,2.8255163301904087e-12,4.096665629698511e-10,0.019998000149363305
2,0.2617993877991494,4,3,70,9.886509882788973,0.0027048032203892706,-2.5882822347843932,-0.0007081158272150788,8.922814424641591e-19,0.0,0.0,0.0,0.0,0.0,0.0,0.0,0.0,1.149247598804783e-20,-2.19624872655006e-19,2.225563858953123e-19,1.4831249124562205e-20,2.225778008789946e-19,1.478588408541024e-20,-1.8213821171668154e-20,2.2550332809536183e-19,2.8255163301904087e-12,4.096665629698511e-10,0.019998000149363305
2,0.2617993877991494,4,5,71,9.886509882789026,0.002704803220266282,2.5882822347844074,0.0007081158271828805,8.92147672518306e-19,-1.8335560710614458e-20,2.2545692905641777e-19,-2.2252897077308876e-19,-1.4942775432175572e-20,-2.225221606639975e-19,-1.491475305183268e-20,1.1611054542558878e-20,-2.195880826726512e-19,0.0,0.0,0.0,0.0,0.0,0.0,0.0,0.0,2.8255163301904087e-12,4.096665629698511e-10,0.019998000149363305
2,0.2617993877991494,4,5,72,8.31950801618931,-6.712584590987461e-5,2.1780421054284775,-1.757350536470521e-5,5.695950250174665e-19,-1.3283909527497575e-19,-4.5465043881281575e-20,4.8073880653073245e-20,-1.3408844812697151e-19,4.7947923424679765e-20,-1.3401865610989318e-19,1.3524854233919443e-19,5.0609939760513226e-20,0.0,0.0,0.0,0.0,0.0,0.0,0.0,0.0,2.8255163301904087e-12,4.096665629698511e-10,0.019998000149363305
2,0.2617993877991494,4,3,73,8.31950801619132,-6.712584703857157e-5,-2.1780421054290033,1.7573505660197385e-5,5.685985359165075e-19,0.0,0.0,0.0,0.0,0.0,0.0,0.0,0.0,1.3494409125223326e-19,5.0703757584355734e-20,-4.818039128162153e-20,1.3380845869339264e-19,-4.804030262333927e-20,1.3369792363542952e-19,-1.3254289012546635e-19,-4.5569943048063706e-20,2.8255163301904087e-12,4.096665629698511e-10,0.019998000149363305
2,0.2617993877991494,4,3,74,8.319830186472865,0.0002550200768052799,-2.1781264494114794,-6.676409998411434e-5,2.182943334368699e-19,0.0,0.0,0.0,0.0,0.0,0.0,0.0,0.0,-4.8992706883659704e-21,-5.3588298165206036e-20,5.445986927265286e-20,-4.210348060119609e-21,5.43588325567311e-20,-4.181924467840752e-21,3.4713076164592994e-21,5.523173032690585e-20,2.8255163301904087e-12,4.096665629698511e-10,0.019998000149363305
2,0.2617993877991494,4,5,75,8.319830186474238,0.00025502007795999947,2.1781264494118386,6.676410028641921e-5,2.1760726437856346e-19,3.665366594949556e-21,5.504636091158608e-20,-5.426319724483987e-20,4.3924957667632635e-21,-5.4180908267744687e-20,4.379226175504259e-21,-5.0846710576594416e-21,-5.339918415246171e-20,0.0,0.0,0.0,0.0,0.0,0.0,0.0,0.0,2.8255163301904087e-12,4.096665629698511e-10,0.019998000149363305
2,0.2617993877991494,4,3,76,2.9465165329157994,0.005285363239735609,-0.7713962244574285,-0.0013837048604589115,8.33851345069687e-20,0.0,0.0,0.0,0.0,0.0,0.0,0.0,0.0,-1.84206033988503e-20,-9.153246801252468e-21,9.54327933137847e-21,-1.8502492478966758e-20,9.541857802148322e-21,-1.8563313203676575e-20,1.864100472121226e-20,9.938725384697746e-21,2.8255163301904087e-12,4.096665629698511e-10,0.019998000149363305
2,0.2617993877991494,4,5,77,2.946516532915732,0.005285363239592873,0.7713962244574109,0.0013837048604215432,6.846685700162425e-20,1.645106801980874e-20,5.497776633593499e-21,-5.1871390301913e-21,1.6285587105590288e-20,-5.181185060003785e-21,1.6338365365578222e-20,-1.6170123839482446e-20,-4.8767827218614936e-21,0.0,0.0,0.0,0.0,0.0,0.0,0.0,0.0,2.8255163301904087e-12,4.096665629698511e-10,0.019998000149363305
2,0.2617993877991494,4,5,78,2.9360437793062455,-0.005186337259161431,0.768654463973876,-0.001357779919368381,6.50589937331601e-20,-1.4600277719826196e-20,-6.6354334071922394e-21,6.938856199110711e-21,-1.470311327333703e-20,6.941682388670903e-21,-1.4714479137589385e-20,1.4814412880532842e-20,7.250954341061535e-21,0.0,0.0,0.0,0.0,0.0,0.0,0.0,0.0,2.8255163301904087e-12,4.096665629698511e-10,0.019998000149363305
2,0.2617993877991494,4,3,79,2.9360437793062966,-0.0051863372590391105,-0.7686544639738894,0.0013577799193363576,5.76409993677417e-20,0.0,0.0,0.0,0.0,0.0,0.0,0.0,0.0,1.4238949146368112e-20,3.2987106271306494e-21,-3.053301836308294e-21,1.4077227352174683e-20,-3.0504122354626198e-21,1.4088031157313686e-20,-1.392506662545321e-20,-2.8107125242722293e-21,2.8255163301904087e-12,4.096665629698511e-10,0.019998000149363305
3,0.15114994701951814,5,4,0,0.057420968475242695,0.00812473058868915,-0.008679176342842355,-0.0012280525980282234,86.29473653816383,0.0,0.0,0.0,0.0,0.0,0.0,0.0,0.0,-14.822355399412885,15.254432539225428,-15.25751414906458,-15.250756611106066,-15.257514148671127,-15.250756611750393,15.685259608797654,-15.254494235506403,4.660300831865874e-12,9.29402143857916e-10,0.014789870659632227
3,0.15114994701951814,5,6,1,0.05742096847505662,0.008124730588328074,0.00867917634281423,0.0012280525979736468,86.29473653792414,15.685259608769902,-15.254494235449542,15.257514149007308,15.250756611079568,15.257514148614188,15.250756611721606,-14.822355399385378,15.25443253916808,0.0,0.0,0.0,0.0,0.0,0.0,0.0,0.0,4.660300831865874e-12,9.29402143857916e-10,0.014789870659632227
3,0.15114994701951814,5,4,2,2.0822738829709984,0.0011656060724479084,-0.3147355870911927,-0.00017618129609612998,4.434860629300132,0.0,0.0,0.0,0.0,0.0,0.0,0.0,0.0,-0.8162662596169141,0.7270218126694594,-0.7255931496058442,-0.8382368305794846,-0.7255931494135984,-0.8382368306437566,0.8604975717960957,-0.7238291335837991,4.660300831865874e-12,9.29402143857916e-10,0.014789870659632227
3,0.15114994701951814,5,6,3,2.0822738829722205,0.0011656060724372502,0.31473558709137744,0.000176181296094519,4.434860624410224,0.8604975713419666,-0.7238291322400178,0.7255931482175271,0.8382368301175058,0.7255931481150386,0.8382368301974823,-0.8162662591633126,0.7270218113261826,0.0,0.0,0.0,0.0,0.0,0.0,0.0,0.0,4.660300831865874e-12,9.29402143857916e-10,0.014789870659632227
3,0.15114994701951814,5,4,4,2.077374129288149,-0.0003815819922408977,-0.31399498958162136,5.767609791081387e-5,4.054165912433422,0.0,0.0,0.0,0.0,0.0,0.0,0.0,0.0,0.7314251672804339,-0.7222504409403417,0.7222369610390226,0.7110115305157453,0.7222369608489726,0.7110115305802484,-0.6908867317079642,0.7219390185679601,4.660300831865874e-12,9.29402143857916e-10,0.014789870659632227
3,0.15114994701951814,5,6,5,2.077374129287853,-0.00038158199172002444,0.3139949895815766,-5.767609783208391e-5,4.054165907267068,-0.6908867312836887,0.7219390171731187,-0.7222369595981957,-0.7110115300833161,-0.7222369595006144,-0.7110115301634056,0.7314251668559978,-0.7222504395458348,0.0,0.0,0.0,0.0,0.0,0.0,0.0,0.0,4.660300831865874e-12,9.29402143857916e-10,0.014789870659632227
3,0.15114994701951814,5,4,6,4.296324554024648,0.0005197210908784895,-0.6493892287194805,-7.855581535120987e-5,2.6205960151317567,0.0,0.0,0.0,0.0,0.0,0.0,0.0,0.0,-0.462327757153591,0.451068099012185,-0.45081444267858495,-0.47533529584745643,-0.4508144418516894,-0.47533529576659034,0.48852312219675187,-0.4503706153519903,4.660300831865874e-12,9.29402143857916e-10,0.014789870659632227
3,0.15114994701951814,5,6,7,4.296324554057589,0.0005197210960247367,0.6493892287244596,7.855581612906485e-5,2.6205959645532113,0.4885231249545661,-0.45037059407099866,0.45081442079235573,0.47533529869178487,0.45081442117269327,0.47533529843101185,-0.4623277599130459,0.4510680777291057,0.0,0.0,0.0,0.0,0.0,0.0,0.0,0.0,4.660300831865874e-12,9.29402143857916e-10,0.014789870659632227
3,0.15114994701951814,5,4,8,4.293177485550741,-0.00023255050357223403,-0.6489135494863826,3.5149996294305436e-5,2.478063182522962,0.0,0.0,0.0,0.0,0.0,0.0,0.0,0.0,0.44857615696916,-0.43994241139418017,0.4399766633531973,0.4360985964116674,0.4399766625295993,0.4360985963319702,-0.4237969915381772,0.4398364398686959,4.660300831865874e-12,9.29402143857916e-10,0.014789870659632227
3,0.15114994701951814,5,6,9,4.293177485562335,-0.00023255047858278775,0.6489135494881351,-3.514999251715196e-5,2.478063130001408,-0.42379699435233803,0.43983641859330985,-0.43997664147572274,-0.4360985993115118,-0.43997664185523183,-0.4360985990518368,0.4485761597832198,-0.4399423901188503,0.0,0.0,0.0,0.0,0.0,0.0,0.0,0.0,4.660300831865874e-12,9.29402143857916e-10,0.014789870659632227
3,0.15114994701951814,5,4,10,2.0993158504722764,0.015092637118286123,-0.31731147957611927,-0.0022812513008137604,0.30627439897506914,0.0,0.0,0.0,0.0,0.0,0.0,0.0,0.0,0.029872764936416205,0.0693275669566095,-0.07073635954577691,0.0293007126490797,-0.07073635954750682,0.029300712646584678,-0.028700363472519426,-0.07215686676233943,4.660300831865874e-12,9.29402143857916e-10,0.014789870659632227
3,0.15114994701951814,5,6,11,2.099315850471971,0.015092637117407048,0.3173114795760731,0.0022812513006808884,0.30627439893074215,-0.028700363431496068,-0.07215686676744097,0.07073635955026776,-0.029300712608304948,0.07073635955282873,-0.029300712605728134,0.02987276489579918,0.06932756696133659,0.0,0.0,0.0,0.0,0.0,0.0,0.0,0.0,4.660300831865874e-12,9.29402143857916e-10,0.014789870659632227
3,0.15114994701951814,5,4,12,4.312641233067998,0.01573433305594052,-0.6518554938924173,-0.0023782436077928624,0.06080526659290392,0.0,0.0,0.0,0.0,0.0,0.0,0.0,0.0,0.007272159002587982,0.013104557938320164,-0.013394169758224718,0.00718701200041297,-0.013394169760944827,0.007187011999492743,-0.007096506754662611,-0.013686655313986601,4.660300831865874e-12,9.29402143857916e-10,0.014789870659632227
3,0.15114994701951814,5,6,13,4.312641233055622,0.015734333035018144,0.6518554938905466,0.0023782436046304468,0.06080526647175352,-0.007096506664712279,-0.013686655326375982,0.013394169773755068,-0.007187011911017086,0.013394169772330815,-0.0071870119106060264,0.00727215891426802,0.013104557952829735,0.0,0.0,0.0,0.0,0.0,0.0,0.0,0.0,4.660300831865874e-12,9.29402143857916e-10,0.014789870659632227
3,0.15114994701951814,5,6,14,6.424645046205468,0.008222822084925354,0.9710847583531662,0.001242879122487391,0.00011173036043838533,1.706388050524981e-5,-2.2613153645679206e-5,2.253134556441324e-5,1.6507272693943018e-5,2.2531345564960332e-5,1.650727269872524e-5,-1.595967610470868e-5,2.244293277220109e-5,0.0,0.0,0.0,0.0,0.0,0.0,0.0,0.0,4.660300831865874e-12,9.29402143857916e-10,0.014789870659632227
3,0.15114994701951814,5,4,15,6.4246450462247005,0.008222822085242427,-0.9710847583560732,-0.0012428791225353166,0.00011173035914049291,0.0,0.0,0.0,0.0,0.0,0.0,0.0,0.0,-1.59596765835399e-5,2.244293203836253e-5,-2.253134481827193e-5,-1.650727317041964e-5,-2.253134481302187e-5,-1.6507273169016764e-5,1.706388097289706e-5,-2.2613152881354337e-5,4.660300831865874e-12,9.29402143857916e-10,0.014789870659632227
3,0.15114994701951814,5,4,16,6.431939040516028,0.0074806110854922165,-0.9721872452067679,-0.0011306939692457686,7.82396816913498e-5,0.0,0.0,0.0,0.0,0.0,0.0,0.0,0.0,1.39814035019535e-5,-1.4072894178678721e-5,1.4068862884767035e-5,1.35874696485004e-5,1.4068863011035083e-5,1.3587469678495668e-5,-1.3199162283523124e-5,1.4059395604907693e-5,4.660300831865874e-12,9.29402143857916e-10,0.014789870659632227
3,0.15114994701951814,5,6,17,6.431939040508742,0.007480611074630425,0.9721872452056667,0.0011306939676040094,7.823967986587302e-5,-1.3199161820445183e-5,1.4059395417595643e-5,-1.4068862736336405e-5,-1.358746919036037e-5,-1.4068862784982608e-5,-1.3587469210506648e-5,1.398140303897808e-5,-1.4072893991320334e-5,0.0,0.0,0.0,0.0,0.0,0.0,0.0,0.0,4.660300831865874e-12,9.29402143857916e-10,0.014789870659632227
3,0.15114994701951814,5,4,18,6.4325305872421215,0.007982036823673018,-0.9722766574630766,-0.0012064844430060195,4.496056392534012e-5,0.0,0.0,0.0,0.0,0.0,0.0,0.0,0.0,-7.054006103303879e-6,8.54671773235654e-6,-8.566383586922832e-6,-7.2763458525659815e-6,-8.566383713223936e-6,-7.276345885182607e-6,7.502111606139506e-6,-8.5831383451936e-6,4.660300831865874e-12,9.29402143857916e-10,0.014789870659632227
3,0.15114994701951814,5,6,19,6.432530587232682,0.007982036818372876,0.9722766574616498,0.0012064844422049034,4.496056178092049e-5,7.502111057375896e-6,-8.583138105961992e-6,8.566383390157428e-6,7.276345309927364e-6,8.56638343231052e-6,7.276345334004236e-6,-7.0540055582844554e-6,8.546717493734889e-6,0.0,0.0,0.0,0.0,0.0,0.0,0.0,0.0,4.660300831865874e-12,9.29402143857916e-10,0.014789870659632227
3,0.15114994701951814,5,4,20,4.216793145488901,0.0073260083708769075,-0.6373680605329146,-0.001107325777122591,2.3728829040654327e-5,0.0,0.0,0.0,0.0,0.0,0.0,0.0,0.0,5.9738474475754066e-6,-7.142053614251427e-7,7.874073383805412e-7,5.879417850816823e-6,7.874073035851587e-7,5.879417869080632e-6,-5.785302764869462e-6,8.582574504853398e-7,4.660300831865874e-12,9.29402143857916e-10,0.014789870659632227
3,0.15114994701951814,5,6,21,4.216793145483627,0.007326008368036213,0.6373680605321175,0.00110732577669322,2.3728828519754086e-5,-5.785302636497905e-6,8.582574281681234e-7,-7.874073265866635e-7,-5.879417726007247e-6,-7.87407274906771e-7,-5.879417736521332e-6,5.973847318637251e-6,-7.142053432857189e-7,0.0,0.0,0.0,0.0,0.0,0.0,0.0,0.0,4.660300831865874e-12,9.29402143857916e-10,0.014789870659632227
3,0.15114994701951814,5,6,22,6.424337191161938,0.008033491214080944,0.971038226079647,0.0012142617713900993,2.2117765304175235e-5,5.539264135488186e-6,8.7474870841319e-7,-7.85138782838818e-7,5.473136366767452e-6,-7.851387867460073e-7,5.4731363655788494e-6,-5.40669410313061e-6,-6.977180529849148e-7,0.0,0.0,0.0,0.0,0.0,0.0,0.0,0.0,4.660300831865874e-12,9.29402143857916e-10,0.014789870659632227
3,0.15114994701951814,5,4,23,6.424337191141046,0.008033491230178116,-0.971038226076489,-0.001214261773823186,2.211776416570554e-5,0.0,0.0,0.0,0.0,0.0,0.0,0.0,0.0,-5.406693849301963e-6,-6.977177965512597e-7,7.851385171481697e-7,-5.473136122994724e-6,7.851385133428683e-7,-5.473136111596032e-6,5.539263891971996e-6,8.747484256257243e-7,4.660300831865874e-12,9.29402143857916e-10,0.014789870659632227
3,0.15114994701951814,5,6,24,8.641474890012148,0.008126631520630655,1.3061584717958326,0.0012283399237904696,1.9971870466951116e-5,3.646822726010393e-6,-3.513256461184529e-6,3.5144310577203643e-6,3.5462667056008323e-6,3.514431056932147e-6,3.546266707342189e-6,-3.4471161755993253e-6,3.514186865675626e-6,0.0,0.0,0.0,0.0,0.0,0.0,0.0,0.0,4.660300831865874e-12,9.29402143857916e-10,0.014789870659632227
3,0.15114994701951814,5,4,25,8.641474890009754,0.008126631542849752,-1.3061584717954706,-0.001228339927148885,1.997187022707723e-5,0.0,0.0,0.0,0.0,0.0,0.0,0.0,0.0,-3.4471161837578513e-6,3.5141867753874584e-6,-3.5144309665170095e-6,-3.546266712912939e-6,-3.514430964226995e-6,-3.546266713446857e-6,3.6468227312165083e-6,-3.5132563675614597e-6,4.660300831865874e-12,9.29402143857916e-10,0.014789870659632227
3,0.15114994701951814,5,6,26,4.208280462746034,0.008129088824768836,0.6360813689873362,0.0012287113451807665,1.4755796148737728e-5,3.703240257956989e-6,5.32279186911866e-7,-4.7311380284437226e-7,3.6582984916856417e-6,-4.731137894188257e-7,3.658298478725107e-6,-3.6131671740319417e-6,-4.1541168671414016e-7,0.0,0.0,0.0,0.0,0.0,0.0,0.0,0.0,4.660300831865874e-12,9.29402143857916e-10,0.014789870659632227
3,0.15114994701951814,5,4,27,4.208280462746085,0.008129088824065834,-0.6360813689873441,-0.001228711345074508,1.4755795951526167e-5,0.0,0.0,0.0,0.0,0.0,0.0,0.0,0.0,-3.6131670973612815e-6,-4.1541189307776665e-7,4.7311401375310047e-7,-3.6582984130656966e-6,4.731139941741969e-7,-3.658298404109495e-6,3.7032401814347273e-6,5.322793962876854e-7,4.660300831865874e-12,9.29402143857916e-10,0.014789870659632227
3,0.15114994701951814,5,4,28,8.64661193173483,0.0076457761455853744,-1.306934935380053,-0.001155658659328325,1.3142454134878893e-5,0.0,0.0,0.0,0.0,0.0,0.0,0.0,0.0,2.359025744794877e-6,-2.3534681787850665e-6,2.3530848797035086e-6,2.292851627203499e-6,2.353084858648542e-6,2.292851637802551e-6,-2.2276185706919347e-6,2.3517842308690434e-6,4.660300831865874e-12,9.29402143857916e-10,0.014789870659632227
3,0.15114994701951814,5,6,29,8.646611931737162,0.007645776146381978,1.3069349353804054,0.0011556586594487315,1.3142453973164608e-5,-2.2276186731225313e-6,2.3517840746450216e-6,-2.3530847156907347e-6,-2.2928517310471577e-6,-2.3530847101345615e-6,-2.292851738776812e-6,2.3590258472444288e-6,-2.353468022522485e-6,0.0,0.0,0.0,0.0,0.0,0.0,0.0,0.0,4.660300831865874e-12,9.29402143857916e-10,0.014789870659632227
3,0.15114994701951814,5,4,30,4.217598073258429,0.008131931702537048,-0.6374897253226334,-0.0012291410460048148,1.2569944740540252e-5,0.0,0.0,0.0,0.0,0.0,0.0,0.0,0.0,-3.0780560771759906e-6,3.5277867538317597e-7,-3.136145179849854e-7,-3.1266400490600226e-6,-3.136145441257379e-7,-3.1266400661802013e-6,3.175349233752769e-6,-2.731997056753153e-7,4.660300831865874e-12,9.29402143857916e-10,0.014789870659632227
3,0.15114994701951814,5,6,31,4.217598073255937,0.008131931703599209,0.6374897253222567,0.0012291410461653604,1.256994340490698e-5,3.175348917472176e-6,-2.731994993810066e-7,3.136143146974605e-7,3.126639743462768e-6,3.136143319905907e-7,3.126639742229406e-6,-3.078055763988536e-6,3.527784662133128e-7,0.0,0.0,0.0,0.0,0.0,0.0,0.0,0.0,4.660300831865874e-12,9.29402143857916e-10,0.014789870659632227
3,0.15114994701951814,5,4,32,8.64709304702573,0.008127030310757894,-1.3070076559307828,-0.0012284002008970737,6.567272210786771e-6,0.0,0.0,0.0,0.0,0.0,0.0,0.0,0.0,-1.112280403414842e-6,1.1759970304671114e-6,-1.1766707740938317e-6,-1.1448768150548747e-6,-1.176670756722408e-6,-1.1448768240821692e-6,1.1779438124269773e-6,-1.176886455671878e-6,4.660300831865874e-12,9.29402143857916e-10,0.014789870659632227
3,0.15114994701951814,5,6,33,8.647093047027338,0.008127030308640362,1.307007655931026,0.001228400200577009,6.567271842934654e-6,1.1779439287130189e-6,-1.1768862113201077e-6,1.1766705244051476e-6,1.1448769343427314e-6,1.1766705210570822e-6,1.1448769398359492e-6,-1.1122805221845301e-6,1.1759967894991457e-6,0.0,0.0,0.0,0.0,0.0,0.0,0.0,0.0,4.660300831865874e-12,9.29402143857916e-10,0.014789870659632227
3,0.15114994701951814,5,4,34,6.242716510946146,0.001198173322200402,-0.9435862698873811,-0.00018110383417079082,4.088150836720056e-6,0.0,0.0,0.0,0.0,0.0,0.0,0.0,0.0,-7.531492733139194e-7,6.694007681771916e-7,-6.680627110128065e-7,-7.734008407911541e-7,-6.680627117217636e-7,-7.734008401767771e-7,7.939195708543383e-7,-6.664152408003577e-7,4.660300831865874e-12,9.29402143857916e-10,0.014789870659632227
3,0.15114994701951814,5,6,35,6.242716510941389,0.0011981733244381676,0.9435862698866622,0.00018110383450902897,4.08815081729256e-6,7.939195634012319e-7,-6.664152420465186e-7,6.680627120433342e-7,7.734008332324001e-7,6.680627131151956e-7,7.734008328060859e-7,-7.531492658384119e-7,6.694007693526871e-7,0.0,0.0,0.0,0.0,0.0,0.0,0.0,0.0,4.660300831865874e-12,9.29402143857916e-10,0.014789870659632227
3,0.15114994701951814,5,6,36,6.423782426854036,0.007541163897605236,0.9709543734838992,0.0011398465235885344,3.787949218797864e-6,-6.303253796337807e-7,6.887526642546471e-7,-6.894500505511538e-7,-6.491178040267933e-7,-6.894500444787598e-7,-6.491178125741158e-7,6.681859646739617e-7,-6.898877281714466e-7,0.0,0.0,0.0,0.0,0.0,0.0,0.0,0.0,4.660300831865874e-12,9.29402143857916e-10,0.014789870659632227
3,0.15114994701951814,5,4,37,6.423782426840776,0.007541163881717952,-0.970954373481895,-0.0011398465211871723,3.787948368254214e-6,0.0,0.0,0.0,0.0,0.0,0.0,0.0,0.0,6.681861495929724e-7,-6.898872621298512e-7,6.894495808254839e-7,6.49117998304711e-7,6.894495822933648e-7,6.49117987554763e-7,-6.303255641618929e-7,6.887521984501479e-7,4.660300831865874e-12,9.29402143857916e-10,0.014789870659632227
3,0.15114994701951814,5,4,38,6.237855590762425,-0.00033269909082043157,-0.9428515420591457,5.028744995095009e-5,3.743316076970241e-6,0.0,0.0,0.0,0.0,0.0,0.0,0.0,0.0,6.744316854422359e-7,-6.677948660173017e-7,6.677566589731011e-7,6.555832821034669e-7,6.677566589084284e-7,6.555832821507572e-7,-6.370019290217533e-7,6.674561651447687e-7,4.660300831865874e-12,9.29402143857916e-10,0.014789870659632227
3,0.15114994701951814,5,6,39,6.237855590762487,-0.0003326990955037079,0.9428515420591549,-5.028745065882706e-5,3.7433160301248486e-6,-6.370019226435065e-7,6.674561550443123e-7,-6.677566487681645e-7,-6.555832756739444e-7,-6.677566489037665e-7,-6.555832757298286e-7,6.744316789726386e-7,-6.677948559067383e-7,0.0,0.0,0.0,0.0,0.0,0.0,0.0,0.0,4.660300831865874e-12,9.29402143857916e-10,0.014789870659632227
3,0.15114994701951814,5,6,40,6.432969034526389,0.008276744822145925,0.9723429287468645,0.0012510295413614278,2.9853743504816587e-6,5.141989370994084e-7,5.554724521719622e-7,-5.404479191289063e-7,5.146737878698097e-7,-5.404479183433963e-7,5.146737871897733e-7,-5.149324175746099e-7,-5.256292115823619e-7,0.0,0.0,0.0,0.0,0.0,0.0,0.0,0.0,4.660300831865874e-12,9.29402143857916e-10,0.014789870659632227
3,0.15114994701951814,5,4,41,6.432969034525771,0.008276744808456032,-0.972342928746771,-0.001251029539292201,2.9853742036082823e-6,0.0,0.0,0.0,0.0,0.0,0.0,0.0,0.0,-5.149323578133486e-7,-5.25629219132112e-7,5.404479252471092e-7,-5.146737264401006e-7,5.404479253978864e-7,-5.14673728300375e-7,5.141988765606521e-7,5.554724577805198e-7,4.660300831865874e-12,9.29402143857916e-10,0.014789870659632227
3,0.15114994701951814,5,6,42,8.457711535785542,0.001801871266634553,1.2783826505403522,0.00027235274648780474,1.8093280710507689e-6,3.304665888545783e-7,-3.181890165017169e-7,3.1829791744628535e-7,3.2135686443270797e-7,3.18297917535012e-7,3.2135686404141675e-7,-3.123744330736652e-7,3.1827825027799634e-7,0.0,0.0,0.0,0.0,0.0,0.0,0.0,0.0,4.660300831865874e-12,9.29402143857916e-10,0.014789870659632227
3,0.15114994701951814,5,4,43,8.45771153582109,0.0018018712583365475,-1.2783826505457252,-0.00027235274523356167,1.809328071022228e-6,0.0,0.0,0.0,0.0,0.0,0.0,0.0,0.0,-3.1237442321685863e-7,3.182782600275102e-7,-3.1829792742847875e-7,-3.2135685449913834e-7,-3.182979275029143e-7,-3.21356854195929e-7,3.3046657893386007e-7,-3.1818902670567393e-7,4.660300831865874e-12,9.29402143857916e-10,0.014789870659632227
3,0.15114994701951814,5,6,44,8.45672968522745,0.0005621049501855985,1.2782342438805152,8.49621334399621e-5,1.7777514941725937e-6,3.2847292219476987e-7,-3.086687234572123e-7,3.088844417174606e-7,3.195241415077751e-7,3.08884441672939e-7,3.195241416762356e-7,-3.106988891985715e-7,3.089723255754204e-7,0.0,0.0,0.0,0.0,0.0,0.0,0.0,0.0,4.660300831865874e-12,9.29402143857916e-10,0.014789870659632227
3,0.15114994701951814,5,4,45,8.456729685233473,0.0005621049417319024,-1.2782342438814258,-8.496213216218639e-5,1.7777514817200445e-6,0.0,0.0,0.0,0.0,0.0,0.0,0.0,0.0,-3.1069889617261125e-7,3.0897231411408964e-7,-3.088844299942161e-7,-3.1952414853906485e-7,-3.0888442997159965e-7,-3.195241486287006e-7,3.2847292920247953e-7,-3.086687114891127e-7,4.660300831865874e-12,9.29402143857916e-10,0.014789870659632227
3,0.15114994701951814,5,6,46,8.453594792699306,-0.00018555762361817038,1.2777604050409745,-2.804702497895414e-5,1.761964470358011e-6,-3.03635800546188e-7,3.1049659040401963e-7,-3.1053157427212935e-7,-3.1238304554897654e-7,-3.1053157435714086e-7,-3.123830455666459e-7,3.21254478203981e-7,-3.104415801714324e-7,0.0,0.0,0.0,0.0,0.0,0.0,0.0,0.0,4.660300831865874e-12,9.29402143857916e-10,0.014789870659632227
3,0.15114994701951814,5,4,47,8.453594792696919,-0.000185557617401683,-1.2777604050406137,2.8047024039332402e-5,1.761964454065946e-6,0.0,0.0,0.0,0.0,0.0,0.0,0.0,0.0,3.2125447681133366e-7,-3.1044157565430967e-7,3.10531569880544e-7,3.1238304423880937e-7,3.1053156988496736e-7,3.123830442026608e-7,-3.0363579926252314e-7,3.104965860559982e-7,4.660300831865874e-12,9.29402143857916e-10,0.014789870659632227
3,0.15114994701951814,5,4,48,8.452179537706728,0.00010812254889525259,-1.2775464893238273,-1.634271753713269e-5,1.7202209917721322e-6,0.0,0.0,0.0,0.0,0.0,0.0,0.0,0.0,1.9072808556702636e-7,-3.9224562630476393e-7,3.8935881326313123e-7,1.825616063854784e-7,3.893588134030128e-7,1.8256160664038909e-7,-1.7455085637395035e-7,3.863989445737831e-7,4.660300831865874e-12,9.29402143857916e-10,0.014789870659632227
3,0.15114994701951814,5,6,49,8.452179537693986,0.00010812255361925677,1.2775464893219013,1.634271825116567e-5,1.7202209865606492e-6,-1.7455085310339732e-7,3.8639894461918103e-7,-3.8935881338591665e-7,-1.8256160311908246e-7,-3.89358813469966e-7,-1.8256160336377196e-7,1.9072808229592117e-7,-3.9224562644920454e-7,0.0,0.0,0.0,0.0,0.0,0.0,0.0,0.0,4.660300831865874e-12,9.29402143857916e-10,0.014789870659632227
3,0.15114994701951814,5,6,50,8.450787907283171,0.000160169636293183,1.2773361444590359,2.4209632039850102e-5,5.726105226887904e-7,-1.191643062511091e-7,-7.562472483890614e-8,7.840337984907245e-8,-1.1976450602912247e-7,7.840337987853534e-8,-1.1976450589071263e-7,1.2033333473603568e-7,8.122993441672191e-8,0.0,0.0,0.0,0.0,0.0,0.0,0.0,0.0,4.660300831865874e-12,9.29402143857916e-10,0.014789870659632227
3,0.15114994701951814,5,4,51,8.45078790726493,0.00016016964910090664,-1.2773361444562787,-2.4209633975736852e-5,5.726105168379214e-7,0.0,0.0,0.0,0.0,0.0,0.0,0.0,0.0,1.2033333647639065e-7,8.12299292370544e-8,-7.840337468373411e-8,1.197645076667676e-7,-7.840337478275606e-8,1.197645074736239e-7,-1.1916430773430657e-7,-7.562471975903707e-8,4.660300831865874e-12,9.29402143857916e-10,0.014789870659632227
3,0.15114994701951814,5,4,52,6.259667302804425,0.015072542134762675,-0.9461483811786989,-0.0022782139451188333,2.766901107783276e-7,0.0,0.0,0.0,0.0,0.0,0.0,0.0,0.0,2.657279258168454e-8,6.280789402845831e-8,-6.40771630591546e-8,2.6047598602800933e-8,-6.40771629355425e-8,2.6047598628458908e-8,-2.54967717002127e-8,-6.535684587959881e-8,4.660300831865874e-12,9.29402143857916e-10,0.014789870659632227
3,0.15114994701951814,5,6,53,6.259667302807126,0.015072542138856414,0.9461483811791072,0.002278213945737602,2.766901061357283e-7,-2.5496770963410688e-8,-6.535684492957932e-8,6.407716211299902e-8,-2.604759783698085e-8,6.407716197266047e-8,-2.6047597925737445e-8,2.657279184937736e-8,6.280789306979261e-8,0.0,0.0,0.0,0.0,0.0,0.0,0.0,0.0,4.660300831865874e-12,9.29402143857916e-10,0.014789870659632227
3,0.15114994701951814,5,4,54,8.454663982370171,0.0020315480216365972,-1.2779220130030797,-0.00030706837583797855,2.0214245853771875e-7,0.0,0.0,0.0,0.0,0.0,0.0,0.0,0.0,-4.643987623812696e-8,-1.8047773291517716e-8,1.8969113911166585e-8,-4.6837653109539774e-8,1.8969113755593903e-8,-4.683765291002886e-8,4.722783838985255e-8,1.990918791885915e-8,4.660300831865874e-12,9.29402143857916e-10,0.014789870659632227
3,0.15114994701951814,5,6,55,8.454663982386784,0.002031548026375624,1.2779220130055906,0.00030706837655428224,2.0214245075781097e-7,4.722783562055048e-8,1.9909189443968905e-8,-1.896911543189063e-8,4.6837650400717735e-8,-1.8969115280755813e-8,4.683765018841925e-8,-4.6439873576024015e-8,-1.8047774811930477e-8,0.0,0.0,0.0,0.0,0.0,0.0,0.0,0.0,4.660300831865874e-12,9.29402143857916e-10,0.014789870659632227
3,0.15114994701951814,5,4,56,8.474473280117477,0.014545038304045022,-1.2809161873080788,-0.002198481769053267,1.7110236769301827e-7,0.0,0.0,0.0,0.0,0.0,0.0,0.0,0.0,2.343286217859475e-8,3.506352038174676e-8,-3.589544465769917e-8,2.3261242107430433e-8,-3.589544463533307e-8,2.326124209320485e-8,-2.3075261983230072e-8,-3.6736670536369566e-8,4.660300831865874e-12,9.29402143857916e-10,0.014789870659632227
3,0.15114994701951814,5,6,57,8.474473280099929,0.014545038311557165,1.2809161873054264,0.002198481770188727,1.7110236669309826e-7,-2.3075261206560985e-8,-3.6736670732994004e-8,3.589544487008329e-8,-2.3261241327230466e-8,3.589544482426916e-8,-2.326124133463613e-8,2.34328614164835e-8,3.506352058643044e-8,0.0,0.0,0.0,0.0,0.0,0.0,0.0,0.0,4.660300831865874e-12,9.29402143857916e-10,0.014789870659632227
3,0.15114994701951814,5,4,58,8.472973509144522,0.015704631178457,-1.2806894970049751,-0.0023737541705848484,3.263898870766253e-8,0.0,0.0,0.0,0.0,0.0,0.0,0.0,0.0,5.185514147026562e-9,6.150510007869616e-9,-6.311860398828948e-9,5.170612687960652e-9,-6.3118604076460695e-9,5.1706126923885655e-9,-5.15318607568588e-9,-6.475278538679611e-9,4.660300831865874e-12,9.29402143857916e-10,0.014789870659632227
3,0.15114994701951814,5,6,59,8.472973509150053,0.015704631182404883,1.2806894970058114,0.0023737541711815707,3.2638988608093114e-8,-5.15318625357146e-9,-6.475278365243458e-9,6.311860225897754e-9,-5.170612862079536e-9,6.311860233196541e-9,-5.170612863759339e-9,5.18551431469956e-9,6.15050983400641e-9,0.0,0.0,0.0,0.0,0.0,0.0,0.0,0.0,4.660300831865874e-12,9.29402143857916e-10,0.014789870659632227
3,0.15114994701951814,5,6,60,8.475966459589692,0.014154828420649856,1.2811418813061948,0.0021395015658515954,2.7671710331833268e-8,6.194509567029534e-9,-3.2944925253589516e-9,3.3342860576403998e-9,6.060979626481716e-9,3.3342860524584255e-9,6.060979596370126e-9,-5.9287828854968454e-9,3.371654926009335e-9,0.0,0.0,0.0,0.0,0.0,0.0,0.0,0.0,4.660300831865874e-12,9.29402143857916e-10,0.014789870659632227
3,0.15114994701951814,5,4,61,8.475966459559046,0.014154828432635345,-1.2811418813015627,-0.0021395015676632014,2.767170751281864e-8,0.0,0.0,0.0,0.0,0.0,0.0,0.0,0.0,-5.9287824374437174e-9,3.3716543166286793e-9,-3.3342854487707367e-9,-6.060979149125608e-9,-3.334285437007743e-9,-6.060979138686558e-9,6.194509079657319e-9,-3.2944919107138266e-9,4.660300831865874e-12,9.29402143857916e-10,0.014789870659632227
3,0.15114994701951814,5,6,62,8.478115200447297,0.014203882359049609,1.2814666633729803,0.0021469160660418166,1.3674624560350888e-8,1.2321868811741579e-11,3.3704622519501472e-9,-3.4182972342812626e-9,-3.5850723548563094e-11,-3.418297261693804e-9,-3.5850616724785816e-11,8.539052490357464e-11,-3.4661176304362497e-9,0.0,0.0,0.0,0.0,0.0,0.0,0.0,0.0,4.660300831865874e-12,9.29402143857916e-10,0.014789870659632227
3,0.15114994701951814,5,4,63,8.47811520044667,0.014203882358525509,-1.2814666633728855,-0.002146916065962599,1.3674622326219609e-8,0.0,0.0,0.0,0.0,0.0,0.0,0.0,0.0,8.539073091610015e-11,-3.4661170668659405e-9,3.41829670201957e-9,3.5850930243952046e-11,3.4182966724719134e-9,3.585081984880769e-11,1.232166483144374e-11,3.3704616940104655e-9,4.660300831865874e-12,9.29402143857916e-10,0.014789870659632227
3,0.15114994701951814,5,6,64,10.585115791909494,0.008320830118571551,1.599939691142585,0.0012576930315805008,8.121030939087037e-11,1.5548926761412695e-11,-1.3498414607494514e-11,1.3524364196027925e-11,1.5140839095578457e-11,1.3524364885343036e-11,1.514083857017242e-11,-1.4738159435570023e-11,1.3544257058635311e-11,0.0,0.0,0.0,0.0,0.0,0.0,0.0,0.0,4.660300831865874e-12,9.29402143857916e-10,0.014789870659632227
3,0.15114994701951814,5,4,65,10.58511579192644,0.00832083009212442,-1.5999396911451462,-0.0012576930275830184,8.12102006222292e-11,0.0,0.0,0.0,0.0,0.0,0.0,0.0,0.0,-1.4738125313358575e-11,1.3544254685062864e-11,-1.3524362339653407e-11,-1.5140804255196875e-11,-1.3524362765044319e-11,-1.514080404668151e-11,1.5548891515738798e-11,-1.3498413017490191e-11,4.660300831865874e-12,9.29402143857916e-10,0.014789870659632227
3,0.15114994701951814,5,6,66,10.592380419520023,0.007513327598080674,1.6010377392210329,0.0011356390683901773,8.016224135056232e-11,-1.6245108385989576e-11,1.1246415221961616e-11,-1.1172415496568668e-11,-1.6636134869241113e-11,-1.1172416733773309e-11,-1.6636137256289815e-11,1.703163142245942e-11,-1.1091761662522828e-11,0.0,0.0,0.0,0.0,0.0,0.0,0.0,0.0,4.660300831865874e-12,9.29402143857916e-10,0.014789870659632227
3,0.15114994701951814,5,4,67,10.592380419513301,0.007513327586694244,-1.6010377392200168,-0.0011356390666691191,8.016218069823538e-11,0.0,0.0,0.0,0.0,0.0,0.0,0.0,0.0,1.7031622478105196e-11,-1.109174786331927e-11,1.1172401377779637e-11,1.663612573177807e-11,1.1172403216811591e-11,1.6636128418802708e-11,-1.62450993626247e-11,1.1246401381288583e-11,4.660300831865874e-12,9.29402143857916e-10,0.014789870659632227
3,0.15114994701951814,5,6,68,10.584602274488788,0.00794787935601574,1.5998620730116515,0.001201321543579301,1.8920978907097588e-11,4.7232132567241975e-12,8.402494028572477e-13,-7.625063007214205e-13,4.66814313421688e-12,-7.625066411109667e-13,4.668143500510706e-12,-4.612768003102256e-12,-6.866307399026213e-13,0.0,0.0,0.0,0.0,0.0,0.0,0.0,0.0,4.660300831865874e-12,9.29402143857916e-10,0.014789870659632227
3,0.15114994701951814,5,4,69,10.584602274482757,0.00794787937954422,-1.59986207301074,-0.0012013215471356298,1.8920895436429116e-11,0.0,0.0,0.0,0.0,0.0,0.0,0.0,0.0,-4.612747694374571e-12,-6.866270403415799e-13,7.625020156249779e-13,-4.668122495975558e-12,7.625028975997594e-13,-4.668123163000394e-12,4.723192592044546e-12,8.402450679869937e-13,4.660300831865874e-12,9.29402143857916e-10,0.014789870659632227
3,0.15114994701951814,5,4,70,10.583997920003759,0.0074492861621152165,-1.5997707248632584,-0.0011259592087369446,4.12415961824634e-12,0.0,0.0,0.0,0.0,0.0,0.0,0.0,0.0,9.405762485188595e-13,-4.568856952541706e-13,4.635412878411127e-13,9.209051894462292e-13,4.635405859965318e-13,9.20905661795622e-13,-9.014199482232771e-13,4.698277769058888e-13,4.660300831865874e-12,9.29402143857916e-10,0.014789870659632227
3,0.15114994701951814,5,6,71,10.583997919999565,0.007449286151833614,1.5997707248626245,0.0011259592071828808,4.124151991831033e-12,-9.01417142480201e-13,4.698290148752423e-13,-4.635423099617167e-13,-9.209023263830754e-13,-4.635421799117115e-13,-9.209029386692116e-13,9.405734699209522e-13,-4.568870738077108e-13,0.0,0.0,0.0,0.0,0.0,0.0,0.0,0.0,4.660300831865874e-12,9.29402143857916e-10,0.014789870659632227
3,0.15114994701951814,5,4,72,8.378235769454756,0.008136674980993212,-1.2663698926701181,-0.0012298579922921627,1.306925286899342e-13,0.0,0.0,0.0,0.0,0.0,0.0,0.0,0.0,9.132673233689119e-15,3.089102088751722e-14,-3.1458788829473954e-14,8.818706957197534e-15,-3.145884535300435e-14,8.818715079982345e-15,-8.492164972834409e-15,-3.203013846956288e-14,4.660300831865874e-12,9.29402143857916e-10,0.014789870659632227
3,0.15114994701951814,5,6,73,8.378235769454713,0.008136674980136704,1.2663698926701117,0.0012298579921627018,1.306921404169731e-13,-8.492275265375337e-15,-3.203000979580945e-14,3.145865177687703e-14,-8.818812573658844e-15,3.1458718851432844e-14,-8.81883031196625e-15,9.132783647966929e-15,3.0890886048398106e-14,0.0,0.0,0.0,0.0,0.0,0.0,0.0,0.0,4.660300831865874e-12,9.29402143857916e-10,0.014789870659632227
3,0.15114994701951814,5,6,74,4.3098981281573945,0.016486288339157405,0.6514408737305106,0.0024919016090121414,6.627390505920124e-17,1.681560035116114e-17,-1.4872052833925297e-19,3.624263527572998e-19,1.6566379112396767e-17,4.095937746863645e-19,1.6559705874036056e-17,-1.6310898833950515e-17,6.16177468989608e-19,0.0,0.0,0.0,0.0,0.0,0.0,0.0,0.0,4.660300831865874e-12,9.29402143857916e-10,0.014789870659632227
3,0.15114994701951814,5,4,75,4.309898128174583,0.016486288328287718,-0.6514408737331087,-0.002491901607369189,2.314962966933366e-17,0.0,0.0,0.0,0.0,0.0,0.0,0.0,0.0,2.3596945247336723e-18,5.205456316622945e-18,-5.291402151035935e-18,2.3147383459369838e-18,-5.319007696571698e-18,2.3096655295781216e-18,-2.2626681095021e-18,-5.405470959162523e-18,4.660300831865874e-12,9.29402143857916e-10,0.014789870659632227
3,0.15114994701951814,5,6,76,6.424957047614477,0.008715720842415568,0.9711319173496079,0.001317380743568023,2.1020859527064002e-18,1.5843712796253498e-19,-5.089274179947685e-19,5.039266611463542e-19,1.491659786521568e-19,5.038964902630853e-19,1.4894836993228983e-19,-1.39880799527236e-19,4.988356879386236e-19,0.0,0.0,0.0,0.0,0.0,0.0,0.0,0.0,4.660300831865874e-12,9.29402143857916e-10,0.014789870659632227
3,0.15114994701951814,5,6,77,2.094396529806775,0.016639057284417356,0.3165679245181567,0.002514992626994411,1.2219661806732123e-18,-3.718447436811561e-20,3.0775678031824397e-19,-3.040183825210179e-19,-3.561570697990551e-20,-3.0342077089029165e-19,-2.9519044657712555e-20,2.806221668085085e-20,-2.9970949470550035e-19,0.0,0.0,0.0,0.0,0.0,0.0,0.0,0.0,4.660300831865874e-12,9.29402143857916e-10,0.014789870659632227
3,0.15114994701951814,5,4,78,2.094396529806266,0.016639057284191048,-0.3165679245180798,-0.0025149926269602044,1.0893811941836543e-18,0.0,0.0,0.0,0.0,0.0,0.0,0.0,0.0,3.4900756006818435e-20,-2.6530554429303573e-19,2.6983521912462833e-19,4.2619429361270657e-20,2.6899589180247965e-19,3.656601776598279e-20,-4.4416295453531384e-20,2.7355743763550974e-19,4.660300831865874e-12,9.29402143857916e-10,0.014789870659632227
3,0.15114994701951814,5,4,79,6.424957047630433,0.008715720833826187,-0.9711319173520196,-0.0013173807422697387,6.058606802325398e-19,0.0,0.0,0.0,0.0,0.0,0.0,0.0,0.0,1.4769006166214573e-19,2.2203516502723044e-20,-2.460497389665619e-20,1.4940442992747007e-19,-2.4677893235301318e-20,1.4947510585690863e-19,-1.5117888209172987e-19,-2.7138690308236846e-20,4.660300831865874e-12,9.29402143857916e-10,0.014789870659632227
4,0.08726646259971647,6,5,0,0.3204228821581342,0.008368065289783934,-0.027962171461946177,-0.0007302514566429152,44.589742154018275,0.0,0.0,0.0,0.0,0.0,0.0,0.0,0.0,-7.855817996705242,7.685970137768465,-7.681963686304075,-8.077148585206874,-7.681963686266752,-8.077148585722515,8.301551313403992,-7.674725760939658,9.038155743997826e-12,4.834070807979523e-10,0.014180621457109454
4,0.08726646259971647,6,7,1,0.3204228821587569,0.008368065288616076,0.02796217146200052,0.0007302514565410004,44.589742140399466,8.301551310229918,-7.674725759338496,7.681963684814505,8.077148582161097,7.681963684551413,8.077148582418852,-7.8558179935305805,7.685970136163495,0.0,0.0,0.0,0.0,0.0,0.0,0.0,0.0,9.038155743997826e-12,4.834070807979523e-10,0.014180621457109454
4,0.08726646259971647,6,5,2,0.3041143863284923,-0.00793650998798019,-0.0265389867205711,0.0006925911520383496,42.3380105114061,0.0,0.0,0.0,0.0,0.0,0.0,0.0,0.0,7.494578743314961,-7.685386442894592,7.6812209930819915,7.281437995460708,7.681220993073393,7.281437995982534,-7.0713691538878996,7.674142353680629,9.038155743997826e-12,4.834070807979523e-10,0.014180621457109454
4,0.08726646259971647,6,7,3,0.3041143863278992,-0.007936509989403621,0.026538986720519346,-0.0006925911521625673,42.338010498165616,-7.071369150660722,7.674142352176311,-7.68122099169347,-7.281437992365485,-7.681220991458001,-7.281437992623583,7.494578740088626,-7.685386441393742,0.0,0.0,0.0,0.0,0.0,0.0,0.0,0.0,9.038155743997826e-12,4.834070807979523e-10,0.014180621457109454
4,0.08726646259971647,6,5,4,3.866508969243656,0.0006778586191443399,-0.3374165603559698,-5.915432383545499e-5,3.5810561340593647,0.0,0.0,0.0,0.0,0.0,0.0,0.0,0.0,-0.6206163241308733,0.6276183767786928,-0.6275906043757807,-0.6383945413740996,-0.6275906050397803,-0.6383945419917599,0.6564237443996148,-0.6273074246314814,9.038155743997826e-12,4.834070807979523e-10,0.014180621457109454
4,0.08726646259971647,6,7,5,3.8665089692447947,0.000677858624586138,0.33741656035606915,5.915432431034146e-5,3.581056094073904,0.6564237414246735,-0.6273074133987302,0.6275905932420881,0.638394538743653,0.6275905937088302,0.6383945386678387,-0.6206163211559442,0.6276183655456151,0.0,0.0,0.0,0.0,0.0,0.0,0.0,0.0,9.038155743997826e-12,4.834070807979523e-10,0.014180621457109454
4,0.08726646259971647,6,5,6,3.865161475477498,-0.000666229885640645,-0.337298969341622,5.8139525398072725e-5,3.5196283374135042,0.0,0.0,0.0,0.0,0.0,0.0,0.0,0.0,0.6344000920759555,-0.6276167987064013,0.6275885004260265,0.6166779906834723,0.6275885010910078,0.6166779913129455,-0.5992068759808487,0.6273134814253287,9.038155743997826e-12,4.834070807979523e-10,0.014180621457109454
4,0.08726646259971647,6,7,7,3.865161475474732,-0.0006662298839731698,0.33729896934138065,-5.813952525255807e-5,3.5196282965787304,-0.5992068729652549,0.627313470076162,-0.6275884891769726,-0.6166779880129973,-0.6275884896431327,-0.6166779879477039,0.6344000890603751,-0.6276167873574345,0.0,0.0,0.0,0.0,0.0,0.0,0.0,0.0,9.038155743997826e-12,4.834070807979523e-10,0.014180621457109454
4,0.08726646259971647,6,5,8,7.454306798902861,0.0004708686296108714,-0.6505109854732688,-4.1091039655316855e-5,2.526581671417588,0.0,0.0,0.0,0.0,0.0,0.0,0.0,0.0,-0.4362540955526926,0.4444027332784432,-0.44442883663642,-0.4487973415370148,-0.44442883620041823,-0.448797343481804,0.46151832507212825,-0.4442753851343917,9.038155743997826e-12,4.834070807979523e-10,0.014180621457109454
4,0.08726646259971647,6,7,9,7.4543067988691085,0.00047086861755822433,0.6505109854703233,4.109103860352498e-5,2.526581578416772,0.46151838926384575,-0.4442752872836435,0.4444287384027643,0.4487974075144309,0.4444287387070826,0.4487974058483918,-0.436254159744126,0.44440263542786246,0.0,0.0,0.0,0.0,0.0,0.0,0.0,0.0,9.038155743997826e-12,4.834070807979523e-10,0.014180621457109454
4,0.08726646259971647,6,5,10,7.453353090783052,-0.00046519117737991306,-0.6504277587393004,4.059558848254226e-5,2.5013063873934542,0.0,0.0,0.0,0.0,0.0,0.0,0.0,0.0,0.4524547399582542,-0.4444039695563196,0.4444292179138815,0.4398601229883895,0.44442921747318165,0.43986012493771554,-0.42744324444135273,0.4442784862939791,9.038155743997826e-12,4.834070807979523e-10,0.014180621457109454
4,0.08726646259971647,6,7,11,7.453353090759805,-0.0004651911489262292,0.6504277587372717,-4.059558599948992e-5,2.501306289777206,-0.42744330865763824,0.44427838841663425,-0.44442911965206283,-0.4398601889909887,-0.4444291199547626,-0.43986018732845267,0.4524548041744618,-0.4444038716791084,0.0,0.0,0.0,0.0,0.0,0.0,0.0,0.0,9.038155743997826e-12,4.834070807979523e-10,0.014180621457109454
4,0.08726646259971647,6,5,12,0.9522497976834849,0.0066917460038934395,-0.08309947135513342,-0.000583965002375569,0.5014068826148602,0.0,0.0,0.0,0.0,0.0,0.0,0.0,0.0,-0.0897836813298372,0.08492495159507807,-0.08483790803576162,-0.0922714055267207,-0.08483790803779727,-0.09227140553817682,0.0947930575152314,-0.0847139491306917,9.038155743997826e-12,4.834070807979523e-10,0.014180621457109454
4,0.08726646259971647,6,7,13,0.9522497976837347,0.006691746001472591,0.08309947135515522,0.0005839650021643102,0.5014068824844493,0.09479305749204142,-0.08471394910767259,0.08483790801476125,0.09227140550695259,0.0848379080128525,0.09227140551160692,-0.0897836813066965,0.08492495157214228,0.0,0.0,0.0,0.0,0.0,0.0,0.0,0.0,9.038155743997826e-12,4.834070807979523e-10,0.014180621457109454
4,0.08726646259971647,6,5,14,0.9399300894067973,-0.005628350288445558,-0.08202437399356644,0.0004911662199447377,0.4580808005346153,0.0,0.0,0.0,0.0,0.0,0.0,0.0,0.0,0.07927191701807265,-0.08488639043818462,0.08479148024823095,0.07696733022779291,0.08479148025160643,0.07696733023734999,-0.07469665388045503,0.08466577634745134,9.038155743997826e-12,4.834070807979523e-10,0.014180621457109454
4,0.08726646259971647,6,7,15,0.9399300894078504,-0.005628350289107046,0.08202437399365833,-0.0004911662200024634,0.45808080043376054,-0.0746966538773025,0.0846657763163266,-0.08479148021913913,-0.0769673302270061,-0.08479148021827926,-0.07696733023186535,0.07927191701496437,-0.08488639040688599,0.0,0.0,0.0,0.0,0.0,0.0,0.0,0.0,9.038155743997826e-12,4.834070807979523e-10,0.014180621457109454
4,0.08726646259971647,6,7,16,4.469087976726254,0.01340245087538778,0.3900014987758242,0.001169584478061565,0.0033446249686345823,0.0005554001031463315,-0.0006408368420515439,0.0006395200161044068,0.0005386107224509086,0.0006395200160772064,0.0005386107224239672,-0.0005220771066354793,0.000637987694688449,0.0,0.0,0.0,0.0,0.0,0.0,0.0,0.0,9.038155743997826e-12,4.834070807979523e-10,0.014180621457109454
4,0.08726646259971647,6,5,17,4.4690879767210765,0.013402450878150923,-0.3900014987753724,-0.0011695844783026947,0.003344624968177155,0.0,0.0,0.0,0.0,0.0,0.0,0.0,0.0,-0.0005220771064927084,0.0006379876946556168,-0.0006395200160733862,-0.0005386107223168557,-0.000639520016051923,-0.0005386107222697779,0.0005554001030009686,-0.0006408368420281851,9.038155743997826e-12,4.834070807979523e-10,0.014180621457109454
4,0.08726646259971647,6,7,18,4.532848152130081,0.0009031021647613307,0.3955656237380537,7.881053128486765e-5,0.0030646674702788953,0.0005632599671243969,-0.0005352833974902855,0.00053556870148566,0.000547831310034898,0.0005355687031795451,0.0005478313133647724,-0.000532616839939882,0.0005356348318258973,0.0,0.0,0.0,0.0,0.0,0.0,0.0,0.0,9.038155743997826e-12,4.834070807979523e-10,0.014180621457109454
4,0.08726646259971647,6,5,19,4.532848152128663,0.0009031021699974634,-0.3955656237379299,-7.881053174180643e-5,0.0030646674522170183,0.0,0.0,0.0,0.0,0.0,0.0,0.0,0.0,-0.0005326168442575182,0.0005356348209542095,-0.0005355686909416836,-0.0005478313137142844,-0.0005355686919791698,-0.0005478313183098604,0.0005632599714355039,-0.000535283386619451,9.038155743997826e-12,4.834070807979523e-10,0.014180621457109454
4,0.08726646259971647,6,7,20,4.531732134612472,-0.0001485648743591965,0.3954682328370926,-1.2964731051898398e-5,0.0029832480545366902,-0.0005046532898131039,0.0005347854936876658,-0.0005351084700952578,-0.0005194601728259918,-0.0005351084717391683,-0.0005194601763586689,0.0005344810612137988,-0.0005352236212887528,0.0,0.0,0.0,0.0,0.0,0.0,0.0,0.0,9.038155743997826e-12,4.834070807979523e-10,0.014180621457109454
4,0.08726646259971647,6,5,21,4.531732134614448,-0.00014856487274868962,-0.39546823283726507,1.296473091135516e-5,0.002983248035810221,0.0,0.0,0.0,0.0,0.0,0.0,0.0,0.0,0.0005344810653150973,-0.0005352236107893072,0.000535108459876955,0.0005194601763120374,0.0005351084609518274,0.000519460181064808,-0.0005046532939083492,0.0005347854831830932,9.038155743997826e-12,4.834070807979523e-10,0.014180621457109454
4,0.08726646259971647,6,7,22,4.451348549926518,-0.0012853179859167747,0.38845344175046465,-0.00011216515394674913,0.0022401197002257876,-0.0001855572942957599,0.0005200246415078078,-0.0005247160949423458,-0.00019564043640147284,-0.0005247160948961782,-0.00019564043661021214,0.00020593344949533873,-0.000529329250180038,0.0,0.0,0.0,0.0,0.0,0.0,0.0,0.0,9.038155743997826e-12,4.834070807979523e-10,0.014180621457109454
4,0.08726646259971647,6,5,23,4.451348549930142,-0.001285317988639843,-0.3884534417507809,0.00011216515418438166,0.0022401196967461938,0.0,0.0,0.0,0.0,0.0,0.0,0.0,0.0,0.0002059334508543396,-0.0005293292487356944,0.0005247160934809958,0.00019564043779222437,0.0005247160934817985,0.00019564043795137738,-0.00018555729566886047,0.0005200246400769765,9.038155743997826e-12,4.834070807979523e-10,0.014180621457109454
4,0.08726646259971647,6,7,24,4.4396354289183915,-0.012129338539100021,0.38743127911408304,-0.0010584844679816716,0.0018585256740051245,-0.00043098431077465995,0.00015522197516369657,-0.00015123466031928383,-0.0004393049615160261,-0.00015123466032191245,-0.0004393049614827723,0.000447686070940983,-0.00014707161140127239,0.0,0.0,0.0,0.0,0.0,0.0,0.0,0.0,9.038155743997826e-12,4.834070807979523e-10,0.014180621457109454
4,0.08726646259971647,6,5,25,4.439635428910797,-0.012129338540432365,-0.38743127911342023,0.0010584844680979406,0.0018585256723707196,0.0,0.0,0.0,0.0,0.0,0.0,0.0,0.0,0.00044768607036838596,-0.00014707161181972634,0.00015123466072847414,0.00043930496093505327,0.00015123466072789756,0.0004393049609188699,-0.0004309843102025184,0.0001552219755605017,9.038155743997826e-12,4.834070807979523e-10,0.014180621457109454
4,0.08726646259971647,6,7,26,8.125222012359963,0.0007621205519645971,0.7090593828560037,6.650756464449379e-5,0.0009727785860003284,0.00017799815061428153,-0.0001707360107245967,0.00017080384547378741,0.00017310045988609376,0.00017080384570727428,0.00017310046087081968,-0.00016827107784918093,0.00017080242662659962,0.0,0.0,0.0,0.0,0.0,0.0,0.0,0.0,9.038155743997826e-12,4.834070807979523e-10,0.014180621457109454
4,0.08726646259971647,6,5,27,8.125222012391715,0.0007621205554971793,-0.7090593828587747,-6.650756495276974e-5,0.0009727785484777101,0.0,0.0,0.0,0.0,0.0,0.0,0.0,0.0,-0.0001682710765640034,0.00017080241456901124,-0.0001708038331350962,-0.00017310045861425435,-0.0001708038339268804,-0.00017310045958112604,0.00017799814934287844,-0.00017073599866232665,9.038155743997826e-12,4.834070807979523e-10,0.014180621457109454
4,0.08726646259971647,6,5,28,8.056802010480114,0.013693313925506965,-0.7030886113208834,-0.0011949670675464304,0.0009441724509736955,0.0,0.0,0.0,0.0,0.0,0.0,0.0,0.0,-0.00015172803877609966,0.00017645352778158466,-0.00017677215014258265,-0.0001564045639534765,-0.00017677215013924314,-0.00015640456396089037,0.00016115178548309488,-0.00017702819653505117,9.038155743997826e-12,4.834070807979523e-10,0.014180621457109454
4,0.08726646259971647,6,7,29,8.056802010492548,0.013693313913819307,0.7030886113219684,0.0011949670665264897,0.0009441724500140896,0.0001611517855614758,-0.00017702819612230102,0.0001767721497435247,0.00015640456404511082,0.00017677214973336547,0.0001564045640551694,-0.00015172803888309546,0.00017645352738954807,0.0,0.0,0.0,0.0,0.0,0.0,0.0,0.0,9.038155743997826e-12,4.834070807979523e-10,0.014180621457109454
4,0.08726646259971647,6,7,30,8.123751519316134,-1.3927432437164586e-5,0.7089310581297913,-1.2153977618879013e-6,0.0009321227320632164,-0.00015845744753494566,0.00016635796272736078,-0.00016643730624001305,-0.00016308431253772663,-0.00016643730644951983,-0.00016308431362773562,0.00016777774052418776,-0.00016645140294041565,0.0,0.0,0.0,0.0,0.0,0.0,0.0,0.0,9.038155743997826e-12,4.834070807979523e-10,0.014180621457109454
4,0.08726646259971647,6,5,31,8.123751519290977,-1.3927417213196666e-5,-0.7089310581275959,1.2153964333460743e-6,0.0009321226944200277,0.0,0.0,0.0,0.0,0.0,0.0,0.0,0.0,0.0001677777393709813,-0.0001664513908945243,0.00016643729392763542,0.00016308431141608405,0.00016643729467566266,0.00016308431243454064,-0.00015845744637811292,0.00016635795068643288,9.038155743997826e-12,4.834070807979523e-10,0.014180621457109454
4,0.08726646259971647,6,5,32,4.450425337837569,0.0017092586076152619,-0.3883728762972327,-0.0001491609523547007,0.000719524591428145,0.0,0.0,0.0,0.0,0.0,0.0,0.0,0.0,-0.00017312066438501678,3.8483936932199106e-5,-3.654481156866619e-5,-0.00017612060957787406,-3.6544811599941686e-5,-0.0001761206095084693,0.00017913515853652034,-3.453523507153576e-5,9.038155743997826e-12,4.834070807979523e-10,0.014180621457109454
4,0.08726646259971647,6,7,33,4.450425337838665,0.0017092586066102325,0.38837287629732836,0.00014916095226699533,0.0007195245894624064,0.00017913515778988028,-3.45352362645009e-5,3.6544812785060096e-5,0.00017612060880807447,3.654481277072668e-5,0.0001761206087793046,-0.0001731206636322892,3.848393812601496e-5,0.0,0.0,0.0,0.0,0.0,0.0,0.0,0.0,9.038155743997826e-12,4.834070807979523e-10,0.014180621457109454
4,0.08726646259971647,6,5,34,8.03957560867099,-0.0007517610693546228,-0.7015853241716797,6.560352924275806e-5,0.0006063936800205347,0.0,0.0,0.0,0.0,0.0,0.0,0.0,0.0,5.691755571359405e-5,-0.00014282634573352943,0.00014160044638037103,5.412113117748159e-5,0.00014160044642582396,5.412113109052064e-5,-5.1381342405834577e-5,0.00014035288729402908,9.038155743997826e-12,4.834070807979523e-10,0.014180621457109454
4,0.08726646259971647,6,7,35,8.039575608658714,-0.0007517610967612484,0.7015853241706085,-6.560353163443732e-5,0.0006063936696704859,-5.138133281606385e-5,0.0001403528882149863,-0.00014160044726109106,-5.4121121351967726e-5,-0.00014160044737504128,-5.4121121638723595e-5,5.691754602407023e-5,-0.00014282634663985785,0.0,0.0,0.0,0.0,0.0,0.0,0.0,0.0,9.038155743997826e-12,4.834070807979523e-10,0.014180621457109454
4,0.08726646259971647,6,7,36,8.02745946192391,-0.012622169146080539,0.700527990904723,-0.0011014920517137326,0.0005192816441755956,-0.0001200642236504087,4.434315938084834e-5,-4.324793848171389e-5,-0.00012239799829668775,-4.3247938468292973e-5,-0.00012239799829262657,0.00012474906232189003,-4.2103754911954224e-5,0.0,0.0,0.0,0.0,0.0,0.0,0.0,0.0,9.038155743997826e-12,4.834070807979523e-10,0.014180621457109454
4,0.08726646259971647,6,5,37,8.027459461785833,-0.012622169059592084,-0.7005279908926735,0.001101492044166191,0.0005192816410048584,0.0,0.0,0.0,0.0,0.0,0.0,0.0,0.0,0.00012474906157272064,-4.210375463380458e-5,4.324793818568397e-5,0.000122397997555747,4.324793819396712e-5,0.0001223979975536795,-0.00012006422291973915,4.4343159088804344e-5,9.038155743997826e-12,4.834070807979523e-10,0.014180621457109454
4,0.08726646259971647,6,5,38,8.038953703324639,0.0012842969787480625,-0.7015310526920319,-0.00011207605426284666,0.0002173131183329891,0.0,0.0,0.0,0.0,0.0,0.0,0.0,0.0,-5.279255881298548e-5,9.050656555284594e-6,-8.421362666080988e-6,-5.366886928769308e-5,-8.421362728836184e-6,-5.366886914473753e-5,5.454854387544712e-5,-7.770600620252339e-6,9.038155743997826e-12,4.834070807979523e-10,0.014180621457109454
4,0.08726646259971647,6,7,39,8.038953703267847,0.0012842969990118237,0.7015310526870758,0.00011207605603119341,0.00021731308978284716,5.454853639124838e-5,-7.770602239145892e-6,8.421364278355015e-6,5.3668861625241e-5,8.421364374253473e-6,5.366886184617457e-5,-5.279255133519e-5,9.050658190943596e-6,0.0,0.0,0.0,0.0,0.0,0.0,0.0,0.0,9.038155743997826e-12,4.834070807979523e-10,0.014180621457109454
4,0.08726646259971647,6,5,40,8.030304269728923,-0.007780195924527862,-0.7007762472186425,0.0006789501766662772,0.00015743944180631497,0.0,0.0,0.0,0.0,0.0,0.0,0.0,0.0,2.363721629524018e-5,-3.216770201983978e-5,3.204245238432316e-5,2.2854430082759854e-5,3.204245238515672e-5,2.285443010573041e-5,-2.2084459045393776e-5,3.1908058414675874e-5,9.038155743997826e-12,4.834070807979523e-10,0.014180621457109454
4,0.08726646259971647,6,7,41,8.03030426972324,-0.00778019592978249,0.7007762472181467,-0.00067895017712483,0.00015743943901196255,-2.208445818021075e-5,3.190805816917559e-5,-3.2042452153658925e-5,-2.285442921401192e-5,-3.204245214977598e-5,-2.2854429221775508e-5,2.3637215407857056e-5,-3.216770179961597e-5,0.0,0.0,0.0,0.0,0.0,0.0,0.0,0.0,9.038155743997826e-12,4.834070807979523e-10,0.014180621457109454
4,0.08726646259971647,6,7,42,8.054061966027815,0.006627901877020812,0.7028494973341652,0.0005783935512656273,0.00012758691499636818,4.955407863870464e-6,-3.196756816089413e-5,3.158464452060158e-5,4.439574165602147e-6,3.158464450318041e-5,4.439574152809932e-6,-3.936373956381384e-6,3.119994250629687e-5,0.0,0.0,0.0,0.0,0.0,0.0,0.0,0.0,9.038155743997826e-12,4.834070807979523e-10,0.014180621457109454
4,0.08726646259971647,6,5,43,8.054061966029002,0.006627901874622467,-0.7028494973342688,-0.0005783935510563321,0.00012758691499262405,0.0,0.0,0.0,0.0,0.0,0.0,0.0,0.0,-3.936373851981483e-6,3.119994252156321e-5,-3.158464453276436e-5,-4.439574060620064e-6,-3.15846445192269e-5,-4.439574043959965e-6,4.95540775432703e-6,-3.1967568173834133e-5,9.038155743997826e-12,4.834070807979523e-10,0.014180621457109454
4,0.08726646259971647,6,7,44,8.056692774187264,0.00630488175521423,0.7030790786560188,0.0005502047278870373,0.00010322600173372211,-1.6461599425618236e-5,1.939987822841835e-5,-1.943806259858152e-5,-1.697264282525191e-5,-1.943806256942585e-5,-1.697264285871265e-5,1.749146012494963e-5,-1.9469456327357614e-5,0.0,0.0,0.0,0.0,0.0,0.0,0.0,0.0,9.038155743997826e-12,4.834070807979523e-10,0.014180621457109454
4,0.08726646259971647,6,5,45,8.056692774191015,0.006304881758218424,-0.7030790786563462,-0.0005502047281492027,0.00010322600148201037,0.0,0.0,0.0,0.0,0.0,0.0,0.0,0.0,1.7491459994795464e-5,-1.946945635866726e-5,1.9438062628712315e-5,1.69726427047625e-5,1.943806260005851e-5,1.6972642718267716e-5,-1.6461599294861157e-5,1.9399878257838174e-5,9.038155743997826e-12,4.834070807979523e-10,0.014180621457109454
4,0.08726646259971647,6,7,46,8.04610575108842,0.0082457114057186,0.7021551866007213,0.0007195740659951978,7.8616487118384e-5,1.835981078493716e-5,-7.761632755559123e-6,7.907896760160527e-6,1.7991971877858516e-5,7.907896763880285e-6,1.7991971873210396e-5,-1.7627294685260998e-5,8.046963347465292e-6,0.0,0.0,0.0,0.0,0.0,0.0,0.0,0.0,9.038155743997826e-12,4.834070807979523e-10,0.014180621457109454
4,0.08726646259971647,6,5,47,8.046105751089497,0.008245711404900526,-0.7021551866008152,-0.0007195740659238073,7.86164869099221e-5,0.0,0.0,0.0,0.0,0.0,0.0,0.0,0.0,-1.762729466398472e-5,8.04696326452651e-6,-7.907896675038877e-6,-1.79919718598161e-5,-7.907896683659895e-6,-1.799197185003823e-5,1.835981076505898e-5,-7.761632673135133e-6,9.038155743997826e-12,4.834070807979523e-10,0.014180621457109454
4,0.08726646259971647,6,5,48,8.040462308506452,-0.004867512207998267,-0.7016627033297083,0.0004247705720529441,5.6805231355331684e-5,0.0,0.0,0.0,0.0,0.0,0.0,0.0,0.0,-1.1922475503559256e-5,7.340858798126151e-6,-7.273639295612376e-6,-1.2196358154771355e-5,-7.273639312270568e-6,-1.219635817052868e-5,1.2473149301808623e-5,-7.201540684687684e-6,9.038155743997826e-12,4.834070807979523e-10,0.014180621457109454
4,0.08726646259971647,6,7,49,8.040462308509497,-0.004867512212563159,0.7016627033299739,-0.00042477057245130607,5.680523113122252e-5,1.2473149098574288e-5,-7.20154091462587e-6,7.2736395242588405e-6,1.2196357957728222e-5,7.273639544266573e-6,1.219635796246154e-5,-1.192247530156387e-5,7.3408590287571334e-6,0.0,0.0,0.0,0.0,0.0,0.0,0.0,0.0,9.038155743997826e-12,4.834070807979523e-10,0.014180621457109454
4,0.08726646259971647,6,7,50,11.632973828484786,-0.007155252555812566,1.015168475526948,-0.000624413579553343,2.2795755854050235e-5,-4.524332261078893e-6,3.3315906825485668e-6,-3.3138011061398315e-6,-4.6360953904942e-6,-3.313801104619193e-6,-4.636095393576809e-6,4.749183672482446e-6,-3.294156825041823e-6,0.0,0.0,0.0,0.0,0.0,0.0,0.0,0.0,9.038155743997826e-12,4.834070807979523e-10,0.014180621457109454
4,0.08726646259971647,6,5,51,11.632973828426643,-0.007155252419805653,-1.0151684755218742,0.0006244135676845008,2.2795755644145774e-5,0.0,0.0,0.0,0.0,0.0,0.0,0.0,0.0,4.749183615389066e-6,-3.2941568154364645e-6,3.3138010959051138e-6,4.636095333808608e-6,3.313801093484447e-6,4.6360953365224884e-6,-4.524332204460245e-6,3.331590670798755e-6,9.038155743997826e-12,4.834070807979523e-10,0.014180621457109454
4,0.08726646259971647,6,7,52,8.034538052542079,-0.0070959767132939,0.7011457144681621,-0.0006192407864591212,1.979818631137995e-5,-2.127270814190384e-6,-4.3917199899621145e-6,4.484332911329658e-6,-2.0943544069397862e-6,4.484332915964516e-6,-2.094354413647881e-6,2.0596441057852753e-6,4.577783220312057e-6,0.0,0.0,0.0,0.0,0.0,0.0,0.0,0.0,9.038155743997826e-12,4.834070807979523e-10,0.014180621457109454
4,0.08726646259971647,6,5,53,8.034538052547703,-0.007095976718640778,-0.7011457144686529,0.0006192407869257243,1.979818582760697e-5,0.0,0.0,0.0,0.0,0.0,0.0,0.0,0.0,2.0596439683099344e-6,4.57778314859263e-6,-4.484332840968369e-6,2.094354271047983e-6,-4.484332847348959e-6,2.0943542754937678e-6,-2.127270677641708e-6,-4.391719922683594e-6,9.038155743997826e-12,4.834070807979523e-10,0.014180621457109454
4,0.08726646259971647,6,5,54,11.64407005767833,-0.006464551293403807,-1.0161368041968646,0.0005641385236697721,8.706310581471942e-6,0.0,0.0,0.0,0.0,0.0,0.0,0.0,0.0,2.0559835944579965e-6,-8.036370080653571e-7,8.209427002688175e-7,2.015705753527736e-6,8.209427007812356e-7,2.015705754273637e-6,-1.975756129174858e-6,8.374420449980053e-7,9.038155743997826e-12,4.834070807979523e-10,0.014180621457109454
4,0.08726646259971647,6,7,55,11.644070057696624,-0.0064645512599078355,1.0161368041984609,-0.0005641385207466971,8.706310523525905e-6,-1.9757561266422823e-6,8.374420150302774e-7,-8.20942670030745e-7,-2.0157057505146017e-6,-8.209426693638085e-7,-2.015705751119123e-6,2.0559835907948043e-6,-8.036369763678768e-7,0.0,0.0,0.0,0.0,0.0,0.0,0.0,0.0,9.038155743997826e-12,4.834070807979523e-10,0.014180621457109454
4,0.08726646259971647,6,5,56,11.637758726674937,-0.003956344909100485,-1.0155860366659024,0.0003452562250415961,7.569547107989165e-6,0.0,0.0,0.0,0.0,0.0,0.0,0.0,0.0,-1.7646567380689953e-6,-6.057259463205907e-7,6.396035833977624e-7,-1.7809202522930524e-6,6.396035816091132e-7,-1.7809202487990722e-6,1.7969277791960021e-6,6.741935355558032e-7,9.038155743997826e-12,4.834070807979523e-10,0.014180621457109454
4,0.08726646259971647,6,7,57,11.63775872662721,-0.003956344903324811,1.0155860366617375,-0.00034525622453757354,7.569546913372245e-6,1.7969277413683857e-6,6.741934960236603e-7,-6.39603544036462e-7,1.7809202144887804e-6,-6.396035426518735e-7,1.780920211341635e-6,-1.7646567006243557e-6,-6.057259075332957e-7,0.0,0.0,0.0,0.0,0.0,0.0,0.0,0.0,9.038155743997826e-12,4.834070807979523e-10,0.014180621457109454
4,0.08726646259971647,6,7,58,11.599210817376443,-0.0006231359172029147,1.0122220969808082,-5.437886721312817e-5,1.6435687260353868e-6,-2.887753235949567e-7,2.8410697851156694e-7,-2.8398197635687155e-7,-2.9693390243398894e-7,-2.8398197628634695e-7,-2.969339027545847e-7,3.0520605062350506e-7,-2.8373817785089375e-7,0.0,0.0,0.0,0.0,0.0,0.0,0.0,0.0,9.038155743997826e-12,4.834070807979523e-10,0.014180621457109454
4,0.08726646259971647,6,5,59,11.59921081737533,-0.0006231359187881588,-1.012222096980711,5.437886735146682e-5,1.6435687184552883e-6,0.0,0.0,0.0,0.0,0.0,0.0,0.0,0.0,3.0520604856565504e-7,-2.8373817727663527e-7,2.83981975742694e-7,2.969339002810766e-7,2.8398197571804777e-7,2.969339007938512e-7,-2.887753215398432e-7,2.841069779030492e-7,9.038155743997826e-12,4.834070807979523e-10,0.014180621457109454
4,0.08726646259971647,6,7,60,11.601961030754925,0.0006409762294178611,1.0124620983737427,5.593572815180107e-5,9.811638456083522e-7,1.6894647044571167e-7,-1.8260478062886715e-7,1.8237857181772473e-7,1.6401127030820858e-7,1.8237857225620817e-7,1.6401127035169168e-7,-1.5914900852169563e-7,1.8208674435119154e-7,0.0,0.0,0.0,0.0,0.0,0.0,0.0,0.0,9.038155743997826e-12,4.834070807979523e-10,0.014180621457109454
4,0.08726646259971647,6,5,61,11.601961030758224,0.0006409762296211499,-1.0124620983740305,-5.593572816954136e-5,9.811638360840861e-7,0.0,0.0,0.0,0.0,0.0,0.0,0.0,0.0,-1.5914900744895408e-7,1.8208674211306916e-7,-1.823785695700182e-7,-1.6401126924808774e-7,-1.8237857003977592e-7,-1.6401126925354327e-7,1.689464693610785e-7,-1.8260477840275715e-7,9.038155743997826e-12,4.834070807979523e-10,0.014180621457109454
4,0.08726646259971647,6,5,62,11.630170317812839,-0.007177144157753602,-1.0149238230677469,0.0006263239822153783,7.842254995749444e-7,0.0,0.0,0.0,0.0,0.0,0.0,0.0,0.0,1.7651935826498102e-7,9.152970480607979e-8,-8.777403859472912e-8,1.7529967859434537e-7,-8.777403895891118e-8,1.752996785512936e-7,-1.7404487525062582e-7,-8.408848559401011e-8,9.038155743997826e-12,4.834070807979523e-10,0.014180621457109454
4,0.08726646259971647,6,7,63,11.630170317847124,-0.00717714407842178,1.0149238230707387,-0.0006263239752923709,7.842254015709983e-7,-1.7404484902005692e-7,-8.408848480187226e-8,8.777403703359688e-8,-1.7529965179690542e-7,8.777403815030038e-8,-1.7529965173968586e-7,1.7651933088106377e-7,9.152970321153815e-8,0.0,0.0,0.0,0.0,0.0,0.0,0.0,0.0,9.038155743997826e-12,4.834070807979523e-10,0.014180621457109454
4,0.08726646259971647,6,5,64,8.68625148774583,0.004978399209154397,-0.758018440587103,-0.00043444728839213024,7.804735104460172e-7,0.0,0.0,0.0,0.0,0.0,0.0,0.0,0.0,-6.827972075855442e-8,1.7984359459295807e-7,-1.8140715628534792e-7,-7.182491709291982e-8,-1.81407156345953e-7,-7.182491629804109e-8,7.54426697356185e-8,-1.829419735604766e-7,9.038155743997826e-12,4.834070807979523e-10,0.014180621457109454
4,0.08726646259971647,6,7,65,8.68625148774535,0.004978399213159058,0.7580184405870611,0.00043444728874160286,7.804734772195793e-7,7.544266461585023e-8,-1.8294196661707733e-7,1.814071494359032e-7,7.182491215028974e-8,1.8140714936258658e-7,7.18249110492747e-8,-6.827971568825895e-8,1.7984358770147334e-7,0.0,0.0,0.0,0.0,0.0,0.0,0.0,0.0,9.038155743997826e-12,4.834070807979523e-10,0.014180621457109454
4,0.08726646259971647,6,7,66,8.676422196213263,0.00682967403907557,0.7571606730851946,0.0005960014940992428,5.498440067568654e-7,1.0319133555635384e-7,-9.373986499046458e-8,9.385330464549671e-8,1.0042507213112533e-7,9.385330472660197e-8,1.0042507158231294e-7,-9.769634144188639e-8,9.392656684878581e-8,0.0,0.0,0.0,0.0,0.0,0.0,0.0,0.0,9.038155743997826e-12,4.834070807979523e-10,0.014180621457109454
4,0.08726646259971647,6,5,67,8.676422196213908,0.006829674039082915,-0.7571606730852508,-0.0005960014940998837,5.498440050997363e-7,0.0,0.0,0.0,0.0,0.0,0.0,0.0,0.0,-9.769633941124518e-8,9.392656841449472e-8,-9.385330615440888e-8,-1.00425070138948e-7,-9.385330634589339e-8,-1.0042506951755541e-7,1.0319133352942863e-7,-9.37398665520368e-8,9.038155743997826e-12,4.834070807979523e-10,0.014180621457109454
4,0.08726646259971647,6,7,68,8.687947803887868,0.0049108751122598215,0.7581664720962695,0.00042855469931590015,5.485807361443026e-7,-8.680388210150669e-8,1.036704513594742e-7,-1.0389121172290242e-7,-8.951836210015819e-8,-1.0389121163397982e-7,-8.951836243785546e-8,9.227439175768238e-8,-1.040761563427454e-7,0.0,0.0,0.0,0.0,0.0,0.0,0.0,0.0,9.038155743997826e-12,4.834070807979523e-10,0.014180621457109454
4,0.08726646259971647,6,5,69,8.687947803892122,0.004910875116105086,-0.7581664720966408,-0.0004285546996514628,5.485807282235277e-7,0.0,0.0,0.0,0.0,0.0,0.0,0.0,0.0,9.227438849647459e-8,-1.0407615650497733e-7,1.0389121194324735e-7,8.951835897393026e-8,1.0389121172901187e-7,8.951835913195578e-8,-8.680387892939088e-8,1.0367045151271983e-7,9.038155743997826e-12,4.834070807979523e-10,0.014180621457109454
4,0.08726646259971647,6,5,70,8.675819372312626,-0.0028059354488221035,-0.7571080667758154,0.00024486406090185275,4.638289651046878e-7,0.0,0.0,0.0,0.0,0.0,0.0,0.0,0.0,-1.1416989232902901e-7,5.920889140705445e-9,-4.3669281305476615e-9,-1.1586918235347725e-7,-4.366928342008146e-9,-1.1586918250154868e-7,1.1757021003191901e-7,-2.766619312870494e-9,9.038155743997826e-12,4.834070807979523e-10,0.014180621457109454
4,0.08726646259971647,6,7,71,8.675819372318697,-0.00280593545314063,0.7571080667763452,-0.0002448640612787153,4.638289543642212e-7,1.175702072651467e-7,-2.766621385919774e-9,4.3669301694145895e-9,1.1586917969047584e-7,4.366930425384975e-9,1.1586917963532775e-7,-1.1416988956604823e-7,5.920891189195032e-9,0.0,0.0,0.0,0.0,0.0,0.0,0.0,0.0,9.038155743997826e-12,4.834070807979523e-10,0.014180621457109454
4,0.08726646259971647,6,7,72,8.663810829333045,-0.005753529280421043,0.7560601237090107,-0.0005020901477662366,4.5251691001321567e-7,-7.34055104924553e-8,8.397452940888959e-8,-8.41089796609288e-8,-7.564801453679044e-8,-8.410897950922753e-8,-7.56480149462925e-8,7.79241565307053e-8,-8.421316382617819e-8,0.0,0.0,0.0,0.0,0.0,0.0,0.0,0.0,9.038155743997826e-12,4.834070807979523e-10,0.014180621457109454
4,0.08726646259971647,6,5,73,8.663810829332446,-0.005753529280005278,-0.7560601237089585,0.0005020901477299542,4.525169095332542e-7,0.0,0.0,0.0,0.0,0.0,0.0,0.0,0.0,7.792415626803965e-8,-8.4213163887945e-8,8.410897969244528e-8,7.564801420786541e-8,8.410897958251235e-8,7.564801480008546e-8,-7.340551027951736e-8,8.397452945278502e-8,9.038155743997826e-12,4.834070807979523e-10,0.014180621457109454
4,0.08726646259971647,6,7,74,8.670717001540368,-0.004927571552018178,0.7566628009276483,-0.0004300117385516212,6.537543782214758e-8,-1.6078951262375006e-8,1.055567520836792e-9,-8.398526598407185e-10,-1.6321448466676672e-8,-8.398525968376941e-10,-1.6321448665520988e-8,1.6564280506084403e-8,-6.17609089223833e-10,0.0,0.0,0.0,0.0,0.0,0.0,0.0,0.0,9.038155743997826e-12,4.834070807979523e-10,0.014180621457109454
4,0.08726646259971647,6,5,75,8.670717001544977,-0.004927571560057825,-0.7566628009280505,0.00043001173925321274,6.537543763237731e-8,0.0,0.0,0.0,0.0,0.0,0.0,0.0,0.0,1.6564280412415675e-8,-6.176098724503806e-10,8.39853427043881e-10,1.6321448404679452e-8,8.39853380875207e-10,1.6321448552919317e-8,-1.6078951181168498e-8,1.0555682892024096e-9,9.038155743997826e-12,4.834070807979523e-10,0.014180621457109454
4,0.08726646259971647,6,5,76,5.1238149834956115,0.00014980115528051043,-0.44713720862508666,-1.3072616914680982e-5,2.1660714541340384e-8,0.0,0.0,0.0,0.0,0.0,0.0,0.0,0.0,5.492016691826695e-9,8.853418105685218e-12,6.785374877878682e-11,5.414482906692145e-9,6.785392813863606e-11,5.414482649881164e-9,-5.336975572466265e-9,1.4239529841149434e-10,9.038155743997826e-12,4.834070807979523e-10,0.014180621457109454
4,0.08726646259971647,6,7,77,5.123814983496599,0.00014980115531792494,0.44713720862517287,1.3072616917946015e-5,2.1660711191898694e-8,-5.33697474940233e-9,1.423946632575014e-10,-6.785313201893282e-11,-5.414482093264717e-9,-6.785327864760277e-11,-5.414481804206916e-9,5.492015855916564e-9,8.85404929668852e-12,0.0,0.0,0.0,0.0,0.0,0.0,0.0,0.0,9.038155743997826e-12,4.834070807979523e-10,0.014180621457109454
4,0.08726646259971647,6,7,78,8.712931328161803,0.0002876380682269291,0.7603466958829299,2.5101156723180002e-5,8.773575564434582e-9,-2.1378442737341695e-9,3.255357739434733e-10,-2.994730389879832e-10,-2.172742918918857e-9,-2.994730765456081e-10,-2.172742858422098e-9,2.2077611186442504e-9,-2.725412210518673e-10,0.0,0.0,0.0,0.0,0.0,0.0,0.0,0.0,9.038155743997826e-12,4.834070807979523e-10,0.014180621457109454
4,0.08726646259971647,6,5,79,8.712931328178016,0.0002876380504794971,-0.7603466958843448,-2.5101155174424392e-5,8.773568334006981e-9,0.0,0.0,0.0,0.0,0.0,0.0,0.0,0.0,2.2077593922251773e-9,-2.7254023005686356e-10,2.9947204315220787e-10,2.1727412429034224e-9,2.9947207780804496e-10,2.172741160165123e-9,-2.137842625345661e-9,3.2553477096325323e-10,9.038155743997826e-12,4.834070807979523e-10,0.014180621457109454
5,0.05038331567317271,7,6,0,0.15224619607784717,0.022988373632495437,-0.007670668157029923,-0.0011582304855388577,80.53850783379018,0.0,0.0,0.0,0.0,0.0,0.0,0.0,0.0,-13.82820336225188,14.242177909234337,-14.245206636800187,-14.228027249906374,-14.24520663651493,-14.228027250728479,14.633548082565765,-14.242543013789152,7.150377663256901e-12,9.053636569713209e-10,0.013284472721528709
5,0.05038331567317271,7,8,1,0.15224619607805678,0.022988373628561563,0.007670668157040484,0.001158230485340656,80.53850783357228,14.633548082560376,-14.242543013717562,14.245206636728454,14.228027249901464,14.245206636443188,14.228027250722853,-13.82820336224676,14.242177909162459,0.0,0.0,0.0,0.0,0.0,0.0,0.0,0.0,7.150377663256901e-12,9.053636569713209e-10,0.013284472721528709
5,0.05038331567317271,7,6,2,2.122847833624134,0.0028125135623494613,-0.10695611252759556,-0.00014170375864693243,4.16069265235031,0.0,0.0,0.0,0.0,0.0,0.0,0.0,0.0,-0.7794093506267596,0.6664869645746854,-0.6647310251913762,-0.7999904384804458,-0.6647310251746253,-0.7999904385167051,0.8208373547705688,-0.6626550364498922,7.150377663256901e-12,9.053636569713209e-10,0.013284472721528709
5,0.05038331567317271,7,8,3,2.122847833623972,0.002812513562512775,0.1069561125275874,0.00014170375865516071,4.160692651866625,0.8208373546709039,-0.6626550363806404,0.6647310251252432,0.7999904383775014,0.664731025102062,0.7999904384204471,-0.7794093505272508,0.6664869645052065,0.0,0.0,0.0,0.0,0.0,0.0,0.0,0.0,7.150377663256901e-12,9.053636569713209e-10,0.013284472721528709
5,0.05038331567317271,7,6,4,6.755065026061094,0.0023518596124007286,-0.34034257360084474,-0.00011849448527057152,3.5480510900576525,0.0,0.0,0.0,0.0,0.0,0.0,0.0,0.0,-0.6398197816366586,0.5961590243709102,-0.5954109583304781,-0.6574182745818813,-0.5954109583238504,-0.6574182747181785,0.6752548794442563,-0.5943998773503316,7.150377663256901e-12,9.053636569713209e-10,0.013284472721528709
5,0.05038331567317271,7,8,5,6.755065026076942,0.002351859610189088,0.3403425736016432,0.00011849448515914174,3.548051082282443,0.6752548779842031,-0.5943998760671256,0.5954109570511812,0.6574182731563579,0.5954109570365654,0.6574182732229085,-0.6398197801764446,0.5961590230869585,0.0,0.0,0.0,0.0,0.0,0.0,0.0,0.0,7.150377663256901e-12,9.053636569713209e-10,0.013284472721528709
5,0.05038331567317271,7,6,6,6.743416053533098,-0.0009280937982243422,-0.3397556597406986,4.676044281025089e-5,3.253029086149384,0.0,0.0,0.0,0.0,0.0,0.0,0.0,0.0,0.5871102484581743,-0.5793041072352395,0.5792995318700636,0.5707305127186517,0.5792995318664992,0.5707305128571979,-0.5545824512632082,0.5790666179604841,7.150377663256901e-12,9.053636569713209e-10,0.013284472721528709
5,0.05038331567317271,7,8,7,6.743416053499721,-0.0009280938017091449,0.33975565973901695,-4.6760442985826806e-5,3.2530290783073346,-0.5545824498540581,0.5790666165962646,-0.5792995305099533,-0.5707305113438104,-0.579299530499026,-0.5707305114133564,0.5871102470491936,-0.5793041058713139,0.0,0.0,0.0,0.0,0.0,0.0,0.0,0.0,7.150377663256901e-12,9.053636569713209e-10,0.013284472721528709
5,0.05038331567317271,7,6,8,2.110415603891335,-0.0009163245338267012,-0.10632973557244654,4.616746824686351e-5,3.216670470990682,0.0,0.0,0.0,0.0,0.0,0.0,0.0,0.0,0.5728397894253457,-0.5805378681400671,0.5803168563890204,0.5566446349398801,0.5803168563796045,0.5566446349704903,-0.5406815626867237,0.5798731403578101,7.150377663256901e-12,9.053636569713209e-10,0.013284472721528709
5,0.05038331567317271,7,8,9,2.1104156038904334,-0.0009163245341985322,0.10632973557240112,-4.616746826559759e-5,3.2166704705155786,-0.5406815625964567,0.5798731402796883,-0.5803168563142026,-0.5566446348460019,-0.5803168562983616,-0.5566446348838836,0.5728397893351623,-0.580537868062093,0.0,0.0,0.0,0.0,0.0,0.0,0.0,0.0,7.150377663256901e-12,9.053636569713209e-10,0.013284472721528709
5,0.05038331567317271,7,6,10,12.949778870241154,0.0001400519200456113,-0.652452796717142,-7.056280098291978e-6,2.5773749761276106,0.0,0.0,0.0,0.0,0.0,0.0,0.0,0.0,-0.46401755983839427,0.43387630783268677,-0.4333553211665173,-0.47680238884438714,-0.4333553201720206,-0.47680238878034625,0.48976052175812235,-0.4326435778995229,7.150377663256901e-12,9.053636569713209e-10,0.013284472721528709
5,0.05038331567317271,7,8,11,12.949778870321957,0.0001400519239285608,0.652452796721213,7.05628029392785e-6,2.5773749191283652,0.4897605223601652,-0.4326435560534179,0.4333552985261732,0.47680238948274345,0.43335529911749426,0.47680238933683794,-0.4640175604399787,0.4338762859841877,0.0,0.0,0.0,0.0,0.0,0.0,0.0,0.0,7.150377663256901e-12,9.053636569713209e-10,0.013284472721528709
5,0.05038331567317271,7,6,12,12.94086315385957,-0.0011494022169099248,-0.6520035933642361,5.7910694730017275e-5,2.431910699587975,0.0,0.0,0.0,0.0,0.0,0.0,0.0,0.0,0.440241211265051,-0.431728832444633,0.4317630002893371,0.4279960395130181,0.4317629993010914,0.4279960394535291,-0.4159235386494733,0.4316259342057783,7.150377663256901e-12,9.053636569713209e-10,0.013284472721528709
5,0.05038331567317271,7,8,13,12.940863153908357,-0.001149402099464937,0.6520035933666941,-5.791068881274938e-5,2.431910639476902,-0.4159235393262328,0.4316259123760942,-0.4317629776702802,-0.4279960402271923,-0.431762978260737,-0.427996040083984,0.4402412119416534,-0.43172881061518026,0.0,0.0,0.0,0.0,0.0,0.0,0.0,0.0,7.150377663256901e-12,9.053636569713209e-10,0.013284472721528709
5,0.05038331567317271,7,6,14,2.1698885233562963,0.04325765797384878,-0.10932617844785487,-0.0021794642369785595,0.3581775005875627,0.0,0.0,0.0,0.0,0.0,0.0,0.0,0.0,0.012943491418858446,0.08732862466808694,-0.08874911390119225,0.011873847857370865,-0.08874911390351713,0.011873847852794467,-0.010768703697267026,-0.09017434557563826,7.150377663256901e-12,9.053636569713209e-10,0.013284472721528709
5,0.05038331567317271,7,8,15,2.169888523356744,0.04325765797392747,0.10932617844787743,0.0021794642369825246,0.3581775005732883,-0.010768703696029263,-0.09017434557207675,0.08874911389745839,-0.011873847856205696,0.08874911390035775,-0.011873847851670057,0.012943491417805809,0.08732862466474989,0.0,0.0,0.0,0.0,0.0,0.0,0.0,0.0,7.150377663256901e-12,9.053636569713209e-10,0.013284472721528709
5,0.05038331567317271,7,6,16,6.802181436543748,0.04366297885989358,-0.3427164545835791,-0.0021998856471290846,0.15887954021263376,0.0,0.0,0.0,0.0,0.0,0.0,0.0,0.0,0.016383754478326355,0.03556816096671436,-0.0363061066090846,0.016105221514372572,-0.03630610661185,0.016105221512424314,-0.01581216481800739,-0.03705049143803913,7.150377663256901e-12,9.053636569713209e-10,0.013284472721528709
5,0.05038331567317271,7,8,17,6.802181436567625,0.04366297886175901,0.34271645458478206,0.0021998856472230715,0.15887954003759577,-0.01581216476082426,-0.03705049141522179,0.03630610658686121,-0.016105221457678176,0.03630610658918591,-0.01610522145445176,0.016383754420848527,0.03556816094466053,0.0,0.0,0.0,0.0,0.0,0.0,0.0,0.0,7.150377663256901e-12,9.053636569713209e-10,0.013284472721528709
5,0.05038331567317271,7,6,18,13.022586449265013,0.04606842820700641,-0.6561210839545005,-0.0023210801609204975,0.11112129086891859,0.0,0.0,0.0,0.0,0.0,0.0,0.0,0.0,0.018738269954792847,0.01997568167292982,-0.020526923837207417,0.018716692301667948,-0.020526923844080707,0.018716692297909187,-0.018686902378243716,-0.021085651042778698,7.150377663256901e-12,9.053636569713209e-10,0.013284472721528709
5,0.05038331567317271,7,8,19,13.022586449166294,0.046068428197806335,0.6561210839495267,0.0023210801604569677,0.11112129063990503,-0.01868690226569723,-0.02108565106696448,0.02052692386685329,-0.018716692187959842,0.020526923865156727,-0.0187166921860179,0.018738269841790025,0.01997568169948401,0.0,0.0,0.0,0.0,0.0,0.0,0.0,0.0,7.150377663256901e-12,9.053636569713209e-10,0.013284472721528709
5,0.05038331567317271,7,6,20,4.3636825938857156,0.023003763515538667,-0.21985679762527313,-0.0011590058788743978,0.0008642568069937758,0.0,0.0,0.0,0.0,0.0,0.0,0.0,0.0,-0.00015123709847854203,0.000150015773381098,-0.00014996760876351695,-0.00015552745183687486,-0.00014996760876308628,-0.00015552745184049528,0.00015987777979769292,-0.00014985722116988485,7.150377663256901e-12,9.053636569713209e-10,0.013284472721528709
5,0.05038331567317271,7,8,21,4.363682593884413,0.023003763518862998,0.21985679762520746,0.0011590058790418886,0.0008642568067744957,0.00015987777967818334,-0.00014985722121511563,0.00014996760880945907,0.0001555274517189427,0.00014996760880733564,0.00015552745171917246,-0.0001512370983587865,0.0001500157734260119,0.0,0.0,0.0,0.0,0.0,0.0,0.0,0.0,7.150377663256901e-12,9.053636569713209e-10,0.013284472721528709
5,0.05038331567317271,7,6,22,8.998074185559918,0.022993036843615547,-0.4533528121416918,-0.0011584654335767728,0.0005345073447009615,0.0,0.0,0.0,0.0,0.0,0.0,0.0,0.0,-9.097720319593047e-5,9.528700467536857e-5,-9.532936008423493e-5,-9.3630439724169e-5,-9.532936009388164e-5,-9.363043969108169e-5,9.63218004711171e-5,-9.533425570205777e-5,7.150377663256901e-12,9.053636569713209e-10,0.013284472721528709
5,0.05038331567317271,7,8,23,8.998074185568292,0.02299303684421994,0.4533528121421137,0.001158465433607224,0.0005345073446588929,9.632180049554428e-5,-9.533425566300783e-5,9.532936004934057e-5,9.363043974382161e-5,9.532936005699657e-5,9.363043971448327e-5,-9.097720321456659e-5,9.528700464247867e-5,0.0,0.0,0.0,0.0,0.0,0.0,0.0,0.0,7.150377663256901e-12,9.053636569713209e-10,0.013284472721528709
5,0.05038331567317271,7,6,24,4.384286002924081,0.02091549057854195,-0.2208948656867966,-0.0010537917642779488,0.0005122152842335509,0.0,0.0,0.0,0.0,0.0,0.0,0.0,0.0,8.699972860072645e-5,-9.642366303166053e-5,9.627337374150402e-5,8.442499144719348e-5,9.6273373790335e-5,8.442499146306648e-5,-8.188875690373626e-5,9.608930680332428e-5,7.150377663256901e-12,9.053636569713209e-10,0.013284472721528709
5,0.05038331567317271,7,8,25,4.38428600292748,0.02091549057523053,0.22089486568696784,0.0010537917641111085,0.0005122152824091771,-8.188875642348956e-5,9.608930661795068e-5,-9.627337357661645e-5,-8.442499098908177e-5,-9.627337358432286e-5,-8.442499096062248e-5,8.699972812048675e-5,-9.642366284593726e-5,0.0,0.0,0.0,0.0,0.0,0.0,0.0,0.0,7.150377663256901e-12,9.053636569713209e-10,0.013284472721528709
5,0.05038331567317271,7,8,26,9.017383086127724,0.0209856174042203,0.45432565857430146,0.0010573249862732587,0.0003334209931806227,-5.4770447949052714e-5,6.12688129070923e-5,-6.134951097484338e-5,-5.6423756220586156e-5,-6.134951099821664e-5,-5.6423756230975896e-5,5.810159979266323e-5,-6.14076346569012e-5,0.0,0.0,0.0,0.0,0.0,0.0,0.0,0.0,7.150377663256901e-12,9.053636569713209e-10,0.013284472721528709
5,0.05038331567317271,7,6,27,9.017383086123072,0.020985617405733167,-0.4543256585740671,-0.001057324986349482,0.00033342099296989225,0.0,0.0,0.0,0.0,0.0,0.0,0.0,0.0,5.810159966212931e-5,-6.140763470533635e-5,6.134951102537973e-5,5.6423756059697025e-5,6.13495110433582e-5,5.642375613221602e-5,-5.477044781991581e-5,6.126881295431995e-5,7.150377663256901e-12,9.053636569713209e-10,0.013284472721528709
5,0.05038331567317271,7,6,28,4.386410585183592,0.023055208034677022,-0.22100190918545115,-0.0011615978243218002,0.00025362157848143126,0.0,0.0,0.0,0.0,0.0,0.0,0.0,0.0,-4.0090195522583195e-5,4.796375866340542e-5,-4.806690090265484e-5,-4.134507427693984e-5,-4.8066900934862104e-5,-4.134507432777675e-5,4.261917653446343e-5,-4.81535012998575e-5,7.150377663256901e-12,9.053636569713209e-10,0.013284472721528709
5,0.05038331567317271,7,8,29,4.3864105851843185,0.023055208029612837,0.22100190918548776,0.0011615978240666499,0.0002536215765912616,4.2619176092166815e-5,-4.815350105747248e-5,4.806690067886116e-5,4.1345073859136924e-5,4.80669006724145e-5,4.134507386156933e-5,-4.009019508097977e-5,4.7963758419405004e-5,0.0,0.0,0.0,0.0,0.0,0.0,0.0,0.0,7.150377663256901e-12,9.053636569713209e-10,0.013284472721528709
5,0.05038331567317271,7,8,30,9.01950149150081,0.02299398202979043,0.4544323908609374,0.0011585130551901917,0.00016345053506278107,2.6973412306693362e-5,-3.1462932720034954e-5,3.1394169308159856e-5,2.6153279570109557e-5,3.139416931854478e-5,2.6153279615762783e-5,-2.5345702454926555e-5,3.1314942084253055e-5,0.0,0.0,0.0,0.0,0.0,0.0,0.0,0.0,7.150377663256901e-12,9.053636569713209e-10,0.013284472721528709
5,0.05038331567317271,7,6,31,9.019501491503513,0.022993982035074054,-0.4544323908610736,-0.0011585130554563983,0.00016345053417359358,0.0,0.0,0.0,0.0,0.0,0.0,0.0,0.0,-2.534570205701221e-5,3.131494212735788e-5,-3.139416935520391e-5,-2.6153279137629076e-5,-3.139416936060525e-5,-2.615327924675823e-5,2.697341190306442e-5,-3.1462932765995564e-5,7.150377663256901e-12,9.053636569713209e-10,0.013284472721528709
5,0.05038331567317271,7,8,32,10.98057123059742,-0.0006859488749727249,0.5532375865829483,-3.456037870340848e-5,2.8579498235703947e-5,-4.771725436666621e-6,5.181830038314171e-6,-5.186654126210689e-6,-4.913527009085913e-6,-5.186654125219198e-6,-4.913527008949811e-6,5.0574028498413796e-6,-5.18951238745276e-6,0.0,0.0,0.0,0.0,0.0,0.0,0.0,0.0,7.150377663256901e-12,9.053636569713209e-10,0.013284472721528709
5,0.05038331567317271,7,6,33,10.980571230589131,-0.0006859488744189908,-0.5532375865825307,3.4560378675509516e-5,2.8579498148937894e-5,0.0,0.0,0.0,0.0,0.0,0.0,0.0,0.0,5.057402831470778e-6,-5.1895123752757886e-6,5.186654113111962e-6,4.913526990777093e-6,5.186654113321141e-6,4.913526990557605e-6,-4.7717254183494935e-6,5.181830025496831e-6,7.150377663256901e-12,9.053636569713209e-10,0.013284472721528709
5,0.05038331567317271,7,8,34,10.992561683962187,0.0028888454500041495,0.5538417053798899,0.00014554961223856773,2.5766393780124502e-5,4.716857848260164e-6,-4.520117549699191e-6,4.521975919976048e-6,4.587131546402167e-6,4.521975920123551e-6,4.587131545553977e-6,-4.459213666997274e-6,4.521999076109953e-6,0.0,0.0,0.0,0.0,0.0,0.0,0.0,0.0,7.150377663256901e-12,9.053636569713209e-10,0.013284472721528709
5,0.05038331567317271,7,6,35,10.992561683968631,0.0028888454420626375,-0.5538417053802145,-0.00014554961183844804,2.5766393688266107e-5,0.0,0.0,0.0,0.0,0.0,0.0,0.0,0.0,-4.4592136629259495e-6,4.521999047611884e-6,-4.521975890982032e-6,-4.587131542401709e-6,-4.521975891688738e-6,-4.587131541666546e-6,4.71685784445253e-6,-4.520117520756843e-6,7.150377663256901e-12,9.053636569713209e-10,0.013284472721528709
5,0.05038331567317271,7,6,36,8.996851868255842,0.023018270192307413,-0.4532912277431077,-0.0011597367733494064,6.558060842777734e-6,0.0,0.0,0.0,0.0,0.0,0.0,0.0,0.0,-7.590246904243631e-7,-1.4271206286346125e-6,1.458187720276791e-6,-7.492862943207749e-7,1.4581877236633794e-6,-7.492862972534758e-7,7.389645661534446e-7,1.4895544131703328e-6,7.150377663256901e-12,9.053636569713209e-10,0.013284472721528709
5,0.05038331567317271,7,8,37,8.9968518682663,0.02301827020235031,0.4532912277436346,0.0011597367738554007,6.5580603508477075e-6,7.389643818884458e-7,1.4895543652134907e-6,-1.4581876756775484e-6,7.49286111851282e-7,-1.4581876793215597e-6,7.492861146722718e-7,-7.590245096687973e-7,-1.427120587576211e-6,0.0,0.0,0.0,0.0,0.0,0.0,0.0,0.0,7.150377663256901e-12,9.053636569713209e-10,0.013284472721528709
5,0.05038331567317271,7,6,38,9.020468042422266,0.023061093938386026,-0.4544810889011273,-0.0011618943756663929,6.315212236136925e-6,0.0,0.0,0.0,0.0,0.0,0.0,0.0,0.0,-9.625385440211004e-7,-1.2232693515510368e-6,1.2543732517811781e-6,-9.586019256882387e-7,1.2543732468710505e-6,-9.586019182210743e-7,9.541634738114888e-7,1.2858604874682762e-6,7.150377663256901e-12,9.053636569713209e-10,0.013284472721528709
5,0.05038331567317271,7,8,39,9.020468042408691,0.0230610939327743,0.45448108890044336,0.0011618943753836555,6.31521196558138e-6,9.541632791408141e-7,1.285860548355397e-6,-1.2543733136812812e-6,9.586017333754794e-7,-1.2543733084333988e-6,9.586017261650375e-7,-9.625383543012887e-7,-1.2232694141095904e-6,0.0,0.0,0.0,0.0,0.0,0.0,0.0,0.0,7.150377663256901e-12,9.053636569713209e-10,0.013284472721528709
5,0.05038331567317271,7,6,40,6.357758873535239,0.003058543483605781,-0.3203249722992409,-0.0001540995618346354,2.7616891287417215e-6,0.0,0.0,0.0,0.0,0.0,0.0,0.0,0.0,-5.068270958998558e-7,4.5438997045778984e-7,-4.535449755893921e-7,-5.205115039616919e-7,-4.535449740803726e-7,-5.205115043764592e-7,5.343772887799905e-7,-4.524917383314505e-7,7.150377663256901e-12,9.053636569713209e-10,0.013284472721528709
5,0.05038331567317271,7,8,41,6.357758873533079,0.0030585434836244846,0.32032497229913204,0.00015409956183557775,2.7616891260109944e-6,5.343772961122142e-7,-4.5249172863468594e-7,4.535449658148609e-7,5.205115112973714e-7,4.535449645595634e-7,5.205115120423881e-7,-5.068271035668877e-7,4.5438996086547174e-7,0.0,0.0,0.0,0.0,0.0,0.0,0.0,0.0,7.150377663256901e-12,9.053636569713209e-10,0.013284472721528709
5,0.05038331567317271,7,8,42,6.34553894506947,-0.0005848615081972611,0.31970929178584645,-2.9467261992590492e-5,2.451765865672836e-6,-4.1553158162277783e-7,4.387683242231763e-7,-4.3901200481426455e-7,-4.2770099286228187e-7,-4.390120058830551e-7,-4.277009925066791e-7,4.4004597432583333e-7,-4.390845709667004e-7,0.0,0.0,0.0,0.0,0.0,0.0,0.0,0.0,7.150377663256901e-12,9.053636569713209e-10,0.013284472721528709
5,0.05038331567317271,7,6,43,6.3455389450682596,-0.0005848615082070588,-0.31970929178578544,2.9467261993084136e-5,2.4517658603409513e-6,0.0,0.0,0.0,0.0,0.0,0.0,0.0,0.0,4.40045963865614e-7,-4.390845794287424e-7,4.390120132053409e-7,4.277009824323161e-7,4.3901201410214493e-7,4.277009820685272e-7,-4.155315712152374e-7,4.387683323722974e-7,7.150377663256901e-12,9.053636569713209e-10,0.013284472721528709
5,0.05038331567317271,7,8,44,10.979049555093694,-0.0006596224598859057,0.5531609195256919,-3.323396662154629e-5,1.644063150122632e-6,-3.2091668736913393e-7,2.47425124873025e-7,-2.4632039834823135e-7,-3.2900357031636906e-7,-2.4632039841926544e-7,-3.2900357050413953e-7,3.3718895528614667e-7,-2.4508405076583123e-7,0.0,0.0,0.0,0.0,0.0,0.0,0.0,0.0,7.150377663256901e-12,9.053636569713209e-10,0.013284472721528709
5,0.05038331567317271,7,6,45,10.979049555091416,-0.0006596224578371834,-0.5531609195255772,3.3233966518324866e-5,1.6440631130319564e-6,0.0,0.0,0.0,0.0,0.0,0.0,0.0,0.0,3.371889513382824e-7,-2.450840401133938e-7,2.4632038787064963e-7,3.2900356653394364e-7,2.4632038795351417e-7,3.2900356680156095e-7,-3.2091668382536757e-7,2.474251145812462e-7,7.150377663256901e-12,9.053636569713209e-10,0.013284472721528709
5,0.05038331567317271,7,8,46,11.037782148629926,0.04340731775327119,0.5561200623261321,0.0021870045928887765,9.562651015082028e-7,-1.4071112781417318e-7,-1.97450363885459e-7,1.9269629306358896e-7,-1.4147476341258297e-7,1.9269629307189287e-7,-1.4147476338088017e-7,1.421613091485762e-7,1.879987967368679e-7,0.0,0.0,0.0,0.0,0.0,0.0,0.0,0.0,7.150377663256901e-12,9.053636569713209e-10,0.013284472721528709
5,0.05038331567317271,7,6,47,11.037782148638634,0.043407317749799716,-0.5561200623265709,-0.002187004592713872,9.562650798123316e-7,0.0,0.0,0.0,0.0,0.0,0.0,0.0,0.0,1.421613060866635e-7,1.8799879233939165e-7,-1.926962885856728e-7,1.414747603058575e-7,-1.9269628862447333e-7,1.414747603150537e-7,-1.407111247029135e-7,-1.974503593562735e-7,7.150377663256901e-12,9.053636569713209e-10,0.013284472721528709
5,0.05038331567317271,7,8,48,8.995089786706625,0.021317417856675916,0.4532024482321717,0.0010740421932098315,7.13210043903517e-7,-8.34241688333344e-8,1.5473385972166758e-7,-1.5572513492912975e-7,-8.682333047540673e-8,-1.557251308995177e-7,-8.68233215587812e-8,9.028476623693048e-8,-1.566816642831157e-7,0.0,0.0,0.0,0.0,0.0,0.0,0.0,0.0,7.150377663256901e-12,9.053636569713209e-10,0.013284472721528709
5,0.05038331567317271,7,6,49,8.995089786714118,0.021317417855294795,-0.4532024482325492,-0.001074042193140246,7.132099751084271e-7,0.0,0.0,0.0,0.0,0.0,0.0,0.0,0.0,9.028478357838211e-8,-1.5668163488074263e-7,1.5572510587232822e-7,8.682334790104787e-8,1.557251011621417e-7,8.682333893495244e-8,-8.342418630336574e-8,1.5473383033837196e-7,7.150377663256901e-12,9.053636569713209e-10,0.013284472721528709
5,0.05038331567317271,7,8,50,11.039054342146198,0.04326321730552506,0.5561841596536597,0.0021797443345413377,5.160359436192516e-7,-2.6288612706005164e-8,1.2817152533900248e-7,-1.2672574828999195e-7,-2.4129633721652454e-8,-1.2672574816922821e-7,-2.4129633677381146e-8,2.2021343059007322e-8,-1.252703091295749e-7,0.0,0.0,0.0,0.0,0.0,0.0,0.0,0.0,7.150377663256901e-12,9.053636569713209e-10,0.013284472721528709
5,0.05038331567317271,7,6,51,11.03905434215137,0.043263217303123686,-0.5561841596539204,-0.0021797443344203486,5.160359378600775e-7,0.0,0.0,0.0,0.0,0.0,0.0,0.0,0.0,2.202134253880937e-8,-1.2527030776436133e-7,1.2672574687761597e-7,2.412963322524069e-8,1.2672574684370598e-7,2.412963315756919e-8,-2.6288612210764813e-8,1.2817152396564653e-7,7.150377663256901e-12,9.053636569713209e-10,0.013284472721528709
5,0.05038331567317271,7,6,52,10.990798569341173,0.0026811544899475563,-0.5537528738193713,-0.0001350854530355721,4.672809060689483e-7,0.0,0.0,0.0,0.0,0.0,0.0,0.0,0.0,1.0967251494411646e-7,3.5171336892294886e-8,-3.724182953795385e-8,1.1071877467205427e-7,-3.724182918301655e-8,1.1071877480840042e-7,-1.1175012894719144e-7,-3.9356606356619174e-8,7.150377663256901e-12,9.053636569713209e-10,0.013284472721528709
5,0.05038331567317271,7,8,53,10.990798569332446,0.0026811544900041256,0.5537528738189316,0.00013508545303842225,4.6728090594532904e-7,-1.1175012873726287e-7,-3.935660687770433e-8,3.7241830006092565e-8,-1.1071877451409965e-7,3.724182971980116e-8,-1.1071877456303025e-7,1.0967251475017374e-7,3.517133737650913e-8,0.0,0.0,0.0,0.0,0.0,0.0,0.0,0.0,7.150377663256901e-12,9.053636569713209e-10,0.013284472721528709
5,0.05038331567317271,7,6,54,11.04820192859972,0.04028076782165715,-0.5566450453895952,-0.0020294786407163293,1.7667411606931023e-7,0.0,0.0,0.0,0.0,0.0,0.0,0.0,0.0,3.300519813321787e-8,-3.028657889236042e-8,3.0318558020452014e-8,3.2116178835428105e-8,3.031855801150906e-8,3.211617915907468e-8,-3.123928471465854e-8,3.033768824130754e-8,7.150377663256901e-12,9.053636569713209e-10,0.013284472721528709
5,0.05038331567317271,7,8,55,11.048201928607819,0.040280767818338566,0.5566450453900033,0.0020294786405491284,1.7667411145618613e-7,-3.123928499307259e-8,3.033768627064967e-8,-3.031855609401101e-8,-3.211617907648139e-8,-3.0318556001564264e-8,-3.211617946153343e-8,3.300519839899932e-8,-3.028657692699468e-8,0.0,0.0,0.0,0.0,0.0,0.0,0.0,0.0,7.150377663256901e-12,9.053636569713209e-10,0.013284472721528709
5,0.05038331567317271,7,6,56,10.973448000808425,0.0017436884810617115,-0.5528786946478769,-8.785280717700724e-5,1.413917176876084e-7,0.0,0.0,0.0,0.0,0.0,0.0,0.0,0.0,3.096013465673138e-8,1.8073729540545533e-8,-1.7386449997763736e-8,3.07743814601041e-8,-1.738644997914368e-8,3.0774381378021474e-8,-3.0581671139853325e-8,-1.6711478796626007e-8,7.150377663256901e-12,9.053636569713209e-10,0.013284472721528709
5,0.05038331567317271,7,8,57,10.973448000808261,0.0017436884855079604,0.5528786946478687,8.785280740102401e-5,1.4139170720052253e-7,-3.058166819331832e-8,-1.6711478756719426e-8,1.7386449938888077e-8,-3.0774378481814035e-8,1.7386449896296776e-8,-3.077437841384093e-8,3.096013166095198e-8,1.8073729438340586e-8,0.0,0.0,0.0,0.0,0.0,0.0,0.0,0.0,7.150377663256901e-12,9.053636569713209e-10,0.013284472721528709
5,0.05038331567317271,7,6,58,10.984521573219162,0.006445799215530679,-0.5534366179422767,-0.0003247607366419712,1.4048633015301823e-7,0.0,0.0,0.0,0.0,0.0,0.0,0.0,0.0,-3.1161507237421234e-8,-1.5098621952734043e-8,1.5759104839947873e-8,-3.1385551725162105e-8,1.5759104665095467e-8,-3.138555158111307e-8,3.160328991628961e-8,1.6432140513130577e-8,7.150377663256901e-12,9.053636569713209e-10,0.013284472721528709
5,0.05038331567317271,7,8,59,10.98452157322331,0.006445799219881657,0.5534366179424858,0.0003247607368611879,1.4048632986478489e-7,3.160329002941441e-8,1.643214003494388e-8,-1.5759104342983565e-8,3.138555190930137e-8,-1.5759104235417474e-8,3.138555170173833e-8,-3.116150742817614e-8,-1.5098621502721228e-8,0.0,0.0,0.0,0.0,0.0,0.0,0.0,0.0,7.150377663256901e-12,9.053636569713209e-10,0.013284472721528709
5,0.05038331567317271,7,8,60,6.404252386323822,0.0431028540650323,0.32266746963082277,0.002171664702773218,9.7433402580867e-8,-1.3317034248793926e-8,-2.080732693323306e-8,2.0327414033348478e-8,-1.341887344488563e-8,2.0327414128000777e-8,-1.341887335939861e-8,1.3512580516196349e-8,1.9852867149815994e-8,0.0,0.0,0.0,0.0,0.0,0.0,0.0,0.0,7.150377663256901e-12,9.053636569713209e-10,0.013284472721528709
5,0.05038331567317271,7,6,61,6.404252386324695,0.043102854064499485,-0.32266746963086673,-0.002171664702746373,9.743339536386859e-8,0.0,0.0,0.0,0.0,0.0,0.0,0.0,0.0,1.3512579876798216e-8,1.9852865400813717e-8,-2.0327412299497383e-8,1.3418872857466256e-8,-2.0327412381771695e-8,1.3418872668277614e-8,-1.3317033608684981e-8,-2.0807325202661477e-8,7.150377663256901e-12,9.053636569713209e-10,0.013284472721528709
5,0.05038331567317271,7,8,62,11.041238960358786,0.03967445372393337,0.55629422796269,0.0019989305261336175,9.28880716571661e-8,1.147469671881177e-8,-2.0567135719574197e-8,2.0436321461282465e-8,1.1025650489054389e-8,2.0436321393678492e-8,1.1025650465474368e-8,-1.0584777881738106e-8,2.030109524060035e-8,0.0,0.0,0.0,0.0,0.0,0.0,0.0,0.0,7.150377663256901e-12,9.053636569713209e-10,0.013284472721528709
5,0.05038331567317271,7,6,63,11.041238960355173,0.0396744537247099,-0.5562942279625079,-0.001998930526172742,9.288806958652899e-8,0.0,0.0,0.0,0.0,0.0,0.0,0.0,0.0,-1.0584777357158943e-8,2.0301094920939984e-8,-2.0436321155671323e-8,-1.1025649966600498e-8,-2.0436321092305655e-8,-1.1025649932169802e-8,1.1474696188129615e-8,-2.0567135432587844e-8,7.150377663256901e-12,9.053636569713209e-10,0.013284472721528709
5,0.05038331567317271,7,6,64,8.621750225898554,0.023081414732790295,-0.43439236328669495,-0.0011629182046655928,6.972545231448144e-10,0.0,0.0,0.0,0.0,0.0,0.0,0.0,0.0,7.635231859353012e-11,1.5396524904149332e-10,-1.5723753069204903e-10,7.52234192065041e-11,-1.572375300909949e-10,7.522342290229966e-11,-7.403162249327326e-11,-1.6053988850716554e-10,7.150377663256901e-12,9.053636569713209e-10,0.013284472721528709
5,0.05038331567317271,7,8,65,8.621750225900417,0.02308141472686453,0.4343923632867888,0.001162918204367033,6.972545230908943e-10,-7.403163096156096e-11,-1.60539884915907e-10,1.5723752724919187e-10,-7.522342777663261e-11,1.572375258863694e-10,-7.522343024531652e-11,7.635232604491274e-11,1.5396524500279515e-10,0.0,0.0,0.0,0.0,0.0,0.0,0.0,0.0,7.150377663256901e-12,9.053636569713209e-10,0.013284472721528709
5,0.05038331567317271,7,8,66,13.000002399484682,0.04848104647340999,0.6549832246452394,0.002442635868635572,3.666978803638923e-17,7.063821600831981e-18,-6.062786789935784e-18,6.054230583022926e-18,6.874627269485713e-18,6.087989449994748e-18,6.861969409213609e-18,-6.6756929485118824e-18,6.076498353149686e-18,0.0,0.0,0.0,0.0,0.0,0.0,0.0,0.0,7.150377663256901e-12,9.053636569713209e-10,0.013284472721528709
5,0.05038331567317271,7,6,67,13.000002399445371,0.04848104647859092,-0.6549832246432589,-0.0024426358688966043,1.0615096322423918e-17,0.0,0.0,0.0,0.0,0.0,0.0,0.0,0.0,2.6213496890227326e-18,7.549539668934937e-20,-1.1022232737793835e-19,2.64827673856982e-18,-1.1975602653758422e-19,2.654093978771116e-18,-2.680796804927635e-18,-1.5537785678768136e-19,7.150377663256901e-12,9.053636569713209e-10,0.013284472721528709
5,0.05038331567317271,7,6,68,6.791554389388795,0.04696438786660624,-0.3421810287120974,-0.0023662215792805445,4.317242830680763e-18,0.0,0.0,0.0,0.0,0.0,0.0,0.0,0.0,-1.6005917619279886e-19,-1.04941454145866e-18,1.0685350240633493e-18,-1.4219368878405014e-19,1.0695134658229802e-18,-1.538341027674395e-19,1.3548459389562373e-19,1.0888203524447813e-18,7.150377663256901e-12,9.053636569713209e-10,0.013284472721528709
5,0.05038331567317271,7,8,69,8.998564071660638,0.0247176023431024,0.45337749422774826,0.0012453547615364816,1.6077074006122108e-18,-3.887879876050475e-19,-1.224642531081305e-19,1.1531724246021986e-19,-3.850031961556509e-19,1.1528477538600096e-19,-3.8502220951313782e-19,3.8119056725197414e-19,1.0829163891525686e-19,0.0,0.0,0.0,0.0,0.0,0.0,0.0,0.0,7.150377663256901e-12,9.053636569713209e-10,0.013284472721528709
5,0.05038331567317271,7,6,70,8.998564071668689,0.024717602336911705,-0.4533774942281539,-0.001245354761224574,1.4477540409012737e-18,0.0,0.0,0.0,0.0,0.0,0.0,0.0,0.0,3.482357398817393e-19,7.812902401114894e-20,-8.425720073496189e-20,3.5196112092833695e-19,-8.425337557161972e-20,3.5199260337819636e-19,-3.5568175554622436e-19,-9.052131047648498e-20,7.150377663256901e-12,9.053636569713209e-10,0.013284472721528709
5,0.05038331567317271,7,8,71,6.791554389374761,0.046964387857578796,0.34218102871139033,0.0023662215788257117,3.7279149804778695e-19,7.060185362628518e-20,6.296051879379475e-20,-6.184502292409706e-20,6.905033430181178e-20,-6.107517984633478e-20,7.104609448205175e-20,-6.948963856916126e-20,-5.999849883768486e-20,0.0,0.0,0.0,0.0,0.0,0.0,0.0,0.0,7.150377663256901e-12,9.053636569713209e-10,0.013284472721528709
5,0.05038331567317271,7,6,72,9.021682511075772,0.025068215933467686,-0.4545422778586721,-0.0012630198367391604,1.214262411709494e-19,0.0,0.0,0.0,0.0,0.0,0.0,0.0,0.0,-2.3700179836574694e-20,1.818354683264889e-20,-1.7963119033102058e-20,-2.44284773295051e-20,-1.8083665452819272e-20,-2.4420585013695333e-20,2.5157514561882648e-20,-1.7846845285357927e-20,7.150377663256901e-12,9.053636569713209e-10,0.013284472721528709
5,0.05038331567317271,7,6,73,2.158314404356333,0.04697091436938134,-0.10874303595664087,-0.002366550406130104,1.2044499084072404e-19,0.0,0.0,0.0,0.0,0.0,0.0,0.0,0.0,-8.198242092535719e-21,2.837874870668062e-20,-2.8802023294732184e-20,-9.014041920014171e-21,-2.873052891434109e-20,-8.763933217675103e-21,9.59979113453377e-21,-2.9148583045751273e-20,7.150377663256901e-12,9.053636569713209e-10,0.013284472721528709
5,0.05038331567317271,7,8,74,2.1583144043564584,0.04697091436950274,0.10874303595664717,0.002366550406136221,7.210008919150872e-20,1.8407941097893132e-20,4.193979127596255e-22,-2.1432171385855704e-22,1.8092163328186567e-20,-8.555610705930976e-23,1.7952418867604038e-20,-1.764097996041831e-20,1.0881727193328906e-22,0.0,0.0,0.0,0.0,0.0,0.0,0.0,0.0,7.150377663256901e-12,9.053636569713209e-10,0.013284472721528709
5,0.05038331567317271,7,8,75,9.021682511086983,0.025068215928064415,0.4545422778592369,0.0012630198364669257,4.7261211103707076e-20,-2.072724186007769e-21,-1.1876102881496505e-20,1.1648655313296899e-20,-2.2331317357877416e-21,1.1549749953522237e-20,-2.253291134923286e-21,2.4054195492265546e-21,1.1324668777221927e-20,0.0,0.0,0.0,0.0,0.0,0.0,0.0,0.0,7.150377663256901e-12,9.053636569713209e-10,0.013284472721528709
5,0.05038331567317271,7,6,76,4.388532781164549,0.025154873952302738,-0.22110883245548002,-0.0012673859550577384,1.2180156670359876e-20,0.0,0.0,0.0,0.0,0.0,0.0,0.0,0.0,2.6121951616316985e-21,1.4698749955542473e-21,-1.5259957793916272e-21,2.6409157960677373e-21,-1.5260995655328183e-21,2.6287331966799722e-21,-2.657090534358546e-21,-1.5833982604526754e-21,7.150377663256901e-12,9.053636569713209e-10,0.013284472721528709
5,0.05038331567317271,7,6,77,11.03804819767673,0.04347687466020322,-0.5561334667592418,-0.0021905091004879823,2.9141396551019556e-21,0.0,0.0,0.0,0.0,0.0,0.0,0.0,0.0,2.204011449093046e-22,-6.854862503519352e-22,6.898245731292491e-22,2.330978413170202e-22,6.909020181549406e-22,2.321982775213722e-22,-2.451072396128064e-22,6.951243566033446e-22,7.150377663256901e-12,9.053636569713209e-10,0.013284472721528709
5,0.05038331567317271,7,8,78,4.38853278116615,0.025154873946237184,0.2211088324555607,0.0012673859547521359,2.6415240072073154e-21,4.209955716979413e-22,5.20429089095902e-22,-5.081099795998045e-22,4.1836647883637234e-22,-5.069161433155702e-22,4.265786525369477e-22,-4.237407441796423e-22,-4.9477618502298655e-22,0.0,0.0,0.0,0.0,0.0,0.0,0.0,0.0,7.150377663256901e-12,9.053636569713209e-10,0.013284472721528709
5,0.05038331567317271,7,8,79,11.038048197676543,0.043476874659506726,0.5561334667592324,0.0021905091004528906,2.3498839348202118e-21,-2.762168299735277e-22,5.282439059987866e-22,-5.241341317943689e-22,-2.6514034303375924e-22,-5.240892433189062e-22,-2.6548983469265486e-22,2.546263854378126e-22,-5.198982602199998e-22,0.0,0.0,0.0,0.0,0.0,0.0,0.0,0.0,7.150377663256901e-12,9.053636569713209e-10,0.013284472721528709
6,0.029088820866572156,8,7,0,0.3239698633340016,0.029955185035908154,-0.009423901320690634,-0.0008713610115345551,41.48499833294383,0.0,0.0,0.0,0.0,0.0,0.0,0.0,0.0,-7.689282250758143,6.740017456214468,-6.725024090004447,-7.894689040254066,-6.7250240898764675,-7.894689040694786,8.10278520814293,-6.7068723101736,1.4160164730255542e-11,2.8412949266535657e-8,0.013273525472203888
6,0.029088820866572156,8,9,1,0.3239698633348258,0.029955185033774374,0.00942390132071461,0.000871361011472486,41.48499833115037,8.1027852076721,-6.7068723100363,6.725024089882125,7.894689039801135,6.725024089720715,7.894689040206592,-7.689282250287945,6.7400174560735655,0.0,0.0,0.0,0.0,0.0,0.0,0.0,0.0,1.4160164730255542e-11,2.8412949266535657e-8,0.013273525472203888
6,0.029088820866572156,8,7,2,0.26934911117849825,-0.024556609635857138,-0.007835048045641764,0.000714322818787788,34.76258497304724,0.0,0.0,0.0,0.0,0.0,0.0,0.0,0.0,5.704281027346559,-6.71917350826592,6.703705990815169,5.5299283067886424,6.703705990781611,5.5299283072100245,-5.358256626546237,6.6860259657991,1.4160164730255542e-11,2.8412949266535657e-8,0.013273525472203888
6,0.029088820866572156,8,9,3,0.2693491111777122,-0.024556609638386184,0.007835048045618898,-0.000714322818861355,34.76258497167285,-5.3582566260522855,6.68602596575943,-6.703705990793431,-5.529928306315507,-6.703705990727339,-5.5299283066954175,5.704281026852831,-6.719173508229425,0.0,0.0,0.0,0.0,0.0,0.0,0.0,0.0,1.4160164730255542e-11,2.8412949266535657e-8,0.013273525472203888
6,0.029088820866572156,8,7,4,0.9653285664123049,0.01798207510858308,-0.02808026974575244,-0.0005230773616428193,3.473187208499283,0.0,0.0,0.0,0.0,0.0,0.0,0.0,0.0,-0.6741696731462974,0.527576694735918,-0.525366152681941,-0.6912701101462628,-0.5253661526922013,-0.6912701102023958,0.7085806383532649,-0.5228790605757971,1.4160164730255542e-11,2.8412949266535657e-8,0.013273525472203888
6,0.029088820866572156,8,9,5,0.9653285664126532,0.017982075104538947,0.02808026974576257,0.0005230773615251802,3.473187208350472,0.7085806383455286,-0.5228790605247955,0.5253661526330253,0.6912701101448561,0.5253661526388899,0.6912701101880233,-0.6741696731382818,0.5275766946846886,0.0,0.0,0.0,0.0,0.0,0.0,0.0,0.0,1.4160164730255542e-11,2.8412949266535657e-8,0.013273525472203888
6,0.029088820866572156,8,7,6,11.696367119198158,0.0023790912846730003,-0.3402335279200198,-6.920496020507593e-5,3.447740795762992,0.0,0.0,0.0,0.0,0.0,0.0,0.0,0.0,-0.5992322576688709,0.6025475735573185,-0.6024720389824073,-0.6163484829339049,-0.6024720395517589,-0.6163484831723279,0.6337056479329815,-0.602149917396756,1.4160164730255542e-11,2.8412949266535657e-8,0.013273525472203888
6,0.029088820866572156,8,9,7,11.696367119197525,0.002379091287989285,0.34023352792000144,6.920496030154274e-5,3.4477407669720606,0.633705650550239,-0.6021499044234068,0.6024720262096038,0.6163484855207148,0.6024720263765888,0.6163484858147907,-0.5992322602860793,0.6025475605837426,0.0,0.0,0.0,0.0,0.0,0.0,0.0,0.0,1.4160164730255542e-11,2.8412949266535657e-8,0.013273525472203888
6,0.029088820866572156,8,7,8,11.691213373532664,-0.002564603074218727,-0.3400836115355644,7.460127941980881e-5,3.368983899991338,0.0,0.0,0.0,0.0,0.0,0.0,0.0,0.0,0.6056558485097341,-0.6023581096559922,0.6022861537924631,0.588692406096934,0.6022861543617383,0.5886924063413205,-0.5719698312825628,0.6019786733632834,1.4160164730255542e-11,2.8412949266535657e-8,0.013273525472203888
6,0.029088820866572156,8,9,9,11.691213373510212,-0.002564603092662064,0.3400836115349113,-7.460127995630373e-5,3.3689838699105175,-0.5719698338750029,0.6019786603145634,-0.6022861409441811,-0.5886924086592787,-0.602286141111391,-0.588692408958709,0.6056558511022461,-0.6023580966071156,0.0,0.0,0.0,0.0,0.0,0.0,0.0,0.0,1.4160164730255542e-11,2.8412949266535657e-8,0.013273525472203888
6,0.029088820866572156,8,7,10,3.867218362272104,0.002416339751517206,-0.11249282219205178,-7.028847418466148e-5,3.203109732787344,0.0,0.0,0.0,0.0,0.0,0.0,0.0,0.0,-0.56853987175592,0.5477800855744385,-0.5473703997978174,-0.584436508676482,-0.5473704000366337,-0.5844365088741994,0.6005520471911497,-0.5467268958760797,1.4160164730255542e-11,2.8412949266535657e-8,0.013273525472203888
6,0.029088820866572156,8,9,11,3.8672183622690084,0.0024163397525870933,0.11249282219196173,7.028847421578323e-5,3.2031097303790346,0.6005520463612987,-0.5467268958813429,0.5473703998490804,0.5844365078688983,0.5473703999961795,0.5844365080219178,-0.5685398709259066,0.5477800855796505,0.0,0.0,0.0,0.0,0.0,0.0,0.0,0.0,1.4160164730255542e-11,2.8412949266535657e-8,0.013273525472203888
6,0.029088820866572156,8,7,12,3.862497397499004,-0.002267056489251962,-0.11235549489344966,6.594600011025028e-5,3.0005636700993072,0.0,0.0,0.0,0.0,0.0,0.0,0.0,0.0,0.5282043585219794,-0.5475357691322561,0.5471590008082773,0.5131005410836044,0.5471590010528364,0.5131005412908176,-0.49821554639611665,0.546576948747738,1.4160164730255542e-11,2.8412949266535657e-8,0.013273525472203888
6,0.029088820866572156,8,9,13,3.86249739749977,-0.0022670564887810538,0.11235549489347195,-6.594600009655212e-5,3.000563667810651,-0.498215545562545,0.5465769487449523,-0.5471590008520999,-0.5131005402718122,-0.5471590010039022,-0.5131005404352574,0.5282043576881985,-0.5475357691296019,0.0,0.0,0.0,0.0,0.0,0.0,0.0,0.0,1.4160164730255542e-11,2.8412949266535657e-8,0.013273525472203888
6,0.029088820866572156,8,7,14,0.9391845931571843,-0.008254118044839002,-0.02731977239099378,0.00024010256121786253,2.489716280930237,0.0,0.0,0.0,0.0,0.0,0.0,0.0,0.0,0.3593892807883847,-0.5189708870606494,0.5166440270686232,0.34707083377599685,0.5166440270940681,0.34707083382112125,-0.3349590166455515,0.5141782974424305,1.4160164730255542e-11,2.8412949266535657e-8,0.013273525472203888
6,0.029088820866572156,8,9,15,0.939184593156961,-0.008254118049012407,0.027319772390987287,-0.00024010256133926195,2.489716280727378,-0.33495901664790184,0.5141782973796992,-0.5166440270085529,-0.3470708337835726,-0.516644027028871,-0.3470708338181008,0.3593892807906159,-0.5189708869981188,0.0,0.0,0.0,0.0,0.0,0.0,0.0,0.0,1.4160164730255542e-11,2.8412949266535657e-8,0.013273525472203888
6,0.029088820866572156,8,9,16,4.423861698059595,0.04093153935085205,0.12868492047334526,0.0011906502159699844,0.025117052492666,0.004466538349485509,-0.0045394025902619345,0.004537497749754084,0.004340082662122108,0.004537497749473134,0.004340082662294398,-0.004215441626751051,0.0045338565129693555,0.0,0.0,0.0,0.0,0.0,0.0,0.0,0.0,1.4160164730255542e-11,2.8412949266535657e-8,0.013273525472203888
6,0.029088820866572156,8,7,17,4.423861698053651,0.040931539348450154,-0.12868492047317237,-0.001190650215900116,0.025117052490708752,0.0,0.0,0.0,0.0,0.0,0.0,0.0,0.0,-0.004215441626013376,0.00453385651299788,-0.004537497749787942,-0.004340082661379855,-0.004537497749510605,-0.004340082661546356,0.004466538348732867,-0.0045394025903048585,1.4160164730255542e-11,2.8412949266535657e-8,0.013273525472203888
6,0.029088820866572156,8,7,18,4.588731571283882,0.004968805912962428,-0.133480790681861,-0.00014453670512292857,0.015153065526398245,0.0,0.0,0.0,0.0,0.0,0.0,0.0,0.0,-0.0026594617807474165,0.002622335499407738,-0.0026212672504406296,-0.0027346819521086832,-0.0026212672560696087,-0.0027346819566510376,0.0028109504161172947,-0.0026191049246627567,1.4160164730255542e-11,2.8412949266535657e-8,0.013273525472203888
6,0.029088820866572156,8,9,19,4.588731571285189,0.0049688059066695656,0.13348079068189905,0.00014453670493987664,0.01515306548921228,0.002810950407104695,-0.002619104920638588,0.002621267247210576,0.002734681943646317,0.0026212672512421773,0.0027346819470812694,-0.0026594617717297436,0.002622335495370922,0.0,0.0,0.0,0.0,0.0,0.0,0.0,0.0,1.4160164730255542e-11,2.8412949266535657e-8,0.013273525472203888
6,0.029088820866572156,8,7,20,4.586392262965103,0.002630729399312276,-0.13341274296122438,-7.652481624501976e-5,0.014034680386518115,0.0,0.0,0.0,0.0,0.0,0.0,0.0,0.0,0.0024107539451014835,-0.002617423812003002,0.002614029466504685,0.0023401677225186194,0.0026140294722080126,0.0023401677272936253,-0.002270626929263327,0.0026096988505346945,1.4160164730255542e-11,2.8412949266535657e-8,0.013273525472203888
6,0.029088820866572156,8,9,21,4.586392262966782,0.0026307293946098223,0.1334127429612732,7.652481610823094e-5,0.014034680353927558,-0.002270626921629602,0.002609698846427691,-0.002614029463181292,-0.002340167715341846,-0.002614029467322716,-0.002340167719208632,0.002410753937475221,-0.0026174238078981883,0.0,0.0,0.0,0.0,0.0,0.0,0.0,0.0,1.4160164730255542e-11,2.8412949266535657e-8,0.013273525472203888
6,0.029088820866572156,8,7,22,4.375573866141977,0.002158282294313474,-0.12728028438065853,-6.2781887038779e-5,0.013857995942056856,0.0,0.0,0.0,0.0,0.0,0.0,0.0,0.0,0.001153757511918627,-0.0033188355044976416,0.0032879952823462373,0.0010911646246496202,0.0032879952824026717,0.001091164624978422,-0.0010298868484751064,0.003256718331377963,1.4160164730255542e-11,2.8412949266535657e-8,0.013273525472203888
6,0.029088820866572156,8,9,23,4.375573866142688,0.002158282293453939,0.12728028438067923,6.278188701377616e-5,0.013857995939519342,-0.0010298868507581911,0.0032567183299594335,-0.0032879952809364557,-0.001091164626939664,-0.0032879952809574597,-0.001091164627261593,0.001153757514209188,-0.0033188355030617403,0.0,0.0,0.0,0.0,0.0,0.0,0.0,0.0,1.4160164730255542e-11,2.8412949266535657e-8,0.013273525472203888
6,0.029088820866572156,8,7,24,4.342251885752335,-0.032314555051830104,-0.12631098726218482,0.0009399923032856702,0.01275039488687896,0.0,0.0,0.0,0.0,0.0,0.0,0.0,0.0,0.002824817789461198,-0.001572136685886911,0.0015892965724402133,0.0027629524363431373,0.001589296572316901,0.0027629524364480382,-0.0027017225808969813,0.001605351150795725,1.4160164730255542e-11,2.8412949266535657e-8,0.013273525472203888
6,0.029088820866572156,8,9,25,4.342251885750667,-0.03231455504958885,0.1263109872621363,-0.0009399923032204747,0.012750394885110615,-0.002701722580729745,0.0016053511502095066,-0.0015892965718623843,-0.002762952436183955,-0.0015892965717234724,-0.002762952436260864,0.0028248177892821634,-0.0015721366853019875,0.0,0.0,0.0,0.0,0.0,0.0,0.0,0.0,1.4160164730255542e-11,2.8412949266535657e-8,0.013273525472203888
6,0.029088820866572156,8,7,26,12.256176435755334,0.040461415158665616,-0.3565177208487897,-0.0011769748575584313,0.008133353746054504,0.0,0.0,0.0,0.0,0.0,0.0,0.0,0.0,-0.0013450352130533146,0.0014864895187453365,-0.0014882149116608487,-0.0013853765627862913,-0.0014882149115409994,-0.0013853765628425447,0.0014263130876854566,-0.0014893860347971184,1.4160164730255542e-11,2.8412949266535657e-8,0.013273525472203888
6,0.029088820866572156,8,9,27,12.256176435821716,0.04046141517575109,0.3565177208507207,0.0011769748580554276,0.008133353742832836,0.0014263130858138977,-0.0014893860354631106,0.0014882149122996263,0.0013853765609172482,0.001488214912181154,0.0013853765609736402,-0.00134503521118734,0.001486489519358357,0.0,0.0,0.0,0.0,0.0,0.0,0.0,0.0,1.4160164730255542e-11,2.8412949266535657e-8,0.013273525472203888
6,0.029088820866572156,8,9,28,4.373514696683156,0.008465816063992118,0.12722038556913698,0.00024626060697481567,0.005730497963307768,0.0014077590233838987,-0.000359570813516551,0.0003741166159422156,0.0013828392873903505,0.0003741166157217881,0.0013828392871083263,-0.0013580690871273654,0.00038810925252471905,0.0,0.0,0.0,0.0,0.0,0.0,0.0,0.0,1.4160164730255542e-11,2.8412949266535657e-8,0.013273525472203888
6,0.029088820866572156,8,7,29,4.373514696684813,0.008465816066315211,-0.1272203855691852,-0.0002462606070423917,0.0057304979586647615,0.0,0.0,0.0,0.0,0.0,0.0,0.0,0.0,-0.001358069085743756,0.0003881092532039095,-0.00037411661660295215,-0.0013828392859654374,-0.0003741166164268303,-0.0013828392857589064,0.0014077590219928966,-0.0003595708142027887,1.4160164730255542e-11,2.8412949266535657e-8,0.013273525472203888
6,0.029088820866572156,8,9,30,12.205824369688894,0.0010985333552239879,0.35505303861872123,3.195503998606506e-5,0.005106310884256393,-0.0003685052633496675,0.001203433493937881,-0.0012151640780631032,-0.00039097827694276695,-0.0012151640779244487,-0.00039097827701729365,0.00041393732494296746,-0.0012267381735269862,0.0,0.0,0.0,0.0,0.0,0.0,0.0,0.0,1.4160164730255542e-11,2.8412949266535657e-8,0.013273525472203888
6,0.029088820866572156,8,7,31,12.205824369703635,0.0010985334005364222,-0.35505303861915,-3.195504130415035e-5,0.005106310873084287,0.0,0.0,0.0,0.0,0.0,0.0,0.0,0.0,0.00041393732958703346,-0.0012267381691036259,0.0012151640736838693,0.00039097828153167877,0.0012151640733983,0.00039097828186348475,-0.00036850526814116296,0.0012034334894605928,1.4160164730255542e-11,2.8412949266535657e-8,0.013273525472203888
6,0.029088820866572156,8,9,32,12.418517225365692,0.005214727040815624,0.3612400229971033,0.0001516902607583556,0.004900844301336187,0.0008878941339001941,-0.0008693060637681252,0.0008693950503248024,0.0008632174338120812,0.0008693950531781086,0.00086321743916609,-0.000838888428048417,0.000869138683258516,0.0,0.0,0.0,0.0,0.0,0.0,0.0,0.0,1.4160164730255542e-11,2.8412949266535657e-8,0.013273525472203888
6,0.029088820866572156,8,7,33,12.418517225374167,0.005214727036678926,-0.3612400229973498,-0.00015169026063802392,0.004900844235084341,0.0,0.0,0.0,0.0,0.0,0.0,0.0,0.0,-0.0008388884220506978,0.0008691386658562736,-0.00086939503311652,-0.0008632174277862773,-0.0008693950356211739,-0.0008632174331859858,0.0008878941278994448,-0.0008693060464033215,1.4160164730255542e-11,2.8412949266535657e-8,0.013273525472203888
6,0.029088820866572156,8,9,34,12.415363237545352,0.0021943981772668333,0.36114827721038206,6.383245548844737e-5,0.00477104770834656,-0.0007940443077201979,0.0008673891227169357,-0.0008682640067701967,-0.0008177141223783008,-0.0008682640094141559,-0.0008177141283941962,0.0008417311832489052,-0.0008688117384052129,0.0,0.0,0.0,0.0,0.0,0.0,0.0,0.0,1.4160164730255542e-11,2.8412949266535657e-8,0.013273525472203888
6,0.029088820866572156,8,7,35,12.41536323753253,0.0021943981883958408,-0.3611482772100091,-6.383245581217707e-5,0.004771047645163648,0.0,0.0,0.0,0.0,0.0,0.0,0.0,0.0,0.0008417311792959184,-0.0008688117204137126,0.0008682639889535441,0.0008177141183890708,0.0008682639912779886,0.0008177141244752827,-0.0007940443037717675,0.0008673891047536993,1.4160164730255542e-11,2.8412949266535657e-8,0.013273525472203888
6,0.029088820866572156,8,7,36,12.171867486323995,-0.03134736360030338,-0.3540652729213326,0.0009118578444085294,0.003892667597919254,0.0,0.0,0.0,0.0,0.0,0.0,0.0,0.0,0.0009126977094005488,-0.00037564099104215345,0.000383056298162679,0.0008945540802889312,0.00038305629829130604,0.0008945540802860865,-0.0008765636021212348,0.00039011375314957627,1.4160164730255542e-11,2.8412949266535657e-8,0.013273525472203888
6,0.029088820866572156,8,9,37,12.171867486313454,-0.03134736367801989,0.35406527292102596,-0.0009118578466692112,0.003892667587499272,-0.0008765635990995048,0.0003901137535851609,-0.00038305629869951694,-0.0008945540772443249,-0.00038305629878521846,-0.0008945540772218045,0.0009126977063145601,-0.00037564099163929087,0.0,0.0,0.0,0.0,0.0,0.0,0.0,0.0,1.4160164730255542e-11,2.8412949266535657e-8,0.013273525472203888
6,0.029088820866572156,8,7,38,12.202347891917489,0.00919054121819627,-0.3549519119795822,-0.00026734200716295914,0.0014825493903348132,0.0,0.0,0.0,0.0,0.0,0.0,0.0,0.0,-0.0003576704087568016,7.483215937916993e-5,-7.075976816877305e-5,-0.0003638012705884592,-7.075976797593146e-5,-0.00036380127072874473,0.00036996040736173713,-6.654185060348722e-5,1.4160164730255542e-11,2.8412949266535657e-8,0.013273525472203888
6,0.029088820866572156,8,9,39,12.202347891934986,0.009190541246927503,0.3549519119800912,0.0002673420079987168,0.0014825493712906396,0.000369960402338348,-6.654185148322441e-5,7.075976902934879e-5,0.0003638012656501731,7.075976891737757e-5,0.0003638012656159158,-0.0003576704037282244,7.483216029880672e-5,0.0,0.0,0.0,0.0,0.0,0.0,0.0,0.0,1.4160164730255542e-11,2.8412949266535657e-8,0.013273525472203888
6,0.029088820866572156,8,7,40,8.0425314349226,0.02874800468930757,-0.23394775622423902,-0.0008362455586786443,0.0003169279981425343,0.0,0.0,0.0,0.0,0.0,0.0,0.0,0.0,-5.94901485940744e-5,5.0625718355388246e-5,-5.0488222740884156e-5,-6.105752603755775e-5,-5.048822273646058e-5,-6.105752603012854e-5,6.264509387730007e-5,-5.0326300073439084e-5,1.4160164730255542e-11,2.8412949266535657e-8,0.013273525472203888
6,0.029088820866572156,8,9,41,8.04253143492195,0.02874800469164463,0.2339477562242201,0.0008362455587466265,0.0003169279980935088,6.264509387048304e-5,-5.032630006156689e-5,5.048822272938476e-5,6.105752603144923e-5,5.048822272524572e-5,6.105752602321916e-5,-5.9490148587855176e-5,5.0625718344537585e-5,0.0,0.0,0.0,0.0,0.0,0.0,0.0,0.0,1.4160164730255542e-11,2.8412949266535657e-8,0.013273525472203888
6,0.029088820866572156,8,9,42,7.990146260346741,-0.023336569824299193,0.23242393326493774,-0.0006788332992592925,0.0002579069291216667,-3.8839555281191964e-5,5.0323016702133606e-5,-5.047745829996025e-5,-4.011059183503406e-5,-5.047745830083517e-5,-4.011059184425712e-5,4.140181617175963e-5,-5.0615851624383185e-5,0.0,0.0,0.0,0.0,0.0,0.0,0.0,0.0,1.4160164730255542e-11,2.8412949266535657e-8,0.013273525472203888
6,0.029088820866572156,8,7,43,7.990146260348032,-0.023336569826453685,-0.23242393326497532,0.0006788332993219641,0.00025790692900116324,0.0,0.0,0.0,0.0,0.0,0.0,0.0,0.0,4.140181614469215e-5,-5.0615851607791714e-5,5.04774582827393e-5,4.0110591807566474e-5,5.0477458284324075e-5,4.011059181731864e-5,-3.883955525387156e-5,5.0323016684986427e-5,1.4160164730255542e-11,2.8412949266535657e-8,0.013273525472203888
6,0.029088820866572156,8,9,44,8.064465304940821,0.024178641073212985,0.23458578664010973,0.0007033281589758364,0.00023492770332891825,-3.532482613066355e-5,4.588104633842429e-5,-4.602309476681167e-5,-3.648244774560423e-5,-4.6023094770550534e-5,-3.648244774736101e-5,3.765847568083322e-5,-4.6150546538650325e-5,0.0,0.0,0.0,0.0,0.0,0.0,0.0,0.0,1.4160164730255542e-11,2.8412949266535657e-8,0.013273525472203888
6,0.029088820866572156,8,7,45,8.064465304938198,0.02417864107523933,-0.23458578664003343,-0.0007033281590347804,0.0002349277032406581,0.0,0.0,0.0,0.0,0.0,0.0,0.0,0.0,3.7658475603249855e-5,-4.615054657202546e-5,4.602309480085876e-5,3.648244767451596e-5,4.602309480325595e-5,3.6482447663222e-5,-3.5324826053007724e-5,4.588104637176999e-5,1.4160164730255542e-11,2.8412949266535657e-8,0.013273525472203888
6,0.029088820866572156,8,9,46,8.056347296195504,0.026461100047493268,0.23434964333792396,0.0007697221992139756,0.0001589246769536188,1.6504132183632753e-5,-3.6760022565958224e-5,3.647037171945561e-5,1.5758171677899765e-5,3.6470371717345965e-5,1.5758171682837452e-5,-1.50267980645502e-5,3.617441468482371e-5,0.0,0.0,0.0,0.0,0.0,0.0,0.0,0.0,1.4160164730255542e-11,2.8412949266535657e-8,0.013273525472203888
6,0.029088820866572156,8,7,47,8.05634729619487,0.026461100050682133,-0.2343496433379055,-0.000769722199306736,0.0001589246769430781,0.0,0.0,0.0,0.0,0.0,0.0,0.0,0.0,-1.5026798020523958e-5,3.617441470111787e-5,-3.647037173583331e-5,-1.575817163613933e-5,-3.647037173341678e-5,-1.575817163624009e-5,1.6504132139288006e-5,-3.6760022582097224e-5,1.4160164730255542e-11,2.8412949266535657e-8,0.013273525472203888
6,0.029088820866572156,8,7,48,8.011637914136374,-0.01739046679998563,-0.23304910013215077,0.0005058681735308523,0.00014436053293998759,0.0,0.0,0.0,0.0,0.0,0.0,0.0,0.0,-3.243485780843559e-5,1.4629765354900352e-5,-1.4371375936236665e-5,-3.310333895355977e-5,-1.4371375932180112e-5,-3.31033389637292e-5,3.377756601073587e-5,-1.4099744028745195e-5,1.4160164730255542e-11,2.8412949266535657e-8,0.013273525472203888
6,0.029088820866572156,8,9,49,8.011637914136358,-0.01739046680394764,0.2330491001321503,-0.0005058681736461025,0.00014436053289806157,3.377756598652648e-5,-1.4099744057957e-5,1.4371375964538171e-5,3.310333893272834e-5,1.4371375962303424e-5,3.310333893635114e-5,-3.243485778442114e-5,1.4629765384106557e-5,0.0,0.0,0.0,0.0,0.0,0.0,0.0,0.0,1.4160164730255542e-11,2.8412949266535657e-8,0.013273525472203888
6,0.029088820866572156,8,9,50,11.594673526048126,-0.0022833542760012995,0.33727538120560047,-6.642008350952336e-5,0.00011229109859337554,-1.5715601379301562e-5,2.2782619603403808e-5,-2.2879336632361305e-5,-1.6264619299269695e-5,-2.2879336628004594e-5,-1.6264619332028955e-5,1.682278768514329e-5,-2.2969545979005394e-5,0.0,0.0,0.0,0.0,0.0,0.0,0.0,0.0,1.4160164730255542e-11,2.8412949266535657e-8,0.013273525472203888
6,0.029088820866572156,8,7,51,11.59467352604751,-0.0022833542777984384,-0.33727538120558254,6.642008356180001e-5,0.00011229109858094966,0.0,0.0,0.0,0.0,0.0,0.0,0.0,0.0,1.6822787737274437e-5,-2.296954593736979e-5,2.2879336587449778e-5,1.6264619353038744e-5,2.287933659324256e-5,1.626461937960492e-5,-1.5715601428522643e-5,2.2782619565295088e-5,1.4160164730255542e-11,2.8412949266535657e-8,0.013273525472203888
6,0.029088820866572156,8,7,52,11.599325548011384,0.002201587224376002,-0.33741070303915704,-6.404157639200732e-5,8.108264756911161e-5,0.0,0.0,0.0,0.0,0.0,0.0,0.0,0.0,-1.1725081848427149e-5,1.618406677247833e-5,-1.624472147432437e-5,-1.2123022609628404e-5,-1.6244721478449753e-5,-1.2123022591770632e-5,1.2527460271449081e-5,-1.6300525672113345e-5,1.4160164730255542e-11,2.8412949266535657e-8,0.013273525472203888
6,0.029088820866572156,8,9,53,11.59932554800749,0.0022015872248105986,0.3374107030390438,6.404157640464922e-5,8.108264737440467e-5,1.2527460029966117e-5,-1.630052579250043e-5,1.6244721593801336e-5,1.212302237495667e-5,1.6244721597321236e-5,1.212302234434616e-5,-1.1725081607789286e-5,1.618406689039023e-5,0.0,0.0,0.0,0.0,0.0,0.0,0.0,0.0,1.4160164730255542e-11,2.8412949266535657e-8,0.013273525472203888
6,0.029088820866572156,8,9,54,7.996473536130052,-0.02214931725672378,0.2326079862567719,-0.0006442975219977134,6.0439823982710996e-5,-1.4033911020650785e-5,4.997130278985383e-6,-4.866483551277625e-6,-1.4304030273479008e-5,-4.866483550204361e-6,-1.4304030276058537e-5,1.4576094977901858e-5,-4.730114821292943e-6,0.0,0.0,0.0,0.0,0.0,0.0,0.0,0.0,1.4160164730255542e-11,2.8412949266535657e-8,0.013273525472203888
6,0.029088820866572156,8,7,55,7.996473536130047,-0.02214931725386416,-0.23260798625677173,0.0006442975219145304,6.043982396705417e-5,0.0,0.0,0.0,0.0,0.0,0.0,0.0,0.0,1.4576094969363842e-5,-4.7301148335866344e-6,4.866483563108425e-6,1.4304030264011096e-5,4.866483562195444e-6,1.4304030269158459e-5,-1.403391101281667e-5,4.997130290530837e-6,1.4160164730255542e-11,2.8412949266535657e-8,0.013273525472203888
6,0.029088820866572156,8,7,56,8.674134288047245,0.018898031174271294,-0.2523203384775977,-0.0005497214435592739,8.930843938773307e-6,0.0,0.0,0.0,0.0,0.0,0.0,0.0,0.0,-1.7562140762076368e-6,1.327108013433673e-6,-1.320681701198514e-6,-1.8000832761937993e-6,-1.32068170059877e-6,-1.800083274620365e-6,1.8444806032659992e-6,-1.3135352494223074e-6,1.4160164730255542e-11,2.8412949266535657e-8,0.013273525472203888
6,0.029088820866572156,8,9,57,8.674134288046579,0.018898031178129278,0.25232033847757834,0.0005497214436714981,8.930843932745267e-6,1.8444805985221386e-6,-1.3135352533969828e-6,1.320681705216626e-6,1.8000832714844225e-6,1.3206817045051646e-6,1.8000832697782002e-6,-1.7562140713996633e-6,1.3271080173810729e-6,0.0,0.0,0.0,0.0,0.0,0.0,0.0,0.0,1.4160164730255542e-11,2.8412949266535657e-8,0.013273525472203888
6,0.029088820866572156,8,9,58,8.699931271026253,0.014323926832488329,0.2530707422943721,0.0004166661417361393,6.264421001922397e-6,-1.0739534778763408e-6,1.1093585048039037e-6,-1.1096397406548836e-6,-1.105052074499106e-6,-1.1096397413137056e-6,-1.1050520745720384e-6,1.1365944386581698e-6,-1.1094788675963085e-6,0.0,0.0,0.0,0.0,0.0,0.0,0.0,0.0,1.4160164730255542e-11,2.8412949266535657e-8,0.013273525472203888
6,0.029088820866572156,8,7,59,8.699931271022946,0.014323926837406159,-0.2530707422942759,-0.0004166661418791932,6.264420985031447e-6,0.0,0.0,0.0,0.0,0.0,0.0,0.0,0.0,1.1365944377709807e-6,-1.1094788625010718e-6,1.1096397352132568e-6,1.105052073872472e-6,1.1096397365512201e-6,1.1050520734754573e-6,-1.0739534770417957e-6,1.1093584996956127e-6,1.4160164730255542e-11,2.8412949266535657e-8,0.013273525472203888
6,0.029088820866572156,8,9,60,8.64617628829859,-0.009011555692912378,0.2515070732311214,-0.0002621355292802667,5.9159432749793e-6,-7.247887008271345e-7,1.2652551490668167e-6,-1.2727492683769698e-6,-7.531863376805672e-7,-1.2727492691118943e-6,-7.531863390123108e-7,7.820930152902428e-7,-1.279942012083793e-6,0.0,0.0,0.0,0.0,0.0,0.0,0.0,0.0,1.4160164730255542e-11,2.8412949266535657e-8,0.013273525472203888
6,0.029088820866572156,8,7,61,8.64617628830162,-0.00901155569654142,-0.2515070732312095,0.0002621355293858312,5.915943241621849e-6,0.0,0.0,0.0,0.0,0.0,0.0,0.0,0.0,7.820930123603396e-7,-1.279942004057175e-6,1.2727492604372739e-6,7.531863347653968e-7,1.2727492610655087e-6,7.531863361911343e-7,-7.2478869802119e-7,1.2652551411070143e-6,1.4160164730255542e-11,2.8412949266535657e-8,0.013273525472203888
6,0.029088820866572156,8,9,62,8.696869205990632,0.01621381498845223,0.25298167043306913,0.0004716407597628296,3.8909934924816325e-6,4.895175443654859e-7,-8.565384650165148e-7,8.512529232659154e-7,4.706519480915101e-7,8.512529225852648e-7,4.7065194750409654e-7,-4.5212681474094625e-7,8.45779051969725e-7,0.0,0.0,0.0,0.0,0.0,0.0,0.0,0.0,1.4160164730255542e-11,2.8412949266535657e-8,0.013273525472203888
6,0.029088820866572156,8,7,63,8.696869205990712,0.01621381499488319,-0.25298167043307146,-0.00047164075994989864,3.890993480640685e-6,0.0,0.0,0.0,0.0,0.0,0.0,0.0,0.0,-4.521268083580225e-7,8.457790521492628e-7,-8.512529233180886e-7,-4.706519418904805e-7,-8.512529228214518e-7,-4.7065194095029817e-7,4.895175379926129e-7,-8.565384651215912e-7,1.4160164730255542e-11,2.8412949266535657e-8,0.013273525472203888
6,0.029088820866572156,8,9,64,5.113278344004609,0.004420513947269222,0.1487392377896728,0.0001285875383502982,3.7063285581296117e-6,-8.763468756891457e-7,-2.5796464649940235e-7,2.7418280465315356e-7,-8.850380882530694e-7,2.7418280406810287e-7,-8.850380852058239e-7,8.936195538510017e-7,2.9075495551506274e-7,0.0,0.0,0.0,0.0,0.0,0.0,0.0,0.0,1.4160164730255542e-11,2.8412949266535657e-8,0.013273525472203888
6,0.029088820866572156,8,7,65,5.11327834400649,0.004420513946303259,-0.1487392377897275,-0.00012858753832219947,3.70632854652625e-6,0.0,0.0,0.0,0.0,0.0,0.0,0.0,0.0,8.936195519973023e-7,2.907549516872248e-7,-2.74182800827151e-7,8.850380866153287e-7,-2.741828002697314e-7,8.850380831322463e-7,-8.763468738305193e-7,-2.5796464270323044e-7,1.4160164730255542e-11,2.8412949266535657e-8,0.013273525472203888
6,0.029088820866572156,8,7,66,8.676213833616542,-0.003745591988497249,-0.25238083000614686,0.00010895485439266427,2.6269495796736306e-6,0.0,0.0,0.0,0.0,0.0,0.0,0.0,0.0,-5.572391104871501e-7,3.297263056394534e-7,-3.263954461297945e-7,-5.698481358211505e-7,-3.263954461801754e-7,-5.698481358513704e-7,5.8258767377273e-7,-3.228366213065881e-7,1.4160164730255542e-11,2.8412949266535657e-8,0.013273525472203888
6,0.029088820866572156,8,9,67,8.6762138336191,-0.003745591995435532,0.25238083000622125,-0.00010895485459449074,2.6269495777577658e-6,5.825876725874583e-7,-3.2283662239987163e-7,3.2639544715525644e-7,5.698481347081416e-7,3.2639544733574317e-7,5.698481346115923e-7,-5.572391093190363e-7,3.29726306727052e-7,0.0,0.0,0.0,0.0,0.0,0.0,0.0,0.0,1.4160164730255542e-11,2.8412949266535657e-8,0.013273525472203888
6,0.029088820866572156,8,9,68,5.115615652109799,0.006754852684867495,0.14880722732645466,0.00019649069973019453,1.4996384304568344e-6,3.860518010960896e-8,3.7826495025443743e-7,-3.7237794335386046e-7,4.333392492884509e-8,-3.723779423673458e-7,4.3333923619193996e-8,-4.791371379889258e-8,-3.6650823924812817e-7,0.0,0.0,0.0,0.0,0.0,0.0,0.0,0.0,1.4160164730255542e-11,2.8412949266535657e-8,0.013273525472203888
6,0.029088820866572156,8,7,69,5.115615652111277,0.0067548526826177666,-0.14880722732649765,-0.00019649069966475258,1.499638429535866e-6,0.0,0.0,0.0,0.0,0.0,0.0,0.0,0.0,-4.7913714508215e-8,-3.6650823890483525e-7,3.723779431304646e-7,-4.333392573438396e-8,3.7237794195727825e-7,-4.3333924270955436e-8,3.8605180857236344e-8,3.7826494996528283e-7,1.4160164730255542e-11,2.8412949266535657e-8,0.013273525472203888
6,0.029088820866572156,8,7,70,12.155915127048607,0.0407062254682786,-0.35360123759997164,-0.0011840961008010534,1.0290003803411551e-6,0.0,0.0,0.0,0.0,0.0,0.0,0.0,0.0,-5.53818668800657e-8,2.475047834921546e-7,-2.502100829357155e-7,-5.971523721300741e-8,-2.5021008298487633e-7,-5.971523685953063e-8,6.414868644141697e-8,-2.5289147632055363e-7,1.4160164730255542e-11,2.8412949266535657e-8,0.013273525472203888
6,0.029088820866572156,8,9,71,12.15591512705217,0.04070622547159381,0.3536012376000753,0.001184096100897489,1.0290003623167595e-6,6.414868568341019e-8,-2.528914718392781e-7,2.5021007850201375e-7,5.971523637918123e-8,2.502100785002585e-7,5.971523623899095e-8,-5.5381866183989495e-8,2.4750477905507057e-7,0.0,0.0,0.0,0.0,0.0,0.0,0.0,0.0,1.4160164730255542e-11,2.8412949266535657e-8,0.013273525472203888
6,0.029088820866572156,8,7,72,8.667959955894089,-0.007039916884003832,-0.25214073443562385,0.0002047828811543443,9.780572848396073e-7,0.0,0.0,0.0,0.0,0.0,0.0,0.0,0.0,2.247731036116935e-7,-1.0475300572230138e-7,1.0640608642330457e-7,2.2013409673836588e-7,1.0640608622706835e-7,2.2013409738672222e-7,-2.155376353364976e-7,1.079711047833308e-7,1.4160164730255542e-11,2.8412949266535657e-8,0.013273525472203888
6,0.029088820866572156,8,9,73,8.667959955895968,-0.007039916889608585,0.2521407344356785,-0.00020478288131737995,9.78057281395118e-7,-2.1553763395326178e-7,1.0797110566248382e-7,-1.0640608733735798e-7,-2.2013409539490177e-7,-1.0640608708818025e-7,-2.2013409595942589e-7,2.247731022239854e-7,-1.0475300661805757e-7,0.0,0.0,0.0,0.0,0.0,0.0,0.0,0.0,1.4160164730255542e-11,2.8412949266535657e-8,0.013273525472203888
6,0.029088820866572156,8,7,74,12.073070027262919,-0.03192442501974091,-0.35119137133263245,0.0009286438806675576,1.0291840063931255e-7,0.0,0.0,0.0,0.0,0.0,0.0,0.0,0.0,2.1703503627181745e-8,-1.4487664328725598e-8,1.4585447153248698e-8,2.1194595266460477e-8,1.4585447263536252e-8,2.1194595232675886e-8,-2.069151935353323e-8,1.4674751084310704e-8,1.4160164730255542e-11,2.8412949266535657e-8,0.013273525472203888
6,0.029088820866572156,8,9,75,12.073070027257346,-0.031924425017945714,0.35119137133247036,-0.0009286438806153374,1.0291839755188273e-7,-2.0691519321410874e-8,1.4674749764683484e-8,-1.4585445887012215e-8,-2.1194595206252353e-8,-1.4585445896003566e-8,-2.119459523102942e-8,2.1703503598097118e-8,-1.4487663014606215e-8,0.0,0.0,0.0,0.0,0.0,0.0,0.0,0.0,1.4160164730255542e-11,2.8412949266535657e-8,0.013273525472203888
6,0.029088820866572156,8,9,76,12.107018172223642,0.0024356822533141906,0.35217888284014737,7.085112475454532e-5,9.442964516681566e-8,-4.107199812210924e-9,2.2909509449727958e-8,-2.3174534577360928e-8,-4.493895333319031e-9,-2.3174534613235235e-8,-4.4938954379615725e-9,4.889860413095311e-9,-2.3437760329187984e-8,0.0,0.0,0.0,0.0,0.0,0.0,0.0,0.0,1.4160164730255542e-11,2.8412949266535657e-8,0.013273525472203888
6,0.029088820866572156,8,7,77,12.10701817222246,0.002435682254025691,-0.352178882840113,-7.085112477524202e-5,9.442964357543969e-8,0.0,0.0,0.0,0.0,0.0,0.0,0.0,0.0,4.889859042290636e-9,-2.3437760192986856e-8,2.317453440905544e-8,4.493893967702222e-9,2.31745344969095e-8,4.49389409260943e-9,-4.107198471845161e-9,2.2909509301358213e-8,1.4160164730255542e-11,2.8412949266535657e-8,0.013273525472203888
6,0.029088820866572156,8,7,78,12.104781190833409,0.008865358865395662,-0.352113811689205,-0.00025788283595337176,7.816170862907097e-8,0.0,0.0,0.0,0.0,0.0,0.0,0.0,0.0,-8.567306446721106e-10,1.9246029152971727e-8,-1.9505878375586856e-8,-1.1449147703512998e-9,-1.950587828504723e-8,-1.144914756330265e-9,1.4409011409277926e-9,-1.9765267981341245e-8,1.4160164730255542e-11,2.8412949266535657e-8,0.013273525472203888
6,0.029088820866572156,8,9,79,12.10478119083158,0.008865358862769256,0.35211381168915185,0.0002578828358769727,7.81617042510607e-8,1.4409018244431362e-9,-1.9765266839551248e-8,1.9505877223720843e-8,1.1449154545921031e-9,1.9505877161638728e-8,1.1449154745142262e-9,-8.56731363411747e-10,1.9246028020139133e-8,0.0,0.0,0.0,0.0,0.0,0.0,0.0,0.0,1.4160164730255542e-11,2.8412949266535657e-8,0.013273525472203888
7,0.01679443855772424,9,8,0,0.4053484502350466,0.06561674199532423,-0.006807599641941232,-0.0011019963417985166,74.52847171418475,0.0,0.0,0.0,0.0,0.0,0.0,0.0,0.0,-12.759581825097223,13.21493317282818,-13.218765268093248,-13.129560370126377,-13.218765267831495,-13.12956037087864,13.50482537143704,-13.217344481654857,2.0879469123159474e-11,2.345089590372551e-6,0.015153408684017343
7,0.01679443855772424,9,10,1,0.40534845023532995,0.06561674198483583,0.00680759964194599,0.0011019963416223698,74.52847171397883,13.504825371442372,-13.217344481576824,13.218765268015318,13.129560370131731,13.21876526775324,13.12956037088442,-12.759581825103053,13.21493317275004,0.0,0.0,0.0,0.0,0.0,0.0,0.0,0.0,2.0879469123159474e-11,2.345089590372551e-6,0.015153408684017343
7,0.01679443855772424,9,8,2,2.1319276846833937,0.007910987117043744,-0.035804528509926555,-0.0001328605870681392,4.652734148185588,0.0,0.0,0.0,0.0,0.0,0.0,0.0,0.0,-0.929266512249566,0.6720111019203685,-0.6681836841320578,-0.9520458160900854,-0.6681836841090385,-0.9520458161358366,0.975092317275563,-0.6639753945547131,2.0879469123159474e-11,2.345089590372551e-6,0.015153408684017343
7,0.01679443855772424,9,10,3,2.131927684683533,0.007910987117068363,0.03580452850992889,0.00013286058706855265,4.6527341480977,0.9750923172286956,-0.6639753945835684,0.6681836841615878,0.9520458160430033,0.6681836841368498,0.9520458160889944,-0.9292665122025057,0.6720111019488384,0.0,0.0,0.0,0.0,0.0,0.0,0.0,0.0,2.0879469123159474e-11,2.345089590372551e-6,0.015153408684017343
7,0.01679443855772424,9,8,4,6.7473875276580575,0.005998507635137526,-0.11331858525840811,-0.00010074156791635692,3.3640851806593446,0.0,0.0,0.0,0.0,0.0,0.0,0.0,0.0,-0.6185035898873193,0.5522475373916559,-0.5511843289897712,-0.6351707948218879,-0.5511843289842805,-0.635170794880837,0.6520584227243378,-0.5498670081794749,2.0879469123159474e-11,2.345089590372551e-6,0.015153408684017343
7,0.01679443855772424,9,10,5,6.747387527652076,0.005998507634612189,0.11331858525830765,0.00010074156790753418,3.364085178977331,0.6520584226154817,-0.5498670076633019,0.5511843284795188,0.6351707947071837,0.5511843284622,0.6351707947777226,-0.6185035897785623,0.5522475368754542,0.0,0.0,0.0,0.0,0.0,0.0,0.0,0.0,2.0879469123159474e-11,2.345089590372551e-6,0.015153408684017343
7,0.01679443855772424,9,8,6,6.717365600866723,-0.0022809100247676017,-0.11281438385352655,3.8306603266656765e-5,2.6258050427040787,0.0,0.0,0.0,0.0,0.0,0.0,0.0,0.0,0.46780516745151274,-0.47371269635191415,0.473537568571694,0.45458480577197186,0.47353756857177803,0.45458480582784827,-0.4415538228012121,0.47318056899312505,2.0879469123159474e-11,2.345089590372551e-6,0.015153408684017343
7,0.01679443855772424,9,10,7,6.717365600863571,-0.0022809100137229713,0.11281438385347362,-3.8306603081168394e-5,2.625805040918125,-0.44155382269825494,0.47318056847291684,-0.47353756805756775,-0.4545848056628069,-0.4735375680457332,-0.45458480573094806,0.46780516734861655,-0.4737126958319121,0.0,0.0,0.0,0.0,0.0,0.0,0.0,0.0,2.0879469123159474e-11,2.345089590372551e-6,0.015153408684017343
7,0.01679443855772424,9,8,8,2.0993250455621313,-0.0019584000885065136,-0.035256985490384855,3.289022995786436e-5,2.2497704394820173,0.0,0.0,0.0,0.0,0.0,0.0,0.0,0.0,0.3870536700028495,-0.419014411251582,0.41848670056829745,0.37573786578722296,0.41848670056273995,0.37573786581358826,-0.36458942621245444,0.41780866126015165,2.0879469123159474e-11,2.345089590372551e-6,0.015153408684017343
7,0.01679443855772424,9,10,9,2.0993250455619243,-0.0019584000893115433,0.03525698549038138,-3.2890229971384375e-5,2.249770439423303,-0.36458942617283324,0.41780866127586835,-0.4184867005852472,-0.37573786574713297,-0.4184867005775266,-0.3757378657743963,0.387053669963186,-0.4190144112675906,0.0,0.0,0.0,0.0,0.0,0.0,0.0,0.0,2.0879469123159474e-11,2.345089590372551e-6,0.015153408684017343
7,0.01679443855772424,9,8,10,2.2636135343588735,0.12469413190951724,-0.038016118421223107,-0.0020941679368631488,0.802643052341783,0.0,0.0,0.0,0.0,0.0,0.0,0.0,0.0,-0.028686999259721693,0.19574236411707935,-0.1980986623581081,-0.031900411361256674,-0.19809866236020454,-0.03190041136980627,0.03519306038108018,-0.20044218458927282,2.0879469123159474e-11,2.345089590372551e-6,0.015153408684017343
7,0.01679443855772424,9,10,11,2.263613534359038,0.12469413190902735,0.03801611842122587,0.0020941679368549214,0.8026430523373067,0.03519306037854769,-0.20044218458858382,0.19809866235733137,0.03190041135885752,0.19809866235952558,0.03190041136716639,-0.028686999257216156,0.19574236411631316,0.0,0.0,0.0,0.0,0.0,0.0,0.0,0.0,2.0879469123159474e-11,2.345089590372551e-6,0.015153408684017343
7,0.01679443855772424,9,10,12,6.879930565516178,0.1261556693718831,0.11554457116397043,0.002118713637974665,0.20597954723562095,-0.005054116117635845,-0.051980505514513095,0.05117502247260044,-0.005707480148961863,0.051175022474174756,-0.005707480146267839,0.006340373712829497,0.05037181833022196,0.0,0.0,0.0,0.0,0.0,0.0,0.0,0.0,2.0879469123159474e-11,2.345089590372551e-6,0.015153408684017343
7,0.01679443855772424,9,8,13,6.879930565511698,0.12615566937955713,-0.11554457116389519,-0.0021187136381035456,0.2059795472330129,0.0,0.0,0.0,0.0,0.0,0.0,0.0,0.0,0.006340373712406325,0.05037181832958113,-0.05117502247214452,0.005707480148635534,-0.051175022473393776,0.005707480145914476,-0.005054116117380778,-0.051980505513920215,2.0879469123159474e-11,2.345089590372551e-6,0.015153408684017343
7,0.01679443855772424,9,10,14,4.580403555443432,0.06536604031429737,0.07692530608147638,0.0010977859478201928,0.0035304758996798644,0.0006696139330966888,-0.0005940537858345852,0.0005949911017675287,0.000651861917584262,0.0005949911017515899,0.0006518619176163415,-0.0006343478463860344,0.0005956676253284758,0.0,0.0,0.0,0.0,0.0,0.0,0.0,0.0,2.0879469123159474e-11,2.345089590372551e-6,0.015153408684017343
7,0.01679443855772424,9,8,15,4.58040355544322,0.06536604031111926,-0.07692530608147281,-0.0010977859477668181,0.0035304758996694482,0.0,0.0,0.0,0.0,0.0,0.0,0.0,0.0,-0.0006343478464165563,0.0005956676252909059,-0.000594991101730995,-0.0006518619176146004,-0.0005949911017125109,-0.0006518619176479509,0.0006696139331281362,-0.000594053785796535,2.0879469123159474e-11,2.345089590372551e-6,0.015153408684017343
7,0.01679443855772424,9,8,16,4.631006835022506,0.0599522402865356,-0.07777515975118648,-0.001006864215890142,0.0016673320415195782,0.0,0.0,0.0,0.0,0.0,0.0,0.0,0.0,0.0002464227982699451,-0.0003434993703746665,0.00034207845344533234,0.0002381485232792039,0.00034207845352192965,0.00023814852327052428,-0.00023001106060383745,0.0003405622498206983,2.0879469123159474e-11,2.345089590372551e-6,0.015153408684017343
7,0.01679443855772424,9,10,17,4.631006835020683,0.05995224027518616,0.07777515975115586,0.0010068642156995345,0.0016673320405804419,-0.00023001106045395924,0.00034056224963881075,-0.00034207845328100187,-0.0002381485231401718,-0.00034207845332257463,-0.00023814852311007282,0.0002464227981204178,-0.0003434993701928042,0.0,0.0,0.0,0.0,0.0,0.0,0.0,0.0,2.0879469123159474e-11,2.345089590372551e-6,0.015153408684017343
7,0.01679443855772424,9,8,18,9.202027319340573,0.06667414902835586,-0.15454288242116515,-0.001119754899245272,0.0014527860405397035,0.0,0.0,0.0,0.0,0.0,0.0,0.0,0.0,-0.00020340714717669378,0.0002946963921873593,-0.0002959456671890454,-0.0002105105195864829,-0.00029594566716560183,-0.00021051051955813335,0.00021773225338899723,-0.00029711071428716566,2.0879469123159474e-11,2.345089590372551e-6,0.015153408684017343
7,0.01679443855772424,9,10,19,9.202027319336231,0.0666741490350426,0.15454288242109224,0.0011197548993575719,0.001452786040008037,0.00021773225296360568,-0.0002971107144327577,0.0002959456673310728,0.0002105105191629784,0.00029594566730150733,0.000210510519132288,-0.00020340714675284497,0.0002946963923197389,0.0,0.0,0.0,0.0,0.0,0.0,0.0,0.0,2.0879469123159474e-11,2.345089590372551e-6,0.015153408684017343
7,0.01679443855772424,9,8,20,9.247654362933059,0.060215729058928115,-0.15530916300134975,-0.0010112893618887382,0.001334587382317218,0.0,0.0,0.0,0.0,0.0,0.0,0.0,0.0,0.00021497439242203719,-0.0002613198644797296,0.00026062244551121056,0.0002082907316968314,0.00026062244562991536,0.00020829073170569118,-0.00020171130329169567,0.0002598416895229596,2.0879469123159474e-11,2.345089590372551e-6,0.015153408684017343
7,0.01679443855772424,9,10,21,9.247654362936721,0.060215729043287904,0.15530916300141126,0.0010112893616260697,0.0013345873791099265,-0.00020171130226924672,0.0002598416893136627,-0.00026062244535278364,-0.00020829073068380174,-0.00026062244536978615,-0.0002082907306738811,0.00021497439139972667,-0.00026131986427005405,0.0,0.0,0.0,0.0,0.0,0.0,0.0,0.0,2.0879469123159474e-11,2.345089590372551e-6,0.015153408684017343
7,0.01679443855772424,9,10,22,9.19966315854176,0.06448764572154664,0.1545031776678889,0.0010830338038028036,0.0011466961035425831,0.00025901896019475706,-0.00013206122396763735,0.0001338056979733827,0.00025351492254489766,0.0001338056979742732,0.00025351492255910283,-0.00024806438690506754,0.00013544875531064707,0.0,0.0,0.0,0.0,0.0,0.0,0.0,0.0,2.0879469123159474e-11,2.345089590372551e-6,0.015153408684017343
7,0.01679443855772424,9,8,23,9.199663158542123,0.06448764571919706,-0.15450317766789498,-0.0010830338037633436,0.0011466961026391502,0.0,0.0,0.0,0.0,0.0,0.0,0.0,0.0,-0.00024806438659014676,0.00013544875542011764,-0.00013380569808928738,-0.00025351492222942747,-0.00013380569808870733,-0.00025351492224223065,0.0002590189598774173,-0.00013206122408857557,2.0879469123159474e-11,2.345089590372551e-6,0.015153408684017343
7,0.01679443855772424,9,8,24,4.6370406810616505,0.06640771511959856,-0.07787649480775766,-0.001115280291334953,0.0008038824326968761,0.0,0.0,0.0,0.0,0.0,0.0,0.0,0.0,-9.99584046818558e-5,0.00017107687040477458,-0.00017206206384278905,-0.0001038257844071629,-0.00017206206392575237,-0.0001038257844480129,0.0001077619806898903,-0.00017300571328667032,2.0879469123159474e-11,2.345089590372551e-6,0.015153408684017343
7,0.01679443855772424,9,10,25,4.637040681061851,0.06640771510946138,0.07787649480776103,0.0011152802911647047,0.0008038824316709125,0.00010776198054426608,-0.00017300571307587453,0.00017206206364747993,0.00010382578427415372,0.00017206206369836815,0.00010382578428854783,-9.995840453512244e-5,0.00017107687019281926,0.0,0.0,0.0,0.0,0.0,0.0,0.0,0.0,2.0879469123159474e-11,2.345089590372551e-6,0.015153408684017343
7,0.01679443855772424,9,8,26,9.25332219774694,0.06581736216105118,-0.15540435110488682,-0.0011053656448452582,0.0006616635013725022,0.0,0.0,0.0,0.0,0.0,0.0,0.0,0.0,-8.634682937119558e-5,0.00013835084695271426,-0.00013906854320982508,-8.955231129137915e-5,-0.000139068543325513,-8.955231135529853e-5,9.281341352695764e-5,-0.0001397504075346786,2.0879469123159474e-11,2.345089590372551e-6,0.015153408684017343
7,0.01679443855772424,9,10,27,9.253322197750855,0.06581736214990537,0.15540435110495257,0.0011053656446580707,0.0006616634988112038,9.281341235625668e-5,-0.0001397504075304214,0.0001390685432533844,8.955231014006796e-5,0.00013906854326845605,8.955231016231265e-5,-8.634682819771802e-5,0.00013835084694304228,0.0,0.0,0.0,0.0,0.0,0.0,0.0,0.0,2.0879469123159474e-11,2.345089590372551e-6,0.015153408684017343
7,0.01679443855772424,9,8,28,10.952629304709978,0.00012459209143724642,-0.1839432599034817,-2.0924542244211954e-6,8.06115156006592e-5,0.0,0.0,0.0,0.0,0.0,0.0,0.0,0.0,1.3338812367850191e-5,-1.5486225765515424e-5,1.5453249520279312e-5,1.2934256936439655e-5,1.545324952040392e-5,1.2934256937519338e-5,-1.2535881770927279e-5,1.5415098336333946e-5,2.0879469123159474e-11,2.345089590372551e-6,0.015153408684017343
7,0.01679443855772424,9,10,29,10.952629304709646,0.00012459209241691416,0.18394325990347613,2.092454240874165e-6,8.061151557215508e-5,-1.2535881770287006e-5,1.541509832770547e-5,-1.545324951155431e-5,-1.2934256935434861e-5,-1.5453249511860913e-5,-1.2934256936949608e-5,1.3338812366915118e-5,-1.5486225756879635e-5,0.0,0.0,0.0,0.0,0.0,0.0,0.0,0.0,2.0879469123159474e-11,2.345089590372551e-6,0.015153408684017343
7,0.01679443855772424,9,10,30,10.984664265233087,0.009745155505256037,0.18448126907968618,0.00016366441536849063,5.538543642961845e-5,1.1081723423440636e-5,-8.625370030990068e-6,8.657933229124175e-6,1.0804752885079196e-5,8.657933227671114e-6,1.0804752883573031e-5,-1.0531244653983688e-5,8.686173832182098e-6,0.0,0.0,0.0,0.0,0.0,0.0,0.0,0.0,2.0879469123159474e-11,2.345089590372551e-6,0.015153408684017343
7,0.01679443855772424,9,8,31,10.984664265233395,0.009745155506293686,-0.18448126907969134,-0.00016366441538591736,5.538543641920817e-5,0.0,0.0,0.0,0.0,0.0,0.0,0.0,0.0,-1.053124465722927e-5,8.686173824162635e-6,-8.657933221006132e-6,-1.0804752888106069e-5,-8.657933219542245e-6,-1.0804752886894586e-5,1.1081723426541754e-5,-8.62537002276299e-6,2.0879469123159474e-11,2.345089590372551e-6,0.015153408684017343
7,0.01679443855772424,9,8,32,10.98120145297069,0.008059804433858973,-0.18442311309190842,-0.00013535989035171793,5.036987601129472e-5,0.0,0.0,0.0,0.0,0.0,0.0,0.0,0.0,-9.898639282821569e-6,7.493327535890728e-6,-7.457294371034698e-6,-1.0146091995364964e-5,-7.457294369872828e-6,-1.014609199745541e-5,1.0396526815941779e-5,-7.417202171793889e-6,2.0879469123159474e-11,2.345089590372551e-6,0.015153408684017343
7,0.01679443855772424,9,10,33,10.98120145297161,0.008059804431064702,0.18442311309192386,0.0001353598903047897,5.036987600150497e-5,1.0396526814851268e-5,-7.417202169100955e-6,7.457294368264096e-6,1.0146091994711523e-5,7.457294367346882e-6,1.0146091995926741e-5,-9.89863928172981e-6,7.493327533285423e-6,0.0,0.0,0.0,0.0,0.0,0.0,0.0,0.0,2.0879469123159474e-11,2.345089590372551e-6,0.015153408684017343
7,0.01679443855772424,9,10,34,9.255956371490967,0.06628200463906712,0.15544859057398125,0.001113169054393606,3.759806238986547e-5,5.544838933920315e-6,7.754416190088898e-6,-7.567449670243368e-6,5.574564185779721e-6,-7.567449672827646e-6,5.574564180964788e-6,-5.601262007077565e-6,-7.382712373084801e-6,0.0,0.0,0.0,0.0,0.0,0.0,0.0,0.0,2.0879469123159474e-11,2.345089590372551e-6,0.015153408684017343
7,0.01679443855772424,9,8,35,9.255956371488896,0.06628200464766369,-0.15544859057394647,-0.0011131690545379805,3.759806183853057e-5,0.0,0.0,0.0,0.0,0.0,0.0,0.0,0.0,-5.601261890396362e-6,-7.382712288764913e-6,7.567449583379013e-6,-5.574564074618607e-6,7.567449587696173e-6,-5.574564060797743e-6,5.544838819315378e-6,7.754416102441524e-6,2.0879469123159474e-11,2.345089590372551e-6,0.015153408684017343
7,0.01679443855772424,9,10,36,6.366382932885358,0.00976617698476602,0.1069198270012874,0.0001640174593145135,1.277199713405648e-5,2.4409726451614498e-6,-2.127981576628501e-6,2.131929351289302e-6,2.3767840391177173e-6,2.131929351249805e-6,2.3767840399855297e-6,-2.313448015499153e-6,2.1349262417824415e-6,0.0,0.0,0.0,0.0,0.0,0.0,0.0,0.0,2.0879469123159474e-11,2.345089590372551e-6,0.015153408684017343
7,0.01679443855772424,9,8,37,6.36638293288524,0.00976617698521648,-0.10691982700128541,-0.00016401745932207872,1.2771997107114002e-5,0.0,0.0,0.0,0.0,0.0,0.0,0.0,0.0,-2.3134480142714216e-6,2.134926232994511e-6,-2.131929342609655e-6,-2.3767840379113777e-6,-2.131929342393867e-6,-2.3767840388211054e-6,2.4409726440237507e-6,-2.127981567879652e-6,2.0879469123159474e-11,2.345089590372551e-6,0.015153408684017343
7,0.01679443855772424,9,10,38,6.335230016276062,0.0005220432833823244,0.10639663125739866,8.76742384723707e-6,1.1740761318259304e-5,-1.9249940751246362e-6,2.1607076849561476e-6,-2.163647426494846e-6,-1.9832071871453985e-6,-2.1636474262930935e-6,-1.983207185881413e-6,2.0422855981844228e-6,-2.165793711894532e-6,0.0,0.0,0.0,0.0,0.0,0.0,0.0,0.0,2.0879469123159474e-11,2.345089590372551e-6,0.015153408684017343
7,0.01679443855772424,9,8,39,6.3352300162761495,0.0005220432841070571,-0.10639663125740013,-8.76742385940855e-6,1.1740761291062446e-5,0.0,0.0,0.0,0.0,0.0,0.0,0.0,0.0,2.0422856030429745e-6,-2.165793698072096e-6,2.16364741284985e-6,1.9832071917470096e-6,2.163647412590377e-6,1.9832071909881736e-6,-1.924994079975859e-6,2.1607076714285397e-6,2.0879469123159474e-11,2.345089590372551e-6,0.015153408684017343
7,0.01679443855772424,9,8,40,11.11420566464465,0.12346108727416365,-0.18665684415278527,-0.0020734596444957716,4.828694701378786e-6,0.0,0.0,0.0,0.0,0.0,0.0,0.0,0.0,2.0533606591830593e-8,1.1899865715611722e-6,-1.207107489933105e-6,3.754478695391824e-9,-1.2071074899680195e-6,3.754478492641359e-9,1.3507492681372442e-8,-1.2242298135627188e-6,2.0879469123159474e-11,2.345089590372551e-6,0.015153408684017343
7,0.01679443855772424,9,10,41,11.114205664641812,0.12346108727472427,0.18665684415273762,0.002073459644505187,4.828694690898176e-6,1.3507491291222974e-8,-1.2242298109024685e-6,1.2071074873050509e-6,-3.75448006061904e-9,1.2071074873478315e-6,-3.754479837237923e-9,2.0533607912452314e-8,1.1899865689726075e-6,0.0,0.0,0.0,0.0,0.0,0.0,0.0,0.0,2.0879469123159474e-11,2.345089590372551e-6,0.015153408684017343
7,0.01679443855772424,9,10,42,10.951350803824294,-0.000312023405655365,0.18392178819891108,-5.240257914850894e-6,4.350667820519966e-6,-9.869673719674376e-7,-4.192976052617029e-7,4.3938377554376343e-7,-9.949085523994759e-7,4.3938377565221007e-7,-9.94908552461885e-7,1.0026738997987517e-6,4.5986787418782603e-7,0.0,0.0,0.0,0.0,0.0,0.0,0.0,0.0,2.0879469123159474e-11,2.345089590372551e-6,0.015153408684017343
7,0.01679443855772424,9,8,43,10.951350803825978,-0.0003120234064032182,-0.18392178819893937,5.240257927410668e-6,4.350667820135282e-6,0.0,0.0,0.0,0.0,0.0,0.0,0.0,0.0,1.0026738975361526e-6,4.598678788825691e-7,-4.393837802268137e-7,9.949085502294685e-7,-4.3938378026266974e-7,9.949085503173535e-7,-9.869673699130445e-7,-4.192976098597557e-7,2.0879469123159474e-11,2.345089590372551e-6,0.015153408684017343
7,0.01679443855772424,9,8,44,9.197078022862001,0.06240091368589706,-0.15445976176555182,-0.0010479883108436517,1.6320581080907415e-6,0.0,0.0,0.0,0.0,0.0,0.0,0.0,0.0,-1.8291356454390786e-7,-3.711830111122775e-7,3.6338387624783956e-7,-1.8550302571954253e-7,3.633838645907266e-7,-1.8550302890958404e-7,1.8794712174391447e-7,3.55658901861878e-7,2.0879469123159474e-11,2.345089590372551e-6,0.015153408684017343
7,0.01679443855772424,9,10,45,9.197078022859548,0.06240091369653069,0.15445976176551063,0.0010479883110222376,1.6320580944021918e-6,1.8794712220517489e-7,3.5565889773793036e-7,-3.633838724313145e-7,1.8550302580384525e-7,-3.6338386023189193e-7,1.855030297858041e-7,-1.8291356504099698e-7,-3.711830070622252e-7,0.0,0.0,0.0,0.0,0.0,0.0,0.0,0.0,2.0879469123159474e-11,2.345089590372551e-6,0.015153408684017343
7,0.01679443855772424,9,10,46,11.110018295452408,0.12491458542533086,0.18658651963816766,0.002097870329889315,1.3842209412564073e-6,-2.2818691795562519e-7,-2.6666058447657767e-7,2.5970809249280864e-7,-2.2867872623445246e-7,2.5970809255474766e-7,-2.2867872625893195e-7,2.2906663301058282e-7,2.528470512806859e-7,0.0,0.0,0.0,0.0,0.0,0.0,0.0,0.0,2.0879469123159474e-11,2.345089590372551e-6,0.015153408684017343
7,0.01679443855772424,9,8,47,11.110018295458014,0.1249145854280529,-0.1865865196382618,-0.00209787032993503,1.3842209370690345e-6,0.0,0.0,0.0,0.0,0.0,0.0,0.0,0.0,2.290666323010884e-7,2.5284705052234546e-7,-2.597080917128618e-7,2.286787255452571e-7,-2.597080917866586e-7,2.286787255380613e-7,-2.281869172553178e-7,-2.666605836868502e-7,2.0879469123159474e-11,2.345089590372551e-6,0.015153408684017343
7,0.01679443855772424,9,8,48,11.138641128075534,0.11615143609612498,-0.18706722404200476,-0.0019506981569078045,7.52544424561586e-7,0.0,0.0,0.0,0.0,0.0,0.0,0.0,0.0,7.298656498241889e-8,-1.762947801202288e-7,1.7481970598047075e-7,6.949623160469994e-8,1.7481970564221558e-7,6.94962310770511e-8,-6.607582002029423e-8,1.7331681902447835e-7,2.0879469123159474e-11,2.345089590372551e-6,0.015153408684017343
7,0.01679443855772424,9,10,49,11.138641128076273,0.11615143609769775,0.18706722404201717,0.0019506981569342183,7.525444213067522e-7,-6.607581942588771e-8,1.7331681838003593e-7,-1.7481970534772432e-7,-6.949623102034688e-8,-1.7481970499605025e-7,-6.949623047288559e-8,7.298656438871205e-8,-1.7629477948565142e-7,0.0,0.0,0.0,0.0,0.0,0.0,0.0,0.0,2.0879469123159474e-11,2.345089590372551e-6,0.015153408684017343
7,0.01679443855772424,9,8,50,6.494243465180629,0.12356723771240713,-0.10906717285487824,-0.002075242381508727,7.280219451055775e-7,0.0,0.0,0.0,0.0,0.0,0.0,0.0,0.0,1.7070996007396073e-7,-5.529145175476151e-8,5.362456418903094e-8,1.7391690936340836e-7,5.362456377169171e-8,1.7391690910853274e-7,-1.7714529430979404e-7,5.188810515468052e-8,2.0879469123159474e-11,2.345089590372551e-6,0.015153408684017343
7,0.01679443855772424,9,10,51,6.494243465180264,0.12356723771218747,0.10906717285487211,0.002075242381505038,7.280219419315875e-7,-1.771452940091884e-7,5.18881034097404e-8,-5.3624562498176146e-8,-1.739169089280782e-7,-5.3624562014309164e-8,-1.7391690894605705e-7,1.7070995977682144e-7,-5.529145005081399e-8,0.0,0.0,0.0,0.0,0.0,0.0,0.0,0.0,2.0879469123159474e-11,2.345089590372551e-6,0.015153408684017343
7,0.01679443855772424,9,8,52,10.968774718502852,0.01719778349826573,-0.18421441306341513,-0.00028882711829066764,3.4779319635821205e-7,0.0,0.0,0.0,0.0,0.0,0.0,0.0,0.0,4.8429155650452405e-8,-7.07324011963191e-8,7.10378753877681e-8,5.0128546304743634e-8,7.10378751710948e-8,5.012854640722037e-8,-5.185634820047955e-8,7.132329226198865e-8,2.0879469123159474e-11,2.345089590372551e-6,0.015153408684017343
7,0.01679443855772424,9,10,53,10.96877471850153,0.017197783498350105,0.18421441306339295,0.0002888271182920847,3.4779319515144765e-7,-5.185634798184748e-8,7.132329204990666e-8,-7.103787518750933e-8,-5.0128546086106464e-8,-7.103787494204554e-8,-5.012854618762736e-8,4.8429155431024504e-8,-7.073240097906727e-8,0.0,0.0,0.0,0.0,0.0,0.0,0.0,0.0,2.0879469123159474e-11,2.345089590372551e-6,0.015153408684017343
7,0.01679443855772424,9,8,54,10.939497378165829,0.005457365765841431,-0.18372271656999142,-9.16533940414516e-5,2.4610186944816107e-7,0.0,0.0,0.0,0.0,0.0,0.0,0.0,0.0,-2.058845402767192e-8,5.8904121587048186e-8,-5.835830483566406e-8,-1.9475957963416616e-8,-5.835830479730758e-8,-1.947595803145927e-8,1.8386803730093277e-8,-5.7804692994478555e-8,2.0879469123159474e-11,2.345089590372551e-6,0.015153408684017343
7,0.01679443855772424,9,10,55,10.939497378164244,0.005457365766451755,0.1837227165699648,9.165339405170165e-5,2.46101868432029e-7,1.8386803777455796e-8,-5.7804692711338066e-8,5.835830456142031e-8,1.947595800043203e-8,5.835830450775225e-8,1.9475958078757734e-8,-2.058845406462681e-8,5.8904121306591594e-8,0.0,0.0,0.0,0.0,0.0,0.0,0.0,0.0,2.0879469123159474e-11,2.345089590372551e-6,0.015153408684017343
7,0.01679443855772424,9,10,56,11.120623611498118,0.11569467191103817,0.1867646299668826,0.0019430270588659951,1.944487669445285e-7,-9.587316052959385e-9,-4.836087116731568e-8,4.754335781656552e-8,-1.012610727616983e-8,4.754335788052799e-8,-1.0126107271905813e-8,1.0645880342880432e-8,4.672989116925105e-8,0.0,0.0,0.0,0.0,0.0,0.0,0.0,0.0,2.0879469123159474e-11,2.345089590372551e-6,0.015153408684017343
7,0.01679443855772424,9,8,57,11.120623611498356,0.1156946719107105,-0.1867646299668866,-0.0019430270588604922,1.9444876646706172e-7,0.0,0.0,0.0,0.0,0.0,0.0,0.0,0.0,1.0645880782783738e-8,4.672989095045789e-8,-4.7543357602731826e-8,1.0126107722801423e-8,-4.754335766085762e-8,1.0126107714804571e-8,-9.587316502579177e-9,-4.836087095262227e-8,2.0879469123159474e-11,2.345089590372551e-6,0.015153408684017343
7,0.01679443855772424,9,8,58,8.871611768221907,0.06640985978887748,-0.14899373874938612,-0.0011153163098513844,5.0749032284731194e-8,0.0,0.0,0.0,0.0,0.0,0.0,0.0,0.0,-7.905811637859143e-9,9.693314575954528e-9,-9.716974797923314e-9,-8.15664299538088e-9,-9.716974805462465e-9,-8.156643005624517e-9,8.411360500448478e-9,-9.737371592984187e-9,2.0879469123159474e-11,2.345089590372551e-6,0.015153408684017343
7,0.01679443855772424,9,10,59,8.871611768221936,0.06640985977877649,0.1489937387493866,0.001115316309681744,5.074903220675002e-8,8.411360459100504e-9,-9.737371599774548e-9,9.716974807907755e-9,8.156642955143433e-9,9.71697481358827e-9,8.156642963691691e-9,-7.905811596963801e-9,9.693314587201351e-9,0.0,0.0,0.0,0.0,0.0,0.0,0.0,0.0,2.0879469123159474e-11,2.345089590372551e-6,0.015153408684017343
7,0.01679443855772424,9,10,60,9.27588550454115,0.05889947267094121,0.15578328917450127,0.0009891835748544802,9.015747981019017e-11,-1.839225768627193e-11,1.2471250982615048e-11,-1.2383769151678732e-11,-1.883121544098666e-11,-1.2383771285591878e-11,-1.8831213702745717e-11,1.9275123440570795e-11,-1.2288755959094308e-11,0.0,0.0,0.0,0.0,0.0,0.0,0.0,0.0,2.0879469123159474e-11,2.345089590372551e-6,0.015153408684017343
7,0.01679443855772424,9,8,61,9.275885504541145,0.05889947267301401,-0.15578328917450118,-0.0009891835748892916,9.015746859584578e-11,0.0,0.0,0.0,0.0,0.0,0.0,0.0,0.0,1.9275163322001854e-11,-1.2288688777729777e-11,1.2383704047597749e-11,1.8831254705722188e-11,1.2383704062537949e-11,1.8831254741943855e-11,-1.8392298099012216e-11,1.247118583170249e-11,2.0879469123159474e-11,2.345089590372551e-6,0.015153408684017343
7,0.01679443855772424,9,8,62,9.286621906143253,0.0666710991207666,-0.15596360101153883,-0.0011197036777596573,2.0279979777455378e-11,0.0,0.0,0.0,0.0,0.0,0.0,0.0,0.0,-3.10186138191631e-12,3.919694840288248e-12,-3.930625179265353e-12,-3.2019468567347187e-12,-3.930625390764195e-12,-3.2019468633663868e-12,3.3036043345751874e-12,-3.940274631691531e-12,2.0879469123159474e-11,2.345089590372551e-6,0.015153408684017343
7,0.01679443855772424,9,10,63,9.286621906143175,0.06667109911865966,0.15596360101153753,0.0011197036777242724,2.027993773084795e-11,3.3036172143273325e-12,-3.94024992367299e-12,3.93060117022479e-12,3.201960376218351e-12,3.930601019688137e-12,3.2019594486029803e-12,-3.1018745972305034e-12,3.919671163570934e-12,0.0,0.0,0.0,0.0,0.0,0.0,0.0,0.0,2.0879469123159474e-11,2.345089590372551e-6,0.015153408684017343
7,0.01679443855772424,9,10,64,9.282802057571217,0.06525899668568631,0.15589944879939596,0.0010959882101764886,6.309075192856597e-12,-6.865241950358199e-13,-1.4448422837713207e-12,1.4148389499871725e-12,-6.969643545357744e-13,1.4148391833954512e-12,-6.969632677357832e-13,7.068374400158842e-13,1.3851145260697163e-12,0.0,0.0,0.0,0.0,0.0,0.0,0.0,0.0,2.0879469123159474e-11,2.345089590372551e-6,0.015153408684017343
7,0.01679443855772424,9,8,65,9.28280205757125,0.06525899668814558,-0.1558994487993965,-0.0010959882102177907,6.309022337808523e-12,0.0,0.0,0.0,0.0,0.0,0.0,0.0,0.0,7.068296637024994e-13,1.3851038030029918e-12,-1.414828225099923e-12,6.969560710311298e-13,-1.4148280676005657e-12,6.969560850036314e-13,-6.865165075983767e-13,-1.4448311649081115e-12,2.0879469123159474e-11,2.345089590372551e-6,0.015153408684017343
7,0.01679443855772424,9,10,66,11.113346074049169,0.12471802606454147,0.18664240781134467,0.002094569225781592,5.821035238569638e-13,1.4348905569815346e-14,-1.4689183373432856e-13,1.4501485765046735e-13,1.2097714802174399e-14,1.4501486555569998e-13,1.2097710034451047e-14,-9.904524239746397e-15,1.4313303870289843e-13,0.0,0.0,0.0,0.0,0.0,0.0,0.0,0.0,2.0879469123159474e-11,2.345089590372551e-6,0.015153408684017343
7,0.01679443855772424,9,8,67,11.113346074048831,0.12471802606468471,-0.186642407811339,-0.0020945692257839975,5.820986258632527e-13,0.0,0.0,0.0,0.0,0.0,0.0,0.0,0.0,-9.903320209744069e-15,1.4313191040247778e-13,-1.4501374103861552e-13,-1.2096472729812468e-14,-1.4501373155557368e-13,-1.2096473210490611e-14,1.4347630238471794e-14,-1.4689071202856165e-13,2.0879469123159474e-11,2.345089590372551e-6,0.015153408684017343
7,0.01679443855772424,9,8,68,10.984924340059289,0.008265372667588956,-0.18448563689037523,-0.00013881229342251603,3.2030908399843744e-13,0.0,0.0,0.0,0.0,0.0,0.0,0.0,0.0,-2.575145607098652e-14,-7.463106155120898e-14,7.605571306625292e-14,-2.5045058243352815e-14,7.605573813092575e-14,-2.504505430696048e-14,2.430823233056202e-14,7.749040157438465e-14,2.0879469123159474e-11,2.345089590372551e-6,0.015153408684017343
7,0.01679443855772424,9,10,69,10.984924340059173,0.008265372667561208,0.18448563689037328,0.00013881229342205002,3.2030328645464615e-13,2.4309674319662224e-14,7.748841169375708e-14,-7.605373860787598e-14,2.50464493612102e-14,-7.605374337175803e-14,2.5046449052874175e-14,-2.5752800687395115e-14,-7.46290828756382e-14,0.0,0.0,0.0,0.0,0.0,0.0,0.0,0.0,2.0879469123159474e-11,2.345089590372551e-6,0.015153408684017343
7,0.01679443855772424,9,8,70,4.669706823029374,0.06619490002811607,-0.07842510432195249,-0.0011117061813568938,1.600630085002034e-13,0.0,0.0,0.0,0.0,0.0,0.0,0.0,0.0,1.252084616614793e-14,3.741231225224231e-14,-3.81209112352125e-14,1.2161220611975771e-14,-3.8120933001941944e-14,1.2161248544990136e-14,-1.178637357221057e-14,-3.883439326755695e-14,2.0879469123159474e-11,2.345089590372551e-6,0.015153408684017343
7,0.01679443855772424,9,10,71,4.669706823029488,0.06619490002455747,0.07842510432195439,0.0011117061812971293,1.6006001936753701e-13,-1.178467810021266e-14,-3.8834120495239695e-14,3.812068561276758e-14,-1.2159563071739688e-14,3.8120663013157714e-14,-1.2159541959700609e-14,1.2519177731448493e-14,3.741208900340518e-14,0.0,0.0,0.0,0.0,0.0,0.0,0.0,0.0,2.0879469123159474e-11,2.345089590372551e-6,0.015153408684017343
7,0.01679443855772424,9,8,72,10.955844512012842,0.00022238681482927847,-0.18399725750497997,-3.734861697698315e-6,2.594963781544018e-14,0.0,0.0,0.0,0.0,0.0,0.0,0.0,0.0,-6.5688055670454236e-15,-3.7447297521892804e-16,2.7757892996264967e-16,-6.4811471537272555e-15,2.775837895388025e-16,-6.481140031776519e-15,6.393370096259429e-15,1.8328217642288705e-16,2.0879469123159474e-11,2.345089590372551e-6,0.015153408684017343
7,0.01679443855772424,9,10,73,10.955844512011987,0.00022238681442545566,0.18399725750496562,3.7348616909163378e-6,2.5948547777024737e-14,6.393101782547316e-15,1.8327602214170492e-16,-2.775736457487454e-16,6.480869018385867e-15,-2.7757080202769176e-16,6.480873462229319e-15,-6.568529143133714e-15,-3.7446076639621323e-16,0.0,0.0,0.0,0.0,0.0,0.0,0.0,0.0,2.0879469123159474e-11,2.345089590372551e-6,0.015153408684017343
7,0.01679443855772424,9,10,74,9.203681082029627,0.06899774570348506,0.15457065643703552,0.0011587784008386616,4.855338020088018e-19,-1.123630974032732e-19,-5.027958961677478e-20,4.8003651740545374e-20,-1.1148710413376007e-19,4.800797998427413e-20,-1.1147407205769052e-19,1.105788337533871e-19,4.57763708402753e-20,0.0,0.0,0.0,0.0,0.0,0.0,0.0,0.0,2.0879469123159474e-11,2.345089590372551e-6,0.015153408684017343
7,0.01679443855772424,9,8,75,9.203681139517293,0.06899774714525678,-0.1545706574025086,-0.001158778425052408,4.512215560199147e-19,0.0,0.0,0.0,0.0,0.0,0.0,0.0,0.0,1.0934023906758026e-19,2.0309215145089627e-20,-2.2168259770888606e-20,1.106062249669406e-19,-2.2160885131538062e-20,1.1059509950393185e-19,-1.1185237748570842e-19,-2.4064322202940828e-20,2.0879469123159474e-11,2.345089590372551e-6,0.015153408684017343
7,0.01679443855772424,9,8,76,6.854121521886372,0.1344154808723517,-0.11511112276649603,-0.0022574325347176683,2.6710706305831132e-19,0.0,0.0,0.0,0.0,0.0,0.0,0.0,0.0,-3.7827731185139173e-20,5.3742594333655497e-20,-5.3961023038293803e-20,-3.93908020600005e-20,-5.4058420894858965e-20,-3.913326514845504e-20,4.0723294555142095e-20,-5.425913783019585e-20,2.0879469123159474e-11,2.345089590372551e-6,0.015153408684017343
7,0.01679443855772424,9,10,77,6.854121195398166,0.13441548217284055,0.11511111728330993,0.0022574325565586487,1.7354716434469966e-19,3.98265045083042e-20,1.904578257587792e-20,-1.8205294861316747e-20,3.9532322133945646e-20,-1.814149313533588e-20,3.925509471699042e-20,-3.895610886395741e-20,-1.7322041033743758e-20,0.0,0.0,0.0,0.0,0.0,0.0,0.0,0.0,2.0879469123159474e-11,2.345089590372551e-6,0.015153408684017343
7,0.01679443855772424,9,8,78,9.259008030316997,0.07160249480568005,-0.15549984147063414,-0.0012025236995937627,2.2970560241675463e-20,0.0,0.0,0.0,0.0,0.0,0.0,0.0,0.0,5.6556509552484965e-21,2.341132788835788e-22,-3.1978167145202602e-22,5.757657443286421e-21,-3.208584627965988e-22,5.7091995122267814e-21,-5.810956616714594e-21,-4.0891285380682665e-22,2.0879469123159474e-11,2.345089590372551e-6,0.015153408684017343
7,0.01679443855772424,9,8,79,4.643069985627629,0.07206338517456863,-0.07797775359283679,-0.0012102640945759087,9.25573063650113e-21,0.0,0.0,0.0,0.0,0.0,0.0,0.0,0.0,2.0672556484407137e-21,-9.581958222888684e-22,9.401046059020926e-22,2.113614984599749e-21,9.385768025688055e-22,2.1154703910092137e-21,-2.1622495715900367e-21,9.194290737744965e-22,2.0879469123159474e-11,2.345089590372551e-6,0.015153408684017343
8,0.009696273622190719,10,11,0,0.348245789035333,0.14627298316272386,0.0033766864582622934,0.0014183028682798666,33.237952747778294,6.8291156675753015,-4.938050892965395,4.963453528154478,6.663694155322554,4.963453527989686,6.663694155635951,-6.500257491618683,4.986190288545953,0.0,0.0,0.0,0.0,0.0,0.0,0.0,0.0,4.467723402182815e-11,0.0035532104736264386,0.01302243611340744
8,0.009696273622190719,10,9,1,0.3482457891292075,0.14627298315548493,-0.0033766864591725262,-0.0014183028682096758,33.237952698106156,0.0,0.0,0.0,0.0,0.0,0.0,0.0,0.0,-6.5002574840314296,4.986190278323278,-4.9634535178945285,-6.663694147480349,-4.963453517732181,-6.663694147793639,6.829115659473895,-4.938050882673775,4.467723402182815e-11,0.0035532104736264386,0.01302243611340744
8,0.009696273622190719,10,11,2,1.1121021327351865,0.07193677510540748,0.010783246574822231,0.0006975186549200285,25.921338138431043,5.782107831845154,-3.1244666404011157,3.160913708837231,5.65678015097698,3.1609137086209262,5.6567801511885465,-5.5327163832091815,3.19509781221338,0.0,0.0,0.0,0.0,0.0,0.0,0.0,0.0,4.467723402182815e-11,0.0035532104736264386,0.01302243611340744
8,0.009696273622190719,10,9,3,1.1121021325511107,0.07193677514078771,-0.010783246573037381,-0.000697518655263085,25.921337954795362,0.0,0.0,0.0,0.0,0.0,0.0,0.0,0.0,-5.532716351612127,3.19509777642146,-3.1609136729872,-5.656780118417347,-3.160913672779445,-5.656780118633383,5.782107798313047,-3.124466604514527,4.467723402182815e-11,0.0035532104736264386,0.01302243611340744
8,0.009696273622190719,10,11,4,0.14955164889650563,-0.05078221778781028,0.0014500937083503152,-0.0004923982788122891,16.81693824930087,-1.339336518402433,3.922645979529528,-3.9589003046667637,-1.4145421419371704,-3.9589003046816122,-1.414542142111703,1.4913312125414537,-3.9945884962720477,0.0,0.0,0.0,0.0,0.0,0.0,0.0,0.0,4.467723402182815e-11,0.0035532104736264386,0.01302243611340744
8,0.009696273622190719,10,9,5,0.1495516488971883,-0.05078221778533015,-0.0014500937083569347,0.0004923982787882412,16.816938249231285,0.0,0.0,0.0,0.0,0.0,0.0,0.0,0.0,1.4913312126764076,-3.994588496203517,3.958900304598946,1.4145421420704658,3.958900304616181,1.4145421422479174,-1.3393365185369677,3.9226459794648028,4.467723402182815e-11,0.0035532104736264386,0.01302243611340744
8,0.009696273622190719,10,9,6,1.0798354176886433,0.03811394905178091,-0.01047037967684169,-0.0003695632788283042,5.706012699188756,0.0,0.0,0.0,0.0,0.0,0.0,0.0,0.0,-0.32208041483623656,-1.4104392843330409,1.3860044249251067,-0.3371937076376918,1.386004424916492,-0.3371937076065503,0.35175257168559165,1.3617043321056477,4.467723402182815e-11,0.0035532104736264386,0.01302243611340744
8,0.009696273622190719,10,11,7,1.0798354176898526,0.03811394903560346,0.010470379676853415,0.00036956327867144323,5.706012699038764,0.35175257165066437,1.3617043320754671,-1.3860044248990069,0.3371937076014378,-1.3860044248823054,0.3371937075733054,-0.3220804148016565,-1.4104392843029556,0.0,0.0,0.0,0.0,0.0,0.0,0.0,0.0,4.467723402182815e-11,0.0035532104736264386,0.01302243611340744
8,0.009696273622190719,10,11,8,3.8724552015454146,0.013564408875566841,0.037548385223860045,0.00013152421998076843,3.402381219874829,0.7162917056042045,-0.48074793185504394,0.4839382855104992,0.699459629775074,0.48393828548463685,0.69945962980464,-0.6828210733249225,0.48684881658427154,0.0,0.0,0.0,0.0,0.0,0.0,0.0,0.0,4.467723402182815e-11,0.0035532104736264386,0.01302243611340744
8,0.009696273622190719,10,9,9,3.8724552015275715,0.013564408053805807,-0.03754838522368704,-0.0001315242120127486,3.4023811240295005,0.0,0.0,0.0,0.0,0.0,0.0,0.0,0.0,-0.6828210594151105,0.48684879540109943,-0.4839382642258169,-0.6994596153628366,-0.48393826420400415,-0.6994596153950136,0.716291690683639,-0.4807479104786982,4.467723402182815e-11,0.0035532104736264386,0.01302243611340744
8,0.009696273622190719,10,11,10,11.678664181825877,0.013348970043199543,0.1132395234486618,0.00012943526611328983,3.185746652247868,0.6143561132613286,-0.5244123553105862,0.5255638755906131,0.5983565442256591,0.5255638756054652,0.5983565443151219,-0.5825671529532511,0.5264760112316358,0.0,0.0,0.0,0.0,0.0,0.0,0.0,0.0,4.467723402182815e-11,0.0035532104736264386,0.01302243611340744
8,0.009696273622190719,10,9,11,11.67866424351456,0.013348892524134376,-0.11323952404681215,-0.00012943451446722305,3.185746608881616,0.0,0.0,0.0,0.0,0.0,0.0,0.0,0.0,-0.5825671556550204,0.5264759923170917,-0.5255638563484407,-0.5983565466852203,-0.5255638563997663,-0.5983565467680674,0.6143561154639355,-0.5244123357765386,4.467723402182815e-11,0.0035532104736264386,0.01302243611340744
8,0.009696273622190719,10,9,12,11.646769370812239,-0.010194429612419773,-0.11293026263394551,9.88479789441858e-5,2.7384332617832836,0.0,0.0,0.0,0.0,0.0,0.0,0.0,0.0,0.4738728825285689,-0.5074736123613031,0.5069057131513955,0.46009595213904636,0.5069057132087172,0.46009595222341465,-0.44652174730344757,0.5061537350724977,4.467723402182815e-11,0.0035532104736264386,0.01302243611340744
8,0.009696273622190719,10,11,13,11.646769370797694,-0.010194429605959204,0.11293026263380447,-9.884797888154236e-5,2.7384332592754133,-0.4465217469854691,0.5061537345144584,-0.5069057126117404,-0.46009595181740265,-0.5069057126321759,-0.46009595190895985,0.47387288221066964,-0.507473611803014,0.0,0.0,0.0,0.0,0.0,0.0,0.0,0.0,4.467723402182815e-11,0.0035532104736264386,0.01302243611340744
8,0.009696273622190719,10,9,14,3.8423728761142613,-0.008897898619421418,-0.037256698765287796,8.627645967642312e-5,2.180802537360183,0.0,0.0,0.0,0.0,0.0,0.0,0.0,0.0,0.33619011216007916,-0.43899430290180663,0.43747482097814666,0.3253149166685494,0.4374748209690134,0.32531491668851614,-0.31461468509293306,0.43582517808597043,4.467723402182815e-11,0.0035532104736264386,0.01302243611340744
8,0.009696273622190719,10,11,15,3.8423728761143345,-0.008897898621149439,0.03725669876528851,-8.627645969317847e-5,2.180802537254514,-0.3146146850557575,0.43582517808058885,-0.43747482097503326,-0.32531491663222006,-0.43747482096161944,-0.32531491665043644,0.3361901121228506,-0.4389943028966702,0.0,0.0,0.0,0.0,0.0,0.0,0.0,0.0,4.467723402182815e-11,0.0035532104736264386,0.01302243611340744
8,0.009696273622190719,10,11,16,4.366163082598076,0.15809631211756892,0.042335511927978645,0.0015329451009512144,0.2936416982784951,0.05270188177617848,-0.052589327634619966,0.05258060026819064,0.05122335524961971,0.05258060026714649,0.05122335525279044,-0.049765856867623914,0.05255137935297726,0.0,0.0,0.0,0.0,0.0,0.0,0.0,0.0,4.467723402182815e-11,0.0035532104736264386,0.01302243611340744
8,0.009696273622190719,10,9,17,4.366163083616096,0.15809631193048296,-0.04233551193784964,-0.0015329450991371778,0.29364168498610765,0.0,0.0,0.0,0.0,0.0,0.0,0.0,0.0,-0.04976585546705984,0.05255137616708182,-0.052580597057358555,-0.051223353783538775,-0.05258059705627124,-0.051223353786734246,0.05270188024332118,-0.0525893243993948,4.467723402182815e-11,0.0035532104736264386,0.01302243611340744
8,0.009696273622190719,10,11,18,4.2473749645310175,0.08968957707174234,0.041183709832135346,0.0008696546803461767,0.07791080985357515,0.006387042644308842,0.018109952971432707,-0.018457644611727272,0.006217581449664234,-0.018457644612014365,0.006217581449281564,-0.0060407366996826995,-0.018807821808179064,0.0,0.0,0.0,0.0,0.0,0.0,0.0,0.0,4.467723402182815e-11,0.0035532104736264386,0.01302243611340744
8,0.009696273622190719,10,9,19,4.247374964531628,0.08968957707315613,-0.041183709832141265,-0.0008696546803598853,0.07791080984435331,0.0,0.0,0.0,0.0,0.0,0.0,0.0,0.0,-0.0060407367003146,-0.01880782180554369,0.01845764460903415,-0.006217581450302305,0.01845764460941953,-0.006217581449897365,0.006387042644929672,0.018109952968780273,4.467723402182815e-11,0.0035532104736264386,0.01302243611340744
8,0.009696273622190719,10,9,20,4.137190578091855,-0.052294986600286066,-0.040115331872328026,0.0005070664991451709,0.07409912809896285,0.0,0.0,0.0,0.0,0.0,0.0,0.0,0.0,0.006650584144829576,-0.017571168676287333,0.01741544885566372,0.0063115276423563755,0.017415448855750044,0.00631152764303721,-0.005979436814905827,0.017257203030931784,4.467723402182815e-11,0.0035532104736264386,0.01302243611340744
8,0.009696273622190719,10,11,21,4.13719057809231,-0.05229498659817339,0.04011533187233244,-0.0005070664991246858,0.07409912809716188,-0.0059794368154899805,0.0172572030302345,-0.017415448854997677,-0.006311527642922884,-0.01741544885503911,-0.006311527643626489,0.006650584145401574,-0.0175711686756083,0.0,0.0,0.0,0.0,0.0,0.0,0.0,0.0,4.467723402182815e-11,0.0035532104736264386,0.01302243611340744
8,0.009696273622190719,10,11,22,4.791070347231743,0.052828099435262774,0.04645552902992328,0.0005122357070646068,0.05167053196365151,0.008262284602641471,-0.010167072875608611,0.010138521330061285,0.008003683180496211,0.010138521338974712,0.00800368318225592,-0.007749136528130648,0.010106767509190678,0.0,0.0,0.0,0.0,0.0,0.0,0.0,0.0,4.467723402182815e-11,0.0035532104736264386,0.01302243611340744
8,0.009696273622190719,10,9,23,4.79107034600641,0.05282809941343067,-0.04645552901804211,-0.0005122357068529168,0.05167051142120462,0.0,0.0,0.0,0.0,0.0,0.0,0.0,0.0,-0.007749134198910384,0.010106762915159726,-0.010138516704369322,-0.00800368075138472,-0.010138516713508034,-0.00800368075441434,0.008262282073046665,-0.01016706821946466,4.467723402182815e-11,0.0035532104736264386,0.01302243611340744
8,0.009696273622190719,10,11,24,4.228125687448282,0.09666565347410576,0.04099706357451178,0.0009372966259528003,0.04929877239922392,0.008350587153032663,-0.009300936829821544,0.009285863811408838,0.008102814750803222,0.00928586381131616,0.00810281475166502,-0.007858756046588573,0.009267548924259121,0.0,0.0,0.0,0.0,0.0,0.0,0.0,0.0,4.467723402182815e-11,0.0035532104736264386,0.01302243611340744
8,0.009696273622190719,10,9,25,4.228125692075263,0.09666565440052184,-0.04099706361937625,-0.0009372966349355842,0.04929877153482649,0.0,0.0,0.0,0.0,0.0,0.0,0.0,0.0,-0.007858756801711045,0.009267548004509145,-0.009285862867803703,-0.008102815503413876,-0.009285862867840961,-0.008102815504330764,0.008350587902811324,-0.009300935862190642,4.467723402182815e-11,0.0035532104736264386,0.01302243611340744
8,0.009696273622190719,10,9,26,4.788100477649892,0.049784634481815,-0.046426732361835435,-0.0004827254381164293,0.039414314574301446,0.0,0.0,0.0,0.0,0.0,0.0,0.0,0.0,0.0041988626797895764,-0.00906850342071481,0.00899882430856339,0.004013036997092071,0.008998824317719976,0.004013036999543395,-0.0038308105253146056,0.00892753927093187,4.467723402182815e-11,0.0035532104736264386,0.01302243611340744
8,0.009696273622190719,10,11,27,4.788100477649465,0.049784634470043845,0.04642673236183129,0.00048272543800229295,0.039414314497208724,-0.00383081051081034,0.008927539256293814,-0.008998824294042536,-0.00401303698318357,-0.008998824302976638,-0.004013036984430948,0.004198862665278744,-0.009068503406083051,0.0,0.0,0.0,0.0,0.0,0.0,0.0,0.0,4.467723402182815e-11,0.0035532104736264386,0.01302243611340744
8,0.009696273622190719,10,11,28,11.944334175455701,-0.051937479774764705,0.11581553240010224,-0.0005036000151431149,0.02702442392762465,-0.002701389063922255,0.0060885290466987365,-0.0061358712707730075,-0.002826922057202519,-0.006135871270693302,-0.0028269220573509564,0.002954909172885747,-0.0061820822351199185,0.0,0.0,0.0,0.0,0.0,0.0,0.0,0.0,4.467723402182815e-11,0.0035532104736264386,0.01302243611340744
8,0.009696273622190719,10,9,29,11.944334175486366,-0.0519374797763985,-0.11581553240039959,0.0005036000151589568,0.027024423923640482,0.0,0.0,0.0,0.0,0.0,0.0,0.0,0.0,0.002954909173884682,-0.00618208223352367,0.006135871269175437,0.00282692205812424,0.006135871269174562,0.0028269220584327672,-0.0027013890649263328,0.006088529045178078,4.467723402182815e-11,0.0035532104736264386,0.01302243611340744
8,0.009696273622190719,10,11,30,8.051170003192233,0.14030532590626194,0.07806634732972602,0.0013604388306377598,0.001682717263755127,0.0003391130368288015,-0.00025890493255754097,0.000259972682048752,0.0003307077233976796,0.0002599726820388617,0.00033070772342136726,-0.00032240637260221765,0.0002609081276480651,0.0,0.0,0.0,0.0,0.0,0.0,0.0,0.0,4.467723402182815e-11,0.0035532104736264386,0.01302243611340744
8,0.009696273622190719,10,9,31,8.051170016411007,0.14030532512029037,-0.07806634745789887,-0.0013604388230167644,0.0016827138475915954,0.0,0.0,0.0,0.0,0.0,0.0,0.0,0.0,-0.00032240589239581106,0.00026090738254863475,-0.00025997193330065226,-0.0003307072257140185,-0.0002599719332937809,-0.00033070722573790544,0.0003391125213686595,-0.00025890418036290925,4.467723402182815e-11,0.0035532104736264386,0.01302243611340744
8,0.009696273622190719,10,11,32,11.593417756234459,0.015847953693164565,0.11241295078081369,0.00015366609536073157,0.0010682658575281907,0.00025418969531809064,-9.35454378168511e-5,9.576718658770912e-5,0.0002492910177968626,9.576718664355741e-5,0.00024929101766099475,-0.0002444306270697459,9.788921134930523e-5,0.0,0.0,0.0,0.0,0.0,0.0,0.0,0.0,4.467723402182815e-11,0.0035532104736264386,0.01302243611340744
8,0.009696273622190719,10,9,33,11.593417759135571,0.015847948134731588,-0.11241295080894367,-0.0001536660414646445,0.0010682637251919268,0.0,0.0,0.0,0.0,0.0,0.0,0.0,0.0,-0.00024443046356276957,9.788820597261456e-5,-9.576616935250159e-5,-0.000249290837536737,-9.57661693903992e-5,-0.0002492908374075755,0.0002541894979042625,-9.35444087779132e-5,4.467723402182815e-11,0.0035532104736264386,0.01302243611340744
8,0.009696273622190719,10,11,34,8.098042717239373,0.1282901299211734,0.0785208379905418,0.001243936202742094,0.000983050113416435,-0.00012071289107344189,0.00021008920031086642,-0.00021132831944135498,-0.0001254333415875548,-0.00021132831944277032,-0.0001254333415866085,0.0001302383133904578,-0.00021251724833228747,0.0,0.0,0.0,0.0,0.0,0.0,0.0,0.0,4.467723402182815e-11,0.0035532104736264386,0.01302243611340744
8,0.009696273622190719,10,9,35,8.098042717238945,0.12829012992505046,-0.07852083799053763,-0.0012439362027796869,0.000983050113329866,0.0,0.0,0.0,0.0,0.0,0.0,0.0,0.0,0.00013023831337192942,-0.00021251724831820474,0.00021132831942594557,0.0001254333415728859,0.00021132831942988358,0.00012543334156414377,-0.0001207128910548452,0.0002100892002966466,4.467723402182815e-11,0.0035532104736264386,0.01302243611340744
8,0.009696273622190719,10,9,36,7.86336882821533,-0.04529230136678149,-0.07624537575058105,0.000439166547031036,0.0009478010518694183,0.0,0.0,0.0,0.0,0.0,0.0,0.0,0.0,0.00012332969254735807,-0.00020625229092176398,0.00020505561328497559,0.00011870976918807211,0.00020505561328455773,0.00011870976919263155,-0.00011417185857857385,0.0002038114353375426,4.467723402182815e-11,0.0035532104736264386,0.01302243611340744
8,0.009696273622190719,10,11,37,7.863368828215394,-0.04529230136659439,0.07624537575058167,-0.00043916654702922184,0.0009478010518612772,-0.00011417185862419417,0.00020381143530913247,-0.00020505561325629722,-0.00011870976923412767,-0.00020505561325515813,-0.00011870976923876008,0.00012332969259392894,-0.00020625229089208318,0.0,0.0,0.0,0.0,0.0,0.0,0.0,0.0,4.467723402182815e-11,0.0035532104736264386,0.01302243611340744
8,0.009696273622190719,10,11,38,5.1970441156838065,0.0554622506044984,0.05039196177226639,0.0005377771575637291,0.0009096395004449196,-0.00021906974983565875,4.771323272145083e-5,-4.524550390045292e-5,-0.00022285180123515826,-4.524550388506088e-5,-0.0002228518012362818,0.00022665193300850918,-4.268863072720505e-5,0.0,0.0,0.0,0.0,0.0,0.0,0.0,0.0,4.467723402182815e-11,0.0035532104736264386,0.01302243611340744
8,0.009696273622190719,10,9,39,5.1970441156837035,0.0554622506058957,-0.05039196177226539,-0.0005377771575772777,0.0009096395003809746,0.0,0.0,0.0,0.0,0.0,0.0,0.0,0.0,0.00022665193298421804,-4.268863076537565e-5,4.524550393535187e-5,0.0002228518012149524,4.524550392780276e-5,0.00022285180120810945,-0.0002190697498115358,4.771323276089576e-5,4.467723402182815e-11,0.0035532104736264386,0.01302243611340744
8,0.009696273622190719,10,11,40,8.070793845988174,0.13558466997464796,0.07825662547899431,0.0013146660590486131,0.0006905045880261387,5.323208878755731e-5,-0.00016678696790468255,0.000165170873092096,5.015366391065103e-5,0.00016517087309299766,5.015366391696103e-5,-4.714130337434266e-5,0.00016353470360194508,0.0,0.0,0.0,0.0,0.0,0.0,0.0,0.0,4.467723402182815e-11,0.0035532104736264386,0.01302243611340744
8,0.009696273622190719,10,9,41,8.070793846573496,0.13558466989836204,-0.07825662548466976,-0.0013146660583089238,0.0006905045132742125,0.0,0.0,0.0,0.0,0.0,0.0,0.0,0.0,-4.714135856592358e-5,0.00016353466851752946,-0.00016517083671964183,-5.015371938127454e-5,-0.00016517083672067936,-5.015371938321262e-5,5.323214451828434e-5,-0.00016678693022214393,4.467723402182815e-11,0.0035532104736264386,0.01302243611340744
8,0.009696273622190719,10,11,42,7.908437454161423,-0.02885358513516041,0.07668237347953054,-0.00027977225645169014,0.0005841743952903653,0.0001212105604934689,-8.512559933014469e-5,8.561210992238098e-5,0.00011830962344205049,8.561210991704453e-5,0.00011830962343999751,-0.00011544292176635083,8.60512898128537e-5,0.0,0.0,0.0,0.0,0.0,0.0,0.0,0.0,4.467723402182815e-11,0.0035532104736264386,0.01302243611340744
8,0.009696273622190719,10,9,43,7.908437453850306,-0.028853585150077923,-0.07668237347651385,0.0002797722565963344,0.000584173516009448,0.0,0.0,0.0,0.0,0.0,0.0,0.0,0.0,-0.00011544281865459879,8.605106551124456e-5,-8.561188392911376e-5,-0.0001183095156525705,-8.561188392271245e-5,-0.00011830951565396778,0.00012121044793931667,-8.512537168731406e-5,4.467723402182815e-11,0.0035532104736264386,0.01302243611340744
8,0.009696273622190719,10,9,44,11.564721937536635,-0.005757626241610504,-0.11213470827090682,5.582751945296102e-5,0.0005377703255551872,0.0,0.0,0.0,0.0,0.0,0.0,0.0,0.0,9.16030813657619e-5,-0.00010099659284653951,0.0001008458324382571,8.889948643998018e-5,0.00010084583246389373,8.889948648897728e-5,-8.623622278229023e-5,0.00010065950419487614,4.467723402182815e-11,0.0035532104736264386,0.01302243611340744
8,0.009696273622190719,10,11,45,11.564721937536609,-0.00575762624310993,0.11213470827090656,-5.5827519467499865e-5,0.0005377703243605919,-8.623622288814597e-5,0.00010065950370881771,-0.0001008458319480526,-8.8899486539122e-5,-0.0001008458319703727,-8.889948660242703e-5,9.160308147254148e-5,-0.00010099659234873577,0.0,0.0,0.0,0.0,0.0,0.0,0.0,0.0,4.467723402182815e-11,0.0035532104736264386,0.01302243611340744
8,0.009696273622190719,10,9,46,5.20386905173065,0.06217264872742337,-0.050458138219630536,-0.0006028430138774446,0.00043677593807867553,0.0,0.0,0.0,0.0,0.0,0.0,0.0,0.0,-7.36508399182763e-5,-7.851898255613236e-5,8.068570546022931e-5,-7.356596445764557e-5,8.068570546703195e-5,-7.356596443278047e-5,7.34488088059464e-5,8.28818483009748e-5,4.467723402182815e-11,0.0035532104736264386,0.01302243611340744
8,0.009696273622190719,10,11,47,5.203869052836092,0.062172648465655,0.0504581382303492,0.0006028430113392668,0.0004367745922170011,7.344821137379956e-5,8.288192178301073e-5,-8.068578623317147e-5,7.356537649551404e-5,-8.068578624362319e-5,7.356537647572889e-5,-7.365026139900104e-5,-7.85190703884055e-5,0.0,0.0,0.0,0.0,0.0,0.0,0.0,0.0,4.467723402182815e-11,0.0035532104736264386,0.01302243611340744
8,0.009696273622190719,10,9,48,8.761417731271539,0.07528373481474972,-0.08495310364072228,-0.0007299716920642588,0.00043445130204864784,0.0,0.0,0.0,0.0,0.0,0.0,0.0,0.0,-9.632727851516606e-5,4.6772790755614606e-5,-4.6052413601988554e-5,-9.83602646237581e-5,-4.6052413600006924e-5,-9.836026463628092e-5,0.0001004116638407758,-4.5292688657822546e-5,4.467723402182815e-11,0.0035532104736264386,0.01302243611340744
8,0.009696273622190719,10,11,49,8.761417727606766,0.07528373387942654,0.08495310360518764,0.0007299716829951093,0.0004344512892026484,0.00010041165560356495,-4.529269899733946e-5,4.605242368026468e-5,9.836025635885285e-5,4.605242367921668e-5,9.836025637163472e-5,-9.632727022684554e-5,4.6772800576884386e-5,0.0,0.0,0.0,0.0,0.0,0.0,0.0,0.0,4.467723402182815e-11,0.0035532104736264386,0.01302243611340744
8,0.009696273622190719,10,9,50,8.830508338725389,0.06423672951491878,-0.08562302507531817,-0.000622856905971307,0.00022379661060619138,0.0,0.0,0.0,0.0,0.0,0.0,0.0,0.0,4.338489698960716e-5,-3.6572275710881455e-5,3.666011188212563e-5,4.226145902226447e-5,3.666011190764353e-5,4.226145900455979e-5,-4.115268170046122e-5,3.673104056316789e-5,4.467723402182815e-11,0.0035532104736264386,0.01302243611340744
8,0.009696273622190719,10,11,51,8.830508338722371,0.06423672949906355,0.08562302507528892,0.0006228569058175703,0.0002237966103307606,-4.115268168211538e-5,3.673104047914472e-5,-3.6660111804151445e-5,-4.226145900566827e-5,-3.666011181769942e-5,-4.2261458984484745e-5,4.338489697131786e-5,-3.657227562697991e-5,0.0,0.0,0.0,0.0,0.0,0.0,0.0,0.0,4.467723402182815e-11,0.0035532104736264386,0.01302243611340744
8,0.009696273622190719,10,11,52,7.8614505468887605,-0.041772766883405255,0.07622677556995429,-0.0004050401776574844,0.00019465920788195058,-9.909363048218414e-6,4.694461179424152e-5,-4.746626493507217e-5,-1.0722866737165031e-5,-4.7466264932412714e-5,-1.0722866736498721e-5,1.1555356072809272e-5,-4.798362512942512e-5,0.0,0.0,0.0,0.0,0.0,0.0,0.0,0.0,4.467723402182815e-11,0.0035532104736264386,0.01302243611340744
8,0.009696273622190719,10,9,53,7.861450546889223,-0.04177276688105119,-0.07622677556995879,0.0004050401776346588,0.00019465920786025087,0.0,0.0,0.0,0.0,0.0,0.0,0.0,0.0,1.1555356123598557e-5,-4.7983625111590954e-5,4.746626491791799e-5,1.0722866787066795e-5,4.746626491561887e-5,1.0722866787632951e-5,-9.909363098455562e-6,4.69446117781159e-5,4.467723402182815e-11,0.0035532104736264386,0.01302243611340744
8,0.009696273622190719,10,11,54,8.83164054399106,0.0706674586600931,0.08563400324737061,0.0006852110153531138,0.00011325448662824455,1.6257516737422634e-5,-2.3669981855916727e-5,2.356198600986157e-5,1.5697574275188637e-5,2.3561986029715516e-5,1.569757427112821e-5,-1.5147055347206045e-5,2.344770926922029e-5,0.0,0.0,0.0,0.0,0.0,0.0,0.0,0.0,4.467723402182815e-11,0.0035532104736264386,0.01302243611340744
8,0.009696273622190719,10,9,55,8.831640544297969,0.0706674587790073,-0.08563400325034648,-0.0006852110165061385,0.0001132542996818912,0.0,0.0,0.0,0.0,0.0,0.0,0.0,0.0,-1.514708139756307e-5,2.344763758696249e-5,-2.3561912933656332e-5,-1.569759966188188e-5,-2.3561912964138476e-5,-1.569759966222171e-5,1.62575414355382e-5,-2.366990738624853e-5,4.467723402182815e-11,0.0035532104736264386,0.01302243611340744
8,0.009696273622190719,10,9,56,8.723870080320555,0.03581160529294043,-0.08458903134323104,-0.00034723912377024384,6.827560485477164e-5,0.0,0.0,0.0,0.0,0.0,0.0,0.0,0.0,-7.826359071294417e-6,-1.5440952566537853e-5,1.5113483906394077e-5,-7.931006535460377e-6,1.5113483906316392e-5,-7.931006536197125e-6,8.029607972570585e-6,1.4789186439588194e-5,4.467723402182815e-11,0.0035532104736264386,0.01302243611340744
8,0.009696273622190719,10,11,57,8.723870080320744,0.035811605297811425,0.08458903134323285,0.00034723912381747434,6.827560485392991e-5,8.02960797158565e-6,1.4789186439858472e-5,-1.511348390671562e-5,7.9310065345912e-6,-1.5113483906648697e-5,7.931006534913883e-6,-7.82635907012283e-6,-1.5440952566920804e-5,0.0,0.0,0.0,0.0,0.0,0.0,0.0,0.0,4.467723402182815e-11,0.0035532104736264386,0.01302243611340744
8,0.009696273622190719,10,11,58,8.810070584169873,0.04828915920258384,0.08542485501492472,0.0004682249006137819,1.8288736312354145e-5,8.077143728102306e-7,-4.566178309107901e-6,4.512875277798523e-6,7.326212858621279e-7,4.512875278987253e-6,7.326212868648417e-7,-6.593332913365437e-7,4.459278838140624e-6,0.0,0.0,0.0,0.0,0.0,0.0,0.0,0.0,4.467723402182815e-11,0.0035532104736264386,0.01302243611340744
8,0.009696273622190719,10,9,59,8.810070582704016,0.04828915898831607,-0.08542485500071137,-0.00046822489853618295,1.82883124579174e-5,0.0,0.0,0.0,0.0,0.0,0.0,0.0,0.0,-6.593167988012721e-7,4.459175670417709e-6,-4.512770887685782e-6,-7.326030800630442e-7,-4.5127708891984335e-6,-7.326030813249022e-7,8.076944122497497e-7,-4.566072704221397e-6,4.467723402182815e-11,0.0035532104736264386,0.01302243611340744
8,0.009696273622190719,10,11,60,11.967023935694478,0.08864162099564361,0.11603553852379933,0.0008594934114882862,4.7365247072744194e-6,-6.977518149369026e-8,1.1653588972179312e-6,-1.1808361690054037e-6,-8.747800810903761e-8,-1.1808361681005567e-6,-8.747800731642256e-8,1.0565316138358964e-7,-1.1962783542207852e-6,0.0,0.0,0.0,0.0,0.0,0.0,0.0,0.0,4.467723402182815e-11,0.0035532104736264386,0.01302243611340744
8,0.009696273622190719,10,9,61,11.967023935695833,0.0886416209967988,-0.11603553852381247,-0.0008594934114994872,4.736524682055424e-6,0.0,0.0,0.0,0.0,0.0,0.0,0.0,0.0,1.0565314771291765e-7,-1.1962783488797705e-6,1.1808361637379431e-6,8.747799458674186e-8,1.1808361627465726e-6,8.747799356923834e-8,-6.977516789520278e-8,1.1653588919322849e-6,4.467723402182815e-11,0.0035532104736264386,0.01302243611340744
8,0.009696273622190719,10,9,62,8.796666327433723,0.04037861042644292,-0.08529488367390892,-0.00039152205517863363,3.588443157621421e-6,0.0,0.0,0.0,0.0,0.0,0.0,0.0,0.0,-2.2999116598858306e-7,-8.802928437819494e-7,8.646383995420683e-7,-2.3901410726144084e-7,8.646383998250596e-7,-2.3901410776273034e-7,2.4769117457469474e-7,8.49079492060728e-7,4.467723402182815e-11,0.0035532104736264386,0.01302243611340744
8,0.009696273622190719,10,11,63,8.796666327434433,0.040378610410719426,0.0852948836739158,0.0003915220550261743,3.588443152523944e-6,2.476911764829063e-7,8.490794902167273e-7,-8.646383978287536e-7,2.3901410914910787e-7,-8.64638397841208e-7,2.390141096853106e-7,-2.2999116788992596e-7,-8.802928419277806e-7,0.0,0.0,0.0,0.0,0.0,0.0,0.0,0.0,4.467723402182815e-11,0.0035532104736264386,0.01302243611340744
8,0.009696273622190719,10,11,64,11.85982794805533,-0.04961865995034529,0.11499613689644918,-0.0004811161036449841,1.6213605259480047e-6,2.984518930467825e-7,-2.657620732493668e-7,2.652388712056711e-7,3.064841545357874e-7,2.6523887174497013e-7,3.0648415422721713e-7,-3.146224867408769e-7,2.6459305482418236e-7,0.0,0.0,0.0,0.0,0.0,0.0,0.0,0.0,4.467723402182815e-11,0.0035532104736264386,0.01302243611340744
8,0.009696273622190719,10,9,65,11.859827948055033,-0.04961865995179735,-0.11499613689644629,0.00048111610365906367,1.621360515348732e-6,0.0,0.0,0.0,0.0,0.0,0.0,0.0,0.0,-3.1462248555859267e-7,2.6459305213952064e-7,-2.652388684483533e-7,-3.0648415321501514e-7,-2.652388691478965e-7,-3.0648415317247105e-7,2.9845189185456027e-7,-2.657620705788217e-7,4.467723402182815e-11,0.0035532104736264386,0.01302243611340744
8,0.009696273622190719,10,9,66,11.948772612743173,0.09517133117045955,-0.11585856870249651,-0.0009228072680169042,3.176761840699371e-7,0.0,0.0,0.0,0.0,0.0,0.0,0.0,0.0,-4.641654152161941e-8,-6.305862774536589e-8,6.461608586908755e-8,-4.6168341110543735e-8,6.461608591962488e-8,-4.6168341035342165e-8,4.589429049687272e-8,6.61920062102735e-8,4.467723402182815e-11,0.0035532104736264386,0.01302243611340744
8,0.009696273622190719,10,11,67,11.948772583922503,0.09517132717085659,0.11585856842304341,0.0009228072292356596,3.1763516272536403e-7,4.5867272596027615e-8,6.619807776628511e-8,-6.462244835631793e-8,4.6141789901073814e-8,-6.462244836257814e-8,4.614178982507181e-8,-4.639045446053003e-8,-6.306527049827018e-8,0.0,0.0,0.0,0.0,0.0,0.0,0.0,0.0,4.467723402182815e-11,0.0035532104736264386,0.01302243611340744
8,0.009696273622190719,10,9,68,4.850269016807929,0.045701643321924015,-0.04702953552820364,-0.00044313563863314045,3.58121716789851e-13,0.0,0.0,0.0,0.0,0.0,0.0,0.0,0.0,9.075671708568558e-14,-2.8336667487481187e-15,4.059106247051609e-15,8.943392649275118e-14,4.05920066085077e-15,8.943384163274224e-14,-8.811266739965172e-14,5.248865299826743e-15,4.467723402182815e-11,0.0035532104736264386,0.01302243611340744
8,0.009696273622190719,10,11,69,4.850269016807605,0.04570164331567074,0.047029535528200495,0.000443135638572507,3.581112024859666e-13,-8.810961179212153e-14,5.257189685147263e-15,-4.0676225392208176e-15,-8.943084286742054e-14,-4.067705798751175e-15,-8.943089009155175e-14,9.075374055294693e-14,-2.842366780883919e-15,0.0,0.0,0.0,0.0,0.0,0.0,0.0,0.0,4.467723402182815e-11,0.0035532104736264386,0.01302243611340744
8,0.009696273622190719,10,11,70,4.861817543091801,0.057300275621720756,0.04714151319898512,0.0005555991510551489,1.684453347280044e-13,-1.0405389265385025e-14,-4.142197432672082e-14,4.069116425728058e-14,-1.0835827242778966e-14,4.069118292073555e-14,-1.083586122865544e-14,1.1250022281339262e-14,3.996470413927044e-14,0.0,0.0,0.0,0.0,0.0,0.0,0.0,0.0,4.467723402182815e-11,0.0035532104736264386,0.01302243611340744
8,0.009696273622190719,10,9,71,4.861817540975134,0.05730027560401958,-0.04714151317846134,-0.0005555991508835134,1.337902389923664e-13,0.0,0.0,0.0,0.0,0.0,0.0,0.0,0.0,1.2042296394692424e-14,3.069881591695393e-14,-3.13056391978212e-14,1.1772190461218763e-14,-3.130562333303767e-14,1.1772223675856179e-14,-1.1489594195241721e-14,-3.1917152474778005e-14,4.467723402182815e-11,0.0035532104736264386,0.01302243611340744
8,0.009696273622190719,10,9,72,8.073723456627363,0.14638692381311758,-0.07828503178535837,-0.0014194076680027743,5.801362484241717e-14,0.0,0.0,0.0,0.0,0.0,0.0,0.0,0.0,1.4271192589045362e-14,8.920144817725421e-16,-1.109338453204496e-15,1.446018439602653e-14,-1.1093317199638251e-15,1.44601985397529e-14,-1.4648745511822805e-14,-1.332439615902001e-15,4.467723402182815e-11,0.0035532104736264386,0.01302243611340744
8,0.009696273622190719,10,11,73,8.073723448439846,0.14638692410699078,0.07828503170596997,0.0014194076708522493,5.306552109333988e-14,-1.3454552772874547e-14,4.881253005085435e-17,-2.357430603917661e-16,-1.3263625529321438e-14,-2.357340308034671e-16,-1.326361909644024e-14,1.307278506491789e-14,-4.173589748929882e-16,0.0,0.0,0.0,0.0,0.0,0.0,0.0,0.0,4.467723402182815e-11,0.0035532104736264386,0.01302243611340744
8,0.009696273622190719,10,9,74,8.869685942428328,0.07042936615442742,-0.08600290184068363,-0.0006829024052707864,3.84589778571522e-14,0.0,0.0,0.0,0.0,0.0,0.0,0.0,0.0,1.0106952683502166e-15,9.425231021686333e-15,-9.572996724730881e-15,8.897837163087738e-16,-9.573005250817772e-15,8.897903898688583e-16,-7.65049530723075e-16,-9.721126054312781e-15,4.467723402182815e-11,0.0035532104736264386,0.01302243611340744
8,0.009696273622190719,10,11,75,8.869685940958785,0.07042936576719015,0.08600290182643454,0.0006829024015160279,2.8393172586261188e-14,-1.3550898248335982e-15,-7.070337746926214e-15,6.951468208350332e-15,-1.434521839196595e-15,6.951464452078572e-15,-1.4345155778538855e-15,1.5111668892397257e-15,6.833168204905123e-15,0.0,0.0,0.0,0.0,0.0,0.0,0.0,0.0,4.467723402182815e-11,0.0035532104736264386,0.01302243611340744
8,0.009696273622190719,10,11,76,7.8773657769013345,-0.04858877741107014,0.07638109399491631,-0.0004711300807454557,5.750223229326969e-15,-3.6194801485941568e-16,1.3703034857429525e-15,-1.384486638815192e-15,-3.8672078672391604e-16,-1.384489259327781e-15,-3.867214074664802e-16,4.120479278577285e-16,-1.3985176449142908e-15,0.0,0.0,0.0,0.0,0.0,0.0,0.0,0.0,4.467723402182815e-11,0.0035532104736264386,0.01302243611340744
8,0.009696273622190719,10,9,77,7.8773657769016525,-0.04858877741012822,-0.0763810939949194,0.00047113008073632257,5.750068141778712e-15,0.0,0.0,0.0,0.0,0.0,0.0,0.0,0.0,4.120893864650282e-16,-1.3984643598276117e-15,1.384436488616071e-15,3.867621780034386e-16,1.384436333457832e-15,3.8676080799458315e-16,-3.6198735017537273e-16,1.3702536323604277e-15,4.467723402182815e-11,0.0035532104736264386,0.01302243611340744
8,0.009696273622190719,10,9,78,8.84057560150127,0.04005175219859432,-0.0857206400098196,-0.0003883527483657492,4.8851267169191104e-15,0.0,0.0,0.0,0.0,0.0,0.0,0.0,0.0,-9.303551251680298e-16,8.176798554938497e-16,-8.190924386471649e-16,-9.058001023258826e-16,-8.190895401615387e-16,-9.057956272049298e-16,8.815681680077408e-16,-8.201397354942832e-16,4.467723402182815e-11,0.0035532104736264386,0.01302243611340744
8,0.009696273622190719,10,11,79,8.840575601500834,0.040051752193775395,0.08572064000981539,0.0003883527483190236,4.885081349136955e-15,8.815439990657883e-16,-8.201489743346571e-16,8.191000940786019e-16,9.057729812720577e-16,8.191014765561178e-16,9.057744455162398e-16,-9.303310039624212e-16,8.176902139805945e-16,0.0,0.0,0.0,0.0,0.0,0.0,0.0,0.0,4.467723402182815e-11,0.0035532104736264386,0.01302243611340744
