iteration,scale,ground_charge,charge,matrix_rank,energy_real,energy_imag,pole_real,pole_imag,matrix_support_abs,add11_real,add11_imag,add12_real,add12_imag,add21_real,add21_imag,add22_real,add22_imag,rem11_real,rem11_imag,rem12_real,rem12_imag,rem21_real,rem21_imag,rem22_real,rem22_imag,max_residual,biorth_error,min_pair_overlap
0,0.7853981633974483,2,3,0,0.221367581425555,0.0009432263671477072,0.17386169188736597,0.0007408082564258565,50.16303397885323,9.155976824822929,-8.828020537970101,8.830865141529106,8.903410635872012,8.830865141529104,8.90341063587201,-8.654376080563594,8.83014767450705,0.0,0.0,0.0,0.0,0.0,0.0,0.0,0.0,1.530664012514166e-14,1.4692815625437078e-12,0.00019999999644538976
0,0.7853981633974483,2,1,1,0.22136758142555268,0.0009432263671517363,-0.17386169188736417,-0.000740808256429021,50.16303397880841,0.0,0.0,0.0,0.0,0.0,0.0,0.0,0.0,-8.654376080525763,8.830147674529272,-8.830865141551332,-8.903410635834184,-8.830865141551334,-8.903410635834186,9.1559768247851,-8.828020537992321,1.530664012514166e-14,1.4692815625437078e-12,0.00019999999644538976
0,0.7853981633974483,2,3,2,0.21948895688504816,-0.0009352077335740397,0.17238622362353853,-0.0007345104363441409,49.73753469694197,-8.506083287775512,8.828017732007648,-8.830832231559556,-8.75299043442319,-8.830832231559556,-8.752990434423188,9.003429213582994,-8.830144828611214,0.0,0.0,0.0,0.0,0.0,0.0,0.0,0.0,1.530664012514166e-14,1.4692815625437078e-12,0.00019999999644538976
0,0.7853981633974483,2,1,3,0.2194889568850505,-0.0009352077335781059,-0.17238622362354036,0.0007345104363473345,49.73753469689495,0.0,0.0,0.0,0.0,0.0,0.0,0.0,0.0,9.003429213544885,-8.830144828632426,8.830832231580777,8.752990434385087,8.830832231580777,8.752990434385085,-8.506083287737408,8.82801773202886,1.530664012514166e-14,1.4692815625437078e-12,0.00019999999644538976
0,0.7853981633974483,2,3,4,0.6627660997086243,0.0008726652948008253,0.5205352774732436,0.000685389719797261,0.05305073470701055,0.009709971656776478,-0.00930821723784157,0.009311996880245714,0.00944287596506779,0.009311996880245702,0.009442875965067767,-0.009179504316532123,0.009311998627455177,0.0,0.0,0.0,0.0,0.0,0.0,0.0,0.0,1.530664012514166e-14,1.4692815625437078e-12,0.00019999999644538976
0,0.7853981633974483,2,1,5,0.6627660997086275,0.0008726652947985537,-0.5205352774732461,-0.0006853897197954769,0.05305073470698886,0.0,0.0,0.0,0.0,0.0,0.0,0.0,0.0,-0.009179504316558803,0.009311998627420028,-0.009311996880210945,-0.009442875965094494,-0.009311996880210867,-0.009442875965094452,0.009709971656803212,-0.009308217237807136,1.530664012514166e-14,1.4692815625437078e-12,0.00019999999644538976
0,0.7853981633974483,2,3,6,0.6610432789167382,-0.0008499858103408201,0.5191821771874333,-0.0006675772943555719,0.05229027058134126,-0.008914474238670199,0.00930817474409904,-0.00931192058670379,-0.009174043518059439,-0.009311920586703746,-0.009174043518059444,0.009437336831610924,-0.009311996067094428,0.0,0.0,0.0,0.0,0.0,0.0,0.0,0.0,1.530664012514166e-14,1.4692815625437078e-12,0.00019999999644538976
0,0.7853981633974483,2,1,7,0.6610432789167349,-0.0008499858103383802,-0.5191821771874308,0.0006675772943536556,0.0522902705813131,0.0,0.0,0.0,0.0,0.0,0.0,0.0,0.0,0.0094373368316358,-0.009311996067059755,0.009311920586669473,0.009174043518084256,0.009311920586669405,0.009174043518084244,-0.008914474238694941,0.009308174744065058,1.530664012514166e-14,1.4692815625437078e-12,0.00019999999644538976
1,0.4534498410585544,3,2,0,0.030189842614844142,0.002847415235051554,-0.01368957933528385,-0.0012911599857618335,90.89939542871325,0.0,0.0,0.0,0.0,0.0,0.0,0.0,0.0,-15.613917498573192,16.067776272342286,-16.071004171375936,-16.065178189138198,-16.071004171375968,-16.065178189134002,16.52286599589587,-16.06780471371053,8.497562266216524e-13,2.691765523915754e-10,0.017254639723036924
1,0.4534498410585544,3,4,1,0.030189842614840146,0.002847415235047092,0.013689579335282037,0.0012911599857598102,90.89939542871153,16.522865995895796,-16.067804713710032,16.071004171375435,16.065178189138148,16.071004171375353,16.06517818913396,-15.613917498573178,16.067776272341664,0.0,0.0,0.0,0.0,0.0,0.0,0.0,0.0,8.497562266216524e-13,2.691765523915754e-10,0.017254639723036924
1,0.4534498410585544,3,2,2,1.2683323788814995,0.0007412695133478947,-0.5751251156132342,-0.00033612854300915483,4.493217682043681,0.0,0.0,0.0,0.0,0.0,0.0,0.0,0.0,-0.8745321100630975,0.679483046184905,-0.6765464057945125,-0.896644650378956,-0.6765464057943075,-0.8966446503797527,0.919027737515228,-0.6732510534348775,8.497562266216524e-13,2.691765523915754e-10,0.017254639723036924
1,0.4534498410585544,3,4,3,1.268332378881551,0.0007412695134386624,0.5751251156132575,0.0003361285430503134,4.493217681875462,0.9190277374473301,-0.6732510534549726,0.6765464058142654,0.8966446503115705,0.6765464058148682,0.8966446503113643,-0.874532109995212,0.679483046205095,0.0,0.0,0.0,0.0,0.0,0.0,0.0,0.0,8.497562266216524e-13,2.691765523915754e-10,0.017254639723036924
1,0.4534498410585544,3,2,4,1.2660648858445507,-0.00013548252264111542,-0.5740969212560283,6.143452835782579e-5,4.326120299341159,0.0,0.0,0.0,0.0,0.0,0.0,0.0,0.0,0.782929852007667,-0.768219798128367,0.7682745034887813,0.7611469277673422,0.7682745034884689,0.7611469277676542,-0.7396712524243966,0.7680246886284511,8.497562266216524e-13,2.691765523915754e-10,0.017254639723036924
1,0.4534498410585544,3,4,5,1.2660648858445565,-0.00013548252269439008,0.574096921256031,-6.143452838198317e-5,4.326120299272311,-0.7396712523718938,0.768024688656229,-0.7682745035167108,-0.7611469277150843,-0.7682745035161486,-0.7611469277148848,0.7829298519551311,-0.7682197981561785,0.0,0.0,0.0,0.0,0.0,0.0,0.0,0.0,8.497562266216524e-13,2.691765523915754e-10,0.017254639723036924
1,0.4534498410585544,3,2,6,1.275247103551423,0.004955279562575273,-0.5782605964157747,-0.0022469707300504602,0.6852225914471392,0.0,0.0,0.0,0.0,0.0,0.0,0.0,0.0,0.049632122179846805,0.16143451099112988,-0.1644291266551439,0.0480182610527877,-0.16442912665508197,0.04801826105289958,-0.04633862443633207,-0.16744293646839514,8.497562266216524e-13,2.691765523915754e-10,0.017254639723036924
1,0.4534498410585544,3,4,7,1.2752471035514055,0.004955279562529267,0.5782605964157667,0.0022469707300295993,0.6852225914431298,-0.04633862443574535,-0.16744293646758587,0.1644291266542542,-0.04801826105224,0.16442912665420653,-0.04801826105233678,0.04963212217931979,0.16143451099017547,0.0,0.0,0.0,0.0,0.0,0.0,0.0,0.0,8.497562266216524e-13,2.691765523915754e-10,0.017254639723036924
1,0.4534498410585544,3,2,8,2.5600058496125544,0.0028484024030037496,-1.1608342456157823,-0.0012916076169128547,0.00018913387439542268,0.0,0.0,0.0,0.0,0.0,0.0,0.0,0.0,-3.265090799696055e-5,3.327284884416619e-5,-3.327497305804732e-5,-3.358986526301062e-5,-3.3274973058058866e-5,-3.358986526299626e-5,3.454212983054672e-5,-3.3263658664374795e-5,8.497562266216524e-13,2.691765523915754e-10,0.017254639723036924
1,0.4534498410585544,3,4,9,2.5600058496125566,0.0028484024030054904,1.1608342456157834,0.001291607616913644,0.0001891338743915584,3.454212983009354e-5,-3.3263658663416265e-5,3.32749730571159e-5,3.358986526254454e-5,3.3274973057184836e-5,3.358986526253156e-5,-3.265090799648212e-5,3.327284884331718e-5,0.0,0.0,0.0,0.0,0.0,0.0,0.0,0.0,8.497562266216524e-13,2.691765523915754e-10,0.017254639723036924
1,0.4534498410585544,3,2,10,2.5649129054624282,0.0025650271033603234,-1.163059349310973,-0.0011631111323296228,0.00012195618559395677,0.0,0.0,0.0,0.0,0.0,0.0,0.0,0.0,2.1870868336040803e-5,-2.18590283974636e-5,2.185491355658589e-5,2.1256805179600495e-5,2.185491355654435e-5,2.1256805179635546e-5,-2.065148228771664e-5,2.1842294245558903e-5,8.497562266216524e-13,2.691765523915754e-10,0.017254639723036924
1,0.4534498410585544,3,4,11,2.564912905462427,0.0025650271033116952,1.1630593493109724,0.0011631111323075723,0.00012195618559112683,-2.0651482286272506e-5,2.1842294245917923e-5,-2.185491355688137e-5,-2.125680517823013e-5,-2.185491355703895e-5,-2.1256805178163585e-5,2.1870868334644144e-5,-2.1859028397894437e-5,0.0,0.0,0.0,0.0,0.0,0.0,0.0,0.0,8.497562266216524e-13,2.691765523915754e-10,0.017254639723036924
1,0.4534498410585544,3,2,12,2.5651966163355735,0.002848908399491786,-1.1631879979613073,-0.001291837060939931,6.093577253232313e-5,0.0,0.0,0.0,0.0,0.0,0.0,0.0,0.0,-1.0309344939328054e-5,1.0922286887913799e-5,-1.0928847850699397e-5,-1.0611790893033111e-5,-1.0928847850588488e-5,-1.0611790893133867e-5,1.0918607536864247e-5,-1.0931163222858746e-5,8.497562266216524e-13,2.691765523915754e-10,0.017254639723036924
1,0.4534498410585544,3,4,13,2.5651966163355726,0.002848908399507356,1.163187997961307,0.001291837060946991,6.093577252641502e-5,1.0918607535400535e-5,-1.093116322222155e-5,1.0928847850014483e-5,1.0611790891688243e-5,1.0928847849983407e-5,1.061179089156669e-5,-1.030934493787998e-5,1.0922286887260862e-5,0.0,0.0,0.0,0.0,0.0,0.0,0.0,0.0,8.497562266216524e-13,2.691765523915754e-10,0.017254639723036924
1,0.4534498410585544,3,4,14,3.801231810332935,-0.00012039028108315258,1.7236679602221905,-5.459095382215023e-5,2.85310732665681e-6,-4.870696417247172e-7,5.072379204962801e-7,-5.074235995810234e-7,-5.0123274458699e-7,-5.074235995747387e-7,-5.012327445811609e-7,5.155987767765629e-7,-5.074087449765878e-7,0.0,0.0,0.0,0.0,0.0,0.0,0.0,0.0,8.497562266216524e-13,2.691765523915754e-10,0.017254639723036924
1,0.4534498410585544,3,2,15,3.801231810332947,-0.0001203902811488574,-1.7236679602221958,5.459095385194407e-5,2.8531073261112823e-6,0.0,0.0,0.0,0.0,0.0,0.0,0.0,0.0,5.155987765385323e-7,-5.074087450191292e-7,5.074235996208595e-7,5.012327443449912e-7,5.074235996216208e-7,5.012327443472842e-7,-4.870696414868312e-7,5.072379205403421e-7,8.497562266216524e-13,2.691765523915754e-10,0.017254639723036924
1,0.4534498410585544,3,4,16,3.8034859597185378,0.0007492513308944414,1.7246901039028142,0.00033974789690699485,2.829837891187772e-6,5.731538345618021e-7,-4.316239650329669e-7,4.335129830220112e-7,5.590307331175795e-7,4.3351298303142396e-7,5.590307331131385e-7,-5.450809921333439e-7,4.3517835405376147e-7,0.0,0.0,0.0,0.0,0.0,0.0,0.0,0.0,8.497562266216524e-13,2.691765523915754e-10,0.017254639723036924
1,0.4534498410585544,3,2,17,3.803485959718541,0.0007492513308642304,-1.7246901039028155,-0.00033974789689329563,2.8298378899879743e-6,0.0,0.0,0.0,0.0,0.0,0.0,0.0,0.0,-5.450809919014218e-7,4.3517835387226666e-7,-4.335129828468396e-7,-5.590307328763414e-7,-4.33512982842703e-7,-5.590307328774852e-7,5.731538343167075e-7,-4.3162396485064843e-7,8.497562266216524e-13,2.691765523915754e-10,0.017254639723036924
1,0.4534498410585544,3,2,18,3.810364829461771,0.004949898201857856,-1.727809326294546,-0.002244530552888469,3.657319034112031e-7,0.0,0.0,0.0,0.0,0.0,0.0,0.0,0.0,3.503356483192963e-8,8.305842253121061e-8,-8.473539689831783e-8,3.433752720961984e-8,-8.473539689922122e-8,3.4337527210173674e-8,-3.3607592683613115e-8,-8.64260994979845e-8,8.497562266216524e-13,2.691765523915754e-10,0.017254639723036924
1,0.4534498410585544,3,4,19,3.810364829461739,0.00494989820180711,1.7278093262945313,0.0022445305528654585,3.657319032578642e-7,-3.360759274227881e-8,-8.64260994378315e-8,8.473539683676237e-8,-3.433752726799871e-8,8.473539683274802e-8,-3.433752726344849e-8,3.503356488486618e-8,8.30584224635005e-8,0.0,0.0,0.0,0.0,0.0,0.0,0.0,0.0,8.497562266216524e-13,2.691765523915754e-10,0.017254639723036924
1,0.4534498410585544,3,4,20,5.100477032620825,0.0028500202563920204,2.31281049976472,0.001292341232274622,1.5625300087630712e-16,2.7843953316409016e-17,2.8182731743156504e-17,-2.7395981902497104e-17,2.784327295272946e-17,-2.7395936433677742e-17,2.784322042908342e-17,-2.7831578743857276e-17,-2.6620321214855734e-17,0.0,0.0,0.0,0.0,0.0,0.0,0.0,0.0,8.497562266216524e-13,2.691765523915754e-10,0.017254639723036924
1,0.4534498410585544,3,2,21,5.100477032620843,0.0028500202563898737,-2.312810499764728,-0.0012923412322736487,1.5625290041191023e-16,0.0,0.0,0.0,0.0,0.0,0.0,0.0,0.0,-2.783144642692834e-17,-2.662036758224461e-17,2.7395978322866257e-17,-2.7843184269218935e-17,2.739608249168927e-17,-2.784309767970465e-17,2.7843874257322326e-17,2.8182829374718665e-17,8.497562266216524e-13,2.691765523915754e-10,0.017254639723036924
1,0.4534498410585544,3,2,22,1.2720328516498225,0.005831881319051331,-0.5768030944018717,-0.0026444656571961785,2.3993803701340878e-20,0.0,0.0,0.0,0.0,0.0,0.0,0.0,0.0,3.632917106696799e-21,-4.422475127938448e-21,4.481072939216163e-21,4.0073796382549046e-21,4.47151454543271e-21,3.9689572786997444e-21,-4.3621948526561555e-21,4.517731805844622e-21,8.497562266216524e-13,2.691765523915754e-10,0.017254639723036924
1,0.4534498410585544,3,4,23,1.2720328516497728,0.005831881319070144,0.5768030944018492,0.0026444656572047094,2.1828120246100352e-20,-4.9176496023764725e-21,2.9460462335070072e-21,-2.9715775879942696e-21,-4.560876971795524e-21,-2.943142079825668e-21,-4.603330955375269e-21,4.262723934037369e-21,-2.9575678259657077e-21,0.0,0.0,0.0,0.0,0.0,0.0,0.0,0.0,8.497562266216524e-13,2.691765523915754e-10,0.017254639723036924
1,0.4534498410585544,3,2,24,2.5654803271591216,0.0031324034502403595,-1.1633166465891518,-0.0014203878466427585,5.529811048436147e-25,0.0,0.0,0.0,0.0,0.0,0.0,0.0,0.0,-7.67550045283676e-26,1.5813151685337694e-25,-1.2618031772764372e-25,-6.523006515352344e-26,-1.1761130844380092e-25,-5.552743546398005e-26,4.7255375443079965e-26,-9.387920185807988e-26,8.497562266216524e-13,2.691765523915754e-10,0.017254639723036924
1,0.4534498410585544,3,4,25,2.5654803271591544,0.003132403450218001,1.1633166465891667,0.00142038784663262,2.7715927370319618e-25,2.1419774749673558e-26,-4.367823367630933e-26,6.202176144276287e-26,2.3021888570556666e-26,5.999285517310997e-26,3.3673086422061426e-26,-3.737501747082265e-26,8.576832551503727e-26,0.0,0.0,0.0,0.0,0.0,0.0,0.0,0.0,8.497562266216524e-13,2.691765523915754e-10,0.017254639723036924
1,0.4534498410585544,3,2,26,3.8071721954237083,0.005819394608146761,-1.7263616268974282,-0.0026388035601211573,5.118755444427359e-26,0.0,0.0,0.0,0.0,0.0,0.0,0.0,0.0,1.4253768837540814e-26,-1.9403439896180334e-27,5.236199399052344e-27,1.287258531109726e-26,3.342388928400256e-27,1.1160807898716382e-26,-9.641843593344765e-27,5.8059668228063475e-27,8.497562266216524e-13,2.691765523915754e-10,0.017254639723036924
1,0.4534498410585544,3,4,27,2.5682023184622906,0.0028488056128281743,1.1645509331129367,0.0012917904523436533,1.9492213695084647e-26,-7.376531507895319e-28,-4.678606781675124e-27,4.791791802127378e-27,-6.52941686643373e-28,4.8512231976107706e-27,-7.458657401809998e-28,6.576332223171616e-28,4.968177711310455e-27,0.0,0.0,0.0,0.0,0.0,0.0,0.0,0.0,8.497562266216524e-13,2.691765523915754e-10,0.017254639723036924
1,0.4534498410585544,3,2,28,2.5682023184622915,0.002848805612827744,-1.1645509331129371,-0.0012917904523434582,1.8779998278300755e-26,0.0,0.0,0.0,0.0,0.0,0.0,0.0,0.0,-4.211175240845823e-28,4.854210824691785e-27,-4.60785306139946e-27,-4.130258720478653e-28,-4.748582285331128e-27,-3.4160940274083527e-28,3.3724733494889576e-28,-4.507776331158972e-27,8.497562266216524e-13,2.691765523915754e-10,0.017254639723036924
1,0.4534498410585544,3,4,29,3.807172195423739,0.005819394608150714,1.726361626897442,0.0026388035601229497,1.6692316251480854e-26,1.3056045683985619e-27,2.2976677431203e-27,-1.873644288763749e-27,3.9848196797240394e-27,-2.4059724474067523e-27,2.7020208166904836e-27,-5.989902485222409e-27,-6.795215989246149e-28,0.0,0.0,0.0,0.0,0.0,0.0,0.0,0.0,8.497562266216524e-13,2.691765523915754e-10,0.017254639723036924
2,0.2617993877991494,4,5,0,0.28099536175310014,0.0027916282636002016,0.07356441368136214,0.0007308465703733352,47.085647817789905,8.640023750618306,-8.238733949350312,8.242716514747627,8.402970329286592,8.242716515385665,8.40297032957231,-8.169213322472066,8.24333723336975,0.0,0.0,0.0,0.0,0.0,0.0,0.0,0.0,1.8052162500541263e-12,1.7291373898559692e-10,0.017440102717250435
2,0.2617993877991494,4,3,1,0.2809953617525234,0.0027916282636274757,-0.07356441368121114,-0.0007308465703804757,47.085647810639394,0.0,0.0,0.0,0.0,0.0,0.0,0.0,0.0,-8.169213319521187,8.243337233824198,-8.242716515234003,-8.402970326327054,-8.242716515810153,-8.402970326630575,8.640023747667742,-8.238733949805559,1.8052162500541263e-12,1.7291373898559692e-10,0.017440102717250435
2,0.2617993877991494,4,5,2,0.27546658764301246,-0.002736509538671099,0.0721169840040614,-0.0007164165219306264,46.164572205330316,-7.848220337080016,8.238698488362262,-8.242616583724011,-8.077371972100998,-8.242616584389797,-8.077371972404498,8.309820007732489,-8.243303071684151,0.0,0.0,0.0,0.0,0.0,0.0,0.0,0.0,1.8052162500541263e-12,1.7291373898559692e-10,0.017440102717250435
2,0.2617993877991494,4,3,3,0.2754665876435598,-0.0027365095390208937,-0.07211698400420469,0.0007164165220222026,46.164572198303034,0.0,0.0,0.0,0.0,0.0,0.0,0.0,0.0,8.309820004743255,-8.243303072153505,8.242616584228198,8.077371969103005,8.242616584824745,8.077371969424465,-7.848220334091045,8.238698488830858,1.8052162500541263e-12,1.7291373898559692e-10,0.017440102717250435
2,0.2617993877991494,4,5,4,2.401518814971746,0.00018939778935358684,0.6287161555477419,4.958422530328129e-5,3.1813686769463967,0.5809892382179692,-0.559554526395313,0.5597438571001102,0.5649714476307426,0.5597438594522277,0.5649714475766,-0.5491775093133071,0.5597071568171436,0.0,0.0,0.0,0.0,0.0,0.0,0.0,0.0,1.8052162500541263e-12,1.7291373898559692e-10,0.017440102717250435
2,0.2617993877991494,4,3,5,2.4015188149738496,0.00018939778873806965,-0.6287161555482925,-4.958422514213927e-5,3.1813686397896084,0.0,0.0,0.0,0.0,0.0,0.0,0.0,0.0,-0.5491775058296114,0.5597071471350757,-0.5597438474437618,-0.5649714441336691,-0.559743849745785,-0.5649714441022061,0.5809892347340665,-0.5595545167131977,1.8052162500541263e-12,1.7291373898559692e-10,0.017440102717250435
2,0.2617993877991494,4,5,6,2.401141781541015,-0.00018759886258700158,0.6286174484263967,-4.911326737709377e-5,3.151048044394343,-0.5386103282075154,0.5595556919897339,-0.559741828914406,-0.5542526742025864,-0.5597418312803825,-0.554252674159008,0.5701188725242156,-0.5597062223746041,0.0,0.0,0.0,0.0,0.0,0.0,0.0,0.0,1.8052162500541263e-12,1.7291373898559692e-10,0.017440102717250435
2,0.2617993877991494,4,3,7,2.4011417815401783,-0.00018759886120905348,-0.6286174484261776,4.9113267016347796e-5,3.151048006860286,0.0,0.0,0.0,0.0,0.0,0.0,0.0,0.0,0.5701188690314436,-0.5597062126278457,0.5597418191952247,0.5542526706976146,0.5597418215073513,0.554252670674323,-0.5386103247145333,0.5595556822428803,1.8052162500541263e-12,1.7291373898559692e-10,0.017440102717250435
2,0.2617993877991494,4,5,8,0.8403835257561948,0.0023829996875011344,0.22001189255946252,0.0006238678593133613,0.21297080898250545,0.03932362169477502,-0.037006272692393774,0.03703134066577943,0.03825155860560221,0.037031340676452196,0.038251558605741386,-0.037194304992085966,0.037041105064539635,0.0,0.0,0.0,0.0,0.0,0.0,0.0,0.0,1.8052162500541263e-12,1.7291373898559692e-10,0.017440102717250435
2,0.2617993877991494,4,3,9,0.8403835257555095,0.0023829996876262366,-0.22001189255928308,-0.000623867859346113,0.21297080895972353,0.0,0.0,0.0,0.0,0.0,0.0,0.0,0.0,-0.03719430497436247,0.03704110507469428,-0.037031340676401875,-0.038251558587680486,-0.037031340686119525,-0.038251558588171364,0.039323621677001624,-0.03700627270252215,1.8052162500541263e-12,1.7291373898559692e-10,0.017440102717250435
2,0.2617993877991494,4,5,10,0.8357631282067078,-0.0022370076802859878,0.21880227530961813,-0.0005856472412008669,0.20592024224061686,-0.034737350543730006,0.03700476845216149,-0.03702973343968548,-0.035759341664248274,-0.0370297334501425,-0.03575934166368236,0.03679614181620894,-0.03704039173923179,0.0,0.0,0.0,0.0,0.0,0.0,0.0,0.0,1.8052162500541263e-12,1.7291373898559692e-10,0.017440102717250435
2,0.2617993877991494,4,3,11,0.835763128207448,-0.0022370076809320122,-0.21880227530981192,0.0005856472413699957,0.20592024222014005,0.0,0.0,0.0,0.0,0.0,0.0,0.0,0.0,0.036796141801615154,-0.037040391746212535,0.037029733447081915,0.0357593416495054,0.03702973345673623,0.035759341649202886,-0.03473735052909889,0.03700476845916424,1.8052162500541263e-12,1.7291373898559692e-10,0.017440102717250435
2,0.2617993877991494,4,3,12,2.941554909614465,0.004576420398667781,-0.7700972745146493,-0.0011981040586827643,0.0019526836057140889,0.0,0.0,0.0,0.0,0.0,0.0,0.0,0.0,-0.0002998787942619909,0.00037645040355698234,-0.0003774718641202864,-0.0003095189737653814,-0.00037747186403593134,-0.0003095189737301348,0.0003193101172115275,-0.00037836948681667284,1.8052162500541263e-12,1.7291373898559692e-10,0.017440102717250435
2,0.2617993877991494,4,5,13,2.9415549096181297,0.004576420398300327,0.7700972745156086,0.001198104058586565,0.0019526836055738898,0.0003193101171820965,-0.00037836948679851836,0.00037747186409935077,0.0003095189737331906,0.0003774718640160886,0.00030951897370144765,-0.00029987879423064214,0.00037645040353438203,0.0,0.0,0.0,0.0,0.0,0.0,0.0,0.0,1.8052162500541263e-12,1.7291373898559692e-10,0.017440102717250435
2,0.2617993877991494,4,5,14,2.98139652217584,0.0002077637383371602,0.7805277842921481,5.439241950353121e-5,0.0018534149177518752,0.0003393175203967791,-0.0003251106440968661,0.0003252450913040575,0.00032998612666634006,0.00032524509368030775,0.0003299861259523931,-0.0003207848038538235,0.0003252475204310085,0.0,0.0,0.0,0.0,0.0,0.0,0.0,0.0,1.8052162500541263e-12,1.7291373898559692e-10,0.017440102717250435
2,0.2617993877991494,4,3,15,2.981396522175855,0.00020776373821833945,-0.7805277842921521,-5.439241947242401e-5,0.0018534149169710584,0.0,0.0,0.0,0.0,0.0,0.0,0.0,0.0,-0.0003207848048905321,0.0003252475191012154,-0.000325245090676719,-0.00032998612758716197,-0.0003252450916477944,-0.00032998612710453983,0.0003393175214335746,-0.00032511064276722284,1.8052162500541263e-12,1.7291373898559692e-10,0.017440102717250435
2,0.2617993877991494,4,5,16,2.9810827230093553,-0.00010601058157507382,0.7804456318624705,-2.7753505356586114e-5,0.0018253836168891056,-0.0003110157033626115,0.0003251051067267911,-0.000325240794329155,-0.0003200768484824092,-0.00032524079677855207,-0.0003200768478597931,0.00032926806368559805,-0.00032524842763617255,0.0,0.0,0.0,0.0,0.0,0.0,0.0,0.0,1.8052162500541263e-12,1.7291373898559692e-10,0.017440102717250435
2,0.2617993877991494,4,3,17,2.9810827230093757,-0.00010601058171324281,-0.7804456318624758,2.7753505392758673e-5,0.0018253836166967508,0.0,0.0,0.0,0.0,0.0,0.0,0.0,0.0,0.0003292680648899211,-0.0003252484263833421,0.00032524079376402903,0.00032007684955877395,0.00032524079483903343,0.00032007684919086837,-0.0003110157045662187,0.00032510510547542756,1.8052162500541263e-12,1.7291373898559692e-10,0.017440102717250435
2,0.2617993877991494,4,5,18,2.934925365602289,-0.0008802914405156301,0.768361663950874,-0.0002304597602118233,0.0015872807662536104,-0.00013080629571649043,0.0003687134558196501,-0.00037205073534713503,-0.0001379448136659092,-0.0003720507354789425,-0.0001379448137391189,0.0001452321409410811,-0.0003753328073199774,0.0,0.0,0.0,0.0,0.0,0.0,0.0,0.0,1.8052162500541263e-12,1.7291373898559692e-10,0.017440102717250435
2,0.2617993877991494,4,3,19,2.9349253656034415,-0.0008802914383578284,-0.7683616639511758,0.00023045975964691213,0.0015872807630465844,0.0,0.0,0.0,0.0,0.0,0.0,0.0,0.0,0.00014523214011095606,-0.0003753328067707562,0.00037205073479096377,0.00013794481284279842,0.0003720507349360548,0.00013794481291414602,-0.0001308062948985894,0.00036871345526966637,1.8052162500541263e-12,1.7291373898559692e-10,0.017440102717250435
2,0.2617993877991494,4,3,20,2.9304353964994236,-0.00407311120173463,-0.7671861927885067,0.0010663380190519837,0.000939903869683601,0.0,0.0,0.0,0.0,0.0,0.0,0.0,0.0,0.00023821055730346088,-6.899122612917245e-6,1.0123237798228968e-5,0.0002347460440499863,1.0123237745866964e-5,0.00023474604403722401,-0.000231285561299106,1.325345370726073e-5,1.8052162500541263e-12,1.7291373898559692e-10,0.017440102717250435
2,0.2617993877991494,4,5,21,2.9304353965007177,-0.004073111198171843,0.7671861927888456,-0.0010663380181192483,0.0009399038686628557,-0.00023128556106484814,1.3253453386984372e-5,-1.0123237477041596e-5,-0.00023474604380786497,-1.0123237427246305e-5,-0.0002347460437961064,0.0002382105570544109,-6.899122293510418e-6,0.0,0.0,0.0,0.0,0.0,0.0,0.0,0.0,1.8052162500541263e-12,1.7291373898559692e-10,0.017440102717250435
2,0.2617993877991494,4,5,22,2.933934672090216,0.0005979740722764559,0.7681023009959168,0.00015654924604174047,0.00032774989309867873,8.302208247374432e-5,-3.6029294007350465e-6,4.7096650227460306e-6,8.179790562721832e-5,4.709664990435871e-6,8.179790554495941e-5,-8.057560602024979e-5,5.7836810747540405e-6,0.0,0.0,0.0,0.0,0.0,0.0,0.0,0.0,1.8052162500541263e-12,1.7291373898559692e-10,0.017440102717250435
2,0.2617993877991494,4,3,23,2.933934672091535,0.0005979740732859531,-0.7681023009962621,-0.00015654924630602622,0.00032774989070259513,0.0,0.0,0.0,0.0,0.0,0.0,0.0,0.0,-8.057560543606087e-5,5.7836808240638825e-6,-4.709664767216414e-6,-8.179790504254015e-5,-4.70966474455215e-6,-8.17979049583979e-5,8.302208188675091e-5,-3.602929149814021e-6,1.8052162500541263e-12,1.7291373898559692e-10,0.017440102717250435
2,0.2617993877991494,4,3,24,5.080661928152772,0.0027544117983290045,-1.3301141824048417,-0.0007211033225492876,3.785780176932451e-5,0.0,0.0,0.0,0.0,0.0,0.0,0.0,0.0,-6.600497128547923e-6,6.595655184449571e-6,-6.594238354158366e-6,-6.7884377574526635e-6,-6.594238349696847e-6,-6.78843775446161e-6,6.979015535518985e-6,-6.590105616844848e-6,1.8052162500541263e-12,1.7291373898559692e-10,0.017440102717250435
2,0.2617993877991494,4,5,25,5.080661928152988,0.0027544117989205513,1.3301141824048983,0.0007211033227041542,3.785780175404766e-5,6.979015535373986e-6,-6.5901056113881706e-6,6.594238348834673e-6,6.788437757250831e-6,6.594238344341151e-6,6.788437754388457e-6,-6.600497128416617e-6,6.595655179223734e-6,0.0,0.0,0.0,0.0,0.0,0.0,0.0,0.0,1.8052162500541263e-12,1.7291373898559692e-10,0.017440102717250435
2,0.2617993877991494,4,5,26,5.075210369633117,-0.0026965182318956756,1.328686967721845,-0.0007059468222995327,3.6724580202918936e-5,-6.209743849644158e-6,6.585873527353095e-6,-6.589923447929671e-6,-6.392018923198803e-6,-6.589923449644482e-6,-6.392018926514645e-6,6.576929457991941e-6,-6.591416035573803e-6,0.0,0.0,0.0,0.0,0.0,0.0,0.0,0.0,1.8052162500541263e-12,1.7291373898559692e-10,0.017440102717250435
2,0.2617993877991494,4,3,27,5.075210369633263,-0.0026965182314767702,-1.328686967721883,0.0007059468221898635,3.672458018949472e-5,0.0,0.0,0.0,0.0,0.0,0.0,0.0,0.0,6.576929451543655e-6,-6.591416037072643e-6,6.589923449230415e-6,6.392018916891351e-6,6.589923451487808e-6,6.392018919942553e-6,-6.209743843210063e-6,6.58587352899394e-6,1.8052162500541263e-12,1.7291373898559692e-10,0.017440102717250435
2,0.2617993877991494,4,5,28,5.0856936989299175,0.0020251527059279295,1.331431496913844,0.0005301837386117228,3.306274488894487e-5,-4.977398938021179e-6,6.452536863063209e-6,-6.472378475064151e-6,-5.140336071224574e-6,-6.472378482454172e-6,-5.140336072667145e-6,5.305861745901561e-6,-6.49016344235403e-6,0.0,0.0,0.0,0.0,0.0,0.0,0.0,0.0,1.8052162500541263e-12,1.7291373898559692e-10,0.017440102717250435
2,0.2617993877991494,4,3,29,5.0856936989291786,0.002025152705973747,-1.3314314969136507,-0.0005301837386237178,3.306274486021437e-5,0.0,0.0,0.0,0.0,0.0,0.0,0.0,0.0,5.305861723043791e-6,-6.490163451238749e-6,6.472378484037425e-6,5.1403360475271575e-6,6.4723784913362315e-6,5.140336050792075e-6,-4.977398915299864e-6,6.452536872025542e-6,1.8052162500541263e-12,1.7291373898559692e-10,0.017440102717250435
2,0.2617993877991494,4,5,30,5.084343775236784,0.0019464973867966782,1.331078087717406,0.0005095918242160144,2.7647184983603296e-5,2.5898366334515426e-6,-6.5139202883956266e-6,6.457926449301423e-6,2.4623844293641645e-6,6.457926452990552e-6,2.462384429628993e-6,-2.3375151989848824e-6,6.4009471435571025e-6,0.0,0.0,0.0,0.0,0.0,0.0,0.0,0.0,1.8052162500541263e-12,1.7291373898559692e-10,0.017440102717250435
2,0.2617993877991494,4,3,31,5.0843437752376435,0.0019464973868992055,-1.3310780877176311,-0.000509591824242856,2.7647184971231875e-5,0.0,0.0,0.0,0.0,0.0,0.0,0.0,0.0,-2.337515165196583e-6,6.400947153117385e-6,-6.457926458986433e-6,-2.462384394274544e-6,-6.457926462468987e-6,-2.462384397116258e-6,2.5898365996336624e-6,-6.513920297986115e-6,1.8052162500541263e-12,1.7291373898559692e-10,0.017440102717250435
2,0.2617993877991494,4,5,32,5.079451481056758,-0.001530550324532792,1.329797288096142,-0.0004006971379584744,1.643127316881637e-5,4.165837659884197e-6,-4.773627449229117e-8,1.0515078866608623e-7,4.1062668435782026e-6,1.0515079078970731e-7,4.106266844813374e-6,-4.046737760323653e-6,1.6092278989451507e-7,0.0,0.0,0.0,0.0,0.0,0.0,0.0,0.0,1.8052162500541263e-12,1.7291373898559692e-10,0.017440102717250435
2,0.2617993877991494,4,3,33,5.07945148105688,-0.001530550324061067,-1.329797288096174,0.00040069713783497704,1.6431273150950313e-5,0.0,0.0,0.0,0.0,0.0,0.0,0.0,0.0,-4.04673775570547e-6,1.6092279609151462e-7,-1.0515079516516463e-7,-4.106266839407472e-6,-1.0515079670019331e-7,-4.10626683973132e-6,4.165837655247048e-6,-4.773628070347387e-8,1.8052162500541263e-12,1.7291373898559692e-10,0.017440102717250435
2,0.2617993877991494,4,3,34,5.077386547262602,-0.002324160093902973,-1.3292566896929863,0.000608463689731012,5.67787423449534e-6,0.0,0.0,0.0,0.0,0.0,0.0,0.0,0.0,1.4376081445357173e-6,-7.592783502559262e-8,9.490058806380085e-8,1.416221530213168e-6,9.490058829827106e-8,1.4162215308322699e-6,-1.3948727634485933e-6,1.1330684514888795e-7,1.8052162500541263e-12,1.7291373898559692e-10,0.017440102717250435
2,0.2617993877991494,4,5,35,5.077386547262622,-0.002324160093818127,1.3292566896929914,-0.0006084636897087992,5.677874232385371e-6,-1.3948727629358016e-6,1.1330684444419688e-7,-9.490058691135609e-8,-1.416221529533499e-6,-9.490058791886298e-8,-1.416221530556604e-6,1.4376081440926937e-6,-7.592783419547937e-8,0.0,0.0,0.0,0.0,0.0,0.0,0.0,0.0,1.8052162500541263e-12,1.7291373898559692e-10,0.017440102717250435
2,0.2617993877991494,4,3,36,7.2042108357558,0.00019018158004643557,-1.886057986376867,-4.978942122683176e-5,8.220376968188798e-7,0.0,0.0,0.0,0.0,0.0,0.0,0.0,0.0,-1.4206765331504942e-7,1.444613148114932e-7,-1.4446613903938467e-7,-1.4614867632487936e-7,-1.444661392728142e-7,-1.461486764662602e-7,1.5028747423756336e-7,-1.4441249247448583e-7,1.8052162500541263e-12,1.7291373898559692e-10,0.017440102717250435
2,0.2617993877991494,4,5,37,7.204210835755243,0.0001901815808146405,1.886057986376721,4.978942142794734e-5,8.220376926038702e-7,1.5028747303232097e-7,-1.4441249219880506e-7,1.444661387811923e-7,1.4614867509078304e-7,1.4446613897541624e-7,1.4614867528617287e-7,-1.4206765210633486e-7,1.444613145311181e-7,0.0,0.0,0.0,0.0,0.0,0.0,0.0,0.0,1.8052162500541263e-12,1.7291373898559692e-10,0.017440102717250435
2,0.2617993877991494,4,3,38,7.2038358012419454,-0.00018481610694178266,-1.8859598025707363,4.838474365278083e-5,8.123766174300424e-7,0.0,0.0,0.0,0.0,0.0,0.0,0.0,0.0,1.468238292789208e-7,-1.4446092940124262e-7,1.4446559322604286e-7,1.427333321320316e-7,1.4446559325264631e-7,1.427333321825175e-7,-1.3870060985133972e-7,1.444131521889043e-7,1.8052162500541263e-12,1.7291373898559692e-10,0.017440102717250435
2,0.2617993877991494,4,5,39,7.203835801241549,-0.00018481610781707816,1.8859598025706326,-4.838474388193265e-5,8.123766126495958e-7,-1.3870060882732236e-7,1.444131515204699e-7,-1.4446559259922882e-7,-1.4273333111074283e-7,-1.444655925398597e-7,-1.4273333115870803e-7,1.4682382825810749e-7,-1.444609287295763e-7,0.0,0.0,0.0,0.0,0.0,0.0,0.0,0.0,1.8052162500541263e-12,1.7291373898559692e-10,0.017440102717250435
2,0.2617993877991494,4,5,40,5.639508885798461,0.0024078697914123558,1.4764199737899004,0.0006303788372918203,4.1781666240338415e-8,7.7808108774058e-9,-7.189178311216517e-9,7.196020652850844e-9,7.570542099133977e-9,7.196020508575566e-9,7.57054197013136e-9,-7.363150994208707e-9,7.199834057095405e-9,0.0,0.0,0.0,0.0,0.0,0.0,0.0,0.0,1.8052162500541263e-12,1.7291373898559692e-10,0.017440102717250435
2,0.2617993877991494,4,3,41,5.63950888579814,0.0024078697909952684,-1.4764199737898163,-0.0006303788371826271,4.1781665369140815e-8,0.0,0.0,0.0,0.0,0.0,0.0,0.0,0.0,-7.363150936545928e-9,7.199833805020737e-9,-7.196020402861868e-9,-7.57054204417811e-9,-7.1960202567127835e-9,-7.570541901103136e-9,7.780810811096934e-9,-7.189178061571253e-9,1.8052162500541263e-12,1.7291373898559692e-10,0.017440102717250435
2,0.2617993877991494,4,5,42,5.6348411896442805,-0.002259419111199147,1.4751979737943033,-0.000591514540093635,3.955981852624482e-8,-6.6004379806104e-9,7.176933784273494e-9,-7.183737001363326e-9,-6.7967157088327305e-9,-7.18373715549035e-9,-6.796715834715946e-9,6.995866514044791e-9,-7.18782111231116e-9,0.0,0.0,0.0,0.0,0.0,0.0,0.0,0.0,1.8052162500541263e-12,1.7291373898559692e-10,0.017440102717250435
2,0.2617993877991494,4,3,43,5.634841189644693,-0.002259419111016267,-1.4751979737944112,0.000591514540045757,3.9559818501649506e-8,0.0,0.0,0.0,0.0,0.0,0.0,0.0,0.0,6.9958664529082445e-9,-7.187821157283127e-9,7.183737053162549e-9,6.796715642566436e-9,7.1837371978560295e-9,6.796715783648082e-9,-6.600437924266696e-9,7.1769338334512575e-9,1.8052162500541263e-12,1.7291373898559692e-10,0.017440102717250435
2,0.2617993877991494,4,5,44,5.6447140361075085,0.0017156768598187025,1.4777826789542114,0.0004491631515617034,3.6158251570288056e-8,-5.532885066097909e-9,6.986722590517492e-9,-7.006149484594862e-9,-5.711339209633572e-9,-7.006149636985115e-9,-5.711339300732606e-9,5.892595447511618e-9,-7.023291435537228e-9,0.0,0.0,0.0,0.0,0.0,0.0,0.0,0.0,1.8052162500541263e-12,1.7291373898559692e-10,0.017440102717250435
2,0.2617993877991494,4,3,45,5.644714036106658,0.001715676859774468,-1.4777826789539887,-0.0004491631515501228,3.6158251003668416e-8,0.0,0.0,0.0,0.0,0.0,0.0,0.0,0.0,5.892595497447353e-9,-7.02329121309353e-9,7.006149261560225e-9,5.711339266527973e-9,7.006149413723047e-9,5.711339342834472e-9,-5.532885115277914e-9,6.986722366693124e-9,1.8052162500541263e-12,1.7291373898559692e-10,0.017440102717250435
2,0.2617993877991494,4,5,46,5.643621860416401,0.0016790056614792914,1.4774967480269103,0.0004395626542865844,2.9864562888041044e-8,2.8409384765661675e-9,-7.018947499115377e-9,6.959314069040233e-9,2.702893459822214e-9,6.959313915251506e-9,2.7028934280342356e-9,-2.567631920285013e-9,6.898598770563097e-9,0.0,0.0,0.0,0.0,0.0,0.0,0.0,0.0,1.8052162500541263e-12,1.7291373898559692e-10,0.017440102717250435
2,0.2617993877991494,4,3,47,5.643621860417436,0.001679005661499952,-1.4774967480271815,-0.0004395626542919933,2.986456280270968e-8,0.0,0.0,0.0,0.0,0.0,0.0,0.0,0.0,-2.567631656832279e-9,6.898598852394853e-9,-6.959314151058093e-9,-2.7028931876225306e-9,-6.959313994345676e-9,-2.7028931677949232e-9,2.840938207430334e-9,-7.018947578332551e-9,1.8052162500541263e-12,1.7291373898559692e-10,0.017440102717250435
2,0.2617993877991494,4,3,48,5.639557058905758,-0.0012029628198105607,-1.4764325854798992,0.0003149349297715433,1.729008683757086e-8,0.0,0.0,0.0,0.0,0.0,0.0,0.0,0.0,-4.256733049817055e-9,2.0391070260393664e-10,-1.4573432235047598e-10,-4.319848119669856e-9,-1.4573432168762555e-10,-4.319848041012414e-9,4.3830210586399705e-9,-8.582999087720608e-11,1.8052162500541263e-12,1.7291373898559692e-10,0.017440102717250435
2,0.2617993877991494,4,5,49,5.639557058905604,-0.0012029628203679703,1.4764325854798586,-0.0003149349299174728,1.7290085834027857e-8,4.383020813102635e-9,-8.582978772256766e-11,1.457341176304816e-10,4.319847877120572e-9,1.4573412132590665e-10,4.319847795125719e-9,-4.256732806945446e-9,2.039105006005895e-10,0.0,0.0,0.0,0.0,0.0,0.0,0.0,0.0,1.8052162500541263e-12,1.7291373898559692e-10,0.017440102717250435
2,0.2617993877991494,4,3,50,5.63781055302524,-0.00189391925650721,-1.4759753513095917,0.0004958269018946078,5.925038383718582e-9,0.0,0.0,0.0,0.0,0.0,0.0,0.0,0.0,1.4995112518869738e-9,-9.116133189275897e-11,1.1078186922544013e-10,1.4770368816539256e-9,1.1078188305676644e-10,1.4770369174974687e-9,-1.4546067419798454e-9,1.298115966153954e-10,1.8052162500541263e-12,1.7291373898559692e-10,0.017440102717250435
2,0.2617993877991494,4,5,51,5.637810553025288,-0.0018939192564064967,1.4759753513096043,-0.0004958269018682411,5.925038205723348e-9,-1.4546066988648646e-9,1.2981159579142564e-10,-1.1078186950679155e-10,-1.477036835148102e-9,-1.1078188244061625e-10,-1.477036874797474e-9,1.4995112057729773e-9,-9.116133242568973e-11,0.0,0.0,0.0,0.0,0.0,0.0,0.0,0.0,1.8052162500541263e-12,1.7291373898559692e-10,0.017440102717250435
2,0.2617993877991494,4,5,52,3.517495032993648,-6.48206950123369e-5,0.9208780462242859,-1.6970018270945177e-5,4.816349265689806e-10,-1.1670764054951987e-10,-2.1722930606605918e-11,2.3704169592970266e-11,-1.180463120999804e-10,2.3704193977621963e-11,-1.1804625383068406e-10,1.193754340824291e-10,2.573264968884229e-11,0.0,0.0,0.0,0.0,0.0,0.0,0.0,0.0,1.8052162500541263e-12,1.7291373898559692e-10,0.017440102717250435
2,0.2617993877991494,4,3,53,3.517495032994319,-6.482069484233053e-5,-0.9208780462244616,1.6970018226437614e-5,4.816347621139242e-10,0.0,0.0,0.0,0.0,0.0,0.0,0.0,0.0,1.1937539509522538e-10,2.5732632963028192e-11,-2.370415361973419e-11,1.1804627290746866e-10,-2.3704177237224278e-11,1.180462157266013e-10,-1.1670760223445432e-10,-2.1722914614365445e-11,1.8052162500541263e-12,1.7291373898559692e-10,0.017440102717250435
2,0.2617993877991494,4,5,54,3.51781051722096,0.00025064030261004976,0.9209606398018565,6.561747778110458e-5,1.1347509339914176e-10,-1.3868752008592692e-11,2.5208098189645987e-11,-2.5045050192054823e-11,-1.3321123794861641e-11,-2.5045035038506418e-11,-1.3321149404331737e-11,1.278353823950955e-11,-2.4876656549596717e-11,0.0,0.0,0.0,0.0,0.0,0.0,0.0,0.0,1.8052162500541263e-12,1.7291373898559692e-10,0.017440102717250435
2,0.2617993877991494,4,3,55,3.517810517221345,0.00025064030215938855,-0.9209606398019573,-6.561747766312175e-5,1.1347500544685688e-10,0.0,0.0,0.0,0.0,0.0,0.0,0.0,0.0,1.2783518059446206e-11,-2.4876642401314548e-11,2.504503547039337e-11,1.3321104297040773e-11,2.5045021699096902e-11,1.3321128013292867e-11,-1.386873130131918e-11,2.5208084279501923e-11,1.8052162500541263e-12,1.7291373898559692e-10,0.017440102717250435
2,0.2617993877991494,4,3,56,7.7442146196532065,0.004565940707298664,-2.027430646410432,-0.0011953604818980056,4.443033053215629e-11,0.0,0.0,0.0,0.0,0.0,0.0,0.0,0.0,-6.826213950380751e-12,8.563218367458258e-12,-8.58638510639285e-12,-7.045569506000394e-12,-8.58638498666565e-12,-7.045569372622288e-12,7.268358917340088e-12,-8.60673280983964e-12,1.8052162500541263e-12,1.7291373898559692e-10,0.017440102717250435
2,0.2617993877991494,4,5,57,7.744214619656757,0.004565940706955496,2.0274306464113616,0.0011953604818081642,4.443031835309563e-11,7.26835830769731e-12,-8.6067292931978e-12,8.58638164234037e-12,7.045569034486062e-12,8.586381484620615e-12,7.0455687341006915e-12,-6.826213448896064e-12,8.563214918354899e-12,0.0,0.0,0.0,0.0,0.0,0.0,0.0,0.0,1.8052162500541263e-12,1.7291373898559692e-10,0.017440102717250435
2,0.2617993877991494,4,5,58,7.783723734270085,-0.00013306930109891965,2.0377741084296175,-3.4837461562557846e-5,3.94015054365491e-11,-6.805712427258228e-12,6.927987844965444e-12,-6.928326788351096e-12,-7.001321754472522e-12,-6.928326219996422e-12,-7.0013216357291356e-12,7.199701728060768e-12,-6.9258640845092304e-12,0.0,0.0,0.0,0.0,0.0,0.0,0.0,0.0,1.8052162500541263e-12,1.7291373898559692e-10,0.017440102717250435
2,0.2617993877991494,4,3,59,7.783723734269877,-0.00013306930065099237,-2.037774108429563,3.4837461445290756e-5,3.940150324684161e-11,0.0,0.0,0.0,0.0,0.0,0.0,0.0,0.0,7.199698094515068e-12,-6.925866957472174e-12,6.928329381551581e-12,7.001317853074122e-12,6.9283293676832004e-12,7.0013183172778265e-12,-6.805708839243516e-12,6.927990712171107e-12,1.8052162500541263e-12,1.7291373898559692e-10,0.017440102717250435
2,0.2617993877991494,4,5,60,7.784094634886262,0.0002378002034146287,2.0378712099838667,6.2255947672463e-5,3.895214969834696e-11,7.038607373883187e-12,-6.928049560131716e-12,6.928234401842565e-12,6.842474513871948e-12,6.9282349145750155e-12,6.842474383529432e-12,-6.6491122752977614e-12,6.925682210024407e-12,0.0,0.0,0.0,0.0,0.0,0.0,0.0,0.0,1.8052162500541263e-12,1.7291373898559692e-10,0.017440102717250435
2,0.2617993877991494,4,3,61,7.784094634886317,0.00023780020313377784,-2.0378712099838814,-6.22559475989364e-5,3.8952142540995896e-11,0.0,0.0,0.0,0.0,0.0,0.0,0.0,0.0,-6.649114046609118e-12,6.925677979156357e-12,-6.9282303429183986e-12,-6.842476484933856e-12,-6.928230511230361e-12,-6.842475886984888e-12,7.038609077845116e-12,-6.9280453303942684e-12,1.8052162500541263e-12,1.7291373898559692e-10,0.017440102717250435
2,0.2617993877991494,4,5,62,7.737605707269923,-0.0008733708429811988,2.0257004371944705,-0.00022864795201410487,3.5604013643910064e-11,-2.7734493764274226e-12,8.325792006886026e-12,-8.403735359543704e-12,-2.932092956542756e-12,-8.403735635418086e-12,-2.932093397117198e-12,3.094098239007714e-12,-8.480505480702823e-12,0.0,0.0,0.0,0.0,0.0,0.0,0.0,0.0,1.8052162500541263e-12,1.7291373898559692e-10,0.017440102717250435
2,0.2617993877991494,4,3,63,7.737605707271056,-0.0008733708408374119,-2.025700437194767,0.0002286479514528628,3.5604004985009655e-11,0.0,0.0,0.0,0.0,0.0,0.0,0.0,0.0,3.0940970292910897e-12,-8.480503598586989e-12,8.403733438347044e-12,2.932091861630971e-12,8.403733793227583e-12,2.9320921361434128e-12,-2.7734482300969915e-12,8.325790126022184e-12,1.8052162500541263e-12,1.7291373898559692e-10,0.017440102717250435
2,0.2617993877991494,4,3,64,7.733130752790011,-0.0040623698573607715,-2.0245288968512,0.001063525941670768,2.1623783676704037e-11,0.0,0.0,0.0,0.0,0.0,0.0,0.0,0.0,5.479614080747751e-12,-1.8273302064468496e-13,2.565583609911944e-13,5.399584071350709e-12,2.565582343925636e-13,5.399583925444171e-12,-5.319656106844022e-12,3.282237219717347e-13,1.8052162500541263e-12,1.7291373898559692e-10,0.017440102717250435
2,0.2617993877991494,4,5,65,7.733130752791194,-0.004062369853930527,2.02452889685151,-0.001063525940772732,2.1623778252947613e-11,-5.319654846142138e-12,3.282223150159705e-13,-2.565570278921556e-13,-5.3995827865275384e-12,-2.565568175940224e-13,-5.399582626009163e-12,5.479612757784332e-12,-1.8273167899002557e-13,0.0,0.0,0.0,0.0,0.0,0.0,0.0,0.0,1.8052162500541263e-12,1.7291373898559692e-10,0.017440102717250435
2,0.2617993877991494,4,3,66,7.736621177216319,0.0005966370972484156,-2.025442687829167,-0.00015619922679789677,7.764502826951831e-12,0.0,0.0,0.0,0.0,0.0,0.0,0.0,0.0,-1.91114811316201e-12,1.0021542287275181e-13,-7.42184721142226e-14,-1.9396092695040376e-12,-7.421835115057584e-14,-1.939609169562135e-12,1.968099856692933e-12,-4.7445549041352116e-14,1.8052162500541263e-12,1.7291373898559692e-10,0.017440102717250435
2,0.2617993877991494,4,5,67,7.736621177215053,0.0005966370962345955,2.0254426878288356,0.00015619922653247928,7.764498860414209e-12,1.9680988562835614e-12,-4.744507705554135e-14,7.421800796833224e-14,1.9396082834074576e-12,7.421791671127037e-14,1.939608205502975e-12,-1.911147162258009e-12,1.0021499594614866e-13,0.0,0.0,0.0,0.0,0.0,0.0,0.0,0.0,1.8052162500541263e-12,1.7291373898559692e-10,0.017440102717250435
2,0.2617993877991494,4,3,68,9.880854625486311,-0.002717026981441406,-2.58680169188471,0.000711316000375131,1.8521094604907228e-17,0.0,0.0,0.0,0.0,0.0,0.0,0.0,0.0,4.621862158941075e-18,8.311686786365359e-19,-7.550167087250226e-19,4.568108717626829e-18,-7.549786238932045e-19,4.5680321829893344e-18,-4.513978032772989e-18,-6.806537695199302e-19,1.8052162500541263e-12,1.7291373898559692e-10,0.017440102717250435
2,0.2617993877991494,4,5,69,9.880854625485993,-0.0027170269814998428,2.586801691884627,-0.0007113160003904297,1.8519870954737075e-17,-4.513710981031094e-18,-6.803773319296515e-19,7.547625366137899e-19,-4.5677898605314395e-18,7.546874922714092e-19,-4.567821007349548e-18,4.621599013950479e-18,8.309000852675496e-19,0.0,0.0,0.0,0.0,0.0,0.0,0.0,0.0,1.8052162500541263e-12,1.7291373898559692e-10,0.017440102717250435
2,0.2617993877991494,4,3,70,8.320189104332526,-6.252177620386275e-5,-2.1782204138874084,1.6368162734286695e-5,8.165614802774178e-18,0.0,0.0,0.0,0.0,0.0,0.0,0.0,0.0,2.0204214357576403e-18,4.519496298141101e-19,-4.172077530184858e-19,1.998489611480768e-18,-4.174109666445177e-19,1.9978917040990048e-18,-1.9757895835713026e-18,-3.8346951017299855e-19,1.8052162500541263e-12,1.7291373898559692e-10,0.017440102717250435
2,0.2617993877991494,4,5,71,8.320189104332808,-6.252177631188831e-5,2.1782204138874826,-1.6368162762567723e-5,8.162538335616317e-18,-1.9748711114722694e-18,-3.8415984714160823e-19,4.1786712237150408e-19,-1.99762465517456e-18,4.18136754209798e-19,-1.996895490018568e-18,2.0194785908213484e-18,4.526445647952978e-19,0.0,0.0,0.0,0.0,0.0,0.0,0.0,0.0,1.8052162500541263e-12,1.7291373898559692e-10,0.017440102717250435
2,0.2617993877991494,4,3,72,9.886350912200406,0.002778627043009593,-2.5882406163816287,-0.0007274428587820723,3.97584156580173e-18,0.0,0.0,0.0,0.0,0.0,0.0,0.0,0.0,5.880760400539085e-19,-7.838969709050946e-19,7.86574056423066e-19,6.076178048155155e-19,7.865266991684044e-19,6.076140397406854e-19,-6.27469944324502e-19,7.889613690492116e-19,1.8052162500541263e-12,1.7291373898559692e-10,0.017440102717250435
2,0.2617993877991494,4,5,73,9.886350912200898,0.0027786270430148014,2.5882406163817575,0.0007274428587834358,3.975280116820467e-18,-6.270711352161706e-19,7.891021407692542e-19,-7.866876495916419e-19,-6.072399478116172e-19,-7.866760413271005e-19,-6.071919973939153e-19,5.876751872759907e-19,-7.840192086578073e-19,0.0,0.0,0.0,0.0,0.0,0.0,0.0,0.0,1.8052162500541263e-12,1.7291373898559692e-10,0.017440102717250435
2,0.2617993877991494,4,5,74,8.32050248618175,0.00025083697782487483,2.178302457063683,6.566896723194105e-5,2.115038453573198e-18,-2.1470958023579312e-19,4.914422769113676e-19,-4.875418735860382e-19,-2.0461888915555847e-19,-4.873914962419473e-19,-2.049404597505799e-19,1.950465123961213e-19,-4.834086117429831e-19,0.0,0.0,0.0,0.0,0.0,0.0,0.0,0.0,1.8052162500541263e-12,1.7291373898559692e-10,0.017440102717250435
2,0.2617993877991494,4,3,75,8.320502486183814,0.0002508369775218672,-2.1783024570642233,-6.566896715261384e-5,2.114698974579635e-18,0.0,0.0,0.0,0.0,0.0,0.0,0.0,0.0,1.9528320847434202e-19,-4.832262766929547e-19,4.873373653583211e-19,2.0487355587567678e-19,4.872098942878482e-19,2.0516638767181767e-19,-2.1495334040398806e-19,4.91238180343106e-19,1.8052162500541263e-12,1.7291373898559692e-10,0.017440102717250435
2,0.2617993877991494,4,3,76,2.9274193979738756,-0.0051872579014445586,-0.7663966062209152,0.001358020942954486,9.69064458420508e-20,0.0,0.0,0.0,0.0,0.0,0.0,0.0,0.0,-2.117396871785471e-20,-1.2466074491282002e-20,1.1991271622118913e-20,-2.1051497896893465e-20,1.20068279859499e-20,-2.1038523974634802e-20,2.0911476764219443e-20,1.1540412937862219e-20,1.8052162500541263e-12,1.7291373898559692e-10,0.017440102717250435
2,0.2617993877991494,4,5,77,2.9274193979739045,-0.005187257901524813,0.7663966062209228,-0.0013580209429754964,8.383655846727514e-20,1.9540775701043738e-20,6.7323861885997994e-21,-7.085112411234696e-21,1.9717250714580673e-20,-7.114416200988007e-21,1.972060192200153e-20,-1.9894426648657992e-20,-7.474751688082085e-21,0.0,0.0,0.0,0.0,0.0,0.0,0.0,0.0,1.8052162500541263e-12,1.7291373898559692e-10,0.017440102717250435
2,0.2617993877991494,4,3,78,2.9378971189624643,0.005289409643327684,-0.7691396671612579,-0.0013847642064421049,7.220250782357411e-20,0.0,0.0,0.0,0.0,0.0,0.0,0.0,0.0,1.3538293926486907e-20,1.1529197613938981e-20,-1.1892529951421672e-20,1.357237856754139e-20,-1.1903238744610421e-20,1.3573832240875e-20,-1.3603085824944322e-20,-1.2272580664070224e-20,1.8052162500541263e-12,1.7291373898559692e-10,0.017440102717250435
2,0.2617993877991494,4,5,79,2.9378971189623613,0.005289409643431014,0.769139667161231,0.0013847642064691568,6.510248406037725e-20,-1.3790097325319903e-20,-9.096949855498341e-21,8.756450023776435e-21,-1.37098932414451e-20,8.764512209942507e-21,-1.3721484222585322e-20,1.3637506151211942e-20,8.430129621615054e-21,0.0,0.0,0.0,0.0,0.0,0.0,0.0,0.0,1.8052162500541263e-12,1.7291373898559692e-10,0.017440102717250435
3,0.15114994701951814,5,6,0,0.08208013064395292,0.00814791770286327,0.012406407398188612,0.0012315573291071774,86.25712317537659,15.677969741274044,-15.248311146906635,15.25131683728036,15.243656041802936,15.251316837962053,15.243656041501216,-14.815441649028283,15.248223846058995,0.0,0.0,0.0,0.0,0.0,0.0,0.0,0.0,5.4277378209696275e-12,6.388034605758773e-10,0.01674685008519262
3,0.15114994701951814,5,4,1,0.08208013064364827,0.008147917702420916,-0.012406407398142564,-0.0012315573290403155,86.25712317537288,0.0,0.0,0.0,0.0,0.0,0.0,0.0,0.0,-14.815441649043715,15.248223846042276,-15.251316837263873,-15.24365604181839,-15.251316837945035,-15.243656041516646,15.677969741289502,-15.248311146889856,5.4277378209696275e-12,6.388034605758773e-10,0.01674685008519262
3,0.15114994701951814,5,6,2,2.0824990917814445,0.0019705303182091516,0.31476962739096,0.0002978455531976675,4.353866796072431,0.8924761517667644,-0.6496997947564392,0.6529579210358664,0.8707969102316654,0.6529579210290063,0.8707969102818668,-0.84937878224203,0.6558676763222961,0.0,0.0,0.0,0.0,0.0,0.0,0.0,0.0,5.4277378209696275e-12,6.388034605758773e-10,0.01674685008519262
3,0.15114994701951814,5,4,3,2.082499091780785,0.001970530317555532,-0.31476962739086034,-0.00029784555309887294,4.353866794022387,0.0,0.0,0.0,0.0,0.0,0.0,0.0,0.0,-0.8493787821803374,0.655867675551338,-0.6529579202345341,-0.8707969101743517,-0.6529579202871133,-0.8707969102149754,0.8924761517045341,-0.6496997939841361,5.4277378209696275e-12,6.388034605758773e-10,0.01674685008519262
3,0.15114994701951814,5,6,4,2.076220342063224,-0.00037383881839043315,0.31382059470370216,-5.650571759355324e-5,3.9604535856772847,-0.6749554267259117,0.7052144159664318,-0.7055043956462167,-0.6946150553154063,-0.7055043956375758,-0.6946150553594481,0.7145568301276727,-0.7055164728666596,0.0,0.0,0.0,0.0,0.0,0.0,0.0,0.0,5.4277378209696275e-12,6.388034605758773e-10,0.01674685008519262
3,0.15114994701951814,5,4,5,2.076220342063231,-0.0003738388184776585,-0.31382059470370316,5.650571760673735e-5,3.960453583375627,0.0,0.0,0.0,0.0,0.0,0.0,0.0,0.0,0.7145568300667432,-0.7055164721192543,0.7055043948679355,0.6946150552620812,0.7055043949209793,0.6946150552905413,-0.6749554266649105,0.7052144152189352,5.4277378209696275e-12,6.388034605758773e-10,0.01674685008519262
3,0.15114994701951814,5,6,6,4.296762359842073,0.0008551215293096685,0.649455403045589,0.00012925157385040574,2.6317024386148384,0.5027962642006509,-0.4386736252363679,0.4394818766163247,0.4895697202569276,0.4394818765746476,0.4895697204983279,-0.47651893013300467,0.4400942649173474,0.0,0.0,0.0,0.0,0.0,0.0,0.0,0.0,5.4277378209696275e-12,6.388034605758773e-10,0.01674685008519262
3,0.15114994701951814,5,4,7,4.296762359850016,0.000855121529289648,-0.6494554030467896,-0.00012925157384737965,2.6317024320486224,0.0,0.0,0.0,0.0,0.0,0.0,0.0,0.0,-0.4765189306199026,0.4400942619212308,-0.43948187356728274,-0.4895697208391667,-0.43948187362639535,-0.48956972088703554,0.5027962646858052,-0.4386736222353396,5.4277378209696275e-12,6.388034605758773e-10,0.01674685008519262
3,0.15114994701951814,5,6,8,4.29248536695382,-0.00022738645376477878,0.6488089357971268,-3.4369450439502425e-5,2.4457813772385593,-0.41825128888754015,0.434130654118799,-0.4342697465083272,-0.4303926325255874,-0.43426974646772815,-0.4303926327615528,0.4427076498601937,-0.43423664707105825,0.0,0.0,0.0,0.0,0.0,0.0,0.0,0.0,5.4277378209696275e-12,6.388034605758773e-10,0.01674685008519262
3,0.15114994701951814,5,4,9,4.29248536694763,-0.00022738644591002895,-0.6488089357961911,3.436944925225741e-5,2.445781370398333,0.0,0.0,0.0,0.0,0.0,0.0,0.0,0.0,0.44270765035209014,-0.434236644176201,0.43426974356437475,0.430392633111896,0.43426974362166526,0.4303926331578914,-0.4182512893794501,0.434130651223839,5.4277378209696275e-12,6.388034605758773e-10,0.01674685008519262
3,0.15114994701951814,5,4,10,2.101753502364555,0.014335381141699077,-0.31767993053048915,-0.002166792100072415,0.6793074938620511,0.0,0.0,0.0,0.0,0.0,0.0,0.0,0.0,0.041438104942192466,0.1622251229545127,-0.16511338076202867,0.03969703987943746,-0.16511338076688514,0.03969703989517695,-0.037889926307094035,-0.16801750418066894,5.4277378209696275e-12,6.388034605758773e-10,0.01674685008519262
3,0.15114994701951814,5,6,11,2.1017535023655327,0.014335381141409382,0.317679930530637,0.0021667921000286276,0.6793074937812831,-0.03788992631571702,-0.16801750415729205,0.16511338074034054,-0.03969703989077965,0.16511338074301435,-0.039697039900606676,0.0414381049503555,0.1622251229323171,0.0,0.0,0.0,0.0,0.0,0.0,0.0,0.0,5.4277378209696275e-12,6.388034605758773e-10,0.01674685008519262
3,0.15114994701951814,5,4,12,4.313845471326209,0.015447904107333977,-0.6520375144413447,-0.0023349498873861275,0.13895993650375743,0.0,0.0,0.0,0.0,0.0,0.0,0.0,0.0,0.014838760132728555,0.030869176430682543,-0.031518516761502476,0.01460578442669298,-0.031518516760514044,0.014605784429544844,-0.014360200148862561,-0.03217369688337559,5.4277378209696275e-12,6.388034605758773e-10,0.01674685008519262
3,0.15114994701951814,5,6,13,4.31384547132962,0.01544790410551795,0.6520375144418604,0.0023349498871116352,0.13895993603949333,-0.014360200128838879,-0.03217369676266909,0.031518516641824264,-0.014605784403469053,0.031518516643718124,-0.014605784411017198,0.01483876011104614,0.03086917631487739,0.0,0.0,0.0,0.0,0.0,0.0,0.0,0.0,5.4277378209696275e-12,6.388034605758773e-10,0.01674685008519262
3,0.15114994701951814,5,4,14,4.241455792373141,0.007343869314778597,-0.6410958183028286,-0.00111002545784705,0.0003585565766493108,0.0,0.0,0.0,0.0,0.0,0.0,0.0,0.0,8.845181354886185e-5,-2.1002872874722168e-5,2.1939285734716637e-5,8.69082305669944e-5,2.1939285999043503e-5,8.690823085121834e-5,-8.537341663110666e-5,2.2840933814475444e-5,5.4277378209696275e-12,6.388034605758773e-10,0.01674685008519262
3,0.15114994701951814,5,6,15,4.241455792370117,0.007343869316528279,0.6410958183023716,0.0011100254581115142,0.0003585565713752855,-8.537341551349729e-5,2.2840932873709804e-5,-2.193928480584297e-5,-8.690822944934905e-5,-2.193928504935738e-5,-8.690822972315192e-5,8.845181242102882e-5,-2.100287193666171e-5,0.0,0.0,0.0,0.0,0.0,0.0,0.0,0.0,5.4277378209696275e-12,6.388034605758773e-10,0.01674685008519262
3,0.15114994701951814,5,4,16,6.445431750784999,0.008208431352124228,-0.9742266676490726,-0.0012407039639869288,0.0002703415627804836,0.0,0.0,0.0,0.0,0.0,0.0,0.0,0.0,-4.2171207676394073e-5,5.159025433752679e-5,-5.1714824567744765e-5,-4.3507531294594726e-5,-5.171482456835728e-5,-4.3507531299720814e-5,4.486453736644072e-5,-5.1821987649553644e-5,5.4277378209696275e-12,6.388034605758773e-10,0.01674685008519262
3,0.15114994701951814,5,6,17,6.445431750790991,0.008208431357433908,0.9742266676499785,0.0012407039647894865,0.00027034155664925485,4.4864535803891085e-5,-5.182198694812033e-5,5.171482385984054e-5,4.350752975934911e-5,5.171482384457561e-5,4.350752977498854e-5,-4.2171206178732067e-5,5.159025360797746e-5,0.0,0.0,0.0,0.0,0.0,0.0,0.0,0.0,5.4277378209696275e-12,6.388034605758773e-10,0.01674685008519262
3,0.15114994701951814,5,4,18,4.242265313531891,0.008155111149266352,-0.6412181773830848,-0.0012326446181498908,0.00018104577605261484,0.0,0.0,0.0,0.0,0.0,0.0,0.0,0.0,-4.312720657682093e-5,1.1459346340457325e-5,-1.100275346902687e-5,-4.390139995582752e-5,-1.1002753514035826e-5,-4.390139990919139e-5,4.4679990876864436e-5,-1.052859920398009e-5,5.4277378209696275e-12,6.388034605758773e-10,0.01674685008519262
3,0.15114994701951814,5,6,19,4.242265313530748,0.00815511115066498,0.6412181773829121,0.0012326446183612933,0.00018104577391470387,4.467999016984243e-5,-1.0528599833453471e-5,1.100275405912065e-5,4.390139925314674e-5,1.1002754168469825e-5,4.390139919802743e-5,-4.31272058699521e-5,1.145934695543612e-5,0.0,0.0,0.0,0.0,0.0,0.0,0.0,0.0,5.4277378209696275e-12,6.388034605758773e-10,0.01674685008519262
3,0.15114994701951814,5,4,20,6.456734853298027,0.007498775099258604,-0.975935130995073,-0.00113343945896422,0.00016925967428879968,0.0,0.0,0.0,0.0,0.0,0.0,0.0,0.0,3.0248446071862572e-5,-3.044277973850828e-5,3.0434109257571954e-5,2.939622956579453e-5,3.0434109335770496e-5,2.9396229480058675e-5,-2.855618426406031e-5,3.0413677929534424e-5,5.4277378209696275e-12,6.388034605758773e-10,0.01674685008519262
3,0.15114994701951814,5,6,21,6.456734853296033,0.007498775100353267,0.9759351309947716,0.0011334394591296783,0.00016925966749407688,-2.8556184605580387e-5,3.041367523828607e-5,-3.0434106490429976e-5,-2.9396229888212454e-5,-3.0434106720046988e-5,-2.9396229839558187e-5,3.024844641333248e-5,-3.0442777047024924e-5,0.0,0.0,0.0,0.0,0.0,0.0,0.0,0.0,5.4277378209696275e-12,6.388034605758773e-10,0.01674685008519262
3,0.15114994701951814,5,4,22,4.228271870809714,0.008150517812481214,-0.6391030692570071,-0.0012319503355381744,0.00016792249217723732,0.0,0.0,0.0,0.0,0.0,0.0,0.0,0.0,-4.0832215663380896e-5,6.766576057586002e-6,-6.276547485534861e-6,-4.150664369006286e-5,-6.276547461970794e-6,-4.150664356880321e-5,4.218357889336497e-5,-5.7699157305516765e-6,5.4277378209696275e-12,6.388034605758773e-10,0.01674685008519262
3,0.15114994701951814,5,6,23,4.228271870809733,0.008150517811473591,0.63910306925701,0.0012319503353858722,0.00016792248979427446,4.2183578444549725e-5,-5.76991471286556e-6,6.276546484378014e-6,4.15066432552826e-5,6.276546432689396e-6,4.150664310534836e-5,-4.0832215214304566e-5,6.766575044584281e-6,0.0,0.0,0.0,0.0,0.0,0.0,0.0,0.0,5.4277378209696275e-12,6.388034605758773e-10,0.01674685008519262
3,0.15114994701951814,5,4,24,6.457359103391656,0.008027108480935838,-0.976029486363652,-0.0012132970216133766,0.0001012366466497141,0.0,0.0,0.0,0.0,0.0,0.0,0.0,0.0,-1.6746028862180148e-5,1.8498638466521512e-5,-1.8519999348397915e-5,-1.724816649226213e-5,-1.8519999421743013e-5,-1.7248166407931707e-5,1.77577106561665e-5,-1.853445955645197e-5,5.4277378209696275e-12,6.388034605758773e-10,0.01674685008519262
3,0.15114994701951814,5,6,25,6.457359103389853,0.008027108481972562,0.9760294863633795,0.0012132970217700776,0.00010123663953366049,1.7757710973857796e-5,-1.8534456831056046e-5,1.8519996540895302e-5,1.724816678516415e-5,1.851999677919218e-5,1.7248166745437185e-5,-1.6746029176029402e-5,1.8498635741924438e-5,0.0,0.0,0.0,0.0,0.0,0.0,0.0,0.0,5.4277378209696275e-12,6.388034605758773e-10,0.01674685008519262
3,0.15114994701951814,5,4,26,8.663387410181414,0.008149761700913891,-1.3094705480584812,-0.0012318360493148326,4.3767951226118194e-5,0.0,0.0,0.0,0.0,0.0,0.0,0.0,0.0,-7.55404871339531e-6,7.701501939816098e-6,-7.70204376331636e-6,-7.771335083814742e-6,-7.702043764760537e-6,-7.771335085633407e-6,7.991701651746155e-6,-7.69947643819309e-6,5.4277378209696275e-12,6.388034605758773e-10,0.01674685008519262
3,0.15114994701951814,5,6,27,8.663387410181592,0.00814976170553123,1.309470548058508,0.0012318360500127433,4.3767950949047164e-5,7.991701563570986e-6,-7.699476427817088e-6,7.702043751987881e-6,7.771334997999573e-6,7.702043753931745e-6,7.771334998379567e-6,-7.554048628479244e-6,7.701501928065738e-6,0.0,0.0,0.0,0.0,0.0,0.0,0.0,0.0,5.4277378209696275e-12,6.388034605758773e-10,0.01674685008519262
3,0.15114994701951814,5,6,28,8.671298382942641,0.007666961711083061,1.3106662911722136,0.001158860856430879,2.8848950218352772e-5,-4.889678391567593e-6,5.162542599462876e-6,-5.165402026116977e-6,-5.032871158237257e-6,-5.165402011978008e-6,-5.032871150858058e-6,5.178129675791312e-6,-5.166247877030333e-6,0.0,0.0,0.0,0.0,0.0,0.0,0.0,0.0,5.4277378209696275e-12,6.388034605758773e-10,0.01674685008519262
3,0.15114994701951814,5,4,29,8.671298382941469,0.007666961712726783,-1.3106662911720364,-0.0011588608566793274,2.8848949938521147e-5,0.0,0.0,0.0,0.0,0.0,0.0,0.0,0.0,5.178129747220024e-6,-5.166247709727748e-6,5.1654018447198756e-6,5.032871229256772e-6,5.16540185882158e-6,5.0328712226514316e-6,-4.889678463017264e-6,5.162542432239666e-6,5.4277378209696275e-12,6.388034605758773e-10,0.01674685008519262
3,0.15114994701951814,5,6,30,6.44508187319439,0.008093541955763988,0.9741737836697888,0.0012233384378139741,2.4641795534875243e-5,4.37710188032823e-6,4.458347131284611e-6,-4.334270417828693e-6,4.377377765871543e-6,-4.334270441954987e-6,4.377377748720245e-6,-4.37591957601538e-6,-4.2119443328983874e-6,0.0,0.0,0.0,0.0,0.0,0.0,0.0,0.0,5.4277378209696275e-12,6.388034605758773e-10,0.01674685008519262
3,0.15114994701951814,5,4,31,6.445081873199149,0.008093541963361654,-0.9741737836705081,-0.0012233384389623608,2.4641792646300552e-5,0.0,0.0,0.0,0.0,0.0,0.0,0.0,0.0,-4.37591804636177e-6,-4.211944896142028e-6,4.334270975971945e-6,-4.37737619685353e-6,4.334270982696273e-6,-4.377376197287631e-6,4.37710028928217e-6,4.458347666281938e-6,5.4277378209696275e-12,6.388034605758773e-10,0.01674685008519262
3,0.15114994701951814,5,6,32,8.671781540386881,0.00815034722093493,1.3107393203943125,0.0012319245506349917,1.4414675858208191e-5,2.5852192073754077e-6,-2.583458961109219e-6,2.582977678300453e-6,2.5126396560994194e-6,2.5829776598982522e-6,2.512639645983344e-6,-2.4410930848863096e-6,2.5814911146320292e-6,0.0,0.0,0.0,0.0,0.0,0.0,0.0,0.0,5.4277378209696275e-12,6.388034605758773e-10,0.01674685008519262
3,0.15114994701951814,5,4,33,8.671781540384687,0.008150347219349294,-1.310739320393981,-0.001231924550395323,1.441467535540023e-5,0.0,0.0,0.0,0.0,0.0,0.0,0.0,0.0,-2.441093081294247e-6,2.581490943757342e-6,-2.582977493136989e-6,-2.5126396509961907e-6,-2.582977504338258e-6,-2.5126396407614666e-6,2.585219200681962e-6,-2.5834587913175586e-6,5.4277378209696275e-12,6.388034605758773e-10,0.01674685008519262
3,0.15114994701951814,5,4,34,6.243096633262465,0.002004627808642287,-0.9436437253553537,-0.00030299938707013444,9.011278767585175e-6,0.0,0.0,0.0,0.0,0.0,0.0,0.0,0.0,-1.754238636406222e-6,1.3622865276975333e-6,-1.3563859747849668e-6,-1.7985845124378336e-6,-1.356385974081358e-6,-1.7985845117249239e-6,1.8434727982247261e-6,-1.349765878884147e-6,5.4277378209696275e-12,6.388034605758773e-10,0.01674685008519262
3,0.15114994701951814,5,6,35,6.243096633261456,0.0020046278075815938,0.9436437253552012,0.0003029993869098107,9.01127875982843e-6,1.8434727967085102e-6,-1.3497658776692799e-6,1.356385973587816e-6,1.7985845107925683e-6,1.356385972982595e-6,1.7985845102438042e-6,-1.7542386347960029e-6,1.3622865266126936e-6,0.0,0.0,0.0,0.0,0.0,0.0,0.0,0.0,5.4277378209696275e-12,6.388034605758773e-10,0.01674685008519262
3,0.15114994701951814,5,4,36,6.444529663548091,0.007589545086413239,-0.9740903172110071,-0.0011471593377136054,8.365444843670707e-6,0.0,0.0,0.0,0.0,0.0,0.0,0.0,0.0,1.4755500002631003e-6,-1.5236663450688495e-6,1.5226970694152394e-6,1.4334392409537692e-6,1.5226970667313054e-6,1.4334392514652166e-6,-1.391937456386045e-6,1.5211542935124804e-6,5.4277378209696275e-12,6.388034605758773e-10,0.01674685008519262
3,0.15114994701951814,5,6,37,6.44452966355318,0.007589545086806823,0.9740903172117762,0.0011471593377730955,8.365444512591875e-6,-1.3919375034789704e-6,1.5211541354570947e-6,-1.5226969308624019e-6,-1.4334392917614613e-6,-1.5226968894031969e-6,-1.433439294646347e-6,1.4755500472238984e-6,-1.5236661872675487e-6,0.0,0.0,0.0,0.0,0.0,0.0,0.0,0.0,5.4277378209696275e-12,6.388034605758773e-10,0.01674685008519262
3,0.15114994701951814,5,4,38,6.236885953909221,-0.0003033148090350636,-0.9427049815001556,4.584601731588513e-5,8.292706478879824e-6,0.0,0.0,0.0,0.0,0.0,0.0,0.0,0.0,1.4947650264265673e-6,-1.4787120861800025e-6,1.4786464043773948e-6,1.453009427755076e-6,1.4786464047788988e-6,1.453009427901205e-6,-1.4118451715238565e-6,1.4779994009404853e-6,5.4277378209696275e-12,6.388034605758773e-10,0.01674685008519262
3,0.15114994701951814,5,6,39,6.236885953908093,-0.00030331480714340664,0.9427049814999852,-4.584601702996128e-5,8.292706446010105e-6,-1.4118451698372428e-6,1.4779993911128857e-6,-1.4786463946380545e-6,-1.4530094259805276e-6,-1.4786463948165284e-6,-1.4530094262744634e-6,1.494765024714804e-6,-1.478712076304895e-6,0.0,0.0,0.0,0.0,0.0,0.0,0.0,0.0,5.4277378209696275e-12,6.388034605758773e-10,0.01674685008519262
3,0.15114994701951814,5,4,40,6.457927841775786,0.008278579372616177,-0.9761154511402812,-0.001251306833567811,4.8864825742087e-6,0.0,0.0,0.0,0.0,0.0,0.0,0.0,0.0,3.71443769433182e-7,-1.1456989249166974e-6,1.1565709946142843e-6,3.9313017147511027e-7,1.156570992605113e-6,3.931301705957525e-7,-4.15279169499183e-7,1.167285717811138e-6,5.4277378209696275e-12,6.388034605758773e-10,0.01674685008519262
3,0.15114994701951814,5,6,41,6.457927841778966,0.008278579373706256,0.9761154511407619,0.0012513068337325762,4.886481987372322e-6,-4.1527907088156236e-7,1.1672855963975677e-6,-1.156570866745738e-6,-3.9313006807836443e-7,-1.1565708778472345e-6,-3.9313007604716754e-7,3.7144367016113475e-7,-1.145698803652881e-6,0.0,0.0,0.0,0.0,0.0,0.0,0.0,0.0,5.4277378209696275e-12,6.388034605758773e-10,0.01674685008519262
3,0.15114994701951814,5,4,42,8.457686826918174,0.002867918997416557,-1.2783789157963585,-0.0004334858045157822,4.0464756496667905e-6,0.0,0.0,0.0,0.0,0.0,0.0,0.0,0.0,-7.919610531786617e-7,6.062454624512327e-7,-6.034576651504448e-7,-8.118555022942704e-7,-6.034576645835009e-7,-8.118555020615527e-7,8.319912692809546e-7,-6.003450768171716e-7,5.4277378209696275e-12,6.388034605758773e-10,0.01674685008519262
3,0.15114994701951814,5,6,43,8.457686826920792,0.0028679189981140147,1.2783789157967542,0.0004334858046212029,4.046475642719948e-6,8.319912680690216e-7,-6.003450756171224e-7,6.034576638507316e-7,8.118555009781017e-7,6.03457663372384e-7,8.118555009150518e-7,-7.919610519304976e-7,6.06245461141005e-7,0.0,0.0,0.0,0.0,0.0,0.0,0.0,0.0,5.4277378209696275e-12,6.388034605758773e-10,0.01674685008519262
3,0.15114994701951814,5,4,44,8.457293088018108,0.0009170879424426235,-1.278319402182474,-0.00013861779391244146,4.0060250543076075e-6,0.0,0.0,0.0,0.0,0.0,0.0,0.0,0.0,-7.118727444291192e-7,6.842402466433156e-7,-6.837041005798676e-7,-7.317535238481699e-7,-6.837041005661609e-7,-7.31753524213745e-7,7.519077267194715e-7,-6.828751984088574e-7,5.4277378209696275e-12,6.388034605758773e-10,0.01674685008519262
3,0.15114994701951814,5,6,45,8.457293088017838,0.0009170879401610805,1.2783194021824333,0.00013861779356758635,4.0060250401465634e-6,7.519077309220727e-7,-6.828751886392247e-7,6.837040909090091e-7,7.317535280578319e-7,6.837040908737032e-7,7.31753528403667e-7,-7.118727486275575e-7,6.842402370487768e-7,0.0,0.0,0.0,0.0,0.0,0.0,0.0,0.0,5.4277378209696275e-12,6.388034605758773e-10,0.01674685008519262
3,0.15114994701951814,5,4,46,8.450814238047116,1.8003208437202337e-5,-1.277340124352611,-2.7211840014644754e-6,3.983506083240816e-6,0.0,0.0,0.0,0.0,0.0,0.0,0.0,0.0,6.416974222414184e-7,-7.799628367834541e-7,7.778821135549076e-7,6.217477841692911e-7,7.778821137774065e-7,6.217477843775712e-7,-6.021092493983014e-7,7.755526292175829e-7,5.4277378209696275e-12,6.388034605758773e-10,0.01674685008519262
3,0.15114994701951814,5,6,47,8.450814238052722,1.800320911715496e-5,1.2773401243534586,2.721184104239278e-6,3.983506066061941e-6,-6.021092466023288e-7,7.755526259837582e-7,-7.778821103817658e-7,-6.217477813039819e-7,-7.77882110511768e-7,-6.217477815411382e-7,6.41697419335806e-7,-7.799628335793287e-7,0.0,0.0,0.0,0.0,0.0,0.0,0.0,0.0,5.4277378209696275e-12,6.388034605758773e-10,0.01674685008519262
3,0.15114994701951814,5,4,48,8.453034627305705,-0.00016204613366898983,-1.2776757360714095,2.449326451878557e-5,3.936784535767845e-6,0.0,0.0,0.0,0.0,0.0,0.0,0.0,0.0,7.179274215474992e-7,-6.934758451101168e-7,6.93681023478769e-7,6.981058840208062e-7,6.93681023315241e-7,6.98105884209931e-7,-6.785617632313118e-7,6.936069038505852e-7,5.4277378209696275e-12,6.388034605758773e-10,0.01674685008519262
3,0.15114994701951814,5,6,49,8.453034627305518,-0.0001620461321422753,1.2776757360713813,-2.449326428802275e-5,3.936784518084054e-6,-6.785617646111759e-7,6.93606896283092e-7,-6.936810158231762e-7,-6.981058854272253e-7,-6.93681015681057e-7,-6.981058855305146e-7,7.179274228950325e-7,-6.934758373866297e-7,0.0,0.0,0.0,0.0,0.0,0.0,0.0,0.0,5.4277378209696275e-12,6.388034605758773e-10,0.01674685008519262
3,0.15114994701951814,5,6,50,6.262173219530856,0.014313720654802048,0.9465271503591343,0.002163518118625512,1.341209974438755e-6,-7.842922775550045e-8,-3.308929110293559e-7,3.2512043016646703e-7,-8.193428985342539e-8,3.251204301745576e-7,-8.193428992906242e-8,8.53092973055717e-8,3.193806970163265e-7,0.0,0.0,0.0,0.0,0.0,0.0,0.0,0.0,5.4277378209696275e-12,6.388034605758773e-10,0.01674685008519262
3,0.15114994701951814,5,4,51,6.262173219532911,0.014313720654714868,-0.9465271503594448,-0.002163518118612335,1.3412099719002203e-6,0.0,0.0,0.0,0.0,0.0,0.0,0.0,0.0,8.53092973248094e-8,3.1938069635731156e-7,-3.25120429509097e-7,8.19342897991061e-8,-3.251204295207262e-7,8.193428999221361e-8,-7.842922774431032e-8,-3.3089291037682906e-7,5.4277378209696275e-12,6.388034605758773e-10,0.01674685008519262
3,0.15114994701951814,5,6,52,8.477638939347568,0.013467022309014337,1.2813946765329889,0.002035539708518186,8.779917899802374e-7,-5.1770774090013697e-8,-2.1650920661325853e-7,2.1272584976521515e-7,-5.405779249999236e-8,2.1272584984017606e-7,-5.405779248884646e-8,5.6259716237026054e-8,2.0896409908978944e-7,0.0,0.0,0.0,0.0,0.0,0.0,0.0,0.0,5.4277378209696275e-12,6.388034605758773e-10,0.01674685008519262
3,0.15114994701951814,5,4,53,8.477638939337005,0.01346702230331786,-1.2813946765313924,-0.002035539707657164,8.779917835842719e-7,0.0,0.0,0.0,0.0,0.0,0.0,0.0,0.0,5.625971664018059e-8,2.0896409734571748e-7,-2.127258480698988e-7,5.40577929595766e-8,-2.1272584802069648e-7,5.405779287647817e-8,-5.1770774534330685e-8,-2.1650920484257077e-7,5.4277378209696275e-12,6.388034605758773e-10,0.01674685008519262
3,0.15114994701951814,5,4,54,8.448198235599698,0.0008598335592461571,-1.276944715721281,-0.00012996379692566037,4.132000953123912e-7,0.0,0.0,0.0,0.0,0.0,0.0,0.0,0.0,5.062599927365238e-8,9.172190126767216e-8,-8.971900663718425e-8,5.1189138689123944e-8,-8.971900673670466e-8,5.118913854847994e-8,-5.171638626721644e-8,-8.773658058474439e-8,5.4277378209696275e-12,6.388034605758773e-10,0.01674685008519262
3,0.15114994701951814,5,6,55,8.448198235592333,0.0008598335635054367,1.2769447157201679,0.00012996379756945024,4.1320008882540647e-7,-5.171638781826814e-8,-8.773657783117178e-8,8.971900385103136e-8,-5.118914028401868e-8,8.971900395167891e-8,-5.1189140173846704e-8,5.062600094434346e-8,9.172189845021039e-8,0.0,0.0,0.0,0.0,0.0,0.0,0.0,0.0,5.4277378209696275e-12,6.388034605758773e-10,0.01674685008519262
3,0.15114994701951814,5,4,56,8.452637419196185,0.0034292567351879247,-1.2776156980867,-0.0005183319738399806,2.1346099447092013e-7,0.0,0.0,0.0,0.0,0.0,0.0,0.0,0.0,-3.852658180387433e-8,-3.583100775257281e-8,3.689029245222477e-8,-3.8557377632338064e-8,3.689029247919395e-8,-3.85573773994099e-8,3.857341402665106e-8,3.7964997179259e-8,5.4277378209696275e-12,6.388034605758773e-10,0.01674685008519262
3,0.15114994701951814,5,6,57,8.452637419196478,0.003429256735408035,1.2776156980867441,0.0005183319738732503,2.1346099253961807e-7,3.8573413026018655e-8,3.796499752399177e-8,-3.689029281277587e-8,3.8557376617991374e-8,-3.689029282153763e-8,3.855737640452266e-8,-3.8526580795714195e-8,-3.583100811104875e-8,0.0,0.0,0.0,0.0,0.0,0.0,0.0,0.0,5.4277378209696275e-12,6.388034605758773e-10,0.01674685008519262
3,0.15114994701951814,5,6,58,8.474268971375754,0.015398989363573395,1.2808853060525918,0.002327556426458242,1.67053658654714e-7,-2.4058719294027156e-8,-3.485992623476798e-8,3.403152404675932e-8,-2.4204623439249455e-8,3.40315240463425e-8,-2.4204623462515647e-8,2.4336913062627254e-8,3.321280098504939e-8,0.0,0.0,0.0,0.0,0.0,0.0,0.0,0.0,5.4277378209696275e-12,6.388034605758773e-10,0.01674685008519262
3,0.15114994701951814,5,4,59,8.474268971379487,0.015398989363368006,-1.280885306053156,-0.0023275564264271975,1.6705365848252353e-7,0.0,0.0,0.0,0.0,0.0,0.0,0.0,0.0,2.4336913174617632e-8,3.3212800855121235e-8,-3.4031523908734705e-8,2.420462354754858e-8,-3.4031523920979605e-8,2.4204623576095023e-8,-2.405871940388415e-8,-3.485992610118235e-8,5.4277378209696275e-12,6.388034605758773e-10,0.01674685008519262
3,0.15114994701951814,5,6,60,8.48022653108266,0.0128655217812136,1.2817857908866563,0.0019446229356088925,5.7580546515110585e-8,1.232075721537479e-8,7.832102305043482e-9,-7.549552159043063e-9,1.2255753904674009e-8,-7.549552161362398e-9,1.2255753875031828e-8,-1.2187729763172785e-8,-7.27190371261497e-9,0.0,0.0,0.0,0.0,0.0,0.0,0.0,0.0,5.4277378209696275e-12,6.388034605758773e-10,0.01674685008519262
3,0.15114994701951814,5,4,61,8.480226531099564,0.012865521788890444,-1.2817857908892112,-0.0019446229367692468,5.758054564026034e-8,0.0,0.0,0.0,0.0,0.0,0.0,0.0,0.0,-1.2187730024416915e-8,-7.271902847492897e-9,7.549551280978858e-9,-1.2255754201422021e-8,7.549551301778348e-9,-1.2255754134889658e-8,1.2320757510975713e-8,7.832101432790987e-9,5.4277378209696275e-12,6.388034605758773e-10,0.01674685008519262
3,0.15114994701951814,5,4,62,8.48302862061602,0.01366070659234965,-1.2822093265711676,-0.0020648150776828317,5.6552982461602137e-8,0.0,0.0,0.0,0.0,0.0,0.0,0.0,0.0,2.843469619437043e-9,-1.4054112718240213e-8,1.3895037018254574e-8,2.6072886895929508e-9,1.3895036788110556e-8,2.6072885871263193e-9,-2.3766654628912897e-9,1.3734917059961737e-8,5.4277378209696275e-12,6.388034605758773e-10,0.01674685008519262
3,0.15114994701951814,5,6,63,8.483028620616624,0.013660706592034427,1.2822093265712589,0.002064815077635186,5.655298054264737e-8,-2.376666040771567e-9,1.3734916460800687e-8,-1.3895036402374407e-8,-2.6072892456523567e-9,-1.389503621143053e-8,-2.607289182798229e-9,2.8434701935601727e-9,-1.4054112125211275e-8,0.0,0.0,0.0,0.0,0.0,0.0,0.0,0.0,5.4277378209696275e-12,6.388034605758773e-10,0.01674685008519262
3,0.15114994701951814,5,4,64,10.617308541310772,0.007544105804795587,-1.6048056235090007,-0.0011402911927044922,8.848712526582647e-10,0.0,0.0,0.0,0.0,0.0,0.0,0.0,0.0,1.99355053073419e-10,-1.0292545190351817e-10,1.0424993830143636e-10,1.9510094410310934e-10,1.0424993987038064e-10,1.9510094433523808e-10,-1.90888519678123e-10,1.0549637757159992e-10,5.4277378209696275e-12,6.388034605758773e-10,0.01674685008519262
3,0.15114994701951814,5,6,65,10.617308541311608,0.007544105806254198,1.604805623509127,0.0011402911929249613,8.848712024353997e-10,-1.9088851318485663e-10,1.0549636325124851e-10,-1.0424992366243384e-10,-1.9510093734362207e-10,-1.0424992573500466e-10,-1.9510093799616324e-10,1.9935504647039303e-10,-1.0292543744649053e-10,0.0,0.0,0.0,0.0,0.0,0.0,0.0,0.0,5.4277378209696275e-12,6.388034605758773e-10,0.01674685008519262
3,0.15114994701951814,5,6,66,10.606028757364589,0.008336519091358775,1.6031006847631435,0.0012600644189860804,7.518916128624362e-10,1.5435350998263103e-10,-1.1188720051648337e-10,1.1245745408239922e-10,1.5061075949182499e-10,1.1245745445272298e-10,1.5061075857164983e-10,-1.4691297902087275e-10,1.1296745472006679e-10,0.0,0.0,0.0,0.0,0.0,0.0,0.0,0.0,5.4277378209696275e-12,6.388034605758773e-10,0.01674685008519262
3,0.15114994701951814,5,4,67,10.606028757350984,0.008336519091242642,-1.6031006847610871,-0.001260064418968527,7.5189152857895e-10,0.0,0.0,0.0,0.0,0.0,0.0,0.0,0.0,-1.4691297154769805e-10,1.1296743057819555e-10,-1.1245742965444586e-10,-1.5061075187453353e-10,-1.1245743011569929e-10,-1.5061075001233393e-10,1.5435350126464937e-10,-1.1188717590104804e-10,5.4277378209696275e-12,6.388034605758773e-10,0.01674685008519262
3,0.15114994701951814,5,6,68,10.605336992672516,0.007975649414893989,1.6029961245665867,0.0012055189865074773,1.0334347466543568e-10,1.976303292257497e-11,1.7204459781698718e-11,-1.668560711752707e-11,1.9723485137968e-11,-1.6685606878914442e-11,1.9723486589883927e-11,-1.9677262988122853e-11,-1.6174642276826453e-11,0.0,0.0,0.0,0.0,0.0,0.0,0.0,0.0,5.4277378209696275e-12,6.388034605758773e-10,0.01674685008519262
3,0.15114994701951814,5,4,69,10.605336992683718,0.007975649414599184,-1.6029961245682798,-0.0012055189864629177,1.033434318148132e-10,0.0,0.0,0.0,0.0,0.0,0.0,0.0,0.0,-1.967724522744971e-11,-1.6174647022760328e-11,1.668561157764599e-11,-1.9723467765862847e-11,1.668561168593648e-11,-1.9723468057199523e-11,1.976301477808209e-11,1.7204464301460263e-11,5.4277378209696275e-12,6.388034605758773e-10,0.01674685008519262
3,0.15114994701951814,5,4,70,10.604673626179984,0.007440268108150305,-1.602895856756386,-0.0011245961303579292,4.438512874540837e-11,0.0,0.0,0.0,0.0,0.0,0.0,0.0,0.0,1.0520670291068547e-11,-3.995284541609544e-12,4.085493417789485e-12,1.0316195986552482e-11,4.0854944767121265e-12,1.0316196760664267e-11,-1.0113355822174508e-11,4.171576552796508e-12,5.4277378209696275e-12,6.388034605758773e-10,0.01674685008519262
3,0.15114994701951814,5,6,71,10.60467362617947,0.007440268109449203,1.602895856756308,0.0011245961305542576,4.4385032989079293e-11,-1.011333813130296e-11,4.171556204554393e-12,-4.085473400901262e-12,-1.0316177941994554e-11,-4.0854739516282035e-12,-1.0316179359646567e-11,1.0520652545829617e-11,-3.995264343685172e-12,0.0,0.0,0.0,0.0,0.0,0.0,0.0,0.0,5.4277378209696275e-12,6.388034605758773e-10,0.01674685008519262
3,0.15114994701951814,5,6,72,8.40311204567353,0.008156983784952486,1.270129940502629,0.0012329276669346368,9.868055576950506e-13,-2.4768857054332864e-13,-3.5376982255485577e-14,3.14228639329425e-14,-2.446796208185815e-13,3.1422927522136384e-14,-2.446795211404942e-13,2.416579813944612e-13,2.756667841570282e-14,0.0,0.0,0.0,0.0,0.0,0.0,0.0,0.0,5.4277378209696275e-12,6.388034605758773e-10,0.01674685008519262
3,0.15114994701951814,5,4,73,8.40311204567362,0.008156983783651203,-1.2701299405026423,-0.0012329276667379478,9.868040141434535e-13,0.0,0.0,0.0,0.0,0.0,0.0,0.0,0.0,2.416576085322361e-13,2.7566593954156513e-14,-3.142279176539247e-14,2.4467924824750796e-13,-3.142283619331901e-14,2.446791366392557e-13,-2.476881860585022e-13,-3.537690328537912e-14,5.4277378209696275e-12,6.388034605758773e-10,0.01674685008519262
3,0.15114994701951814,5,6,74,4.309244596885933,0.016529714633121452,0.6513420925134537,0.0024984654910440614,2.8265774819649236e-18,6.704851159344239e-19,-2.610999537719561e-19,2.692006752743188e-19,6.618215082940049e-19,2.6321803004737e-19,6.472655855956016e-19,-6.387361636996721e-19,2.7095859288783645e-19,0.0,0.0,0.0,0.0,0.0,0.0,0.0,0.0,5.4277378209696275e-12,6.388034605758773e-10,0.01674685008519262
3,0.15114994701951814,5,6,75,6.445653475639695,0.00871329798230775,0.9742601813491129,0.001317014528391091,2.8058702761310284e-18,4.340737278951552e-19,5.636442379814019e-19,-5.497026337632415e-19,4.35713574270685e-19,-5.496953348104283e-19,4.356959183519729e-19,-4.371205964981973e-19,-5.359283284362542e-19,0.0,0.0,0.0,0.0,0.0,0.0,0.0,0.0,5.4277378209696275e-12,6.388034605758773e-10,0.01674685008519262
3,0.15114994701951814,5,4,76,4.309244596889453,0.016529714631094344,-0.6513420925139857,-0.002498465490737664,1.9039177809318953e-18,0.0,0.0,0.0,0.0,0.0,0.0,0.0,0.0,-4.783444060896019e-19,1.6401130986447197e-20,-8.06341723620824e-21,-4.815736347490495e-19,-2.628910469664827e-22,-4.703437702666847e-19,4.7323913110535e-19,8.032868090673033e-21,5.4277378209696275e-12,6.388034605758773e-10,0.01674685008519262
3,0.15114994701951814,5,4,77,2.0932745282458334,0.01667858509793485,-0.31639833404166456,-0.0025209672539133776,9.360867763934899e-19,0.0,0.0,0.0,0.0,0.0,0.0,0.0,0.0,-1.9313848124254336e-19,-1.310513339635947e-19,1.3103053490890368e-19,-1.9446626484870644e-19,1.3675049178869673e-19,-1.8932976288478337e-19,1.9065843205211922e-19,1.3676868243739926e-19,5.4277378209696275e-12,6.388034605758773e-10,0.01674685008519262
3,0.15114994701951814,5,6,78,2.09327452824549,0.016678585097514922,0.31639833404161266,0.0025209672538499053,2.0966088076758627e-19,2.414633457146314e-20,4.6730217624072245e-20,-4.503359411684884e-20,2.6933499272091444e-20,-4.717618481162522e-20,2.2708066304736952e-20,-2.5529057894276415e-20,-4.556663231997237e-20,0.0,0.0,0.0,0.0,0.0,0.0,0.0,0.0,5.4277378209696275e-12,6.388034605758773e-10,0.01674685008519262
3,0.15114994701951814,5,6,79,4.243074839889207,0.008963211064548915,0.6413405372491041,0.0013547888775313273,2.0183429959211005e-19,-4.423003960259428e-20,2.6135132911705005e-20,-2.632264580044046e-20,-4.294474724603207e-20,-2.6523912441984477e-20,-4.301946775985542e-20,4.1751832302162444e-20,-2.668456217185005e-20,0.0,0.0,0.0,0.0,0.0,0.0,0.0,0.0,5.4277378209696275e-12,6.388034605758773e-10,0.01674685008519262
4,0.08726646259971647,6,5,0,0.3190065683529739,0.008902218113048536,-0.027838574766238695,-0.0007768650840168686,44.04973540033991,0.0,0.0,0.0,0.0,0.0,0.0,0.0,0.0,-7.771948812722366,7.581353405983123,-7.577070717589238,-7.990592844239483,-7.57707071782204,-7.990592843941957,8.21226706437455,-7.569591186253555,8.399461246341503e-12,1.5092957127355966e-9,0.011990340018358149
4,0.08726646259971647,6,7,1,0.3190065683542166,0.008902218112890135,0.02783857476634714,0.0007768650840030455,44.049735396163165,8.21226706497425,-7.5695911841030785,7.577070715381367,7.990592844833663,7.577070715728738,7.990592844547685,-7.771948813323415,7.581353403832682,0.0,0.0,0.0,0.0,0.0,0.0,0.0,0.0,8.399461246341503e-12,1.5092957127355966e-9,0.011990340018358149
4,0.08726646259971647,6,5,2,0.301694383723659,-0.008405082510203893,-0.026327801653765196,0.0007334818185242391,41.69448318264217,0.0,0.0,0.0,0.0,0.0,0.0,0.0,0.0,7.368247379329187,-7.580657993528837,7.576211812596608,7.158353324644291,7.576211812826402,7.1583533243312845,-6.951489181578895,7.568901684582983,8.399461246341503e-12,1.5092957127355966e-9,0.011990340018358149
4,0.08726646259971647,6,7,3,0.30169438372256874,-0.008405082509554662,0.026327801653670057,-0.000733481818467583,41.69448317766799,-6.9514891821447184,7.56890168233738,-7.576211810293428,-7.158353325203299,-7.576211810638323,-7.158353324903553,7.368247379895546,-7.580657991283401,0.0,0.0,0.0,0.0,0.0,0.0,0.0,0.0,8.399461246341503e-12,1.5092957127355966e-9,0.011990340018358149
4,0.08726646259971647,6,5,4,3.8665972439820555,0.000737508927567302,-0.33742426378012685,-6.435979524450897e-5,3.584559858104471,0.0,0.0,0.0,0.0,0.0,0.0,0.0,0.0,-0.6216987437420163,0.6277621829273554,-0.6277209172108412,-0.6394943296281975,-0.6277209177157782,-0.6394943289418784,0.6575409520159422,-0.627423804065111,8.399461246341503e-12,1.5092957127355966e-9,0.011990340018358149
4,0.08726646259971647,6,7,5,3.8665972439811567,0.000737508930845376,0.3374242637800484,6.435979553057489e-5,3.5845598537831833,0.6575409494022707,-0.6274238051854798,0.627720918205153,0.6394943269394666,0.6277209189630787,0.6394943264032322,-0.6216987411278714,0.6277621840475491,0.0,0.0,0.0,0.0,0.0,0.0,0.0,0.0,8.399461246341503e-12,1.5092957127355966e-9,0.011990340018358149
4,0.08726646259971647,6,5,6,3.8651326030493576,-0.0007238063024284577,-0.33729644974695155,6.316401562031207e-5,3.5177744673839055,0.0,0.0,0.0,0.0,0.0,0.0,0.0,0.0,0.6335985288158057,-0.6277583278215482,0.6277168514858382,0.6158857889017763,0.6277168520005073,0.6158857882107903,-0.5984240857470166,0.6274289711469738,8.399461246341503e-12,1.5092957127355966e-9,0.011990340018358149
4,0.08726646259971647,6,7,7,3.8651326030520328,-0.0007238063037384272,0.337296449747185,-6.316401573462848e-5,3.517774463407065,-0.5984240831555229,0.6274289722965911,-0.6277168525093191,-0.6158857862342962,-0.6277168532772294,-0.6158857856953118,0.6335985262238737,-0.6277583289711024,0.0,0.0,0.0,0.0,0.0,0.0,0.0,0.0,8.399461246341503e-12,1.5092957127355966e-9,0.011990340018358149
4,0.08726646259971647,6,7,8,7.454356229186299,0.0005114371577341851,0.6505152990792497,4.463131159751556e-5,2.5277478911583042,0.4619265901044595,-0.4442775490455995,0.4444366627022659,0.44919980406063614,0.4444366656630653,0.4491998033936333,-0.4366507560335658,0.44441606384700133,0.0,0.0,0.0,0.0,0.0,0.0,0.0,0.0,8.399461246341503e-12,1.5092957127355966e-9,0.011990340018358149
4,0.08726646259971647,6,5,9,7.454356229172839,0.0005114371766263247,-0.650515299078075,-4.463131324616575e-5,2.527747873629714,0.0,0.0,0.0,0.0,0.0,0.0,0.0,0.0,-0.4366507910187594,0.4444160222636215,-0.44443662199381295,-0.4491998385406854,-0.44443662319076427,-0.4491998388674132,0.4619266250897322,-0.4442775074622149,8.399461246341503e-12,1.5092957127355966e-9,0.011990340018358149
4,0.08726646259971647,6,7,10,7.453326126463381,-0.0005043059139720144,0.6504254056585063,-4.400899318045463e-5,2.5002775068418344,-0.4270742347425919,0.44428152371567164,-0.4444375882532068,-0.43948594112688394,-0.4444375912196719,-0.43948594046478395,0.45207538668015956,-0.44441782582947875,0.0,0.0,0.0,0.0,0.0,0.0,0.0,0.0,8.399461246341503e-12,1.5092957127355966e-9,0.011990340018358149
4,0.08726646259971647,6,5,11,7.4533261264804285,-0.0005043059228875511,-0.650425405659994,4.4008993958481984e-5,2.5002774869117395,0.0,0.0,0.0,0.0,0.0,0.0,0.0,0.0,0.45207542164867265,-0.44441778425060663,0.44443754754978604,0.4394859755908611,0.4444375487513035,0.4394859759212642,-0.4270742697111704,0.44428148213674046,8.399461246341503e-12,1.5092957127355966e-9,0.011990340018358149
4,0.08726646259971647,6,5,12,0.9574718911482558,0.006248092554801885,-0.08355518497916907,-0.0005452489352531857,1.1134487751655713,0.0,0.0,0.0,0.0,0.0,0.0,0.0,0.0,-0.20008033211484985,0.18784328908233996,-0.1876293846672514,-0.2056039351226639,-0.18762938467873733,-0.20560393509331257,0.21120257340341092,-0.18733322368262542,8.399461246341503e-12,1.5092957127355966e-9,0.011990340018358149
4,0.08726646259971647,6,7,13,0.9574718911501803,0.006248092554744702,0.083555184979337,0.0005452489352481954,1.1134487748510087,0.21120257344871124,-0.18733322351650053,0.18762938449920255,0.20560393516640338,0.18762938451455702,0.20560393513977468,-0.20008033215982174,0.18784328891624866,0.0,0.0,0.0,0.0,0.0,0.0,0.0,0.0,8.399461246341503e-12,1.5092957127355966e-9,0.011990340018358149
4,0.08726646259971647,6,5,14,0.946086184734937,-0.005138968610507425,-0.08256159465627982,0.00044845961204996313,1.0093513731403803,0.0,0.0,0.0,0.0,0.0,0.0,0.0,0.0,0.1739150490999913,-0.18774433427477719,0.18751473532938728,0.16883792578968917,0.18751473533923654,0.16883792576151857,-0.16383579483507046,0.18721758622512136,8.399461246341503e-12,1.5092957127355966e-9,0.011990340018358149
4,0.08726646259971647,6,7,15,0.9460861847327281,-0.005138968609864413,0.08256159465608706,-0.00044845961199384976,1.0093513728295727,-0.16383579488961303,0.187217586071575,-0.1875147351735472,-0.16883792584315013,-0.18751473518789796,-0.16883792581691556,0.17391504915436487,-0.18774433412116812,0.0,0.0,0.0,0.0,0.0,0.0,0.0,0.0,8.399461246341503e-12,1.5092957127355966e-9,0.011990340018358149
4,0.08726646259971647,6,7,16,4.451922136170837,0.012912302177476985,0.3885034965930022,0.0011268109350470329,0.008559471137000714,0.0014420890435285715,-0.0016218184043408762,0.0016189946642681575,0.0013990827747475403,0.0016189946642719431,0.001399082774856425,-0.00135672399198953,0.0016156111615915545,0.0,0.0,0.0,0.0,0.0,0.0,0.0,0.0,8.399461246341503e-12,1.5092957127355966e-9,0.011990340018358149
4,0.08726646259971647,6,5,17,4.451922136173092,0.012912302182146639,-0.388503496593199,-0.001126810935454537,0.008559471135577215,0.0,0.0,0.0,0.0,0.0,0.0,0.0,0.0,-0.0013567239914747111,0.001615611161567259,-0.0016189946642362603,-0.0013990827742133773,-0.0016189946642647098,-0.0013990827743473972,0.0014420890430001509,-0.0016218184043261606,8.399461246341503e-12,1.5092957127355966e-9,0.011990340018358149
4,0.08726646259971647,6,7,18,4.432983857163797,-0.0027279631396238957,0.38685081997633136,-0.00023805969329739382,0.007248313905021239,-0.0006150507422785726,0.001677335833237686,-0.001692230872447471,-0.0006478076792186586,-0.001692230872621987,-0.000647807679113558,0.0006812414565507754,-0.0017068666533935919,0.0,0.0,0.0,0.0,0.0,0.0,0.0,0.0,8.399461246341503e-12,1.5092957127355966e-9,0.011990340018358149
4,0.08726646259971647,6,5,19,4.432983857165064,-0.002727963140839165,-0.38685081997644194,0.00023805969340344606,0.007248313896681896,0.0,0.0,0.0,0.0,0.0,0.0,0.0,0.0,0.0006812414556466775,-0.0017068666514971189,0.0016922308705598372,0.0006478076782926479,0.0016922308707319025,0.0006478076782447432,-0.0006150507413881969,0.0016773358313560659,8.399461246341503e-12,1.5092957127355966e-9,0.011990340018358149
4,0.08726646259971647,6,5,20,4.553343404624619,0.0009061493970387493,-0.39735417192334,-7.907645246643765e-5,0.006461535471597939,0.0,0.0,0.0,0.0,0.0,0.0,0.0,0.0,-0.0011228996185582143,0.0011293985370568105,-0.001129261038001055,-0.0011549777736357529,-0.0011292610466605223,-0.001154977768082375,0.0011875075351122635,-0.0011286614662011848,8.399461246341503e-12,1.5092957127355966e-9,0.011990340018358149
4,0.08726646259971647,6,7,21,4.553343404626238,0.000906149397323773,0.39735417192348127,7.907645249131066e-5,0.006461535393679078,0.0011875075346165233,-0.0011286614388475382,0.0011292610100742723,0.0011549777725713213,0.0011292610198850596,0.0011549777681359157,-0.0011228996180540575,0.0011293985097078245,0.0,0.0,0.0,0.0,0.0,0.0,0.0,0.0,8.399461246341503e-12,1.5092957127355966e-9,0.011990340018358149
4,0.08726646259971647,6,5,22,4.552276536936649,-9.664365509755996e-5,-0.3972610701541489,8.433749913071115e-6,0.006290869241148296,0.0,0.0,0.0,0.0,0.0,0.0,0.0,0.0,0.0011268291923610522,-0.0011288904004388284,0.0011286406205686505,0.0010951542336250137,0.0011286406294510895,0.001095154228082698,-0.00106393063791829,0.001127952697643844,8.399461246341503e-12,1.5092957127355966e-9,0.011990340018358149
4,0.08726646259971647,6,7,23,4.552276536933267,-9.664365333581643e-5,0.39726107015385376,-8.433749759329988e-6,0.0062908691639458544,-0.0010639306379165811,0.0011279526707611395,-0.0011286405931183589,-0.0010951542330926345,-0.0011286406031321306,-0.0010951542285891338,0.0011268291923473492,-0.0011288903735523932,0.0,0.0,0.0,0.0,0.0,0.0,0.0,0.0,8.399461246341503e-12,1.5092957127355966e-9,0.011990340018358149
4,0.08726646259971647,6,7,24,4.419587731900891,-0.010577745368205863,0.38568178751209486,-0.0009230824205638611,0.003459317791996982,-0.0008498802112153021,-6.858819584829186e-5,8.174893090159916e-5,-0.0008609136485208972,8.174893094272024e-5,-0.0008609136485680618,0.0008719143174294291,9.525402490201818e-5,0.0,0.0,0.0,0.0,0.0,0.0,0.0,0.0,8.399461246341503e-12,1.5092957127355966e-9,0.011990340018358149
4,0.08726646259971647,6,5,25,4.419587731893075,-0.010577745370001931,-0.3856817875114128,0.0009230824207205977,0.003459317790046896,0.0,0.0,0.0,0.0,0.0,0.0,0.0,0.0,0.0008719143170440481,9.52540238434524e-5,-8.174892984431811e-5,0.0008609136481389725,-8.174892991164116e-5,0.0008609136481689601,-0.0008498802108197877,-6.858819481839158e-5,8.399461246341503e-12,1.5092957127355966e-9,0.011990340018358149
4,0.08726646259971647,6,5,26,8.038096955594927,0.013151594782129662,-0.7014562873483196,-0.0011476931541813445,0.00206225077966897,0.0,0.0,0.0,0.0,0.0,0.0,0.0,0.0,-0.00023700353676797366,0.0004496623405664271,-0.0004526209147935969,-0.00024680483255804225,-0.0004526209147906833,-0.00024680483255898133,0.00025678715696333726,-0.0004554807308789654,8.399461246341503e-12,1.5092957127355966e-9,0.011990340018358149
4,0.08726646259971647,6,7,27,8.038096955580901,0.013151594735102443,0.7014562873470955,0.0011476931500774455,0.0020622507733645433,0.0002567871565161737,-0.00045548072929845504,0.00045262091321957726,0.00024680483214158143,0.0004526209132264642,0.0002468048321465128,-0.00023700353638559128,0.00044966233900912083,0.0,0.0,0.0,0.0,0.0,0.0,0.0,0.0,8.399461246341503e-12,1.5092957127355966e-9,0.011990340018358149
4,0.08726646259971647,6,5,28,8.146757423136801,0.0007805770957799076,-0.7109387019751302,-6.811820193507261e-5,0.0019836224708666673,0.0,0.0,0.0,0.0,0.0,0.0,0.0,0.0,-0.0003430954172846943,0.00034831923840428523,-0.0003483230129597897,-0.00035294315746913917,-0.0003483230157891523,-0.0003529431581300523,0.0003629301992642744,-0.0003481855852199435,8.399461246341503e-12,1.5092957127355966e-9,0.011990340018358149
4,0.08726646259971647,6,7,29,8.14675742313064,0.0007805770895631149,0.7109387019745926,6.81182013925551e-5,0.001983622384259579,0.00036293019235883613,-0.0003481855613876572,0.0003483229889658832,0.00035294315086548854,0.00034832299212767464,0.00035294315091794306,-0.00034309541038374974,0.0003483192145783972,0.0,0.0,0.0,0.0,0.0,0.0,0.0,0.0,8.399461246341503e-12,1.5092957127355966e-9,0.011990340018358149
4,0.08726646259971647,6,5,30,8.14531595418308,2.2891359748769546e-5,-0.7108129100785916,-1.9976479893726526e-6,0.001916939221390677,0.0,0.0,0.0,0.0,0.0,0.0,0.0,0.0,0.0003449407738284343,-0.00034241255508749724,0.0003423807646078191,0.0003352886040389887,0.0003423807675425927,0.00033528860478486313,-0.0003257733604575121,0.0003422148342332504,8.399461246341503e-12,1.5092957127355966e-9,0.011990340018358149
4,0.08726646259971647,6,7,31,8.145315954189401,2.289137551858729e-5,0.7108129100791433,1.997649365548863e-6,0.0019169391368170112,-0.0003257733539981122,0.0003422148109629314,-0.0003423807411953581,-0.000335288597875101,-0.0003423807444181262,-0.00033528859802524195,0.000344940767373714,-0.000342412531818253,0.0,0.0,0.0,0.0,0.0,0.0,0.0,0.0,8.399461246341503e-12,1.5092957127355966e-9,0.011990340018358149
4,0.08726646259971647,6,7,32,8.019932591676795,-0.0015893072695361103,0.6998711475638103,-0.00013869322339643049,0.0015004400791080218,-6.189748159961833e-5,0.0003646077647098737,-0.0003688754356909286,-6.800273765499044e-5,-0.00036887543558761904,-6.800273770714134e-5,7.425553849082165e-5,-0.0003731158759649573,0.0,0.0,0.0,0.0,0.0,0.0,0.0,0.0,8.399461246341503e-12,1.5092957127355966e-9,0.011990340018358149
4,0.08726646259971647,6,5,33,8.019932591664876,-0.0015893072899341564,-0.6998711475627701,0.0001386932251764958,0.0015004400730654318,0.0,0.0,0.0,0.0,0.0,0.0,0.0,0.0,7.425553630205706e-5,-0.0003731158748314493,0.00036887543448962473,6.80027354689136e-5,0.0003688754345199267,6.800273553763243e-5,-6.189747943297351e-5,0.0003646077635738626,8.399461246341503e-12,1.5092957127355966e-9,0.011990340018358149
4,0.08726646259971647,6,7,34,4.429165255112405,0.0022950879015143193,0.3865175840832304,0.00020028420252056112,0.001227746488973965,0.0003110337821077396,1.2683238639240544e-5,-8.166762033542715e-6,0.000306812605959982,-8.166762169455264e-6,0.0003068126059781913,-0.00030258813858132454,-3.773009948944791e-6,0.0,0.0,0.0,0.0,0.0,0.0,0.0,0.0,8.399461246341503e-12,1.5092957127355966e-9,0.011990340018358149
4,0.08726646259971647,6,5,35,4.429165255112542,0.0022950878985114713,-0.3865175840832423,-0.0002002842022585132,0.0012277464887379375,0.0,0.0,0.0,0.0,0.0,0.0,0.0,0.0,-0.0003025881385087717,-3.773010268647172e-6,8.166762356138154e-6,-0.0003068126058729228,8.166762499255213e-6,-0.00030681260592968734,0.0003110337820448072,1.2683238972285401e-5,8.399461246341503e-12,1.5092957127355966e-9,0.011990340018358149
4,0.08726646259971647,6,5,36,8.007774861031518,-0.011905486730047472,-0.6988101854171567,0.0010389497124591086,0.0011267909637157263,0.0,0.0,0.0,0.0,0.0,0.0,0.0,0.0,0.0002790117343415857,-6.143466309540872e-5,6.445658487373653e-5,0.00027420983268976336,6.445658483951561e-5,0.0002742098326642832,-0.0002694336917084293,6.736881753246902e-5,8.399461246341503e-12,1.5092957127355966e-9,0.011990340018358149
4,0.08726646259971647,6,7,37,8.007774860966215,-0.011905486811945306,0.698810185411458,-0.0010389497196060427,0.0011267909537013502,-0.00026943368905593175,6.736881797167921e-5,-6.445658533266017e-5,-0.0002742098300140032,-6.445658533599224e-5,-0.00027420982997208106,0.00027901173162614114,-6.143466361251702e-5,0.0,0.0,0.0,0.0,0.0,0.0,0.0,0.0,8.399461246341503e-12,1.5092957127355966e-9,0.011990340018358149
4,0.08726646259971647,6,7,38,8.042995283314795,0.008935270179056959,0.7018837470810866,0.000779749420899036,0.0007848100815175456,0.00019524094363901256,-3.84279851025364e-5,4.060710114496285e-5,0.0001919443765024149,4.060710112329265e-5,0.00019194437646599934,-0.00018866403681366343,4.270943616929199e-5,0.0,0.0,0.0,0.0,0.0,0.0,0.0,0.0,8.399461246341503e-12,1.5092957127355966e-9,0.011990340018358149
4,0.08726646259971647,6,5,39,8.042995283311356,0.008935270182571751,-0.7018837470807865,-0.0007797494212057596,0.0007848100785802605,0.0,0.0,0.0,0.0,0.0,0.0,0.0,0.0,-0.00018866403634212954,4.270943497559598e-5,-4.060709994019215e-5,-0.0001919443759988668,-4.0607099916659655e-5,-0.00019194437597863014,0.00019524094311908961,-3.842798388497735e-5,8.399461246341503e-12,1.5092957127355966e-9,0.011990340018358149
4,0.08726646259971647,6,5,40,8.026144600941924,-0.007981114314234917,-0.7004132476380147,0.0006964836138072431,0.0005900503231320689,0.0,0.0,0.0,0.0,0.0,0.0,0.0,0.0,0.0001286929563897034,-7.62892198673648e-5,7.700501376694654e-5,0.00012580943459715086,7.700501379622894e-5,0.00012580943460946696,-0.0001229567047563841,7.767047776389743e-5,8.399461246341503e-12,1.5092957127355966e-9,0.011990340018358149
4,0.08726646259971647,6,7,41,8.026144600940084,-0.007981114315463493,0.7004132476378542,-0.0006964836139144566,0.000590050321118865,-0.00012295670417801052,7.767047775510702e-5,-7.700501375192336e-5,-0.00012580943401221167,-7.700501379878828e-5,-0.00012580943402194626,0.0001286929557954686,-7.628921986375443e-5,0.0,0.0,0.0,0.0,0.0,0.0,0.0,0.0,8.399461246341503e-12,1.5092957127355966e-9,0.011990340018358149
4,0.08726646259971647,6,7,42,8.018116753846382,0.0017607704935743516,0.6997126858196954,0.00015365621242419047,0.0004336538887529116,0.00010935640774491174,-1.1428229136745398e-5,1.2791527252406943e-5,0.00010765074409966623,1.2791527102844716e-5,0.00010765074405786147,-0.00010595018841109247,1.4111763898707562e-5,0.0,0.0,0.0,0.0,0.0,0.0,0.0,0.0,8.399461246341503e-12,1.5092957127355966e-9,0.011990340018358149
4,0.08726646259971647,6,5,43,8.01811675383204,0.0017607704904825747,-0.6997126858184437,-0.00015365621215438204,0.0004336538851705987,0.0,0.0,0.0,0.0,0.0,0.0,0.0,0.0,-0.00010595018763796674,1.4111762832107677e-5,-1.2791526118698046e-5,-0.00010765074330103426,-1.279152609526639e-5,-0.0001076507433069163,0.00010935640696872548,-1.1428228061671578e-5,8.399461246341503e-12,1.5092957127355966e-9,0.011990340018358149
4,0.08726646259971647,6,7,44,8.058977585565053,0.006117563743194013,0.7032784660626661,0.0005338581475968218,0.0002551235352899919,-3.98236301519839e-5,4.866461852637835e-5,-4.878149460317126e-5,-4.108479303205201e-5,-4.878149459647042e-5,-4.108479300062679e-5,4.2365465191143254e-5,-4.888193285428327e-5,0.0,0.0,0.0,0.0,0.0,0.0,0.0,0.0,8.399461246341503e-12,1.5092957127355966e-9,0.011990340018358149
4,0.08726646259971647,6,5,45,8.05897758556668,0.0061175637410331545,-0.7032784660628081,-0.0005338581474082514,0.00025512353465431524,0.0,0.0,0.0,0.0,0.0,0.0,0.0,0.0,4.236546506316952e-5,-4.888193275539718e-5,4.87814944979765e-5,4.1084792894072686e-5,4.8781494503121745e-5,4.1084792880917174e-5,-3.982363002234378e-5,4.866461842665771e-5,8.399461246341503e-12,1.5092957127355966e-9,0.011990340018358149
4,0.08726646259971647,6,7,46,8.054979800728677,0.005164139355868454,0.7029295935217608,0.0004506561739586184,0.00023434260497527437,1.8335699874049834e-5,-5.651711925297498e-5,5.597364186922841e-5,1.7288342900027188e-5,5.5973641821334694e-5,1.7288342864283356e-5,-1.6263373962914553e-5,5.542324462284832e-5,0.0,0.0,0.0,0.0,0.0,0.0,0.0,0.0,8.399461246341503e-12,1.5092957127355966e-9,0.011990340018358149
4,0.08726646259971647,6,5,47,8.054979800729594,0.0051641393553274635,-0.7029295935218408,-0.000450656173911408,0.00023434260307745564,0.0,0.0,0.0,0.0,0.0,0.0,0.0,0.0,-1.6263373823395426e-5,5.542324417069024e-5,-5.597364141846871e-5,-1.7288342753859032e-5,-5.597364136569272e-5,-1.7288342729522345e-5,1.833569973276576e-5,-5.651711879866979e-5,8.399461246341503e-12,1.5092957127355966e-9,0.011990340018358149
4,0.08726646259971647,6,7,48,8.038081713235428,-0.0033668743320522734,0.7014549572015244,-0.0002938152129759851,9.167850277981543e-5,2.2000059105333488e-5,7.504761799629431e-6,-7.091869602231676e-6,2.1793625413404156e-5,-7.091869592040353e-6,2.179362540652124e-5,-2.158435322336947e-5,-6.687694276987214e-6,0.0,0.0,0.0,0.0,0.0,0.0,0.0,0.0,8.399461246341503e-12,1.5092957127355966e-9,0.011990340018358149
4,0.08726646259971647,6,5,49,8.038081713235039,-0.0033668743327639507,-0.7014549572014904,0.00029381521303809065,9.167850252188521e-5,0.0,0.0,0.0,0.0,0.0,0.0,0.0,0.0,-2.1584353163020728e-5,-6.687694252958989e-6,7.091869576584565e-6,-2.1793625356916735e-5,7.091869569181583e-6,-2.1793625343160534e-5,2.2000059045842457e-5,7.504761775181943e-6,8.399461246341503e-12,1.5092957127355966e-9,0.011990340018358149
4,0.08726646259971647,6,7,50,8.030749713205491,-0.006848192352466352,0.7008151194951308,-0.0005976175218021692,5.655589565346832e-5,-1.3460160129262873e-5,-3.6249954475816483e-6,3.8693287775674266e-6,-1.3598488575960885e-5,3.869328775878905e-6,-1.3598488578141013e-5,1.3735268205545578e-5,4.119101191470715e-6,0.0,0.0,0.0,0.0,0.0,0.0,0.0,0.0,8.399461246341503e-12,1.5092957127355966e-9,0.011990340018358149
4,0.08726646259971647,6,5,51,8.030749713204603,-0.0068481923533182856,-0.7008151194950533,0.0005976175218765145,5.6555895574889736e-5,0.0,0.0,0.0,0.0,0.0,0.0,0.0,0.0,1.3735268219465288e-5,4.119101074162839e-6,-3.8693286625367855e-6,1.3598488588505206e-5,-3.869328658334785e-6,1.3598488590933395e-5,-1.346016014069738e-5,-3.6249953323159564e-6,8.399461246341503e-12,1.5092957127355966e-9,0.011990340018358149
4,0.08726646259971647,6,5,52,11.628602230525292,-0.008014885252107987,-1.014786981637115,0.0006994306840941007,5.599791153093707e-5,0.0,0.0,0.0,0.0,0.0,0.0,0.0,0.0,1.1245180838243378e-5,-8.667935139844827e-6,8.702175756136625e-6,1.0965305466540252e-5,8.702175758116513e-6,1.096530546458011e-5,-1.0688910085743101e-5,8.732029556249894e-6,8.399461246341503e-12,1.5092957127355966e-9,0.011990340018358149
4,0.08726646259971647,6,7,53,11.628602230552103,-0.008014885258091964,1.0147869816394546,-0.0006994306846163013,5.5997911441165575e-5,-1.0688910105876475e-5,8.732029493270479e-6,-8.702175693319487e-6,-1.0965305486974676e-5,-8.702175697180916e-6,-1.0965305485018244e-5,1.1245180859048437e-5,-8.667935079101813e-6,0.0,0.0,0.0,0.0,0.0,0.0,0.0,0.0,8.399461246341503e-12,1.5092957127355966e-9,0.011990340018358149
4,0.08726646259971647,6,5,54,11.640511732856211,-0.006501346859081241,-1.0158262817768573,0.0005673495425257973,1.4947386003305204e-5,0.0,0.0,0.0,0.0,0.0,0.0,0.0,0.0,3.5330949295245046e-6,-1.3712741623912195e-6,1.401150651811516e-6,3.464015375316586e-6,1.4011506519492021e-6,3.464015379058442e-6,-3.3954960080508007e-6,1.4296414232144457e-6,8.399461246341503e-12,1.5092957127355966e-9,0.011990340018358149
4,0.08726646259971647,6,7,55,11.640511732906152,-0.006501346817859968,1.0158262817812156,-0.0005673495389285626,1.4947385954305632e-5,-3.395495984569492e-6,1.4296414532910267e-6,-1.4011506811455994e-6,-3.4640153505111566e-6,-1.4011506798296024e-6,-3.464015354326919e-6,3.5330949033779685e-6,-1.3712741895151464e-6,0.0,0.0,0.0,0.0,0.0,0.0,0.0,0.0,8.399461246341503e-12,1.5092957127355966e-9,0.011990340018358149
4,0.08726646259971647,6,7,56,11.63323260809699,-0.0027686139767402838,1.0151910583082981,-0.00024160714805425827,1.0613506579617279e-5,2.2652922046454012e-6,1.452616054204782e-6,-1.4004881690094278e-6,2.2535165038352113e-6,-1.4004881699788693e-6,2.2535165000309335e-6,-2.2411804236942537e-6,-1.349261579295864e-6,0.0,0.0,0.0,0.0,0.0,0.0,0.0,0.0,8.399461246341503e-12,1.5092957127355966e-9,0.011990340018358149
4,0.08726646259971647,6,5,57,11.633232608097222,-0.0027686139877238954,-1.0151910583083184,0.0002416071490127592,1.0613506499171412e-5,0.0,0.0,0.0,0.0,0.0,0.0,0.0,0.0,-2.2411804495436176e-6,-1.3492615001683559e-6,1.4004880886788427e-6,-2.253516530489921e-6,1.4004880911868922e-6,-2.2535165249299794e-6,2.265292230328239e-6,1.4526159741844349e-6,8.399461246341503e-12,1.5092957127355966e-9,0.011990340018358149
4,0.08726646259971647,6,7,58,11.599293878720449,-0.0006743262717876907,1.0122293454504783,-5.884606837696676e-5,3.893929742664166e-6,-6.92665851759426e-7,6.643519828074275e-7,-6.638101256253734e-7,-7.119897636829799e-7,-6.638101259004527e-7,-7.11989764264431e-7,7.315791432631439e-7,-6.629834197206132e-7,0.0,0.0,0.0,0.0,0.0,0.0,0.0,0.0,8.399461246341503e-12,1.5092957127355966e-9,0.011990340018358149
4,0.08726646259971647,6,5,59,11.599293878722515,-0.0006743262696153399,-1.0122293454506586,5.8846068187393386e-5,3.893929691083206e-6,0.0,0.0,0.0,0.0,0.0,0.0,0.0,0.0,7.315791488019558e-7,-6.629833948041672e-7,6.638101006943609e-7,7.119897691136439e-7,6.638101010958454e-7,7.119897699361422e-7,-6.926658573310783e-7,6.643519579895447e-7,8.399461246341503e-12,1.5092957127355966e-9,0.011990340018358149
4,0.08726646259971647,6,5,60,8.693502870157939,0.0032707885903347153,-0.7586512430791656,-0.0002854301501900238,3.139870536065508e-6,0.0,0.0,0.0,0.0,0.0,0.0,0.0,0.0,-3.537985718750942e-7,6.883011026125266e-7,-6.929586852896051e-7,-3.6867444211901993e-7,-6.929586839478524e-7,-3.6867444222335586e-7,3.8382746643598605e-7,-6.974687414092672e-7,8.399461246341503e-12,1.5092957127355966e-9,0.011990340018358149
4,0.08726646259971647,6,7,61,8.693502870156836,0.003270788590546525,0.7586512430790694,0.00028543015020850767,3.1398705210138633e-6,3.838274600484808e-7,-6.974687405851186e-7,6.92958684625085e-7,3.686744355336297e-7,6.929586829149402e-7,3.686744359767003e-7,-3.5379856543240554e-7,6.883011017366279e-7,0.0,0.0,0.0,0.0,0.0,0.0,0.0,0.0,8.399461246341503e-12,1.5092957127355966e-9,0.011990340018358149
4,0.08726646259971647,6,5,62,8.6772882606021,0.006444679340401976,-0.757236251460792,-0.0005624043686263544,2.376125050002749e-6,0.0,0.0,0.0,0.0,0.0,0.0,0.0,0.0,-4.243763985275395e-7,4.036129264152813e-7,-4.032326391207055e-7,-4.361665971105666e-7,-4.0323263814479576e-7,-4.361665974750638e-7,4.4811805421692037e-7,-4.0267785195080305e-7,8.399461246341503e-12,1.5092957127355966e-9,0.011990340018358149
4,0.08726646259971647,6,7,63,8.677288260602484,0.006444679339653495,0.7572362514608255,0.0005624043685610371,2.3761250421714073e-6,4.481180522191755e-7,-4.02677851194147e-7,4.0323263850127037e-7,4.3616659516352035e-7,4.032326373168147e-7,4.361665954279888e-7,-4.2437639653053426e-7,4.0361292572282485e-7,0.0,0.0,0.0,0.0,0.0,0.0,0.0,0.0,8.399461246341503e-12,1.5092957127355966e-9,0.011990340018358149
4,0.08726646259971647,6,7,64,8.695391368918381,0.004133200465908083,0.7588160456856133,0.0003606897838752984,2.3301645566808293e-6,-3.76003875665658e-7,4.341418496324883e-7,-4.348871078168103e-7,-3.875480031003736e-7,-4.348871081253476e-7,-3.875480022154148e-7,3.992660534799694e-7,-4.3547731232446044e-7,0.0,0.0,0.0,0.0,0.0,0.0,0.0,0.0,8.399461246341503e-12,1.5092957127355966e-9,0.011990340018358149
4,0.08726646259971647,6,5,65,8.695391368920355,0.004133200463033084,-0.7588160456857855,-0.00036068978362440747,2.330164546201659e-6,0.0,0.0,0.0,0.0,0.0,0.0,0.0,0.0,3.9926604642818924e-7,-4.354773151216526e-7,4.348871106927597e-7,3.8754799613054857e-7,4.3488711075461233e-7,3.875479951334779e-7,-3.760038686651228e-7,4.341418523396973e-7,8.399461246341503e-12,1.5092957127355966e-9,0.011990340018358149
4,0.08726646259971647,6,5,66,11.602174681078802,0.000679144381963627,-1.0124807428817406,-5.9266527808436413e-5,2.2281125160843924e-6,0.0,0.0,0.0,0.0,0.0,0.0,0.0,0.0,-3.4667026559418983e-7,4.259313508558931e-7,-4.269812817959753e-7,-3.576818426744071e-7,-4.2698128176226233e-7,-3.5768184239578427e-7,3.6886418336267e-7,-4.278881058150158e-7,8.399461246341503e-12,1.5092957127355966e-9,0.011990340018358149
4,0.08726646259971647,6,7,67,11.602174681080983,0.0006791443844268562,1.0124807428819311,5.926652802339372e-5,2.228112498744371e-6,3.6886417945982994e-7,-4.2788810342825446e-7,4.2698127944849707e-7,3.576818388222946e-7,4.2698127934750846e-7,3.5768183843120293e-7,-3.46670261681297e-7,4.259313484785831e-7,0.0,0.0,0.0,0.0,0.0,0.0,0.0,0.0,8.399461246341503e-12,1.5092957127355966e-9,0.011990340018358149
4,0.08726646259971647,6,5,68,8.66548851401377,-0.0053235158554920115,-0.7562065293164554,0.00046456439730229126,2.0239955416385716e-6,0.0,0.0,0.0,0.0,0.0,0.0,0.0,0.0,3.4483068987693004e-7,-3.800590224349038e-7,3.7949337436910956e-7,3.346551251885111e-7,3.794933754043715e-7,3.3465512492534024e-7,-3.2463133080443473e-7,3.7879383494356797e-7,8.399461246341503e-12,1.5092957127355966e-9,0.011990340018358149
4,0.08726646259971647,6,7,69,8.665488514012566,-0.0053235158571838265,0.7562065293163502,-0.00046456439744993,2.0239955250736556e-6,-3.246313260403625e-7,3.787938336730142e-7,-3.7949337307279255e-7,-3.346551202869739e-7,-3.7949337421745763e-7,-3.3465512012137515e-7,3.4483068493431e-7,-3.800590212236492e-7,0.0,0.0,0.0,0.0,0.0,0.0,0.0,0.0,8.399461246341503e-12,1.5092957127355966e-9,0.011990340018358149
4,0.08726646259971647,6,5,70,8.681398858428516,-0.0010836522405987831,-0.7575949687922734,9.456649772531267e-5,9.692199233315534e-7,0.0,0.0,0.0,0.0,0.0,0.0,0.0,0.0,-2.172686192606285e-7,-9.931327346132042e-8,1.0383411732929986e-7,-2.1891621665547273e-7,1.0383411734554188e-7,-2.1891621688002971e-7,2.2052226311636588e-7,1.0844251938843399e-7,8.399461246341503e-12,1.5092957127355966e-9,0.011990340018358149
4,0.08726646259971647,6,7,71,8.681398858429649,-0.001083652238567415,0.7575949687923722,-9.456649754804236e-5,9.692199044697829e-7,2.2052225942630703e-7,1.0844251612282677e-7,-1.038341140215679e-7,2.1891621303621942e-7,-1.0383411414752834e-7,2.1891621314712955e-7,-2.172686155972262e-7,-9.931327022190519e-8,0.0,0.0,0.0,0.0,0.0,0.0,0.0,0.0,8.399461246341503e-12,1.5092957127355966e-9,0.011990340018358149
4,0.08726646259971647,6,5,72,11.625515584864372,-0.00671421467847668,-1.0145176209889877,0.0005859257641257525,5.727591910324422e-7,0.0,0.0,0.0,0.0,0.0,0.0,0.0,0.0,8.944627578991444e-9,-1.4494603844937034e-7,1.4302122004597483e-7,6.796985342043673e-9,1.4302121948039812e-7,6.796985203755651e-9,-4.7065509119667304e-9,1.410936708420789e-7,8.399461246341503e-12,1.5092957127355966e-9,0.011990340018358149
4,0.08726646259971647,6,7,73,11.625515584814545,-0.006714214682504793,1.0145176209846396,-0.0005859257644772717,5.727591661999153e-7,-4.7065905655945165e-9,1.4109366363248604e-7,-1.4302121179748913e-7,-6.797025421450702e-9,-1.430212115030539e-7,-6.7970250738106985e-9,8.9446678611469e-9,-1.4494602941441913e-7,0.0,0.0,0.0,0.0,0.0,0.0,0.0,0.0,8.399461246341503e-12,1.5092957127355966e-9,0.011990340018358149
4,0.08726646259971647,6,5,74,8.676097247703895,-0.004076792590017409,-0.757132315978255,0.0003557672680835555,2.1460445680522538e-7,0.0,0.0,0.0,0.0,0.0,0.0,0.0,0.0,5.3926477950861186e-8,7.256097569280961e-9,-6.401531472416307e-9,5.3265135504880904e-8,-6.401531251268846e-9,5.326513572142216e-8,-5.2601228400812194e-8,-5.568270692072029e-9,8.399461246341503e-12,1.5092957127355966e-9,0.011990340018358149
4,0.08726646259971647,6,7,75,8.676097247703968,-0.0040767925888228005,0.7571323159782614,-0.0003557672679793062,2.1460445124758482e-7,-5.2601226736551245e-8,-5.568273096223841e-9,6.401533880418797e-9,-5.326513380902392e-8,6.40153365581835e-9,-5.326513403975785e-8,5.392647623781261e-8,7.256099977727465e-9,0.0,0.0,0.0,0.0,0.0,0.0,0.0,0.0,8.399461246341503e-12,1.5092957127355966e-9,0.011990340018358149
4,0.08726646259971647,6,7,76,5.1277757936295885,0.00018311729784356752,0.4474828545145079,1.5979998823626826e-5,1.0263744557740794e-7,-2.529772309790258e-8,-6.323236004396193e-11,4.270032522429694e-10,-2.5654525296643847e-8,4.2700388902351415e-10,-2.5654525351738555e-8,2.6011154697439137e-8,8.010365618775221e-10,0.0,0.0,0.0,0.0,0.0,0.0,0.0,0.0,8.399461246341503e-12,1.5092957127355966e-9,0.011990340018358149
4,0.08726646259971647,6,5,77,5.127775793629258,0.00018311729915085513,-0.4474828545144791,-1.5979998937709194e-5,1.0263744312229057e-7,0.0,0.0,0.0,0.0,0.0,0.0,0.0,0.0,2.6011154060738545e-8,8.010363795526181e-10,-4.2700306772646193e-10,2.565452467230168e-8,-4.270037106512414e-10,2.5654524754727592e-8,-2.5297722512470243e-8,-6.323217898149436e-11,8.399461246341503e-12,1.5092957127355966e-9,0.011990340018358149
4,0.08726646259971647,6,5,78,5.128754604446882,0.0011526419605854717,-0.4475682718720875,-0.00010058698654429594,1.8417792718763184e-8,0.0,0.0,0.0,0.0,0.0,0.0,0.0,0.0,4.4452213543908e-9,-9.206984482726592e-10,8.699537003005373e-10,4.5212833020803275e-9,8.699537832167017e-10,4.521283569513377e-9,-4.597693138953287e-9,8.174004524630207e-10,8.399461246341503e-12,1.5092957127355966e-9,0.011990340018358149
4,0.08726646259971647,6,7,79,5.128754604448429,0.0011526419621392982,0.4475682718722225,0.00010058698667989288,1.841779252365126e-8,-4.597693026176051e-9,8.174008114644914e-10,-8.699540663563743e-10,-4.521283185282281e-9,-8.699541213019887e-10,-4.521283451466789e-9,4.445221232507108e-9,-9.206987934323282e-10,0.0,0.0,0.0,0.0,0.0,0.0,0.0,0.0,8.399461246341503e-12,1.5092957127355966e-9,0.011990340018358149
5,0.05038331567317271,7,8,0,0.21683788198252874,0.023138549198940594,0.010925011457827915,0.0011657968285094615,80.32625267002487,14.592385653772725,-14.20767475866159,14.21025744072991,14.187933072536987,14.21025744121115,14.187933072284876,-13.789163458763701,14.207163813457953,0.0,0.0,0.0,0.0,0.0,0.0,0.0,0.0,9.074329717153418e-12,2.2063499823300233e-9,0.014556756904738847
5,0.05038331567317271,7,6,1,0.21683788198217968,0.023138549198189095,-0.010925011457810328,-0.0011657968284715984,80.32625266994899,0.0,0.0,0.0,0.0,0.0,0.0,0.0,0.0,-13.789163458761713,14.207163813433027,-14.210257440704792,-14.187933072535177,-14.21025744118639,-14.187933072282938,14.592385653770975,-14.207674758636635,9.074329717153418e-12,2.2063499823300233e-9,0.014556756904738847
5,0.05038331567317271,7,8,2,2.1241672753348846,0.004716318955260812,0.10702259037582067,0.0002376237867382736,4.214967084814413,0.8824429018122965,-0.602829807710822,0.606610771927999,0.861559098139435,0.6066107719511799,0.8615590981042281,-0.8409178698061383,0.6100470640141215,0.0,0.0,0.0,0.0,0.0,0.0,0.0,0.0,9.074329717153418e-12,2.2063499823300233e-9,0.014556756904738847
5,0.05038331567317271,7,6,3,2.1241672753345817,0.004716318955108809,-0.1070225903758054,-0.00023762378673061518,4.214967084778249,0.0,0.0,0.0,0.0,0.0,0.0,0.0,0.0,-0.8409178697670353,0.6100470640538969,-0.6066107719722995,-0.8615590980977,-0.6066107719862923,-0.8615590980679476,0.8824429017733684,-0.6028298077504393,9.074329717153418e-12,2.2063499823300233e-9,0.014556756904738847
5,0.05038331567317271,7,8,4,6.756180464197616,0.0039536382906425645,0.34039877307259103,0.0001991974060549873,3.543027713641823,0.7028402009280178,-0.5594694463886345,0.5613591023269275,0.6851006171363753,0.5613591022834464,0.6851006171423479,-0.6675855221747938,0.5629746730786219,0.0,0.0,0.0,0.0,0.0,0.0,0.0,0.0,9.074329717153418e-12,2.2063499823300233e-9,0.014556756904738847
5,0.05038331567317271,7,6,5,6.756180464202615,0.003953638288470767,-0.3403987730728429,-0.00019919740594556492,3.543027702938681,0.0,0.0,0.0,0.0,0.0,0.0,0.0,0.0,-0.6675855206236752,0.5629746707510443,-0.5613590999397351,-0.6851006155757423,-0.5613591000145014,-0.6851006155989696,0.7028401993760213,-0.5594694440594434,9.074329717153418e-12,2.2063499823300233e-9,0.014556756904738847
5,0.05038331567317271,7,8,6,6.7407372345044685,-0.0009199641088921025,0.33962069195594785,-4.6350842106299835e-5,3.1851303851576076,-0.5430222882328919,0.5669653905435952,-0.5671930154140254,-0.5588333061930476,-0.5671930153698468,-0.5588333061966131,0.5748711566473255,-0.5671970615528162,0.0,0.0,0.0,0.0,0.0,0.0,0.0,0.0,9.074329717153418e-12,2.2063499823300233e-9,0.014556756904738847
5,0.05038331567317271,7,6,7,6.740737234495359,-0.0009199641107521146,-0.3396206919554889,4.635084220001341e-5,3.185130374232785,0.0,0.0,0.0,0.0,0.0,0.0,0.0,0.0,0.5748711550954082,-0.567197059247725,0.5671930130494321,0.5588333046339199,0.5671930131248278,0.5588333046507616,-0.5430222866807559,0.5669653882384507,9.074329717153418e-12,2.2063499823300233e-9,0.014556756904738847
5,0.05038331567317271,7,6,8,2.107865768675321,-0.0008703397612228048,-0.10620126641984355,4.385060293260233e-5,3.033996825617234,0.0,0.0,0.0,0.0,0.0,0.0,0.0,0.0,0.5405219845803949,-0.5473584895640586,0.5471559882313564,0.5252464673945563,0.5471559882380881,0.5252464673640346,-0.5101897705453958,0.5467433445544035,9.074329717153418e-12,2.2063499823300233e-9,0.014556756904738847
5,0.05038331567317271,7,8,9,2.107865768674895,-0.000870339760841686,0.10620126641982208,-4.3850602913400305e-5,3.033996825616486,-0.5101897705950607,0.5467433445065241,-0.5471559881799077,-0.5252464674462427,-0.5471559881937744,-0.5252464674115458,0.5405219846299457,-0.5473584895161975,0.0,0.0,0.0,0.0,0.0,0.0,0.0,0.0,9.074329717153418e-12,2.2063499823300233e-9,0.014556756904738847
5,0.05038331567317271,7,8,10,12.950335874625711,0.0006242677383275289,0.6524808604448804,3.1452678524733466e-5,2.5689796491340413,0.5016297427943205,-0.4154947886020294,0.4166145236878587,0.48874290510347984,0.4166145236186952,0.4887429054587138,-0.4760226744728408,0.41753872822333643,0.0,0.0,0.0,0.0,0.0,0.0,0.0,0.0,9.074329717153418e-12,2.2063499823300233e-9,0.014556756904738847
5,0.05038331567317271,7,6,11,12.950335874639837,0.0006242677935388123,-0.6524808604455921,-3.1452681306460985e-5,2.5689796445502475,0.0,0.0,0.0,0.0,0.0,0.0,0.0,0.0,-0.47602267271291,0.41753872852457785,-0.41661452393692766,-0.48874290347955207,-0.4166145239691471,-0.48874290356027394,0.5016297410316733,-0.4154947888995908,9.074329717153418e-12,2.2063499823300233e-9,0.014556756904738847
5,0.05038331567317271,7,8,12,12.938071287393004,-0.0012379498469014816,0.6518629298747338,-6.237201792399317e-5,2.401987802349886,-0.4108055913319567,0.4263153884988747,-0.42645077627803035,-0.4227295487805984,-0.42645077621163846,-0.42272954912794125,0.43482405306346944,-0.42641703806410436,0.0,0.0,0.0,0.0,0.0,0.0,0.0,0.0,9.074329717153418e-12,2.2063499823300233e-9,0.014556756904738847
5,0.05038331567317271,7,6,13,12.938071287367553,-0.0012379499092503195,-0.6518629298734514,6.237202106533435e-5,2.4019877988009983,0.0,0.0,0.0,0.0,0.0,0.0,0.0,0.0,0.434824051383487,-0.42641703847983775,0.42645077664452846,0.4227295472355645,0.4264507766774937,0.42272954731307966,-0.41080558965187564,0.42631538891481835,9.074329717153418e-12,2.2063499823300233e-9,0.014556756904738847
5,0.05038331567317271,7,6,14,2.175962700211563,0.04168009253057839,-0.10963221561780846,-0.002099981259255179,0.8401622273094488,0.0,0.0,0.0,0.0,0.0,0.0,0.0,0.0,0.010513887936197938,0.2068138546256399,-0.2098890110359481,0.007695963050760354,-0.20988901103802116,0.00769596305542667,-0.004794081953277067,-0.2129672290423144,9.074329717153418e-12,2.2063499823300233e-9,0.014556756904738847
5,0.05038331567317271,7,8,15,2.175962700211669,0.04168009253032416,0.10963221561781379,0.00209998125924237,0.8401622272863899,-0.004794081954699422,-0.21296722903640536,0.2098890110307982,-0.007695963053059689,0.20988901103152074,-0.007695963056238597,0.010513887937883083,0.2068138546198921,0.0,0.0,0.0,0.0,0.0,0.0,0.0,0.0,9.074329717153418e-12,2.2063499823300233e-9,0.014556756904738847
5,0.05038331567317271,7,6,16,6.807388690529791,0.04238791058249797,-0.3429788133049483,-0.002135643479604213,0.3611566531373208,0.0,0.0,0.0,0.0,0.0,0.0,0.0,0.0,0.028707797696738258,0.0842607555255126,-0.08586399242261013,0.02790506731106218,-0.08586399242357518,0.027905067319418893,-0.027067989105789954,-0.08747838447804493,9.074329717153418e-12,2.2063499823300233e-9,0.014556756904738847
5,0.05038331567317271,7,8,17,6.8073886905282315,0.042387910573010425,0.3429788133048697,0.0021356434791261992,0.3611566530573095,-0.02706798913056495,-0.08747838444833357,0.08586399239427568,-0.027905067337459854,0.08586399239399266,-0.027905067341838348,0.0287077977207999,0.08426075549728632,0.0,0.0,0.0,0.0,0.0,0.0,0.0,0.0,9.074329717153418e-12,2.2063499823300233e-9,0.014556756904738847
5,0.05038331567317271,7,6,18,13.025447348384738,0.04548493292969598,-0.6562652255379586,-0.0022916817341699608,0.1990938152384474,0.0,0.0,0.0,0.0,0.0,0.0,0.0,0.0,0.02451506554842385,0.04250980459366533,-0.04346254250905397,0.024251936391324398,-0.04346254250923433,0.02425193639623461,-0.023971420282712402,-0.044424977721778676,9.074329717153418e-12,2.2063499823300233e-9,0.014556756904738847
5,0.05038331567317271,7,8,19,13.025447348366804,0.045484932891707096,0.6562652255370551,0.002291681732255955,0.19909381489997063,-0.023971420338580317,-0.044424977592575764,0.0434625423806014,-0.02425193644296109,0.04346254238310861,-0.02425193645357191,0.024515065601571098,0.04250980446825302,0.0,0.0,0.0,0.0,0.0,0.0,0.0,0.0,9.074329717153418e-12,2.2063499823300233e-9,0.014556756904738847
5,0.05038331567317271,7,8,20,4.417476583429812,0.02313919725825051,0.22256711718179267,0.001165829479886248,0.0017331457466377986,0.00032057580461193673,-0.0003005567209450698,0.0003007770239780459,0.00031185180543323,0.0003007770239723487,0.00031185180543333735,-0.0003032480921112224,0.00030087256222593203,0.0,0.0,0.0,0.0,0.0,0.0,0.0,0.0,9.074329717153418e-12,2.2063499823300233e-9,0.014556756904738847
5,0.05038331567317271,7,6,21,4.417476583429093,0.023139197258167543,-0.22256711718175648,-0.0011658294798820678,0.0017331457465145496,0.0,0.0,0.0,0.0,0.0,0.0,0.0,0.0,-0.0003032480920870663,0.0003008725622048347,-0.0003007770239515132,-0.00031185180540807534,-0.0003007770239580651,-0.00031185180541221417,0.0003205758045898718,-0.0003005567209253312,9.074329717153418e-12,2.2063499823300233e-9,0.014556756904738847
5,0.05038331567317271,7,8,22,9.052314079272985,0.02317168067995956,0.4560855978287166,0.0011674661023763598,0.0011203654804061327,0.0001967257325089887,-0.00020492075530561374,0.00020476635890125566,0.0001910865524645425,0.00020476635883011278,0.00019108655244870357,-0.00018552926365779696,0.00020453551142624369,0.0,0.0,0.0,0.0,0.0,0.0,0.0,0.0,9.074329717153418e-12,2.2063499823300233e-9,0.014556756904738847
5,0.05038331567317271,7,6,23,9.052314079278283,0.02317168068203912,-0.4560855978289835,-0.001167466102481135,0.001120365478387731,0.0,0.0,0.0,0.0,0.0,0.0,0.0,0.0,-0.0001855292632123436,0.0002045355111587531,-0.00020476635862519453,-0.00019108655200930676,-0.00020476635857671555,-0.0001910865519921817,0.0001967257320425748,-0.00020492075504384088,9.074329717153418e-12,2.2063499823300233e-9,0.014556756904738847
5,0.05038331567317271,7,6,24,4.44947818221279,0.021026988066080818,-0.22417946383532167,-0.0010594093773893852,0.001014245891050165,0.0,0.0,0.0,0.0,0.0,0.0,0.0,0.0,0.00017238545881232407,-0.0001908254698712352,0.00019053097455010666,0.0001672869999155955,0.00019053097451701614,0.0001672869997761368,-0.00016226473988184767,0.00019016954915588406,9.074329717153418e-12,2.2063499823300233e-9,0.014556756904738847
5,0.05038331567317271,7,8,25,4.449478182206047,0.021026988067677305,0.22417946383498194,0.0010594093774698215,0.0010142458891169105,-0.0001622647403050874,0.0001901695481396819,-0.00019053097351760215,-0.00016728700032667604,-0.00019053097351918763,-0.0001672870002120296,0.00017238545923650906,-0.00019082546885729228,0.0,0.0,0.0,0.0,0.0,0.0,0.0,0.0,9.074329717153418e-12,2.2063499823300233e-9,0.014556756904738847
5,0.05038331567317271,7,6,26,9.08207817382727,0.0211083523233946,-0.4575852116003713,-0.0010635087784501387,0.0006800099364257144,0.0,0.0,0.0,0.0,0.0,0.0,0.0,0.0,0.000118503732117503,-0.00012523488769437444,0.00012511650602467546,0.00011508177569246778,0.00012511650615284193,0.0001150817754824401,-0.00011170985645001176,0.0001249520817659272,9.074329717153418e-12,2.2063499823300233e-9,0.014556756904738847
5,0.05038331567317271,7,8,27,9.08207817381515,0.02110835232582378,0.4575852115997606,0.001063508778572529,0.0006800099280814438,-0.00011170985482240914,0.00012495208042859215,-0.00012511650462719624,-0.00011508177401881447,-0.00012511650487555246,-0.00011508177390096865,0.0001185037304905136,-0.00012523488635627025,0.0,0.0,0.0,0.0,0.0,0.0,0.0,0.0,9.074329717153418e-12,2.2063499823300233e-9,0.014556756904738847
5,0.05038331567317271,7,6,28,4.451642141680344,0.023216607545339652,-0.22428849128827938,-0.001169729666817011,0.0005018855025393698,0.0,0.0,0.0,0.0,0.0,0.0,0.0,0.0,-7.918663631186898e-5,9.50368658995291e-5,-9.524481124635138e-5,-8.166956649914851e-5,-9.524481125512426e-5,-8.166956636476744e-5,8.419058793972023e-5,-9.542008115731289e-5,9.074329717153418e-12,2.2063499823300233e-9,0.014556756904738847
5,0.05038331567317271,7,8,29,4.451642141680427,0.023216607546164694,0.2242884912882836,0.0011697296668585794,0.000501885500471194,8.41905883803227e-5,-9.542008009986957e-5,9.524481017248979e-5,8.166956692325328e-5,9.524481021437992e-5,8.166956681772543e-5,-7.91866367487985e-5,9.503686484248429e-5,0.0,0.0,0.0,0.0,0.0,0.0,0.0,0.0,9.074329717153418e-12,2.2063499823300233e-9,0.014556756904738847
5,0.05038331567317271,7,6,30,9.084229901011225,0.023159117303029945,-0.45769362275032305,-0.0011668331177905938,0.0003384119663926219,0.0,0.0,0.0,0.0,0.0,0.0,0.0,0.0,-5.394167073134433e-5,6.362130142867013e-5,-6.374715170644788e-5,-5.561700486602485e-5,-6.374715187559357e-5,-5.561700468787067e-5,5.7317833231318856e-5,-6.38507502532117e-5,9.074329717153418e-12,2.2063499823300233e-9,0.014556756904738847
5,0.05038331567317271,7,8,31,9.084229901014684,0.023159117305842032,0.4576936227504973,0.0011668331179322763,0.0003384119582568267,5.731783169320944e-5,-6.385074889695657e-5,6.374715028462376e-5,5.561700327619983e-5,6.374715058698803e-5,5.561700319643115e-5,-5.394166918877483e-5,6.36213000737967e-5,0.0,0.0,0.0,0.0,0.0,0.0,0.0,0.0,9.074329717153418e-12,2.2063499823300233e-9,0.014556756904738847
5,0.05038331567317271,7,6,32,10.979025694029165,-0.0005310624056199358,-0.5531597173261456,2.675668482450371e-5,4.9875119891224436e-5,0.0,0.0,0.0,0.0,0.0,0.0,0.0,0.0,8.912524936365464e-6,-8.971128946313595e-6,8.968555233811547e-6,8.661405630064352e-6,8.968555233463566e-6,8.661405629310692e-6,-8.413873052053634e-6,8.962516241359541e-6,9.074329717153418e-12,2.2063499823300233e-9,0.014556756904738847
5,0.05038331567317271,7,8,33,10.979025694028657,-0.0005310624064558296,0.5531597173261199,-2.6756684866618816e-5,4.9875119850717424e-5,-8.413873052447178e-6,8.962516227256573e-6,-8.968555219332601e-6,-8.661405630452964e-6,-8.968555219436305e-6,-8.66140562928497e-6,8.912524936330226e-6,-8.971128931912272e-6,0.0,0.0,0.0,0.0,0.0,0.0,0.0,0.0,9.074329717153418e-12,2.2063499823300233e-9,0.014556756904738847
5,0.05038331567317271,7,6,34,10.994818216965719,0.004849556976099147,-0.5539553969945338,-0.0002443367600018402,4.7251564264700284e-5,0.0,0.0,0.0,0.0,0.0,0.0,0.0,0.0,-8.383885360473031e-6,8.083934858972829e-6,-8.0779808846879e-6,-8.618391315066526e-6,-8.077980883424752e-6,-8.618391317233204e-6,8.856127774570134e-6,-8.068578906495167e-6,9.074329717153418e-12,2.2063499823300233e-9,0.014556756904738847
5,0.05038331567317271,7,8,35,10.994818216964884,0.004849556976448968,0.5539553969944917,0.0002443367600194654,4.725156424216011e-5,8.856127780768317e-6,-8.068578891538356e-6,8.077980869887953e-6,8.618391321671942e-6,8.077980868506545e-6,8.618391323032254e-6,-8.383885366682337e-6,8.08393484421136e-6,0.0,0.0,0.0,0.0,0.0,0.0,0.0,0.0,9.074329717153418e-12,2.2063499823300233e-9,0.014556756904738847
5,0.05038331567317271,7,6,36,9.050890840542237,0.023127572892364064,-0.45601389034246703,-0.0011652438057902907,4.4307037193969375e-5,0.0,0.0,0.0,0.0,0.0,0.0,0.0,0.0,-7.931369068505735e-6,-7.5069720231671875e-6,7.726890009118252e-6,-7.935836482989187e-6,7.726889996968313e-6,-7.935836489794765e-6,7.937212513530201e-6,7.949981699168643e-6,9.074329717153418e-12,2.2063499823300233e-9,0.014556756904738847
5,0.05038331567317271,7,8,37,9.050890840542348,0.023127572894125162,0.4560138903424726,0.0011652438058790207,4.430703667166214e-5,7.937212035366672e-6,7.9499819896149e-6,-7.726890302046138e-6,7.935836016282673e-6,-7.726890288620314e-6,7.935836022831381e-6,-7.931368612847576e-6,-7.506972317119707e-6,0.0,0.0,0.0,0.0,0.0,0.0,0.0,0.0,9.074329717153418e-12,2.2063499823300233e-9,0.014556756904738847
5,0.05038331567317271,7,6,38,6.360123450912877,0.005009217882626413,-0.32044410754769204,-0.0002523810058560684,5.693949011002492e-6,0.0,0.0,0.0,0.0,0.0,0.0,0.0,0.0,-1.0688175452888031e-6,9.095288827671646e-7,-9.070582039732122e-7,-1.0969771124683936e-6,-9.070582053969731e-7,-1.09697711317258e-6,1.125499415862368e-6,-9.04148663227321e-7,9.074329717153418e-12,2.2063499823300233e-9,0.014556756904738847
5,0.05038331567317271,7,8,39,6.360123450913198,0.005009217883007001,0.32044410754770825,0.00025238100587524363,5.693948917000949e-6,1.125499394162946e-6,-9.04148652655435e-7,9.07058193522852e-7,1.0969770906184098e-6,9.070581943868943e-7,1.0969770917779414e-6,-1.0688175237501262e-6,9.09528871876741e-7,0.0,0.0,0.0,0.0,0.0,0.0,0.0,0.0,9.074329717153418e-12,2.2063499823300233e-9,0.014556756904738847
5,0.05038331567317271,7,6,40,6.344217749069516,-0.000389196843453031,-0.31964272555071466,1.9609027422696443e-5,5.559060507551689e-6,0.0,0.0,0.0,0.0,0.0,0.0,0.0,0.0,9.94443283636911e-7,-9.988672721632755e-7,9.986100081175978e-7,9.664533405768342e-7,9.986100073081466e-7,9.664533402105386e-7,-9.388627638148102e-7,9.979660820398461e-7,9.074329717153418e-12,2.2063499823300233e-9,0.014556756904738847
5,0.05038331567317271,7,8,41,6.34421774906907,-0.0003891968432861437,0.3196427255506922,-1.9609027414288106e-5,5.559060432087529e-6,-9.388627522942696e-7,9.979660671694249e-7,-9.98609993260574e-7,-9.664533286305458e-7,-9.986099923438917e-7,-9.664533287142837e-7,9.944432717140425e-7,-9.988672572122796e-7,0.0,0.0,0.0,0.0,0.0,0.0,0.0,0.0,9.074329717153418e-12,2.2063499823300233e-9,0.014556756904738847
5,0.05038331567317271,7,8,42,9.08576526997745,0.023203293102644358,0.45777097972962316,0.0011690588410476817,5.457440810606513e-6,-1.4400045738835787e-7,1.3762081630403386e-6,-1.3587564776856528e-6,-1.227740792343654e-7,-1.3587564888169975e-6,-1.2277408940175174e-7,1.0209120401627199e-7,-1.3412555851966253e-6,0.0,0.0,0.0,0.0,0.0,0.0,0.0,0.0,9.074329717153418e-12,2.2063499823300233e-9,0.014556756904738847
5,0.05038331567317271,7,6,43,9.08576526997852,0.023203293100456414,-0.45777097972967706,-0.001169058840937446,5.457440478935312e-6,0.0,0.0,0.0,0.0,0.0,0.0,0.0,0.0,1.0209112553994897e-7,-1.341255507827377e-6,1.358756402901071e-6,1.2277400202330812e-7,1.358756411533515e-6,1.2277400664669812e-7,-1.4400037592519355e-7,1.3762080883902238e-6,9.074329717153418e-12,2.2063499823300233e-9,0.014556756904738847
5,0.05038331567317271,7,8,44,11.045802692030275,0.04154944810760193,0.5565241638961422,0.0020933989600514166,3.0336464039645405e-6,-6.642645578355372e-7,-3.8779020251665383e-7,3.7304415265220207e-7,-6.602792673085705e-7,3.730441527206853e-7,-6.602792672364065e-7,6.561447062298927e-7,3.5856218471019566e-7,0.0,0.0,0.0,0.0,0.0,0.0,0.0,0.0,9.074329717153418e-12,2.2063499823300233e-9,0.014556756904738847
5,0.05038331567317271,7,6,45,11.045802692027024,0.04154944810412415,-0.5565241638959785,-0.0020933989598761944,3.033646396184137e-6,0.0,0.0,0.0,0.0,0.0,0.0,0.0,0.0,6.561447032800981e-7,3.5856218605637046e-7,-3.730441537672765e-7,6.602792642209979e-7,-3.7304415419204407e-7,6.60279264394358e-7,-6.642645548573342e-7,-3.8779020375618814e-7,9.074329717153418e-12,2.2063499823300233e-9,0.014556756904738847
5,0.05038331567317271,7,6,46,10.992746288286433,0.004407587947078576,-0.553851006357833,-0.00022206889489493115,1.8461682903427461e-6,0.0,0.0,0.0,0.0,0.0,0.0,0.0,0.0,-2.452522000467368e-7,-3.832903502099862e-7,3.922280262602507e-7,-2.4322204454956353e-7,3.922280260128862e-7,-2.4322204459042927e-7,2.4103497843180404e-7,4.012629594941206e-7,9.074329717153418e-12,2.2063499823300233e-9,0.014556756904738847
5,0.05038331567317271,7,8,47,10.99274628828408,0.004407587948005363,0.5538510063577144,0.00022206889494162573,1.846168271466262e-6,2.4103497007069756e-7,4.012629589859898e-7,-3.9222802582022334e-7,2.4322203620583637e-7,-3.9222802564857476e-7,2.432220363216883e-7,-2.4525219179662396e-7,-3.8329034991255125e-7,0.0,0.0,0.0,0.0,0.0,0.0,0.0,0.0,9.074329717153418e-12,2.2063499823300233e-9,0.014556756904738847
5,0.05038331567317271,7,6,48,9.049281456725549,0.021603778432405848,-0.4559328042495915,-0.0010884699884931841,1.428550367817824e-6,0.0,0.0,0.0,0.0,0.0,0.0,0.0,0.0,1.757075336432791e-7,-3.1673297941004406e-7,3.147044789355148e-7,1.6880640701807952e-7,3.1470446126677436e-7,1.6880641398628866e-7,-1.6203115569780693e-7,3.1260841293024557e-7,9.074329717153418e-12,2.2063499823300233e-9,0.014556756904738847
5,0.05038331567317271,7,8,49,9.049281456737177,0.0216037784310771,0.45593280425017735,0.0010884699884262375,1.4285502084603001e-6,-1.6203121939811563e-7,3.1260833354877643e-7,-3.147043996479323e-7,-1.6880647193240317e-7,-3.1470438184029463e-7,-1.6880647634788187e-7,1.7570759725039715e-7,-3.167329001053093e-7,0.0,0.0,0.0,0.0,0.0,0.0,0.0,0.0,9.074329717153418e-12,2.2063499823300233e-9,0.014556756904738847
5,0.05038331567317271,7,6,50,11.043617231910446,0.042078694616992776,-0.5564140531690338,-0.00212006415400298,7.547925719501896e-7,0.0,0.0,0.0,0.0,0.0,0.0,0.0,0.0,-6.85300532443085e-8,1.7295731744088577e-7,-1.7441991675256038e-7,-7.198001053016732e-8,-1.744199167155835e-7,-7.198001052630519e-8,7.54997300174655e-8,-1.7585371007097674e-7,9.074329717153418e-12,2.2063499823300233e-9,0.014556756904738847
5,0.05038331567317271,7,8,51,11.04361723191274,0.042078694619115294,0.5564140531691494,0.0021200641541099198,7.547925706040658e-7,7.54997295227848e-8,-1.7585370989420631e-7,1.744199165627179e-7,7.198001006761876e-8,1.744199165728978e-7,7.198001003094676e-8,-6.853005278041686e-8,1.7295731728507541e-7,0.0,0.0,0.0,0.0,0.0,0.0,0.0,0.0,9.074329717153418e-12,2.2063499823300233e-9,0.014556756904738847
5,0.05038331567317271,7,8,52,10.97726939660571,-0.0005093329611621789,0.5530712292386436,-2.5661883364985873e-5,4.531742739053678e-7,-1.0591832450644451e-7,3.546221067530713e-8,-3.4444325749154957e-8,-1.07924685885067e-7,-3.444432584128807e-8,-1.0792468589209575e-7,1.0994481636639513e-7,-3.3383268287332887e-8,0.0,0.0,0.0,0.0,0.0,0.0,0.0,0.0,9.074329717153418e-12,2.2063499823300233e-9,0.014556756904738847
5,0.05038331567317271,7,6,53,10.977269396606095,-0.0005093329611899275,-0.553071229238663,2.566188336638394e-5,4.531742634692623e-7,0.0,0.0,0.0,0.0,0.0,0.0,0.0,0.0,1.0994481349619442e-7,-3.3383268652781017e-8,3.4444326085452044e-8,1.0792468304833342e-7,3.444432614574893e-8,1.079246830471591e-7,-1.0591832169527311e-7,3.546221095157663e-8,9.074329717153418e-12,2.2063499823300233e-9,0.014556756904738847
5,0.05038331567317271,7,6,54,6.410928051949515,0.04147988496328106,-0.3230038117993706,-0.0020898941381918795,3.5597074403088116e-7,0.0,0.0,0.0,0.0,0.0,0.0,0.0,0.0,6.318681038834477e-8,6.087289158334395e-8,-6.264000036415305e-8,6.320709379875437e-8,-6.264000047198295e-8,6.32070939952953e-8,-6.320231635315472e-8,-6.443238707675264e-8,9.074329717153418e-12,2.2063499823300233e-9,0.014556756904738847
5,0.05038331567317271,7,8,55,6.410928051949651,0.04147988496380029,0.3230038117993774,0.0020898941382180404,3.55970725066316e-7,-6.320231446307143e-8,-6.443238226760665e-8,6.263999560111535e-8,-6.32070918260083e-8,6.263999561134664e-8,-6.320709215506647e-8,6.318680846395596e-8,6.08728867701213e-8,0.0,0.0,0.0,0.0,0.0,0.0,0.0,0.0,9.074329717153418e-12,2.2063499823300233e-9,0.014556756904738847
5,0.05038331567317271,7,6,56,10.966820286342791,0.0033706931572021377,-0.5525447684177632,-0.00016982669737671848,9.597575986138323e-8,0.0,0.0,0.0,0.0,0.0,0.0,0.0,0.0,1.7743912927213584e-8,1.665287029226092e-8,-1.616997208856082e-8,1.7725224930835277e-8,-1.6169972151875386e-8,1.772522492377587e-8,-1.770006752067001e-8,-1.5694162744970407e-8,9.074329717153418e-12,2.2063499823300233e-9,0.014556756904738847
5,0.05038331567317271,7,8,57,10.966820286349076,0.003370693160558158,0.5525447684180799,0.0001698266975458059,9.597575835755286e-8,-1.7700066969444227e-8,-1.5694162808266456e-8,1.6169972142575838e-8,-1.7725224376695904e-8,1.6169972205781545e-8,-1.7725224361731065e-8,1.7743912362351296e-8,1.665287033664903e-8,0.0,0.0,0.0,0.0,0.0,0.0,0.0,0.0,9.074329717153418e-12,2.2063499823300233e-9,0.014556756904738847
5,0.05038331567317271,7,8,58,10.97958816350575,0.010466836844217058,0.5531880564033409,0.0005273539448217828,8.513476024181282e-8,1.5182594226144146e-8,1.534379923602511e-8,-1.4915127022678664e-8,1.5181869406838174e-8,-1.4915127108917094e-8,1.5181869350774556e-8,-1.5175177265948806e-8,-1.4492526451360992e-8,0.0,0.0,0.0,0.0,0.0,0.0,0.0,0.0,9.074329717153418e-12,2.2063499823300233e-9,0.014556756904738847
5,0.05038331567317271,7,6,59,10.97958816350021,0.010466836839812654,-0.5531880564030617,-0.0005273539445998744,8.513475812343067e-8,0.0,0.0,0.0,0.0,0.0,0.0,0.0,0.0,-1.51751770742726e-8,-1.449252588426385e-8,1.4915126433646662e-8,-1.518186920310906e-8,1.491512656624289e-8,-1.51818691814159e-8,1.5182594044610887e-8,1.5343798671672917e-8,9.074329717153418e-12,2.2063499823300233e-9,0.014556756904738847
5,0.05038331567317271,7,8,60,11.062085389317533,0.03893610888255751,0.5573445401735769,0.001961730264914919,6.922274581687018e-8,-1.4335561636021626e-8,9.251915712555755e-9,-9.177104521946406e-9,-1.4670977960073544e-8,-9.177104672562894e-9,-1.4670977866347388e-8,1.50100638575399e-8,-9.096424358386053e-9,0.0,0.0,0.0,0.0,0.0,0.0,0.0,0.0,9.074329717153418e-12,2.2063499823300233e-9,0.014556756904738847
5,0.05038331567317271,7,6,61,11.06208538931176,0.03893610888290184,-0.557344540173286,-0.0019617302649322676,6.922274494801444e-8,0.0,0.0,0.0,0.0,0.0,0.0,0.0,0.0,1.5010063638592608e-8,-9.096424302013186e-9,9.177104452544794e-9,1.467097775568526e-8,9.177104627976685e-9,1.4670977629580749e-8,-1.4335561413900849e-8,9.251915654826873e-9,9.074329717153418e-12,2.2063499823300233e-9,0.014556756904738847
5,0.05038331567317271,7,8,62,11.053470379194074,0.035979512701917536,0.5569104873989991,0.0018127671462276384,4.345011651886253e-8,7.713567521155573e-9,-7.865623285691795e-9,7.861962921522518e-9,7.494816953121307e-9,7.861962893150204e-9,7.494817003239055e-9,-7.27921062119573e-9,7.855303973127756e-9,0.0,0.0,0.0,0.0,0.0,0.0,0.0,0.0,9.074329717153418e-12,2.2063499823300233e-9,0.014556756904738847
5,0.05038331567317271,7,6,63,11.053470379193467,0.035979512701707184,-0.5569104873989685,-0.00181276714621704,4.3450116507974466e-8,0.0,0.0,0.0,0.0,0.0,0.0,0.0,0.0,-7.279210567047292e-9,7.855304023438001e-9,-7.861962968531099e-9,-7.494816884743534e-9,-7.861962948410902e-9,-7.494816956505665e-9,7.71356746009942e-9,-7.865623337750217e-9,9.074329717153418e-12,2.2063499823300233e-9,0.014556756904738847
5,0.05038331567317271,7,8,64,8.688222780354682,0.023234613721931866,0.4377414709814602,0.0011706368776963235,8.592261508624928e-10,-6.405641001085513e-11,-2.082246095526537e-10,2.0438708100984572e-10,-6.60541874637648e-11,2.0438708623705225e-10,-6.605418543577526e-11,6.797020277793068e-11,2.00575963004319e-10,0.0,0.0,0.0,0.0,0.0,0.0,0.0,0.0,9.074329717153418e-12,2.2063499823300233e-9,0.014556756904738847
5,0.05038331567317271,7,6,65,8.68822278035535,0.02323461372130652,-0.43774147098149385,-0.0011706368776648165,8.592261305605757e-10,0.0,0.0,0.0,0.0,0.0,0.0,0.0,0.0,6.797017808792564e-11,2.0057596564536635e-10,-2.0438708332016218e-10,6.605416233291646e-11,-2.043870892472672e-10,6.605416107688852e-11,-6.405638520994991e-11,-2.082246122411383e-10,9.074329717153418e-12,2.2063499823300233e-9,0.014556756904738847
5,0.05038331567317271,7,8,66,9.052465378569718,0.02472433860308547,0.456093220788945,0.0012456941566496651,4.41242269995038e-18,1.076935057106284e-18,3.0310430876540066e-19,-2.836873832817329e-19,1.0659624277129695e-18,-2.8384618792957094e-19,1.0658880464807986e-18,-1.0548010918628357e-18,-2.6485683110013964e-19,0.0,0.0,0.0,0.0,0.0,0.0,0.0,0.0,9.074329717153418e-12,2.2063499823300233e-9,0.014556756904738847
5,0.05038331567317271,7,6,67,9.052465378570403,0.024724338606767766,-0.4560932207889795,-0.0012456941568351916,3.2129818671427096e-18,0.0,0.0,0.0,0.0,0.0,0.0,0.0,0.0,-7.914158297030811e-19,-2.9522855018203653e-20,4.1206507990506226e-20,-8.021605420245218e-19,4.1233839898658415e-20,-8.021338427193783e-19,8.128630352052835e-19,5.323529659511073e-20,9.074329717153418e-12,2.2063499823300233e-9,0.014556756904738847
5,0.05038331567317271,7,8,68,12.996747398665011,0.049528420960642,0.6548192269114255,0.00249540606805381,2.5629753410714923e-18,6.47075168617522e-19,6.867906917145713e-20,-5.647662040534239e-20,6.4181899336558435e-19,-5.795683056143948e-20,6.344801707960153e-19,-6.291592884022817e-19,-4.6085860760248015e-20,0.0,0.0,0.0,0.0,0.0,0.0,0.0,0.0,9.074329717153418e-12,2.2063499823300233e-9,0.014556756904738847
5,0.05038331567317271,7,6,69,12.996747398672898,0.049528420944805626,-0.6548192269118229,-0.002495406067255921,1.0659843889282617e-18,0.0,0.0,0.0,0.0,0.0,0.0,0.0,0.0,3.4365490130276395e-21,2.6442780993843784e-19,-2.6564729258741893e-19,-2.8727316141021205e-21,-2.671423327096653e-19,9.820605740923766e-21,-3.473862117779497e-21,-2.6852617165477016e-19,9.074329717153418e-12,2.2063499823300233e-9,0.014556756904738847
5,0.05038331567317271,7,6,70,6.78918668887305,0.047272830257889004,-0.34206173610959306,-0.002381761929647532,5.140347763094246e-19,0.0,0.0,0.0,0.0,0.0,0.0,0.0,0.0,-1.1982865958120406e-19,-4.5994798139317944e-20,4.726669005182343e-20,-1.2047608909609304e-19,4.9824653197664805e-20,-1.174746135029734e-19,1.1807408998413154e-19,5.111065741975035e-20,9.074329717153418e-12,2.2063499823300233e-9,0.014556756904738847
5,0.05038331567317271,7,8,71,9.086428598218575,0.02525128126593402,0.4578044004057907,0.0012722432751736258,2.595164873902564e-19,4.9496525401954737e-20,4.33014254667386e-20,-4.1942463986568654e-20,4.9232987666704536e-20,-4.241028236283583e-20,4.935841343134345e-20,-4.908566312054828e-20,-4.1067917125130254e-20,0.0,0.0,0.0,0.0,0.0,0.0,0.0,0.0,9.074329717153418e-12,2.2063499823300233e-9,0.014556756904738847
5,0.05038331567317271,7,6,72,9.086428598217662,0.025251281263228943,-0.45780440040574466,-0.001272243275037335,1.513784442219558e-19,0.0,0.0,0.0,0.0,0.0,0.0,0.0,0.0,-3.072499228508802e-20,-2.1183017353891555e-20,2.161069082371288e-20,-3.1029781599265375e-20,2.196537763935351e-20,-3.085136870783724e-20,3.1154075189111015e-20,2.240400712766573e-20,9.074329717153418e-12,2.2063499823300233e-9,0.014556756904738847
5,0.05038331567317271,7,6,73,2.155990690454474,0.04724276480486183,-0.10862595954558936,-0.002380247132436807,1.2030097712073943e-19,0.0,0.0,0.0,0.0,0.0,0.0,0.0,0.0,-2.976336546591285e-20,1.9448923746719487e-22,1.5691123056617679e-22,-3.0283417703702896e-20,3.7760526567271376e-22,-2.986338840385641e-20,3.037836109218068e-20,7.401496084292032e-22,9.074329717153418e-12,2.2063499823300233e-9,0.014556756904738847
5,0.05038331567317271,7,8,74,6.7891866888846915,0.047272830260263216,0.3420617361101796,0.0023817619297671526,7.944047261550452e-20,-9.102539635034521e-21,1.882498676914529e-20,-1.797336690259851e-20,-6.7175629814884475e-21,-1.8295970329770813e-20,-9.283149116331933e-21,6.92752512654284e-21,-1.7505357363527872e-20,0.0,0.0,0.0,0.0,0.0,0.0,0.0,0.0,9.074329717153418e-12,2.2063499823300233e-9,0.014556756904738847
5,0.05038331567317271,7,8,75,2.1559906904546327,0.047242764805055015,0.10862595954559734,0.0023802471324465405,7.044193330690836e-20,7.190127532611867e-21,-1.6243956493331235e-20,1.6326097839577788e-20,7.06038936669528e-21,1.6027045443830317e-20,6.860875055921813e-21,-6.732572595015344e-21,1.6106095728119784e-20,0.0,0.0,0.0,0.0,0.0,0.0,0.0,0.0,9.074329717153418e-12,2.2063499823300233e-9,0.014556756904738847
5,0.05038331567317271,7,6,76,4.453804551257037,0.025346411030893537,-0.22439744065259662,-0.001277036228151496,4.9293448081481135e-20,0.0,0.0,0.0,0.0,0.0,0.0,0.0,0.0,-9.121990611220423e-21,8.005395738456331e-21,-8.00717910299822e-21,-9.38247123920717e-21,-7.993567267428885e-21,-9.362317822702222e-21,9.626532401782964e-21,-7.991782961919747e-21,9.074329717153418e-12,2.2063499823300233e-9,0.014556756904738847
5,0.05038331567317271,7,8,77,4.453804551262255,0.025346411030926955,0.22439744065285955,0.0012770362281531798,3.5691284747857595e-20,7.873843019095375e-21,-4.485398029433431e-21,4.524203532738672e-21,7.70079448704782e-21,4.517982297648335e-21,7.683211831027953e-21,-7.512493134543033e-21,4.553804957789743e-21,0.0,0.0,0.0,0.0,0.0,0.0,0.0,0.0,9.074329717153418e-12,2.2063499823300233e-9,0.014556756904738847
5,0.05038331567317271,7,6,78,10.978788719808357,-0.0005086120816288342,-0.5531477777791721,2.562556306389504e-5,4.920512994690161e-21,0.0,0.0,0.0,0.0,0.0,0.0,0.0,0.0,7.290484362000752e-22,1.0110199373145253e-21,-9.886016761802503e-22,7.3236100319581215e-22,-9.87509807165775e-22,7.330106168813983e-22,-7.359735466330187e-22,-9.65347751426071e-22,9.074329717153418e-12,2.2063499823300233e-9,0.014556756904738847
5,0.05038331567317271,7,8,79,10.978788719807953,-0.0005086120815797346,0.5531477777791518,-2.562556306142124e-5,4.161359391370019e-21,-1.3580894494510517e-22,-1.0166967380680444e-21,1.0330562905990219e-21,-1.258992322066082e-22,1.0323493616590176e-21,-1.2489335448667713e-22,1.146420970545744e-22,1.048808761788378e-21,0.0,0.0,0.0,0.0,0.0,0.0,0.0,0.0,9.074329717153418e-12,2.2063499823300233e-9,0.014556756904738847
6,0.029088820866572156,8,7,0,0.31557258144834466,0.03386771099458043,-0.00917963429215265,-0.0009851717782821863,38.43966488028725,0.0,0.0,0.0,0.0,0.0,0.0,0.0,0.0,-7.163305085836022,6.201073632641015,-6.1860043660666255,-7.3535438237403845,-6.1860043663214155,-7.353543823658677,7.5462563749269025,-6.16799318745528,1.1022461970679773e-11,1.047803958407357e-7,0.012153340743938097
6,0.029088820866572156,8,9,1,0.3155725814486665,0.03386771099475286,0.009179634292162012,0.0009851717782872022,38.43966487987174,7.546256374940327,-6.167993187277346,6.186004365882191,7.353543823757575,6.186004366150582,7.353543823668814,-7.16330508584998,6.201073632463686,0.0,0.0,0.0,0.0,0.0,0.0,0.0,0.0,1.1022461970679773e-11,1.047803958407357e-7,0.012153340743938097
6,0.029088820866572156,8,7,2,0.25496548967722665,-0.026622423796958186,-0.007416645456378698,0.0007744149168636844,31.64099725186177,0.0,0.0,0.0,0.0,0.0,0.0,0.0,0.0,5.123630022553655,-6.173244183006776,6.157399388917176,4.965100317339923,6.157399389115672,4.965100317252705,-4.809033174487705,6.139568062387139,1.1022461970679773e-11,1.047803958407357e-7,0.012153340743938097
6,0.029088820866572156,8,9,3,0.25496548967710164,-0.026622423796386414,0.007416645456375062,-0.0007744149168470522,31.640997251127953,-4.8090331744602794,6.13956806217362,-6.157399388696858,-4.965100317315949,-6.1573993889087735,-4.965100317221902,5.123630022526388,-6.173244182793064,0.0,0.0,0.0,0.0,0.0,0.0,0.0,0.0,1.1022461970679773e-11,1.047803958407357e-7,0.012153340743938097
6,0.029088820866572156,8,7,4,0.9996545004228264,0.01574901036771189,-0.029078770691262277,-0.00045812014141215885,7.232229062710997,0.0,0.0,0.0,0.0,0.0,0.0,0.0,0.0,-1.4276922696719305,1.0673742195581644,-1.0619876789363447,-1.46319049069515,-1.061987679052662,-1.4631904907072388,1.4991133897292617,-1.0560157772992365,1.1022461970679773e-11,1.047803958407357e-7,0.012153340743938097
6,0.029088820866572156,8,9,5,0.9996545004232141,0.015749010368138132,0.029078770691273556,0.00045812014142455773,7.232229062708647,1.4991133897262308,-1.0560157773025094,1.061987678939943,1.4631904906877518,1.061987679055621,1.4631904907084259,-1.427692269668751,1.0673742195614455,0.0,0.0,0.0,0.0,0.0,0.0,0.0,0.0,1.1022461970679773e-11,1.047803958407357e-7,0.012153340743938097
6,0.029088820866572156,8,9,6,0.9790098479730366,-0.004995854552293715,0.0284782420942977,-0.00014532351814712093,4.9156894318979045,-0.6306585221217966,1.034533126649296,-1.0401150703779596,-0.6544156256982471,-1.040115070473856,-0.6544156257104025,0.678588722944544,-1.0454351647537619,0.0,0.0,0.0,0.0,0.0,0.0,0.0,0.0,1.1022461970679773e-11,1.047803958407357e-7,0.012153340743938097
6,0.029088820866572156,8,7,7,0.9790098479728329,-0.004995854553940082,-0.028478242094291773,0.0001453235181950118,4.915689431881287,0.0,0.0,0.0,0.0,0.0,0.0,0.0,0.0,0.6785887229350666,-1.045435164754828,1.040115070378884,0.6544156256929113,1.0401150704749378,0.6544156256969488,-0.6306585221124836,1.034533126650237,1.1022461970679773e-11,1.047803958407357e-7,0.012153340743938097
6,0.029088820866572156,8,9,8,11.69665109663249,0.0031101235627419704,0.34024178848873726,9.046982718950636e-5,3.4486323234915366,0.6357511344040833,-0.600319180872584,0.6006957121155938,0.6183905746993399,0.6006957124030469,0.6183905745068855,-0.6012702436001339,0.6008248393741122,0.0,0.0,0.0,0.0,0.0,0.0,0.0,0.0,1.1022461970679773e-11,1.047803958407357e-7,0.012153340743938097
6,0.029088820866572156,8,7,9,11.69665109663654,0.003110123554423118,-0.34024178848885506,-9.046982694752076e-5,3.448632297590036,0.0,0.0,0.0,0.0,0.0,0.0,0.0,0.0,-0.6012702412940442,0.6008248324550142,-0.6006957052106434,-0.6183905723870916,-0.600695705470529,-0.6183905722038268,0.6357511320976256,-0.600319173953293,1.1022461970679773e-11,1.047803958407357e-7,0.012153340743938097
6,0.029088820866572156,8,9,10,11.690169735367732,-0.0032070826947108236,0.3400532533319352,-9.329025401072666e-5,3.3492818326777978,-0.5669663011578316,0.6000298217690749,-0.6003815175311791,-0.583590171468727,-0.6003815178229548,-0.5835901712753512,0.6004541474904144,-0.6004997294990481,0.0,0.0,0.0,0.0,0.0,0.0,0.0,0.0,1.1022461970679773e-11,1.047803958407357e-7,0.012153340743938097
6,0.029088820866572156,8,7,11,11.690169735354651,-0.0032070826845030168,-0.3400532533315547,9.32902537137936e-5,3.349281806350282,0.0,0.0,0.0,0.0,0.0,0.0,0.0,0.0,0.6004541451689147,-0.600499722576959,0.6003815106232732,0.5835901691415218,0.6003815108873719,0.583590168956418,-0.5669662988359699,0.6000298148467444,1.1022461970679773e-11,1.047803958407357e-7,0.012153340743938097
6,0.029088820866572156,8,7,12,3.8680420541173834,0.0030961404404736756,-0.11251678241658837,-9.006307465068857e-5,3.2356733792649757,0.0,0.0,0.0,0.0,0.0,0.0,0.0,0.0,-0.5792620330229569,0.5481731451963197,-0.5476152158713454,-0.5953159192195598,-0.5476152160081037,-0.5953159192351923,0.6115888038824288,-0.5468191165162571,1.1022461970679773e-11,1.047803958407357e-7,0.012153340743938097
6,0.029088820866572156,8,9,13,3.8680420541187948,0.003096140441050145,0.11251678241662942,9.006307466745738e-5,3.2356733773987867,0.6115888036149941,-0.5468191161178971,0.5476152154648745,0.5953159189442246,0.5476152156178867,0.5953159189754548,-0.5792620327554797,0.5481731447978851,0.0,0.0,0.0,0.0,0.0,0.0,0.0,0.0,1.1022461970679773e-11,1.047803958407357e-7,0.012153340743938097
6,0.029088820866572156,8,7,14,3.8620026260850997,-0.002857923789266713,-0.11234110257642071,8.313363315629452e-5,2.9767816594926972,0.0,0.0,0.0,0.0,0.0,0.0,0.0,0.0,0.5194443611973358,-0.5475712662142026,0.5470718443830184,0.5044639157502785,0.5470718445210639,0.504463915773243,-0.4897022586963466,0.5463705933664746,1.1022461970679773e-11,1.047803958407357e-7,0.012153340743938097
6,0.029088820866572156,8,9,15,3.8620026260853466,-0.002857923789035925,0.11234110257642789,-8.313363314958118e-5,2.976781657552513,-0.48970225842047177,0.5463705929611424,-0.547071843969739,-0.5044639154665043,-0.5470718441236901,-0.5044639155050207,0.5194443609213735,-0.5475712658087708,0.0,0.0,0.0,0.0,0.0,0.0,0.0,0.0,1.1022461970679773e-11,1.047803958407357e-7,0.012153340743938097
6,0.029088820866572156,8,9,16,4.386971098297616,0.04039981986883104,0.12761181642520866,0.0011751831232062087,0.07001168747523517,0.012545739252536017,-0.012558387874357495,0.012555752599505993,0.012193224441233082,0.012555752599732552,0.012193224440723493,-0.011845730954803294,0.01254823903083936,0.0,0.0,0.0,0.0,0.0,0.0,0.0,0.0,1.1022461970679773e-11,1.047803958407357e-7,0.012153340743938097
6,0.029088820866572156,8,7,17,4.386971098298733,0.0403998198690694,-0.12761181642524114,-0.0011751831232131424,0.07001168747336055,0.0,0.0,0.0,0.0,0.0,0.0,0.0,0.0,-0.011845730954473787,0.012548239030511218,-0.012555752599172272,-0.012193224440861083,-0.01255575259941868,-0.012193224440416943,0.012545739252186952,-0.012558387874038313,1.1022461970679773e-11,1.047803958407357e-7,0.012153340743938097
6,0.029088820866572156,8,9,18,4.335742078570669,0.0009746246082324717,0.1261216246472014,2.8350680641027434e-5,0.046061814774615246,-0.0026622305851493762,0.011036643915873882,-0.011154514054099065,-0.0028581869076608557,-0.011154514054533278,-0.002858186907582241,0.003058604806880734,-0.011271240025682285,0.0,0.0,0.0,0.0,0.0,0.0,0.0,0.0,1.1022461970679773e-11,1.047803958407357e-7,0.012153340743938097
6,0.029088820866572156,8,7,19,4.335742078568995,0.0009746246071364664,-0.1261216246471527,-2.8350680609145934e-5,0.04606181477004591,0.0,0.0,0.0,0.0,0.0,0.0,0.0,0.0,0.003058604807974492,-0.01127124002422256,0.01115451405265145,0.002858186908740126,0.011154514053064578,0.0028581869086784137,-0.0026622305862317587,0.011036643914417516,1.1022461970679773e-11,1.047803958407357e-7,0.012153340743938097
6,0.029088820866572156,8,7,20,4.650638228127137,0.005509031532817184,-0.1352815823332228,-0.00016025123140641647,0.028659933125828586,0.0,0.0,0.0,0.0,0.0,0.0,0.0,0.0,-0.005019839767347019,0.004970074017647923,-0.004968344860858696,-0.005162112188417779,-0.004968344865727159,-0.005162112179509855,0.005306371525330121,-0.004964550466720925,1.1022461970679773e-11,1.047803958407357e-7,0.012153340743938097
6,0.029088820866572156,8,9,21,4.650638228130363,0.00550903153266042,0.13528158233331666,0.00016025123140185642,0.028659933078257052,0.005306371539712697,-0.004964550434641431,0.00496834482732723,0.00516211220304152,0.004968344835088061,0.005162112193624107,-0.005019839781715555,0.004970073985562488,0.0,0.0,0.0,0.0,0.0,0.0,0.0,0.0,1.1022461970679773e-11,1.047803958407357e-7,0.012153340743938097
6,0.029088820866572156,8,9,22,4.2992520909788485,-0.028318022267698823,0.1250601739347195,-0.0008237378770406925,0.027447400438831274,-0.006595583286267489,0.0015052218790633587,-0.0014318969384839013,-0.006710435950511335,-0.0014318969386113523,-0.006710435950547761,0.006825860836709746,-0.0013558877092082057,0.0,0.0,0.0,0.0,0.0,0.0,0.0,0.0,1.1022461970679773e-11,1.047803958407357e-7,0.012153340743938097
6,0.029088820866572156,8,7,23,4.299252090980815,-0.028318022265852064,-0.1250601739347767,0.0008237378769869725,0.02744740043565313,0.0,0.0,0.0,0.0,0.0,0.0,0.0,0.0,0.00682586083590368,-0.001355887709137205,0.0014318969384587016,0.006710435949733193,0.0014318969384952145,0.006710435949731278,-0.006595583285478706,0.001505221878992939,1.1022461970679773e-11,1.047803958407357e-7,0.012153340743938097
6,0.029088820866572156,8,7,24,4.6486401119597405,0.003511727962569919,-0.1352234594899588,-0.00010215202563532877,0.026460317825862258,0.0,0.0,0.0,0.0,0.0,0.0,0.0,0.0,0.004519966917161961,-0.004957815832376993,0.0049507396269510215,0.004386921293073291,0.004950739631885443,0.004386921284572517,-0.004255855605155486,0.0049419082619974585,1.1022461970679773e-11,1.047803958407357e-7,0.012153340743938097
6,0.029088820866572156,8,9,25,4.648640111955707,0.0035117279642483887,0.1352234594898415,0.00010215202568415349,0.02646031777012919,-0.004255855619650459,0.004941908230547594,-0.004950739594077453,-0.0043869213078714785,-0.004950739601848629,-0.004386921298740466,0.004519966931645479,-0.004957815800922363,0.0,0.0,0.0,0.0,0.0,0.0,0.0,0.0,1.1022461970679773e-11,1.047803958407357e-7,0.012153340743938097
6,0.029088820866572156,8,7,26,12.219441313780829,0.03987549328884919,-0.35544913946616163,-0.0011599310812455343,0.023183150995790876,0.0,0.0,0.0,0.0,0.0,0.0,0.0,0.0,-0.0038740862678246246,0.004200313417241534,-0.004204134851949661,-0.003989116119691215,-0.0042041348522344505,-0.003989116119718265,0.004105827306330073,-0.004206360304227654,1.1022461970679773e-11,1.047803958407357e-7,0.012153340743938097
6,0.029088820866572156,8,9,27,12.219441313757963,0.03987549326926933,0.3554491394654965,0.0011599310806759792,0.023183150992254153,0.004105827306707715,-0.004206360302607522,0.004204134850414429,0.003989116120132775,0.004204134850555506,0.003989116120095109,-0.0038740862682647686,0.004200313415648161,0.0,0.0,0.0,0.0,0.0,0.0,0.0,0.0,1.1022461970679773e-11,1.047803958407357e-7,0.012153340743938097
6,0.029088820866572156,8,9,28,12.166915463106642,-0.0008600288234634698,0.35392122440503593,-2.501722438581768e-5,0.017467002791424473,-0.0011738009551031747,0.004142114249170763,-0.004183846334705617,-0.0012498140194516024,-0.00418384633459169,-0.0012498140193783237,0.0013275005222145892,-0.004225078159832464,0.0,0.0,0.0,0.0,0.0,0.0,0.0,0.0,1.1022461970679773e-11,1.047803958407357e-7,0.012153340743938097
6,0.029088820866572156,8,7,29,12.166915463099015,-0.0008600288249653448,-0.35392122440481405,2.5017224429505455e-5,0.017467002768245574,0.0,0.0,0.0,0.0,0.0,0.0,0.0,0.0,0.001327500515185501,-0.004225078155801117,0.004183846330606442,0.0012498140122163951,0.004183846330792057,0.0012498140125705517,-0.0011738009480884123,0.004142114245298446,1.1022461970679773e-11,1.047803958407357e-7,0.012153340743938097
6,0.029088820866572156,8,7,30,4.326781333833592,0.01107889916790425,-0.1258609671487135,-0.000322272113293982,0.010988458645529723,0.0,0.0,0.0,0.0,0.0,0.0,0.0,0.0,-0.0027000905214319072,0.00021206883267628983,-0.00017633668928849317,-0.0027413117009434354,-0.00017633668942076638,-0.0027413117005547147,0.0027826031954370383,-0.00013950800728747173,1.1022461970679773e-11,1.047803958407357e-7,0.012153340743938097
6,0.029088820866572156,8,9,31,4.326781333834537,0.011078899168588355,0.12586096714874098,0.00032227211331388184,0.010988458640657249,0.002782603194205154,-0.0001395080073936186,0.00017633668938837579,0.0027413116996835955,0.00017633668953279536,0.002741311699359627,-0.002700090520208709,0.00021206883278169694,0.0,0.0,0.0,0.0,0.0,0.0,0.0,0.0,1.1022461970679773e-11,1.047803958407357e-7,0.012153340743938097
6,0.029088820866572156,8,7,32,12.479522459091942,0.005884186489708683,-0.36301459331288954,-0.00017116404674463991,0.008921924840079231,0.0,0.0,0.0,0.0,0.0,0.0,0.0,0.0,-0.0015236234306598298,0.0015856865328306882,-0.0015862528481455425,-0.0015679129214511533,-0.0015862528584728117,-0.0015679129161614983,0.0016128367825748008,-0.00158619188178555,1.1022461970679773e-11,1.047803958407357e-7,0.012153340743938097
6,0.029088820866572156,8,9,33,12.479522459091719,0.005884186490913372,0.36301459331288305,0.00017116404677968287,0.008921924750501324,0.0016128367758946542,-0.0015861918568971472,0.001586252822934713,0.0015679129148826858,0.001586252833909474,0.0015679129093669076,-0.0015236234239867717,0.0015856865079423507,0.0,0.0,0.0,0.0,0.0,0.0,0.0,0.0,1.1022461970679773e-11,1.047803958407357e-7,0.012153340743938097
6,0.029088820866572156,8,7,34,12.476444328512319,0.00297816973510321,-0.36292505412385495,-8.663144593466393e-5,0.00865799137717849,0.0,0.0,0.0,0.0,0.0,0.0,0.0,0.0,0.0015179698280923363,-0.001585790143982307,0.0015845339413354189,0.0014743929927133006,0.0015845339524564286,0.0014743929876212163,-0.0014314498477830527,0.0015826878659180698,1.1022461970679773e-11,1.047803958407357e-7,0.012153340743938097
6,0.029088820866572156,8,9,35,12.47644432850297,0.0029781697412639,0.362925054123583,8.663144611387114e-5,0.008657991294649392,-0.00143144984251915,0.0015826878426436312,-0.0015845339177647827,-0.0014743929875892295,-0.0015845339294661837,-0.0014743929822021676,0.0015179698228221415,-0.0015857901206936436,0.0,0.0,0.0,0.0,0.0,0.0,0.0,0.0,1.1022461970679773e-11,1.047803958407357e-7,0.012153340743938097
6,0.029088820866572156,8,7,36,12.127644732264628,-0.026590918653311382,-0.35277888515027317,0.000773498469383767,0.00818038289392314,0.0,0.0,0.0,0.0,0.0,0.0,0.0,0.0,0.0020740916213962696,-1.0277853993739166e-5,3.905419041289721e-5,0.0020446205371783765,3.905419014196604e-5,0.0020446205370910544,-0.0020151649109758835,6.701267525632392e-5,1.1022461970679773e-11,1.047803958407357e-7,0.012153340743938097
6,0.029088820866572156,8,9,37,12.12764473226308,-0.026590918634550174,0.3527788851502282,-0.0007734984688380254,0.008180382890632772,-0.002015164910152119,6.701267481483083e-5,-3.90541898117585e-5,-0.0020446205363214443,-3.9054189838622316e-5,-0.0020446205363194767,0.00207409162059166,-1.0277853529836378e-5,0.0,0.0,0.0,0.0,0.0,0.0,0.0,0.0,1.1022461970679773e-11,1.047803958407357e-7,0.012153340743938097
6,0.029088820866572156,8,9,38,12.154428748914947,0.011864611906361816,0.3535580006127016,0.000345127570395558,0.002943301128821127,0.0007462492744925709,5.167592584243814e-6,5.311368760038378e-6,0.0007357693277197028,5.311368608216735e-6,0.0007357693276908904,-0.0007252914466084435,1.5496021809338964e-5,0.0,0.0,0.0,0.0,0.0,0.0,0.0,0.0,1.1022461970679773e-11,1.047803958407357e-7,0.012153340743938097
6,0.029088820866572156,8,7,39,12.154428748904678,0.011864611902899391,-0.3535580006124029,-0.0003451275702948402,0.00294330110061436,0.0,0.0,0.0,0.0,0.0,0.0,0.0,0.0,-0.0007252914395423307,1.5496022156124444e-5,-5.311369028905772e-6,-0.0007357693205494362,-5.311369038691943e-6,-0.0007357693207515705,0.0007462492674493183,5.167592234794124e-6,1.1022461970679773e-11,1.047803958407357e-7,0.012153340743938097
6,0.029088820866572156,8,9,40,8.033015099952701,0.032221502529992646,0.23367093726099333,0.0009372855151467575,0.0006753303391299028,0.00013319411556394814,-0.00010760346643598826,0.0001079392405383134,0.0001298102932545157,0.00010793924054003917,0.0001298102932429035,-0.00012646963624316315,0.0001082230818919582,0.0,0.0,0.0,0.0,0.0,0.0,0.0,0.0,1.1022461970679773e-11,1.047803958407357e-7,0.012153340743938097
6,0.029088820866572156,8,7,41,8.033015099952543,0.03222150253008901,-0.23367093726098875,-0.0009372855151495608,0.0006753303390107024,0.0,0.0,0.0,0.0,0.0,0.0,0.0,0.0,-0.00012646963622415426,0.00010822308186803455,-0.00010793924051424547,-0.00012981029323471137,-0.00010793924051642645,-0.00012981029322483472,0.00013319411554509793,-0.00010760346641222367,1.1022461970679773e-11,1.047803958407357e-7,0.012153340743938097
6,0.029088820866572156,8,9,42,7.975644474417054,-0.025022379531289038,0.2320020934117837,-0.0007278715158410485,0.0005370287519753658,-8.110922780291499e-5,0.00010460350796585687,-0.00010491914726557943,-8.375656971607052e-5,-0.00010491914727021838,-8.375656971946745e-5,8.644587258930283e-5,-0.00010520127554990785,0.0,0.0,0.0,0.0,0.0,0.0,0.0,0.0,1.1022461970679773e-11,1.047803958407357e-7,0.012153340743938097
6,0.029088820866572156,8,7,43,7.9756444744166926,-0.025022379531834525,-0.2320020934117732,0.0007278715158569162,0.0005370287519712923,0.0,0.0,0.0,0.0,0.0,0.0,0.0,0.0,8.64458725843528e-5,-0.00010520127555210067,0.00010491914726815427,8.375656971124375e-5,0.00010491914727210411,8.375656971545132e-5,-8.110922779900528e-5,0.00010460350796813636,1.1022461970679773e-11,1.047803958407357e-7,0.012153340743938097
6,0.029088820866572156,8,9,44,8.068272600743295,0.025596086323818594,0.23469653638569396,0.0007445599699588765,0.0005342316871386161,-8.046882124079465e-5,0.00010422732817425585,-0.00010454683445919815,-8.310171180753744e-5,-0.00010454683445797585,-8.31017118107453e-5,8.577641446154368e-5,-0.00010483309169564529,0.0,0.0,0.0,0.0,0.0,0.0,0.0,0.0,1.1022461970679773e-11,1.047803958407357e-7,0.012153340743938097
6,0.029088820866572156,8,7,45,8.068272600746567,0.02559608632350295,-0.23469653638578913,-0.0007445599699496948,0.0005342316864979516,0.0,0.0,0.0,0.0,0.0,0.0,0.0,0.0,8.577641440647818e-5,-0.00010483309153504985,0.00010454683429820052,8.310171174785628e-5,0.000104546834297426,8.310171176010375e-5,-8.046882118560876e-5,0.00010422732801328537,1.1022461970679773e-11,1.047803958407357e-7,0.012153340743938097
6,0.029088820866572156,8,9,46,8.053713370920606,0.024912496228340165,0.23427302555742652,0.0007246751401253415,0.0004469820641896887,4.249435658193281e-5,-0.00010506286285480493,0.00010416982051872444,4.042846057206815e-5,0.00010416982052228363,4.0428460574892345e-5,-3.84042292574031e-5,0.00010326059846897462,0.0,0.0,0.0,0.0,0.0,0.0,0.0,0.0,1.1022461970679773e-11,1.047803958407357e-7,0.012153340743938097
6,0.029088820866572156,8,7,47,8.053713370920399,0.02491249622837558,-0.23427302555742047,-0.0007246751401263717,0.0004469820636751439,0.0,0.0,0.0,0.0,0.0,0.0,0.0,0.0,-3.840422922079669e-5,0.00010326059834609986,-0.00010416982039464538,-4.042846053079875e-5,-0.00010416982039974648,-4.042846054052314e-5,4.2494356542903535e-5,-0.00010506286273107044,1.1022461970679773e-11,1.047803958407357e-7,0.012153340743938097
6,0.029088820866572156,8,9,48,11.601108755911985,0.003006613427797386,0.3374625744543455,8.745883941622864e-5,0.00029210518987890564,4.4062000346616425e-5,-5.952988950064957e-5,5.930254551580718e-5,4.260886122273475e-5,5.930254549119108e-5,4.260886122791643e-5,-4.117943971252589e-5,5.905815321770342e-5,0.0,0.0,0.0,0.0,0.0,0.0,0.0,0.0,1.1022461970679773e-11,1.047803958407357e-7,0.012153340743938097
6,0.029088820866572156,8,7,49,11.601108755911213,0.0030066134284213453,-0.33746257445432304,-8.745883943437888e-5,0.0002921051886907657,0.0,0.0,0.0,0.0,0.0,0.0,0.0,0.0,-4.117943940994761e-5,5.9058153071181255e-5,-5.930254537641754e-5,-4.260886091118423e-5,-5.9302545340694303e-5,-4.260886092485753e-5,4.406200003455459e-5,-5.952988935734197e-5,1.1022461970679773e-11,1.047803958407357e-7,0.012153340743938097
6,0.029088820866572156,8,9,50,11.595652966867691,-0.0027981550683246204,0.33730387198415024,-8.139503153938585e-5,0.00028132938772984956,-4.090309032863625e-5,5.5992453534906816e-5,-5.6197460937951664e-5,-4.228462907796524e-5,-5.6197460969988286e-5,-4.228462904225431e-5,4.368864339209442e-5,-5.638555002695274e-5,0.0,0.0,0.0,0.0,0.0,0.0,0.0,0.0,1.1022461970679773e-11,1.047803958407357e-7,0.012153340743938097
6,0.029088820866572156,8,7,51,11.595652966867375,-0.0027981550694601565,-0.337303871984141,8.139503157241726e-5,0.0002813293862389473,0.0,0.0,0.0,0.0,0.0,0.0,0.0,0.0,4.368864307379916e-5,-5.638554979875422e-5,5.6197460708375743e-5,4.228462875772739e-5,5.619746074084274e-5,4.228462873229278e-5,-4.090309001676591e-5,5.599245330438159e-5,1.1022461970679773e-11,1.047803958407357e-7,0.012153340743938097
6,0.029088820866572156,8,7,52,8.001037465577685,-0.013844611354248547,-0.23274074558292177,0.00040272341965104694,0.0002569727362014689,0.0,0.0,0.0,0.0,0.0,0.0,0.0,0.0,-6.311263978608852e-5,5.33766673458281e-6,-4.50783730623953e-6,-6.408161572181987e-5,-4.507837310087143e-6,-6.408161572811538e-5,6.505238967215338e-5,-3.6523748759028977e-6,1.1022461970679773e-11,1.047803958407357e-7,0.012153340743938097
6,0.029088820866572156,8,9,53,8.001037465579875,-0.013844611353782933,0.23274074558298546,-0.00040272341963750277,0.00025697273580311023,6.505238957685355e-5,-3.6523748076150405e-6,4.507837237460756e-6,6.408161562555788e-5,4.507837241993348e-6,6.408161563431566e-5,-6.311263969135063e-5,5.337666665972592e-6,0.0,0.0,0.0,0.0,0.0,0.0,0.0,0.0,1.1022461970679773e-11,1.047803958407357e-7,0.012153340743938097
6,0.029088820866572156,8,7,54,7.979177443212706,-0.02187193471787993,-0.23210486330820762,0.0006362287910137698,0.00010608112718803004,0.0,0.0,0.0,0.0,0.0,0.0,0.0,0.0,2.6176308515276045e-5,-6.182978734557056e-6,6.460560242601349e-6,2.571995705846351e-5,6.4605602432266e-6,2.5719957063948006e-5,-2.5266187773521343e-5,6.727853252049577e-6,1.1022461970679773e-11,1.047803958407357e-7,0.012153340743938097
6,0.029088820866572156,8,9,55,7.97917744321243,-0.021871934717442414,0.2321048633081996,-0.0006362287910010428,0.00010608112688073558,-2.526618771237769e-5,6.7278531849979065e-6,-6.460560175065937e-6,-2.571995699562083e-5,-6.460560176574873e-6,-2.5719957002075793e-5,2.6176308451696125e-5,-6.182978667430029e-6,0.0,0.0,0.0,0.0,0.0,0.0,0.0,0.0,1.1022461970679773e-11,1.047803958407357e-7,0.012153340743938097
6,0.029088820866572156,8,7,56,8.694814132995587,0.016883823125442947,-0.2529218907828485,-0.0004911305064388983,4.0974343439686234e-5,0.0,0.0,0.0,0.0,0.0,0.0,0.0,0.0,-8.303340060720929e-6,5.7488536701105395e-6,-5.71103707077195e-6,-8.503212107076623e-6,-5.7110370710678824e-6,-8.50321210259718e-6,8.70536788344608e-6,-5.669818730119319e-6,1.1022461970679773e-11,1.047803958407357e-7,0.012153340743938097
6,0.029088820866572156,8,9,57,8.694814132995969,0.01688382312536544,0.25292189078285965,0.0004911305064366437,4.097434342678774e-5,8.705367881806273e-6,-5.669818726584673e-6,5.7110370673843886e-6,8.50321210573217e-6,5.711037067233093e-6,8.503212101024498e-6,-8.303340059442011e-6,5.748853666429427e-6,0.0,0.0,0.0,0.0,0.0,0.0,0.0,0.0,1.1022461970679773e-11,1.047803958407357e-7,0.012153340743938097
6,0.029088820866572156,8,9,58,8.737573936324456,0.011687068436715423,0.25416572304217183,0.00033996304021098443,3.06700922693142e-5,-5.304789266271578e-6,5.3856271547643615e-6,-5.385686525623078e-6,-5.457051664664319e-6,-5.385686520558686e-6,-5.457051669047775e-6,5.611467905409665e-6,-5.383562639916837e-6,0.0,0.0,0.0,0.0,0.0,0.0,0.0,0.0,1.1022461970679773e-11,1.047803958407357e-7,0.012153340743938097
6,0.029088820866572156,8,7,59,8.73757393633135,0.011687068435075422,-0.2541657230423724,-0.0003399630401632787,3.0670092132581095e-5,0.0,0.0,0.0,0.0,0.0,0.0,0.0,0.0,5.611467888217785e-6,-5.383562608500874e-6,5.385686494412051e-6,5.457051647211667e-6,5.385686489177748e-6,5.457051652213734e-6,-5.3047892491845285e-6,5.385627123579714e-6,1.1022461970679773e-11,1.047803958407357e-7,0.012153340743938097
6,0.029088820866572156,8,7,60,8.672079214008553,-0.005949587262073983,-0.25226055879701864,0.00017306647809650958,2.5245786898777604e-5,0.0,0.0,0.0,0.0,0.0,0.0,0.0,0.0,3.1681555296964e-6,-5.561989553438775e-6,5.527520294631841e-6,3.0457998294516327e-6,5.527520294882464e-6,3.0457998323710935e-6,-2.925654896483593e-6,5.491832274004394e-6,1.1022461970679773e-11,1.047803958407357e-7,0.012153340743938097
6,0.029088820866572156,8,9,61,8.672079214009916,-0.005949587261731806,0.2522605587970583,-0.00017306647808655603,2.5245786898600242e-5,-2.9256548943202914e-6,5.491832275149112e-6,-5.527520295547951e-6,-3.0457998275076383e-6,-5.5275202962322284e-6,-3.0457998300203205e-6,3.1681555275645696e-6,-5.561989554558273e-6,0.0,0.0,0.0,0.0,0.0,0.0,0.0,0.0,1.1022461970679773e-11,1.047803958407357e-7,0.012153340743938097
6,0.029088820866572156,8,9,62,8.73395023386413,0.012457802512482137,0.25406031381042965,0.0003623827856767254,2.305039478838354e-5,2.624364910455426e-6,-5.222012744578156e-6,5.184768023759293e-6,2.5144391635662414e-6,5.184768018477325e-6,2.514439162161379e-6,-2.4065871212510497e-6,5.146517107208635e-6,0.0,0.0,0.0,0.0,0.0,0.0,0.0,0.0,1.1022461970679773e-11,1.047803958407357e-7,0.012153340743938097
6,0.029088820866572156,8,7,63,8.733950233862606,0.012457802512974507,-0.25406031381038535,-0.0003623827856910479,2.305039458949486e-5,0.0,0.0,0.0,0.0,0.0,0.0,0.0,0.0,-2.4065871053930767e-6,5.146517059650249e-6,-5.1847679757151045e-6,-2.514439147242132e-6,-5.184767971400494e-6,-2.514439146715435e-6,2.6243648945617202e-6,-5.22201269700953e-6,1.1022461970679773e-11,1.047803958407357e-7,0.012153340743938097
6,0.029088820866572156,8,7,64,5.140093287799627,0.004856514575708223,-0.14951925288627327,-0.00014127028252867318,2.2456179587996275e-5,0.0,0.0,0.0,0.0,0.0,0.0,0.0,0.0,5.604780752920756e-6,1.002392739011627e-6,-9.100643497220542e-7,5.53950647427794e-6,-9.100643494371676e-7,5.539506468061764e-6,-5.473867720532016e-6,-8.199516899190345e-7,1.1022461970679773e-11,1.047803958407357e-7,0.012153340743938097
6,0.029088820866572156,8,9,65,5.140093287801654,0.004856514576306557,0.14951925288633222,0.000141270282546078,2.2456179582770397e-5,-5.473867719472708e-6,-8.199516884436537e-7,9.100643479314249e-7,-5.539506473765866e-6,9.100643481210326e-7,-5.539506466436718e-6,5.604780751844317e-6,1.0023927373781934e-6,0.0,0.0,0.0,0.0,0.0,0.0,0.0,0.0,1.1022461970679773e-11,1.047803958407357e-7,0.012153340743938097
6,0.029088820866572156,8,9,66,8.716573341423738,0.001006930813030521,0.2535548404990134,2.9290430045276685e-5,8.46656801527529e-6,2.1397472961595654e-6,-1.7236813735143563e-7,1.9976802644318355e-7,2.107087609232862e-6,1.9976802896689779e-7,2.107087608247268e-6,-2.0745076599595474e-6,2.2632506707691148e-7,0.0,0.0,0.0,0.0,0.0,0.0,0.0,0.0,1.1022461970679773e-11,1.047803958407357e-7,0.012153340743938097
6,0.029088820866572156,8,7,67,8.716573341417854,0.0010069308113908673,-0.25355484049884225,-2.9290429997581093e-5,8.466568014372425e-6,0.0,0.0,0.0,0.0,0.0,0.0,0.0,0.0,-2.074507659461414e-6,2.2632506988316033e-7,-1.9976802908845877e-7,-2.107087608692916e-6,-1.9976803198477136e-7,-2.107087607797323e-6,2.1397472956674837e-6,-1.7236814020877465e-7,1.1022461970679773e-11,1.047803958407357e-7,0.012153340743938097
6,0.029088820866572156,8,7,68,5.142356471609658,0.007116008480996652,-0.1495850862347114,-0.00020699629598871984,6.291870145476521e-6,0.0,0.0,0.0,0.0,0.0,0.0,0.0,0.0,4.368140626168452e-7,-1.488013529683893e-6,1.502788230639524e-6,4.643350489655842e-7,1.5027882299148252e-6,4.643350504142573e-7,-4.924571149107406e-7,1.5173770766704293e-6,1.1022461970679773e-11,1.047803958407357e-7,0.012153340743938097
6,0.029088820866572156,8,9,69,5.142356471609159,0.007116008481321039,0.14958508623469688,0.00020699629599815587,6.291870126936998e-6,-4.924571109458952e-7,1.5173770729919687e-6,-1.5027882270409039e-6,-4.643350446457642e-7,-1.502788226240476e-6,-4.6433504687476345e-7,4.3681405872168325e-7,-1.4880135260876352e-6,0.0,0.0,0.0,0.0,0.0,0.0,0.0,0.0,1.1022461970679773e-11,1.047803958407357e-7,0.012153340743938097
6,0.029088820866572156,8,7,70,8.707880191446336,-0.0032951811813945187,-0.2533019670165545,9.585293510848476e-5,2.5008374655872968e-6,0.0,0.0,0.0,0.0,0.0,0.0,0.0,0.0,6.168816787259194e-7,-1.4668463925428644e-7,1.5321246675469696e-7,6.061135301468198e-7,1.5321246689493748e-7,6.061135310285631e-7,-5.954066189396538e-7,1.5949783674709643e-7,1.1022461970679773e-11,1.047803958407357e-7,0.012153340743938097
6,0.029088820866572156,8,9,71,8.707880191445206,-0.0032951811801856315,0.25330196701652163,-9.585293507331965e-5,2.5008374559697548e-6,-5.954066175831436e-7,1.594978323051548e-7,-1.5321246232064609e-7,-6.061135286825303e-7,-1.5321246239425298e-7,-6.061135297902741e-7,6.168816773810635e-7,-1.4668463476004776e-7,0.0,0.0,0.0,0.0,0.0,0.0,0.0,0.0,1.1022461970679773e-11,1.047803958407357e-7,0.012153340743938097
6,0.029088820866572156,8,7,72,12.058843089548343,0.011180449103938193,-0.3507775264899733,-0.0003252260811922853,9.456827765604115e-7,0.0,0.0,0.0,0.0,0.0,0.0,0.0,0.0,-2.3131071170840283e-7,2.8740240803886388e-8,-2.582864676056534e-8,-2.349936964367873e-7,-2.58286471007138e-8,-2.3499369657953248e-7,2.3868699396808415e-7,-2.282305351827753e-8,1.1022461970679773e-11,1.047803958407357e-7,0.012153340743938097
6,0.029088820866572156,8,9,73,12.058843089548626,0.011180449104192115,0.3507775264899815,0.00032522608119967157,9.456827585680461e-7,2.386869895049979e-7,-2.2823052833207962e-8,2.582864615484703e-8,2.3499369190850262e-7,2.582864629383303e-8,2.349936922124105e-7,-2.313107072765342e-7,2.8740240075630038e-8,0.0,0.0,0.0,0.0,0.0,0.0,0.0,0.0,1.1022461970679773e-11,1.047803958407357e-7,0.012153340743938097
6,0.029088820866572156,8,9,74,12.031536606602167,-0.027857034718915954,0.34998321309905583,-0.0008103282928124274,4.620137794490207e-7,-1.1064735663803542e-7,2.692372409843598e-8,-2.5717270802751006e-8,-1.1259810821132374e-7,-2.5717270690335523e-8,-1.1259810806295003e-7,1.1455913753399611e-7,-2.4465776095838076e-8,0.0,0.0,0.0,0.0,0.0,0.0,0.0,0.0,1.1022461970679773e-11,1.047803958407357e-7,0.012153340743938097
6,0.029088820866572156,8,7,75,12.031536606603906,-0.027857034717578284,-0.34998321309910646,0.0008103282927735162,4.6201377164564627e-7,0.0,0.0,0.0,0.0,0.0,0.0,0.0,0.0,1.1455913598870637e-7,-2.4465774059117033e-8,2.5717268664179406e-8,1.1259810670936913e-7,2.5717268714468285e-8,1.1259810650207226e-7,-1.1064735512148377e-7,2.6923722021086625e-8,1.1022461970679773e-11,1.047803958407357e-7,0.012153340743938097
6,0.029088820866572156,8,7,76,12.118459935360523,0.040136193693213904,-0.35251171023843386,-0.0011675145486079424,3.239202785843647e-7,0.0,0.0,0.0,0.0,0.0,0.0,0.0,0.0,-1.6193992047989757e-8,7.817941382443258e-8,-7.905257783855132e-8,-1.754440017640725e-8,-7.905257796105281e-8,-1.754440018465954e-8,1.8926427937193567e-8,-7.991871789231448e-8,1.1022461970679773e-11,1.047803958407357e-7,0.012153340743938097
6,0.029088820866572156,8,9,77,12.118459935359484,0.040136193694820424,0.3525117102384036,0.0011675145486546741,3.2392026596934383e-7,1.8926427003519542e-8,-7.991871486685772e-8,7.90525747688284e-8,1.7544399313455454e-8,7.905257498022552e-8,1.754439919718115e-8,-1.6193991132187525e-8,7.817941079921831e-8,0.0,0.0,0.0,0.0,0.0,0.0,0.0,0.0,1.1022461970679773e-11,1.047803958407357e-7,0.012153340743938097
6,0.029088820866572156,8,9,78,12.068338443263048,0.0013224074153225795,0.35105373513324506,3.8467272416945206e-5,2.693380795832528e-7,-1.874155252667375e-8,6.368531222484718e-8,-6.431698729487844e-8,-1.9920075999767923e-8,-6.431698716637046e-8,-1.9920076179903525e-8,2.112432485422885e-8,-6.494068905941424e-8,0.0,0.0,0.0,0.0,0.0,0.0,0.0,0.0,1.1022461970679773e-11,1.047803958407357e-7,0.012153340743938097
6,0.029088820866572156,8,7,79,12.068338443261371,0.0013224074138645445,-0.3510537351331963,-3.846727237453268e-5,2.69338066466251e-7,0.0,0.0,0.0,0.0,0.0,0.0,0.0,0.0,2.1124324008299485e-8,-6.494068586608046e-8,6.431698415666684e-8,1.9920075230072297e-8,6.431698394033982e-8,1.9920075329807465e-8,-1.8741551752743628e-8,6.368530905431052e-8,1.1022461970679773e-11,1.047803958407357e-7,0.012153340743938097
7,0.01679443855772424,9,10,0,0.5726748738748686,0.06628174957119577,0.00961775298284396,0.0011131647706719124,73.16392909448217,13.23813557635522,-12.995170685161757,12.996014229695726,12.869739632051862,12.996014230130713,12.869739631825151,-12.506541063426933,12.991708839337667,0.0,0.0,0.0,0.0,0.0,0.0,0.0,0.0,3.329825257928552e-11,8.694088467055925e-6,0.014359199108432455
7,0.01679443855772424,9,8,1,0.5726748738743197,0.06628174956903814,-0.009617752982834741,-0.0011131647706356762,73.16392909438622,0.0,0.0,0.0,0.0,0.0,0.0,0.0,0.0,-12.506541063422794,12.991708839307902,-12.996014229665764,-12.869739632047814,-12.996014230101114,-12.869739631821156,13.238135576351329,-12.995170685131953,3.329825257928552e-11,8.694088467055925e-6,0.014359199108432455
7,0.01679443855772424,9,8,2,2.1388109566236384,0.013610683904368266,-0.0359201291976031,-0.0002285837945605191,5.236540689105004,0.0,0.0,0.0,0.0,0.0,0.0,0.0,0.0,-1.1326207316561294,0.6189079762171038,-0.6114127165054039,-1.1575137340211579,-0.6114127165391287,-1.1575137340108557,1.1826512088516867,-0.6034544024393849,3.329825257928552e-11,8.694088467055925e-6,0.014359199108432455
7,0.01679443855772424,9,10,3,2.1388109566238436,0.013610683904555783,0.035920129197606544,0.00022858379456366836,5.236540689035176,1.182651208842356,-0.603454402419572,0.6114127164847705,1.157513734011817,0.6114127165203318,1.1575137340015345,-1.1326207316468033,0.6189079761974803,0.0,0.0,0.0,0.0,0.0,0.0,0.0,0.0,3.329825257928552e-11,8.694088467055925e-6,0.014359199108432455
7,0.01679443855772424,9,8,4,6.75177680280609,0.009877809236190749,-0.11339230067019468,-0.00016589226030212654,3.461056712522508,0.0,0.0,0.0,0.0,0.0,0.0,0.0,0.0,-0.6685072208448013,0.5299338514518972,-0.5278378632099132,-0.6855614026150348,-0.5278378632262535,-0.6855614025988052,0.7028266646611908,-0.5254676082073518,3.329825257928552e-11,8.694088467055925e-6,0.014359199108432455
7,0.01679443855772424,9,10,5,6.751776802804878,0.009877809234453812,0.11339230067017433,0.00016589226027295564,3.4610567119154796,0.7028266644991538,-0.5254676081688788,0.5278378631646262,0.6855614024585014,0.5278378631944591,0.6855614024316323,-0.6685072206831449,0.5299338514132321,0.0,0.0,0.0,0.0,0.0,0.0,0.0,0.0,3.329825257928552e-11,8.694088467055925e-6,0.014359199108432455
7,0.01679443855772424,9,8,6,6.711286801884119,-0.002183613044445018,-0.11271229383750846,3.6672555108777024e-5,2.485633761287641,0.0,0.0,0.0,0.0,0.0,0.0,0.0,0.0,0.44295652800585783,-0.4483025401470602,0.4481402175198683,0.43044185320318945,0.44814021753088995,0.43044185318844563,-0.4181064000304729,0.4478056823182768,3.329825257928552e-11,8.694088467055925e-6,0.014359199108432455
7,0.01679443855772424,9,10,7,6.711286801874667,-0.002183613037770385,0.11271229383734972,-3.667255499668031e-5,2.4856337607612575,-0.418106399881737,0.4478056822786534,-0.4481402174741086,-0.4304418530594937,-0.4481402174974893,-0.4304418530346222,0.44295652785709033,-0.44830254010746456,0.0,0.0,0.0,0.0,0.0,0.0,0.0,0.0,3.329825257928552e-11,8.694088467055925e-6,0.014359199108432455
7,0.01679443855772424,9,10,8,2.2817980266196667,0.12105951360021076,0.03832151675920041,0.0020331265629867216,2.057294123584627,0.11009325501333178,-0.509871689858072,0.5041972452712828,0.1014267488114783,0.5041972452778296,0.10142674879989325,-0.09296191337393458,0.49848218965738567,0.0,0.0,0.0,0.0,0.0,0.0,0.0,0.0,3.329825257928552e-11,8.694088467055925e-6,0.014359199108432455
7,0.01679443855772424,9,8,9,2.2817980266197027,0.12105951359994203,-0.038321516759201014,-0.0020331265629822087,2.057294123584253,0.0,0.0,0.0,0.0,0.0,0.0,0.0,0.0,-0.092961913372134,0.4984821896576614,-0.5041972452715312,-0.10142674880972621,-0.5041972452781411,-0.10142674879791617,0.11009325501140137,-0.5098716898583574,3.329825257928552e-11,8.694088467055925e-6,0.014359199108432455
7,0.01679443855772424,9,8,10,2.0944113398880795,-0.0017264678359838886,-0.03517446256235125,2.8995057993318548e-5,1.9561379584285923,0.0,0.0,0.0,0.0,0.0,0.0,0.0,0.0,0.3374997788531469,-0.36343409707860724,0.36300130285160476,0.3276596955077908,0.36300130286269894,0.32765969549762286,-0.3179647864548667,0.36243741572266,3.329825257928552e-11,8.694088467055925e-6,0.014359199108432455
7,0.01679443855772424,9,10,11,2.0944113398881576,-0.0017264678358975064,0.035174462562352564,-2.8995057991867807e-5,1.956137958360979,-0.3179647864497231,0.36243741570455396,-0.36300130283283666,-0.3276596955026727,-0.36300130284522625,-0.32765969549243196,0.33749977884798815,-0.36343409706047025,0.0,0.0,0.0,0.0,0.0,0.0,0.0,0.0,3.329825257928552e-11,8.694088467055925e-6,0.014359199108432455
7,0.01679443855772424,9,8,12,6.894272723240867,0.1241505272680245,-0.11578543965066292,-0.0020850384021119054,0.4895241097094342,0.0,0.0,0.0,0.0,0.0,0.0,0.0,0.0,0.007794478537399268,0.12040456234726868,-0.12221888571484454,0.006177578329760267,-0.12221888571604868,0.0061775783324823814,-0.004511790078318201,-0.124035670337352,3.329825257928552e-11,8.694088467055925e-6,0.014359199108432455
7,0.01679443855772424,9,10,13,6.894272723244974,0.12415052725832672,0.11578543965073189,0.0020850384019490366,0.48952410970310334,-0.004511790072354874,-0.12403567033596093,0.12221888571388016,-0.006177578324398244,0.12221888571442403,-0.006177578326364425,0.007794478531878483,0.12040456234606411,0.0,0.0,0.0,0.0,0.0,0.0,0.0,0.0,3.329825257928552e-11,8.694088467055925e-6,0.014359199108432455
7,0.01679443855772424,9,8,14,4.723359484838834,0.0657167245059836,-0.07932617065416982,-0.0011036754919306324,0.0058955073868047075,0.0,0.0,0.0,0.0,0.0,0.0,0.0,0.0,-0.0010587256610049415,0.0009953016062455467,-0.000994188512483933,-0.0010879728757859388,-0.000994188512523191,-0.0010879728757687771,0.001117617678901032,-0.000992640150093714,3.329825257928552e-11,8.694088467055925e-6,0.014359199108432455
7,0.01679443855772424,9,10,15,4.723359484838928,0.06571672450545875,0.0793261706541714,0.0011036754919218179,0.005895507386784125,0.0011176176788601562,-0.000992640150131251,0.0009941885125239003,0.0010879728757441486,0.0009941885125582459,0.0010879728757280803,-0.0010587256609633263,0.0009953016062830063,0.0,0.0,0.0,0.0,0.0,0.0,0.0,0.0,3.329825257928552e-11,8.694088467055925e-6,0.014359199108432455
7,0.01679443855772424,9,8,16,4.802836716041184,0.059936550483118016,-0.08066094613033573,-0.0010066007144506625,0.002763578849034518,0.0,0.0,0.0,0.0,0.0,0.0,0.0,0.0,0.00041002811976486653,-0.0005682042142782011,0.0005658873133320475,0.00039630711475391285,0.0005658873134154645,0.0003963071146895708,-0.00038281243288975866,0.0005634118443584013,3.329825257928552e-11,8.694088467055925e-6,0.014359199108432455
7,0.01679443855772424,9,10,17,4.802836716041286,0.05993655048651875,0.08066094613033745,0.001006600714507776,0.0027635788484837833,-0.0003828124328168317,0.0005634118442412009,-0.0005658873132104426,-0.0003963071146786852,-0.0005658873133022482,-0.0003963071146200372,0.0004100281196930886,-0.0005682042141605283,0.0,0.0,0.0,0.0,0.0,0.0,0.0,0.0,3.329825257928552e-11,8.694088467055925e-6,0.014359199108432455
7,0.01679443855772424,9,10,18,9.342946220187446,0.06416686272264727,0.15690953624306,0.0010776464334374255,0.0025373811317262775,0.0005005435109979249,-0.000404167881684063,0.0004054326331813647,0.00048782997817099945,0.00040543263319236096,0.00048782997813455226,-0.00047527857932769507,0.0004065022202717108,0.0,0.0,0.0,0.0,0.0,0.0,0.0,0.0,3.329825257928552e-11,8.694088467055925e-6,0.014359199108432455
7,0.01679443855772424,9,8,19,9.342946220180867,0.06416686272760648,-0.1569095362429495,-0.0010776464335207126,0.0025373811316644563,0.0,0.0,0.0,0.0,0.0,0.0,0.0,0.0,-0.00047527857921583674,0.0004065022203848141,-0.0004054326332870604,-0.00048782997805638936,-0.00040543263331055884,-0.0004878299780229652,0.0005005435108834712,-0.00040416788179481147,3.329825257928552e-11,8.694088467055925e-6,0.014359199108432455
7,0.01679443855772424,9,8,20,9.41718973799148,0.060390003938496396,-0.15815641444112916,-0.0010142162106458025,0.0023913754323563233,0.0,0.0,0.0,0.0,0.0,0.0,0.0,0.0,0.0003860470257231634,-0.0004675478143814275,0.00046631980193609704,0.0003740686933975958,0.0004663198018524401,0.0003740686932642806,-0.000362276858924493,0.00046494212462981014,3.329825257928552e-11,8.694088467055925e-6,0.014359199108432455
7,0.01679443855772424,9,10,21,9.417189737985268,0.06039000393871014,0.15815641444102482,0.0010142162106493923,0.0023913754306938194,-0.0003622768595914937,0.0004649421235608763,-0.00046631980081984705,-0.0003740686940649118,-0.00046631980083213604,-0.000374068693931502,0.00038604702639116403,-0.0004675478133140825,0.0,0.0,0.0,0.0,0.0,0.0,0.0,0.0,3.329825257928552e-11,8.694088467055925e-6,0.014359199108432455
7,0.01679443855772424,9,8,22,9.346853651102139,0.06809870225234103,-0.15697515935147535,-0.0011436794708376988,0.0021936198693618455,0.0,0.0,0.0,0.0,0.0,0.0,0.0,0.0,-0.0003664417675401285,0.0003975583398199099,-0.0003979234696682316,-0.000377325923390492,-0.00039792346964544667,-0.0003773259233988074,0.00038836921844519,-0.00039813763729631903,3.329825257928552e-11,8.694088467055925e-6,0.014359199108432455
7,0.01679443855772424,9,10,23,9.346853651099494,0.06809870225217048,0.15697515935143094,0.0011436794708348343,0.00219361986935454,0.00038836921844709305,-0.00039813763728835643,0.00039792346966250735,0.0003773259233919324,0.0003979234696379429,0.00037732592340606035,-0.00036644176754681523,0.00039755833981467526,0.0,0.0,0.0,0.0,0.0,0.0,0.0,0.0,3.329825257928552e-11,8.694088467055925e-6,0.014359199108432455
7,0.01679443855772424,9,8,24,4.8096218047334585,0.06742152014685765,-0.08077489788548683,-0.0011323065775747678,0.0013117057901870892,0.0,0.0,0.0,0.0,0.0,0.0,0.0,0.0,-0.000158738629490176,0.00028165340180189154,-0.00028335898586654573,-0.00016502329818888345,-0.00028335898595563023,-0.00016502329820726797,0.00017142129729295105,-0.00028499853803491725,3.329825257928552e-11,8.694088467055925e-6,0.014359199108432455
7,0.01679443855772424,9,10,25,4.809621804734138,0.06742152014908699,0.08077489788549826,0.0011323065776122083,0.001311705789832948,0.00017142129724021914,-0.00028499853796399953,0.00028335898579093526,0.0001650232981325517,0.0002833589858878647,0.00016502329815790628,-0.00015873862943726748,0.0002816534017294314,0.0,0.0,0.0,0.0,0.0,0.0,0.0,0.0,3.329825257928552e-11,8.694088467055925e-6,0.014359199108432455
7,0.01679443855772424,9,8,26,9.423396296370914,0.06644699463889968,-0.15826065010448748,-0.0011159399688084326,0.0011916334187438678,0.0,0.0,0.0,0.0,0.0,0.0,0.0,0.0,-0.00015723373791835313,0.0002480795699119256,-0.0002493320074631669,-0.00016301553587275835,-0.00024933200742454124,-0.00016301553573848469,0.00016889705344802448,-0.0002505192188179032,3.329825257928552e-11,8.694088467055925e-6,0.014359199108432455
7,0.01679443855772424,9,10,27,9.423396296374978,0.06644699464390948,0.15826065010455573,0.0011159399688925693,0.0011916334159662893,0.00016889705408832428,-0.000250519217572983,0.00024933200616761303,0.00016301553650321127,0.0002493320062318859,0.00016301553637523882,-0.00015723373854591442,0.0002480795686686861,0.0,0.0,0.0,0.0,0.0,0.0,0.0,0.0,3.329825257928552e-11,8.694088467055925e-6,0.014359199108432455
7,0.01679443855772424,9,10,28,10.954653640591395,0.0016117617684002772,0.18397725748806235,2.706863398908742e-5,0.00017886339834238054,-2.8774687989399896e-5,3.340018708384399e-5,-3.345971335145312e-5,-2.9660662179152013e-5,-3.3459713351363676e-5,-2.9660662177942742e-5,3.0560017879662654e-5,-3.350737267779039e-5,0.0,0.0,0.0,0.0,0.0,0.0,0.0,0.0,3.329825257928552e-11,8.694088467055925e-6,0.014359199108432455
7,0.01679443855772424,9,8,29,10.954653640595382,0.0016117617709560175,-0.1839772574881293,-2.7068634032009646e-5,0.00017886339832417245,0.0,0.0,0.0,0.0,0.0,0.0,0.0,0.0,3.0560017876572976e-5,-3.350737267441572e-5,3.345971334793341e-5,2.9660662175898838e-5,3.3459713348093255e-5,2.966066217513118e-5,-2.8774687986425133e-5,3.3400187080429495e-5,3.329825257928552e-11,8.694088467055925e-6,0.014359199108432455
7,0.01679443855772424,9,8,30,10.992322829978415,0.012817099786706254,-0.18460989037474193,-0.00021525599485605864,0.00012676704609819605,0.0,0.0,0.0,0.0,0.0,0.0,0.0,0.0,-2.692065619695868e-5,1.58600404220792e-5,-1.569814418061963e-5,-2.7528814061061865e-5,-1.5698144182097293e-5,-2.7528814061219145e-5,2.8143248980439383e-5,-1.5525235159609258e-5,3.329825257928552e-11,8.694088467055925e-6,0.014359199108432455
7,0.01679443855772424,9,10,31,10.992322829981347,0.012817099789176313,0.18460989037479117,0.0002152559948975419,0.00012676704599204943,2.8143248956451288e-5,-1.5525235147759125e-5,1.569814416882768e-5,2.7528814037325867e-5,1.5698144169981693e-5,2.7528814037492268e-5,-2.6920656173484343e-5,1.5860040410022476e-5,0.0,0.0,0.0,0.0,0.0,0.0,0.0,0.0,3.329825257928552e-11,8.694088467055925e-6,0.014359199108432455
7,0.01679443855772424,9,10,32,10.996780972307295,0.016474801995505932,0.1846847623721659,0.00027668504986419707,0.00012562274972038732,2.5519288170416038e-5,-1.905977021244178e-5,1.9146111535665e-5,2.489266973544609e-5,1.9146111535535195e-5,2.4892669732884776e-5,-2.4273707750822012e-5,1.9222494259554596e-5,0.0,0.0,0.0,0.0,0.0,0.0,0.0,0.0,3.329825257928552e-11,8.694088467055925e-6,0.014359199108432455
7,0.01679443855772424,9,8,33,10.996780972305299,0.01647480199322377,-0.18468476237213236,-0.0002766850498258695,0.00012562274966518023,0.0,0.0,0.0,0.0,0.0,0.0,0.0,0.0,-2.427370773686453e-5,1.92224942555024e-5,-1.9146111531580235e-5,-2.48926697207881e-5,-1.914611153179632e-5,-2.4892669718740597e-5,2.5519288155564406e-5,-1.9059770208681344e-5,3.329825257928552e-11,8.694088467055925e-6,0.014359199108432455
7,0.01679443855772424,9,8,34,9.428142331171216,0.06730472623231104,-0.15834035709433397,-0.0011303450893529986,5.487981417596592e-5,0.0,0.0,0.0,0.0,0.0,0.0,0.0,0.0,-5.496386403037948e-6,-1.2359588924543878e-5,1.261319476267794e-5,-5.396816055445855e-6,1.2613194771947656e-5,-5.396816054844393e-6,5.2921999979298175e-6,1.2868958327571846e-5,3.329825257928552e-11,8.694088467055925e-6,0.014359199108432455
7,0.01679443855772424,9,10,35,9.428142331164247,0.06730472623636134,0.15834035709421693,0.0011303450894210212,5.487981411495152e-5,5.292199945983197e-6,1.286895833066554e-5,-1.2613194764427834e-5,5.396816006258422e-6,-1.2613194778154798e-5,5.396816007937291e-6,-5.49638635880594e-6,-1.2359588929293917e-5,0.0,0.0,0.0,0.0,0.0,0.0,0.0,0.0,3.329825257928552e-11,8.694088467055925e-6,0.014359199108432455
7,0.01679443855772424,9,10,36,6.339080645214089,0.002132450199098787,0.10646130040850696,3.58133038461714e-5,3.0176613323985353e-5,-4.909274126778215e-6,5.587544226398404e-6,-5.596132068537827e-6,-5.0588403040286156e-6,-5.5961320681342805e-6,-5.058840301897429e-6,5.210644527186985e-6,-5.602695926527348e-6,0.0,0.0,0.0,0.0,0.0,0.0,0.0,0.0,3.329825257928552e-11,8.694088467055925e-6,0.014359199108432455
7,0.01679443855772424,9,8,37,6.339080645214132,0.002132450199251651,-0.10646130040850767,-3.581330384873867e-5,3.0176613285223553e-5,0.0,0.0,0.0,0.0,0.0,0.0,0.0,0.0,5.210644520635572e-6,-5.602695919331727e-6,5.596132060992116e-6,5.058840297478904e-6,5.596132061189902e-6,5.058840295574681e-6,-4.909274120458164e-6,5.587544219106e-6,3.329825257928552e-11,8.694088467055925e-6,0.014359199108432455
7,0.01679443855772424,9,10,38,6.380480011635687,0.015922009341265586,0.10715657952420318,0.0002674012075973963,2.6682658151820335e-5,4.906578535483632e-6,-4.657802392734285e-6,4.660359405666087e-6,4.772249658748756e-6,4.660359405364505e-6,4.772249660547729e-6,-4.639784545709111e-6,4.661007145703017e-6,0.0,0.0,0.0,0.0,0.0,0.0,0.0,0.0,3.329825257928552e-11,8.694088467055925e-6,0.014359199108432455
7,0.01679443855772424,9,8,39,6.380480011635425,0.01592200934106045,-0.1071565795241988,-0.00026740120759395115,2.668265809780177e-5,0.0,0.0,0.0,0.0,0.0,0.0,0.0,0.0,-4.639784532828842e-6,4.66100713950873e-6,-4.660359399308383e-6,-4.772249645929524e-6,-4.660359399357398e-6,-4.77224964768875e-6,4.906578522689633e-6,-4.657802386557656e-6,3.329825257928552e-11,8.694088467055925e-6,0.014359199108432455
7,0.01679443855772424,9,8,40,11.137059055681659,0.11884404361736275,-0.18704065402439196,-0.0019959189884832984,2.565347240418548e-5,0.0,0.0,0.0,0.0,0.0,0.0,0.0,0.0,-4.3517410676485843e-7,6.308006066567172e-6,-6.3909588587288294e-6,-5.318111146685898e-7,-6.3909588587992534e-6,-5.318111142813083e-7,6.310044630839077e-7,-6.473698415249901e-6,3.329825257928552e-11,8.694088467055925e-6,0.014359199108432455
7,0.01679443855772424,9,10,41,11.137059055682682,0.11884404361753528,0.18704065402440914,0.001995918988486196,2.5653472401266088e-5,6.310044591985203e-7,-6.473698414872825e-6,6.390958858504393e-6,5.31811110749557e-7,6.39095885820141e-6,5.318111104825828e-7,-4.351741029328581e-7,6.3080060661221415e-6,0.0,0.0,0.0,0.0,0.0,0.0,0.0,0.0,3.329825257928552e-11,8.694088467055925e-6,0.014359199108432455
7,0.01679443855772424,9,10,42,10.951784295581756,0.0007228520717796338,0.18392906844959706,1.2139894705826733e-5,1.0678569989087765e-5,-2.61102695534981e-6,3.318061550400076e-7,-2.990446448860464e-7,-2.65270632078178e-6,-2.9904464505751256e-7,-2.6527063209653068e-6,2.6945050920322453e-6,-2.6522202849657295e-7,0.0,0.0,0.0,0.0,0.0,0.0,0.0,0.0,3.329825257928552e-11,8.694088467055925e-6,0.014359199108432455
7,0.01679443855772424,9,8,43,10.951784295582954,0.0007228520717032921,-0.18392906844961715,-1.2139894704544617e-5,1.0678569983351026e-5,0.0,0.0,0.0,0.0,0.0,0.0,0.0,0.0,2.6945050905609847e-6,-2.6522202861017425e-7,2.9904464504280023e-7,2.6527063193437897e-6,2.9904464515289694e-7,2.6527063194884574e-6,-2.611026953905455e-6,3.318061551779969e-7,3.329825257928552e-11,8.694088467055925e-6,0.014359199108432455
7,0.01679443855772424,9,8,44,11.128237096955683,0.1222368274325374,-0.1868924941806098,-0.00205289888780689,8.869493656702399e-6,0.0,0.0,0.0,0.0,0.0,0.0,0.0,0.0,1.1286145207846052e-6,1.872268483193054e-6,-1.9149314468959216e-6,1.1177168011024236e-6,-1.9149314468723207e-6,1.1177168013686844e-6,-1.10605301972106e-6,-1.9580413440834046e-6,3.329825257928552e-11,8.694088467055925e-6,0.014359199108432455
7,0.01679443855772424,9,10,45,11.12823709695623,0.12223682743251052,0.18689249418061898,0.0020528988878064387,8.869493655401485e-6,-1.1060530205313077e-6,-1.958041343256774e-6,1.9149314461023656e-6,-1.1177168019463753e-6,1.9149314459851613e-6,-1.1177168021137077e-6,1.1286145215630653e-6,1.8722684823394816e-6,0.0,0.0,0.0,0.0,0.0,0.0,0.0,0.0,3.329825257928552e-11,8.694088467055925e-6,0.014359199108432455
7,0.01679443855772424,9,8,46,9.342329434305604,0.06386648266382003,-0.15689917767046413,-0.0010726017189954858,5.5660845346338356e-6,0.0,0.0,0.0,0.0,0.0,0.0,0.0,0.0,-2.3075755936930893e-7,-1.3922743173915673e-6,1.369369743621404e-6,-2.46908859459326e-7,1.3693697397988819e-6,-2.469088655047067e-7,2.62512398070113e-7,1.34656382007707e-6,3.329825257928552e-11,8.694088467055925e-6,0.014359199108432455
7,0.01679443855772424,9,10,47,9.342329434309123,0.06386648266669205,0.15689917767052322,0.0010726017190437198,5.566083649267072e-6,2.6251233097482695e-7,1.3465636072292566e-6,-1.3693695321171226e-6,2.46908794666519e-7,-1.3693695256151046e-6,2.469087962913405e-7,-2.3075749237418738e-7,-1.3922741045800535e-6,0.0,0.0,0.0,0.0,0.0,0.0,0.0,0.0,3.329825257928552e-11,8.694088467055925e-6,0.014359199108432455
7,0.01679443855772424,9,10,48,11.178240113188105,0.11238071648818601,0.1877322667644261,0.0018873710381338675,4.150012926477228e-6,-3.927095834980305e-7,9.444950859227741e-7,-9.522170950585916e-7,-4.118105674915922e-7,-9.522170945015105e-7,-4.1181056616262585e-7,4.3129240404165473e-7,-9.597743032324023e-7,0.0,0.0,0.0,0.0,0.0,0.0,0.0,0.0,3.329825257928552e-11,8.694088467055925e-6,0.014359199108432455
7,0.01679443855772424,9,8,49,11.178240113187282,0.11238071648821492,-0.18773226676441226,-0.001887371038134353,4.1500129259748895e-6,0.0,0.0,0.0,0.0,0.0,0.0,0.0,0.0,4.3129240511871e-7,-9.597743026358613e-7,9.522170944379841e-7,4.118105685698109e-7,9.522170939185172e-7,4.118105672338579e-7,-3.927095845708678e-7,9.444950853162262e-7,3.329825257928552e-11,8.694088467055925e-6,0.014359199108432455
7,0.01679443855772424,9,8,50,6.516439659987955,0.11953598781726604,-0.10943994548478515,-0.002007539802833948,3.5875719406117946e-6,0.0,0.0,0.0,0.0,0.0,0.0,0.0,0.0,4.237994662634843e-7,-7.760806056347154e-7,7.809752775281441e-7,4.4092427885544707e-7,7.809752765899681e-7,4.4092427919233976e-7,-4.5836144661590565e-7,7.856935163037825e-7,3.329825257928552e-11,8.694088467055925e-6,0.014359199108432455
7,0.01679443855772424,9,10,51,6.5164396599880865,0.11953598781760408,0.10943994548478736,0.002007539802839625,3.587571920970658e-6,-4.583614456492496e-7,7.856935112016609e-7,-7.809752723763147e-7,-4.409242780498095e-7,-7.809752714707294e-7,-4.409242782136585e-7,4.237994654466639e-7,-7.760806004684382e-7,0.0,0.0,0.0,0.0,0.0,0.0,0.0,0.0,3.329825257928552e-11,8.694088467055925e-6,0.014359199108432455
7,0.01679443855772424,9,10,52,11.155100964036832,0.10580681839964462,0.187343657745727,0.0017769661106011182,1.4991319777348972e-6,1.3034789916545129e-8,-3.79877865408364e-7,3.74688132295746e-7,7.55336284069966e-9,3.7468813249184443e-7,7.553362957066303e-9,-2.2218105225738573e-9,3.694953480592387e-7,0.0,0.0,0.0,0.0,0.0,0.0,0.0,0.0,3.329825257928552e-11,8.694088467055925e-6,0.014359199108432455
7,0.01679443855772424,9,8,53,11.155100964036098,0.10580681839951797,-0.18734365774571468,-0.0017769661105989912,1.4991319775136654e-6,0.0,0.0,0.0,0.0,0.0,0.0,0.0,0.0,-2.2218100210460728e-9,3.694953480116352e-7,-3.746881322579053e-7,-7.553362338423548e-9,-3.74688132439038e-7,-7.5533624706989e-9,1.303478942971498e-8,-3.7987786536497445e-7,3.329825257928552e-11,8.694088467055925e-6,0.014359199108432455
7,0.01679443855772424,9,10,54,10.962966787641154,0.029068047863680228,0.18411687212541084,0.00048818154383956493,3.6549885408450213e-7,-9.196771253141712e-8,1.139849049498668e-8,-1.251973667051686e-8,-9.050834066105548e-8,-1.2519736465374546e-8,-9.050834057384019e-8,8.905396935895933e-8,-1.3604778304759275e-8,0.0,0.0,0.0,0.0,0.0,0.0,0.0,0.0,3.329825257928552e-11,8.694088467055925e-6,0.014359199108432455
7,0.01679443855772424,9,8,55,10.962966787640628,0.029068047863741064,-0.184116872125402,-0.0004881815438405867,3.654988532706364e-7,0.0,0.0,0.0,0.0,0.0,0.0,0.0,0.0,8.905396919623184e-8,-1.3604778101382707e-8,1.2519736463392651e-8,9.050834048894431e-8,1.251973626114804e-8,9.050834039219492e-8,-9.19677123400036e-8,1.1398490287286297e-8,3.329825257928552e-11,8.694088467055925e-6,0.014359199108432455
7,0.01679443855772424,9,10,56,10.92787894404168,0.010518518542177092,0.18352759149195644,0.00017665261337487632,2.291522112666095e-7,5.02471758971672e-8,-2.579349911442143e-8,2.5437460196678184e-8,5.132765820237723e-8,2.5437460114068348e-8,5.132765823285706e-8,-5.2418311415919835e-8,2.5060888099454442e-8,0.0,0.0,0.0,0.0,0.0,0.0,0.0,0.0,3.329825257928552e-11,8.694088467055925e-6,0.014359199108432455
7,0.01679443855772424,9,8,57,10.927878944041648,0.010518518542591226,-0.1835275914919559,-0.00017665261338183148,2.2915220910057926e-7,0.0,0.0,0.0,0.0,0.0,0.0,0.0,0.0,-5.241831101819713e-8,2.5060887665528605e-8,-2.5437459765598408e-8,-5.132765780809313e-8,-2.5437459673955792e-8,-5.132765785018616e-8,5.0247175517893334e-8,-2.579349867730556e-8,3.329825257928552e-11,8.694088467055925e-6,0.014359199108432455
7,0.01679443855772424,9,10,58,9.0517986326056,0.06724036947294663,0.15201987597218702,0.001129264253712079,7.022040227754818e-8,1.1089987105403709e-8,-1.392847563118816e-8,1.3886167853615632e-8,1.0738951851664865e-8,1.3886167866897337e-8,1.0738951857648337e-8,-1.0393470211657653e-8,1.3839563397924046e-8,0.0,0.0,0.0,0.0,0.0,0.0,0.0,0.0,3.329825257928552e-11,8.694088467055925e-6,0.014359199108432455
7,0.01679443855772424,9,8,59,9.051798632605085,0.06724036947050528,-0.1520198759721784,-0.0011292642536710777,7.022040215874686e-8,0.0,0.0,0.0,0.0,0.0,0.0,0.0,0.0,-1.0393470195768816e-8,1.3839563368711533e-8,-1.3886167830564517e-8,-1.0738951837360104e-8,-1.3886167840836438e-8,-1.07389518382806e-8,1.1089987087738605e-8,-1.392847561144091e-8,3.329825257928552e-11,8.694088467055925e-6,0.014359199108432455
7,0.01679443855772424,9,10,60,9.459292005801856,0.058312119619275425,0.15886349839101135,0.0009793193101165873,7.214606874526102e-11,-1.4716324924403198e-11,9.982107288936966e-12,-9.912159321671884e-12,-1.5067599144165137e-11,-9.912158672799781e-12,-1.506759835667459e-11,1.542283621126996e-11,-9.836182880196797e-12,0.0,0.0,0.0,0.0,0.0,0.0,0.0,0.0,3.329825257928552e-11,8.694088467055925e-6,0.014359199108432455
7,0.01679443855772424,9,8,61,9.459292005803555,0.058312119618092476,-0.1588634983910399,-0.0009793193100967204,7.214592874714782e-11,0.0,0.0,0.0,0.0,0.0,0.0,0.0,0.0,1.5422835203766427e-11,-9.836120457730642e-12,9.912097299593178e-12,1.5067597503097402e-11,9.912096505563028e-12,1.506759789354825e-11,-1.4716323844453225e-11,9.982045511519516e-12,3.329825257928552e-11,8.694088467055925e-6,0.014359199108432455
7,0.01679443855772424,9,8,62,9.47454626313511,0.06783251341960364,-0.1591196850785384,-0.0011392089788415383,1.4475158253898289e-11,0.0,0.0,0.0,0.0,0.0,0.0,0.0,0.0,-2.6233838835270248e-12,2.418065488111893e-12,-2.414626831811457e-12,-2.695163836771181e-12,-2.4146259239556427e-12,-2.6951638304989955e-12,2.767909419126085e-12,-2.4101090084143275e-12,3.329825257928552e-11,8.694088467055925e-6,0.014359199108432455
7,0.01679443855772424,9,10,63,9.47454626313435,0.06783251342041317,0.15911968507852564,0.001139208978855134,1.4475157338076002e-11,2.76790966649805e-12,-2.4101082726288257e-12,2.4146256310344995e-12,2.695164038288929e-12,2.414625763270321e-12,2.695164235169493e-12,-2.6233842395208407e-12,2.418064862533813e-12,0.0,0.0,0.0,0.0,0.0,0.0,0.0,0.0,3.329825257928552e-11,8.694088467055925e-6,0.014359199108432455
7,0.01679443855772424,9,10,64,9.467505919634107,0.06563307451808224,0.15900144646218553,0.0011022706373484687,6.8594711287143466e-12,-5.640501770557818e-13,-1.6451973970875536e-12,1.614068765506737e-12,-5.79015424883944e-13,1.6140690661379537e-12,-5.790157210627647e-13,5.933352927020686e-13,1.5831719116448935e-12,0.0,0.0,0.0,0.0,0.0,0.0,0.0,0.0,3.329825257928552e-11,8.694088467055925e-6,0.014359199108432455
7,0.01679443855772424,9,8,65,9.467505919632561,0.06563307451679813,-0.15900144646215958,-0.0011022706373269029,6.8594682643291264e-12,0.0,0.0,0.0,0.0,0.0,0.0,0.0,0.0,5.933355291708468e-13,1.5831710666765058e-12,-1.614067771076088e-12,5.790158142725404e-13,-1.6140683138702482e-12,5.790159593968618e-13,-5.640505709711873e-13,-1.64519649667438e-12,3.329825257928552e-11,8.694088467055925e-6,0.014359199108432455
7,0.01679443855772424,9,8,66,11.134005975827447,0.12181456865995892,-0.18698937926236858,-0.002045807288795361,4.266698864768865e-13,0.0,0.0,0.0,0.0,0.0,0.0,0.0,0.0,1.0474607191782595e-13,-9.371326699932808e-15,8.001328465862973e-15,1.0636160694653758e-13,8.001335196292262e-15,1.0636159960885357e-13,-1.0798032664045629e-13,6.58879166608586e-15,3.329825257928552e-11,8.694088467055925e-6,0.014359199108432455
7,0.01679443855772424,9,10,67,11.13400597582736,0.12181456865978796,0.18698937926236714,0.0020458072887924897,4.266688529161135e-13,-1.0798003979828956e-13,6.589196425728528e-15,-8.001728007404175e-15,-1.0636130824837234e-13,-8.00172321050804e-15,-1.063613208391174e-13,1.0474578149381822e-13,-9.371709638513108e-15,0.0,0.0,0.0,0.0,0.0,0.0,0.0,0.0,3.329825257928552e-11,8.694088467055925e-6,0.014359199108432455
7,0.01679443855772424,9,10,68,10.998791286564918,0.013224490600543495,0.18471852447144727,0.00022209789484802948,3.577075826096327e-13,2.1253114044310884e-14,8.817061427647037e-14,-8.662750317340296e-14,2.2182082990279363e-14,-8.66275227349457e-14,2.2182052164012247e-14,-2.307636818295708e-14,-8.509327767439439e-14,0.0,0.0,0.0,0.0,0.0,0.0,0.0,0.0,3.329825257928552e-11,8.694088467055925e-6,0.014359199108432455
7,0.01679443855772424,9,8,69,10.998791286564433,0.013224490600246233,-0.18471852447143913,-0.0002220978948430371,3.5769832236324555e-13,0.0,0.0,0.0,0.0,0.0,0.0,0.0,0.0,-2.3075254913655927e-14,-8.509122467697455e-14,8.662541026472335e-14,-2.218095270578828e-14,8.66253996446405e-14,-2.2180983254533086e-14,2.1252029244933932e-14,8.816845055134532e-14,3.329825257928552e-11,8.694088467055925e-6,0.014359199108432455
7,0.01679443855772424,9,10,70,4.860503682128451,0.06706458904353724,0.0816294304490987,0.0011263121200907123,1.0833936970701254e-13,-1.3322622281160955e-14,-2.4022164355159168e-14,2.3496706816547343e-14,-1.346919946294318e-14,2.349672701922072e-14,-1.346922227494479e-14,1.3606399731320613e-14,2.297665524861256e-14,0.0,0.0,0.0,0.0,0.0,0.0,0.0,0.0,3.329825257928552e-11,8.694088467055925e-6,0.014359199108432455
7,0.01679443855772424,9,8,71,4.860503682128041,0.06706458904272301,-0.08162943044909181,-0.001126312120077038,1.0833919512240247e-13,0.0,0.0,0.0,0.0,0.0,0.0,0.0,0.0,1.3606376726985683e-14,2.2976616251419523e-14,-2.3496690252906894e-14,1.3469198269939528e-14,-2.3496669466724835e-14,1.3469177181481848e-14,-1.3322598923518186e-14,-2.402212929617374e-14,3.329825257928552e-11,8.694088467055925e-6,0.014359199108432455
7,0.01679443855772424,9,8,72,10.960412706670224,0.0017994133324522044,-0.18407397776947312,-3.022013665181837e-5,2.994164838500733e-14,0.0,0.0,0.0,0.0,0.0,0.0,0.0,0.0,-3.742375048257041e-15,-6.605117529357795e-15,6.459535153604017e-15,-3.781560034767248e-15,6.459534495142428e-15,-3.781561565332314e-15,3.8181624062751164e-15,6.3154642740037084e-15,3.329825257928552e-11,8.694088467055925e-6,0.014359199108432455
7,0.01679443855772424,9,10,73,10.9604127066697,0.0017994133329336387,0.18407397776946433,3.0220136659903787e-5,2.9941629594939804e-14,3.818957087005374e-15,6.314981613638834e-15,-6.4590544923348885e-15,3.7823731140676976e-15,-6.45905367215986e-15,3.782372109235573e-15,-3.743204228989904e-15,-6.604638926003213e-15,0.0,0.0,0.0,0.0,0.0,0.0,0.0,0.0,3.329825257928552e-11,8.694088467055925e-6,0.014359199108432455
7,0.01679443855772424,9,10,74,6.849699941797708,0.13617584252416673,0.1150368648113689,0.00228699682031845,9.575004556826796e-20,-1.4704707998208546e-20,-1.9286488795278607e-20,1.9041550607254393e-20,-1.4662561907920336e-20,1.8748685787295735e-20,-1.4725937687327756e-20,1.4681048771777152e-20,1.850853285588768e-20,0.0,0.0,0.0,0.0,0.0,0.0,0.0,0.0,3.329825257928552e-11,8.694088467055925e-6,0.014359199108432455
7,0.01679443855772424,9,8,75,9.347250751641772,0.06877478120528333,-0.15698182843208947,-0.0011550338372730586,9.22578743716515e-20,0.0,0.0,0.0,0.0,0.0,0.0,0.0,0.0,1.992315873397178e-20,-1.0947647165971624e-20,1.0816900637270869e-20,2.0365435654383203e-20,1.0820587552865944e-20,2.03712365841366e-20,-2.0818081597130823e-20,1.0681569744198584e-20,3.329825257928552e-11,8.694088467055925e-6,0.014359199108432455
7,0.01679443855772424,9,10,76,9.34725075164057,0.06877478120688431,0.15698182843206926,0.0011550338372999464,8.720434817329586e-20,-1.9249829665285753e-20,1.0883859847887376e-20,-1.1000090824103105e-20,-1.882577581738225e-20,-1.0996390561382167e-20,-1.8818751030428684e-20,1.839920093605675e-20,-1.1104993314522665e-20,0.0,0.0,0.0,0.0,0.0,0.0,0.0,0.0,3.329825257928552e-11,8.694088467055925e-6,0.014359199108432455
7,0.01679443855772424,9,10,77,9.429648015936154,0.07290050585699696,0.15836564422460603,0.0012243230664423517,3.48341969329844e-20,8.865238935830249e-21,-9.420689306040516e-23,2.471078037799903e-22,8.721995492042834e-21,2.5690798574196603e-22,8.686416615382963e-21,-8.543195702763541e-21,4.0409556110364176e-22,0.0,0.0,0.0,0.0,0.0,0.0,0.0,0.0,3.329825257928552e-11,8.694088467055925e-6,0.014359199108432455
7,0.01679443855772424,9,8,78,6.849699941791291,0.13617584251803805,-0.11503686481126114,-0.002286996820215522,3.268113631159124e-20,0.0,0.0,0.0,0.0,0.0,0.0,0.0,0.0,-8.052471513763716e-21,-1.4038827787226751e-21,1.53016431866761e-21,-8.159419792414082e-21,1.6498237185894028e-21,-7.868861447176277e-21,7.96976538566928e-21,1.77754605136995e-21,3.329825257928552e-11,8.694088467055925e-6,0.014359199108432455
7,0.01679443855772424,9,8,79,9.429648015929981,0.07290050585826562,-0.15836564422450236,-0.001224323066463658,2.3635755187709074e-20,0.0,0.0,0.0,0.0,0.0,0.0,0.0,0.0,-5.4002818216382834e-21,-2.1857493783486896e-21,2.349931418638498e-21,-5.4391320314933345e-21,2.2911449793314825e-21,-5.428562609354776e-21,5.465397096277104e-21,2.4577609118190536e-21,3.329825257928552e-11,8.694088467055925e-6,0.014359199108432455
8,0.009696273622190719,10,9,0,1.3069716552172959,0.07924871373960503,-0.01267275478543441,-0.0007684172126258754,41.837702647852424,0.0,0.0,0.0,0.0,0.0,0.0,0.0,0.0,-8.66111950478567,5.596720014959437,-5.551620169706011,-8.863868296135937,-5.551620170050157,-8.863868296044014,9.068837026263363,-5.502974333491551,3.3516320426425196e-11,0.0027106001539873702,0.012554249815888456
8,0.009696273622190719,10,11,1,1.3069716552181254,0.07924871374300176,0.012672754785442452,0.0007684172126588111,41.83770264752563,9.068837026159283,-5.5029743335035475,5.551620169718553,8.863868296030171,5.551620170062117,8.863868295941643,-8.6611195046816,5.596720014971897,0.0,0.0,0.0,0.0,0.0,0.0,0.0,0.0,3.3516320426425196e-11,0.0027106001539873702,0.012554249815888456
8,0.009696273622190719,10,11,2,0.3265429443341297,0.17374956580553869,0.0031662497376595145,0.0016847233317873354,23.022246964591325,4.450458095807767,-3.7771366832477287,3.785786096325973,4.3348590155836515,3.7857860964674157,4.334859015521997,-4.2207739028872355,3.7927012631462156,0.0,0.0,0.0,0.0,0.0,0.0,0.0,0.0,3.3516320426425196e-11,0.0027106001539873702,0.012554249815888456
8,0.009696273622190719,10,9,3,0.3265429443340026,0.17374956580519313,-0.003166249737658282,-0.0016847233317839848,23.022246964532858,0.0,0.0,0.0,0.0,0.0,0.0,0.0,0.0,-4.220773902875303,3.792701263137656,-3.785786096317476,-4.334859015571355,-3.785786096458827,-4.3348590155104,4.450458095795811,-3.7771366832391986,3.3516320426425196e-11,0.0027106001539873702,0.012554249815888456
8,0.009696273622190719,10,9,4,0.11141644987161814,-0.04056845210211505,-0.0010803243839683054,0.0003933628120108458,10.558334554075937,0.0,0.0,0.0,0.0,0.0,0.0,0.0,0.0,0.740941101253905,-2.572461061609893,2.5464181963306256,0.6945930971842179,2.546418196370248,0.6945930971257077,-0.6492636047263224,2.5200972901499243,3.3516320426425196e-11,0.0027106001539873702,0.012554249815888456
8,0.009696273622190719,10,11,5,0.1114164498716731,-0.04056845210182715,0.0010803243839688384,-0.00039336281200805424,10.5583345539855,-0.6492636047329707,2.520097290124789,-2.5464181963049226,-0.6945930971913282,-2.5464181963453933,-0.6945930971320985,0.7409411012607671,-2.572461061584467,0.0,0.0,0.0,0.0,0.0,0.0,0.0,0.0,3.3516320426425196e-11,0.0027106001539873702,0.012554249815888456
8,0.009696273622190719,10,11,6,1.2883163542248184,0.059864232931908165,0.01249186788250702,0.0005804599826903422,6.355634880629418,0.7190302544166582,1.3917542471396087,-1.4217475702463327,0.7092336434905679,-1.4217475703136182,0.7092336435557829,-0.6988682768865351,-1.4520244731271132,0.0,0.0,0.0,0.0,0.0,0.0,0.0,0.0,3.3516320426425196e-11,0.0027106001539873702,0.012554249815888456
8,0.009696273622190719,10,9,7,1.288316354223539,0.05986423292836372,-0.012491867882494616,-0.0005804599826559742,6.3556348804030875,0.0,0.0,0.0,0.0,0.0,0.0,0.0,0.0,-0.6988682767782379,-1.4520244731178833,1.4217475702361617,-0.709233643380683,1.4217475703053473,-0.7092336434490688,0.719030254308354,1.3917542471304394,3.3516320426425196e-11,0.0027106001539873702,0.012554249815888456
8,0.009696273622190719,10,9,8,3.885021682688264,0.020853872441820867,-0.03767023326348922,-0.00020220485327815765,3.964642040711674,0.0,0.0,0.0,0.0,0.0,0.0,0.0,0.0,-0.8392138857743296,0.5006284248849024,-0.495669398470204,-0.8582614907678189,-0.49566939850064695,-0.8582614907606037,0.8775072948446362,-0.4903670278498963,3.3516320426425196e-11,0.0027106001539873702,0.012554249815888456
8,0.009696273622190719,10,11,9,3.8850216826886825,0.020853872442031296,0.03767023326349327,0.000202204853280198,3.9646420406422767,0.8775072948416005,-0.4903670278204322,0.49566939843995717,0.8582614907645286,0.49566939847205516,0.858261490757798,-0.8392138857712801,0.5006284248555253,0.0,0.0,0.0,0.0,0.0,0.0,0.0,0.0,3.3516320426425196e-11,0.0027106001539873702,0.012554249815888456
8,0.009696273622190719,10,9,10,11.687689456579667,0.01956415079653201,-0.11332703498219,-0.00018969935930897487,3.27954576527785,0.0,0.0,0.0,0.0,0.0,0.0,0.0,0.0,-0.6190193834593795,0.5198252392009731,-0.5182961816675525,-0.6352288079664665,-0.5182961816984971,-0.6352288079483365,0.6516455001013461,-0.516512991188623,3.3516320426425196e-11,0.0027106001539873702,0.012554249815888456
8,0.009696273622190719,10,11,11,11.687689456585062,0.019564150796068963,0.11332703498224232,0.00018969935930448505,3.2795457637953547,0.6516454998527932,-0.5165129909070784,0.5182961813768607,0.6352288077228416,0.5182961814260224,0.635228807694719,-0.6190193832108054,0.5198252389192539,0.0,0.0,0.0,0.0,0.0,0.0,0.0,0.0,3.3516320426425196e-11,0.0027106001539873702,0.012554249815888456
8,0.009696273622190719,10,9,12,11.634963880827764,-0.011223217854243746,-0.112815793372812,0.00010882339123620356,2.5720951733889277,0.0,0.0,0.0,0.0,0.0,0.0,0.0,0.0,0.44429576256480274,-0.4773879747199109,0.4768330571070671,0.43135657616109896,0.4768330571352974,0.4313565761445048,-0.4186080884473174,0.47610555875252597,3.3516320426425196e-11,0.0027106001539873702,0.012554249815888456
8,0.009696273622190719,10,11,13,11.63496388081171,-0.011223217851189071,0.11281579337265635,-0.0001088233912065846,2.5720951718781353,-0.41860808820224404,0.47610555846487546,-0.4768330568110235,-0.4313565759209308,-0.4768330568561382,-0.43135657589444365,0.44429576231976226,-0.4773879744322601,0.0,0.0,0.0,0.0,0.0,0.0,0.0,0.0,3.3516320426425196e-11,0.0027106001539873702,0.012554249815888456
8,0.009696273622190719,10,9,14,3.833822020905168,-0.009750900580505671,-0.0371737873334767,9.454740009136131e-5,1.8780149072900345,0.0,0.0,0.0,0.0,0.0,0.0,0.0,0.0,0.28101304047729037,-0.38440347828992333,0.3828865103088147,0.27167928022660004,0.3828865103249577,0.2716792802184408,-0.26249865283139145,0.38126084000525573,3.3516320426425196e-11,0.0027106001539873702,0.012554249815888456
8,0.009696273622190719,10,11,15,3.8338220209046927,-0.009750900580548824,0.03717378733347209,-9.454740009177974e-5,1.878014907193668,-0.26249865283155605,0.38126083997558846,-0.3828865102785988,-0.27167928022655896,-0.38288651029584847,-0.27167928021881654,0.28101304047747266,-0.3844034782602654,0.0,0.0,0.0,0.0,0.0,0.0,0.0,0.0,3.3516320426425196e-11,0.0027106001539873702,0.012554249815888456
8,0.009696273622190719,10,9,16,4.326571821191512,0.17102382555932338,-0.04195162422433291,-0.0016582938085370142,0.9306346551635929,0.0,0.0,0.0,0.0,0.0,0.0,0.0,0.0,-0.1396065808364582,0.1820036806943599,-0.18257465537752465,-0.14419132173206167,-0.1825746553825102,-0.14419132172857238,0.14884908094810242,-0.18308793893332911,3.3516320426425196e-11,0.0027106001539873702,0.012554249815888456
8,0.009696273622190719,10,11,17,4.326571821191839,0.17102382555944312,0.04195162422433609,0.0016582938085381754,0.9306346551635072,0.14884908094908317,-0.1830879389325155,0.18257465537676051,0.14419132173304153,0.18257465538169923,0.14419132172951754,-0.13960658083740254,0.1820036806935976,0.0,0.0,0.0,0.0,0.0,0.0,0.0,0.0,3.3516320426425196e-11,0.0027106001539873702,0.012554249815888456
8,0.009696273622190719,10,9,18,4.216724680516608,0.11893023676564014,-0.04088651629173377,-0.0011531801176315735,0.19034195404100068,0.0,0.0,0.0,0.0,0.0,0.0,0.0,0.0,-0.03122595550313571,-0.03679729203693502,0.03584155361014378,-0.03129752968888181,0.03584155360948061,-0.03129752969024743,0.031354764751322615,0.03489833132674492,3.3516320426425196e-11,0.0027106001539873702,0.012554249815888456
8,0.009696273622190719,10,11,19,4.21672468051631,0.11893023676597543,0.04088651629173089,0.0011531801176348244,0.19034195403890117,0.031354764750685146,0.03489833132661096,-0.03584155360998275,0.03129752968821378,-0.03584155360937726,0.03129752968962215,-0.0312259555024795,-0.03679729203680465,0.0,0.0,0.0,0.0,0.0,0.0,0.0,0.0,3.3516320426425196e-11,0.0027106001539873702,0.012554249815888456
8,0.009696273622190719,10,11,20,4.083612920322722,-0.027770465876863,0.039595828242562414,-0.0002692700357577742,0.14320182685440763,-0.010724640835949966,0.0336272187812495,-0.03394886977740348,-0.01135864443027763,-0.033948869777985106,-0.011358644429639877,0.012006226662642675,-0.03426597460064003,0.0,0.0,0.0,0.0,0.0,0.0,0.0,0.0,3.3516320426425196e-11,0.0027106001539873702,0.012554249815888456
8,0.009696273622190719,10,9,21,4.083612920321856,-0.027770465877662902,-0.03959582824255402,0.00026927003576553024,0.14320182685184707,0.0,0.0,0.0,0.0,0.0,0.0,0.0,0.0,0.012006226661535004,-0.03426597460033633,0.033948869777129784,0.011358644429130097,0.03394886977765036,0.011358644428571313,-0.010724640834841693,0.033627218780944323,3.3516320426425196e-11,0.0027106001539873702,0.012554249815888456
8,0.009696273622190719,10,9,22,4.164304953007626,0.13130888918689104,-0.040378240270606006,-0.0012732069185820158,0.08045244850131367,0.0,0.0,0.0,0.0,0.0,0.0,0.0,0.0,-0.008102540988789167,0.018098783854710098,-0.01823847525945288,-0.008476724305525107,-0.01823847525954919,-0.008476724305120776,0.008858202333530074,-0.018374774515628405,3.3516320426425196e-11,0.0027106001539873702,0.012554249815888456
8,0.009696273622190719,10,11,23,4.164304953007388,0.13130888918706368,0.0403782402706037,0.0012732069185836896,0.08045244849981248,0.008858202333666769,-0.01837477451515448,0.018238475258939943,0.008476724305641793,0.018238475259111764,0.008476724305267674,-0.008102540988916412,0.01809878385423361,0.0,0.0,0.0,0.0,0.0,0.0,0.0,0.0,3.3516320426425196e-11,0.0027106001539873702,0.012554249815888456
8,0.009696273622190719,10,11,24,5.001983548670865,0.06770951364780207,0.048500601141609236,0.0006565299711545458,0.0689324883558538,0.010348092403226409,-0.014084957122157979,0.014030091697958698,0.010005365596260139,0.014030091283203731,0.010005365356117695,-0.009668249788520213,0.013971222589060889,0.0,0.0,0.0,0.0,0.0,0.0,0.0,0.0,3.3516320426425196e-11,0.0027106001539873702,0.012554249815888456
8,0.009696273622190719,10,9,25,5.001983548670501,0.06770951364643714,-0.048500601141605704,-0.0006565299711413109,0.0689324879089264,0.0,0.0,0.0,0.0,0.0,0.0,0.0,0.0,-0.009668249606484523,0.013971222581619947,-0.014030091675159066,-0.010005365407988635,-0.01403009129119324,-0.010005365180315154,0.010348092221191,-0.014084957114715963,3.3516320426425196e-11,0.0027106001539873702,0.012554249815888456
8,0.009696273622190719,10,9,26,11.886882378768716,-0.027649468963358462,-0.11525846405933877,0.00026809681657699363,0.053870252343823595,0.0,0.0,0.0,0.0,0.0,0.0,0.0,0.0,0.005345775048246966,-0.012569095315881877,0.01246591048945639,0.005094918811249214,0.012465910489740013,0.0050949188115651895,-0.004849048530961778,0.012360686698595299,3.3516320426425196e-11,0.0027106001539873702,0.012554249815888456
8,0.009696273622190719,10,11,27,11.88688237877147,-0.02764946896352741,0.11525846405936546,-0.0002680968165786318,0.053870252338783675,-0.0048490485387825836,0.012360686694125454,-0.012465910484628077,-0.005094918819225261,-0.01246591048540989,-0.005094918819334625,0.005345775056171832,-0.012569095311191845,0.0,0.0,0.0,0.0,0.0,0.0,0.0,0.0,3.3516320426425196e-11,0.0027106001539873702,0.012554249815888456
8,0.009696273622190719,10,11,28,5.002112375351339,0.06776496534164238,0.04850185028035295,0.0006570676459508352,0.04805155043176117,-0.0035861590840484984,0.01128763619426163,-0.01139580253106496,-0.0037987802363609996,-0.011395802116183044,-0.0037987799961618426,0.0040159591687488165,-0.011502448027833564,0.0,0.0,0.0,0.0,0.0,0.0,0.0,0.0,3.3516320426425196e-11,0.0027106001539873702,0.012554249815888456
8,0.009696273622190719,10,9,29,5.002112375350757,0.06776496533929034,-0.04850185028034731,-0.0006570676459280293,0.048051550169963944,0.0,0.0,0.0,0.0,0.0,0.0,0.0,0.0,0.004015958983847495,-0.011502448020458113,0.01139580250854099,0.0037987800454535245,0.011395802124028832,0.0037987798172703785,-0.0035861588991537396,0.011287636186885053,3.3516320426425196e-11,0.0027106001539873702,0.012554249815888456
8,0.009696273622190719,10,9,30,11.615829004776918,0.024565781174985438,-0.1126302563788963,-0.00023819653601552063,0.003848235276192896,0.0,0.0,0.0,0.0,0.0,0.0,0.0,0.0,-0.0009196396769337522,0.00023220734118081419,-0.00022229919923883796,-0.0009359741997172605,-0.0002222991995895983,-0.0009359741995243545,0.0009523975671039257,-0.00021201665019712404,3.3516320426425196e-11,0.0027106001539873702,0.012554249815888456
8,0.009696273622190719,10,11,31,11.61582900477721,0.02456578117522988,0.11263025637889913,0.0002381965360178908,0.003848235275210933,0.0009523975664702119,-0.0002120166518224146,0.00022229920086947282,0.0009359741990870578,0.00022229920120338877,0.0009359741988796106,-0.000919639676292074,0.00023220734279967228,0.0,0.0,0.0,0.0,0.0,0.0,0.0,0.0,3.3516320426425196e-11,0.0027106001539873702,0.012554249815888456
8,0.009696273622190719,10,11,32,5.36822677200361,0.06764009784227339,0.052051795647316636,0.0006558568965104348,0.0035133298377271814,-0.0007719170324128672,0.0003924590223700709,-0.00038693580675449294,-0.0007884614520476357,-0.0003869358067712796,-0.0007884614519685143,0.0008051605828430369,-0.0003810971756321153,0.0,0.0,0.0,0.0,0.0,0.0,0.0,0.0,3.3516320426425196e-11,0.0027106001539873702,0.012554249815888456
8,0.009696273622190719,10,9,33,5.36822677200328,0.06764009784158594,-0.05205179564731344,-0.0006558568965037691,0.003513329836948514,0.0,0.0,0.0,0.0,0.0,0.0,0.0,0.0,0.0008051605826125941,-0.00038109717566077775,0.0003869358067785129,0.0007884614518124054,0.0003869358068018132,0.0007884614517432827,-0.0007719170321828706,0.00039245902239591623,3.3516320426425196e-11,0.0027106001539873702,0.012554249815888456
8,0.009696273622190719,10,9,34,8.041161773885037,0.1670559574276615,-0.07796930479988981,-0.0016198202734356499,0.0026806534186749227,0.0,0.0,0.0,0.0,0.0,0.0,0.0,0.0,-0.000452303725552188,0.0004816353451045562,-0.0004819576956367408,-0.000465607989370037,-0.0004819576956516186,-0.0004656079893649679,0.00047910499900470556,-0.0004820937644389433,3.3516320426425196e-11,0.0027106001539873702,0.012554249815888456
8,0.009696273622190719,10,11,35,8.041161773885186,0.1670559574278488,0.07796930479989125,0.001619820273437466,0.002680653418614887,0.0004791049989874038,-0.0004820937644348557,0.000481957695632454,0.0004656079893530072,0.0004819576956480669,0.0004656079893469075,-0.0004523037255344035,0.000481635345100787,0.0,0.0,0.0,0.0,0.0,0.0,0.0,0.0,3.3516320426425196e-11,0.0027106001539873702,0.012554249815888456
8,0.009696273622190719,10,9,36,11.568352993089661,-0.004303777173534959,-0.11216991597908633,4.173060108353355e-5,0.00188300040425885,0.0,0.0,0.0,0.0,0.0,0.0,0.0,0.0,0.00037485528328182216,-0.00029567428733521975,0.0002967205151872407,0.00036543185124856447,0.000296720515229377,0.00036543185130405,-0.00035612707823716975,0.0002976205466098198,3.3516320426425196e-11,0.0027106001539873702,0.012554249815888456
8,0.009696273622190719,10,11,37,11.568352993089473,-0.004303777174226163,0.11216991597908452,-4.173060109023565e-5,0.0018830004021884862,-0.0003561270777845604,0.00029762054635037863,-0.0002967205149150425,-0.00036543185078804363,-0.00029672051498256483,-0.000365431850852541,0.00037485528282240607,-0.00029567428707556124,0.0,0.0,0.0,0.0,0.0,0.0,0.0,0.0,3.3516320426425196e-11,0.0027106001539873702,0.012554249815888456
8,0.009696273622190719,10,9,38,8.118115429328666,0.14734317211276116,-0.07871546849929903,-0.0014286797131668732,0.0017463110617611528,0.0,0.0,0.0,0.0,0.0,0.0,0.0,0.0,0.00018294762136056346,-0.00040320986935585767,0.0004000595286367418,0.00017473827028145173,0.0004000595286375908,0.0001747382702603299,-0.00016668892900733147,0.00039683926060833007,3.3516320426425196e-11,0.0027106001539873702,0.012554249815888456
8,0.009696273622190719,10,11,39,8.118115429328531,0.14734317211344422,0.07871546849929772,0.0014286797131734964,0.00174631106174675,-0.00016668892896906494,0.0003968392606209979,-0.0004000595286493774,-0.00017473827024431875,-0.0004000595286502522,-0.00017473827022157002,0.0001829476213229403,-0.00040320986936846163,0.0,0.0,0.0,0.0,0.0,0.0,0.0,0.0,3.3516320426425196e-11,0.0027106001539873702,0.012554249815888456
8,0.009696273622190719,10,11,40,7.839210858362446,-0.03368655212151314,0.07601113346473085,-0.0003266340267583807,0.0016334438936131625,-0.00014091043832588118,0.00037714259776707706,-0.00038045412877691466,-0.00014831273842200716,-0.00038045412878346356,-0.00014831273841013696,0.00015586720828667552,-0.00038370630426398926,0.0,0.0,0.0,0.0,0.0,0.0,0.0,0.0,3.3516320426425196e-11,0.0027106001539873702,0.012554249815888456
8,0.009696273622190719,10,9,41,7.839210858362231,-0.033686552121607614,-0.07601113346472876,0.00032663402675929673,0.0016334438934707375,0.0,0.0,0.0,0.0,0.0,0.0,0.0,0.0,0.00015586720826110838,-0.00038370630423574146,0.00038045412874842193,0.00014831273839634298,0.00038045412875525273,0.0001483127383851905,-0.00014091043830084457,0.00037714259773862153,3.3516320426425196e-11,0.0027106001539873702,0.012554249815888456
8,0.009696273622190719,10,11,42,8.069401595174728,0.14617934725858883,0.07824312583415644,0.0014173949489325122,0.0015419661057838097,8.334678186673063e-5,-0.00038197452935585633,0.00037773559783120314,7.684190305231911e-5,0.0003777355978324905,7.684190304347353e-5,-7.04881123148053e-5,0.0003734658993290097,0.0,0.0,0.0,0.0,0.0,0.0,0.0,0.0,3.3516320426425196e-11,0.0027106001539873702,0.012554249815888456
8,0.009696273622190719,10,9,43,8.069401595174586,0.1461793472581211,-0.07824312583415505,-0.0014173949489279768,0.0015419661055556945,0.0,0.0,0.0,0.0,0.0,0.0,0.0,0.0,-7.0488112343448e-5,0.0003734658992654449,-0.00037773559776657146,-7.684190308126274e-5,-0.0003777355977690997,-7.68419030716566e-5,8.334678189522558e-5,-0.00038197452929139954,3.3516320426425196e-11,0.0027106001539873702,0.012554249815888456
8,0.009696273622190719,10,11,44,8.917274921307014,0.08116464487820789,0.08646433760129202,0.0007869946051870442,0.0013809954183120103,0.00031212123951314863,-0.00015869492993466597,0.00016080327370483492,0.00030549494554865897,0.00016080327371450302,0.0003054949455505655,-0.00029893294845335244,0.00016278940664709581,0.0,0.0,0.0,0.0,0.0,0.0,0.0,0.0,3.3516320426425196e-11,0.0027106001539873702,0.012554249815888456
8,0.009696273622190719,10,9,45,8.917274921306776,0.08116464487905829,-0.08646433760128971,-0.00078699460519529,0.0013809954182717667,0.0,0.0,0.0,0.0,0.0,0.0,0.0,0.0,-0.00029893294845195577,0.00016278940662842347,-0.00016080327368568547,-0.00030549494554676877,-0.00016080327369680366,-0.00030549494554910983,0.0003121212395112064,-0.00015869492991650377,3.3516320426425196e-11,0.0027106001539873702,0.012554249815888456
8,0.009696273622190719,10,11,46,5.377843749725424,0.07714791798237049,0.05214504449472586,0.000748047322139392,0.0010468081438722997,0.00018458513311161675,0.00019071932711491125,-0.0001854486430946184,0.00018463452862024565,-0.00018544864309568625,0.0001846345285688136,-0.00018460972985261302,-0.00018025179804844965,0.0,0.0,0.0,0.0,0.0,0.0,0.0,0.0,3.3516320426425196e-11,0.0027106001539873702,0.012554249815888456
8,0.009696273622190719,10,9,47,5.37784374972457,0.0771479179814795,-0.052145044494717574,-0.0007480473221307528,0.0010468081434846861,0.0,0.0,0.0,0.0,0.0,0.0,0.0,0.0,-0.00018460972970433157,-0.0001802517980588158,0.00018544864310748868,-0.00018463452846871153,0.00018544864310370804,-0.00018463452842462132,0.0001845851329641847,0.00019071932712551168,3.3516320426425196e-11,0.0027106001539873702,0.012554249815888456
8,0.009696273622190719,10,11,48,7.890536032134937,-0.0011266731103853067,0.07650879639333541,-1.0924530761060622e-5,0.0008804602127221538,0.00021145634858328615,-7.156608195137326e-5,7.350273526383331e-5,0.00020746840861141512,7.350273527108626e-5,0.00020746840860928032,-0.00020350985313290177,7.5356395343211e-5,0.0,0.0,0.0,0.0,0.0,0.0,0.0,0.0,3.3516320426425196e-11,0.0027106001539873702,0.012554249815888456
8,0.009696273622190719,10,9,49,7.890536032134844,-0.0011266731105226413,-0.07650879639333451,1.0924530762392256e-5,0.0008804602126807636,0.0,0.0,0.0,0.0,0.0,0.0,0.0,0.0,-0.00020350985312439526,7.535639533609657e-5,-7.350273525619469e-5,-0.00020746840860317548,-7.350273526495737e-5,-0.00020746840860043947,0.00021145634857472069,-7.156608194472416e-5,3.3516320426425196e-11,0.0027106001539873702,0.012554249815888456
8,0.009696273622190719,10,9,50,9.031807561825486,0.07016864471677584,-0.08757487742243114,-0.0006803743788721457,0.0006909041544245121,0.0,0.0,0.0,0.0,0.0,0.0,0.0,0.0,0.00012805637869499567,-0.00011953491388836963,0.00011963033474877004,0.00012457882910478033,0.00011963033478727449,0.00012457882908521785,-0.00012114912166041316,0.00011967591454743942,3.3516320426425196e-11,0.0027106001539873702,0.012554249815888456
8,0.009696273622190719,10,11,51,9.03180756182574,0.07016864472154836,0.0875748774224336,0.0006803743789184215,0.0006909041540251588,-0.0001211491215461228,0.0001196759145222296,-0.00011963033472267647,-0.00012457882898687367,-0.00011963033476273338,-0.00012457882897491614,0.00012805637858108936,-0.0001195349138628899,0.0,0.0,0.0,0.0,0.0,0.0,0.0,0.0,3.3516320426425196e-11,0.0027106001539873702,0.012554249815888456
8,0.009696273622190719,10,9,52,9.036375467603483,0.07728874413091696,-0.08761916908673498,-0.0007494128110088579,0.000358542159682224,0.0,0.0,0.0,0.0,0.0,0.0,0.0,0.0,-4.2585288179427735e-5,7.743509338417738e-5,-7.791916925799285e-5,-4.4298191876602757e-5,-7.791916929611621e-5,-4.4298191882689407e-5,4.604225970204442e-5,-7.838551966031738e-5,3.3516320426425196e-11,0.0027106001539873702,0.012554249815888456
8,0.009696273622190719,10,11,53,9.036375467603422,0.07728874413413166,0.0876191690867344,0.0007494128110400284,0.0003585421594472167,4.604225960600799e-5,-7.838551964759574e-5,7.791916924469062e-5,4.4298191776408056e-5,7.791916928369089e-5,4.429819179039885e-5,-4.2585288082994234e-5,7.743509337113197e-5,0.0,0.0,0.0,0.0,0.0,0.0,0.0,0.0,3.3516320426425196e-11,0.0027106001539873702,0.012554249815888456
8,0.009696273622190719,10,9,54,7.821363831282723,-0.02302692572651974,-0.0758380838068232,0.00022327537252219822,0.00022181248060334035,0.0,0.0,0.0,0.0,0.0,0.0,0.0,0.0,4.732258099617312e-5,-3.038939545804605e-5,3.061956597710498e-5,4.6229679624267014e-5,3.061956597888293e-5,4.6229679623241155e-5,-4.514902237886919e-5,3.083124217727014e-5,3.3516320426425196e-11,0.0027106001539873702,0.012554249815888456
8,0.009696273622190719,10,11,55,7.821363831282785,-0.023026925726217763,0.0758380838068238,-0.00022327537251927017,0.00022181248056475539,-4.5149022376566445e-5,3.0831242163519126e-5,-3.061956596311981e-5,-4.6229679621780904e-5,-3.06195659650706e-5,-4.6229679620996755e-5,4.732258099374491e-5,-3.0389395443996162e-5,0.0,0.0,0.0,0.0,0.0,0.0,0.0,0.0,3.3516320426425196e-11,0.0027106001539873702,0.012554249815888456
8,0.009696273622190719,10,11,56,8.894814261743605,0.05764985800355314,0.08624655290043033,0.0005589887974828928,0.00014235109545330212,2.4324189959647976e-5,2.5286030936883458e-5,-2.5992487174625712e-5,2.4305424055755542e-5,-2.599248717478826e-5,2.4305424056584754e-5,-2.4276259213805323e-5,-2.670866350235299e-5,0.0,0.0,0.0,0.0,0.0,0.0,0.0,0.0,3.3516320426425196e-11,0.0027106001539873702,0.012554249815888456
8,0.009696273622190719,10,9,57,8.89481426174328,0.057649858004472296,-0.08624655290042718,-0.0005589887974918052,0.00014235109543298246,0.0,0.0,0.0,0.0,0.0,0.0,0.0,0.0,-2.4276259211380136e-5,-2.6708663497563385e-5,2.5992487169968352e-5,-2.4305424053665726e-5,2.5992487170016003e-5,-2.4305424053884748e-5,2.4324189957282698e-5,2.5286030932241463e-5,3.3516320426425196e-11,0.0027106001539873702,0.012554249815888456
8,0.009696273622190719,10,9,58,11.942759904486598,0.11686052354325228,-0.11580026783803035,-0.0011331116119078347,4.8123568468105494e-5,0.0,0.0,0.0,0.0,0.0,0.0,0.0,0.0,-7.451737333163671e-6,-9.661838219993632e-6,9.421310373401757e-6,-7.481096517900542e-6,9.42131036242165e-6,-7.481096516938117e-6,7.506686579112859e-6,9.183774200637508e-6,3.3516320426425196e-11,0.0027106001539873702,0.012554249815888456
8,0.009696273622190719,10,11,59,11.942759904486373,0.11686052354374431,0.11580026783802817,0.0011331116119126055,4.812356831247343e-5,7.506686522966381e-6,9.183774195564396e-6,-9.421310368532009e-6,7.48109646145993e-6,-9.421310357056767e-6,7.481096461113403e-6,-7.451737277044099e-6,-9.661838214854003e-6,0.0,0.0,0.0,0.0,0.0,0.0,0.0,0.0,3.3516320426425196e-11,0.0027106001539873702,0.012554249815888456
8,0.009696273622190719,10,9,60,11.816439121331573,-0.02440162108862478,-0.11457542696038982,0.00023660479490032524,1.9947942679792754e-5,0.0,0.0,0.0,0.0,0.0,0.0,0.0,0.0,4.155747453005316e-7,-5.040652602338365e-6,4.9751723839381725e-6,3.3941034317120655e-7,4.975172383658186e-6,3.3941034217589604e-7,-2.6523598177379487e-7,4.90955600310248e-6,3.3516320426425196e-11,0.0027106001539873702,0.012554249815888456
8,0.009696273622190719,10,11,61,11.816439121332417,-0.024401621087610875,0.11457542696039799,-0.00023660479489049413,1.994794262270636e-5,-2.652359597832682e-7,4.909555990211463e-6,-4.975172371048916e-6,-3.3941032099702474e-7,-4.975172370945785e-6,-3.394103202831208e-7,4.1557472323057464e-7,-5.040652589622513e-6,0.0,0.0,0.0,0.0,0.0,0.0,0.0,0.0,3.3516320426425196e-11,0.0027106001539873702,0.012554249815888456
8,0.009696273622190719,10,9,62,9.012035426440333,0.06259739214366503,-0.08738316138764168,-0.0006069614422605478,1.0043044806343979e-5,0.0,0.0,0.0,0.0,0.0,0.0,0.0,0.0,2.5167381762436045e-6,-3.8747192661686277e-7,4.170870955951482e-7,2.4757483552280916e-6,4.170870954430517e-7,2.475748354167435e-6,-2.4349251699264113e-6,4.4571193174696967e-7,3.3516320426425196e-11,0.0027106001539873702,0.012554249815888456
8,0.009696273622190719,10,11,63,9.012035426441413,0.06259739214780993,0.08738316138765216,0.0006069614423007379,1.0043044795559222e-5,-2.4349251669372693e-6,4.457119332150548e-7,-4.170870970819265e-7,-2.475748352246024e-6,-4.1708709694213324e-7,-2.475748351178128e-6,2.51673817326157e-6,-3.8747192813403706e-7,0.0,0.0,0.0,0.0,0.0,0.0,0.0,0.0,3.3516320426425196e-11,0.0027106001539873702,0.012554249815888456
8,0.009696273622190719,10,9,64,9.024857538497574,0.07274539467364856,-0.08750748809456309,-0.0007053592515099518,2.314258785163153e-6,0.0,0.0,0.0,0.0,0.0,0.0,0.0,0.0,5.261353436316039e-7,2.2034470364705306e-7,-2.3100739293631368e-7,5.304142027833588e-7,-2.3100739207404854e-7,5.304142022350705e-7,-5.346006159903284e-7,-2.418822285543415e-7,3.3516320426425196e-11,0.0027106001539873702,0.012554249815888456
8,0.009696273622190719,10,11,65,9.024857538499843,0.07274539467550561,0.08750748809458508,0.0007053592515279583,2.3142587754886144e-6,-5.346006119219027e-7,-2.4188223193112504e-7,2.310073964453661e-7,-5.304141985401506e-7,2.3100739533611382e-7,-5.304141982513215e-7,5.26135339475945e-7,2.2034470704398134e-7,0.0,0.0,0.0,0.0,0.0,0.0,0.0,0.0,3.3516320426425196e-11,0.0027106001539873702,0.012554249815888456
8,0.009696273622190719,10,11,66,11.894207246866,0.12770513839746772,0.11532948798465649,0.0012382639648615813,1.8931256356716758e-6,-4.72897744862609e-7,8.225221776954503e-8,-8.768337437880659e-8,-4.650639991261045e-7,-8.768337426176898e-8,-4.6506399938945327e-7,4.5726528979925947e-7,-9.292849826840354e-8,0.0,0.0,0.0,0.0,0.0,0.0,0.0,0.0,3.3516320426425196e-11,0.0027106001539873702,0.012554249815888456
8,0.009696273622190719,10,9,67,11.894207246866015,0.1277051383974786,-0.11532948798465664,-0.001238263964861687,1.8931256260649189e-6,0.0,0.0,0.0,0.0,0.0,0.0,0.0,0.0,4.5726528710933366e-7,-9.292849950895902e-8,8.768337562837343e-8,4.650639964866838e-7,8.768337547335077e-8,4.6506399667677885e-7,-4.7289774220002696e-7,8.225221898837388e-8,3.3516320426425196e-11,0.0027106001539873702,0.012554249815888456
8,0.009696273622190719,10,11,68,5.099385277617264,0.06093819522623922,0.04944503495674798,0.0005908734149560917,1.764348485257492e-13,-4.3471019765014697e-14,1.1858417894390963e-15,-5.790262018953339e-16,-4.4102712415758576e-14,-5.790484842589907e-16,-4.410269987571587e-14,4.4734620175228446e-14,4.5408515160692104e-17,0.0,0.0,0.0,0.0,0.0,0.0,0.0,0.0,3.3516320426425196e-11,0.0027106001539873702,0.012554249815888456
8,0.009696273622190719,10,9,69,5.09938527761709,0.06093819522456734,-0.049445034956746285,-0.0005908734149398807,1.7643352488224758e-13,0.0,0.0,0.0,0.0,0.0,0.0,0.0,0.0,4.473429226356479e-14,4.5278267893659474e-17,5.791349782911288e-16,4.410236176537526e-14,5.791426696742546e-16,4.410238590919321e-14,-4.3470683936802914e-14,1.1859150648476223e-15,3.3516320426425196e-11,0.0027106001539873702,0.012554249815888456
8,0.009696273622190719,10,11,70,5.113713082977805,0.07534077753342486,0.049583961277929266,0.0007305247938726866,5.059046293561965e-14,-1.1477001826146508e-14,-5.728239039842876e-15,5.4872076413837235e-15,-1.139458469458622e-14,5.487196033620236e-15,-1.1394606385753615e-14,1.1309993336418421e-14,5.2507219842056264e-15,0.0,0.0,0.0,0.0,0.0,0.0,0.0,0.0,3.3516320426425196e-11,0.0027106001539873702,0.012554249815888456
8,0.009696273622190719,10,9,71,5.1137130829769095,0.07534077753246966,-0.049583961277920585,-0.0007305247938634247,5.0589767634496e-14,0.0,0.0,0.0,0.0,0.0,0.0,0.0,0.0,1.1309687298516649e-14,5.250965200702655e-15,-5.487436939404106e-15,1.139429366201378e-14,-5.487447370876343e-15,1.1394280050334278e-14,-1.147669060127298e-14,-5.728476426285615e-15,3.3516320426425196e-11,0.0027106001539873702,0.012554249815888456
8,0.009696273622190719,10,9,72,9.100123529585373,0.07872368515269089,-0.08823728773859575,-0.0007633263917876838,4.330815119599778e-14,0.0,0.0,0.0,0.0,0.0,0.0,0.0,0.0,3.083545391670287e-15,1.0219403671336715e-14,-1.0408146281062035e-14,2.9805591807008278e-15,-1.0408127541849519e-14,2.98055270892993e-15,-2.873402978806455e-15,-1.059806151359322e-14,3.3516320426425196e-11,0.0027106001539873702,0.012554249815888456
8,0.009696273622190719,10,11,73,9.100123529586341,0.0787236851536577,0.08823728773860515,0.0007633263917970583,4.3308058798313336e-14,-2.873440315227512e-15,-1.0598026278593285e-14,1.0408098771998284e-14,-2.9805882562234516e-15,1.0408106714028593e-14,-2.980594504153792e-15,3.083578995403611e-15,1.0219370577784638e-14,0.0,0.0,0.0,0.0,0.0,0.0,0.0,0.0,3.3516320426425196e-11,0.0027106001539873702,0.012554249815888456
8,0.009696273622190719,10,11,74,8.059449492497851,0.17156157209803496,0.0781466275234853,0.0016635079461157476,1.2847137697438494e-14,-2.3038913968257813e-15,2.3027148567208383e-15,-2.3022784807959617e-15,-2.2392024040458405e-15,-2.3022807362040702e-15,-2.2392064373233506e-15,2.1754382046398854e-15,-2.300948511551919e-15,0.0,0.0,0.0,0.0,0.0,0.0,0.0,0.0,3.3516320426425196e-11,0.0027106001539873702,0.012554249815888456
8,0.009696273622190719,10,9,75,8.059449492497643,0.17156157209778505,-0.07814662752348328,-0.0016635079461133245,1.2847085221638942e-14,0.0,0.0,0.0,0.0,0.0,0.0,0.0,0.0,2.1753867867448777e-15,-2.3009816173963455e-15,2.302313977201902e-15,2.2391535378205133e-15,2.3023103086543623e-15,2.239150803863522e-15,-2.3038382613872666e-15,2.3027468067741545e-15,3.3516320426425196e-11,0.0027106001539873702,0.012554249815888456
8,0.009696273622190719,10,11,76,7.851014560461728,-0.03620669503127708,0.07612558539004032,-0.0003510700219784758,7.321280359999825e-15,-7.760031024447385e-16,1.6291554811546266e-15,-1.6410595698195433e-15,-8.10345262193862e-16,-1.6410607016743728e-15,-8.103439023127704e-16,8.453424048071923e-16,-1.652640516546008e-15,0.0,0.0,0.0,0.0,0.0,0.0,0.0,0.0,3.3516320426425196e-11,0.0027106001539873702,0.012554249815888456
8,0.009696273622190719,10,9,77,7.851014560461668,-0.036206695031504296,-0.07612558539003973,0.00035107002198067887,7.321233256751156e-15,0.0,0.0,0.0,0.0,0.0,0.0,0.0,0.0,8.453198754778146e-16,-1.6526394072151073e-15,1.641058234962981e-15,8.103214949840976e-16,1.6410582114110053e-15,8.103222028033147e-16,-7.759801937867536e-16,1.62915277351237e-15,3.3516320426425196e-11,0.0027106001539873702,0.012554249815888456
8,0.009696273622190719,10,11,78,9.083691008308794,0.06176042856214542,0.08807795351599557,0.0005988460143623249,1.381653478397112e-15,2.799659516910241e-16,-1.9388328342785433e-16,1.9260949927979265e-16,2.8670622824377925e-16,1.9260793379605786e-16,2.867058374349094e-16,-2.935231370883392e-16,1.9121943976879585e-16,0.0,0.0,0.0,0.0,0.0,0.0,0.0,0.0,3.3516320426425196e-11,0.0027106001539873702,0.012554249815888456
8,0.009696273622190719,10,9,79,9.083691008308474,0.06176042856048239,-0.08807795351599247,-0.0005988460143461997,1.3816213720585415e-15,0.0,0.0,0.0,0.0,0.0,0.0,0.0,0.0,-2.9351851659467774e-16,1.912114957327465e-16,-1.9260059058869857e-16,-2.867008063787888e-16,-1.9260077307094222e-16,-2.867027174230499e-16,2.799620261059009e-16,-1.9387516858496457e-16,3.3516320426425196e-11,0.0027106001539873702,0.012554249815888456
