iteration,scale,ground_charge,charge,matrix_rank,energy_real,energy_imag,pole_real,pole_imag,matrix_support_abs,add11_real,add11_imag,add12_real,add12_imag,add21_real,add21_imag,add22_real,add22_imag,rem11_real,rem11_imag,rem12_real,rem12_imag,rem21_real,rem21_imag,rem22_real,rem22_imag,max_residual,biorth_error,min_pair_overlap
0,0.7853981633974483,2,3,0,0.22211918346550408,0.0022520956944646064,0.17445199874914777,0.0017687918222278028,22.445830902550004,4.258252214283832,-3.923511093546247,3.9300284055262704,4.0034495149518845,3.930028405526271,4.003449514951884,-3.756498857679914,3.928530966434333,0.0,0.0,0.0,0.0,0.0,0.0,0.0,0.0,2.524237341311761e-15,2.551452175920204e-13,0.000999999556216172
0,0.7853981633974483,2,1,1,0.22211918346550247,0.0022520956944666135,-0.1744519987491465,-0.001768791822229379,22.44583090254676,0.0,0.0,0.0,0.0,0.0,0.0,0.0,0.0,-3.756498857676303,3.9285309664368495,-3.9300284055287906,-4.003449514948277,-3.9300284055287906,-4.003449514948276,4.258252214280222,-3.923511093548763,2.524237341311761e-15,2.551452175920204e-13,0.000999999556216172
0,0.7853981633974483,2,3,2,0.21765836408952177,-0.0022064232884603198,0.1709484794040035,-0.0017329207984340934,21.996475293955253,-3.6027394092277767,3.923494326170116,-3.9298523205283495,-3.844667141262141,-3.929852320528349,-3.84466714126214,4.094446880751271,-3.928513128596605,0.0,0.0,0.0,0.0,0.0,0.0,0.0,0.0,2.524237341311761e-15,2.551452175920204e-13,0.000999999556216172
0,0.7853981633974483,2,1,3,0.2176583640895235,-0.0022064232884623633,-0.17094847940400487,0.0017329207984356984,21.99647529395506,0.0,0.0,0.0,0.0,0.0,0.0,0.0,0.0,4.094446880747752,-3.928513128599977,3.9298523205317233,3.8446671412586246,3.929852320531724,3.844667141258625,-3.602739409224257,3.9234943261734863,2.524237341311761e-15,2.551452175920204e-13,0.000999999556216172
0,0.7853981633974483,2,3,4,0.6653256704541558,0.0018550257276299413,0.5225455596358699,0.001456933799535571,0.14884593320716755,0.028420908923939555,-0.02581811970216667,0.02587326675680677,0.0267315728749061,0.025873266756806772,0.0267315728749061,-0.02509392984454753,0.02587489897267842,0.0,0.0,0.0,0.0,0.0,0.0,0.0,0.0,2.524237341311761e-15,2.551452175920204e-13,0.000999999556216172
0,0.7853981633974483,2,1,5,0.6653256704541559,0.0018550257276305402,-0.52254555963587,-0.0014569337995360414,0.14884593320714362,0.0,0.0,0.0,0.0,0.0,0.0,0.0,0.0,-0.02509392984453934,0.02587489897267863,-0.025873266756806776,-0.026731572874897736,-0.025873266756806804,-0.026731572874897795,0.02842090892393106,-0.025818119702166475,2.524237341311761e-15,2.551452175920204e-13,0.000999999556216172
0,0.7853981633974483,2,3,6,0.6617318024733525,-0.0017371163093861436,0.5197229423242541,-0.0013643279589996306,0.14371287836207658,-0.023337635740006687,0.025816794457345117,-0.025870663055535665,-0.024917886417281005,-0.025870663055535655,-0.024917886417281005,0.02654982853320213,-0.025874644189453018,0.0,0.0,0.0,0.0,0.0,0.0,0.0,0.0,2.524237341311761e-15,2.551452175920204e-13,0.000999999556216172
0,0.7853981633974483,2,1,7,0.6617318024733525,-0.001737116309386705,-0.5197229423242541,0.0013643279590000717,0.1437128783620382,0.0,0.0,0.0,0.0,0.0,0.0,0.0,0.0,0.026549828533193577,-0.025874644189448348,0.025870663055530766,0.02491788641727223,0.025870663055530797,0.024917886417272238,-0.02333763573999773,0.025816794457340014,2.524237341311761e-15,2.551452175920204e-13,0.000999999556216172
1,0.4534498410585544,3,4,0,0.07472877344087658,0.006401869196619494,0.033885750439266206,0.002902926569684765,40.60396060638131,7.630472575403455,-7.175531944717442,7.182631934735836,7.169444622782491,7.182631934735522,7.169444622783401,-6.722767580791703,7.175378684597783,0.0,0.0,0.0,0.0,0.0,0.0,0.0,0.0,1.3557084881122507e-13,2.6546741469007582e-11,0.03878399994387715
1,0.4534498410585544,3,2,1,0.07472877344087303,0.006401869196621099,-0.033885750439264596,-0.0029029265696854925,40.60396060637978,0.0,0.0,0.0,0.0,0.0,0.0,0.0,0.0,-6.722767580791629,7.175378684597312,-7.182631934735373,-7.169444622782409,-7.1826319347350545,-7.169444622783336,7.630472575403384,-7.175531944716982,1.3557084881122507e-13,2.6546741469007582e-11,0.03878399994387715
1,0.4534498410585544,3,2,2,1.2693806379284314,0.0019547169748731505,-0.5756004485114536,-0.0008863661015706884,2.04317350764663,0.0,0.0,0.0,0.0,0.0,0.0,0.0,0.0,-0.40302645668780457,0.2870074626208558,-0.2829189438909649,-0.42513108200267513,-0.28291894389084565,-0.4251310820027374,0.44780069437831843,-0.2779795980098955,1.3557084881122507e-13,2.6546741469007582e-11,0.03878399994387715
1,0.4534498410585544,3,4,3,1.2693806379284163,0.0019547169748771655,0.5756004485114468,0.000886366101572509,2.0431735076461024,0.4478006943795384,-0.2779795980078284,0.2829189438888128,0.42513108200391586,0.28291894388883687,0.425131082003946,-0.4030264566890384,0.2870074626187657,0.0,0.0,0.0,0.0,0.0,0.0,0.0,0.0,1.3557084881122507e-13,2.6546741469007582e-11,0.03878399994387715
1,0.4534498410585544,3,4,4,1.2640012928299877,-0.0002840299546784898,0.5731611853315652,-0.0001287933378048296,1.8041617852246734,-0.29561707221955685,0.32169799779658304,-0.32221216911477835,-0.3154602953634077,-0.32221216911479456,-0.3154602953633926,0.33594731128116867,-0.322094776049501,0.0,0.0,0.0,0.0,0.0,0.0,0.0,0.0,1.3557084881122507e-13,2.6546741469007582e-11,0.03878399994387715
1,0.4534498410585544,3,2,5,1.2640012928299857,-0.00028402995468210755,-0.5731611853315643,0.0001287933378064701,1.8041617852217917,0.0,0.0,0.0,0.0,0.0,0.0,0.0,0.0,0.3359473112790325,-0.3220947760505801,0.3222121691159231,0.3154602953613,0.32221216911581924,0.31546029536122755,-0.29561707221741806,0.32169799779766883,1.3557084881122507e-13,2.6546741469007582e-11,0.03878399994387715
1,0.4534498410585544,3,4,6,1.2858052196605576,0.010860908338185815,0.5830481724873395,0.0049248771597018865,0.49666315026047725,-0.00672400206033421,-0.12794473645986734,0.12369561113749075,-0.010432578122529575,0.12369561113748995,-0.010432578122508522,0.013893742344691484,0.11946710355951809,0.0,0.0,0.0,0.0,0.0,0.0,0.0,0.0,1.3557084881122507e-13,2.6546741469007582e-11,0.03878399994387715
1,0.4534498410585544,3,2,7,1.2858052196605558,0.010860908338189102,-0.5830481724873386,-0.004924877159703377,0.496663150259807,0.0,0.0,0.0,0.0,0.0,0.0,0.0,0.0,0.013893742344714029,0.11946710355934331,-0.123695611137314,0.010432578122565504,-0.12369561113732434,0.01043257812254185,-0.006724002060381089,-0.12794473645970073,1.3557084881122507e-13,2.6546741469007582e-11,0.03878399994387715
1,0.4534498410585544,3,4,8,2.5968672976617464,0.0064045203226644355,1.1775490633748766,0.00290412872236847,0.0004746740568438136,9.010162468414943e-5,-8.291821873485726e-5,8.30592968824583e-5,8.471325916418612e-5,8.305929688245755e-5,8.471325916417746e-5,-7.949084264550859e-5,8.303078256273038e-5,0.0,0.0,0.0,0.0,0.0,0.0,0.0,0.0,1.3557084881122507e-13,2.6546741469007582e-11,0.03878399994387715
1,0.4534498410585544,3,2,9,2.5968672976617486,0.006404520322663815,-1.1775490633748775,-0.0029041287223681884,0.00047467405684276066,0.0,0.0,0.0,0.0,0.0,0.0,0.0,0.0,-7.949084264560352e-5,8.303078256221568e-5,-8.305929688195995e-5,-8.471325916429815e-5,-8.305929688198053e-5,-8.471325916428233e-5,9.010162468427506e-5,-8.291821873439756e-5,1.3557084881122507e-13,2.6546741469007582e-11,0.03878399994387715
1,0.4534498410585544,3,2,10,2.6092189928241085,0.005768557355847732,-1.1831499375830534,-0.0026157514161463087,0.0002930073489076207,0.0,0.0,0.0,0.0,0.0,0.0,0.0,0.0,5.3483867397854744e-5,-5.341000457170871e-5,5.336133830204356e-5,5.01569470131159e-5,5.33613383020816e-5,5.015694701312528e-5,-4.6936648884487414e-5,5.3212251516136705e-5,1.3557084881122507e-13,2.6546741469007582e-11,0.03878399994387715
1,0.4534498410585544,3,4,11,2.6092189928240908,0.0057685573558499134,1.1831499375830454,0.002615751416147298,0.00029300734890129086,-4.693664888278945e-5,5.3212251515613354e-5,-5.3361338301469994e-5,-5.0156947011465644e-5,-5.336133830146265e-5,-5.0156947011425136e-5,5.348386739619994e-5,-5.341000457102992e-5,0.0,0.0,0.0,0.0,0.0,0.0,0.0,0.0,1.3557084881122507e-13,2.6546741469007582e-11,0.03878399994387715
1,0.4534498410585544,3,2,12,2.6098591395330493,0.00641088011062643,-1.1834402120064766,-0.002907012567209002,0.00014616509542124395,0.0,0.0,0.0,0.0,0.0,0.0,0.0,0.0,-2.333236459978526e-5,2.661649934523131e-5,-2.6695809132005417e-5,-2.4938556260738695e-5,-2.669580913200476e-5,-2.4938556260737637e-5,2.659808960948563e-5,-2.6725188464581698e-5,1.3557084881122507e-13,2.6546741469007582e-11,0.03878399994387715
1,0.4534498410585544,3,4,13,2.609859139533067,0.006410880110640361,1.1834402120064849,0.0029070125672153195,0.00014616509541632045,2.659808960761822e-5,-2.6725188464670156e-5,2.6695809132110066e-5,2.4938556258850617e-5,2.669580913202578e-5,2.4938556258885197e-5,-2.333236459791384e-5,2.661649934526634e-5,0.0,0.0,0.0,0.0,0.0,0.0,0.0,0.0,1.3557084881122507e-13,2.6546741469007582e-11,0.03878399994387715
1,0.4534498410585544,3,2,14,3.804919109376801,0.0019944378224537648,-1.7253399653875667,-0.000904377513592829,7.920277740821431e-6,0.0,0.0,0.0,0.0,0.0,0.0,0.0,0.0,-1.5216105439371498e-6,1.1676251805206967e-6,-1.1548446310820952e-6,-1.6078092902563455e-6,-1.1548446310762617e-6,-1.6078092902536028e-6,1.6963145079084602e-6,-1.1388461565862062e-6,1.3557084881122507e-13,2.6546741469007582e-11,0.03878399994387715
1,0.4534498410585544,3,4,15,3.8049191093767996,0.001994437822448053,1.725339965387566,0.0009043775135902391,7.920277740541944e-6,1.6963145078921383e-6,-1.1388461564873795e-6,1.154844630978964e-6,1.6078092902368756e-6,1.1548446309871534e-6,1.6078092902390074e-6,-1.521610543919478e-6,1.1676251804270439e-6,0.0,0.0,0.0,0.0,0.0,0.0,0.0,0.0,1.3557084881122507e-13,2.6546741469007582e-11,0.03878399994387715
1,0.4534498410585544,3,4,16,3.7996169107414066,-0.00019992389020914193,1.7229356842590864,-9.065545623914329e-5,7.830771821058542e-6,-1.278979723847291e-6,1.400065765225521e-6,-1.4025509217158143e-6,-1.365100177161348e-6,-1.4025509217215021e-6,-1.3651001771576442e-6,1.454022999312824e-6,-1.4023030754883477e-6,0.0,0.0,0.0,0.0,0.0,0.0,0.0,0.0,1.3557084881122507e-13,2.6546741469007582e-11,0.03878399994387715
1,0.4534498410585544,3,2,17,3.7996169107414035,-0.0001999238902089407,-1.7229356842590848,9.065545623905205e-5,7.830771820582551e-6,0.0,0.0,0.0,0.0,0.0,0.0,0.0,0.0,1.4540229992680693e-6,-1.4023030753615363e-6,1.4025509215940567e-6,1.3651001771165566e-6,1.4025509215920983e-6,1.3651001771192347e-6,-1.278979723808818e-6,1.4000657651012075e-6,1.3557084881122507e-13,2.6546741469007582e-11,0.03878399994387715
1,0.4534498410585544,3,2,18,3.821123028948508,0.010834263899014223,-1.732687630141883,-0.004912795242994433,1.3400786641530527e-6,0.0,0.0,0.0,0.0,0.0,0.0,0.0,0.0,9.528898218243527e-8,3.1020895416368905e-7,-3.2312179701090116e-7,8.817269965319033e-8,-3.2312179701090185e-7,8.817269965094355e-8,-8.040999782843478e-8,-3.3621033883809185e-7,1.3557084881122507e-13,2.6546741469007582e-11,0.03878399994387715
1,0.4534498410585544,3,4,19,3.821123028948508,0.010834263898998886,1.732687630141883,0.004912795242987478,1.340078664123147e-6,-8.040999781915268e-8,-3.3621033883365414e-7,3.231217970057031e-7,-8.817269964405521e-8,3.231217970054849e-7,-8.817269964204563e-8,9.528898217360617e-8,3.1020895415756866e-7,0.0,0.0,0.0,0.0,0.0,0.0,0.0,0.0,1.3557084881122507e-13,2.6546741469007582e-11,0.03878399994387715
1,0.4534498410585544,3,4,20,5.14568477023178,0.006415089820920607,2.333309941199025,0.0029089214596727995,1.0829153737391099e-14,1.9492847171904363e-15,2.0010298609741025e-15,-1.878058477601863e-15,1.9490115998919444e-15,-1.878058460636961e-15,1.9490117248166295e-15,-1.9449785973380226e-15,-1.758981351121968e-15,0.0,0.0,0.0,0.0,0.0,0.0,0.0,0.0,1.3557084881122507e-13,2.6546741469007582e-11,0.03878399994387715
1,0.4534498410585544,3,2,21,5.145684770231761,0.00641508982092343,-2.3333099411990164,-0.0029089214596740793,1.082915097878919e-14,0.0,0.0,0.0,0.0,0.0,0.0,0.0,0.0,-1.944978800455972e-15,-1.7589802420836735e-15,1.878057524127612e-15,-1.9490116452006154e-15,1.878057276570902e-15,-1.9490118275956456e-15,1.949284649099559e-15,2.0010288260954867e-15,1.3557084881122507e-13,2.6546741469007582e-11,0.03878399994387715
1,0.4534498410585544,3,2,22,1.2773897878113951,0.01309772134581623,-0.5792321962528977,-0.005939159662489604,1.1102826972555026e-22,0.0,0.0,0.0,0.0,0.0,0.0,0.0,0.0,-2.638665014365644e-23,-9.014435223184868e-25,3.314294513403879e-24,-2.752747701554249e-23,3.2180744125767863e-24,-2.7566753072144875e-23,2.855405154967664e-23,5.8442410173673095e-24,1.3557084881122507e-13,2.6546741469007582e-11,0.03878399994387715
1,0.4534498410585544,3,4,23,1.2773897878114027,0.01309772134580109,0.5792321962529011,0.00593915966248274,6.11169966317097e-23,1.495847936993239e-23,6.228083746361296e-24,-4.3953687327039035e-24,1.447094246871261e-23,-4.459226577340563e-24,1.4748910648015827e-23,-1.411206172665949e-23,-2.772007011305861e-24,0.0,0.0,0.0,0.0,0.0,0.0,0.0,0.0,1.3557084881122507e-13,2.6546741469007582e-11,0.03878399994387715
1,0.4534498410585544,3,2,24,2.610499283117493,0.007048337998962902,-1.1837304850130974,-0.0031960677453566973,2.476980770643304e-25,0.0,0.0,0.0,0.0,0.0,0.0,0.0,0.0,-6.107581790876954e-26,1.8123279826252435e-26,-1.0571618454835283e-26,-6.080155633088279e-26,-1.1436430058126674e-26,-6.104829031136188e-26,6.002337886777031e-26,-4.140943113281549e-27,1.3557084881122507e-13,2.6546741469007582e-11,0.03878399994387715
1,0.4534498410585544,3,4,25,2.6104992831174934,0.00704833799896369,1.1837304850130976,0.0031960677453570546,6.487719404490815e-26,1.175616668273565e-26,-8.41989255045293e-27,1.0692427622020258e-26,1.2176486942349615e-26,1.0707399674602094e-26,1.2067441437050492e-26,-1.2270050208505428e-26,1.3277818896349616e-26,0.0,0.0,0.0,0.0,0.0,0.0,0.0,0.0,1.3557084881122507e-13,2.6546741469007582e-11,0.03878399994387715
1,0.4534498410585544,3,4,26,3.812850380948657,0.013026852008306191,1.7289363992212172,0.005907023972659752,1.1758731956343485e-26,2.8479368811271263e-27,-5.953720374147909e-28,9.958255777867636e-28,2.8626593506255175e-27,1.1634711893957345e-27,2.6013612241997745e-27,-2.5319694088109096e-27,1.549774493697855e-27,0.0,0.0,0.0,0.0,0.0,0.0,0.0,0.0,1.3557084881122507e-13,2.6546741469007582e-11,0.03878399994387715
1,0.4534498410585544,3,2,27,3.8128503809486713,0.013026852008289614,-1.7289363992212237,-0.005907023972652236,8.456726360704487e-27,0.0,0.0,0.0,0.0,0.0,0.0,0.0,0.0,-1.0023036153720035e-27,2.169782570722274e-27,-1.820098646371752e-27,-1.0537178403930075e-27,-1.8031736375764762e-27,-1.0925390383048808e-27,1.1031300197563632e-27,-1.4915767467375153e-27,1.3557084881122507e-13,2.6546741469007582e-11,0.03878399994387715
1,0.4534498410585544,3,4,28,2.6173956642543548,0.006409585810670526,1.1868576479434867,0.0029064256670997156,4.558455277876868e-27,-7.611341602082494e-28,-7.481108428077997e-28,8.512925217547576e-28,-7.6346982621099975e-28,8.412269489723635e-28,-7.595132320583103e-28,7.554588959270351e-28,9.507552986773672e-28,0.0,0.0,0.0,0.0,0.0,0.0,0.0,0.0,1.3557084881122507e-13,2.6546741469007582e-11,0.03878399994387715
1,0.4534498410585544,3,2,29,2.617395664254354,0.0064095858106708176,-1.1868576479434862,-0.002906425667099848,4.479197215872893e-27,0.0,0.0,0.0,0.0,0.0,0.0,0.0,0.0,7.983839577576702e-28,8.740442573674234e-28,-8.004633652233716e-28,8.07228175964725e-28,-7.6472595974385155e-28,7.922760027564416e-28,-7.961840839298009e-28,-6.959009198322316e-28,1.3557084881122507e-13,2.6546741469007582e-11,0.03878399994387715
2,0.2617993877991494,4,3,0,0.2822346141929515,0.00712262311309754,-0.07388884921144383,-0.0018646983705330076,20.87663058324157,0.0,0.0,0.0,0.0,0.0,0.0,0.0,0.0,-3.5451999874065354,3.604113130109003,-3.6022577646830696,-3.77488291805706,-3.6022577646888085,-3.7748829180555825,4.011762807272921,-3.5928454364686004,5.988860887367625e-13,6.147042093726103e-11,0.04017013497702139
2,0.2617993877991494,4,5,1,0.2822346141929881,0.007122623113129133,0.07388884921145342,0.0018646983705412786,20.876630582846143,4.011762807127917,-3.592845436477184,3.602257764696158,3.7748829179081023,3.602257764693141,3.7748829179147054,-3.5451999872616824,3.604113130117557,0.0,0.0,0.0,0.0,0.0,0.0,0.0,0.0,5.988860887367625e-13,6.147042093726103e-11,0.04017013497702139
2,0.2617993877991494,4,3,2,0.26834209062141157,-0.006760913206295594,-0.07025179504542942,0.0017700029383713707,19.867070533109626,0.0,0.0,0.0,0.0,0.0,0.0,0.0,0.0,3.6438567288152552,-3.6038668641877427,3.6016558915725128,3.418264917346148,3.6016558915793917,3.4182649173454864,-3.199869573933482,3.5926011926618164,5.988860887367625e-13,6.147042093726103e-11,0.04017013497702139
2,0.2617993877991494,4,5,3,0.26834209062134873,-0.006760913206320761,0.07025179504541297,-0.0017700029383779597,19.8670705327446,-3.1998695737857075,3.592601192676202,-3.6016558915916947,-3.418264917194385,-3.6016558915892283,-3.4182649172016544,3.6438567286674024,-3.6038668642020806,0.0,0.0,0.0,0.0,0.0,0.0,0.0,0.0,5.988860887367625e-13,6.147042093726103e-11,0.04017013497702139
2,0.2617993877991494,4,5,4,2.40196390708014,0.0005022592623639497,0.6288326803892337,0.0001314911674033344,1.4387801601609094,0.2736162773250436,-0.2507772558075636,0.25123805885143746,0.25728455474820267,0.25123805886236533,0.2572845547591679,-0.24145479322916177,0.25118379083536213,0.0,0.0,0.0,0.0,0.0,0.0,0.0,0.0,5.988860887367625e-13,6.147042093726103e-11,0.04017013497702139
2,0.2617993877991494,4,3,5,2.4019639070801717,0.0005022592625535619,-0.6288326803892419,-0.00013149116745297476,1.4387801600156291,0.0,0.0,0.0,0.0,0.0,0.0,0.0,0.0,-0.24145479338713025,0.2511837906217888,-0.25123805862570375,-0.2572845549181497,-0.25123805866064597,-0.25728455490470664,0.27361627748298806,-0.25077725559400044,5.988860887367625e-13,6.147042093726103e-11,0.04017013497702139
2,0.2617993877991494,4,5,6,2.4009709055279562,-0.0004900573849888328,0.6285727131907883,-0.0001282967233765285,1.4030265328781528,-0.22922210841271418,0.2507840596129527,-0.2512250508841367,-0.24465229129324392,-0.25122505089573455,-0.24465229130490684,0.26058443448090324,-0.251176235623698,0.0,0.0,0.0,0.0,0.0,0.0,0.0,0.0,5.988860887367625e-13,6.147042093726103e-11,0.04017013497702139
2,0.2617993877991494,4,3,7,2.4009709055276742,-0.0004900573850545181,-0.6285727131907145,0.00012829672339372488,1.4030265327173175,0.0,0.0,0.0,0.0,0.0,0.0,0.0,0.0,0.2605844346409423,-0.2511762354118829,0.2512250506605082,0.24465229146519687,0.2512250506954382,0.24465229145259743,-0.22922210857274217,0.2507840594011615,5.988860887367625e-13,6.147042093726103e-11,0.04017013497702139
2,0.2617993877991494,4,3,8,0.851156406435327,0.00484152372187982,-0.2228322261260926,-0.0012675079464031962,0.5940879869301624,0.0,0.0,0.0,0.0,0.0,0.0,0.0,0.0,-0.10266743465142897,0.10077930040846858,-0.10061199913433366,-0.10920161243154236,-0.10061199913572252,-0.10920161243208305,0.11593679560627748,-0.100226093631365,5.988860887367625e-13,6.147042093726103e-11,0.04017013497702139
2,0.2617993877991494,4,5,9,0.8511564064353457,0.0048415237219584,0.22283222612609752,0.0012675079464237683,0.5940879868980744,0.115936795595553,-0.10022609363115167,0.10061199913447258,0.10920161242058284,0.10061199913520132,0.10920161242158365,-0.10266743464069451,0.10077930040827714,0.0,0.0,0.0,0.0,0.0,0.0,0.0,0.0,5.988860887367625e-13,6.147042093726103e-11,0.04017013497702139
2,0.2617993877991494,4,3,10,0.842262031703154,-0.004050329930094077,-0.22050368426635347,0.001060373896083201,0.5436982237156984,0.0,0.0,0.0,0.0,0.0,0.0,0.0,0.0,0.09757967329623389,-0.10074511625281761,0.10055203958828143,0.09140866965012218,0.10055203958964647,0.09140866965055507,-0.08543858706539696,0.10017594466478023,5.988860887367625e-13,6.147042093726103e-11,0.04017013497702139
2,0.2617993877991494,4,5,11,0.8422620317030212,-0.004050329930148141,0.22050368426631872,-0.0010603738960973548,0.5436982236874374,-0.08543858705590815,0.10017594466383808,-0.1005520395876056,-0.09140866964038609,-0.1005520395884782,-0.09140866964131676,0.09757967328675102,-0.10074511625189717,0.0,0.0,0.0,0.0,0.0,0.0,0.0,0.0,5.988860887367625e-13,6.147042093726103e-11,0.04017013497702139
2,0.2617993877991494,4,5,12,2.9166340368910033,0.010285170669259068,0.7635730052922264,0.0026926513846217918,0.006360242195158643,0.0011069219612168362,-0.0012110608261457132,0.001206714512282625,0.0010348284448846545,0.001206714512271937,0.0010348284448720843,-0.0009651462854959457,0.001200296130162028,0.0,0.0,0.0,0.0,0.0,0.0,0.0,0.0,5.988860887367625e-13,6.147042093726103e-11,0.04017013497702139
2,0.2617993877991494,4,3,13,2.916634036891156,0.010285170669017157,-0.7635730052922665,-0.0026926513845584596,0.006360242195150906,0.0,0.0,0.0,0.0,0.0,0.0,0.0,0.0,-0.000965146285483434,0.0012002961301702322,-0.0012067145122919359,-0.0010348284448713431,-0.0012067145122805277,-0.0010348284448586005,0.0011069219612025274,-0.0012110608261554903,5.988860887367625e-13,6.147042093726103e-11,0.04017013497702139
2,0.2617993877991494,4,3,14,2.90158024077547,-0.0021085861816350013,-0.7596319306851266,0.0005520265714737894,0.005365813374892182,0.0,0.0,0.0,0.0,0.0,0.0,0.0,0.0,0.0005302519949313948,-0.0012785961945110218,0.0012544428605755008,0.00047431154996353944,0.001254442860581167,0.0004743115499893034,-0.0004208790396119308,0.0012293383956105655,5.988860887367625e-13,6.147042093726103e-11,0.04017013497702139
2,0.2617993877991494,4,5,15,2.9015802407758358,-0.0021085861815819482,0.7596319306852224,-0.0005520265714599002,0.005365813374302503,-0.00042087903972902116,0.0012293383954121151,-0.0012544428603756248,-0.00047431155007818975,-0.0012544428603782482,-0.00047431155010586043,0.0005302519950456427,-0.0012785961943068162,0.0,0.0,0.0,0.0,0.0,0.0,0.0,0.0,5.988860887367625e-13,6.147042093726103e-11,0.04017013497702139
2,0.2617993877991494,4,3,16,3.017189330927774,0.0005953399793852746,-0.7898983197110165,-0.0001558596421354231,0.004614796386786666,0.0,0.0,0.0,0.0,0.0,0.0,0.0,0.0,-0.0007769106880689833,0.0008032844449284537,-0.0008033032649177374,-0.0008276839421488998,-0.0008033032651478129,-0.0008276839418912531,0.0008800621455290102,-0.000801665112310483,5.988860887367625e-13,6.147042093726103e-11,0.04017013497702139
2,0.2617993877991494,4,5,17,3.017189330927819,0.0005953399794240907,0.7898983197110282,0.00015585964214558516,0.004614796380188753,0.0008800621448494832,-0.0008016651106416889,0.0008033032633129026,0.0008276839413289578,0.0008033032634169804,0.0008276839413492338,-0.0007769106873898547,0.0008032844432602136,0.0,0.0,0.0,0.0,0.0,0.0,0.0,0.0,5.988860887367625e-13,6.147042093726103e-11,0.04017013497702139
2,0.2617993877991494,4,3,18,3.0165787439129534,-1.50203105014797e-5,-0.7897384684043383,3.93230809384052e-6,0.0044598585747448625,0.0,0.0,0.0,0.0,0.0,0.0,0.0,0.0,0.0008235865417543131,-0.0008033169148331171,0.0008031720924135072,0.0007729423475953737,0.0008031720926444872,0.0007729423473635675,-0.0007239029499010833,0.0008014797807399158,5.988860887367625e-13,6.147042093726103e-11,0.04017013497702139
2,0.2617993877991494,4,5,19,3.0165787439128913,-1.5020310508460227e-5,0.789738468404322,-3.932308095668018e-6,0.004459858568120103,-0.0007239029492752582,0.0008014797790435008,-0.0008031720907764313,-0.0007729423468306501,-0.000803172090890105,-0.0007729423468732532,0.0008235865411284959,-0.0008033169131368228,0.0,0.0,0.0,0.0,0.0,0.0,0.0,0.0,5.988860887367625e-13,6.147042093726103e-11,0.04017013497702139
2,0.2617993877991494,4,3,20,2.8908773124072304,-0.008508461251626272,-0.7568299105906633,0.0022275099467885424,0.002625894046795819,0.0,0.0,0.0,0.0,0.0,0.0,0.0,0.0,0.0006731095240197704,7.600113179036166e-5,-5.297106108921053e-5,0.0006541684048398887,-5.297106109294501e-5,0.000654168404833493,-0.0006351200353016499,-3.1249219951071176e-5,5.988860887367625e-13,6.147042093726103e-11,0.04017013497702139
2,0.2617993877991494,4,5,21,2.890877312406679,-0.008508461251662342,0.756829910590519,-0.002227509946797986,0.00262589404660288,-0.0006351200352582886,-3.124921987439602e-5,5.2971061009754586e-5,-0.000654168404798063,5.297106101245314e-5,-0.0006541684047914978,0.0006731095239794569,7.600113170705956e-5,0.0,0.0,0.0,0.0,0.0,0.0,0.0,0.0,5.988860887367625e-13,6.147042093726103e-11,0.04017013497702139
2,0.2617993877991494,4,5,22,2.8984489015226895,0.001711953158955679,0.7588121479857572,0.00044818828895541664,0.00093344280891507,0.00024046086389894322,1.2677214719508748e-5,-4.907337153961907e-6,0.00023325080365682143,-4.907337153533281e-6,0.00023325080365086691,-0.0002260304622432148,2.3960490860799497e-6,0.0,0.0,0.0,0.0,0.0,0.0,0.0,0.0,5.988860887367625e-13,6.147042093726103e-11,0.04017013497702139
2,0.2617993877991494,4,3,23,2.898448901522554,0.0017119531590125171,-0.7588121479857217,-0.0004481882889702969,0.0009334428087255677,0.0,0.0,0.0,0.0,0.0,0.0,0.0,0.0,-0.00022603046219804593,2.3960492112175616e-6,4.907337029655905e-6,-0.00023325080361234489,4.907337027921602e-6,-0.00023325080360591885,0.00024046086385444345,1.2677214594854542e-5,5.988860887367625e-13,6.147042093726103e-11,0.04017013497702139
2,0.2617993877991494,4,3,24,5.078755150728201,0.006914111298818033,-1.3296149892424198,-0.001810110105205743,0.00010692437753890072,0.0,0.0,0.0,0.0,0.0,0.0,0.0,0.0,-1.832769915361373e-5,1.82903464581154e-5,-1.826995081929018e-5,-1.950393371210956e-5,-1.8269950819232712e-5,-1.9503933711352152e-5,2.071666912709434e-5,-1.8210510812122842e-5,5.988860887367625e-13,6.147042093726103e-11,0.04017013497702139
2,0.2617993877991494,4,5,25,5.07875515072813,0.006914111298875834,1.3296149892424012,0.0018101101052208752,0.00010692437752868543,2.0716669126097168e-5,-1.8210510809424314e-5,1.8269950816525276e-5,1.9503933711088118e-5,1.826995081659297e-5,1.950393371043504e-5,-1.8327699152676104e-5,1.829034645540947e-5,0.0,0.0,0.0,0.0,0.0,0.0,0.0,0.0,5.988860887367625e-13,6.147042093726103e-11,0.04017013497702139
2,0.2617993877991494,4,5,26,5.065290623275677,-0.006541685096334522,1.3260899841983442,-0.0017126091533951977,9.980400705543471e-5,-1.5896255469449528e-5,1.8205237502148552e-5,-1.826153064055065e-5,-1.6992882673687057e-5,-1.8261530640680126e-5,-1.6992882673865598e-5,1.8125998917127648e-5,-1.828380152468485e-5,0.0,0.0,0.0,0.0,0.0,0.0,0.0,0.0,5.988860887367625e-13,6.147042093726103e-11,0.04017013497702139
2,0.2617993877991494,4,3,27,5.065290623275667,-0.006541685096268352,-1.3260899841983416,0.0017126091533778743,9.980400705056782e-5,0.0,0.0,0.0,0.0,0.0,0.0,0.0,0.0,1.8125998917485048e-5,-1.8283801522711173e-5,1.82615306385597e-5,1.699288267413795e-5,1.8261530638742253e-5,1.6992882674060737e-5,-1.589625546974357e-5,1.820523750019152e-5,5.988860887367625e-13,6.147042093726103e-11,0.04017013497702139
2,0.2617993877991494,4,3,28,5.091300205300746,0.0050554803671649905,-1.332899276849419,-0.0013235216651544136,9.270567243024896e-5,0.0,0.0,0.0,0.0,0.0,0.0,0.0,0.0,1.5481801102343993e-5,-1.8227143100549006e-5,1.8125627290418828e-5,1.44339779870052e-5,1.812562728970278e-5,1.4433977988721928e-5,-1.3422377223833897e-5,1.79952073012592e-5,5.988860887367625e-13,6.147042093726103e-11,0.04017013497702139
2,0.2617993877991494,4,5,29,5.091300205300792,0.0050554803672440835,1.332899276849431,0.00132352166517512,9.270567242594194e-5,-1.3422377222243755e-5,1.7995207301153544e-5,-1.812562729034122e-5,-1.4433977985519571e-5,-1.8125627289549467e-5,-1.4433977987041806e-5,1.548180110076832e-5,-1.8227143100419352e-5,0.0,0.0,0.0,0.0,0.0,0.0,0.0,0.0,5.988860887367625e-13,6.147042093726103e-11,0.04017013497702139
2,0.2617993877991494,4,5,30,5.087562840654675,0.004457618120994688,1.3319208370730955,0.001167001695118804,8.386930081575586e-5,8.774007765375788e-6,-1.977629695039173e-5,1.942025762185853e-5,7.89067506689715e-6,1.942025762056139e-5,7.890675068007749e-6,-7.04616706462148e-6,1.904839811720717e-5,0.0,0.0,0.0,0.0,0.0,0.0,0.0,0.0,5.988860887367625e-13,6.147042093726103e-11,0.04017013497702139
2,0.2617993877991494,4,3,31,5.087562840654634,0.0044576181210942145,-1.3319208370730846,-0.00116700169514486,8.386930080968815e-5,0.0,0.0,0.0,0.0,0.0,0.0,0.0,0.0,-7.0461670698590645e-6,1.9048398113433463e-5,-1.9420257617850257e-5,-7.890675072144727e-6,-1.942025761700681e-5,-7.890675073294395e-6,8.774007770681928e-6,-1.9776296946610725e-5,5.988860887367625e-13,6.147042093726103e-11,0.04017013497702139
2,0.2617993877991494,4,3,32,5.074565747510482,-0.0032263296165453608,-1.328518206044777,0.0008446511184498399,4.1202753227107466e-5,0.0,0.0,0.0,0.0,0.0,0.0,0.0,0.0,-9.934056817908258e-6,-9.320741030987362e-7,1.28583770215002e-6,-1.0217524581847007e-5,1.2858377019830943e-6,-1.0217524581892965e-5,1.049840023798141e-5,1.6600337580920738e-6,5.988860887367625e-13,6.147042093726103e-11,0.04017013497702139
2,0.2617993877991494,4,5,33,5.0745657475105155,-0.003226329616538454,1.328518206044786,-0.0008446511184480317,4.120275322127693e-5,1.0498400236623466e-5,1.6600337571201899e-6,-1.2858377010045379e-6,1.0217524580507788e-5,-1.2858377011549277e-6,1.0217524580542686e-5,-9.934056816573155e-6,-9.320741020997955e-7,0.0,0.0,0.0,0.0,0.0,0.0,0.0,0.0,5.988860887367625e-13,6.147042093726103e-11,0.04017013497702139
2,0.2617993877991494,4,3,34,5.069126346558209,-0.005525562711364695,-1.3270941742054778,0.0014465889350810852,1.4503172138630474e-5,0.0,0.0,0.0,0.0,0.0,0.0,0.0,0.0,3.7398338680982433e-6,1.0468951751017473e-7,1.3231388788236445e-8,3.6248633444229115e-6,1.323138866006575e-8,3.624863344648127e-6,-3.50991203400848e-6,1.2390254905790447e-7,5.988860887367625e-13,6.147042093726103e-11,0.04017013497702139
2,0.2617993877991494,4,5,35,5.0691263465582175,-0.00552556271134686,1.3270941742054803,-0.0014465889350764162,1.450317213108464e-5,-3.5099120321666953e-6,1.2390254742099403e-7,-1.3231387190029058e-8,-3.624863342517385e-6,-1.323138696794549e-8,-3.6248633427913808e-6,3.7398338661779836e-6,1.0468951916545457e-7,0.0,0.0,0.0,0.0,0.0,0.0,0.0,0.0,5.988860887367625e-13,6.147042093726103e-11,0.04017013497702139
2,0.2617993877991494,4,5,36,7.205099560054151,0.0005078463620374965,1.8862906538540976,0.00013295386667744178,2.3257842755444292e-6,4.427784376974817e-7,-4.0485811027724597e-7,4.0563417599936083e-7,4.163791500654915e-7,4.0563417613295296e-7,4.1637915005028365e-7,-3.9079029720052455e-7,4.055766731195762e-7,0.0,0.0,0.0,0.0,0.0,0.0,0.0,0.0,5.988860887367625e-13,6.147042093726103e-11,0.04017013497702139
2,0.2617993877991494,4,3,37,7.2050995600542045,0.0005078463621578568,-1.8862906538541115,-0.00013295386670895203,2.325784275459854e-6,0.0,0.0,0.0,0.0,0.0,0.0,0.0,0.0,-3.907902970991441e-7,4.0557667319339336e-7,-4.056341760821373e-7,-4.163791499700482e-7,-4.0563417619755214e-7,-4.1637914994327946e-7,4.42778437596257e-7,-4.048581103505818e-7,5.988860887367625e-13,6.147042093726103e-11,0.04017013497702139
2,0.2617993877991494,4,5,38,7.204118989221627,-0.00047203929583819297,1.886033941010449,-0.0001235795986675805,2.2631326208741674e-6,-3.6935226762487656e-7,4.0488107919060386e-7,-4.056164786805988e-7,-3.942410121651624e-7,-4.0561647876656083e-7,-3.942410121319121e-7,4.1994020033609576e-7,-4.05562585788044e-7,0.0,0.0,0.0,0.0,0.0,0.0,0.0,0.0,5.988860887367625e-13,6.147042093726103e-11,0.04017013497702139
2,0.2617993877991494,4,3,39,7.204118989221527,-0.0004720392958597365,-1.8860339410104228,0.00012357959867322058,2.26313262065729e-6,0.0,0.0,0.0,0.0,0.0,0.0,0.0,0.0,4.199402002948586e-7,-4.055625857505356e-7,4.0561647865293576e-7,3.942410121275887e-7,4.056164787201713e-7,3.9424101209012016e-7,-3.693522675866955e-7,4.048810791540468e-7,5.988860887367625e-13,6.147042093726103e-11,0.04017013497702139
2,0.2617993877991494,4,5,40,5.644308173813156,0.004974894427653972,1.4776764244540193,0.0013024243155252096,7.40282441481863e-7,1.4677722699169518e-7,-1.2216625112642556e-7,1.2280399726666303e-7,1.383950966811382e-7,1.2280399726284661e-7,1.383950966164219e-7,-1.302582972634059e-7,1.231647078798236e-7,0.0,0.0,0.0,0.0,0.0,0.0,0.0,0.0,5.988860887367625e-13,6.147042093726103e-11,0.04017013497702139
2,0.2617993877991494,4,3,41,5.6443081738132115,0.004974894427570552,-1.4776764244540337,-0.0013024243155033706,7.402824410395771e-7,0.0,0.0,0.0,0.0,0.0,0.0,0.0,0.0,-1.3025829710059204e-7,1.2316470789657948e-7,-1.2280399729198272e-7,-1.3839509651833426e-7,-1.2280399727459096e-7,-1.383950964507721e-7,1.4677722682603645e-7,-1.2216625114660345e-7,5.988860887367625e-13,6.147042093726103e-11,0.04017013497702139
2,0.2617993877991494,4,3,42,5.635157068120991,-0.004173328691266708,-1.4752806705861252,0.0010925748964582497,6.464209400251786e-7,0.0,0.0,0.0,0.0,0.0,0.0,0.0,0.0,1.1313870929028069e-7,-1.225003847727201e-7,1.220966703617456e-7,1.0580931726684516e-7,1.2209667038825463e-7,1.0580931732522217e-7,-9.87239067812071e-8,1.2148109336096107e-7,5.988860887367625e-13,6.147042093726103e-11,0.04017013497702139
2,0.2617993877991494,4,5,43,5.635157068120945,-0.004173328691354949,1.475280670586113,-0.001092574896481351,6.464209400190891e-7,-9.872390664841669e-8,1.214810934747528e-7,-1.220966704826865e-7,-1.0580931713632851e-7,-1.2209667049318155e-7,-1.058093171907508e-7,1.131387091578021e-7,-1.225003848844563e-7,0.0,0.0,0.0,0.0,0.0,0.0,0.0,0.0,5.988860887367625e-13,6.147042093726103e-11,0.04017013497702139
2,0.2617993877991494,4,5,44,5.6578736911994,0.0033841166369670914,1.4812278686009166,0.0008859596637989009,6.259027126292012e-7,-9.456850790545513e-8,1.1844817603960893e-7,-1.1910357791805955e-7,-1.014236018956538e-7,-1.1910357795311038e-7,-1.01423601969615e-7,1.0851670003263657e-7,-1.195558946238505e-7,0.0,0.0,0.0,0.0,0.0,0.0,0.0,0.0,5.988860887367625e-13,6.147042093726103e-11,0.04017013497702139
2,0.2617993877991494,4,3,45,5.657873691199322,0.0033841166369084578,-1.4812278686008962,-0.0008859596637835507,6.259027123700078e-7,0.0,0.0,0.0,0.0,0.0,0.0,0.0,0.0,1.0851669979547936e-7,-1.1955589474231464e-7,1.1910357804436343e-7,1.014236016542636e-7,1.1910357806210546e-7,1.014236017350792e-7,-9.456850766657181e-8,1.1844817615597946e-7,5.988860887367625e-13,6.147042093726103e-11,0.04017013497702139
2,0.2617993877991494,4,5,46,5.65567007259801,0.003152740295276511,1.4806509626001298,0.0008253854791931001,5.462765776612693e-7,5.905577745942566e-8,-1.2794843420295022e-7,1.2571511025377098e-7,5.326844466119173e-8,1.2571511017939913e-7,5.326844460373327e-8,-4.773243523579412e-8,1.2337499801716157e-7,0.0,0.0,0.0,0.0,0.0,0.0,0.0,0.0,5.988860887367625e-13,6.147042093726103e-11,0.04017013497702139
2,0.2617993877991494,4,3,47,5.655670072597937,0.0031527402953273505,-1.4806509626001108,-0.0008253854792064099,5.46276577593933e-7,0.0,0.0,0.0,0.0,0.0,0.0,0.0,0.0,-4.773243545368196e-8,1.2337499790661641e-7,-1.2571511012903564e-7,-5.326844487571293e-8,-1.2571511008549528e-7,-5.3268444818259205e-8,5.90557776706951e-8,-1.2794843409559536e-7,5.988860887367625e-13,6.147042093726103e-11,0.04017013497702139
2,0.2617993877991494,4,3,48,5.647467716122581,-0.0016549875555187613,-1.4785035906963522,0.00043327472885002253,2.497216284241308e-7,0.0,0.0,0.0,0.0,0.0,0.0,0.0,0.0,-6.029717593108691e-8,-4.604967425670366e-9,6.718965302314143e-9,-6.205211238708017e-8,6.718965276165822e-9,-6.205211237612472e-8,6.379348681113139e-8,8.957053814826699e-9,5.988860887367625e-13,6.147042093726103e-11,0.04017013497702139
2,0.2617993877991494,4,5,49,5.647467716122637,-0.0016549875555035287,1.478503590696367,-0.0004332747288460346,2.49721628239136e-7,6.3793486780877e-8,8.957053660598593e-9,-6.718965149371584e-9,6.205211236403057e-8,-6.718965122716917e-9,6.205211233945065e-8,-6.029717590135918e-8,-4.604967273485455e-9,0.0,0.0,0.0,0.0,0.0,0.0,0.0,0.0,5.988860887367625e-13,6.147042093726103e-11,0.04017013497702139
2,0.2617993877991494,4,3,50,5.643880872367687,-0.0032691596674245373,-1.4775645571971896,0.0008558639995494147,8.396152616558398e-8,0.0,0.0,0.0,0.0,0.0,0.0,0.0,0.0,2.165852546169239e-8,1.5302556189147452e-10,5.155674532625175e-10,2.0978804944369936e-8,5.155674382165306e-10,2.0978804958786986e-8,-2.030007361777238e-8,1.142201854076304e-9,5.988860887367625e-13,6.147042093726103e-11,0.04017013497702139
2,0.2617993877991494,4,5,51,5.643880872367699,-0.003269159667388683,1.477564557197193,-0.0008558639995400281,8.396152608115467e-8,-2.030007359638731e-8,1.1422018470998223e-9,-5.15567447997594e-10,-2.0978804920980154e-8,-5.155674328804233e-10,-2.0978804940178754e-8,2.1658525441226225e-8,1.530255654799048e-10,0.0,0.0,0.0,0.0,0.0,0.0,0.0,0.0,5.988860887367625e-13,6.147042093726103e-11,0.04017013497702139
2,0.2617993877991494,4,5,52,3.523259549272079,0.00015279035809877967,0.9223871930569373,4.000042221187333e-5,4.488924391512678e-8,-1.0800986388298343e-8,-1.2265888624971378e-9,1.6179607441405825e-9,-1.1102232570288763e-8,1.6179607359389482e-9,-1.1102232516782674e-8,1.1400220575200856e-8,2.031533823677943e-9,0.0,0.0,0.0,0.0,0.0,0.0,0.0,0.0,5.988860887367625e-13,6.147042093726103e-11,0.04017013497702139
2,0.2617993877991494,4,3,53,3.523259549272087,0.00015279035815372703,-0.9223871930569394,-4.000042222625851e-5,4.488924376131007e-8,0.0,0.0,0.0,0.0,0.0,0.0,0.0,0.0,1.140022053006043e-8,2.031533861088771e-9,-1.6179607838706393e-9,1.1102232525935522e-8,-1.6179607737792066e-9,1.1102232472073354e-8,-1.0800986344497085e-8,-1.2265889026176416e-9,5.988860887367625e-13,6.147042093726103e-11,0.04017013497702139
2,0.2617993877991494,4,3,54,3.5239034403941933,0.0007964424953914445,-0.9225557633585162,-0.00020850815771070706,9.802029463284522e-9,0.0,0.0,0.0,0.0,0.0,0.0,0.0,0.0,1.4228145651379598e-9,-1.899971154812272e-9,1.9135566447878873e-9,1.5298000611367597e-9,1.9135566251606367e-9,1.5298000689452766e-9,-1.6406096145557155e-9,1.9240786905056816e-9,5.988860887367625e-13,6.147042093726103e-11,0.04017013497702139
2,0.2617993877991494,4,5,55,3.523903440394215,0.0007964424953700588,0.9225557633585219,0.0002085081577051083,9.8020293688086e-9,-1.6406096005646226e-9,1.9240786711471038e-9,-1.91355662784558e-9,-1.529800046586263e-9,-1.9135566047683454e-9,-1.529800054537609e-9,1.4228145501976844e-9,-1.899971136736702e-9,0.0,0.0,0.0,0.0,0.0,0.0,0.0,0.0,5.988860887367625e-13,6.147042093726103e-11,0.04017013497702139
2,0.2617993877991494,4,3,56,7.719573453133307,0.010226981775025904,-2.020979604100866,-0.00267741756773484,9.50458127838454e-10,0.0,0.0,0.0,0.0,0.0,0.0,0.0,0.0,-1.4430896981929356e-10,1.7930478369143572e-10,-1.802592843285715e-10,-1.5472251827682194e-10,-1.8025928439432985e-10,-1.5472251801400655e-10,1.6549627522956614e-10,-1.8090397978658374e-10,5.988860887367625e-13,6.147042093726103e-11,0.04017013497702139
2,0.2617993877991494,4,5,57,7.719573453133144,0.010226981775207544,2.020979604100823,0.0026774175677823932,9.504581218012393e-10,1.6549627346551878e-10,-1.80903979328937e-10,1.8025928387154793e-10,1.5472251650729732e-10,1.8025928387576697e-10,1.5472251628525115e-10,-1.4430896808695766e-10,1.7930478317292546e-10,0.0,0.0,0.0,0.0,0.0,0.0,0.0,0.0,5.988860887367625e-13,6.147042093726103e-11,0.04017013497702139
2,0.2617993877991494,4,5,58,7.704634588147146,-0.002067357623566593,2.017068618393074,-0.0005412329602116384,7.781308274771538e-10,-5.325641315748256e-11,1.807502096866704e-10,-1.847229278972046e-10,-6.084006745360885e-11,-1.8472292745280273e-10,-6.084006779345066e-11,6.879304590660354e-11,-1.885735962057161e-10,0.0,0.0,0.0,0.0,0.0,0.0,0.0,0.0,5.988860887367625e-13,6.147042093726103e-11,0.04017013497702139
2,0.2617993877991494,4,3,59,7.704634588146831,-0.0020673576236340165,-2.017068618392992,0.0005412329602292899,7.781308256537823e-10,0.0,0.0,0.0,0.0,0.0,0.0,0.0,0.0,6.879304528945911e-11,-1.8857359596548846e-10,1.8472292769688488e-10,6.08400667915641e-11,1.8472292711569667e-10,6.084006717032167e-11,-5.325641249330908e-11,1.8075020938853207e-10,5.988860887367625e-13,6.147042093726103e-11,0.04017013497702139
2,0.2617993877991494,4,5,60,7.819411361119158,-0.0001683134457309745,2.0471171072907093,-4.406435705073448e-5,5.828364573159833e-10,-9.761854731349742e-11,1.0193695250730391e-10,-1.0197105911480092e-10,-1.0403098344384813e-10,-1.0197105883425413e-10,-1.0403098327126117e-10,1.1064715324096825e-10,-1.0179689973624137e-10,0.0,0.0,0.0,0.0,0.0,0.0,0.0,0.0,5.988860887367625e-13,6.147042093726103e-11,0.04017013497702139
2,0.2617993877991494,4,3,61,7.8194113611191565,-0.00016831344579849514,-2.047117107290709,4.406435706841134e-5,5.828364507304792e-10,0.0,0.0,0.0,0.0,0.0,0.0,0.0,0.0,1.1064715446038961e-10,-1.0179689616339068e-10,1.0197105552097761e-10,1.0403098455896334e-10,1.019710552424645e-10,1.0403098458212572e-10,-9.761854852853318e-11,1.019369488979826e-10,5.988860887367625e-13,6.147042093726103e-11,0.04017013497702139
2,0.2617993877991494,4,3,62,7.820343820387906,0.000763743530060746,-2.0473612245564152,-0.00019994758860546457,5.682007658618784e-10,0.0,0.0,0.0,0.0,0.0,0.0,0.0,0.0,-9.26096279816964e-11,1.0176486022908459e-10,-1.0195705258956697e-10,-9.885817388473886e-11,-1.0195705261505657e-10,-9.885817384528977e-11,1.0531043593398519e-10,-1.0195132491221755e-10,5.988860887367625e-13,6.147042093726103e-11,0.04017013497702139
2,0.2617993877991494,4,5,63,7.820343820387869,0.0007637435299905002,2.0473612245564055,0.00019994758858707425,5.68200758427106e-10,1.0531043690989255e-10,-1.019513213533241e-10,1.0195704899513393e-10,9.8858174793862e-11,1.0195704912222435e-10,9.885817490029522e-11,-9.260962897542828e-11,1.0176485670222711e-10,0.0,0.0,0.0,0.0,0.0,0.0,0.0,0.0,5.988860887367625e-13,6.147042093726103e-11,0.04017013497702139
2,0.2617993877991494,4,5,64,7.6940299988426855,-0.008454237335532648,2.0142923434053053,-0.0022133141587511594,4.0547680910430943e-10,-9.812456881338396e-11,-3.598957112484018e-12,6.916098034707293e-12,-1.0110761938617431e-10,6.9160977797110754e-12,-1.0110761922223734e-10,1.0407663539600387e-10,1.043543990792976e-11,0.0,0.0,0.0,0.0,0.0,0.0,0.0,0.0,5.988860887367625e-13,6.147042093726103e-11,0.04017013497702139
2,0.2617993877991494,4,3,65,7.694029998843151,-0.008454237335425977,-2.014292343405427,0.002213314158723233,4.0547680620079123e-10,0.0,0.0,0.0,0.0,0.0,0.0,0.0,0.0,1.040766345476916e-10,1.0435440881926394e-11,-6.916098977632652e-12,1.0110761866354137e-10,-6.916098723168667e-12,1.0110761836098189e-10,-9.812456807429409e-11,-3.5989580249475204e-12,5.988860887367625e-13,6.147042093726103e-11,0.04017013497702139
2,0.2617993877991494,4,3,66,7.701552274978296,0.001701460408038159,-2.0162616706924643,-0.000445441293188881,1.5383013241093785e-10,0.0,0.0,0.0,0.0,0.0,0.0,0.0,0.0,-3.7235019687520846e-11,-1.1117197712298318e-12,2.3624399381670555e-12,-3.837527940249192e-11,2.3624398612572804e-12,-3.837527944889886e-11,3.951073753362632e-11,3.68990578269452e-12,5.988860887367625e-13,6.147042093726103e-11,0.04017013497702139
2,0.2617993877991494,4,5,67,7.701552274978393,0.0017014604080398815,2.0162616706924896,0.00044544129318933195,1.538301315147337e-10,3.951073729626218e-11,3.6899057102266855e-12,-2.3624398922166167e-12,3.837527919359346e-11,-2.362439790595336e-12,3.837527921650842e-11,-3.723501948328113e-11,-1.1117197256295118e-12,0.0,0.0,0.0,0.0,0.0,0.0,0.0,0.0,5.988860887367625e-13,6.147042093726103e-11,0.04017013497702139
2,0.2617993877991494,4,5,68,8.326408358293143,0.00016470991533271834,2.1798486107668658,4.3120954998555395e-5,4.66941158117771e-15,-1.1244961485882969e-15,-1.1874549770058295e-16,1.5920880057179665e-16,-1.1561515867312162e-15,1.592082171632795e-16,-1.1561501768282402e-15,1.1874848497516043e-15,2.0198347199068038e-16,0.0,0.0,0.0,0.0,0.0,0.0,0.0,0.0,5.988860887367625e-13,6.147042093726103e-11,0.04017013497702139
2,0.2617993877991494,4,3,69,8.326408358293063,0.0001647099153863317,-2.179848610766845,-4.312095501259134e-5,4.669410065403652e-15,0.0,0.0,0.0,0.0,0.0,0.0,0.0,0.0,1.1874843006120379e-15,2.0198472347085685e-16,-1.5920987988999665e-16,1.156151064491231e-15,-1.5920951142682605e-16,1.1561496054942146e-15,-1.1244956024966048e-15,-1.1874662473575943e-16,5.988860887367625e-13,6.147042093726103e-11,0.04017013497702139
2,0.2617993877991494,4,5,70,9.874638665602967,-0.0066395739892067315,2.5851743573926664,-0.0017382364056214785,1.7591525884988467e-15,-4.2477797958444005e-16,-3.2211016419825285e-17,4.7096166483139697e-17,-4.3714873757118853e-16,4.7096413550621097e-17,-4.3714859015327865e-16,4.494242903883901e-16,6.285577076397609e-17,0.0,0.0,0.0,0.0,0.0,0.0,0.0,0.0,5.988860887367625e-13,6.147042093726103e-11,0.04017013497702139
2,0.2617993877991494,4,3,71,9.874638665603,-0.006639573989265767,-2.585174357392675,0.001738236405636934,1.759152111850089e-15,0.0,0.0,0.0,0.0,0.0,0.0,0.0,0.0,4.494242198142195e-16,6.285515036785532e-17,-4.709556809209666e-17,4.371487085169958e-16,-4.709572905688999e-17,4.371485188033527e-16,-4.247779459795166e-16,-3.221035418616543e-17,5.988860887367625e-13,6.147042093726103e-11,0.04017013497702139
2,0.2617993877991494,4,5,72,8.327038355030636,0.0007944773717675803,2.1800135435270565,0.00020799368954902976,1.1685801994736686e-15,-1.7292932953049958e-16,2.4691819934437145e-16,-2.444157967193615e-16,-1.5989743600447048e-16,-2.4441513846416663e-16,-1.598973972204742e-16,1.4735401113276046e-16,-2.415924280424169e-16,0.0,0.0,0.0,0.0,0.0,0.0,0.0,0.0,5.988860887367625e-13,6.147042093726103e-11,0.04017013497702139
2,0.2617993877991494,4,3,73,8.327038355030561,0.0007944773717210429,-2.180013543527037,-0.00020799368953684628,1.1685798416195928e-15,0.0,0.0,0.0,0.0,0.0,0.0,0.0,0.0,1.473539308417155e-16,-2.4159236385763826e-16,2.444157439579954e-16,1.5989731286721991e-16,2.44415087156852e-16,1.5989735210068608e-16,-1.7292924224244048e-16,2.469181603089549e-16,5.988860887367625e-13,6.147042093726103e-11,0.04017013497702139
2,0.2617993877991494,4,5,74,9.888324717301902,0.007037647598049972,2.588757357348835,0.0018424518327156368,3.471824899916476e-16,-7.180573020543928e-17,5.352612902745883e-17,-5.403527364310099e-17,-6.789625778859369e-17,-5.403524489784819e-17,-6.789635371632864e-17,6.409481643444955e-17,-5.4408492804758205e-17,0.0,0.0,0.0,0.0,0.0,0.0,0.0,0.0,5.988860887367625e-13,6.147042093726103e-11,0.04017013497702139
2,0.2617993877991494,4,3,75,9.888324717301968,0.007037647598115197,-2.5887573573488525,-0.001842451832732713,3.471810194311923e-16,0.0,0.0,0.0,0.0,0.0,0.0,0.0,0.0,6.409456645000768e-17,-5.440824582874082e-17,5.4035020715438196e-17,6.789600206424743e-17,5.403498654580524e-17,6.789607709640076e-17,-7.180544674964297e-17,5.352586470079842e-17,5.988860887367625e-13,6.147042093726103e-11,0.04017013497702139
2,0.2617993877991494,4,3,76,10.448517837264548,-0.003975827246585572,-2.7354155732043512,0.0010408691391512806,4.987846874293094e-18,0.0,0.0,0.0,0.0,0.0,0.0,0.0,0.0,1.1205240908567123e-18,6.32449740145477e-19,-5.781202623813841e-19,1.1044997596295056e-18,-5.78126504788129e-19,1.1044911415302695e-18,-1.0873084554619314e-18,-5.260050621025157e-19,5.988860887367625e-13,6.147042093726103e-11,0.04017013497702139
2,0.2617993877991494,4,5,77,10.448517837264669,-0.0039758272465695195,2.7354155732043828,-0.001040869139147078,4.987680201913735e-18,-1.0872231130862382e-18,-5.26082099812448e-19,5.78194087968014e-19,-1.1044135715925316e-18,5.78203488693941e-19,-1.1044042373273568e-18,1.1204365247679436e-18,6.325235113854769e-19,0.0,0.0,0.0,0.0,0.0,0.0,0.0,0.0,5.988860887367625e-13,6.147042093726103e-11,0.04017013497702139
2,0.2617993877991494,4,3,78,10.457287270128445,0.004791042792334577,-2.737711405359465,-0.0012542920699527196,3.1137948433359633e-18,0.0,0.0,0.0,0.0,0.0,0.0,0.0,0.0,-3.214297602819162e-19,-6.820949661687513e-19,7.141430801945211e-19,-3.0932679389682297e-19,7.141432087123229e-19,-3.093144645403341e-19,2.9578262878777255e-19,7.468087933204697e-19,5.988860887367625e-13,6.147042093726103e-11,0.04017013497702139
2,0.2617993877991494,4,5,79,10.457287270128447,0.004791042792273407,2.7377114053594656,0.0012542920699367052,3.1137858174882622e-18,2.9574763582250674e-19,7.468207133349604e-19,-7.141540296829666e-19,3.092898715362537e-19,-7.141592098020375e-19,3.0927776690956115e-19,-3.2139136863847303e-19,-6.821100768518171e-19,0.0,0.0,0.0,0.0,0.0,0.0,0.0,0.0,5.988860887367625e-13,6.147042093726103e-11,0.04017013497702139
3,0.15114994701951814,5,4,0,0.20299681381030776,0.018420402695829237,-0.030682957652559007,-0.0027842428915527784,38.418822756683696,0.0,0.0,0.0,0.0,0.0,0.0,0.0,0.0,-6.3584243320377585,6.791619118438622,-6.798640840569316,-6.781060447525265,-6.79864084062392,-6.781060447473585,7.217280268937577,-6.7920868581542155,1.5955480760108843e-12,1.8321014734391347e-10,0.03477645577086858
3,0.15114994701951814,5,6,1,0.20299681381024204,0.018420402695935558,0.030682957652549074,0.002784242891568849,38.41882275668109,7.217280268937105,-6.792086858153753,6.798640840568641,6.781060447524834,6.798640840623645,6.781060447473126,-6.358424332037339,6.7916191184381365,0.0,0.0,0.0,0.0,0.0,0.0,0.0,0.0,1.5955480760108843e-12,1.8321014734391347e-10,0.03477645577086858
3,0.15114994701951814,5,6,2,2.0859186996362946,0.00529498216343088,0.31528650093704813,0.0008003362734718711,2.0490148326939597,0.4557415593935473,-0.26774697143408277,0.2732530281853103,0.4331346093011179,0.27325302819593256,0.4331346092883495,-0.4110732984373534,0.2778922700892225,0.0,0.0,0.0,0.0,0.0,0.0,0.0,0.0,1.5955480760108843e-12,1.8321014734391347e-10,0.03477645577086858
3,0.15114994701951814,5,4,3,2.085918699636373,0.0052949821634626915,-0.31528650093706,-0.0008003362734766794,2.049014832630197,0.0,0.0,0.0,0.0,0.0,0.0,0.0,0.0,-0.4110732984461159,0.2778922700456485,-0.2732530281420768,-0.433134609309842,-0.2732530281517179,-0.4331346092970432,0.45574155940227995,-0.26774697139021786,1.5955480760108843e-12,1.8321014734391347e-10,0.03477645577086858
3,0.15114994701951814,5,6,4,2.0708852051128455,-0.0007557839342590758,0.31301418903631056,-0.00011423670162146229,1.5833154410039265,-0.257563478736194,0.2840237226769112,-0.2845897763513679,-0.27497435094840916,-0.2845897763610055,-0.27497435093526906,0.2929538521827723,-0.2846053127044429,0.0,0.0,0.0,0.0,0.0,0.0,0.0,0.0,1.5955480760108843e-12,1.8321014734391347e-10,0.03477645577086858
3,0.15114994701951814,5,4,5,2.0708852051127566,-0.0007557839342737342,-0.31301418903629713,0.00011423670162367791,1.5833154409076302,0.0,0.0,0.0,0.0,0.0,0.0,0.0,0.0,0.2929538521892384,-0.2846053126647589,0.2845897763122688,0.2749743509547098,0.28458977632072335,0.27497435094176864,-0.2575634787426092,0.28402372263722514,1.5955480760108843e-12,1.8321014734391347e-10,0.03477645577086858
3,0.15114994701951814,5,6,6,4.299229622968176,0.0023418120243221437,0.6498283297363828,0.00035396476340596254,1.2174940868701571,0.24758393604896728,-0.19324096896251655,0.19472212135887323,0.23383812063073744,0.1947221213708802,0.23383812061558962,-0.2204812813756982,0.1957352085505049,0.0,0.0,0.0,0.0,0.0,0.0,0.0,0.0,1.5955480760108843e-12,1.8321014734391347e-10,0.03477645577086858
3,0.15114994701951814,5,4,7,4.29922962297019,0.0023418120225211937,-0.6498283297366871,-0.000353964763133749,1.217494086475002,0.0,0.0,0.0,0.0,0.0,0.0,0.0,0.0,-0.22048128131490308,0.19573520846928938,-0.19472212128985633,-0.2338381205490878,-0.1947221212771671,-0.23383812057554695,0.24758393598822057,-0.1932409688808651,1.5955480760108843e-12,1.8321014734391347e-10,0.03477645577086858
3,0.15114994701951814,5,6,8,4.288977376555075,-0.0004638409036779277,0.6482787032342116,-7.010952801640419e-5,1.0237044791667862,-0.16802738455148147,0.1822682067541269,-0.18254202330962807,-0.17928713357478973,-0.18254202332143146,-0.17928713355884357,0.19091160769061788,-0.18245690088538655,0.0,0.0,0.0,0.0,0.0,0.0,0.0,0.0,1.5955480760108843e-12,1.8321014734391347e-10,0.03477645577086858
3,0.15114994701951814,5,4,9,4.2889773765515695,-0.00046384090423119695,-0.6482787032336816,7.01095281000308e-5,1.0237044787693401,0.0,0.0,0.0,0.0,0.0,0.0,0.0,0.0,0.19091160762790907,-0.18245690080767427,0.18254202324421995,0.17928713349090378,0.18254202323156507,0.1792871335171391,-0.16802738448875498,0.18226820667643776,1.5955480760108843e-12,1.8321014734391347e-10,0.03477645577086858
3,0.15114994701951814,5,4,10,2.13159866659102,0.03162720513986099,-0.3221910255221082,-0.004780450381265421,0.5801904214549738,0.0,0.0,0.0,0.0,0.0,0.0,0.0,0.0,0.004553591562944652,0.14042550661949096,-0.1450113356373266,0.0001130790368542231,-0.14501133563737714,0.00011307903794143676,0.004617456095545404,-0.14959710079069982,1.5955480760108843e-12,1.8321014734391347e-10,0.03477645577086858
3,0.15114994701951814,5,6,11,2.1315986665910733,0.031627205139844586,0.32219102552211626,0.004780450381262941,0.5801904214391294,0.004617456097808857,-0.1495971007866069,0.14501133563341878,-0.00011307903457533769,0.14501133563336616,-0.00011307903570317163,0.004553591560691024,0.140425506615661,0.0,0.0,0.0,0.0,0.0,0.0,0.0,0.0,1.5955480760108843e-12,1.8321014734391347e-10,0.03477645577086858
3,0.15114994701951814,5,4,12,4.339203371964965,0.03368632758960126,-0.655870359779419,-0.005091686630450363,0.12945555543002696,0.0,0.0,0.0,0.0,0.0,0.0,0.0,0.0,0.00875100330178215,0.03010286906470145,-0.031339749995590936,0.008044765416446411,-0.03133974999590027,0.008044765417016684,-0.007275832004873878,-0.03259265776211125,1.5955480760108843e-12,1.8321014734391347e-10,0.03477645577086858
3,0.15114994701951814,5,6,13,4.339203371964354,0.03368632758721704,0.6558703597793266,0.005091686630089988,0.12945555540047474,-0.007275832002080375,-0.03259265775496258,0.03133974998870446,-0.008044765413494758,0.0313397499889479,-0.008044765414460956,0.00875100329906613,0.03010286905800017,0.0,0.0,0.0,0.0,0.0,0.0,0.0,0.0,1.5955480760108843e-12,1.8321014734391347e-10,0.03477645577086858
3,0.15114994701951814,5,4,14,4.328958945537844,0.019239107468941828,-0.6543219152677142,-0.0029079900746333733,0.02003469386530936,0.0,0.0,0.0,0.0,0.0,0.0,0.0,0.0,-0.004848581248400483,0.00017155828970754532,-1.8690132980013312e-5,-0.005007387669715968,-1.8690133017636428e-5,-0.005007387669799598,0.005166221456585254,0.00014419282641162968,1.5955480760108843e-12,1.8321014734391347e-10,0.03477645577086858
3,0.15114994701951814,5,6,15,4.3289589455379085,0.019239107468783233,0.654321915267724,0.0029079900746094016,0.020034693860388034,0.005166221455335281,0.00014419282344593624,1.869013602998808e-5,0.00500738766853225,1.8690135880696478e-5,0.005007387668503132,-0.00484858124716454,0.0001715582926534755,0.0,0.0,0.0,0.0,0.0,0.0,0.0,0.0,1.5955480760108843e-12,1.8321014734391347e-10,0.03477645577086858
3,0.15114994701951814,5,4,16,4.362260665160763,0.016575231438820007,-0.6593554684243773,-0.0025053453538138957,0.0037509865182776634,0.0,0.0,0.0,0.0,0.0,0.0,0.0,0.0,0.00046038364314432255,-0.0008510791151380812,0.0008382941180822352,0.0004197529309170789,0.0008382941181606643,0.0004197529308432255,-0.00038079796567219736,0.0008246679395002932,1.5955480760108843e-12,1.8321014734391347e-10,0.03477645577086858
3,0.15114994701951814,5,6,17,4.362260665160065,0.016575231438312795,0.6593554684242717,0.0025053453537372304,0.0037509865169939637,-0.00038079796433551877,0.0008246679398108543,-0.0008382941184313698,-0.000419752929527072,-0.0008382941184344682,-0.0004197529295582761,0.000460383641805323,-0.0008510791154478313,0.0,0.0,0.0,0.0,0.0,0.0,0.0,0.0,1.5955480760108843e-12,1.8321014734391347e-10,0.03477645577086858
3,0.15114994701951814,5,4,18,4.364138919357378,0.018520435815173108,-0.6596393664466849,-0.0027993628922418014,0.001549906836804264,0.0,0.0,0.0,0.0,0.0,0.0,0.0,0.0,9.034242760057873e-5,0.0003642914256255188,-0.00037875168085040533,8.130424187971039e-5,-0.00037875168088529333,8.130424192521191e-5,-7.150839099204331e-5,-0.0003933737869313205,1.5955480760108843e-12,1.8321014734391347e-10,0.03477645577086858
3,0.15114994701951814,5,6,19,4.364138919357345,0.018520435815089088,0.65963936644668,0.002799362892229102,0.0015499068349801343,-7.150839158266323e-5,-0.00039337378633577,0.00037875168027160064,-8.130424248792337e-5,0.0003787516802792754,-8.130424249336734e-5,9.034242818548504e-5,0.00036429142503508887,0.0,0.0,0.0,0.0,0.0,0.0,0.0,0.0,1.5955480760108843e-12,1.8321014734391347e-10,0.03477645577086858
3,0.15114994701951814,5,6,20,6.549439197768558,0.01842919732906836,0.989947387750273,0.002785572199900928,0.0006517792487749272,0.0001245922948188342,-0.00011289983598461778,0.00011315051129036779,0.0001171951920642732,0.00011315051128333412,0.00011719519206405703,-0.00011002415571486037,0.00011316657013814612,0.0,0.0,0.0,0.0,0.0,0.0,0.0,0.0,1.5955480760108843e-12,1.8321014734391347e-10,0.03477645577086858
3,0.15114994701951814,5,4,21,6.549439197769541,0.018429197328971112,-0.9899473877504215,-0.0027855721998862287,0.0006517792480184962,0.0,0.0,0.0,0.0,0.0,0.0,0.0,0.0,-0.00011002415556584848,0.0001131665700246648,-0.00011315051117808536,-0.00011719519191667766,-0.0001131505111702415,-0.00011719519190356008,0.00012459229465971135,-0.00011289983587278782,1.5955480760108843e-12,1.8321014734391347e-10,0.03477645577086858
3,0.15114994701951814,5,6,22,6.57791361780192,0.016916581040588366,0.9942512948297272,0.0025569403280363166,0.00038902962842779195,-6.178455783392734e-5,7.111790589902023e-5,-7.134804440558581e-5,-6.605857715439819e-5,-7.134804441373702e-5,-6.605857713283479e-5,7.047516028314507e-5,-7.144592320290975e-5,0.0,0.0,0.0,0.0,0.0,0.0,0.0,0.0,1.5955480760108843e-12,1.8321014734391347e-10,0.03477645577086858
3,0.15114994701951814,5,4,23,6.577913617803031,0.01691658104142615,-0.994251294829895,-0.002556940328162948,0.00038902962698245575,0.0,0.0,0.0,0.0,0.0,0.0,0.0,0.0,7.047515975865011e-5,-7.14459231958084e-5,7.13480443823061e-5,6.605857662497544e-5,7.134804442373141e-5,6.605857661318543e-5,-6.178455730936956e-5,7.11179058917893e-5,1.5955480760108843e-12,1.8321014734391347e-10,0.03477645577086858
3,0.15114994701951814,5,6,24,6.57937173722703,0.018117455792523288,0.9944716895035806,0.002738452483168357,0.00023382277270358911,4.2208282737034495e-5,-4.308955604760983e-5,4.302145942525983e-5,3.9553956587461084e-5,4.302145943469042e-5,3.9553956567116586e-5,-3.698559414341444e-5,4.28741689361607e-5,0.0,0.0,0.0,0.0,0.0,0.0,0.0,0.0,1.5955480760108843e-12,1.8321014734391347e-10,0.03477645577086858
3,0.15114994701951814,5,4,25,6.579371737227485,0.01811745579310548,-0.9944716895036495,-0.0027384524832563557,0.0002338227714243286,0.0,0.0,0.0,0.0,0.0,0.0,0.0,0.0,-3.6985593620207785e-5,4.287416898283423e-5,-4.302145945589199e-5,-3.955395605882105e-5,-4.302145949827382e-5,-3.955395604862195e-5,4.22082822129805e-5,-4.308955609412656e-5,1.5955480760108843e-12,1.8321014734391347e-10,0.03477645577086858
3,0.15114994701951814,5,4,26,8.77254090504395,0.018428497065145814,-1.3259690930239487,-0.0027854663550461356,0.00010933492369717903,0.0,0.0,0.0,0.0,0.0,0.0,0.0,0.0,-1.8292586818401858e-5,1.9141388323865785e-5,-1.914903022987543e-5,-1.9495495409076134e-5,-1.914903023127769e-5,-1.94954954087649e-5,2.073666303063573e-5,-1.9117642887370126e-5,1.5955480760108843e-12,1.8321014734391347e-10,0.03477645577086858
3,0.15114994701951814,5,6,27,8.772540905043423,0.018428497067398426,1.325969093023869,0.0027854663553866176,0.0001093349236719418,2.073666302934409e-5,-1.9117642879111023e-5,1.9149030221811018e-5,1.9495495408208016e-5,1.9149030222328677e-5,1.9495495408662575e-5,-1.829258681870334e-5,1.914138831517453e-5,0.0,0.0,0.0,0.0,0.0,0.0,0.0,0.0,1.5955480760108843e-12,1.8321014734391347e-10,0.03477645577086858
3,0.15114994701951814,5,4,28,8.79204545363482,0.0173227107512408,-1.3289172045100985,-0.0026183268122844843,7.09270527262414e-5,0.0,0.0,0.0,0.0,0.0,0.0,0.0,0.0,1.2964487243685504e-5,-1.2910811856550698e-5,1.2900145518800792e-5,1.2159138137381938e-5,1.2900145519800918e-5,1.2159138135703666e-5,-1.137956497648475e-5,1.2865135129953866e-5,1.5955480760108843e-12,1.8321014734391347e-10,0.03477645577086858
3,0.15114994701951814,5,6,29,8.792045453634728,0.017322710751539218,1.3289172045100845,0.00261832681232959,7.092705264822888e-5,-1.1379564902381687e-5,1.2865135172961931e-5,-1.2900145558744872e-5,-1.2159138060840158e-5,-1.2900145565924271e-5,-1.2159138064172235e-5,1.2964487169627513e-5,-1.2910811899457362e-5,0.0,0.0,0.0,0.0,0.0,0.0,0.0,0.0,1.5955480760108843e-12,1.8321014734391347e-10,0.03477645577086858
3,0.15114994701951814,5,4,30,8.793155239108291,0.018435383351578433,-1.3290849485256166,-0.002786507216875587,3.538871511526638e-5,0.0,0.0,0.0,0.0,0.0,0.0,0.0,0.0,-5.6600619084610245e-6,6.434626324240754e-6,-6.453166845249033e-6,-6.048976587757947e-6,-6.453166844834266e-6,-6.048976586050262e-6,6.450785488272497e-6,-6.459596518646249e-6,1.5955480760108843e-12,1.8321014734391347e-10,0.03477645577086858
3,0.15114994701951814,5,6,31,8.793155239108904,0.018435383350991826,1.3290849485257092,0.0027865072167869214,3.5388715060298544e-5,6.450785414532869e-6,-6.459596569330253e-6,6.4531668928231806e-6,6.048976511165927e-6,6.45316689930907e-6,6.04897651369066e-6,-5.660061833180898e-6,6.434626375393227e-6,0.0,0.0,0.0,0.0,0.0,0.0,0.0,0.0,1.5955480760108843e-12,1.8321014734391347e-10,0.03477645577086858
3,0.15114994701951814,5,6,32,6.2480657994803295,0.005469981921275957,0.9443948145659151,0.000826787477598583,2.6065791293827133e-5,5.719325705388801e-6,-3.5358213985364395e-6,3.5993664669503116e-6,5.430234351142516e-6,3.599366466619315e-6,5.4302343513660105e-6,-5.148330862406723e-6,3.6520438784683606e-6,0.0,0.0,0.0,0.0,0.0,0.0,0.0,0.0,1.5955480760108843e-12,1.8321014734391347e-10,0.03477645577086858
3,0.15114994701951814,5,4,33,6.2480657994800115,0.005469981921362006,-0.944394814565867,-0.0008267874776115893,2.6065791293408546e-5,0.0,0.0,0.0,0.0,0.0,0.0,0.0,0.0,-5.148330862227185e-6,3.6520438785767867e-6,-3.599366467042623e-6,-5.430234350896067e-6,-3.599366466748989e-6,-5.430234351214965e-6,5.719325705169562e-6,-3.5358213986510524e-6,1.5955480760108843e-12,1.8321014734391347e-10,0.03477645577086858
3,0.15114994701951814,5,6,34,6.233421056251567,-0.0003556195365540492,0.9421812624027731,-5.375187410925013e-5,2.192208495744578e-5,-3.564554412269329e-6,3.933942198107607e-6,-3.941876929830214e-6,-3.8056166596436286e-6,-3.941876930256733e-6,-3.805616659455951e-6,4.05455504158272e-6,-3.942192552521177e-6,0.0,0.0,0.0,0.0,0.0,0.0,0.0,0.0,1.5955480760108843e-12,1.8321014734391347e-10,0.03477645577086858
3,0.15114994701951814,5,4,35,6.2334210562522205,-0.00035561953667295754,-0.9421812624028719,5.375187412722312e-5,2.192208495671565e-5,0.0,0.0,0.0,0.0,0.0,0.0,0.0,0.0,4.054555041514336e-6,-3.942192552294354e-6,3.941876929723191e-6,3.8056166595570254e-6,3.9418769299493375e-6,3.805616659447178e-6,-3.5645544122402693e-6,3.93394219791992e-6,1.5955480760108843e-12,1.8321014734391347e-10,0.03477645577086858
3,0.15114994701951814,5,6,36,6.547963436238286,0.017420526132769776,0.9897243264731589,0.002633111602020283,2.075335169352693e-5,-3.183134093139761e-6,3.889058541438219e-6,-3.908027061026021e-6,-3.410678911252303e-6,-3.908027054614369e-6,-3.4106789118859842e-6,3.6460329543342437e-6,-3.920166406866852e-6,0.0,0.0,0.0,0.0,0.0,0.0,0.0,0.0,1.5955480760108843e-12,1.8321014734391347e-10,0.03477645577086858
3,0.15114994701951814,5,4,37,6.547963436237104,0.0174205261316955,-0.9897243264729803,-0.0026331116018579064,2.075335154942898e-5,0.0,0.0,0.0,0.0,0.0,0.0,0.0,0.0,3.6460328990753503e-6,-3.9201664071895465e-6,3.908027061620093e-6,3.4106788620247393e-6,3.908027054854185e-6,3.4106788506222744e-6,-3.183134037903421e-6,3.889058541837223e-6,1.5955480760108843e-12,1.8321014734391347e-10,0.03477645577086858
3,0.15114994701951814,5,4,38,8.46169540957358,0.007431818523107807,-1.2789848128523464,-0.0011233189760264186,1.2190778990195717e-5,0.0,0.0,0.0,0.0,0.0,0.0,0.0,0.0,-2.3672372892705186e-6,1.7638720597992278e-6,-1.7423250132596268e-6,-2.4996215363504742e-6,-1.742325012943651e-6,-2.4996215364360203e-6,2.6354854308165252e-6,-1.7157752436881527e-6,1.5955480760108843e-12,1.8321014734391347e-10,0.03477645577086858
3,0.15114994701951814,5,6,39,8.461695409576286,0.00743181852327131,1.2789848128527557,0.001123318976051132,1.2190778982359073e-5,2.635485428068376e-6,-1.7157752442990746e-6,1.7423250137071586e-6,2.4996215336313905e-6,1.7423250134738173e-6,2.4996215336965726e-6,-2.367237286565405e-6,1.7638720601695178e-6,0.0,0.0,0.0,0.0,0.0,0.0,0.0,0.0,1.5955480760108843e-12,1.8321014734391347e-10,0.03477645577086858
3,0.15114994701951814,5,4,40,8.451310242246489,-9.594693050591838e-5,-1.277415095361068,1.4502373462654952e-5,1.0955617306621882e-5,0.0,0.0,0.0,0.0,0.0,0.0,0.0,0.0,2.075092889001624e-6,-1.9186327962194697e-6,1.9215982052186032e-6,1.9507205511460483e-6,1.9215982051969624e-6,1.9507205512170364e-6,-1.8301875044917575e-6,1.9206583338027645e-6,1.5955480760108843e-12,1.8321014734391347e-10,0.03477645577086858
3,0.15114994701951814,5,6,41,8.451310242246052,-9.594693031883886e-5,1.2774150953610017,-1.4502373434377892e-5,1.0955617303688888e-5,-1.8301875045058242e-6,1.920658332815114e-6,-1.9215982041904674e-6,-1.950720551146161e-6,-1.9215982041602834e-6,-1.950720551193134e-6,2.0750928889612434e-6,-1.918632795141134e-6,0.0,0.0,0.0,0.0,0.0,0.0,0.0,0.0,1.5955480760108843e-12,1.8321014734391347e-10,0.03477645577086858
3,0.15114994701951814,5,6,42,8.461471841489383,0.002587882245170618,1.2789510205482648,0.00039115826425029055,1.0749626471809038e-5,2.2269093836314657e-6,-1.652424426975011e-6,1.6684546700768306e-6,2.105897986230154e-6,1.668454670145233e-6,2.1058979863263314e-6,-1.9882192831426806e-6,1.6802697845824107e-6,0.0,0.0,0.0,0.0,0.0,0.0,0.0,0.0,1.5955480760108843e-12,1.8321014734391347e-10,0.03477645577086858
3,0.15114994701951814,5,4,43,8.461471841488798,0.002587882245114864,-1.2789510205481764,-0.0003911582642418633,1.0749626470243331e-5,0.0,0.0,0.0,0.0,0.0,0.0,0.0,0.0,-1.9882192816512775e-6,1.680269785758576e-6,-1.6684546712960795e-6,-2.105897984733634e-6,-1.6684546714746175e-6,-2.10589798480507e-6,2.226909382107864e-6,-1.6524244283518265e-6,1.5955480760108843e-12,1.8321014734391347e-10,0.03477645577086858
3,0.15114994701951814,5,4,44,6.581032027220967,0.01878519730479691,-0.9947226422482013,-0.002839381577371248,1.0539695308448908e-5,0.0,0.0,0.0,0.0,0.0,0.0,0.0,0.0,1.3213910673750425e-6,-2.183611863467195e-6,2.2094709570224627e-6,1.4344316496476258e-6,2.2094709567579245e-6,1.4344316502020383e-6,-1.5518883010480443e-6,2.2324567708949626e-6,1.5955480760108843e-12,1.8321014734391347e-10,0.03477645577086858
3,0.15114994701951814,5,6,45,6.581032027222266,0.01878519730615997,0.9947226422483976,0.0028393815775772744,1.0539695161952853e-5,-1.5518882954449893e-6,2.2324567309311066e-6,-2.209470916806625e-6,-1.4344316453255094e-6,-2.209470916389377e-6,-1.4344316440646237e-6,1.3213910625928358e-6,-2.1836118228818173e-6,0.0,0.0,0.0,0.0,0.0,0.0,0.0,0.0,1.5955480760108843e-12,1.8321014734391347e-10,0.03477645577086858
3,0.15114994701951814,5,4,46,8.44570219696196,0.00022426182243998408,-1.2765674396134283,-3.389716258030418e-5,1.0322865877863363e-5,0.0,0.0,0.0,0.0,0.0,0.0,0.0,0.0,1.7530966786605989e-6,-2.004456565606678e-6,1.9948418925077965e-6,1.6362692372153397e-6,1.994841892533205e-6,1.6362692371489025e-6,-1.523428202963986e-6,1.9819506945503985e-6,1.5955480760108843e-12,1.8321014734391347e-10,0.03477645577086858
3,0.15114994701951814,5,6,47,8.445702196962607,0.00022426182250194146,1.276567439613526,3.3897162589669034e-5,1.032286587378382e-5,-1.5234282011633535e-6,1.981950694673477e-6,-1.994841892680728e-6,-1.6362692353603115e-6,-1.9948418927214958e-6,-1.6362692353474375e-6,1.7530966768063754e-6,-2.004456565846554e-6,0.0,0.0,0.0,0.0,0.0,0.0,0.0,0.0,1.5955480760108843e-12,1.8321014734391347e-10,0.03477645577086858
3,0.15114994701951814,5,4,48,6.5489767407494375,0.018426899700040047,-0.9898774873963341,-0.002785224913395028,6.841281859179344e-6,0.0,0.0,0.0,0.0,0.0,0.0,0.0,0.0,-9.945625318236432e-8,1.6537015555255079e-6,-1.7027083825080982e-6,-1.565863924291865e-7,-1.702708385474866e-6,-1.5658639317598183e-7,2.1712163264937285e-7,-1.751398634714188e-6,1.5955480760108843e-12,1.8321014734391347e-10,0.03477645577086858
3,0.15114994701951814,5,6,49,6.548976740749202,0.0184268996995051,0.9898774873962985,0.0027852249133141706,6.841281481154955e-6,2.1712151269473627e-7,-1.7513985516049024e-6,1.7027082987186012e-6,1.5658627937658423e-7,1.7027083004740181e-6,1.5658627808489562e-7,-9.945614486842615e-8,1.6537014700588882e-6,0.0,0.0,0.0,0.0,0.0,0.0,0.0,0.0,1.5955480760108843e-12,1.8321014734391347e-10,0.03477645577086858
3,0.15114994701951814,5,6,50,6.2926619162404,0.03151449072024363,0.951135515251476,0.0047634136027119205,5.915816885035716e-6,-5.355869993963811e-8,-1.5251287034741663e-6,1.4752931950264203e-6,-9.86060569926964e-8,1.4752931951324061e-6,-9.86060571410709e-8,1.4070263354012666e-7,1.4256519480191319e-6,0.0,0.0,0.0,0.0,0.0,0.0,0.0,0.0,1.5955480760108843e-12,1.8321014734391347e-10,0.03477645577086858
3,0.15114994701951814,5,4,51,6.29266191624021,0.03151449072029733,-0.9511355152514472,-0.004763413602720037,5.915816884609225e-6,0.0,0.0,0.0,0.0,0.0,0.0,0.0,0.0,1.4070263264044495e-7,1.425651947979582e-6,-1.4752931949610933e-6,9.860605608455162e-8,-1.4752931951057595e-6,9.860605621670977e-8,-5.3558699006044854e-8,-1.5251287034221075e-6,1.5955480760108843e-12,1.8321014734391347e-10,0.03477645577086858
3,0.15114994701951814,5,6,52,8.508603676996351,0.029392566411726315,1.2860749949880759,0.004442684855900101,4.061397918431368e-6,1.4706374801648293e-8,-1.0475919528877007e-6,1.0149387070806182e-6,-1.7863344578959126e-8,1.0149387071307392e-6,-1.7863344559814725e-8,4.840315282852955e-8,9.823191581019884e-7,0.0,0.0,0.0,0.0,0.0,0.0,0.0,0.0,1.5955480760108843e-12,1.8321014734391347e-10,0.03477645577086858
3,0.15114994701951814,5,4,53,8.50860367699471,0.029392566410203783,-1.2860749949878276,-0.00444268485566997,4.0613979179330675e-6,0.0,0.0,0.0,0.0,0.0,0.0,0.0,0.0,4.8403152930038e-8,9.823191579638357e-7,-1.0149387069362046e-6,1.786334469511572e-8,-1.0149387070216452e-6,1.7863344670112815e-8,1.4706374676983995e-8,-1.0475919527736127e-6,1.5955480760108843e-12,1.8321014734391347e-10,0.03477645577086858
3,0.15114994701951814,5,4,54,10.660428517656747,-0.00045264210238815314,-1.6113232056491777,6.841682979477265e-5,3.465308972138759e-6,0.0,0.0,0.0,0.0,0.0,0.0,0.0,0.0,6.877792058185037e-7,-5.710190056426357e-7,5.74052790204418e-7,6.485456397017648e-7,5.740527901953153e-7,6.485456396476935e-7,-6.104588808709404e-7,5.757883366690998e-7,1.5955480760108843e-12,1.8321014734391347e-10,0.03477645577086858
3,0.15114994701951814,5,6,55,10.660428517657301,-0.0004526421031427162,1.6113232056492615,-6.841682990882483e-5,3.4653089671613917e-6,-6.104588805038878e-7,5.757883352649039e-7,-5.740527887656893e-7,-6.485456392601001e-7,-5.740527888148376e-7,-6.485456392609437e-7,6.877792053566811e-7,-5.710190042295104e-7,0.0,0.0,0.0,0.0,0.0,0.0,0.0,0.0,1.5955480760108843e-12,1.8321014734391347e-10,0.03477645577086858
3,0.15114994701951814,5,4,56,8.438576625419575,0.0025890828993607885,-1.275490409852313,-0.0003913397430675236,7.580759897609822e-7,0.0,0.0,0.0,0.0,0.0,0.0,0.0,0.0,8.110420244472226e-8,1.7794502853444255e-7,-1.6983640143386953e-7,8.399469400680916e-8,-1.6983640139696258e-7,8.399469399178935e-8,-8.65453451003689e-8,-1.6189542384318422e-7,1.5955480760108843e-12,1.8321014734391347e-10,0.03477645577086858
3,0.15114994701951814,5,6,57,8.438576625417902,0.002589082901048121,1.27549040985206,0.0003913397433225638,7.58075988524818e-7,-8.654534579267582e-8,-1.6189542314251714e-7,1.6983640072629582e-7,-8.399469474531748e-8,1.698364006836504e-7,-8.399469473296869e-8,8.110420323434649e-8,1.7794502781523426e-7,0.0,0.0,0.0,0.0,0.0,0.0,0.0,0.0,1.5955480760108843e-12,1.8321014734391347e-10,0.03477645577086858
3,0.15114994701951814,5,6,58,8.499819587286687,0.03418408785790954,1.2847472802938453,0.00516692306863358,5.025022350426862e-7,-9.182545995271434e-8,-9.14953185085182e-8,8.578993669714407e-8,-9.172778074646296e-8,8.578993669615886e-8,-9.172778074763721e-8,9.145833838443581e-8,8.026783868307582e-8,0.0,0.0,0.0,0.0,0.0,0.0,0.0,0.0,1.5955480760108843e-12,1.8321014734391347e-10,0.03477645577086858
3,0.15114994701951814,5,4,59,8.499819587286423,0.03418408785834194,-1.2847472802938054,-0.0051669230686989375,5.025022348514611e-7,0.0,0.0,0.0,0.0,0.0,0.0,0.0,0.0,9.145833835005818e-8,8.026783864959119e-8,-8.578993666211823e-8,9.17277807077255e-8,-8.578993666394803e-8,9.172778071830728e-8,-9.18254599189836e-8,-9.149531847484883e-8,1.5955480760108843e-12,1.8321014734391347e-10,0.03477645577086858
3,0.15114994701951814,5,6,60,8.448736932593057,0.0088580389366291,1.277026139743287,0.0013388921159683171,4.572070067611629e-7,6.790906694618298e-8,9.643089144155073e-8,-9.130249845322188e-8,6.871840457088645e-8,-9.130249838979401e-8,6.871840453175105e-8,-6.934499990560815e-8,-8.631135946667659e-8,0.0,0.0,0.0,0.0,0.0,0.0,0.0,0.0,1.5955480760108843e-12,1.8321014734391347e-10,0.03477645577086858
3,0.15114994701951814,5,4,61,8.448736932593661,0.008858038938065119,-1.2770261397433782,-0.0013388921161853716,4.572070049767668e-7,0.0,0.0,0.0,0.0,0.0,0.0,0.0,0.0,-6.934499959742431e-8,-8.631135915459191e-8,9.130249812326708e-8,-6.871840425717369e-8,9.130249808323279e-8,-6.871840420766108e-8,6.790906661562519e-8,9.643089111664427e-8,1.5955480760108843e-12,1.8321014734391347e-10,0.03477645577086858
3,0.15114994701951814,5,6,62,8.522929490420953,0.03035912778949708,1.288240340928216,0.004588780556941265,3.1317058040016116e-7,-2.2243950914100888e-8,7.250206312829072e-8,-7.406679953207461e-8,-2.531375253834125e-8,-7.406679948055919e-8,-2.531375247390695e-8,2.853163692037641e-8,-7.558076029680882e-8,0.0,0.0,0.0,0.0,0.0,0.0,0.0,0.0,1.5955480760108843e-12,1.8321014734391347e-10,0.03477645577086858
3,0.15114994701951814,5,4,63,8.52292949042096,0.030359127789548385,-1.2882403409282168,-0.00458878055694902,3.131705797234426e-7,0.0,0.0,0.0,0.0,0.0,0.0,0.0,0.0,2.853163687293537e-8,-7.55807601351364e-8,7.406679937447784e-8,2.5313752484228276e-8,7.406679931386071e-8,2.531375243027551e-8,-2.224395086423304e-8,7.250206296552792e-8,1.5955480760108843e-12,1.8321014734391347e-10,0.03477645577086858
3,0.15114994701951814,5,4,64,10.656437986409294,0.002166498329923442,-1.6107200370625454,-0.0003274661077858028,1.4316504851060264e-7,0.0,0.0,0.0,0.0,0.0,0.0,0.0,0.0,3.0844112474766206e-8,2.0311893556523403e-8,-1.8724773746498148e-8,3.049192525825604e-8,-1.872477373891653e-8,3.049192526636732e-8,-3.010222755578777e-8,-1.719860026898929e-8,1.5955480760108843e-12,1.8321014734391347e-10,0.03477645577086858
3,0.15114994701951814,5,6,65,10.656437986409692,0.002166498329158089,1.6107200370626056,0.0003274661076701197,1.4316504787647498e-7,-3.0102227828853506e-8,-1.719859948868778e-8,1.872477294254782e-8,-3.0491925563336016e-8,1.8724772941740893e-8,-3.049192557267445e-8,3.084411281488097e-8,2.031189273593294e-8,0.0,0.0,0.0,0.0,0.0,0.0,0.0,0.0,1.5955480760108843e-12,1.8321014734391347e-10,0.03477645577086858
3,0.15114994701951814,5,4,66,8.516474788372957,0.027865123300758694,-1.2872647130556345,-0.004211811910602018,9.493063322171761e-8,0.0,0.0,0.0,0.0,0.0,0.0,0.0,0.0,-6.909799293118466e-9,-2.1925427036850486e-8,2.2843808036251238e-8,-6.412347603578069e-9,2.284380804541869e-8,-6.412347585023223e-9,5.869195500710773e-9,2.37749680397216e-8,1.5955480760108843e-12,1.8321014734391347e-10,0.03477645577086858
3,0.15114994701951814,5,6,67,8.516474788370541,0.027865123297940622,1.2872647130552692,0.004211811910176066,9.493063233994469e-8,5.869195259993797e-9,2.377496786503968e-8,-2.284380787231456e-8,6.412347374194276e-9,-2.2843807881653994e-8,6.412347350868638e-9,-6.909799070071395e-9,-2.192542688307467e-8,0.0,0.0,0.0,0.0,0.0,0.0,0.0,0.0,1.5955480760108843e-12,1.8321014734391347e-10,0.03477645577086858
3,0.15114994701951814,5,6,68,8.528496564661506,0.019052929268714786,1.2890818039047292,0.0028798492495328665,8.036393269552256e-8,2.019666234764257e-8,-4.676520742959369e-9,5.147698955972859e-9,1.94151282166553e-8,5.147698967584267e-9,1.9415128208129263e-8,-1.864385063450326e-8,5.580036667579516e-9,0.0,0.0,0.0,0.0,0.0,0.0,0.0,0.0,1.5955480760108843e-12,1.8321014734391347e-10,0.03477645577086858
3,0.15114994701951814,5,4,69,8.52849656466157,0.019052929268512486,-1.2890818039047387,-0.002879849249502289,8.03639326669878e-8,0.0,0.0,0.0,0.0,0.0,0.0,0.0,0.0,-1.864385062849477e-8,5.580036662797753e-9,-5.147698952826439e-9,-1.9415128211027413e-8,-5.1476989620121316e-9,-1.9415128201304884e-8,2.019666234122209e-8,-4.676520739050772e-9,1.5955480760108843e-12,1.8321014734391347e-10,0.03477645577086858
3,0.15114994701951814,5,4,70,4.326793307185626,0.03729898810346985,-0.6539945791455131,-0.005637740075721105,5.849415859971083e-20,0.0,0.0,0.0,0.0,0.0,0.0,0.0,0.0,-5.656092516507798e-21,-1.308938584162235e-20,1.363245766665493e-20,-5.337008029695849e-21,1.3605914162881755e-20,-5.302260820498694e-21,4.955532869555422e-21,1.4149845904682103e-20,1.5955480760108843e-12,1.8321014734391347e-10,0.03477645577086858
3,0.15114994701951814,5,4,71,6.54999003042119,0.01944661466785355,-0.9900306460765349,-0.0029393547767550487,4.8107226565688173e-20,0.0,0.0,0.0,0.0,0.0,0.0,0.0,0.0,-2.7221407506081058e-21,1.1333991622508945e-20,-1.1596259805392261e-20,-3.180678725834949e-21,-1.1597509358771222e-20,-3.1712085435307485e-21,3.652391707052877e-21,-1.1853146256640505e-20,1.5955480760108843e-12,1.8321014734391347e-10,0.03477645577086858
3,0.15114994701951814,5,6,72,4.32679330718495,0.03729898810272764,0.6539945791454108,0.00563774007560892,3.5732999590506086e-20,2.5535704205281036e-21,8.857281358812852e-21,-8.625856348567584e-21,2.7620814539264364e-21,-8.381913209562798e-21,2.6985879825545568e-21,-2.8908714040564058e-21,-8.154816386015428e-21,0.0,0.0,0.0,0.0,0.0,0.0,0.0,0.0,1.5955480760108843e-12,1.8321014734391347e-10,0.03477645577086858
3,0.15114994701951814,5,6,73,6.549990030420924,0.019446614667127146,0.9900306460764947,0.002939354776645253,3.265221971900013e-20,7.683428509054397e-21,-3.448222359110165e-21,3.568789603043924e-21,7.343726009899633e-21,3.572605212273695e-21,7.333146682721712e-21,-7.000602609854853e-21,3.678964017106862e-21,0.0,0.0,0.0,0.0,0.0,0.0,0.0,0.0,1.5955480760108843e-12,1.8321014734391347e-10,0.03477645577086858
3,0.15114994701951814,5,4,74,2.1093233071434083,0.037662563209377664,-0.318824106121761,-0.0056926944337166874,7.829388621739473e-21,0.0,0.0,0.0,0.0,0.0,0.0,0.0,0.0,-1.776315587723461e-21,-5.700051722380263e-22,6.690860845210703e-22,-1.844764460517233e-21,6.572308058851496e-22,-1.8360589242853347e-21,1.9041312948263828e-21,7.631261203534364e-22,1.5955480760108843e-12,1.8321014734391347e-10,0.03477645577086858
3,0.15114994701951814,5,6,75,2.1093233071434687,0.03766256320922051,0.3188241061217701,0.005692694433692934,4.254989878322983e-21,8.085401264750161e-22,7.689783733171377e-22,-7.230368758444408e-22,7.860256800819714e-22,-6.918269514436315e-22,8.008106971095721e-22,-7.773996477353443e-22,-6.493257178768024e-22,0.0,0.0,0.0,0.0,0.0,0.0,0.0,0.0,1.5955480760108843e-12,1.8321014734391347e-10,0.03477645577086858
3,0.15114994701951814,5,6,76,8.794265021993894,0.019541517360705685,1.3292526921499785,0.0029536993137516585,1.013780374152182e-21,-2.0869229581107268e-22,1.4821863798045219e-22,-1.4899956543087478e-22,-1.9388594414549122e-22,-1.5437558112113117e-22,-2.123211058273734e-22,1.971284947008961e-22,-1.5500759470460931e-22,0.0,0.0,0.0,0.0,0.0,0.0,0.0,0.0,1.5955480760108843e-12,1.8321014734391347e-10,0.03477645577086858
3,0.15114994701951814,5,6,77,6.58097017993836,0.01997243310933746,0.9947132940347119,0.0030188322063272274,7.262164470836317e-22,-1.2659427935691723e-22,-1.3839216776170482e-22,1.307642635399726e-22,-1.2965019807106227e-22,1.2698174292811086e-22,-1.2600036651556262e-22,1.2861718438178942e-22,1.1959420578969838e-22,0.0,0.0,0.0,0.0,0.0,0.0,0.0,0.0,1.5955480760108843e-12,1.8321014734391347e-10,0.03477645577086858
3,0.15114994701951814,5,4,78,6.580970179937918,0.019972433108804175,-0.994713294034645,-0.0030188322062466213,5.228296724081689e-22,0.0,0.0,0.0,0.0,0.0,0.0,0.0,0.0,1.2171660726112953e-22,3.5472939069789394e-23,-3.7234291675032484e-23,1.251603285008209e-22,-4.543588031187836e-23,1.226267123132529e-22,-1.2604053855562947e-22,-4.750099649154231e-23,1.5955480760108843e-12,1.8321014734391347e-10,0.03477645577086858
3,0.15114994701951814,5,6,79,4.366039365123249,0.020386496699789893,0.6599266187235097,0.003081417896086824,5.00837313933301e-22,-6.893260256372791e-23,-1.1011836327634996e-22,1.0395618251245792e-22,-7.044714991119646e-23,1.0471368674906036e-22,-6.781506567113782e-23,6.917820025086628e-23,9.877453763398204e-23,0.0,0.0,0.0,0.0,0.0,0.0,0.0,0.0,1.5955480760108843e-12,1.8321014734391347e-10,0.03477645577086858
4,0.08726646259971647,6,5,0,0.31779711716256365,0.025891213114664868,-0.027733030239164576,-0.00225943458093219,18.347695955568362,0.0,0.0,0.0,0.0,0.0,0.0,0.0,0.0,-3.252617940189847,3.0268024094023986,-3.0162569295668273,-3.454208695460316,-3.0162569295927697,-3.4542086954465607,3.6618250501332645,-2.9987970067673304,2.3338939727194628e-12,3.501585721742685e-10,0.03034684428562851
4,0.08726646259971647,6,7,1,0.31779711716247805,0.025891213114714682,0.027733030239157106,0.0022594345809365374,18.34769595545523,3.6618250500995204,-2.9987970067628944,3.0162569295639288,3.4542086954300926,3.016256929586683,3.4542086954095423,-3.252617940156356,3.026802409397795,0.0,0.0,0.0,0.0,0.0,0.0,0.0,0.0,2.3338939727194628e-12,3.501585721742685e-10,0.03034684428562851
4,0.08726646259971647,6,5,2,0.27023316891674054,-0.021596617586071665,-0.023582292728475604,0.001884660420855302,15.801381291267216,0.0,0.0,0.0,0.0,0.0,0.0,0.0,0.0,2.736729890357837,-3.0208669462807634,3.0092785553323904,2.5576702110067644,3.00927855535381,2.5576702109953966,-2.3846239674011107,2.9925688105482204,2.3338939727194628e-12,3.501585721742685e-10,0.03034684428562851
4,0.08726646259971647,6,7,3,0.27023316891666727,-0.021596617586095383,0.02358229272846921,-0.0018846604208573718,15.801381291176495,-2.384623967366525,2.9925688105479002,-3.009278555333589,-2.5576702109760325,-3.00927855535211,-2.5576702109567018,2.7367298903229917,-3.020866946280523,0.0,0.0,0.0,0.0,0.0,0.0,0.0,0.0,2.3338939727194628e-12,3.501585721742685e-10,0.03034684428562851
4,0.08726646259971647,6,5,4,1.011772566540334,0.011944683393874948,-0.08829381283741121,-0.0010423702666570425,2.966445527551655,0.0,0.0,0.0,0.0,0.0,0.0,0.0,0.0,-0.5531483805870754,0.4583262547239556,-0.45475012260986275,-0.5855895177665825,-0.4547501226236,-0.585589517771994,0.6189389831089344,-0.4500019031460533,2.3338939727194628e-12,3.501585721742685e-10,0.03034684428562851
4,0.08726646259971647,6,7,5,1.0117725665400923,0.01194468339396414,0.08829381283739011,0.001042370266664826,2.966445527501425,0.6189389830922857,-0.450001903146968,0.45475012261079256,0.5855895177543909,0.4547501226245711,0.5855895177509176,-0.5531483805704521,0.4583262547249083,0.0,0.0,0.0,0.0,0.0,0.0,0.0,0.0,2.3338939727194628e-12,3.501585721742685e-10,0.03034684428562851
4,0.08726646259971647,6,5,6,0.9945035676381301,-0.005366422517401603,-0.08678680839057748,0.00046830870990910336,2.212426459831763,0.0,0.0,0.0,0.0,0.0,0.0,0.0,0.0,0.3459077716819694,-0.4539568943372479,0.4502126925770083,0.3210648961456639,0.4502126925896961,0.32106489615043504,-0.2971218029692334,0.4458254612550442,2.3338939727194628e-12,3.501585721742685e-10,0.03034684428562851
4,0.08726646259971647,6,7,7,0.9945035676379478,-0.005366422517539878,0.08678680839056158,-0.0004683087099211701,2.212426459796646,-0.29712180295224405,0.44582546125635986,-0.4502126925784297,-0.32106489613286715,-0.4502126925909314,-0.32106489612928285,0.34590777166500775,-0.4539568943385538,0.0,0.0,0.0,0.0,0.0,0.0,0.0,0.0,2.3338939727194628e-12,3.501585721742685e-10,0.03034684428562851
4,0.08726646259971647,6,5,8,3.868556142268187,0.0025083727390858325,-0.33759520990415015,-0.00021889681582158216,1.64101321150545,0.0,0.0,0.0,0.0,0.0,0.0,0.0,0.0,-0.28078538101582334,0.28120723793477936,-0.28092618307758954,-0.29883807143748237,-0.2809261831043432,-0.2988380714562687,0.31745201600578327,-0.2800468908508721,2.3338939727194628e-12,3.501585721742685e-10,0.03034684428562851
4,0.08726646259971647,6,7,9,3.8685561422683112,0.00250837273885229,0.33759520990416103,0.00021889681580120177,1.6410132113586204,0.317452015979275,-0.28004689082548023,0.28092618305561323,0.29883807142691177,0.2809261830755732,0.2988380714137571,-0.2807853809893011,0.2812072379093719,0.0,0.0,0.0,0.0,0.0,0.0,0.0,0.0,2.3338939727194628e-12,3.501585721742685e-10,0.03034684428562851
4,0.08726646259971647,6,5,10,3.863649558335513,-0.002361636517135484,-0.3371670296808971,0.0002060916647967284,1.5409575451308852,0.0,0.0,0.0,0.0,0.0,0.0,0.0,0.0,0.2811193497901027,-0.28104728910159443,0.28078150067113133,0.26362286013464475,0.28078150069782354,0.2636228601550417,-0.24668740569324046,0.279987905512675,2.3338939727194628e-12,3.501585721742685e-10,0.03034684428562851
4,0.08726646259971647,6,7,11,3.863649558336157,-0.0023616365167512324,0.3371670296809533,-0.0002060916647631961,1.5409575449731383,-0.2466874056632055,0.27998790548676245,-0.28078150064847784,-0.26362286012050745,-0.28078150066875196,-0.26362286010901664,0.28111934976002717,-0.28104728907572446,0.0,0.0,0.0,0.0,0.0,0.0,0.0,0.0,2.3338939727194628e-12,3.501585721742685e-10,0.03034684428562851
4,0.08726646259971647,6,5,12,7.455941229736078,0.0017319565898832635,-0.6506536164704475,-0.0001511417249753803,1.1451665519704293,0.0,0.0,0.0,0.0,0.0,0.0,0.0,0.0,-0.19332348323421847,0.19881968954487036,-0.19879067221876032,-0.20592288672790857,-0.1987906721056912,-0.20592288679045562,0.218919459385434,-0.1983494118409168,2.3338939727194628e-12,3.501585721742685e-10,0.03034684428562851
4,0.08726646259971647,6,7,13,7.455941229737582,0.0017319565944636725,0.6506536164705787,0.0001511417253750964,1.1451665511846314,0.21891945953969888,-0.19834941139852402,0.1987906717136748,0.20592288697180247,0.1987906717256572,0.2059228868541914,-0.1933234833884696,0.19881968910245162,0.0,0.0,0.0,0.0,0.0,0.0,0.0,0.0,2.3338939727194628e-12,3.501585721742685e-10,0.03034684428562851
4,0.08726646259971647,6,5,14,7.452455188096534,-0.0016987093383427528,-0.6503494019480892,0.00014824035494227696,1.1038290319789958,0.0,0.0,0.0,0.0,0.0,0.0,0.0,0.0,0.20392040083524077,-0.19874126910143397,0.19871047854852772,0.1913857899372618,0.1987104784354099,0.19138579000005543,-0.1792482168903594,0.19829651926872804,2.3338939727194628e-12,3.501585721742685e-10,0.03034684428562851
4,0.08726646259971647,6,7,15,7.452455188093085,-0.0016987093434080343,0.6503494019477882,-0.00014824035538430616,1.1038290311329746,-0.1792482170462429,0.19829651882514907,-0.19871047804208508,-0.19138579018284138,-0.19871047805435693,-0.19138579006539738,0.20392040099116673,-0.19874126865782601,0.0,0.0,0.0,0.0,0.0,0.0,0.0,0.0,2.3338939727194628e-12,3.501585721742685e-10,0.03034684428562851
4,0.08726646259971647,6,7,16,4.4001977852756635,0.030367103118564987,0.38398969546011397,0.002650029668557985,0.03248509050066613,0.0059798905446216905,-0.005870701463917369,0.0058684496292734385,0.005611009495660124,0.005868449629285595,0.0056110094955704945,-0.005253854112124674,0.005854964049983526,0.0,0.0,0.0,0.0,0.0,0.0,0.0,0.0,2.3338939727194628e-12,3.501585721742685e-10,0.03034684428562851
4,0.08726646259971647,6,5,17,4.400197785276127,0.030367103119011734,-0.38398969546015443,-0.002650029668596971,0.032485090500380384,0.0,0.0,0.0,0.0,0.0,0.0,0.0,0.0,-0.005253854112053146,0.005854964049945442,-0.005868449629240803,-0.005611009495587756,-0.0058684496292581885,-0.005611009495498651,0.005979890544549571,-0.005870701463895809,2.3338939727194628e-12,3.501585721742685e-10,0.03034684428562851
4,0.08726646259971647,6,7,18,4.357948168485242,-0.0036859800212825124,0.3803027208566203,-0.0003216624376705525,0.026214861281209974,-0.0019556563393867167,0.0060394674386918855,-0.006166457477204903,-0.0022146185324502863,-0.006166457477317081,-0.002214618532535273,0.0024859091989839887,-0.006289005950294031,0.0,0.0,0.0,0.0,0.0,0.0,0.0,0.0,2.3338939727194628e-12,3.501585721742685e-10,0.03034684428562851
4,0.08726646259971647,6,5,19,4.357948168485487,-0.003685980021523462,-0.3803027208566417,0.00032166243769157933,0.02621486128000853,0.0,0.0,0.0,0.0,0.0,0.0,0.0,0.0,0.002485909198827004,-0.006289005950029518,0.006166457476957313,0.002214618532300197,0.006166457477038031,0.0022146185323743575,-0.0019556563392330523,0.006039467438429485,2.3338939727194628e-12,3.501585721742685e-10,0.03034684428562851
4,0.08726646259971647,6,7,20,4.655129528062107,0.003599068677429502,0.4062366868574676,0.00031407799213271264,0.013656930273984354,0.0026118791638451316,-0.0023642351155130138,0.0023695700791297107,0.0024568882212142027,0.002369570080914475,0.0024568882212300525,-0.002306631500253758,0.002369986533899217,0.0,0.0,0.0,0.0,0.0,0.0,0.0,0.0,2.3338939727194628e-12,3.501585721742685e-10,0.03034684428562851
4,0.08726646259971647,6,5,21,4.655129528062231,0.0035990686771706464,-0.4062366868574785,-0.00031407799211012323,0.013656930272783224,0.0,0.0,0.0,0.0,0.0,0.0,0.0,0.0,-0.002306631500412885,0.002369986533300809,-0.002369570078318269,-0.002456888220784107,-0.002369570080531935,-0.0024568882219763288,0.002611879164003457,-0.0023642351149178857,2.3338939727194628e-12,3.501585721742685e-10,0.03034684428562851
4,0.08726646259971647,6,7,22,4.653384344886893,0.001853185244434681,0.4060843908951782,0.00016172092082380551,0.012831771013711532,-0.002024898284640593,0.0023569927448009865,-0.0023653633067575656,-0.002165828587656039,-0.0023653633085537135,-0.0021658285877762733,0.002311485281027228,-0.002369397486978953,0.0,0.0,0.0,0.0,0.0,0.0,0.0,0.0,2.3338939727194628e-12,3.501585721742685e-10,0.03034684428562851
4,0.08726646259971647,6,5,23,4.6533843448873835,0.0018531852447971862,-0.406084390895221,-0.00016172092085544007,0.012831771012185814,0.0,0.0,0.0,0.0,0.0,0.0,0.0,0.0,0.002311485281086086,-0.0023693974864089466,0.002365363305965269,0.0021658285871443968,0.002365363308206082,0.0021658285884022825,-0.002024898284697305,0.0023569927442311065,2.3338939727194628e-12,3.501585721742685e-10,0.03034684428562851
4,0.08726646259971647,6,7,24,4.3243903638075825,-0.02054598104005196,0.3773742499497887,-0.0017929750860061781,0.010118821760247549,-0.0024279617854629392,-0.0003307087736069983,0.00042042290301146513,-0.002493884137333324,0.00042042290304761666,-0.002493884137294666,0.0025589606564373787,0.0005151239548938406,0.0,0.0,0.0,0.0,0.0,0.0,0.0,0.0,2.3338939727194628e-12,3.501585721742685e-10,0.03034684428562851
4,0.08726646259971647,6,5,25,4.324390363807108,-0.02054598104054549,-0.37737424994974733,0.0017929750860492465,0.010118821759884631,0.0,0.0,0.0,0.0,0.0,0.0,0.0,0.0,0.002558960656350589,0.0005151239548536948,-0.00042042290297095056,0.0024938841372453865,-0.00042042290301293726,0.0024938841372112866,-0.002427961785378423,-0.0003307087735718899,2.3338939727194628e-12,3.501585721742685e-10,0.03034684428562851
4,0.08726646259971647,6,7,26,7.982330171889344,0.03195445007419655,0.6965897174037698,0.0027885518222943804,0.008737231402840467,0.001582345271981883,-0.0016050594388040238,0.0016028328014205796,0.0014831536940964783,0.0016028328014271178,0.0014831536940968911,-0.0013871648123038847,0.001597636653959061,0.0,0.0,0.0,0.0,0.0,0.0,0.0,0.0,2.3338939727194628e-12,3.501585721742685e-10,0.03034684428562851
4,0.08726646259971647,6,5,27,7.9823301718889095,0.031954450077501514,-0.6965897174037319,-0.002788551822582793,0.008737231402279381,0.0,0.0,0.0,0.0,0.0,0.0,0.0,0.0,-0.0013871648121831545,0.0015976366538709452,-0.0016028328013373227,-0.0014831536939903447,-0.001602832801344162,-0.0014831536939692237,0.0015823452718695553,-0.0016050594387257383,2.3338939727194628e-12,3.501585721742685e-10,0.03034684428562851
4,0.08726646259971647,6,7,28,7.940845381697217,0.00019851236153713495,0.6929694865120115,1.7323471573661783e-5,0.005769833245499725,-0.00035972112352638765,0.0013501272397338207,-0.001381044985053563,-0.00041516449320261366,-0.0013810449851148793,-0.0004151644932342514,0.00047336911979166277,-0.0014111296401861549,0.0,0.0,0.0,0.0,0.0,0.0,0.0,0.0,2.3338939727194628e-12,3.501585721742685e-10,0.03034684428562851
4,0.08726646259971647,6,5,29,7.940845381698893,0.0001985123629156052,-0.6929694865121577,-1.7323471693956006e-5,0.00576983324070888,0.0,0.0,0.0,0.0,0.0,0.0,0.0,0.0,0.00047336911964956365,-0.0014111296389816203,0.001381044983912616,0.0004151644931027888,0.0013810449838419531,0.0004151644930400038,-0.000359721123377215,0.001350127238524128,2.3338939727194628e-12,3.501585721742685e-10,0.03034684428562851
4,0.08726646259971647,6,7,30,8.253472766599522,0.003479166863965096,0.7202513725042357,0.0003036145850123829,0.003934406009371907,0.0007450988476934767,-0.0006891461430477042,0.0006902037503713356,0.0007004337990740036,0.0006902037500173212,0.0007004337989276297,-0.0006571477555641097,0.0006898591107718961,0.0,0.0,0.0,0.0,0.0,0.0,0.0,0.0,2.3338939727194628e-12,3.501585721742685e-10,0.03034684428562851
4,0.08726646259971647,6,5,31,8.253472766596348,0.0034791668631455643,-0.7202513725039587,-0.0003036145849408653,0.003934405982110511,0.0,0.0,0.0,0.0,0.0,0.0,0.0,0.0,-0.0006571477451081615,0.0006898591116639033,-0.0006902037508837071,-0.0007004337884274287,-0.0006902037513085047,-0.0007004337886669154,0.0007450988372403746,-0.0006891461439382075,2.3338939727194628e-12,3.501585721742685e-10,0.03034684428562851
4,0.08726646259971647,6,7,32,4.345105834851873,0.008340048993711085,0.3791820158289108,0.0007278065735894914,0.003895153683571171,0.00099697696793238,0.00012522098704841883,-9.07101726217441e-5,0.0009693100405195312,-9.07101725279919e-5,0.0009693100404876632,-0.0009414597542928597,-5.813779482444846e-5,0.0,0.0,0.0,0.0,0.0,0.0,0.0,0.0,2.3338939727194628e-12,3.501585721742685e-10,0.03034684428562851
4,0.08726646259971647,6,5,33,4.345105834851506,0.008340048994091648,-0.3791820158288788,-0.0007278065736227019,0.0038951536831046602,0.0,0.0,0.0,0.0,0.0,0.0,0.0,0.0,-0.000941459754159322,-5.8137795003781735e-5,9.071017279156166e-5,-0.0009693100403840204,9.071017272118672e-5,-0.0009693100403546877,0.000996976967797606,0.00012522098723247678,2.3338939727194628e-12,3.501585721742685e-10,0.03034684428562851
4,0.08726646259971647,6,5,34,7.910696701311952,-0.0248122264376114,-0.6903385178227399,0.0021652752304335116,0.0038720736683059477,0.0,0.0,0.0,0.0,0.0,0.0,0.0,0.0,0.0009669864814018947,-0.00025030192059997416,0.00027202709476821014,0.0009287588022240288,0.000272027094745039,0.0009287588022125117,-0.0008910733191637485,0.0002918942091133188,2.3338939727194628e-12,3.501585721742685e-10,0.03034684428562851
4,0.08726646259971647,6,7,35,7.910696701308832,-0.024812226451079406,0.6903385178224677,-0.0021652752316088167,0.0038720736669075827,-0.0008910733187478118,0.0002918942092826843,-0.0002720270949546605,-0.0009287588018089255,-0.0002720270949364798,-0.0009287588017884286,0.000966986480979315,-0.0002503019208091292,0.0,0.0,0.0,0.0,0.0,0.0,0.0,0.0,2.3338939727194628e-12,3.501585721742685e-10,0.03034684428562851
4,0.08726646259971647,6,7,36,8.251951092412856,0.001957913853886519,0.720118581380736,0.00017086021610365467,0.0037788866467810024,-0.0006038773540337027,0.0006875581227476255,-0.0006895691461982467,-0.0006454050382797238,-0.0006895691458604088,-0.0006454050381566558,0.000688310568508632,-0.000690287981423253,0.0,0.0,0.0,0.0,0.0,0.0,0.0,0.0,2.3338939727194628e-12,3.501585721742685e-10,0.03034684428562851
4,0.08726646259971647,6,5,37,8.251951092415403,0.0019579138535399526,-0.7201185813809583,-0.00017086021607341104,0.003778886619955295,0.0,0.0,0.0,0.0,0.0,0.0,0.0,0.0,0.0006883105580197365,-0.0006902879820479648,0.0006895691464466213,0.0006454050276042605,0.0006895691468778759,0.0006454050278581792,-0.000603877343547446,0.000687558123368002,2.3338939727194628e-12,3.501585721742685e-10,0.03034684428562851
4,0.08726646259971647,6,5,38,7.935139316602885,0.00705506840880497,-0.6924715383958654,-0.0006156708634354202,0.0015014297650384814,0.0,0.0,0.0,0.0,0.0,0.0,0.0,0.0,-0.00035997297464663447,5.1138703048063896e-5,-4.100273883307226e-5,-0.0003730169121893092,-4.1002738738018753e-5,-0.0003730169121243226,0.00038614210903474495,-3.0120659435270295e-5,2.3338939727194628e-12,3.501585721742685e-10,0.03034684428562851
4,0.08726646259971647,6,7,39,7.935139316592847,0.0070550684203961635,0.6924715383949894,0.0006156708644469425,0.0015014297639208978,0.000386142108657075,-3.0120660219792454e-5,4.100273952646361e-5,0.00037301691178753,4.1002739600967016e-5,0.0003730169117938608,-0.00035997297429022566,5.1138703820212625e-5,0.0,0.0,0.0,0.0,0.0,0.0,0.0,0.0,2.3338939727194628e-12,3.501585721742685e-10,0.03034684428562851
4,0.08726646259971647,6,7,40,8.037622466093982,0.024593328227087954,0.7014148803280313,0.002146172757931722,0.0010280333214842383,0.00020929802997960337,-0.00016285923745376567,0.00016412712575976105,0.00019769314348070326,0.00016412712575571595,0.0001976931434765333,-0.0001864161155148799,0.0001649992999161753,0.0,0.0,0.0,0.0,0.0,0.0,0.0,0.0,2.3338939727194628e-12,3.501585721742685e-10,0.03034684428562851
4,0.08726646259971647,6,5,41,8.037622466094142,0.02459332822720244,-0.7014148803280453,-0.002146172757941713,0.0010280333213618712,0.0,0.0,0.0,0.0,0.0,0.0,0.0,0.0,-0.00018641611550636292,0.00016499929987800533,-0.00016412712572129467,-0.0001976931434738894,-0.00016412712571822177,-0.000197693143466824,0.00020929802997170384,-0.00016285923741595024,2.3338939727194628e-12,3.501585721742685e-10,0.03034684428562851
4,0.08726646259971647,6,5,42,7.992657133296607,-0.02025904804029169,-0.6974909147951854,0.001767935458113974,0.0008610840570702605,0.0,0.0,0.0,0.0,0.0,0.0,0.0,0.0,0.00016064917298673167,-0.00015340490554008768,0.00015348063524980466,0.00015087133407362875,0.00015348063524729295,0.00015087133407587895,-0.000141400154383954,0.00015325431562967118,2.3338939727194628e-12,3.501585721742685e-10,0.03034684428562851
4,0.08726646259971647,6,7,43,7.992657133296614,-0.02025904804037224,0.6974909147951861,-0.0017679354581210034,0.000861084056986137,-0.00014140015436333065,0.00015325431561912024,-0.00015348063523775197,-0.00015087133405283215,-0.00015348063524111218,-0.00015087133405517573,0.0001606491729659612,-0.0001534049055324608,0.0,0.0,0.0,0.0,0.0,0.0,0.0,0.0,2.3338939727194628e-12,3.501585721742685e-10,0.03034684428562851
4,0.08726646259971647,6,7,44,8.075756910976786,0.017873575824856634,0.7047427384361575,0.001559763736243048,0.0006973655532198195,-0.00010267518916370297,0.00013407614248846833,-0.00013496070289306623,-0.00011029663632004374,-0.00013496070289808045,-0.00011029663632892936,0.00011818778402783708,-0.0001356244003293292,0.0,0.0,0.0,0.0,0.0,0.0,0.0,0.0,2.3338939727194628e-12,3.501585721742685e-10,0.03034684428562851
4,0.08726646259971647,6,5,45,8.075756910976859,0.017873575825034373,-0.7047427384361639,-0.0015597637362585587,0.0006973655531708646,0.0,0.0,0.0,0.0,0.0,0.0,0.0,0.0,0.00011818778400914409,-0.0001356244003285158,0.00013496070289151392,0.00011029663630185146,0.00013496070289885094,0.00011029663630942017,-0.00010267518914468123,0.00013407614248842742,2.3338939727194628e-12,3.501585721742685e-10,0.03034684428562851
4,0.08726646259971647,6,5,46,8.062470728322769,0.014549995288087824,-0.7035833002744877,-0.001269726619633967,0.0006666122191420098,0.0,0.0,0.0,0.0,0.0,0.0,0.0,0.0,-5.906499640271962e-5,0.0001502334613097861,-0.00015305228011972823,-6.583592650729365e-5,-0.00015305228011869496,-6.583592650878391e-5,7.291282919541983e-5,-0.00015573912110306435,2.3338939727194628e-12,3.501585721742685e-10,0.03034684428562851
4,0.08726646259971647,6,7,47,8.062470728323053,0.014549995288156124,0.7035833002745125,0.0012697266196399274,0.000666612219023032,7.291282918657678e-5,-0.00015573912107424496,0.00015305228009088268,6.58359265013129e-5,0.0001530522800901886,6.58359264975163e-5,-5.906499639434801e-5,0.0001502334612812425,0.0,0.0,0.0,0.0,0.0,0.0,0.0,0.0,2.3338939727194628e-12,3.501585721742685e-10,0.03034684428562851
4,0.08726646259971647,6,5,48,8.014329329559493,-0.007041908161449669,-0.6993821706998142,0.0006145224152017858,0.00024902050281000096,0.0,0.0,0.0,0.0,0.0,0.0,0.0,0.0,-5.787890641862323e-5,-1.692576213973243e-5,1.935012497232085e-5,-5.915519985022874e-5,1.935012497119274e-5,-5.915519984806387e-5,6.039267475819882e-5,2.1892759384846458e-5,2.3338939727194628e-12,3.501585721742685e-10,0.03034684428562851
4,0.08726646259971647,6,7,49,8.014329329559505,-0.007041908161346484,0.6993821706998153,-0.0006145224151927811,0.0002490205026858075,6.039267473188476e-5,2.1892759365278967e-5,-1.935012495356615e-5,5.915519982313062e-5,-1.9350124950476587e-5,5.9155199822734435e-5,-5.787890639245678e-5,-1.692576211988566e-5,0.0,0.0,0.0,0.0,0.0,0.0,0.0,0.0,2.3338939727194628e-12,3.501585721742685e-10,0.03034684428562851
4,0.08726646259971647,6,7,50,7.99485946368054,-0.016556886076086217,0.6976831043772672,-0.0014448608795265443,0.0001268802672990211,-3.022295426227685e-5,5.533904796878643e-6,-4.722092557339532e-6,-3.135860273933328e-5,-4.722092557422202e-6,-3.135860274046981e-5,3.250363267607114e-5,-3.847553731004885e-6,0.0,0.0,0.0,0.0,0.0,0.0,0.0,0.0,2.3338939727194628e-12,3.501585721742685e-10,0.03034684428562851
4,0.08726646259971647,6,5,51,7.99485946368073,-0.01655688607627958,-0.6976831043772838,0.0014448608795434184,0.0001268802672528707,0.0,0.0,0.0,0.0,0.0,0.0,0.0,0.0,3.250363266086121e-5,-3.84755375895087e-6,4.722092584975722e-6,3.135860272248445e-5,4.722092584263723e-6,3.135860272578296e-5,-3.0222954245976463e-5,5.5339048233897435e-6,2.3338939727194628e-12,3.501585721742685e-10,0.03034684428562851
4,0.08726646259971647,6,7,52,11.619116891224218,-0.019225030898267832,1.0139592296297522,-0.0016777004398620835,0.00012020979390492223,-2.3503216134604366e-5,1.7175448386210767e-5,-1.6950861798942313e-5,-2.480658938220999e-5,-1.6950861798226025e-5,-2.4806589383447062e-5,2.6143814707686697e-5,-1.6676628180153122e-5,0.0,0.0,0.0,0.0,0.0,0.0,0.0,0.0,2.3338939727194628e-12,3.501585721742685e-10,0.03034684428562851
4,0.08726646259971647,6,5,53,11.61911689122458,-0.019225030895538252,-1.0139592296297837,0.0016777004396238825,0.00012020979390045322,0.0,0.0,0.0,0.0,0.0,0.0,0.0,0.0,2.6143814695259836e-5,-1.6676628196681324e-5,1.6950861814890656e-5,2.4806589370017907e-5,1.6950861814832763e-5,2.48065893707043e-5,-2.3503216122083024e-5,1.717544840222595e-5,2.3338939727194628e-12,3.501585721742685e-10,0.03034684428562851
4,0.08726646259971647,6,7,54,11.599536261253517,-0.018551625009128235,1.012250497316735,-0.001618934690023054,0.0001154715795427861,2.45932806050714e-6,2.7854318868021913e-5,-2.8814749039762072e-5,1.6276928163594375e-6,-2.8814749040194398e-5,1.6276928147413962e-6,-7.384248747935054e-7,-2.9778376964821204e-5,0.0,0.0,0.0,0.0,0.0,0.0,0.0,0.0,2.3338939727194628e-12,3.501585721742685e-10,0.03034684428562851
4,0.08726646259971647,6,5,55,11.599536261256253,-0.01855162501153705,-1.012250497316974,0.0016189346902332627,0.00011547157928252513,0.0,0.0,0.0,0.0,0.0,0.0,0.0,0.0,-7.384249194558857e-7,-2.9778376896101705e-5,2.8814748972439118e-5,-1.6276928556378003e-6,2.881474897259478e-5,-1.6276928574505185e-6,2.4593280980054714e-6,2.7854318801881752e-5,2.3338939727194628e-12,3.501585721742685e-10,0.03034684428562851
4,0.08726646259971647,6,5,56,11.587297662613858,-0.017559500924258828,-1.0111824781062744,0.0015323555306765199,6.0927212095605355e-5,0.0,0.0,0.0,0.0,0.0,0.0,0.0,0.0,1.556558290617985e-5,2.1766757436009746e-6,-1.6308625102997697e-6,1.5140417345207307e-5,-1.630862511098781e-6,1.5140417346140273e-5,-1.4711959782611974e-5,-1.1153268204471627e-6,2.3338939727194628e-12,3.501585721742685e-10,0.03034684428562851
4,0.08726646259971647,6,7,57,11.58729766261463,-0.0175595009294302,1.0111824781063417,-0.0015323555311278073,6.0927212034502675e-5,-1.4711959768169649e-5,-1.1153268160975308e-6,1.6308625056891618e-6,-1.5140417330629112e-5,1.6308625058359984e-6,-1.5140417331063757e-5,1.5565582890971514e-5,2.17667573804448e-6,0.0,0.0,0.0,0.0,0.0,0.0,0.0,0.0,2.3338939727194628e-12,3.501585721742685e-10,0.03034684428562851
4,0.08726646259971647,6,5,58,11.598882693416403,-0.017059843817660698,-1.0121934627635212,0.0014887522224708916,5.195550745259357e-5,0.0,0.0,0.0,0.0,0.0,0.0,0.0,0.0,1.3355374713428197e-5,1.124835377319875e-6,-6.799954227361567e-7,1.2967816616789582e-5,-6.79995421541177e-7,1.2967816617434714e-5,-1.2578872595705318e-5,-2.610897142096056e-7,2.3338939727194628e-12,3.501585721742685e-10,0.03034684428562851
4,0.08726646259971647,6,7,59,11.598882693416444,-0.017059843809956836,1.0121934627635247,-0.0014887522217986028,5.195550737179845e-5,-1.2578872574464195e-5,-2.610897838851391e-7,6.799954931790779e-7,-1.2967816593047296e-5,6.799954942852911e-7,-1.2967816593218474e-5,1.3355374686554844e-5,1.124835450822321e-6,0.0,0.0,0.0,0.0,0.0,0.0,0.0,0.0,2.3338939727194628e-12,3.501585721742685e-10,0.03034684428562851
4,0.08726646259971647,6,5,60,11.609987308378715,-0.007041084351929329,-1.013162523229814,0.0006144505242590897,4.545373398179279e-5,0.0,0.0,0.0,0.0,0.0,0.0,0.0,0.0,-1.06134919695827e-5,-2.9172269413263355e-6,3.3558986329688063e-6,-1.0853620318454038e-5,3.355898631801162e-6,-1.0853620315643245e-5,1.1087015166667405e-5,3.816270830543203e-6,2.3338939727194628e-12,3.501585721742685e-10,0.03034684428562851
4,0.08726646259971647,6,7,61,11.609987308372498,-0.007041084347980356,1.0131625232292716,-0.0006144505239144768,4.545373395119411e-5,1.1087015151742722e-5,3.816270852026714e-6,-3.355898653799764e-6,1.0853620301905072e-5,-3.355898654026925e-6,1.0853620302844062e-5,-1.061349195518864e-5,-2.9172269629089815e-6,0.0,0.0,0.0,0.0,0.0,0.0,0.0,0.0,2.3338939727194628e-12,3.501585721742685e-10,0.03034684428562851
4,0.08726646259971647,6,7,62,8.709469284181655,0.01273964472080769,0.7600445755514178,0.0011117437295620396,3.3680448194976266e-5,7.114788379394211e-6,-4.986701989027897e-6,5.047165185137301e-6,6.737135982373687e-6,5.0471651849896975e-6,6.73713598136635e-6,-6.369564430375835e-6,5.094144028266285e-6,0.0,0.0,0.0,0.0,0.0,0.0,0.0,0.0,2.3338939727194628e-12,3.501585721742685e-10,0.03034684428562851
4,0.08726646259971647,6,5,63,8.70946928418189,0.012739644720960664,-0.7600445755514383,-0.0011117437295753891,3.368044819230436e-5,0.0,0.0,0.0,0.0,0.0,0.0,0.0,0.0,-6.369564430182395e-6,5.094144027455484e-6,-5.047165184323196e-6,-6.737135982171847e-6,-5.047165184186429e-6,-6.737135981110587e-6,7.11478837912961e-6,-4.986701988223314e-6,2.3338939727194628e-12,3.501585721742685e-10,0.03034684428562851
4,0.08726646259971647,6,5,64,8.751154359176855,0.006643326310016424,-0.7636822845894528,-0.0005797395869707606,2.541374557519564e-5,0.0,0.0,0.0,0.0,0.0,0.0,0.0,0.0,-1.0145116588710715e-6,6.070014099407542e-6,-6.228694403459393e-6,-1.244732766893816e-6,-6.228694404142861e-6,-1.2447327656206912e-6,1.4874087603814951e-6,-6.384872787897774e-6,2.3338939727194628e-12,3.501585721742685e-10,0.03034684428562851
4,0.08726646259971647,6,7,65,8.751154359178383,0.006643326311496344,0.7636822845895861,0.0005797395870999081,2.5413745421132523e-5,1.4874087567501761e-6,-6.384872749227425e-6,6.228694365358504e-6,1.2447327634653678e-6,6.2286943651977195e-6,1.2447327613985653e-6,-1.0145116549301586e-6,6.070014061005923e-6,0.0,0.0,0.0,0.0,0.0,0.0,0.0,0.0,2.3338939727194628e-12,3.501585721742685e-10,0.03034684428562851
4,0.08726646259971647,6,7,66,8.75708152517522,0.006514161685124652,0.7641995273993715,0.0005684678470634366,2.4629334091786833e-5,-5.5993814892765175e-6,2.0540898641038115e-6,-1.9361950301139142e-6,-5.8433697335060844e-6,-1.9361950334086064e-6,-5.843369735841234e-6,6.0912186795291465e-6,-1.806609599247886e-6,0.0,0.0,0.0,0.0,0.0,0.0,0.0,0.0,2.3338939727194628e-12,3.501585721742685e-10,0.03034684428562851
4,0.08726646259971647,6,5,67,8.75708152517706,0.0065141616839235715,-0.764199527399532,-0.0005684678469586224,2.462933406007308e-5,0.0,0.0,0.0,0.0,0.0,0.0,0.0,0.0,6.091218676052778e-6,-1.80660958303547e-6,1.936195015866796e-6,5.843369731665422e-6,1.9361950156582683e-6,5.8433697315758946e-6,-5.599381486638637e-6,2.0540898483254444e-6,2.3338939727194628e-12,3.501585721742685e-10,0.03034684428562851
4,0.08726646259971647,6,5,68,8.690670945914604,-0.0060846168590796106,-0.7584041110680995,0.0005309829895664751,2.3678837066758958e-5,0.0,0.0,0.0,0.0,0.0,0.0,0.0,0.0,3.5078804039287247e-6,-5.000600256515987e-6,4.950085262544756e-6,3.243780498511612e-6,4.95008526256233e-6,3.2437804992940164e-6,-2.9895742669372e-6,4.893072813945283e-6,2.3338939727194628e-12,3.501585721742685e-10,0.03034684428562851
4,0.08726646259971647,6,7,69,8.690670945915048,-0.006084616859161174,0.7584041110681382,-0.0005309829895735929,2.367883705519455e-5,-2.9895742666514816e-6,4.893072810780312e-6,-4.950085259288648e-6,-3.243780498178204e-6,-4.950085259312069e-6,-3.2437804990064974e-6,3.5078804035927046e-6,-5.000600253169827e-6,0.0,0.0,0.0,0.0,0.0,0.0,0.0,0.0,2.3338939727194628e-12,3.501585721742685e-10,0.03034684428562851
4,0.08726646259971647,6,7,70,11.607021843956286,-0.0032305774957106237,1.0129037376397034,-0.00028192107020491683,1.9390391030112806e-5,2.795426313025965e-6,3.772818966744629e-6,-3.983293440077682e-6,2.7605870755715585e-6,-3.9832934406929835e-6,2.7605870751637028e-6,-2.717775737613339e-6,-4.199281116058456e-6,0.0,0.0,0.0,0.0,0.0,0.0,0.0,0.0,2.3338939727194628e-12,3.501585721742685e-10,0.03034684428562851
4,0.08726646259971647,6,5,71,11.6070218439564,-0.0032305774951955496,-1.0129037376397132,0.00028192107015996814,1.9390391019022936e-5,0.0,0.0,0.0,0.0,0.0,0.0,0.0,0.0,-2.7177757308010127e-6,-4.19928111724999e-6,3.983293441581256e-6,-2.7605870682978307e-6,3.983293441938379e-6,-2.7605870687301204e-6,2.795426306147519e-6,3.7728189683061583e-6,2.3338939727194628e-12,3.501585721742685e-10,0.03034684428562851
4,0.08726646259971647,6,5,72,8.753038056313475,0.00420477285347012,-0.7638466681751749,-0.0003669356529576533,1.5749407589438757e-5,0.0,0.0,0.0,0.0,0.0,0.0,0.0,0.0,7.101868138978927e-7,-4.000230016261499e-6,3.895587320805846e-6,5.651519511892996e-7,3.895587323884153e-6,5.651519490465859e-7,-4.279071226234936e-7,3.789806534555569e-6,2.3338939727194628e-12,3.501585721742685e-10,0.03034684428562851
4,0.08726646259971647,6,7,73,8.753038056308146,0.004204772847461912,0.7638466681747098,0.0003669356524333383,1.5749407364449676e-5,-4.2790712379032384e-7,3.7898064778072468e-6,-3.895587266297334e-6,-5.65151951175904e-7,-3.895587264486947e-6,-5.65151950468163e-7,7.101868142138037e-7,-4.000229959119977e-6,0.0,0.0,0.0,0.0,0.0,0.0,0.0,0.0,2.3338939727194628e-12,3.501585721742685e-10,0.03034684428562851
4,0.08726646259971647,6,7,74,8.756994442216902,0.004808530244626911,0.7641919279776463,0.00041962342475233984,1.0313640295378026e-5,2.660075833330926e-6,5.0214157119828126e-8,3.289455165654071e-8,2.577556225154843e-6,3.289455249791071e-8,2.5775562264122784e-6,-2.4950972521312e-6,1.108480881466337e-7,0.0,0.0,0.0,0.0,0.0,0.0,0.0,0.0,2.3338939727194628e-12,3.501585721742685e-10,0.03034684428562851
4,0.08726646259971647,6,5,75,8.756994442212862,0.004808530241409332,-0.7641919279772937,-0.0004196234244715531,1.0313640257646411e-5,0.0,0.0,0.0,0.0,0.0,0.0,0.0,0.0,-2.4950972424650342e-6,1.1084808924079571e-7,-3.289455266465878e-8,-2.5775562176411785e-6,-3.2894553329738357e-8,-2.5775562150247048e-6,2.660075824095194e-6,5.021415641899497e-8,2.3338939727194628e-12,3.501585721742685e-10,0.03034684428562851
4,0.08726646259971647,6,7,76,11.611437972837157,0.0025033780518882824,1.0132891175855214,0.0002184609471380599,6.9694312238312205e-6,1.5192630006402176e-6,-9.61328994969268e-7,9.775110142508222e-7,1.4417928918525823e-6,9.775110142043686e-7,1.4417928918848827e-6,-1.366274919586636e-6,9.908074955693744e-7,0.0,0.0,0.0,0.0,0.0,0.0,0.0,0.0,2.3338939727194628e-12,3.501585721742685e-10,0.03034684428562851
4,0.08726646259971647,6,5,77,11.61143797283539,0.0025033780522986,-1.013289117585367,-0.00021846094717386684,6.969431209622728e-6,0.0,0.0,0.0,0.0,0.0,0.0,0.0,0.0,-1.3662749152136278e-6,9.908074957184545e-7,-9.775110146043238e-7,-1.4417928873775264e-6,-9.775110143581028e-7,-1.441792887434628e-6,1.5192629960884735e-6,-9.613289953308715e-7,2.3338939727194628e-12,3.501585721742685e-10,0.03034684428562851
4,0.08726646259971647,6,7,78,5.16396515054084,0.0027096766883142713,0.4506409716759115,0.00023646389937810095,6.81208410435751e-6,-1.6481377116492677e-6,-6.9893143275985e-8,1.2590750804869588e-7,-1.6979338642297171e-6,1.2590750758563027e-7,-1.6979338632201212e-6,1.7474748051857168e-6,1.8531748491106668e-7,0.0,0.0,0.0,0.0,0.0,0.0,0.0,0.0,2.3338939727194628e-12,3.501585721742685e-10,0.03034684428562851
4,0.08726646259971647,6,5,79,5.163965150540252,0.002709676688019278,-0.4506409716758602,-0.00023646389935235793,6.812084103909838e-6,0.0,0.0,0.0,0.0,0.0,0.0,0.0,0.0,1.7474748050674151e-6,1.8531748481708446e-7,-1.2590750801103076e-7,1.697933864200396e-6,-1.2590750746358913e-7,1.6979338630372673e-6,-1.6481377115553136e-6,-6.989314320885394e-8,2.3338939727194628e-12,3.501585721742685e-10,0.03034684428562851
5,0.05038331567317271,7,6,0,0.5329129657632681,0.052755293047038354,-0.026849922180377416,-0.0026579865830196666,34.97468699895508,0.0,0.0,0.0,0.0,0.0,0.0,0.0,0.0,-5.769270416313185,6.200633642944697,-6.208215179866045,-6.15399683513044,-6.208215179914875,-6.153996835078073,6.551127363857685,-6.203476319056595,2.961965744092091e-12,9.62346938587023e-10,0.02625138799099487
5,0.05038331567317271,7,8,1,0.5329129657628746,0.05275529304711392,0.02684992218035759,0.002657986583023474,34.974686998949586,6.551127363857172,-6.2034763190551665,6.208215179864418,6.153996835129808,6.208215179913623,6.153996835077705,-5.769270416312701,6.200633642943245,0.0,0.0,0.0,0.0,0.0,0.0,0.0,0.0,2.961965744092091e-12,9.62346938587023e-10,0.02625138799099487
5,0.05038331567317271,7,6,2,2.1378102314610024,0.014363659058392333,-0.1077099677410381,-0.0007236887685608077,2.400361427629931,0.0,0.0,0.0,0.0,0.0,0.0,0.0,0.0,-0.5176494157416625,0.2644193873113049,-0.2558750947565737,-0.5426384806175232,-0.255875094762702,-0.5426384806122123,0.5681382098900256,-0.24624501458234554,2.961965744092091e-12,9.62346938587023e-10,0.02625138799099487
5,0.05038331567317271,7,8,3,2.1378102314610414,0.014363659058344233,0.10770996774104007,0.0007236887685583841,2.400361427626145,0.5681382098870923,-0.24624501458631282,0.25587509476061865,0.5426384806149007,0.2558750947665628,0.5426384806090193,-0.517649415738772,0.26441938731523984,0.0,0.0,0.0,0.0,0.0,0.0,0.0,0.0,2.961965744092091e-12,9.62346938587023e-10,0.02625138799099487
5,0.05038331567317271,7,6,4,6.766007356487702,0.010914935239646296,-0.34089388448892866,-0.0005499306277313363,1.6943818186252124,0.0,0.0,0.0,0.0,0.0,0.0,0.0,0.0,-0.32581043169777224,0.24940741839366018,-0.24665164271760254,-0.34424767350123847,-0.24665164272454615,-0.34424767349287977,0.36317752959383504,-0.2432068790873882,2.961965744092091e-12,9.62346938587023e-10,0.02625138799099487
5,0.05038331567317271,7,8,5,6.766007356486423,0.01091493523965159,0.34089388448886426,0.0005499306277316031,1.6943818185654913,0.3631775295427551,-0.24320687913314865,0.2466516427637433,0.3442476734498631,0.24665164276974524,0.34424767344214596,-0.32581043164666135,0.24940741843914516,0.0,0.0,0.0,0.0,0.0,0.0,0.0,0.0,2.961965744092091e-12,9.62346938587023e-10,0.02625138799099487
5,0.05038331567317271,7,6,6,6.727952157122324,-0.0019039946102783895,-0.33897653736629735,9.592956148967555e-5,1.2848659658403934,0.0,0.0,0.0,0.0,0.0,0.0,0.0,0.0,0.2378599817573182,-0.23082748675552478,0.23082289892703758,0.22326954948927222,0.230822898933141,0.22326954948113084,-0.20914031601064592,0.23037131080709392,2.961965744092091e-12,9.62346938587023e-10,0.02625138799099487
5,0.05038331567317271,7,8,7,6.727952157123333,-0.0019039946097747645,0.3389765373663482,-9.592956146430125e-5,1.2848659658217747,-0.20914031596100496,0.23037131084860804,-0.23082289896896727,-0.22326954943934105,-0.23082289897434743,-0.22326954943181362,0.2378599817076264,-0.23082748679704948,0.0,0.0,0.0,0.0,0.0,0.0,0.0,0.0,2.961965744092091e-12,9.62346938587023e-10,0.02625138799099487
5,0.05038331567317271,7,8,8,12.953882221608403,0.003715501819466796,0.652659537164396,0.00018719930105444316,1.2064077870762135,0.24507712970359902,-0.1918042230954608,0.1932539519464091,0.23145456064827738,0.1932539519556356,0.23145456063370853,-0.21821803618796598,0.1942403856412141,0.0,0.0,0.0,0.0,0.0,0.0,0.0,0.0,2.961965744092091e-12,9.62346938587023e-10,0.02625138799099487
5,0.05038331567317271,7,6,9,12.95388222161759,0.0037155018209175106,-0.6526595371648588,-0.00018719930112753494,1.206407786845256,0.0,0.0,0.0,0.0,0.0,0.0,0.0,0.0,-0.21821803611677137,0.1942403856364462,-0.19325395195211467,-0.23145456055893482,-0.1932539519404024,-0.2314545605805865,0.2450771296323319,-0.19180422309055656,2.961965744092091e-12,9.62346938587023e-10,0.02625138799099487
5,0.05038331567317271,7,6,10,2.2611501441357698,0.09248532420876071,-0.11392424149643246,-0.004659717284745713,1.2004759366665319,0.0,0.0,0.0,0.0,0.0,0.0,0.0,0.0,-0.04979287583815066,0.28641205132812253,-0.29383654824599503,-0.06071657538505158,-0.2938365482463968,-0.06071657538265501,0.0722278260053474,-0.30113902446244906,2.961965744092091e-12,9.62346938587023e-10,0.02625138799099487
5,0.05038331567317271,7,8,11,2.261150144135766,0.09248532420877756,0.11392424149643228,0.004659717284746562,1.2004759366659528,0.07222782600576982,-0.3011390244621938,0.2938365482457989,0.06071657538545904,0.2938365482461268,0.06071657538307272,-0.049792875838553144,0.2864120513279105,0.0,0.0,0.0,0.0,0.0,0.0,0.0,0.0,2.961965744092091e-12,9.62346938587023e-10,0.02625138799099487
5,0.05038331567317271,7,8,12,2.0970035807953633,-0.0015198646102100033,0.10565399337898633,-7.65758184366942e-5,1.0336480643980432,-0.16352091904414814,0.18951377934199923,-0.19016366194993575,-0.1748748149658911,-0.19016366195302584,-0.174874814960665,0.1866086880767198,-0.19046341495383287,0.0,0.0,0.0,0.0,0.0,0.0,0.0,0.0,2.961965744092091e-12,9.62346938587023e-10,0.02625138799099487
5,0.05038331567317271,7,6,13,2.0970035807954543,-0.00151986461026761,-0.10565399337899091,7.65758184395966e-5,1.033648064394932,0.0,0.0,0.0,0.0,0.0,0.0,0.0,0.0,0.1866086880795714,-0.19046341495015554,0.1901636619461538,0.1748748149685088,0.19016366194946788,0.17487481496372356,-0.1635209190469801,0.18951377933834104,2.961965744092091e-12,9.62346938587023e-10,0.02625138799099487
5,0.05038331567317271,7,8,14,12.922788766169031,-0.0030658489048329546,0.6510929457836244,-0.0001544676331784496,1.0105912522119935,-0.16567090014296945,0.18012138851614967,-0.1804043007274516,-0.17678610284930016,-0.18040430073662705,-0.176786102834025,0.1882617602100068,-0.1803332802881017,0.0,0.0,0.0,0.0,0.0,0.0,0.0,0.0,2.961965744092091e-12,9.62346938587023e-10,0.02625138799099487
5,0.05038331567317271,7,6,15,12.922788766160114,-0.003065848902054205,-0.6510929457831751,0.00015446763303844698,1.0105912520122757,0.0,0.0,0.0,0.0,0.0,0.0,0.0,0.0,0.18826176013950302,-0.18033328028723225,0.18040430073712257,0.17678610276045958,0.18040430072537378,0.1767861027818413,-0.16567090007245053,0.18012138851529486,2.961965744092091e-12,9.62346938587023e-10,0.02625138799099487
5,0.05038331567317271,7,6,16,6.887126903230377,0.09551950841068857,-0.3469962888466565,-0.004812589545201998,0.3239678725694973,0.0,0.0,0.0,0.0,0.0,0.0,0.0,0.0,0.007890452516231872,0.07805448053911743,-0.0807784443096134,0.005591572073046485,-0.08077844430965889,0.00559157207382412,-0.0031311237204450747,-0.08351342965640972,2.961965744092091e-12,9.62346938587023e-10,0.02625138799099487
5,0.05038331567317271,7,8,17,6.887126903230698,0.09551950840937043,0.34699628884667266,0.004812589545135586,0.3239678725540591,-0.0031311237184810277,-0.08351342965254727,0.08077844430591297,-0.005591572071095528,0.08077844430589326,-0.00559157207185855,0.007890452514279594,0.07805448053550933,0.0,0.0,0.0,0.0,0.0,0.0,0.0,0.0,2.961965744092091e-12,9.62346938587023e-10,0.02625138799099487
5,0.05038331567317271,7,6,18,13.098212788168716,0.10274219070626868,-0.6599313896606921,-0.005176492227307246,0.11216847352527226,0.0,0.0,0.0,0.0,0.0,0.0,0.0,0.0,0.007018932238883162,0.026240275621770157,-0.02729856017709257,0.006384064348967282,-0.027298560177322177,0.00638406434952928,-0.00569458662575049,-0.028369558251524336,2.961965744092091e-12,9.62346938587023e-10,0.02625138799099487
5,0.05038331567317271,7,8,19,13.098212788165561,0.10274219069819826,0.6599313896605331,0.0051764922269006315,0.11216847351149165,-0.005694586625535138,-0.028369558247960676,0.027298560173617113,-0.006384064348482266,0.02729856017383684,-0.006384064349525725,0.007018932238609982,0.026240275618370165,0.0,0.0,0.0,0.0,0.0,0.0,0.0,0.0,2.961965744092091e-12,9.62346938587023e-10,0.02625138799099487
5,0.05038331567317271,7,6,20,4.687910398158751,0.052413823942496565,-0.2361924694379811,-0.0026407822373329024,0.0029827476659655345,0.0,0.0,0.0,0.0,0.0,0.0,0.0,0.0,-0.0005132543702560926,0.0005082257256933095,-0.0005075287175163631,-0.0005460639766185051,-0.0005075287175197279,-0.0005460639766131142,0.0005798875472687424,-0.0005057385674252826,2.961965744092091e-12,9.62346938587023e-10,0.02625138799099487
5,0.05038331567317271,7,8,21,4.6879103981590955,0.05241382394270155,0.2361924694379985,0.00264078223734323,0.002982747665891826,0.0005798875472588683,-0.0005057385674089665,0.0005075287175002926,0.0005460639766086771,0.0005075287175027044,0.0005460639766033628,-0.0005132543702464282,0.000508225725676533,0.0,0.0,0.0,0.0,0.0,0.0,0.0,0.0,2.961965744092091e-12,9.62346938587023e-10,0.02625138799099487
5,0.05038331567317271,7,6,22,4.76932648613626,0.047373526292728646,-0.24029448189942673,-0.0023868353297578945,0.0015036212191135083,0.0,0.0,0.0,0.0,0.0,0.0,0.0,0.0,0.0002429462950399852,-0.0003023711479002915,0.0003002616553000172,0.00022600257428440009,0.00030026165532590266,0.00022600257427436214,-0.00020965892422365084,0.00029769955750625954,2.961965744092091e-12,9.62346938587023e-10,0.02625138799099487
5,0.05038331567317271,7,8,23,4.769326486135853,0.047373526292453255,0.24029448189940625,0.0023868353297440198,0.0015036212189390237,-0.00020965892417864392,0.0002976995574857373,-0.00030026165528194564,-0.00022600257424710752,-0.0003002616553026827,-0.0002260025742214543,0.00024294629499481703,-0.00030237114787942627,0.0,0.0,0.0,0.0,0.0,0.0,0.0,0.0,2.961965744092091e-12,9.62346938587023e-10,0.02625138799099487
5,0.05038331567317271,7,6,24,9.3984682785144,0.04775734901487343,-0.47352599412069113,-0.002406173591130252,0.001195189415320249,0.0,0.0,0.0,0.0,0.0,0.0,0.0,0.0,0.00020493625913835963,-0.00023034738807544287,0.00022934897541614877,0.000191400931046174,0.00022934897544343635,0.0001914009310563462,-0.00017832391765531505,0.00022796730260898386,2.961965744092091e-12,9.62346938587023e-10,0.02625138799099487
5,0.05038331567317271,7,8,25,9.398468278512684,0.047757349014140395,0.47352599412060464,0.002406173591093319,0.0011951894146709475,-0.00017832391736371294,0.0002279673026408939,-0.0002293489754274903,-0.00019140093078223513,-0.00022934897549593025,-0.00019140093073736746,0.00020493625884696824,-0.00023034738810675991,0.0,0.0,0.0,0.0,0.0,0.0,0.0,0.0,2.961965744092091e-12,9.62346938587023e-10,0.02625138799099487
5,0.05038331567317271,7,8,26,9.32548738342231,0.054220639602410706,0.4698489746451556,0.002731815601089588,0.0011917330672415799,0.0001928001769246744,-0.0002394532907228251,0.0002377952031379817,0.00017936928568774215,0.00023779520312549855,0.00017936928567382826,-0.00016641362562952528,0.00023577790173796831,0.0,0.0,0.0,0.0,0.0,0.0,0.0,0.0,2.961965744092091e-12,9.62346938587023e-10,0.02625138799099487
5,0.05038331567317271,7,6,27,9.325487383421855,0.05422063960325614,-0.4698489746451327,-0.0027318156011321842,0.0011917330665300804,0.0,0.0,0.0,0.0,0.0,0.0,0.0,0.0,-0.0001664136254865371,0.0002357779016279415,-0.00023779520302794944,-0.0001793692855364707,-0.00023779520301786945,-0.00017936928552305024,0.0001928001767654007,-0.00023945329061548847,2.961965744092091e-12,9.62346938587023e-10,0.02625138799099487
5,0.05038331567317271,7,6,28,9.322364908370915,0.051120088023438585,-0.46969165399895957,-0.002575599532125282,0.0011239482821298738,0.0,0.0,0.0,0.0,0.0,0.0,0.0,0.0,-0.0002217930217171712,0.0001577583115367942,-0.00015550240525174835,-0.00023395149775680464,-0.00015550240526327172,-0.00023395149775700378,0.0002464205103936263,-0.00015277828544609358,2.961965744092091e-12,9.62346938587023e-10,0.02625138799099487
5,0.05038331567317271,7,8,29,9.32236490837083,0.05112008802433702,0.4696916539989553,0.002575599532170548,0.0011239482814512755,0.0002464205102345699,-0.0001527782853686113,0.00015550240517367636,0.00023395149760542053,0.00015550240518447643,0.00023395149760537865,-0.00022179302157295894,0.0001577583114576287,0.0,0.0,0.0,0.0,0.0,0.0,0.0,0.0,2.961965744092091e-12,9.62346938587023e-10,0.02625138799099487
5,0.05038331567317271,7,6,30,4.775006553009651,0.05348763300449357,-0.24058066250175353,-0.002694884298276211,0.0007222703433130203,0.0,0.0,0.0,0.0,0.0,0.0,0.0,0.0,-9.220741726402758e-5,0.00014862611701941942,-0.0001503121638486584,-9.997310867298794e-5,-0.0001503121638646731,-9.997310868708875e-5,0.00010803922417621954,-0.0001517979640527986,2.961965744092091e-12,9.62346938587023e-10,0.02625138799099487
5,0.05038331567317271,7,8,31,4.775006553009104,0.05348763300442614,0.24058066250172597,0.0026948842982728134,0.0007222703431662039,0.00010803922414002014,-0.00015179796403270657,0.00015031216383071909,9.997310864474632e-5,0.00015031216384272784,9.997310864274812e-5,-9.220741722768241e-5,0.00014862611699954288,0.0,0.0,0.0,0.0,0.0,0.0,0.0,0.0,2.961965744092091e-12,9.62346938587023e-10,0.02625138799099487
5,0.05038331567317271,7,6,32,9.403746939559273,0.052865179904543015,-0.47379195056644663,-0.002663523047249657,0.0005967709390431411,0.0,0.0,0.0,0.0,0.0,0.0,0.0,0.0,-8.171041360114222e-5,0.00011919664182211947,-0.00012029546514422079,-8.81836518207825e-5,-0.00012029546516582567,-8.818365184676652e-5,9.489730438960694e-5,-0.00012121768077152361,2.961965744092091e-12,9.62346938587023e-10,0.02625138799099487
5,0.05038331567317271,7,8,33,9.40374693955933,0.05286517990508321,0.47379195056644946,0.002663523047276874,0.0005967709386707005,9.489730413481561e-5,-0.00012121768084224157,0.0001202954651934141,8.818365159368918e-5,0.00012029546525922238,8.81836515647271e-5,-8.171041334662937e-5,0.00011919664189347116,0.0,0.0,0.0,0.0,0.0,0.0,0.0,0.0,2.961965744092091e-12,9.62346938587023e-10,0.02625138799099487
5,0.05038331567317271,7,6,34,10.978122719574294,0.0008792266152431172,-0.553114222479141,-4.429835210404914e-5,0.00010023594467221282,0.0,0.0,0.0,0.0,0.0,0.0,0.0,0.0,1.81745491277207e-5,-1.839252156965824e-5,1.8368303020306158e-5,1.703656681055562e-5,1.8368303021136264e-5,1.7036566809950847e-5,-1.5935286988987383e-5,1.8309974635672055e-5,2.961965744092091e-12,9.62346938587023e-10,0.02625138799099487
5,0.05038331567317271,7,8,35,10.978122719574309,0.0008792266151459033,0.5531142224791417,4.429835209915118e-5,0.00010023594467211238,-1.5935286988165863e-5,1.8309974636284192e-5,-1.8368303021057022e-5,-1.7036566809786658e-5,-1.8368303021749522e-5,-1.703656680917271e-5,1.81745491270014e-5,-1.8392521570409864e-5,0.0,0.0,0.0,0.0,0.0,0.0,0.0,0.0,2.961965744092091e-12,9.62346938587023e-10,0.02625138799099487
5,0.05038331567317271,7,8,36,11.016406254088016,0.016102229740128177,0.5550430738836306,0.0008112837240388277,8.479060092746215e-5,1.5233764500842035e-5,-1.5695789876891495e-5,1.566666347542797e-5,1.4271356397767084e-5,1.5666663475022117e-5,1.4271356397658855e-5,-1.334025304752724e-5,1.5608963055996157e-5,0.0,0.0,0.0,0.0,0.0,0.0,0.0,0.0,2.961965744092091e-12,9.62346938587023e-10,0.02625138799099487
5,0.05038331567317271,7,6,37,11.01640625408833,0.016102229739378304,-0.5550430738836465,-0.0008112837240010466,8.479060092672043e-5,0.0,0.0,0.0,0.0,0.0,0.0,0.0,0.0,-1.3340253046703545e-5,1.560896305637517e-5,-1.5666663475753472e-5,-1.4271356397016634e-5,-1.5666663475680136e-5,-1.427135639677584e-5,1.5233764500039232e-5,-1.5695789877500996e-5,2.961965744092091e-12,9.62346938587023e-10,0.02625138799099487
5,0.05038331567317271,7,6,38,11.012471536504062,0.013209911803133717,-0.5548448297655135,-0.0006655591563920561,4.0247314353376794e-5,0.0,0.0,0.0,0.0,0.0,0.0,0.0,0.0,-9.70513371810529e-6,8.95035465734996e-7,-6.064784733286672e-7,-1.0041016638862272e-5,-6.064784730257919e-7,-1.0041016639046255e-5,1.0378092433516365e-5,-2.9783825447089695e-7,2.961965744092091e-12,9.62346938587023e-10,0.02625138799099487
5,0.05038331567317271,7,8,39,11.012471536503295,0.013209911803473223,0.5548448297654748,0.0006655591564091616,4.024731434485515e-5,1.0378092431179006e-5,-2.978382571557051e-7,6.064784758727954e-7,1.0041016636663914e-5,6.064784756582894e-7,1.0041016636666328e-5,-9.705133715862169e-6,8.950354682311805e-7,0.0,0.0,0.0,0.0,0.0,0.0,0.0,0.0,2.961965744092091e-12,9.62346938587023e-10,0.02625138799099487
5,0.05038331567317271,7,8,40,9.40882550493608,0.05340549091007875,0.47404782552899316,0.0026907457072032535,1.6939116335826628e-5,-4.994714655224451e-7,4.341045626437438e-6,-4.2191754614660875e-6,-3.5065041511858536e-7,-4.219175463771175e-6,-3.506504172655028e-7,2.1026700805821815e-7,-4.096595560376021e-6,0.0,0.0,0.0,0.0,0.0,0.0,0.0,0.0,2.961965744092091e-12,9.62346938587023e-10,0.02625138799099487
5,0.05038331567317271,7,6,41,9.40882550493679,0.05340549091034115,-0.4740478255290289,-0.0026907457072164738,1.6939116210315942e-5,0.0,0.0,0.0,0.0,0.0,0.0,0.0,0.0,2.1026698414229985e-7,-4.096595530627427e-6,4.219175433039503e-6,3.5065039064018e-7,4.219175433223057e-6,3.506503936295871e-7,-4.994714413919378e-7,4.341045597185713e-6,2.961965744092091e-12,9.62346938587023e-10,0.02625138799099487
5,0.05038331567317271,7,8,42,6.346347468726803,0.0014955125210065479,0.3197500278885031,7.534887943905524e-5,1.5877491622768988e-5,-2.4959966816796877e-6,2.9246009563626567e-6,-2.935527124291e-6,-2.670343174390452e-6,-2.9355271244527453e-6,-2.670343173676627e-6,2.8505553740889113e-6,-2.9411067403135284e-6,0.0,0.0,0.0,0.0,0.0,0.0,0.0,0.0,2.961965744092091e-12,9.62346938587023e-10,0.02625138799099487
5,0.05038331567317271,7,6,43,6.346347468726883,0.0014955125210098577,-0.3197500278885071,-7.534887943922199e-5,1.587749161559832e-5,0.0,0.0,0.0,0.0,0.0,0.0,0.0,0.0,2.8505553725520645e-6,-2.9411067392165195e-6,2.9355271231854015e-6,2.6703431728087216e-6,2.935527123450768e-6,2.6703431722487642e-6,-2.4959966802044824e-6,2.924600955348411e-6,2.961965744092091e-12,9.62346938587023e-10,0.02625138799099487
5,0.05038331567317271,7,6,44,11.137490097939843,0.09088249495534383,-0.5611436794113384,-0.004578961432500615,1.560491741564493e-5,0.0,0.0,0.0,0.0,0.0,0.0,0.0,0.0,6.428934216815397e-7,3.7238093075697794e-6,-3.8624625719407645e-6,5.416383630170578e-7,-3.862462571980947e-6,5.416383631588678e-7,-4.326573037968322e-7,-4.002191387079786e-6,2.961965744092091e-12,9.62346938587023e-10,0.02625138799099487
5,0.05038331567317271,7,8,45,11.137490097940338,0.09088249495476197,0.5611436794113633,0.004578961432471299,1.5604917415065175e-5,-4.326573037540425e-7,-4.002191386934359e-6,3.862462571785078e-6,-5.416383629857037e-7,3.8624625718549685e-6,-5.416383631118632e-7,6.428934216457452e-7,3.7238093074331225e-6,0.0,0.0,0.0,0.0,0.0,0.0,0.0,0.0,2.961965744092091e-12,9.62346938587023e-10,0.02625138799099487
5,0.05038331567317271,7,6,46,6.3845236574360635,0.015873367220902435,-0.32167347085544035,-0.0007997528714869196,1.2898111042205117e-5,0.0,0.0,0.0,0.0,0.0,0.0,0.0,0.0,-2.1553697990914486e-6,2.2605543178635444e-6,-2.261618181252789e-6,-2.297274371605978e-6,-2.261618180952102e-6,-2.2972743720679937e-6,2.443697581873567e-6,-2.2580829769671275e-6,2.961965744092091e-12,9.62346938587023e-10,0.02625138799099487
5,0.05038331567317271,7,8,47,6.384523657435961,0.015873367220946476,0.32167347085543524,0.0007997528714891385,1.2898111037382006e-5,2.4436975806508712e-6,-2.258082976464753e-6,2.2616181806245974e-6,2.2972743704571335e-6,2.261618180522473e-6,2.297274370874766e-6,-2.155369797971481e-6,2.2605543173106034e-6,0.0,0.0,0.0,0.0,0.0,0.0,0.0,0.0,2.961965744092091e-12,9.62346938587023e-10,0.02625138799099487
5,0.05038331567317271,7,8,48,9.321272829420012,0.05058973073967679,0.4696366314404362,0.002548878373677945,3.6127575013767355e-6,-8.789786424558484e-8,8.70441133654072e-7,-8.950758099404956e-7,-1.1909209590341683e-7,-8.950758080894595e-7,-1.1909209438602501e-7,1.5207623768825374e-7,-9.19470510192168e-7,0.0,0.0,0.0,0.0,0.0,0.0,0.0,0.0,2.961965744092091e-12,9.62346938587023e-10,0.02625138799099487
5,0.05038331567317271,7,6,49,9.32127282941807,0.05058973073914663,-0.4696366314403384,-0.0025488783736512337,3.612757382460835e-6,0.0,0.0,0.0,0.0,0.0,0.0,0.0,0.0,1.5207621115049884e-7,-9.194704836982231e-7,8.950757829730438e-7,1.1909206944410819e-7,8.95075782154798e-7,1.1909206769841792e-7,-8.789783768894179e-8,8.704411071911773e-7,2.961965744092091e-12,9.62346938587023e-10,0.02625138799099487
5,0.05038331567317271,7,6,50,10.97459852724286,0.0005392465660699064,-0.5529366619844133,-2.7169029963974478e-5,1.6594260449321472e-6,0.0,0.0,0.0,0.0,0.0,0.0,0.0,0.0,2.791002450631162e-7,3.24575256271226e-7,-3.0576522837493264e-7,2.8022775351965203e-7,-3.057652284251346e-7,2.802277535274978e-7,-2.807431716841146e-7,-2.875150439456377e-7,2.961965744092091e-12,9.62346938587023e-10,0.02625138799099487
5,0.05038331567317271,7,8,51,10.974598527242723,0.0005392465659639356,0.5529366619844064,2.7169029958635318e-5,1.6594260429236892e-6,-2.8074317179171103e-7,-2.875150431694994e-7,3.0576522757609693e-7,-2.802277536407522e-7,3.057652276407158e-7,-2.8022775364828706e-7,2.791002451976701e-7,3.2457525546372836e-7,0.0,0.0,0.0,0.0,0.0,0.0,0.0,0.0,2.961965744092091e-12,9.62346938587023e-10,0.02625138799099487
5,0.05038331567317271,7,6,52,11.128379577462875,0.09410421520167017,-0.5606846611822004,-0.004741282380681926,1.5494217399229277e-6,0.0,0.0,0.0,0.0,0.0,0.0,0.0,0.0,3.5134036062227503e-7,1.3168819829033948e-7,-1.4731930933511075e-7,3.581428714364458e-7,-1.4731930934722173e-7,3.58142871472847e-7,-3.6465002767764194e-7,-1.6366641077923572e-7,2.961965744092091e-12,9.62346938587023e-10,0.02625138799099487
5,0.05038331567317271,7,8,53,11.128379577463539,0.09410421520193205,0.5606846611822338,0.004741282380695121,1.5494217378103479e-6,-3.64650027073099e-7,-1.6366641081892184e-7,1.4731930937803007e-7,-3.581428708523645e-7,1.473193093864959e-7,-3.5814287088091526e-7,3.5134036004995896e-7,1.316881983329127e-7,0.0,0.0,0.0,0.0,0.0,0.0,0.0,0.0,2.961965744092091e-12,9.62346938587023e-10,0.02625138799099487
5,0.05038331567317271,7,6,54,6.5013354560594205,0.09149366129258726,-0.32755883657983204,-0.004609754018998768,1.3670631076783877e-6,0.0,0.0,0.0,0.0,0.0,0.0,0.0,0.0,1.1464511750038173e-7,-3.1056385494702895e-7,3.166343048169527e-7,1.2840649161488525e-7,3.1663430468453015e-7,1.2840649167140808e-7,-1.4280087695006755e-7,3.224473085673872e-7,2.961965744092091e-12,9.62346938587023e-10,0.02625138799099487
5,0.05038331567317271,7,8,55,6.501335456059594,0.09149366129261438,0.32755883657984075,0.004609754019000134,1.3670630999027085e-6,-1.4280087527750923e-7,3.224473071430203e-7,-3.1663430333755045e-7,-1.2840648994647185e-7,-3.166343033175664e-7,-1.284064900137556e-7,1.146451158490577e-7,-3.1056385352238396e-7,0.0,0.0,0.0,0.0,0.0,0.0,0.0,0.0,2.961965744092091e-12,9.62346938587023e-10,0.02625138799099487
5,0.05038331567317271,7,6,56,11.179685489773007,0.08668674302215963,-0.5632696231580219,-0.00436756553836467,6.834113713851414e-7,0.0,0.0,0.0,0.0,0.0,0.0,0.0,0.0,4.898633189322038e-8,-1.693531704445989e-7,1.655028622751934e-7,4.224828482563109e-8,1.655028622302317e-7,4.224828468371157e-8,-3.584115851818026e-8,1.6156772656753234e-7,2.961965744092091e-12,9.62346938587023e-10,0.02625138799099487
5,0.05038331567317271,7,8,57,11.179685489773679,0.08668674302199522,0.5632696231580557,0.004367565538356387,6.834113711219422e-7,-3.584115847969206e-8,1.6156772651150622e-7,-1.6550286221535733e-7,-4.224828479938263e-8,-1.655028621746338e-7,-4.2248284630325676e-8,4.8986331851992844e-8,-1.6935317038508776e-7,0.0,0.0,0.0,0.0,0.0,0.0,0.0,0.0,2.961965744092091e-12,9.62346938587023e-10,0.02625138799099487
5,0.05038331567317271,7,8,58,11.160337055606252,0.07854512540811014,0.5622947848916167,0.003957363848025751,2.841794205896792e-7,-4.020126124354253e-9,-7.319779813818877e-8,7.076154233360116e-8,-6.136344261033386e-9,7.076154235793074e-8,-6.1363442346312994e-9,8.11102715640888e-9,6.833741770684258e-8,0.0,0.0,0.0,0.0,0.0,0.0,0.0,0.0,2.961965744092091e-12,9.62346938587023e-10,0.02625138799099487
5,0.05038331567317271,7,6,59,11.160337055606309,0.0785451254084526,-0.5622947848916195,-0.003957363848043006,2.841794205762025e-7,0.0,0.0,0.0,0.0,0.0,0.0,0.0,0.0,8.11102725524339e-9,6.833741769398426e-8,-7.076154232379395e-8,6.136344365484959e-9,-7.076154234319967e-8,6.136344335965457e-9,-4.02012623150361e-9,-7.319779812660624e-8,2.961965744092091e-12,9.62346938587023e-10,0.02625138799099487
5,0.05038331567317271,7,6,60,10.946142701481804,0.01029842157559508,-0.5515029631323533,-0.0005188686251786196,1.0106763284715519e-7,0.0,0.0,0.0,0.0,0.0,0.0,0.0,0.0,-6.810332757060956e-9,2.516663712608072e-8,-2.4580083141153173e-8,-5.823857350107893e-9,-2.458008312344995e-8,-5.823857363491335e-9,4.886530426064503e-9,-2.3981832275955753e-8,2.961965744092091e-12,9.62346938587023e-10,0.02625138799099487
5,0.05038331567317271,7,8,61,10.946142701482161,0.01029842157644223,0.5515029631323712,0.0005188686252213018,1.0106763278742127e-7,4.886530390034742e-9,-2.3981832268982554e-8,2.4580083136977638e-8,5.823857312523433e-9,2.4580083115714996e-8,5.82385732189255e-9,-6.810332713760801e-9,2.5166637121365517e-8,0.0,0.0,0.0,0.0,0.0,0.0,0.0,0.0,2.961965744092091e-12,9.62346938587023e-10,0.02625138799099487
5,0.05038331567317271,7,6,62,10.975560536507437,0.02847751463228281,-0.552985131200871,-0.0014347916093056996,9.513465445603191e-8,0.0,0.0,0.0,0.0,0.0,0.0,0.0,0.0,1.3228677257926825e-8,-1.886122340878914e-8,1.9025331454379895e-8,1.426242986325569e-8,1.9025331424598217e-8,1.4262429843169716e-8,-1.533420454943276e-8,1.9160876589143697e-8,2.961965744092091e-12,9.62346938587023e-10,0.02625138799099487
5,0.05038331567317271,7,8,63,10.975560536507842,0.02847751463273207,0.5529851312008914,0.001434791609328335,9.513465435908503e-8,-1.5334204440749477e-8,1.916087663988781e-8,-1.90253315015511e-8,-1.4262429755056058e-8,-1.9025331476769746e-8,-1.4262429738228865e-8,1.3228677153309994e-8,-1.886122345737156e-8,0.0,0.0,0.0,0.0,0.0,0.0,0.0,0.0,2.961965744092091e-12,9.62346938587023e-10,0.02625138799099487
5,0.05038331567317271,7,6,64,9.022705531602046,0.053381405214943986,-0.45459382102478746,-0.0026895321900220707,4.2785955170410215e-9,0.0,0.0,0.0,0.0,0.0,0.0,0.0,0.0,-7.862083997916781e-10,6.74829952923475e-10,-6.704863249062964e-10,-8.330818580905683e-10,-6.704863267858542e-10,-8.330818564040597e-10,8.812946198414908e-10,-6.644751957733241e-10,2.961965744092091e-12,9.62346938587023e-10,0.02625138799099487
5,0.05038331567317271,7,8,65,9.022705531601305,0.0533814052147273,0.45459382102475016,0.002689532190011153,4.2785955122194105e-9,8.812946221097952e-10,-6.644751907088784e-10,6.704863198179636e-10,8.330818602988793e-10,6.704863224580435e-10,8.330818586800229e-10,-7.86208401997133e-10,6.748299485523444e-10,0.0,0.0,0.0,0.0,0.0,0.0,0.0,0.0,2.961965744092091e-12,9.62346938587023e-10,0.02625138799099487
5,0.05038331567317271,7,6,66,13.06365771961681,0.11130373557684375,-0.6581903907337333,-0.005607851245171463,4.6421957138760964e-20,0.0,0.0,0.0,0.0,0.0,0.0,0.0,0.0,2.4761334114217434e-21,-1.1018968938316381e-20,1.1226484469250153e-20,2.934145232201673e-21,1.1208690286205175e-20,2.9997278335702447e-21,-3.478524353493403e-21,1.1402685802585779e-20,2.961965744092091e-12,9.62346938587023e-10,0.02625138799099487
5,0.05038331567317271,7,8,67,13.06365771962091,0.11130373558341984,0.6581903907339398,0.005607851245502788,2.6604873016653325e-20,1.9579742134006536e-21,6.583163712860492e-21,-6.4000598522492076e-21,2.100787502165536e-21,-6.230126436719477e-21,2.0651297178092814e-21,-2.1961205978709955e-21,-6.051001101930816e-21,0.0,0.0,0.0,0.0,0.0,0.0,0.0,0.0,2.961965744092091e-12,9.62346938587023e-10,0.02625138799099487
5,0.05038331567317271,7,6,68,9.3258281566571,0.05499887222699084,-0.469866143930617,-0.0027710255410809707,9.190035752084193e-21,0.0,0.0,0.0,0.0,0.0,0.0,0.0,0.0,2.182366785523389e-21,4.3555264115300725e-22,-5.215585394843532e-22,2.2368961618979622e-21,-5.199487849839203e-22,2.2373508302785793e-21,-2.290823466820131e-21,-6.10441228448199e-22,2.961965744092091e-12,9.62346938587023e-10,0.02625138799099487
5,0.05038331567317271,7,8,69,9.325828156656751,0.054998872226530895,0.46986614393059944,0.0027710255410577974,7.961917963765742e-21,-1.7596955622452234e-21,-1.0589418806072911e-21,9.72777375761345e-22,-1.7350653951264306e-21,9.726876898257007e-22,-1.7370117901851983e-21,1.7105381453945145e-21,8.899505544426133e-22,0.0,0.0,0.0,0.0,0.0,0.0,0.0,0.0,2.961965744092091e-12,9.62346938587023e-10,0.02625138799099487
5,0.05038331567317271,7,6,70,6.838770346254204,0.10831451648632365,-0.34455992517165823,-0.005457244476117514,4.285938615743681e-21,0.0,0.0,0.0,0.0,0.0,0.0,0.0,0.0,-9.725504386369296e-22,3.408252315759452e-22,-3.1785397485922994e-22,-1.0224016539483012e-21,-2.8259388525614144e-22,-1.0335641397670357e-21,1.0835943700414851e-21,-2.551339383718281e-22,2.961965744092091e-12,9.62346938587023e-10,0.02625138799099487
5,0.05038331567317271,7,8,71,6.8387703462531615,0.10831451648643946,0.34455992517160566,0.005457244476123349,3.1555618021483346e-21,6.668961317651855e-22,4.764345420231918e-22,-4.5039790553642495e-22,6.549031511021789e-22,-4.316329918388835e-22,6.525514345899497e-22,-6.402171620420803e-22,-4.0720589390337077e-22,0.0,0.0,0.0,0.0,0.0,0.0,0.0,0.0,2.961965744092091e-12,9.62346938587023e-10,0.02625138799099487
5,0.05038331567317271,7,8,72,9.409193493308468,0.05825389915023009,0.4740663660033232,0.00293502459007921,1.3217509788560932e-21,3.393380474026677e-22,-4.484635596540913e-23,4.857961452280322e-23,3.2433925898248806e-22,5.038441739657093e-23,3.2888086308222795e-22,-3.142297297031124e-22,5.371190169053317e-23,0.0,0.0,0.0,0.0,0.0,0.0,0.0,0.0,2.961965744092091e-12,9.62346938587023e-10,0.02625138799099487
5,0.05038331567317271,7,6,73,2.2066048852247215,0.10800827708554449,-0.11117607049824219,-0.0054418151197164946,4.364737544640383e-22,0.0,0.0,0.0,0.0,0.0,0.0,0.0,0.0,-1.0185037756957731e-22,-2.6301339968870642e-23,3.052276140512312e-23,-1.0456249066539864e-22,3.124875657895697e-23,-1.0467378300859951e-22,1.0732436481383156e-22,3.5734831850157845e-23,2.961965744092091e-12,9.62346938587023e-10,0.02625138799099487
5,0.05038331567317271,7,8,74,4.780683348071936,0.05874981459089686,0.24086667825938857,0.0029600104542735245,2.6273352985059086e-22,3.321905101088401e-23,5.898324998680883e-23,-5.625873891185088e-23,3.396084355828491e-23,-5.612087942317709e-23,3.401028109904155e-23,-3.4644719630379463e-23,-5.345817289753729e-23,0.0,0.0,0.0,0.0,0.0,0.0,0.0,0.0,2.961965744092091e-12,9.62346938587023e-10,0.02625138799099487
5,0.05038331567317271,7,6,75,4.780683348072524,0.0587498145906649,-0.2408666782594182,-0.0029600104542618377,2.5980606853529784e-22,0.0,0.0,0.0,0.0,0.0,0.0,0.0,0.0,3.273993635414676e-23,-5.380809266979386e-23,5.444241649738467e-23,3.544837924917642e-23,5.415470219297834e-23,3.5779639622622154e-23,-3.859309551351987e-23,5.470400384243563e-23,2.961965744092091e-12,9.62346938587023e-10,0.02625138799099487
5,0.05038331567317271,7,6,76,9.40919349330802,0.058253899149831596,-0.47406636600330065,-0.0029350245900591327,2.373256392565786e-22,0.0,0.0,0.0,0.0,0.0,0.0,0.0,0.0,1.6786006461002317e-23,5.534164886311035e-23,-5.611386503283846e-23,1.6802033154825606e-23,-5.818244532077538e-23,1.4952318397024317e-23,-1.4934509736001852e-23,-5.898456910015435e-23,2.961965744092091e-12,9.62346938587023e-10,0.02625138799099487
5,0.05038331567317271,7,8,77,2.2066048852247784,0.10800827708550935,0.11117607049824504,0.005441815119714724,2.18834599411962e-22,3.681705255235048e-25,5.681312927602465e-23,-5.46467122877113e-23,1.6356391005017346e-24,-5.467686781835335e-23,1.7959867369376606e-24,-2.9610334060446243e-24,-5.2559393957149706e-23,0.0,0.0,0.0,0.0,0.0,0.0,0.0,0.0,2.961965744092091e-12,9.62346938587023e-10,0.02625138799099487
5,0.05038331567317271,7,8,78,10.920830620960324,-0.004777277954140076,0.5502276565890948,-0.00024069510322192816,1.5868898619239702e-23,-3.5853699739687595e-24,1.3887337972005388e-24,-1.310143704258616e-24,-3.74239546290515e-24,-1.3272773045049522e-24,-3.738835591869364e-24,3.8984945958095214e-24,-1.2416116895211232e-24,0.0,0.0,0.0,0.0,0.0,0.0,0.0,0.0,2.961965744092091e-12,9.62346938587023e-10,0.02625138799099487
5,0.05038331567317271,7,6,79,10.920830620960515,-0.004777277954346057,-0.5502276565891044,0.00024069510323230617,1.5315651558882547e-23,0.0,0.0,0.0,0.0,0.0,0.0,0.0,0.0,3.351940412816997e-24,-2.0748149470397486e-24,2.121661632146503e-24,3.1929582051179005e-24,2.1143513423034277e-24,3.184603040599638e-24,-3.0290737314445667e-24,2.154846807676474e-24,2.961965744092091e-12,9.62346938587023e-10,0.02625138799099487
6,0.029088820866572156,8,9,0,1.2857068849839233,0.05117087056130521,0.03739969726421583,0.0014885002873443577,16.29927717155035,3.736294373085011,-1.9284747048053124,1.9820390737304947,3.559126387448989,1.982039073829307,3.559126387450172,-3.3859153577514918,2.028481233024172,0.0,0.0,0.0,0.0,0.0,0.0,0.0,0.0,5.71260813848179e-12,2.461310819797303e-7,0.03242484029748602
6,0.029088820866572156,8,7,1,1.2857068852141054,0.051170870192224126,-0.03739969727091156,-0.0014885002766082242,16.299276854888497,0.0,0.0,0.0,0.0,0.0,0.0,0.0,0.0,-3.385915349289608,2.028481097938976,-1.9820389346514997,-3.559126374304258,-1.9820389347550063,-3.559126374314036,3.7362943549878755,-1.9284745617638885,5.71260813848179e-12,2.461310819797303e-7,0.03242484029748602
6,0.029088820866572156,8,9,2,0.3092600118271348,0.1244707308162219,0.00899600908523351,0.0036207067918444013,11.659531875757299,2.389012533415129,-1.8273282008441074,1.8427993679714405,2.257518487004164,1.842799367988584,2.2575184869885767,-2.1297055205956523,1.8537518170620861,0.0,0.0,0.0,0.0,0.0,0.0,0.0,0.0,5.71260813848179e-12,2.461310819797303e-7,0.03242484029748602
6,0.029088820866572156,8,7,3,0.30926001221017024,0.12447073109596346,-0.00899600909637556,-0.0036207067999817536,11.659531405022431,0.0,0.0,0.0,0.0,0.0,0.0,0.0,0.0,-2.1297054373654087,1.8537517390568286,-1.8427992902185122,-2.257518398597306,-1.8427992902358241,-2.257518398581781,2.3890124396763888,-1.8273281235206535,5.71260813848179e-12,2.461310819797303e-7,0.03242484029748602
6,0.029088820866572156,8,9,4,0.14029416019465824,-0.04395831589932587,0.004080991694528591,-0.0012786955767916809,6.533182723607192,-0.5599895821746048,1.4796584276303673,-1.5081310460400066,-0.6259897779806731,-1.5081310460453117,-0.625989777969336,0.6950049808729414,-1.535348669892044,0.0,0.0,0.0,0.0,0.0,0.0,0.0,0.0,5.71260813848179e-12,2.461310819797303e-7,0.03242484029748602
6,0.029088820866572156,8,7,5,0.14029416019472896,-0.043958315899308584,-0.004080991694530648,0.001278695576791178,6.533182723607155,0.0,0.0,0.0,0.0,0.0,0.0,0.0,0.0,0.6950049808766432,-1.535348669890524,1.5081310460383004,0.6259897779840023,1.508131046043959,0.6259897779733159,-0.5599895821782188,1.4796584276288332,5.71260813848179e-12,2.461310819797303e-7,0.03242484029748602
6,0.029088820866572156,8,7,6,1.2687682822026511,0.033819546002186666,-0.036906973282181385,-0.0009837707154464045,4.143496115587689,0.0,0.0,0.0,0.0,0.0,0.0,0.0,0.0,-0.1002911861884187,-1.06415806237049,1.0274570573677293,-0.12973467120242543,1.0274570574439827,-0.12973467118359744,0.15712298466944336,0.9910134666125795,5.71260813848179e-12,2.461310819797303e-7,0.03242484029748602
6,0.029088820866572156,8,9,7,1.268768282202177,0.0338195460021417,0.0369069732821676,0.0009837707154450965,4.143496115573042,0.1571229846976902,0.9910134666053119,-1.027457057362859,0.12973467122632304,-1.027457057434365,0.12973467121619758,-0.10029118621665523,-1.0641580623632128,0.0,0.0,0.0,0.0,0.0,0.0,0.0,0.0,5.71260813848179e-12,2.461310819797303e-7,0.03242484029748602
6,0.029088820866572156,8,9,8,3.8855952087523864,0.01837480628707252,0.1130273829874092,0.0005345014485426163,1.7908655996759517,0.39875206798478396,-0.23328425412947082,0.23813280716668508,0.3790021486128952,0.23813280717481164,0.3790021486105406,-0.35972773637316635,0.24222288040772172,0.0,0.0,0.0,0.0,0.0,0.0,0.0,0.0,5.71260813848179e-12,2.461310819797303e-7,0.03242484029748602
6,0.029088820866572156,8,7,9,3.885595599363815,0.018374476072939495,-0.11302739434983508,-0.0005344918430028532,1.7908605196079073,0.0,0.0,0.0,0.0,0.0,0.0,0.0,0.0,-0.3597275085430666,0.24222101621180453,-0.23813089150362254,-0.37900185272363407,-0.23813089151226963,-0.37900185272282527,0.3987517002071904,-0.23328228759540293,5.71260813848179e-12,2.461310819797303e-7,0.03242484029748602
6,0.029088820866572156,8,9,10,11.709575977761528,0.017445325119437118,0.3406177580406216,0.0005074639373584178,1.600254983664514,0.32333045088017237,-0.2566480952669971,0.2584469435914047,0.3052478380879493,0.25844694360232023,0.3052478380807162,-0.2876815081635599,0.2596347799678422,0.0,0.0,0.0,0.0,0.0,0.0,0.0,0.0,5.71260813848179e-12,2.461310819797303e-7,0.03242484029748602
6,0.029088820866572156,8,7,11,11.709672539440646,0.017348893289503016,-0.34062056690600806,-0.000504658849131629,1.599917876592972,0.0,0.0,0.0,0.0,0.0,0.0,0.0,0.0,-0.28768204370658257,0.259512327274931,-0.25832060415200564,-0.3052443929014845,-0.2583206041623247,-0.305244392895227,0.3233227722933678,-0.2565178762238391,5.71260813848179e-12,2.461310819797303e-7,0.03242484029748602
6,0.029088820866572156,8,7,12,11.669101991040483,-0.011979698671533874,-0.33944041749113707,0.0003484753086917613,1.3496716712292642,0.0,0.0,0.0,0.0,0.0,0.0,0.0,0.0,0.2421402478624172,-0.25017657827858003,0.24969173349881793,0.2268215776405848,0.24969173350901136,0.22682157763474906,-0.21200183673756937,0.2487527466451115,5.71260813848179e-12,2.461310819797303e-7,0.03242484029748602
6,0.029088820866572156,8,9,13,11.669101991041353,-0.011979698669744576,0.3394404174911624,-0.00034847530863971275,1.3496716709632823,-0.21200183666400207,0.24875274662201588,-0.24969173347541496,-0.22682157756756777,-0.24969173348644857,-0.22682157756058685,0.24214024778885396,-0.2501765782555651,0.0,0.0,0.0,0.0,0.0,0.0,0.0,0.0,5.71260813848179e-12,2.461310819797303e-7,0.03242484029748602
6,0.029088820866572156,8,7,14,3.846573560487375,-0.010619649168516487,-0.1118922892511099,0.000308913072328818,1.053192303786668,0.0,0.0,0.0,0.0,0.0,0.0,0.0,0.0,0.1653491944807695,-0.21557565908223308,0.21383082976303996,0.15351752046324668,0.21383082977063667,0.15351752046423792,-0.14211320064382738,0.21177853805639846,5.71260813848179e-12,2.461310819797303e-7,0.03242484029748602
6,0.029088820866572156,8,9,15,3.8465735604874522,-0.010619649168359134,0.11189228925111215,-0.0003089130723242408,1.0531923037857862,-0.14211320064038213,0.21177853805858562,-0.21383082976551984,-0.15351752046053171,-0.21383082977257192,-0.15351752046005337,0.16534919447731153,-0.21557565908445572,0.0,0.0,0.0,0.0,0.0,0.0,0.0,0.0,5.71260813848179e-12,2.461310819797303e-7,0.03242484029748602
6,0.029088820866572156,8,9,16,4.330683408062371,0.12017733069960687,0.1259744738869625,0.003495816844943667,0.411169941050567,0.07572567561712717,-0.07426880288272796,0.07424263076969584,0.07105666469734859,0.07424263077023198,0.0710566646966211,-0.0665359967767163,0.0740741969848111,0.0,0.0,0.0,0.0,0.0,0.0,0.0,0.0,5.71260813848179e-12,2.461310819797303e-7,0.03242484029748602
6,0.029088820866572156,8,7,17,4.330683735233098,0.12017730475718738,-0.1259744834039732,-0.0034958160903092736,0.4111681069085431,0.0,0.0,0.0,0.0,0.0,0.0,0.0,0.0,-0.06653568215670404,0.07407388255936427,-0.07424231668025738,-0.07105632987105469,-0.07424231668080147,-0.07105632987037096,0.07572531995708696,-0.07426848979958656,5.71260813848179e-12,2.461310819797303e-7,0.03242484029748602
6,0.029088820866572156,8,9,18,4.23265364088244,0.06493996624041648,0.12312290354987372,0.0018890270450487182,0.1431836252100528,0.013776550973091177,0.03181909078381256,-0.0332742673428517,0.013173081947269231,-0.033274267343015716,0.013173081947494857,-0.012503038107398484,-0.03475572349113963,0.0,0.0,0.0,0.0,0.0,0.0,0.0,0.0,5.71260813848179e-12,2.461310819797303e-7,0.03242484029748602
6,0.029088820866572156,8,7,19,4.232653640882433,0.06493996624044698,-0.12312290354987353,-0.0018890270450496055,0.14318362520988553,0.0,0.0,0.0,0.0,0.0,0.0,0.0,0.0,-0.012503038107208523,-0.03475572349117736,0.03327426734289236,-0.01317308194709671,0.03327426734303812,-0.013173081947279727,0.013776550972893436,0.031819090783838884,5.71260813848179e-12,2.461310819797303e-7,0.03242484029748602
6,0.029088820866572156,8,7,20,12.163100850210412,0.12018784638583735,-0.3538102618138222,-0.0034961227338567145,0.13135000730601196,0.0,0.0,0.0,0.0,0.0,0.0,0.0,0.0,-0.019577426541322024,0.025069126576834966,-0.025222127894345133,-0.02101445327309377,-0.025222127894525038,-0.021014453272873806,0.0225018821811341,-0.02533304990331407,5.71260813848179e-12,2.461310819797303e-7,0.03242484029748602
6,0.029088820866572156,8,9,21,12.162986293242076,0.12018047543389199,0.35380692948669124,0.0034959083215559596,0.13122623993410576,0.02250684411238188,-0.02528591438391372,0.025176633924779132,0.021020702944531577,0.025176633924989582,0.021020702944280906,-0.019584872952569988,0.02502526174879121,0.0,0.0,0.0,0.0,0.0,0.0,0.0,0.0,5.71260813848179e-12,2.461310819797303e-7,0.03242484029748602
6,0.029088820866572156,8,7,22,4.125217217226562,-0.02808240052223757,-0.11999770466760275,0.000816883918294701,0.07664201536237339,0.0,0.0,0.0,0.0,0.0,0.0,0.0,0.0,0.015510837470430224,-0.01225977930924436,0.012347722277024886,0.014644975452900206,0.012347722276909836,0.014644975452885421,-0.013803779565290858,0.01240635062765499,5.71260813848179e-12,2.461310819797303e-7,0.03242484029748602
6,0.029088820866572156,8,9,23,4.125217217226365,-0.02808240052219534,0.119997704667597,-0.0008168839182934726,0.07664201536208112,-0.013803779565144166,0.012406350627712615,-0.01234772227707403,-0.014644975452747693,-0.012347722276985506,-0.014644975452741599,0.015510837470280672,-0.01225977930931165,0.0,0.0,0.0,0.0,0.0,0.0,0.0,0.0,5.71260813848179e-12,2.461310819797303e-7,0.03242484029748602
6,0.029088820866572156,8,9,24,12.062739006395828,0.06312806545187857,0.35089085411726084,0.0018363209875829382,0.05288209951805751,0.00525589879198656,0.01167768365994288,-0.012218262079909335,0.005040739726907648,-0.012218262079950156,0.005040739727141032,-0.004801134080875142,-0.012768897532784705,0.0,0.0,0.0,0.0,0.0,0.0,0.0,0.0,5.71260813848179e-12,2.461310819797303e-7,0.03242484029748602
6,0.029088820866572156,8,7,25,12.06273900639527,0.06312806545156785,-0.35089085411724463,-0.0018363209875738996,0.05288209950797641,0.0,0.0,0.0,0.0,0.0,0.0,0.0,0.0,-0.004801134079712005,-0.012768897530515117,0.012218262077662327,-0.005040739725780757,0.012218262077674687,-0.005040739726011103,0.005255898790886867,0.01167768365768972,5.71260813848179e-12,2.461310819797303e-7,0.03242484029748602
6,0.029088820866572156,8,7,26,4.181062130341632,0.08050481496284892,-0.1216221673415163,-0.00234179014135085,0.03901462342976571,0.0,0.0,0.0,0.0,0.0,0.0,0.0,0.0,-0.00777328316985745,0.005370023528280427,-0.005285935474134159,-0.0081942159693805,-0.005285935474166322,-0.008194215969160978,0.008625704240645484,-0.005185448432610991,5.71260813848179e-12,2.461310819797303e-7,0.03242484029748602
6,0.029088820866572156,8,9,27,4.181061959159936,0.08050435888777,0.12162216236204261,0.0023417768746645776,0.03901386000390537,0.00862550008079128,-0.005185405808924963,0.0052858879405880185,0.008194019567272635,0.005285887940619365,0.008194019567000568,-0.007773094430768913,0.005369971477771471,0.0,0.0,0.0,0.0,0.0,0.0,0.0,0.0,5.71260813848179e-12,2.461310819797303e-7,0.03242484029748602
6,0.029088820866572156,8,9,28,4.980459257321747,0.04139094896184963,0.14487568716949328,0.0012040138998486746,0.03695503198181396,0.006395579090394432,-0.007069375927944021,0.007041985316067083,0.005976827126819375,0.00704198534641328,0.005976827138840065,-0.005572147177198702,0.00700262700828841,0.0,0.0,0.0,0.0,0.0,0.0,0.0,0.0,5.71260813848179e-12,2.461310819797303e-7,0.03242484029748602
6,0.029088820866572156,8,7,29,4.9804593359296465,0.04139092150865598,-0.1448756894561044,-0.0012040131012676424,0.036954774899939064,0.0,0.0,0.0,0.0,0.0,0.0,0.0,0.0,-0.005572133926565921,0.007002557992609095,-0.007041914549573883,-0.005976811203726971,-0.007041914586188818,-0.0059768112160093825,0.006395560353608028,-0.007069303448957005,5.71260813848179e-12,2.461310819797303e-7,0.03242484029748602
6,0.029088820866572156,8,7,30,4.9800834666157225,0.04097815605420587,-0.14486475586096242,-0.0011920062409032338,0.028279449079040755,0.0,0.0,0.0,0.0,0.0,0.0,0.0,0.0,0.0034670497800967878,-0.006418553439367029,0.006321979747106412,0.0031607848639865484,0.006321979783773093,0.0031607848763593573,-0.0028671575845705785,0.006219071884231314,5.71260813848179e-12,2.461310819797303e-7,0.03242484029748602
6,0.029088820866572156,8,9,31,4.980083466615313,0.04097815605399715,0.14486475586095052,0.0011920062408971625,0.028279449050979538,-0.0028671575685314697,0.0062190718843977595,-0.006321979750450223,-0.0031607848480735856,-0.006321979780793232,-0.0031607848601938014,0.00346704976405696,-0.006418553439532444,0.0,0.0,0.0,0.0,0.0,0.0,0.0,0.0,5.71260813848179e-12,2.461310819797303e-7,0.03242484029748602
6,0.029088820866572156,8,9,32,11.948823732409563,-0.026729486060186027,0.34757719311830787,-0.0007775292318602889,0.027216432858146875,-0.0053612421785552014,0.003833415271312113,-0.0037795180367376836,-0.00565579438253878,-0.003779518036530581,-0.005655794382736304,0.005957894303656823,-0.0037143016654789677,0.0,0.0,0.0,0.0,0.0,0.0,0.0,0.0,5.71260813848179e-12,2.461310819797303e-7,0.03242484029748602
6,0.029088820866572156,8,7,33,11.948823732407577,-0.02672948606431213,-0.34757719311825014,0.0007775292319803123,0.027216432855987724,0.0,0.0,0.0,0.0,0.0,0.0,0.0,0.0,0.00595789430248426,-0.0037143016662657844,0.0037795180375463145,0.0056557943813682785,0.0037795180372366265,0.005655794381597312,-0.005361242177417499,0.0038334152720406103,5.71260813848179e-12,2.461310819797303e-7,0.03242484029748602
6,0.029088820866572156,8,9,34,12.003937042522066,0.08195203825394407,0.3491803743235343,0.0023838881604194475,0.010596156459248988,0.0020972857451176754,-0.001753004687198069,0.001761884083299295,0.0019772880295101393,0.0017618840832942981,0.0019772880293611513,-0.0018608101238220803,0.0017668053835259666,0.0,0.0,0.0,0.0,0.0,0.0,0.0,0.0,5.71260813848179e-12,2.461310819797303e-7,0.03242484029748602
6,0.029088820866572156,8,7,35,12.003996739929338,0.08207779151344846,-0.34918211085072065,-0.0023875461744585586,0.010534946028479522,0.0,0.0,0.0,0.0,0.0,0.0,0.0,0.0,-0.0018533406751919037,0.0017531383401344167,-0.0017480290393614138,-0.0019691363802324478,-0.0017480290393571268,-0.001969136380085302,0.002088424201440688,-0.0017389779737117294,5.71260813848179e-12,2.461310819797303e-7,0.03242484029748602
6,0.029088820866572156,8,7,36,12.807432735230035,0.043940570572752656,-0.3725531165957788,-0.0012781793861657738,0.010378894143210447,0.0,0.0,0.0,0.0,0.0,0.0,0.0,0.0,-0.0014589442351651259,0.0020465730958036106,-0.0020636114077346598,-0.001571857395460474,-0.0020636114099376094,-0.0015718573956190877,0.001688894630880683,-0.002077501883029864,5.71260813848179e-12,2.461310819797303e-7,0.03242484029748602
6,0.029088820866572156,8,9,37,12.807428555747038,0.043941407301824074,0.37255299501954653,0.0012782037256278463,0.010372934982422848,0.0016883500389058797,-0.002075963401170738,0.0020621048522696775,0.0015713771617748035,0.0020621048545825795,0.0015713771616276784,-0.0014585253473055624,0.00204509943030866,0.0,0.0,0.0,0.0,0.0,0.0,0.0,0.0,5.71260813848179e-12,2.461310819797303e-7,0.03242484029748602
6,0.029088820866572156,8,9,38,12.801808334020958,0.038574788223676944,0.37238950939652615,0.0011220951046044957,0.008791975963872392,-0.0009848017447962102,0.0018876199246826526,-0.0019151147067505104,-0.0010775436734273395,-0.0019151147091221246,-0.0010775436733716057,0.001174113672480138,-0.0019404505757874434,0.0,0.0,0.0,0.0,0.0,0.0,0.0,0.0,5.71260813848179e-12,2.461310819797303e-7,0.03242484029748602
6,0.029088820866572156,8,7,39,12.801808334023736,0.03857478822431654,-0.372389509396607,-0.001122095104623101,0.008791975962723879,0.0,0.0,0.0,0.0,0.0,0.0,0.0,0.0,0.0011741136757534684,-0.0019404505736203568,0.0019151147046322105,0.0010775436765524389,0.0019151147068974445,0.0010775436767858004,-0.0009848017480666798,0.00188761992251328,5.71260813848179e-12,2.461310819797303e-7,0.03242484029748602
6,0.029088820866572156,8,7,40,11.632104500715666,0.01981567279031856,-0.33836420412256574,-0.0005764145561481846,0.001664916082013966,0.0,0.0,0.0,0.0,0.0,0.0,0.0,0.0,-0.00030246157914191104,0.00026658747093167277,-0.0002651368087658141,-0.0003207219111431288,-0.0002651368088012042,-0.00032072191110040513,0.0003395118747453312,-0.0002630441731793958,5.71260813848179e-12,2.461310819797303e-7,0.03242484029748602
6,0.029088820866572156,8,9,41,11.631831748971615,0.02011558530380312,0.33835627009594205,0.0005851386575285804,0.0014527077383875912,0.000326712034456615,-0.00018355987717139115,0.00018777194948579496,0.00031076245953232275,0.00018777194953086473,0.0003107624594791936,-0.0002951878065536185,0.00019136212200235585,0.0,0.0,0.0,0.0,0.0,0.0,0.0,0.0,5.71260813848179e-12,2.461310819797303e-7,0.03242484029748602
6,0.029088820866572156,8,7,42,8.039680452658896,0.11881438083017831,-0.23386482451187637,-0.0034561702403417415,0.0014193271424617388,0.0,0.0,0.0,0.0,0.0,0.0,0.0,0.0,-0.00024351953150409617,0.0002425521328111082,-0.000242266250969099,-0.00025913274153746167,-0.0002422662509704831,-0.00025913274153508195,0.00027522996532088984,-0.00024146161963166642,5.71260813848179e-12,2.461310819797303e-7,0.03242484029748602
6,0.029088820866572156,8,9,43,8.039680472566015,0.11881415420427838,0.233864825090951,0.0034561636480615345,0.0014190748184821438,0.0002751338286373191,-0.0002414724916294681,0.00024227383316138425,0.0002590393095880699,0.00024227383316206673,0.0002590393095857268,-0.00024342881964017316,0.00024255661204572256,0.0,0.0,0.0,0.0,0.0,0.0,0.0,0.0,5.71260813848179e-12,2.461310819797303e-7,0.03242484029748602
6,0.029088820866572156,8,7,44,5.371919634286889,0.040556260744823304,-0.1562628079513931,-0.0011797338038241573,0.0011693842925332143,0.0,0.0,0.0,0.0,0.0,0.0,0.0,0.0,0.0002957404533131026,-5.946336500620675e-5,6.664772198643955e-5,0.0002845727017629897,6.66477219929283e-5,0.0002845727017448726,-0.000273537676360372,7.326280084312057e-5,5.71260813848179e-12,2.461310819797303e-7,0.03242484029748602
6,0.029088820866572156,8,9,45,5.371919634287051,0.040556260744959,0.15626280795139785,0.0011797338038281046,0.0011693842924877615,-0.00027353767635486997,7.326280081768281e-5,-6.664772196179741e-5,-0.000284572701753791,-6.66477219667102e-5,-0.000284572701742618,0.0002957404533071898,-5.9463364980786353e-5,0.0,0.0,0.0,0.0,0.0,0.0,0.0,0.0,5.71260813848179e-12,2.461310819797303e-7,0.03242484029748602
6,0.029088820866572156,8,7,46,11.596185658232239,-0.0071244371056072495,-0.3373193673478307,0.0002072414747401691,0.001133150799083671,0.0,0.0,0.0,0.0,0.0,0.0,0.0,0.0,0.00020589026488275204,-0.00020749864507378524,0.00020725149046768164,0.00019302502352995838,0.00020725149047467808,0.0001930250235507148,-0.0001805738987143461,0.00020661787170581604,5.71260813848179e-12,2.461310819797303e-7,0.03242484029748602
6,0.029088820866572156,8,9,47,11.59618565823243,-0.007124437105617679,0.3373193673478363,-0.00020724147474047246,0.0011331507987956519,-0.000180573898600958,0.00020661787171425837,-0.00020725149047383793,-0.0001930250234123382,-0.00020725149048479534,-0.0001930250234396862,0.00020589026476738707,-0.00020749864508142488,0.0,0.0,0.0,0.0,0.0,0.0,0.0,0.0,5.71260813848179e-12,2.461310819797303e-7,0.03242484029748602
6,0.029088820866572156,8,7,48,8.124284910115836,0.09898962933785105,-0.23632586841935482,-0.0028794915954571247,0.0010242391205764808,0.0,0.0,0.0,0.0,0.0,0.0,0.0,0.0,0.00013786581035391264,-0.00022539663412971873,0.00022249919288081462,0.00012660163405365529,0.00022249919288376172,0.00012660163404325006,-0.00011578220248079106,0.0002193481036218706,5.71260813848179e-12,2.461310819797303e-7,0.03242484029748602
6,0.029088820866572156,8,9,49,8.124284910115795,0.09898962933781633,0.23632586841935363,0.0028794915954561146,0.0010242391205477173,-0.00011578220248720673,0.0002193481036100331,-0.00022249919286955848,-0.00012660163405891632,-0.0002224991928711762,-0.0001266016340507838,0.00013786581036030998,-0.0002253966341177229,0.0,0.0,0.0,0.0,0.0,0.0,0.0,0.0,5.71260813848179e-12,2.461310819797303e-7,0.03242484029748602
6,0.029088820866572156,8,9,50,8.078374996362585,0.09066202242117949,0.23499040316218675,0.0026372513296108384,0.0010017731015967315,8.481864787784736e-5,-0.00024410552434539452,0.000238991173102101,7.465740238289572e-5,0.00023899117310069237,7.465740237974512e-5,-6.497398943842417e-5,0.00023372702922005157,0.0,0.0,0.0,0.0,0.0,0.0,0.0,0.0,5.71260813848179e-12,2.461310819797303e-7,0.03242484029748602
6,0.029088820866572156,8,7,51,8.078442577313687,0.09065815115875694,-0.23499236901236734,-0.0026371387191517015,0.0009988626284077428,0.0,0.0,0.0,0.0,0.0,0.0,0.0,0.0,-6.481229471174844e-5,0.00023304044852682392,-0.00023828817656794553,-7.446818398441399e-5,-0.0002382881765672793,-7.446818398119996e-5,8.460050019423791e-5,-0.00024338649181342498,5.71260813848179e-12,2.461310819797303e-7,0.03242484029748602
6,0.029088820866572156,8,9,52,7.881823284468957,-0.03827352569303485,0.22927294562389486,-0.0011133317328168375,0.0009650899109344203,-0.00010136543034246181,0.00021058000702136803,-0.0002139246983609289,-0.00011144307281037646,-0.00021392469836262388,-0.00011144307280920121,0.00012194834136008184,-0.00021704607593049137,0.0,0.0,0.0,0.0,0.0,0.0,0.0,0.0,5.71260813848179e-12,2.461310819797303e-7,0.03242484029748602
6,0.029088820866572156,8,7,53,7.881823284468956,-0.03827352569308848,-0.22927294562389483,0.0011133317328183977,0.0009650899109179308,0.0,0.0,0.0,0.0,0.0,0.0,0.0,0.0,0.00012194834135865787,-0.00021704607592646407,0.00021392469835708445,0.00011144307280887527,0.0002139246983584778,0.00011144307280819708,-0.00010136543034137553,0.00021058000701741077,5.71260813848179e-12,2.461310819797303e-7,0.03242484029748602
6,0.029088820866572156,8,9,54,8.912680741511199,0.053060530819042266,0.2592593735307668,0.0015434682760803516,0.0005222969791346683,0.00012414925327186498,-5.2346820303427334e-5,5.449739546112769e-5,0.00011862188694032396,5.449739546038947e-5,0.00011862188693738103,-0.00011320327804424451,5.6410618086755745e-5,0.0,0.0,0.0,0.0,0.0,0.0,0.0,0.0,5.71260813848179e-12,2.461310819797303e-7,0.03242484029748602
6,0.029088820866572156,8,7,55,8.912681344336573,0.05306041195027881,-0.25925939106624607,-0.0015434648183281848,0.0005221054476486622,0.0,0.0,0.0,0.0,0.0,0.0,0.0,0.0,-0.00011317653098709543,5.636029061220214e-5,-5.4446350934063046e-5,-0.0001185926517141937,-5.444635093349776e-5,-0.00011859265171103414,0.00012411742784604053,-5.2295117296518974e-5,5.71260813848179e-12,2.461310819797303e-7,0.03242484029748602
6,0.029088820866572156,8,9,56,7.92419126476325,-0.00040321013354666785,0.23050538021315403,-1.1728907346325658e-5,0.0004174992162820698,0.00010758535949851168,4.964512100782873e-6,-1.5105216360783136e-6,0.00010433780295760542,-1.510521634591249e-6,0.00010433780295925426,-0.00010108701670271434,1.7347964538914527e-6,0.0,0.0,0.0,0.0,0.0,0.0,0.0,0.0,5.71260813848179e-12,2.461310819797303e-7,0.03242484029748602
6,0.029088820866572156,8,7,57,7.924191856625679,-0.00040325967222357845,-0.23050539742973422,1.1730348368024277e-5,0.0004173633060471995,0.0,0.0,0.0,0.0,0.0,0.0,0.0,0.0,-0.00010105478638463829,1.6943262068116926e-6,1.551218456829499e-6,-0.00010430323301356063,1.5512184563761331e-6,-0.00010430323301609072,0.00010754836860495889,5.0053662750208964e-6,5.71260813848179e-12,2.461310819797303e-7,0.03242484029748602
6,0.029088820866572156,8,7,58,9.030269959697707,0.043131028916871685,-0.26267990523443435,-0.001254630773953824,0.00030055852355340753,0.0,0.0,0.0,0.0,0.0,0.0,0.0,0.0,6.069465553318628e-5,-4.824496256359237e-5,4.858049702531933e-5,5.7298164295225624e-5,4.858049703508094e-5,5.7298164295238654e-5,-5.399871935767145e-5,4.8801338121913615e-5,5.71260813848179e-12,2.461310819797303e-7,0.03242484029748602
6,0.029088820866572156,8,9,59,9.030269959697062,0.04313102891669036,0.2626799052344156,0.0012546307739485494,0.0003005585234877007,-5.399871934033954e-5,4.880133811701223e-5,-4.8580497022422926e-5,-5.729816428032628e-5,-4.858049702817454e-5,-5.729816427537775e-5,6.069465551576383e-5,-4.824496255865801e-5,0.0,0.0,0.0,0.0,0.0,0.0,0.0,0.0,5.71260813848179e-12,2.461310819797303e-7,0.03242484029748602
6,0.029088820866572156,8,9,60,5.379658260953301,0.048227048844360874,0.15648791547624566,0.001402867984757039,0.00029958074228940207,1.3398934592960147e-5,7.611068872686573e-5,-7.329495808600037e-5,1.5308051851898094e-5,-7.329495808445747e-5,1.530805185058648e-5,-1.707054872374624e-5,-7.05096969271842e-5,0.0,0.0,0.0,0.0,0.0,0.0,0.0,0.0,5.71260813848179e-12,2.461310819797303e-7,0.03242484029748602
6,0.029088820866572156,8,7,61,5.379658572751162,0.04822699834386703,-0.1564879245460778,-0.0014028665157572201,0.000299576368396106,0.0,0.0,0.0,0.0,0.0,0.0,0.0,0.0,-1.705634388130088e-5,-7.051204470336722e-5,7.329691631040017e-5,-1.529332151960463e-5,7.32969163076746e-5,-1.5293321513248222e-5,1.3383674878721125e-5,7.61122279337327e-5,5.71260813848179e-12,2.461310819797303e-7,0.03242484029748602
6,0.029088820866572156,8,7,62,9.033542351404982,0.04811601071635025,-0.26277509525061254,-0.0013996380165419786,0.00017937510807291353,0.0,0.0,0.0,0.0,0.0,0.0,0.0,0.0,-2.1649214554968087e-5,3.765815600573013e-5,-3.814130936857867e-5,-2.3562693086138217e-5,-3.8141309374080356e-5,-2.3562693088052387e-5,2.555240703594445e-5,-3.857726111546207e-5,5.71260813848179e-12,2.461310819797303e-7,0.03242484029748602
6,0.029088820866572156,8,9,63,9.033532079343386,0.04811354640900447,0.26277479644845286,0.001399566332747037,0.00017875824058946109,2.5478750312879192e-5,-3.843517364342731e-5,3.8001454549295275e-5,2.3495718400078064e-5,3.8001454551233266e-5,2.349571839663001e-5,-2.158864232515286e-5,3.7520668064531714e-5,0.0,0.0,0.0,0.0,0.0,0.0,0.0,0.0,5.71260813848179e-12,2.461310819797303e-7,0.03242484029748602
6,0.029088820866572156,8,7,64,7.860942053059521,-0.02629537314587389,-0.22866553522395236,0.0007649013990599975,0.0001066841372732714,0.0,0.0,0.0,0.0,0.0,0.0,0.0,0.0,2.6269182942539456e-5,-8.20476511799502e-6,8.750552015595085e-6,2.5187628690110176e-5,8.750552016117081e-6,2.518762869106862e-5,-2.41235251499736e-5,9.245946205629665e-6,5.71260813848179e-12,2.461310819797303e-7,0.03242484029748602
6,0.029088820866572156,8,9,65,7.860942053059436,-0.02629537314585863,0.22866553522394986,-0.0007649013990595536,0.00010668413727200279,-2.4123525148890454e-5,9.245946207738838e-6,-8.75055201781273e-6,-2.51876286891353e-5,-8.750552018186464e-6,-2.518762868988452e-5,2.6269182941461664e-5,-8.204765120172714e-6,0.0,0.0,0.0,0.0,0.0,0.0,0.0,0.0,5.71260813848179e-12,2.461310819797303e-7,0.03242484029748602
6,0.029088820866572156,8,9,66,8.89212297394496,0.03191250199689117,0.2586613723126158,0.0009282970539916934,9.822007996460695e-5,8.569504937442951e-6,2.2187651042080065e-5,-2.3168501342247396e-5,8.115935986995747e-6,-2.31685013409394e-5,8.115935987533762e-6,-7.616013848894939e-6,-2.416553715987725e-5,0.0,0.0,0.0,0.0,0.0,0.0,0.0,0.0,5.71260813848179e-12,2.461310819797303e-7,0.03242484029748602
6,0.029088820866572156,8,7,67,8.89212297394438,0.03191250199661306,-0.25866137231259895,-0.0009282970539836035,9.82200799624531e-5,0.0,0.0,0.0,0.0,0.0,0.0,0.0,0.0,-7.616013847884794e-6,-2.416553715963672e-5,2.3168501342007394e-5,-8.115935985976854e-6,2.316850134073391e-5,-8.11593598656565e-6,8.569504936465726e-6,2.2187651041874927e-5,5.71260813848179e-12,2.461310819797303e-7,0.03242484029748602
6,0.029088820866572156,8,7,68,12.070508249193129,0.11828796296955468,-0.3511168522292604,-0.0034408573654930966,8.736985320834022e-5,0.0,0.0,0.0,0.0,0.0,0.0,0.0,0.0,-1.2932573864383369e-5,1.67448567093077e-5,-1.6851758424219774e-5,-1.3887878269362131e-5,-1.68517584238288e-5,-1.3887878270482497e-5,1.4876858382824899e-5,-1.693085070651932e-5,5.71260813848179e-12,2.461310819797303e-7,0.03242484029748602
6,0.029088820866572156,8,9,69,12.07006325998522,0.11817397021051579,0.35110390801790403,0.003437541450545328,7.806818659579503e-5,1.1256297751844768e-5,-1.6699306785011353e-5,1.65165738888335e-5,1.0388823492049687e-5,1.651657388847672e-5,1.0388823492320847e-5,-9.55436156964304e-6,1.6313030333020686e-5,0.0,0.0,0.0,0.0,0.0,0.0,0.0,0.0,5.71260813848179e-12,2.461310819797303e-7,0.03242484029748602
6,0.029088820866572156,8,7,70,11.975679707951272,0.06436849755059937,-0.3483584017800377,-0.0018724036946997735,4.055101781823941e-5,0.0,0.0,0.0,0.0,0.0,0.0,0.0,0.0,-3.1797966928684823e-6,-9.965708498676513e-6,9.553342193575098e-6,-3.3847288050239644e-6,9.553342192399535e-6,-3.38472880771695e-6,3.5705474851150658e-6,9.147726231470987e-6,5.71260813848179e-12,2.461310819797303e-7,0.03242484029748602
6,0.029088820866572156,8,9,71,11.975679707951564,0.06436849755055282,0.3483584017800462,0.0018724036946984196,4.055101778424442e-5,3.5705474834325466e-6,9.147726223082845e-6,-9.55334218490213e-6,3.384728803738407e-6,-9.553342184234872e-6,3.3847288056233067e-6,-3.179796691155936e-6,-9.965708490227529e-6,0.0,0.0,0.0,0.0,0.0,0.0,0.0,0.0,5.71260813848179e-12,2.461310819797303e-7,0.03242484029748602
6,0.029088820866572156,8,9,72,11.87277168669743,-0.02587351231148101,0.3453649287840513,-0.0007526299648177204,2.2978760745486085e-5,-4.953954675921594e-6,2.5342809890800675e-6,-2.452630160959985e-6,-5.19322524622664e-6,-2.4526301601985853e-6,-5.193225246668772e-6,5.43739068595443e-6,-2.36058798669732e-6,0.0,0.0,0.0,0.0,0.0,0.0,0.0,0.0,5.71260813848179e-12,2.461310819797303e-7,0.03242484029748602
6,0.029088820866572156,8,7,73,11.87277168669772,-0.02587351231169862,-0.3453649287840597,0.0007526299648240504,2.2978760734920464e-5,0.0,0.0,0.0,0.0,0.0,0.0,0.0,0.0,5.437390686166147e-6,-2.360587980069028e-6,2.452630154083535e-6,5.1932252465193515e-6,2.4526301537699128e-6,5.1932252468092265e-6,-4.953954676157048e-6,2.5342809824058722e-6,5.71260813848179e-12,2.461310819797303e-7,0.03242484029748602
6,0.029088820866572156,8,7,74,11.927079724422159,0.07873992556884651,-0.346944685565041,-0.002290451589919401,1.4592767223839419e-5,0.0,0.0,0.0,0.0,0.0,0.0,0.0,0.0,-2.0124280432437005e-6,2.904795736437776e-6,-2.9308829072909695e-6,-2.1708481451481563e-6,-2.930882907585331e-6,-2.1708481452317386e-6,2.335125665389105e-6,-2.9526225247368038e-6,5.71260813848179e-12,2.461310819797303e-7,0.03242484029748602
6,0.029088820866572156,8,9,75,11.926929892155032,0.07846971435269598,0.3469403271210625,0.002282591464256659,8.281561027152104e-6,1.196043422122623e-6,-1.7701566887673636e-6,1.7508741832942966e-6,1.1039993487059864e-6,1.7508741836449765e-6,1.1039993486859774e-6,-1.0154548121327566e-6,1.7293801799348958e-6,0.0,0.0,0.0,0.0,0.0,0.0,0.0,0.0,5.71260813848179e-12,2.461310819797303e-7,0.03242484029748602
6,0.029088820866572156,8,9,76,12.730647380268088,0.04942227759618869,0.3703195211601145,0.0014376357798135352,6.599699329943213e-6,1.4438742241778944e-6,-9.020453637014462e-7,9.177903479697429e-7,1.3706032378697572e-6,9.177903480706172e-7,1.3706032373688433e-6,-1.2991650887092162e-6,9.307922930175509e-7,0.0,0.0,0.0,0.0,0.0,0.0,0.0,0.0,5.71260813848179e-12,2.461310819797303e-7,0.03242484029748602
6,0.029088820866572156,8,7,77,12.730653028083879,0.0494198688107517,-0.3703196854484163,-0.0014375657110854525,6.4577140763681305e-6,0.0,0.0,0.0,0.0,0.0,0.0,0.0,0.0,-1.286012080259667e-6,8.897514163745401e-7,-8.758820595660655e-7,-1.3556947804649132e-6,-8.758820595625897e-7,-1.355694779973874e-6,1.4271265311554357e-6,-8.59299564133159e-7,5.71260813848179e-12,2.461310819797303e-7,0.03242484029748602
6,0.029088820866572156,8,7,78,12.715039411743204,0.033829608073839175,-0.36986550375960303,-0.000984063409246251,2.8359580392119996e-6,0.0,0.0,0.0,0.0,0.0,0.0,0.0,0.0,1.9640989456291116e-7,-7.047169554571762e-7,6.884671439222706e-7,1.6860624625235196e-7,6.884671440528975e-7,1.6860624639462928e-7,-1.421791937830428e-7,6.718787434366799e-7,5.71260813848179e-12,2.461310819797303e-7,0.03242484029748602
6,0.029088820866572156,8,9,79,12.715039411742698,0.03382960807364869,0.3698655037595883,0.0009840634092407098,2.835958037931627e-6,-1.4217919415963642e-7,6.718787430163458e-7,-6.884671435296884e-7,-1.6860624664120073e-7,-6.884671435994071e-7,-1.686062467667616e-7,1.9640989494826112e-7,-7.047169550317613e-7,0.0,0.0,0.0,0.0,0.0,0.0,0.0,0.0,5.71260813848179e-12,2.461310819797303e-7,0.03242484029748602
7,0.01679443855772424,9,8,0,1.3328891256535407,0.13758829156607863,-0.02238512452504717,-0.0023107181089687557,25.367235902123802,0.0,0.0,0.0,0.0,0.0,0.0,0.0,0.0,-3.877032026622563,4.764916275985763,-4.788906866392765,-4.155096323282481,-4.788906866425321,-4.155096323243432,4.44273011387426,-4.804577694692271,1.291382969365383e-11,7.432053977844946e-6,0.03387264196372684
7,0.01679443855772424,9,10,1,1.332889126819751,0.1375882910053487,0.02238512454463302,0.0023107180995516115,25.36723560674939,4.442730120832205,-4.804577584479439,4.788906759875715,4.155096333397968,4.788906759908505,4.155096333359256,-3.8770320396828843,4.764916173144711,0.0,0.0,0.0,0.0,0.0,0.0,0.0,0.0,1.291382969365383e-11,7.432053977844946e-6,0.03387264196372684
7,0.01679443855772424,9,10,2,2.571866129256658,0.247305197149193,0.04319304768649301,0.004153351938528001,6.660048956657531,0.5460007908468362,-1.6289852242412004,1.5942422290982063,0.47882449581045,1.5942422291018536,0.47882449579762704,-0.414835724382939,1.558538397443761,0.0,0.0,0.0,0.0,0.0,0.0,0.0,0.0,1.291382969365383e-11,7.432053977844946e-6,0.03387264196372684
7,0.01679443855772424,9,8,3,2.571866130785039,0.24730519680596932,-0.04319304771216131,-0.004153351932763753,6.660048932914087,0.0,0.0,0.0,0.0,0.0,0.0,0.0,0.0,-0.41483571901802135,1.5585383929218146,-1.5942422246085493,-0.4788244901283729,-1.59424222461216,-0.47882449011556216,0.546000784838644,-1.6289852197951697,1.291382969365383e-11,7.432053977844946e-6,0.03387264196372684
7,0.01679443855772424,9,8,4,2.2148866736494233,0.08407376669370983,-0.03719777815292746,-0.0014119717090539524,6.4124831575875145,0.0,0.0,0.0,0.0,0.0,0.0,0.0,0.0,-1.5513413189588525,-0.06846577927897668,0.1212749812232925,-1.5981254930621844,0.12127498121053104,-1.5981254930626227,1.6446639211984073,0.17728018839498838,1.291382969365383e-11,7.432053977844946e-6,0.03387264196372684
7,0.01679443855772424,9,10,5,2.214886673552801,0.0840737672679887,0.03719777815130474,0.0014119717186986435,6.412483095804519,1.6446639058911907,0.17728018168826654,-0.12127497519757979,1.5981254780332357,-0.1212749751847666,1.5981254780335288,-1.551341304220102,-0.0684657739041779,0.0,0.0,0.0,0.0,0.0,0.0,0.0,0.0,1.291382969365383e-11,7.432053977844946e-6,0.03387264196372684
7,0.01679443855772424,9,10,6,6.78951020074373,0.031090759169524834,0.11402601190343255,0.0005221518445855864,2.021962137976186,0.4627635062310825,-0.24064502798009996,0.24722270503956906,0.44076524130548556,0.24722270504482263,0.4407652413003681,-0.41926053976085265,0.25291835805830437,0.0,0.0,0.0,0.0,0.0,0.0,0.0,0.0,1.291382969365383e-11,7.432053977844946e-6,0.03387264196372684
7,0.01679443855772424,9,8,7,6.7895102200285855,0.031090718718424705,-0.11402601222731086,-0.0005221511652320706,2.021962054587393,0.0,0.0,0.0,0.0,0.0,0.0,0.0,0.0,-0.4192606214553974,0.2529181835401097,-0.2472225223400873,-0.4407653198834588,-0.24722252234533965,-0.4407653198792627,0.46276358132785544,-0.24064483694255623,1.291382969365383e-11,7.432053977844946e-6,0.03387264196372684
7,0.01679443855772424,9,8,8,6.6848082299414,-0.0038538489739013276,-0.11226760108792017,6.472322980293445e-5,0.8571244511505388,0.0,0.0,0.0,0.0,0.0,0.0,0.0,0.0,0.15478853756743288,-0.1578891788289452,0.1576435975359503,0.14505846779632686,0.1576435975390416,0.1450584677930978,-0.13564339478515972,0.1571075843137118,1.291382969365383e-11,7.432053977844946e-6,0.03387264196372684
7,0.01679443855772424,9,10,9,6.68480822994398,-0.003853848974688559,0.1122676010879635,-6.472322981615556e-5,0.8571244511387867,-0.13564339478003248,0.15710758431444102,-0.15764359753670723,-0.14505846779159062,-0.15764359753976628,-0.1450584677875503,0.15478853756227431,-0.15788917882968873,0.0,0.0,0.0,0.0,0.0,0.0,0.0,0.0,1.291382969365383e-11,7.432053977844946e-6,0.03387264196372684
7,0.01679443855772424,9,10,10,7.130340258928727,0.28314663305646154,0.11975006137424606,0.0047552887316932345,0.7619610192651083,0.04314292097210655,-0.1917654565990838,0.18702783942774656,0.035902668398733587,0.18702783942795345,0.03590266839727376,-0.029036399323436036,0.1822180429363372,0.0,0.0,0.0,0.0,0.0,0.0,0.0,0.0,1.291382969365383e-11,7.432053977844946e-6,0.03387264196372684
7,0.01679443855772424,9,8,11,7.130340414310492,0.28314660891797944,-0.11975006398379556,-0.00475528832630098,0.7619609248472343,0.0,0.0,0.0,0.0,0.0,0.0,0.0,0.0,-0.029036334546297022,0.1822180301057817,-0.18702782830648623,-0.03590260115589615,-0.18702782830675072,-0.03590260115441536,0.043142851241441335,-0.19176544732168446,1.291382969365383e-11,7.432053977844946e-6,0.03387264196372684
7,0.01679443855772424,9,10,12,2.077002666003329,-0.0022102995795254265,0.034882093658422354,-3.71207404825035e-5,0.4805980184040499,-0.07167443959361984,0.09169260221866908,-0.09224999100164341,-0.07693265095642735,-0.09224999100246523,-0.07693265095534993,0.08237520825051674,-0.0926533301376005,0.0,0.0,0.0,0.0,0.0,0.0,0.0,0.0,1.291382969365383e-11,7.432053977844946e-6,0.03387264196372684
7,0.01679443855772424,9,8,13,2.077002666003401,-0.002210299579536626,-0.03488209365842356,3.7120740482691586e-5,0.4805980184037706,0.0,0.0,0.0,0.0,0.0,0.0,0.0,0.0,0.08237520825115321,-0.09265333013698382,0.09224999100103998,0.07693265095700912,0.09224999100183719,0.07693265095602513,-0.07167443959424194,0.09169260221805502,1.291382969365383e-11,7.432053977844946e-6,0.03387264196372684
7,0.01679443855772424,9,8,14,5.385458995751562,0.12564731879495117,-0.0904457602092929,-0.0021101761754445977,0.004798381685759825,0.0,0.0,0.0,0.0,0.0,0.0,0.0,0.0,-0.0008107568346687389,0.0008323878964389217,-0.0008322213712066482,-0.0008635496854113175,-0.0008322213712128248,-0.0008635496854096868,0.0009180052501326529,-0.0008303260838958934,1.291382969365383e-11,7.432053977844946e-6,0.03387264196372684
7,0.01679443855772424,9,10,15,5.3854589929655905,0.12564732071089105,0.09044576016250407,0.002110176207621732,0.004798377613510223,0.0009180050221563015,-0.0008303247699192312,0.0008322200917642663,0.0008635495049068872,0.0008322200917708429,0.0008635495049059273,-0.00081075669907845,0.0008323866518947871,0.0,0.0,0.0,0.0,0.0,0.0,0.0,0.0,1.291382969365383e-11,7.432053977844946e-6,0.03387264196372684
7,0.01679443855772424,9,8,16,9.998209259327623,0.11741324336285534,-0.16791431109304736,-0.0019718895015205973,0.004056978868314813,0.0,0.0,0.0,0.0,0.0,0.0,0.0,0.0,-0.000607681084760942,0.0007719544597884526,-0.0007765080629644666,-0.0006520842021128423,-0.00077650806296745,-0.00065208420210588,0.0006980390298636569,-0.0007797559460288898,1.291382969365383e-11,7.432053977844946e-6,0.03387264196372684
7,0.01679443855772424,9,10,17,9.99820923521926,0.11741324158723268,0.16791431068816093,0.0019718894717000116,0.0040569772741857486,0.0006980388690031066,-0.0007797555380994147,0.000776507662995186,0.0006520840588369282,0.0007765076629980967,0.0006520840588298768,-0.0006076809582699762,0.0007719540680666713,0.0,0.0,0.0,0.0,0.0,0.0,0.0,0.0,1.291382969365383e-11,7.432053977844946e-6,0.03387264196372684
7,0.01679443855772424,9,8,18,10.17759134924755,0.10896543357090013,-0.1709269325805637,-0.0018300132790222646,0.0019740527717438776,0.0,0.0,0.0,0.0,0.0,0.0,0.0,0.0,0.00025507088275015497,-0.00044074825908170187,0.00043463762049023946,0.00023350325433276462,0.0004346376205303238,0.000233503254316192,-0.00021280443326441266,0.0004280591066240481,1.291382969365383e-11,7.432053977844946e-6,0.03387264196372684
7,0.01679443855772424,9,10,19,10.177591349246393,0.10896543357074343,0.1709269325805443,0.0018300132790196326,0.001974052771147843,-0.00021280443285617674,0.00042805910667407534,-0.0004346376205545849,-0.0002335032539123028,-0.00043463762056664335,-0.0002335032539202309,0.0002550708823418588,-0.00044074825913151846,0.0,0.0,0.0,0.0,0.0,0.0,0.0,0.0,1.291382969365383e-11,7.432053977844946e-6,0.03387264196372684
7,0.01679443855772424,9,8,20,10.043617109217442,0.15878233195191305,-0.16867691043806027,-0.002666660118018578,0.0018604040185510229,0.0,0.0,0.0,0.0,0.0,0.0,0.0,0.0,-0.00039051875019530563,0.00022463399993113015,-0.00021898293469639206,-0.0004101918831723422,-0.0002189829346890931,-0.0004101918831595439,0.0004303021611850174,-0.0002125110485428334,1.291382969365383e-11,7.432053977844946e-6,0.03387264196372684
7,0.01679443855772424,9,10,21,10.04361676415175,0.1587824486640239,0.1686769046428757,0.002666662078132953,0.0018603846850794887,0.0004302997082120108,-0.00021250475238737508,0.0002189767623183483,0.0004101897006634832,0.00021897676231909515,0.00041018970065405397,-0.00039051682581394017,0.00022462795571584953,0.0,0.0,0.0,0.0,0.0,0.0,0.0,0.0,1.291382969365383e-11,7.432053977844946e-6,0.03387264196372684
7,0.01679443855772424,9,10,22,5.579287084043581,0.10435511833375341,0.09370099412887435,0.001752585623040264,0.001461614090659805,-0.00010766450558483045,0.00033717319348295044,-0.00034431233841875634,-0.0001220740071300162,-0.00034431233841672687,-0.00012207400711040115,0.00013717188849603112,-0.00035120664695830644,0.0,0.0,0.0,0.0,0.0,0.0,0.0,0.0,1.291382969365383e-11,7.432053977844946e-6,0.03387264196372684
7,0.01679443855772424,9,8,23,5.579287084044274,0.10435511833382582,-0.093700994128886,-0.0017525856230414803,0.0014616140906518259,0.0,0.0,0.0,0.0,0.0,0.0,0.0,0.0,0.00013717188849967255,-0.00035120664695503345,0.0003443123384144805,0.00012207400713395907,0.0003443123384140766,0.0001220740071140263,-0.00010766450558876579,0.0003371731934793253,1.291382969365383e-11,7.432053977844946e-6,0.03387264196372684
7,0.01679443855772424,9,10,24,10.208608796268575,0.13578110600348015,0.17144785318877578,0.0022803674420752893,0.0010312265146888869,7.795260234660707e-5,-0.00025434182909929323,0.00024869359018009563,6.769461750828347e-5,0.0002486935901832307,6.769461752817622e-5,-5.793388398328763e-5,0.00024290946477753775,0.0,0.0,0.0,0.0,0.0,0.0,0.0,0.0,1.291382969365383e-11,7.432053977844946e-6,0.03387264196372684
7,0.01679443855772424,9,8,25,10.208608912427263,0.13578114328129903,-0.17144785513959573,-0.002280368068135328,0.0010312090287178922,0.0,0.0,0.0,0.0,0.0,0.0,0.0,0.0,-5.793236045423211e-5,0.0002429054749459038,-0.0002486895240151484,-6.769291558520854e-5,-0.00024868952404769984,-6.769291558675271e-5,7.7950713882634e-5,-0.00025433769004390595,1.291382969365383e-11,7.432053977844946e-6,0.03387264196372684
7,0.01679443855772424,9,10,26,11.127857530414685,0.06147817990207419,0.18688611957365844,0.0010324915150061022,0.0006944007082885493,0.0001651134450142723,-6.946430042650687e-5,7.232937053428177e-5,0.0001577670183420794,7.232937053300961e-5,0.00015776701833978624,-0.00015056493473028303,7.487876226111775e-5,0.0,0.0,0.0,0.0,0.0,0.0,0.0,0.0,1.291382969365383e-11,7.432053977844946e-6,0.03387264196372684
7,0.01679443855772424,9,8,27,11.127857750702072,0.06147790471088824,-0.1868861232732614,-0.0010324868933246382,0.000694395642056467,0.0,0.0,0.0,0.0,0.0,0.0,0.0,0.0,-0.00015056456246793156,7.487675563684176e-5,-7.232731265741015e-5,-0.00015776656880763076,-7.232731265844998e-5,-0.00015776656880863642,0.00016511291409632928,-6.946219220249308e-5,1.291382969365383e-11,7.432053977844946e-6,0.03387264196372684
7,0.01679443855772424,9,10,28,11.052417899589788,0.04446768838302585,0.1856191533289523,0.0007468098603527557,0.0006840163023290141,-0.000127852233656097,0.00010531397690294585,-0.00010446776771946655,-0.0001353302428240656,-0.0001044677677215057,-0.0001353302428209855,0.00014301691665527034,-0.0001033506893877201,0.0,0.0,0.0,0.0,0.0,0.0,0.0,0.0,1.291382969365383e-11,7.432053977844946e-6,0.03387264196372684
7,0.01679443855772424,9,8,29,11.052417899590013,0.04446768838325345,-0.18561915332895607,-0.0007468098603565779,0.000684016302248292,0.0,0.0,0.0,0.0,0.0,0.0,0.0,0.0,0.00014301691664789448,-0.00010335068936429398,0.00010446776769501627,0.0001353302428157622,0.00010446776769917752,0.00013533024281438017,-0.00012785223364861258,0.00010531397687957349,1.291382969365383e-11,7.432053977844946e-6,0.03387264196372684
7,0.01679443855772424,9,10,30,11.128194970660374,0.10415781798759137,0.18689178669313156,0.0017492720744992278,0.0005802075153706507,0.0001492537712120791,-1.1191301294843494e-5,1.5411757271775715e-5,0.00014419437264662476,1.5411757272984105e-5,0.00014419437264579692,-0.00013916550917561466,1.9343793969506956e-5,0.0,0.0,0.0,0.0,0.0,0.0,0.0,0.0,1.291382969365383e-11,7.432053977844946e-6,0.03387264196372684
7,0.01679443855772424,9,8,31,11.128194942784976,0.10415771759766851,-0.1868917862249799,-0.0017492703885068365,0.0005801968242286451,0.0,0.0,0.0,0.0,0.0,0.0,0.0,0.0,-0.00013916346190290658,1.9339717358609037e-5,-1.5407618684200547e-5,-0.0001441921275970249,-1.5407618685194862e-5,-0.00014419212759596918,0.0001492513201126597,-1.1187105228758114e-5,1.291382969365383e-11,7.432053977844946e-6,0.03387264196372684
7,0.01679443855772424,9,10,32,5.621574067298677,0.16810588257168302,0.09441118027094358,0.0028232439160421367,0.000472699285127619,-4.688418591125112e-5,-0.0001125660271169788,0.00010757210162761859,-4.8852395499965554e-5,0.00010757210162983875,-4.885239550145412e-5,5.060536339739418e-5,0.00010267566568981538,0.0,0.0,0.0,0.0,0.0,0.0,0.0,0.0,1.291382969365383e-11,7.432053977844946e-6,0.03387264196372684
7,0.01679443855772424,9,8,33,5.621574069153731,0.16810588412110586,-0.09441118030209816,-0.0028232439420638232,0.0004726983032310218,0.0,0.0,0.0,0.0,0.0,0.0,0.0,0.0,5.060528937668847e-5,0.00010267543708393564,-0.00010757186338143105,4.885232660342171e-5,-0.00010757186338406299,4.885232660515798e-5,-4.688412261575308e-5,-0.00011256577909357457,1.291382969365383e-11,7.432053977844946e-6,0.03387264196372684
7,0.01679443855772424,9,10,34,11.470610928923492,0.23255358213342314,0.19264247046536576,0.0039056068465184524,0.00038358972291331817,3.143433960727059e-5,-9.382676176090505e-5,9.182518424188037e-5,2.756555409819018e-5,9.182518424164455e-5,2.7565554097276828e-5,-2.388036364197666e-5,8.976829201937827e-5,0.0,0.0,0.0,0.0,0.0,0.0,0.0,0.0,1.291382969365383e-11,7.432053977844946e-6,0.03387264196372684
7,0.01679443855772424,9,8,35,11.470611116607676,0.23255349546329382,-0.19264247361741627,-0.003905605390942291,0.00038356589466945564,0.0,0.0,0.0,0.0,0.0,0.0,0.0,0.0,-2.3881702855758272e-5,8.976196476231432e-5,-9.18186133352396e-5,-2.7566729065851215e-5,-9.181861333510549e-5,-2.756672906495681e-5,3.1435337184676745e-5,-9.38199448679985e-5,1.291382969365383e-11,7.432053977844946e-6,0.03387264196372684
7,0.01679443855772424,9,10,36,6.55604991944503,0.08856976410981182,0.11010517755349251,0.0014874794614143643,0.00023836696606991138,-3.725129556227242e-5,4.892216363426175e-5,-4.851784224963141e-5,-3.4574861538356096e-5,-4.8517842243114936e-5,-3.45748615331088e-5,3.199539394704708e-5,-4.8044274168928896e-5,0.0,0.0,0.0,0.0,0.0,0.0,0.0,0.0,1.291382969365383e-11,7.432053977844946e-6,0.03387264196372684
7,0.01679443855772424,9,8,37,6.556049918971421,0.08856976266067897,-0.11010517754553852,-0.0014874794370769915,0.0002383667093549976,0.0,0.0,0.0,0.0,0.0,0.0,0.0,0.0,3.199555390376599e-5,-4.8044092953962855e-5,4.851765008621043e-5,3.4575020633211936e-5,4.851765008067808e-5,3.457502062835879e-5,-3.725145341102459e-5,4.892196020556776e-5,1.291382969365383e-11,7.432053977844946e-6,0.03387264196372684
7,0.01679443855772424,9,8,38,6.837426486239661,0.2439622331151074,-0.11483073901610832,-0.004097208734456869,0.00012985991361084436,0.0,0.0,0.0,0.0,0.0,0.0,0.0,0.0,3.1324340296769774e-5,2.7744285976477248e-6,-3.884724229403408e-6,3.222355265584634e-5,-3.884724227635281e-6,3.222355265407882e-5,-3.311493112541913e-5,-5.059459130836018e-6,1.291382969365383e-11,7.432053977844946e-6,0.03387264196372684
7,0.01679443855772424,9,10,39,6.837426472341308,0.2439622300399114,0.1148307387826933,0.004097208682810679,0.00012985932661631352,-3.311475943160511e-5,-5.059580299034875e-6,3.884846830300248e-6,-3.222339010116191e-5,3.8848468287511536e-6,-3.2223390099186264e-5,3.1324186636117545e-5,2.774552306104945e-6,0.0,0.0,0.0,0.0,0.0,0.0,0.0,0.0,1.291382969365383e-11,7.432053977844946e-6,0.03387264196372684
7,0.01679443855772424,9,8,40,10.996186970413973,0.025551994241364784,-0.1846747864438653,-0.00042913139731392446,0.0001011222721338581,0.0,0.0,0.0,0.0,0.0,0.0,0.0,0.0,1.5944848772023777e-5,-2.0645513224115824e-5,2.0481767606643917e-5,1.480827882226771e-5,2.0481767606595328e-5,1.4808278822451263e-5,-1.371264275041226e-5,2.0288364497602968e-5,1.291382969365383e-11,7.432053977844946e-6,0.03387264196372684
7,0.01679443855772424,9,10,41,10.996186970413964,0.02555199424160423,0.18467478644386517,0.00042913139731794587,0.00010112227212946942,-1.3712642749627829e-5,2.028836449676967e-5,-2.048176760578935e-5,-1.4808278821432245e-5,-2.048176760584223e-5,-1.4808278821762371e-5,1.594484877128885e-5,-2.064551322334019e-5,0.0,0.0,0.0,0.0,0.0,0.0,0.0,0.0,1.291382969365383e-11,7.432053977844946e-6,0.03387264196372684
7,0.01679443855772424,9,10,42,11.56008963482644,0.23448334593730918,0.1941452150938775,0.003938016146153737,7.325594085096117e-5,-2.526681521075512e-6,1.7558849099426045e-5,-1.803118702743857e-5,-3.1797541369681926e-6,-1.8031187027056403e-5,-3.17975413518671e-6,3.86888272956831e-6,-1.8497129390803945e-5,0.0,0.0,0.0,0.0,0.0,0.0,0.0,0.0,1.291382969365383e-11,7.432053977844946e-6,0.03387264196372684
7,0.01679443855772424,9,8,43,11.560089634826339,0.234483345937255,-0.1941452150938758,-0.003938016146152827,7.325594084907198e-5,0.0,0.0,0.0,0.0,0.0,0.0,0.0,0.0,3.86888273061977e-6,-1.8497129390150025e-5,1.8031187026763807e-5,3.1797541380294716e-6,1.8031187026404066e-5,3.1797541362019603e-6,-2.5266815221032093e-6,1.7558849098754737e-5,1.291382969365383e-11,7.432053977844946e-6,0.03387264196372684
7,0.01679443855772424,9,10,44,11.405054830025723,0.268193070264164,0.1915414925903431,0.004504152040158922,6.96297151395821e-5,-3.557851899951192e-6,-1.7606082334708662e-5,1.694069387637315e-5,-3.9849879569581915e-6,1.6940693876462517e-5,-3.984987957114193e-6,4.378234690282669e-6,1.62832415047192e-5,0.0,0.0,0.0,0.0,0.0,0.0,0.0,0.0,1.291382969365383e-11,7.432053977844946e-6,0.03387264196372684
7,0.01679443855772424,9,8,45,11.405055843503522,0.268193023997568,-0.1915415096111337,-0.004504151263137419,6.962955960697681e-5,0.0,0.0,0.0,0.0,0.0,0.0,0.0,0.0,4.378746139552779e-6,1.628306497576949e-5,-1.6940528466443007e-5,3.985521330058353e-6,-1.694052846661198e-5,3.985521330275577e-6,-3.5584075266957326e-6,-1.7605929110955932e-5,1.291382969365383e-11,7.432053977844946e-6,0.03387264196372684
7,0.01679443855772424,9,10,46,6.457478398451709,0.04540865672874976,0.10844972420062876,0.0007626128954197792,5.1677153803334536e-5,6.226024779555349e-6,1.0855468969501157e-5,-1.1401738208991172e-5,6.068362197156749e-6,-1.140173820749508e-5,6.0683621994254e-6,-5.887884026702873e-6,-1.196012135577313e-5,0.0,0.0,0.0,0.0,0.0,0.0,0.0,0.0,1.291382969365383e-11,7.432053977844946e-6,0.03387264196372684
7,0.01679443855772424,9,8,47,6.457478398451925,0.0454086567288109,-0.10844972420063238,-0.000762612895420806,5.167715378761313e-5,0.0,0.0,0.0,0.0,0.0,0.0,0.0,0.0,-5.887884025110294e-6,-1.1960121352228319e-5,1.1401738205286246e-5,-6.0683621955887035e-6,1.1401738204019749e-5,-6.06836219774617e-6,6.226024777893069e-6,1.0855468965873774e-5,1.291382969365383e-11,7.432053977844946e-6,0.03387264196372684
7,0.01679443855772424,9,8,48,10.03038637904534,0.1403873684687143,-0.16845470775311108,-0.0023577270340284155,3.710216579389684e-5,0.0,0.0,0.0,0.0,0.0,0.0,0.0,0.0,-3.926834110568082e-6,-8.72837803199464e-6,8.332217360008646e-6,-4.0702400031505135e-6,8.33221734725917e-6,-4.0702400040708385e-6,4.1969733379488615e-6,7.944180482517666e-6,1.291382969365383e-11,7.432053977844946e-6,0.03387264196372684
7,0.01679443855772424,9,10,49,10.030386379045677,0.14038736846927918,0.16845470775311674,0.0023577270340379027,3.71021656435711e-5,4.1969732992068484e-6,7.944180459589923e-6,-8.332217334973483e-6,4.070239962987528e-6,-8.332217326420268e-6,4.0702399667983e-6,-3.926834071826797e-6,-8.728378009127702e-6,0.0,0.0,0.0,0.0,0.0,0.0,0.0,0.0,1.291382969365383e-11,7.432053977844946e-6,0.03387264196372684
7,0.01679443855772424,9,8,50,9.964325754970766,0.15602394512625128,-0.16734525666100572,-0.0026203345599565657,3.659506301232894e-5,0.0,0.0,0.0,0.0,0.0,0.0,0.0,0.0,-7.248921222799387e-6,-5.0976626265389095e-6,5.495390446665575e-6,-7.3115522126520005e-6,5.495390446555532e-6,-7.311552212881432e-6,7.363177809740857e-6,5.907730365712308e-6,1.291382969365383e-11,7.432053977844946e-6,0.03387264196372684
7,0.01679443855772424,9,10,51,9.964325757493906,0.15602394561047817,0.16734525670338046,0.0026203345680888843,3.659485401247541e-5,7.363093149683755e-6,5.9077497303172265e-6,-5.495411793899329e-6,7.3114708211936564e-6,-5.495411793750185e-6,7.311470821561414e-6,-7.248843057549637e-6,-5.097685793540276e-6,0.0,0.0,0.0,0.0,0.0,0.0,0.0,0.0,1.291382969365383e-11,7.432053977844946e-6,0.03387264196372684
7,0.01679443855772424,9,8,52,11.519899107813186,0.21649394759040563,-0.19347023775735087,-0.0036358943009262394,2.5207945314057255e-5,0.0,0.0,0.0,0.0,0.0,0.0,0.0,0.0,3.630198957372389e-6,4.9076504355455616e-6,-5.181235735838126e-6,3.58468865537157e-6,-5.181235735757164e-6,3.5846886551091836e-6,-3.528808722625794e-6,-5.461980043727464e-6,1.291382969365383e-11,7.432053977844946e-6,0.03387264196372684
7,0.01679443855772424,9,10,53,11.519897653033947,0.21649331925980464,0.1934702133251503,0.003635883748466567,2.5205535608938115e-5,-3.5285826808299206e-6,-5.461386015182163e-6,5.180667405931918e-6,-3.584451551589961e-6,5.180667405919851e-6,-3.58445155130426e-6,3.6299519287153884e-6,4.907107331282028e-6,0.0,0.0,0.0,0.0,0.0,0.0,0.0,0.0,1.291382969365383e-11,7.432053977844946e-6,0.03387264196372684
7,0.01679443855772424,9,10,54,10.995499558789934,0.10776823854434912,0.18466324175158152,0.0018099070607072406,1.6661479522851584e-5,-3.910661942017943e-6,1.783279208367727e-6,-1.8467755112980366e-6,-3.732433664532607e-6,-1.8467755110959782e-6,-3.732433664276357e-6,3.5578914692640813e-6,-1.9028032606090535e-6,0.0,0.0,0.0,0.0,0.0,0.0,0.0,0.0,1.291382969365383e-11,7.432053977844946e-6,0.03387264196372684
7,0.01679443855772424,9,8,55,10.99549962505096,0.10776835077362457,-0.18466324286439825,-0.0018099089455349113,1.6661479076113007e-5,0.0,0.0,0.0,0.0,0.0,0.0,0.0,0.0,3.5576891877532576e-6,-1.90318121208188e-6,1.8471720090956303e-6,3.73223733008247e-6,1.847172008901489e-6,3.7322373298405555e-6,-3.910472348031067e-6,1.7836946443761483e-6,1.291382969365383e-11,7.432053977844946e-6,0.03387264196372684
7,0.01679443855772424,9,10,56,10.257637761045409,0.16621040206766668,0.17227126712526916,0.00279141038518007,1.4290895949842939e-5,-1.8266154214263434e-6,3.2021941735943524e-6,-3.1569840382254886e-6,-1.6707583529170947e-6,-3.1569840379098705e-6,-1.6707583532342374e-6,1.5212119049697004e-6,-3.1084260752196115e-6,0.0,0.0,0.0,0.0,0.0,0.0,0.0,0.0,1.291382969365383e-11,7.432053977844946e-6,0.03387264196372684
7,0.01679443855772424,9,8,57,10.257637771652757,0.16621041090617017,-0.1722712673034136,-0.002791410533617774,1.4290363107338016e-5,0.0,0.0,0.0,0.0,0.0,0.0,0.0,0.0,1.5213296518073385e-6,-3.10822478908228e-6,3.156772547713034e-6,1.670873249018769e-6,3.1567725480520683e-6,1.6708732496956862e-6,-1.8267270439657715e-6,3.201972249995897e-6,1.291382969365383e-11,7.432053977844946e-6,0.03387264196372684
7,0.01679443855772424,9,8,58,10.914594531096078,0.043759701143583477,-0.1833044872349661,-0.0007349196121602878,5.726694444342952e-6,0.0,0.0,0.0,0.0,0.0,0.0,0.0,0.0,-1.3605682370132817e-6,5.755138977443435e-7,-5.990242537352853e-7,-1.2999367600975727e-6,-5.990242535961e-7,-1.299936760127671e-6,1.2405007306518631e-6,-6.199335406194186e-7,1.291382969365383e-11,7.432053977844946e-6,0.03387264196372684
7,0.01679443855772424,9,10,59,10.914594531095833,0.043759701143484306,0.18330448723496198,0.0007349196121586223,5.726694442543743e-6,1.2405007301368438e-6,-6.199335406530583e-7,5.990242537891161e-7,1.2999367595819145e-6,5.99024253639378e-7,1.2999367596079516e-6,-1.360568236493624e-6,5.755138978078692e-7,0.0,0.0,0.0,0.0,0.0,0.0,0.0,0.0,1.291382969365383e-11,7.432053977844946e-6,0.03387264196372684
7,0.01679443855772424,9,10,60,10.304295243879732,0.12322679995450501,0.17305485335398826,0.002069524920500911,7.289405652381083e-13,1.869418612766208e-13,-2.029751393834939e-14,2.5385218595140922e-14,1.804124381240804e-13,2.5385209347906735e-14,1.8041245852848403e-13,-1.739334450773734e-13,3.0112039344925975e-14,0.0,0.0,0.0,0.0,0.0,0.0,0.0,0.0,1.291382969365383e-11,7.432053977844946e-6,0.03387264196372684
7,0.01679443855772424,9,8,61,10.304295278658099,0.12322678317461494,-0.17305485393807143,-0.0020695246386920776,6.928055986945239e-13,0.0,0.0,0.0,0.0,0.0,0.0,0.0,0.0,-1.6708371675830338e-13,1.5162493779938258e-14,-1.0186913149905192e-14,-1.7285822436750818e-13,-1.0186893188105463e-14,-1.7285824541085233e-13,1.7865278088040308e-13,-4.865576002662977e-15,1.291382969365383e-11,7.432053977844946e-6,0.03387264196372684
7,0.01679443855772424,9,8,62,11.436177598250627,0.2605843140761664,-0.19206418200904252,-0.004376367251858892,7.400495322007298e-14,0.0,0.0,0.0,0.0,0.0,0.0,0.0,0.0,-1.0244508434649298e-14,1.4704269556563464e-14,-1.4834449001823356e-14,-1.1048257221567759e-14,-1.4834448744039106e-14,-1.1048257426615338e-14,1.1881653006824396e-14,-1.4942502044393105e-14,1.291382969365383e-11,7.432053977844946e-6,0.03387264196372684
7,0.01679443855772424,9,10,63,11.18003051790194,0.07318168667019509,0.18776233560638605,0.0012290453403332184,5.4096015519846244e-14,-1.0490304658890319e-14,9.202764948641957e-15,-9.233446980777173e-15,-9.87677770269102e-15,-9.23345022037112e-15,-9.87678012731078e-15,9.281700227814063e-15,-9.244360248324347e-15,0.0,0.0,0.0,0.0,0.0,0.0,0.0,0.0,1.291382969365383e-11,7.432053977844946e-6,0.03387264196372684
7,0.01679443855772424,9,10,64,10.378569529588853,0.17077309774238,0.17430224828174898,0.002868038297346637,3.457501518705098e-14,-6.045210212646282e-15,-6.557898977330741e-15,6.1654050056275675e-15,-6.055156535981243e-15,6.1654062695469375e-15,-6.055159397579311e-15,6.05276285737876e-15,5.7850102059555556e-15,0.0,0.0,0.0,0.0,0.0,0.0,0.0,0.0,1.291382969365383e-11,7.432053977844946e-6,0.03387264196372684
7,0.01679443855772424,9,10,65,11.436177207530097,0.26058430251742026,0.1920641754471106,0.004376367057736241,3.278198794188865e-14,7.728144696731276e-15,3.4335838805069107e-15,-3.088242071301536e-15,7.589162431516595e-15,-3.0882417667191018e-15,7.589162563145602e-15,-7.443988614105727e-15,-2.7580720901645216e-15,0.0,0.0,0.0,0.0,0.0,0.0,0.0,0.0,1.291382969365383e-11,7.432053977844946e-6,0.03387264196372684
7,0.01679443855772424,9,8,66,11.180030523211117,0.07318161661061466,-0.1877623356955507,-0.0012290441637218996,1.9209224798496313e-14,0.0,0.0,0.0,0.0,0.0,0.0,0.0,0.0,3.1664287125387436e-15,-3.407670948079622e-15,3.4119737004166986e-15,3.3777297774934436e-15,3.411974134631785e-15,3.3777304486925345e-15,-3.5958487004360126e-15,3.409514605429813e-15,1.291382969365383e-11,7.432053977844946e-6,0.03387264196372684
7,0.01679443855772424,9,8,67,10.378569616351472,0.1707730474778351,-0.17430224973887842,-0.0028680374531818258,6.248288211099796e-15,0.0,0.0,0.0,0.0,0.0,0.0,0.0,0.0,1.4559303301180411e-15,4.119556622310638e-16,-4.725035338702603e-16,1.4884859033801834e-15,-4.725040834847407e-16,1.4884861035994632e-15,-1.5200936844084012e-15,-5.360279919075089e-16,1.291382969365383e-11,7.432053977844946e-6,0.03387264196372684
7,0.01679443855772424,9,10,68,5.80836579469774,0.15598479849672942,0.09754824245983831,0.0026196771142923186,4.9046329824339456e-15,-4.607671984894488e-16,-1.1783354739161877e-15,1.1269790628332135e-15,-4.823186808048819e-16,1.1269789890603984e-15,-4.823189266366051e-16,5.016154786958797e-16,1.0765849653350008e-15,0.0,0.0,0.0,0.0,0.0,0.0,0.0,0.0,1.291382969365383e-11,7.432053977844946e-6,0.03387264196372684
7,0.01679443855772424,9,10,69,10.257030292887695,0.09028692836075426,0.17226106503861865,0.0015163182709203376,4.5404576083553655e-15,9.281930402866386e-16,5.894099540152919e-16,-6.383353947238433e-16,9.382775499912722e-16,-6.383366700888112e-16,9.382813434737327e-16,-9.470872950017947e-16,-6.891373365995413e-16,0.0,0.0,0.0,0.0,0.0,0.0,0.0,0.0,1.291382969365383e-11,7.432053977844946e-6,0.03387264196372684
7,0.01679443855772424,9,8,70,10.257030292887968,0.09028692836059232,-0.17226106503862326,-0.001516318270917618,4.5404091339898905e-15,0.0,0.0,0.0,0.0,0.0,0.0,0.0,0.0,-9.47081030110881e-16,-6.891255619667447e-16,6.383238834703512e-16,-9.382709302090369e-16,6.383250856264387e-16,-9.382743495207837e-16,9.281857171614357e-16,5.893986646522449e-16,1.291382969365383e-11,7.432053977844946e-6,0.03387264196372684
7,0.01679443855772424,9,8,71,5.808365795040953,0.15598479834134518,-0.0975482424656024,-0.0026196771116827277,3.675734004410929e-15,0.0,0.0,0.0,0.0,0.0,0.0,0.0,0.0,3.976990046702698e-16,7.963330559370167e-16,-8.344789319041818e-16,3.8426732026736426e-16,-8.344790582376928e-16,3.8426854889380653e-16,-3.6916713812426287e-16,-8.733917873580602e-16,1.291382969365383e-11,7.432053977844946e-6,0.03387264196372684
7,0.01679443855772424,9,10,72,11.104184042059803,0.0502508862386864,0.18648853662803536,0.0008439354214068093,4.3750333082305024e-16,-8.511353546375567e-18,1.0560373463165508e-16,-1.0866307006121074e-16,-1.2227495666873296e-17,-1.0866230133534022e-16,-1.2228090959629973e-17,1.616152458532062e-17,-1.1169696625340546e-16,0.0,0.0,0.0,0.0,0.0,0.0,0.0,0.0,1.291382969365383e-11,7.432053977844946e-6,0.03387264196372684
7,0.01679443855772424,9,8,73,11.10418404206008,0.050250886238607635,-0.18648853662804002,-0.0008439354214054864,4.3748898882108087e-16,0.0,0.0,0.0,0.0,0.0,0.0,0.0,0.0,1.6162314435191877e-17,-1.1169332977968095e-16,1.0865900655562166e-16,1.222843832165404e-17,1.0865894874956466e-16,1.2228880483045727e-17,-8.512302437317686e-18,1.0559996595679583e-16,1.291382969365383e-11,7.432053977844946e-6,0.03387264196372684
7,0.01679443855772424,9,8,74,10.028383832814374,0.13960764552486682,-0.16842107611347612,-0.002344632024955921,1.7302579815640962e-21,0.0,0.0,0.0,0.0,0.0,0.0,0.0,0.0,4.1919090493656566e-22,-5.463913377487366e-24,-9.69685368957346e-24,4.324829303227965e-22,-7.467871963999914e-24,4.32264013850358e-22,-4.4549137426194565e-22,-2.351065877423385e-23,1.291382969365383e-11,7.432053977844946e-6,0.03387264196372684
7,0.01679443855772424,9,10,75,10.028383717951371,0.13960777081717632,0.16842107418441649,0.0023446341291699147,9.351842990831894e-22,-2.2845464598975307e-22,-7.725845544693549e-23,6.844044872215342e-23,-2.2311166757257837e-22,6.674381354587622e-23,-2.243891953335449e-22,2.188895896695502e-22,5.838160606600113e-23,0.0,0.0,0.0,0.0,0.0,0.0,0.0,0.0,1.291382969365383e-11,7.432053977844946e-6,0.03387264196372684
7,0.01679443855772424,9,8,76,7.006259256377435,0.31729171872820106,-0.11766619060071755,-0.005328736275055495,5.141402146495793e-22,0.0,0.0,0.0,0.0,0.0,0.0,0.0,0.0,-1.226033925427826e-22,1.8729906358716722e-23,-1.5386346465102854e-23,-1.2735747141812345e-22,-1.466390733718185e-23,-1.2786815375916758e-22,1.3266839676322524e-22,-1.1012054389582537e-23,1.291382969365383e-11,7.432053977844946e-6,0.03387264196372684
7,0.01679443855772424,9,10,77,7.006259096793199,0.317291653569164,0.11766618792058992,0.00532873518074605,1.471996627046623e-22,3.0834709214825344e-23,-2.254480602460139e-23,2.2909000694211099e-23,2.8901674243649553e-23,2.253522458246107e-23,2.895878633879273e-23,-2.7092189296293834e-23,2.2829286920063068e-23,0.0,0.0,0.0,0.0,0.0,0.0,0.0,0.0,1.291382969365383e-11,7.432053977844946e-6,0.03387264196372684
7,0.01679443855772424,9,10,78,2.3952066706474757,0.315747536339425,0.04022615126324027,0.005302802598805275,1.0462506067781118e-22,-2.6345487527915197e-23,6.1748014744834076e-24,-6.743789124583117e-24,-2.521200483484644e-23,-6.734464017653229e-24,-2.531855568352811e-23,2.420521987524155e-23,-7.25247206997444e-24,0.0,0.0,0.0,0.0,0.0,0.0,0.0,0.0,1.291382969365383e-11,7.432053977844946e-6,0.03387264196372684
7,0.01679443855772424,9,8,79,2.3952066721826775,0.31574753722933324,-0.04022615128902312,-0.005302802613750784,1.0359668861703911e-22,0.0,0.0,0.0,0.0,0.0,0.0,0.0,0.0,2.4532046033008376e-23,5.038071263797989e-24,-5.944099202836031e-24,2.5125028550930167e-23,-5.9943922464314794e-24,2.526410319609465e-23,-2.5850057663225421e-23,-6.952016113749626e-24,1.291382969365383e-11,7.432053977844946e-6,0.03387264196372684
8,0.009696273622190719,10,9,0,2.5038044313120746,0.23755514300234068,-0.024277572862455504,-0.00230339966690934,24.45844026185586,0.0,0.0,0.0,0.0,0.0,0.0,0.0,0.0,-3.8122038096991697,4.532937912232432,-4.551714854187569,-4.080646387295481,-4.5517148542332055,-4.080646387259331,4.358184224176141,-4.562321408154777,1.4621725314486528e-9,0.0010450592985037806,0.03193461943794903
8,0.009696273622190719,10,11,1,2.5038044333365264,0.23755514211733073,0.024277572882085142,0.0023033996583280416,24.458439956126583,4.358184226646121,-4.562321296726514,4.551714746357144,4.080646393102929,4.551714746400931,4.080646393066304,-3.812203818627905,4.532937807986617,0.0,0.0,0.0,0.0,0.0,0.0,0.0,0.0,1.4621725314486528e-9,0.0010450592985037806,0.03193461943794903
8,0.009696273622190719,10,9,2,4.022060409980327,0.11109920146286696,-0.03899899826014983,-0.0010772482565908495,5.859352491823901,0.0,0.0,0.0,0.0,0.0,0.0,0.0,0.0,-1.4092193400896684,0.16550506551298116,-0.12472866384627407,-1.459151060822967,-0.12472866385794251,-1.459151060821548,1.5093293203340021,-0.08103371353084365,1.4621725314486528e-9,0.0010450592985037806,0.03193461943794903
8,0.009696273622190719,10,11,3,4.022060409553533,0.11109920284509295,0.038998998256011524,0.0010772482699932908,5.859352442619818,1.5093293069320484,-0.08103372639637879,0.12472867589455106,1.459151047450349,0.12472867590629078,1.4591510474487877,-1.409219326770361,0.1655050767707923,0.0,0.0,0.0,0.0,0.0,0.0,0.0,0.0,1.4621725314486528e-9,0.0010450592985037806,0.03193461943794903
8,0.009696273622190719,10,11,4,4.662292330625166,0.4509750361140969,0.04520686214438289,0.004372777346939625,4.463115480456238,0.3569678722984892,-1.0945869968990405,1.0709378133805574,0.31214244471966024,1.0709378133830645,0.31214244471105074,-0.26945826633285364,1.046662203726037,0.0,0.0,0.0,0.0,0.0,0.0,0.0,0.0,1.4621725314486528e-9,0.0010450592985037806,0.03193461943794903
8,0.009696273622190719,10,9,5,4.662292333729488,0.4509750357969542,-0.04520686217448325,-0.004372777343864522,4.463115437509649,0.0,0.0,0.0,0.0,0.0,0.0,0.0,0.0,-0.26945826478749524,1.0466621933847866,-1.0709378027629897,-0.31214244278786873,-1.070937802765513,-0.31214244277925557,0.35696786995903,-1.0945869860090562,1.4621725314486528e-9,0.0010450592985037806,0.03193461943794903
8,0.009696273622190719,10,11,6,0.5719259838344759,0.5273697806257195,0.005545550830899705,0.00511352169302167,2.1651378946950786,0.4106736641726563,-0.37855077145795896,0.3791742520653741,0.3860951156761686,0.37917425206837435,0.38609511567308613,-0.362274142732947,0.3790247848689206,0.0,0.0,0.0,0.0,0.0,0.0,0.0,0.0,1.4621725314486528e-9,0.0010450592985037806,0.03193461943794903
8,0.009696273622190719,10,9,7,0.5719259838575292,0.5273697806787863,-0.005545550831123236,-0.00511352169353622,2.1651378809793558,0.0,0.0,0.0,0.0,0.0,0.0,0.0,0.0,-0.36227414167448485,0.3790247812860545,-0.37917424840385267,-0.38609511446729683,-0.37917424840684305,-0.38609511446419403,0.4106736628060333,-0.37855076772019763,1.4621725314486528e-9,0.0010450592985037806,0.03193461943794903
8,0.009696273622190719,10,11,8,11.759816680632591,0.05003704355114126,0.11402640028221621,0.00048517286551733925,1.9843323901121686,0.4484155658604223,-0.24688346709093117,0.2528242954927734,0.42667951022955675,0.25282429549834023,0.42667951022456224,-0.40544824932091805,0.25791126008501064,0.0,0.0,0.0,0.0,0.0,0.0,0.0,0.0,1.4621725314486528e-9,0.0010450592985037806,0.03193461943794903
8,0.009696273622190719,10,9,9,11.75981672404529,0.05003693445570696,-0.11402640070315763,-0.00048517180769815733,1.984332178293832,0.0,0.0,0.0,0.0,0.0,0.0,0.0,0.0,-0.4054483535259692,0.25791100070131645,-0.2528240245113185,-0.4266796092586096,-0.25282402451675334,-0.42667960925478937,0.44841565917249004,-0.2468831843140816,1.4621725314486528e-9,0.0010450592985037806,0.03193461943794903
8,0.009696273622190719,10,11,10,11.58240504812646,-0.007746330834369607,0.11230616854967723,-7.511054333806065e-5,0.8630799820796319,-0.13634439361513664,0.15840738433291926,-0.15896158354657153,-0.14582405069570428,-0.1589615835499371,-0.14582405069205037,0.1556213389740088,-0.1592238170310061,0.0,0.0,0.0,0.0,0.0,0.0,0.0,0.0,1.4621725314486528e-9,0.0010450592985037806,0.03193461943794903
8,0.009696273622190719,10,9,11,11.582405046699629,-0.007746327694324977,-0.11230616853584227,7.511051289132872e-5,0.8630799778778189,0.0,0.0,0.0,0.0,0.0,0.0,0.0,0.0,0.15562133940855238,-0.1592238150905978,0.15896158168073335,0.14582405117565034,0.15896158168402008,0.1458240511729866,-0.13634439413773894,0.15840738254063202,1.4621725314486528e-9,0.0010450592985037806,0.03193461943794903
8,0.009696273622190719,10,11,12,0.035594433826349636,-0.007819809514039463,0.00034513336980724707,-7.582301272153687e-5,0.5095024380033942,-0.04022042403485923,0.11664177457274762,-0.11901437079569449,-0.04529925266110489,-0.11901437079605047,-0.0452992526601096,0.05061601919150417,-0.1212961305757806,0.0,0.0,0.0,0.0,0.0,0.0,0.0,0.0,1.4621725314486528e-9,0.0010450592985037806,0.03193461943794903
8,0.009696273622190719,10,9,13,0.03559443380836813,-0.007819809495613258,-0.00034513336963289343,7.582301254287135e-5,0.509502432583183,0.0,0.0,0.0,0.0,0.0,0.0,0.0,0.0,0.05061602033045814,-0.12129612858543648,0.11901436890313573,0.045299253825049984,0.11901436890350316,0.04529925382408427,-0.04022042522003816,0.1166417727756621,1.4621725314486528e-9,0.0010450592985037806,0.03193461943794903
8,0.009696273622190719,10,9,14,3.8025653274795106,-0.004218844383248179,-0.03687071388149659,4.090706950941679e-5,0.42736832451856827,0.0,0.0,0.0,0.0,0.0,0.0,0.0,0.0,0.07191803214668634,-0.08355785461065875,0.0831214572822452,0.06708466623774698,0.08312145728293392,0.06708466623693844,-0.062417408907128165,0.08255072451347398,1.4621725314486528e-9,0.0010450592985037806,0.03193461943794903
8,0.009696273622190719,10,11,15,3.802565327467785,-0.0042188442967202675,0.0368707138813829,-4.0907068670418486e-5,0.4273683225248479,-0.06241740943796337,0.08255072350687724,-0.08312145622644308,-0.06708466675253452,-0.08312145622719014,-0.0670846667516183,0.07191803264320261,-0.08355785350468053,0.0,0.0,0.0,0.0,0.0,0.0,0.0,0.0,1.4621725314486528e-9,0.0010450592985037806,0.03193461943794903
8,0.009696273622190719,10,9,16,2.498297067389526,0.23185714322854992,-0.02422417195492549,-0.0022481503020034843,0.1445330829515764,0.0,0.0,0.0,0.0,0.0,0.0,0.0,0.0,-0.03445253792832792,-0.01425292855420305,0.012746686746036028,-0.033800638436990174,0.012746686758966449,-0.033800638435861466,0.03312317799542455,0.011308020666601661,1.4621725314486528e-9,0.0010450592985037806,0.03193461943794903
8,0.009696273622190719,10,11,17,2.4982970692077684,0.2318571423659413,0.024224171972555667,0.002248150293639395,0.14453308070231788,0.03312317742060853,0.011308020663406186,-0.012746686724792818,0.033800637844059345,-0.012746686735797364,0.03380063784388797,-0.03445253731832102,-0.014252928511819023,0.0,0.0,0.0,0.0,0.0,0.0,0.0,0.0,1.4621725314486528e-9,0.0010450592985037806,0.03193461943794903
8,0.009696273622190719,10,11,18,4.5923770084800974,0.4216537532309167,0.04452894405048069,0.004088470165150652,0.03348132046885426,0.008107859891064901,-6.296564491027959e-7,-0.00026404345175706,0.008364072902403579,-0.0002640434517595606,0.008364072902450705,-0.008619741099286166,-0.0005454441609525577,0.0,0.0,0.0,0.0,0.0,0.0,0.0,0.0,1.4621725314486528e-9,0.0010450592985037806,0.03193461943794903
8,0.009696273622190719,10,9,19,4.592377010628152,0.42165375255492793,-0.044528944071308814,-0.00408847015859608,0.033481320169825704,0.0,0.0,0.0,0.0,0.0,0.0,0.0,0.0,-0.008619741021420602,-0.0005454441699204332,0.0002640434628178546,-0.008364072827280017,0.0002640434628417062,-0.008364072827323998,0.008107859818657926,-6.296434246731708e-7,1.4621725314486528e-9,0.0010450592985037806,0.03193461943794903
8,0.009696273622190719,10,11,20,4.081837027348515,0.10930185323665771,0.03957860869836078,0.0010598206763951655,0.028176561275798373,0.0015220209490529497,0.0066513360299067445,-0.006911193801739438,0.0013529711813159329,-0.006911193801799198,0.0013529711813825324,-0.001170096333927991,-0.0071737436909153655,0.0,0.0,0.0,0.0,0.0,0.0,0.0,0.0,1.4621725314486528e-9,0.0010450592985037806,0.03193461943794903
8,0.009696273622190719,10,9,21,4.081837027620767,0.10930185224635612,-0.03957860870100061,-0.0010598206667929303,0.028176560563802223,0.0,0.0,0.0,0.0,0.0,0.0,0.0,0.0,-0.001170096133280966,-0.007173743537535407,0.0069111936593597096,-0.0013529709823169285,0.00691119365942569,-0.0013529709823975195,0.0015220207520006222,0.006651335898134343,1.4621725314486528e-9,0.0010450592985037806,0.03193461943794903
8,0.009696273622190719,10,9,22,6.110005325137331,0.20992600069938436,-0.059244283465573935,-0.002035499943193431,0.023407081825733436,0.0,0.0,0.0,0.0,0.0,0.0,0.0,0.0,-0.003213385475296337,0.004669421613652773,-0.0047120604774331405,-0.0034673622801939127,-0.004712060477382452,-0.003467362280130025,0.00373075626184166,-0.004747755199425859,1.4621725314486528e-9,0.0010450592985037806,0.03193461943794903
8,0.009696273622190719,10,11,23,6.110005325242947,0.20992600066777856,0.05924428346659802,0.0020354999428869726,0.02340707945427583,0.003730756155413936,-0.00474775450503246,0.004712059801719837,0.0034673621984089614,0.004712059801669896,0.0034673621983476446,-0.0032133854168055016,0.004669420956785291,0.0,0.0,0.0,0.0,0.0,0.0,0.0,0.0,1.4621725314486528e-9,0.0010450592985037806,0.03193461943794903
8,0.009696273622190719,10,9,24,11.895434914062852,0.12681844245601123,-0.11534139178171415,-0.0012296663183935332,0.012111458479935805,0.0,0.0,0.0,0.0,0.0,0.0,0.0,0.0,-0.0017380644691395526,0.002362445158008165,-0.0023803521176511285,-0.0018701093890719149,-0.002380352117651394,-0.0018701093890121333,0.002006911268204413,-0.0023945141015569976,1.4621725314486528e-9,0.0010450592985037806,0.03193461943794903
8,0.009696273622190719,10,11,25,11.895434914446952,0.1268184483097931,0.1153413917854385,0.0012296663751534041,0.01211145752527599,0.0020069142406662155,-0.0023945112889215353,0.0023803494849912476,0.0018701123538045368,0.00238034948498992,0.0018701123537372768,-0.0017380674208642972,0.002362442699398067,0.0,0.0,0.0,0.0,0.0,0.0,0.0,0.0,1.4621725314486528e-9,0.0010450592985037806,0.03193461943794903
8,0.009696273622190719,10,9,26,11.830032622549188,0.04653038688105956,-0.11470723326767938,-0.00045117136294514686,0.007062872565200027,0.0,0.0,0.0,0.0,0.0,0.0,0.0,0.0,-0.0010264283173335965,-0.0015053281078927256,0.0014263032776407867,-0.001040126140390392,0.001426303277693526,-0.0010401261402743906,0.0010509692793790714,0.0013493558450370941,1.4621725314486528e-9,0.0010450592985037806,0.03193461943794903
8,0.009696273622190719,10,11,27,11.830032587421247,0.04653044913414348,0.11470723292706926,0.00045117196656808246,0.007062871494403761,0.00105096990651281,0.001349355027901319,-0.0014263024551544067,0.0010401268140045117,-0.0014263024552216843,0.0010401268139180095,-0.0010264290391011732,-0.0015053272814195082,0.0,0.0,0.0,0.0,0.0,0.0,0.0,0.0,1.4621725314486528e-9,0.0010450592985037806,0.03193461943794903
8,0.009696273622190719,10,11,28,6.160357879023534,0.2581754174953593,0.059732515605630664,0.002503339490558329,0.004869515567921522,-7.034202615969668e-5,0.0011771053929082492,-0.0012120031936480964,-0.00011099303195097039,-0.001212003193565874,-0.0001109930318867608,0.00015406781965613255,-0.0012466765844594099,0.0,0.0,0.0,0.0,0.0,0.0,0.0,0.0,1.4621725314486528e-9,0.0010450592985037806,0.03193461943794903
8,0.009696273622190719,10,9,29,6.160357879107268,0.25817541747228584,-0.05973251560644257,-0.002503339490334602,0.0048695144474956145,0.0,0.0,0.0,0.0,0.0,0.0,0.0,0.0,0.00015406798780688823,-0.0012466762724505712,0.0012120028966510353,0.00011099320435203669,0.001212002896570226,0.00011099320428390434,-7.034220221283191e-5,0.0011771051105801868,1.4621725314486528e-9,0.0010450592985037806,0.03193461943794903
8,0.009696273622190719,10,9,30,6.519658769974282,0.1917105214486645,-0.06321639535698602,-0.0018588776722191136,0.004321968889551752,0.0,0.0,0.0,0.0,0.0,0.0,0.0,0.0,0.00020398163127860344,-0.001096094350990595,0.00106770904648869,0.00016394437946963,0.0010677090464874786,0.00016394437944404212,-0.00012604221570424823,0.0010389937181385046,1.4621725314486528e-9,0.0010450592985037806,0.03193461943794903
8,0.009696273622190719,10,11,31,6.51965876975612,0.19171052092626215,0.06321639535487066,0.0018588776671537575,0.004321968559187034,-0.00012604227613030263,0.0010389936302200161,-0.001067708953819868,-0.0001639444389330716,-0.0010677089538182302,-0.00016394443891121576,0.00020398168959772902,-0.0010960942534522721,0.0,0.0,0.0,0.0,0.0,0.0,0.0,0.0,1.4621725314486528e-9,0.0010450592985037806,0.03193461943794903
8,0.009696273622190719,10,9,32,11.732289353363997,0.06511671118057637,-0.11375948778493233,-0.0006313894489840341,0.003254135362778152,0.0,0.0,0.0,0.0,0.0,0.0,0.0,0.0,0.00015872301047759895,-0.0008243081343383068,0.0008031242671872594,0.0001284452214903589,0.0008031242672858338,0.00012844522128456758,-9.977342233607632e-5,0.0007816819037010159,1.4621725314486528e-9,0.0010450592985037806,0.03193461943794903
8,0.009696273622190719,10,11,33,11.732289352604262,0.0651167121828858,0.11375948777756574,0.0006313894587027006,0.003254134977494743,-9.977373126055343e-5,0.0007816817702251265,-0.00080312411939269,-0.00012844553583428667,-0.0008031241195006466,-0.00012844553557606167,0.0001587233298909584,-0.0008243079716060721,0.0,0.0,0.0,0.0,0.0,0.0,0.0,0.0,1.4621725314486528e-9,0.0010450592985037806,0.03193461943794903
8,0.009696273622190719,10,11,34,8.482925734069177,0.37602200397230956,0.08225276903425781,0.003646012238479999,0.002070444979876745,0.00010709980361068208,-0.0005232524456717337,0.0005099998802516038,8.767960448588782e-5,0.0005099998802507247,8.76796044822967e-5,-6.927922873901712e-5,0.0004965709357983026,0.0,0.0,0.0,0.0,0.0,0.0,0.0,0.0,1.4621725314486528e-9,0.0010450592985037806,0.03193461943794903
8,0.009696273622190719,10,9,35,8.482925736501906,0.37602200436306815,-0.08225276905784622,-0.0036460122422689012,0.0020704419292818113,0.0,0.0,0.0,0.0,0.0,0.0,0.0,0.0,-6.927902217393416e-5,0.000496570218728379,-0.0005099991472672163,-8.767936798398477e-5,-0.0005099991472660891,-8.767936798033567e-5,0.00010709953570639359,-0.0005232516972470903,1.4621725314486528e-9,0.0010450592985037806,0.03193461943794903
8,0.009696273622190719,10,9,36,9.953030029457024,0.2201756134213852,-0.09650730253549625,-0.002134882992667438,0.0020359865040486024,0.0,0.0,0.0,0.0,0.0,0.0,0.0,0.0,-0.00032797376488095026,0.0003681271789012339,-0.0003690520893978021,-0.00035035514485386583,-0.00036905208940050396,-0.00035035514485510643,0.00037347392755913717,-0.00036927555220471757,1.4621725314486528e-9,0.0010450592985037806,0.03193461943794903
8,0.009696273622190719,10,11,37,9.95303002596905,0.22017561566048702,0.0965073025016759,0.002134883014378382,0.0020359838109106545,0.0003734738438686334,-0.00036927464874505047,0.00036905121192220864,0.0003503550914952713,0.0003690512119251558,0.00035035509149694024,-0.0003279737400998948,0.00036812632751843043,0.0,0.0,0.0,0.0,0.0,0.0,0.0,0.0,1.4621725314486528e-9,0.0010450592985037806,0.03193461943794903
8,0.009696273622190719,10,9,38,4.349767314398329,0.5223889580612299,-0.04217653407326788,-0.005065226274572797,0.001975725492338572,0.0,0.0,0.0,0.0,0.0,0.0,0.0,0.0,0.0003722909122125295,0.00030051163265017183,-0.0003221611943543167,0.0003742439301814397,-0.0003221611943519295,0.00037424393018444066,-0.00037555187792191454,-0.00034455859884622756,1.4621725314486528e-9,0.0010450592985037806,0.03193461943794903
8,0.009696273622190719,10,11,39,4.349767310983546,0.5223889560700201,0.04217653404015721,0.005065226255265482,0.001975724426444201,-0.0003755518268897472,-0.00034455824774756445,0.00032216085591454816,-0.00037424387000211675,0.00032216085591173514,-0.0003742438700052291,0.000372290843563148,0.000300511306749177,0.0,0.0,0.0,0.0,0.0,0.0,0.0,0.0,1.4621725314486528e-9,0.0010450592985037806,0.03193461943794903
8,0.009696273622190719,10,11,40,7.965514605844943,0.06381448254586768,0.07723580915982922,0.0006187626838232467,0.0017771304117856314,-0.000180558974694812,0.00039064121684905174,-0.00039709009926062474,-0.00019901734056837698,-0.0003970900992620868,-0.00019901734056109236,0.00021826948780470689,-0.00040314015321114144,0.0,0.0,0.0,0.0,0.0,0.0,0.0,0.0,1.4621725314486528e-9,0.0010450592985037806,0.03193461943794903
8,0.009696273622190719,10,9,41,7.9655146069868366,0.06381447910264973,-0.07723580917090134,-0.0006187626504368635,0.0017771302863570865,0.0,0.0,0.0,0.0,0.0,0.0,0.0,0.0,0.00021826947852404634,-0.00040314012144179544,0.00039709006821069155,0.0001990173325548783,0.00039709006821226847,0.0001990173325471028,-0.00018055896788590024,0.000390641186534739,1.4621725314486528e-9,0.0010450592985037806,0.03193461943794903
8,0.009696273622190719,10,9,42,8.39422251761765,0.48520877208236396,-0.08139267837637539,-0.004704717017997774,0.0013902170499448777,0.0,0.0,0.0,0.0,0.0,0.0,0.0,0.0,-0.00015839317796571782,0.00029706702381730217,-0.00030128278044961026,-0.00017309628109586867,-0.0003012827804513152,-0.00017309628109426635,0.00018840160299055358,-0.0003051517423027032,1.4621725314486528e-9,0.0010450592985037806,0.03193461943794903
8,0.009696273622190719,10,11,43,8.394222506215774,0.48520876769056176,0.08139267826581968,0.004704716975413658,0.001390215293773872,0.00018840123873575527,-0.0003051514347771216,0.00030128247147879144,0.00017309593777609008,0.0003012824714803616,0.0001730959377745382,-0.0001583928549637545,0.0002970667140883685,0.0,0.0,0.0,0.0,0.0,0.0,0.0,0.0,1.4621725314486528e-9,0.0010450592985037806,0.03193461943794903
8,0.009696273622190719,10,9,44,8.000132502349132,0.2082263811898053,-0.07757147375655851,-0.0020190199673749388,0.0012018383102655585,0.0,0.0,0.0,0.0,0.0,0.0,0.0,0.0,-0.0002695291785150767,-0.00010980501516959618,0.00012207381430458076,-0.00027446102529424477,0.00012207381430263007,-0.0002744610252943845,0.00027914817576761564,0.00013489129079191252,1.4621725314486528e-9,0.0010450592985037806,0.03193461943794903
8,0.009696273622190719,10,11,45,8.000132502145174,0.2082263812262594,0.07757147375458089,0.0020190199677284078,0.0012018377893876363,0.0002791479405982516,0.00013489146863015692,-0.00012207399373047572,0.0002744608030063279,-0.00012207399372819264,0.0002744608030065039,-0.00026952896875024154,-0.00010980519573787141,0.0,0.0,0.0,0.0,0.0,0.0,0.0,0.0,1.4621725314486528e-9,0.0010450592985037806,0.03193461943794903
8,0.009696273622190719,10,11,46,8.612324626980511,0.4154068453026323,0.08350745610633466,0.004027898436585374,0.0009532708699065639,-1.1065624919974238e-6,0.00023084208650439657,-0.00023810011789492038,-8.677706934744493e-6,-0.0002381001178903911,-8.677706928045668e-6,1.6725033775018034e-5,-0.00024534031768458977,0.0,0.0,0.0,0.0,0.0,0.0,0.0,0.0,1.4621725314486528e-9,0.0010450592985037806,0.03193461943794903
8,0.009696273622190719,10,9,47,8.612324627579884,0.4154068455122783,-0.08350745611214634,-0.004027898438618159,0.000953270694713994,0.0,0.0,0.0,0.0,0.0,0.0,0.0,0.0,1.6725092147068892e-5,-0.0002453402684071904,0.00023810007196307394,8.677764972609385e-6,0.00023810007195923026,8.677764965482761e-6,-1.1066201032815075e-6,0.0002308420438028148,1.4621725314486528e-9,0.0010450592985037806,0.03193461943794903
8,0.009696273622190719,10,9,48,10.252956365565797,0.19105031903157244,-0.09941547035690806,-0.0018524761689369573,0.0007079247881978893,0.0,0.0,0.0,0.0,0.0,0.0,0.0,0.0,6.27999913362931e-5,-0.00017148162105549443,0.00016798739369031332,5.5560202616542735e-5,0.00016798739368939858,5.556020260545103e-5,-4.865627721682506e-5,0.00016438171005559978,1.4621725314486528e-9,0.0010450592985037806,0.03193461943794903
8,0.009696273622190719,10,11,49,10.252956365543824,0.1910503190091098,0.099415470356695,0.0018524761687191535,0.0007079246669585433,-4.865629717610811e-5,0.00016438167352942604,-0.00016798735535881556,-5.55602220143107e-5,-0.00016798735535653638,-5.556022200275965e-5,6.28000100953697e-5,-0.00017148158087857202,0.0,0.0,0.0,0.0,0.0,0.0,0.0,0.0,1.4621725314486528e-9,0.0010450592985037806,0.03193461943794903
8,0.009696273622190719,10,9,50,6.627350165687139,0.3043888451961823,-0.0642606005965735,-0.0029514375305648368,0.0005392273164388922,0.0,0.0,0.0,0.0,0.0,0.0,0.0,0.0,-7.641618762789747e-5,0.00010588491234765816,-0.00010673594893469307,-8.228755774650087e-5,-0.00010673594893376135,-8.228755774400397e-5,8.837223497206374e-5,-0.00010742219709817929,1.4621725314486528e-9,0.0010450592985037806,0.03193461943794903
8,0.009696273622190719,10,11,51,6.627350166680108,0.3043888461024715,0.06426060060620159,0.002951437539352465,0.0005392268374085922,8.837223487581112e-5,-0.00010742203716275938,0.00010673579404988792,8.228756255457754e-5,0.00010673579404962542,8.228756255244914e-5,-7.641619703089688e-5,0.0001058847625048354,0.0,0.0,0.0,0.0,0.0,0.0,0.0,0.0,1.4621725314486528e-9,0.0010450592985037806,0.03193461943794903
8,0.009696273622190719,10,11,52,10.313582900253575,0.2816633426775695,0.10000332182600599,0.0027310848399425824,0.00022060864943771185,-2.2820749120704073e-5,-5.2133121450660954e-5,4.9786337445524574e-5,-2.3697308851190394e-5,4.978633744710996e-5,-2.3697308851675866e-5,2.4474248612291882e-5,4.748684843972312e-5,0.0,0.0,0.0,0.0,0.0,0.0,0.0,0.0,1.4621725314486528e-9,0.0010450592985037806,0.03193461943794903
8,0.009696273622190719,10,9,53,10.313582902191108,0.2816633440388165,-0.10000332184479284,-0.002731084853141606,0.00022060792873067694,0.0,0.0,0.0,0.0,0.0,0.0,0.0,0.0,2.4474180435978628e-5,4.748668723425904e-5,-4.978616892035907e-5,2.3697243783386907e-5,-4.978616892222466e-5,2.369724378393259e-5,-2.2820687498654043e-5,-5.2132945476270736e-5,1.4621725314486528e-9,0.0010450592985037806,0.03193461943794903
8,0.009696273622190719,10,11,54,7.795172569291391,0.09443908263611249,0.07558412616404477,0.0009157071858684271,0.00020435398798988728,-4.933953345650845e-5,3.8111076514062926e-6,-2.3207695751236466e-6,-5.102298506262246e-5,-2.320769576365707e-6,-5.1022985062090735e-5,5.271097615684108e-5,-7.283809904694675e-7,0.0,0.0,0.0,0.0,0.0,0.0,0.0,0.0,1.4621725314486528e-9,0.0010450592985037806,0.03193461943794903
8,0.009696273622190719,10,9,55,7.795172569325927,0.09443908266502991,-0.07558412616437964,-0.0009157071861488183,0.00020435387706975206,0.0,0.0,0.0,0.0,0.0,0.0,0.0,0.0,5.2710947723883246e-5,-7.283677336912528e-7,2.320755865859215e-6,5.102295793431024e-5,2.320755867172865e-6,5.102295793398008e-5,-4.933950760567954e-5,3.8110935440101078e-6,1.4621725314486528e-9,0.0010450592985037806,0.03193461943794903
8,0.009696273622190719,10,11,56,12.13591408281248,0.5254481192421114,0.11767314360234753,0.005094888738437009,0.0001632119295065368,-3.348442412121009e-5,2.5523356622982785e-5,-2.5742997077460193e-5,-3.1644114254649115e-5,-2.574299707872712e-5,-3.164411425335006e-5,2.98552270412964e-5,-2.5899297882046978e-5,0.0,0.0,0.0,0.0,0.0,0.0,0.0,0.0,1.4621725314486528e-9,0.0010450592985037806,0.03193461943794903
8,0.009696273622190719,10,9,57,12.135914454839687,0.5254482773131919,-0.11767314720962513,-0.005094890271137457,0.00016320651100054385,0.0,0.0,0.0,0.0,0.0,0.0,0.0,0.0,2.9855560036356636e-5,-2.589691154575435e-5,2.574052446680667e-5,3.164437986604927e-5,2.574052446768564e-5,3.164437986508847e-5,-3.348461740354522e-5,2.552079721131095e-5,1.4621725314486528e-9,0.0010450592985037806,0.03193461943794903
8,0.009696273622190719,10,11,58,11.955093290653267,0.12187164775081977,0.11591985572499051,0.0011817008433791926,5.828910478757229e-5,1.1969130159867857e-5,7.482143528637664e-6,-8.109314422926006e-6,1.2103065601388124e-5,-8.109314423417297e-6,1.2103065601719285e-5,-1.2220758224506184e-5,-8.760675206089285e-6,0.0,0.0,0.0,0.0,0.0,0.0,0.0,0.0,1.4621725314486528e-9,0.0010450592985037806,0.03193461943794903
8,0.009696273622190719,10,9,59,11.955093290613794,0.12187164476701265,-0.11591985572460778,-0.0011817008144473823,5.8289092609096034e-5,0.0,0.0,0.0,0.0,0.0,0.0,0.0,0.0,-1.2220758453801318e-5,-8.760669493946241e-6,8.109308884232011e-6,-1.2103065648658031e-5,8.10930888486117e-6,-1.2103065648572403e-5,1.1969130035771125e-5,7.482138163628811e-6,1.4621725314486528e-9,0.0010450592985037806,0.03193461943794903
8,0.009696273622190719,10,9,60,12.177376780050476,0.483543215461122,-0.11807517725988119,-0.004688567325264961,1.4488484542670784e-5,0.0,0.0,0.0,0.0,0.0,0.0,0.0,0.0,2.061124333142481e-6,2.839300986388424e-6,-2.9963057571467493e-6,2.033558661431726e-6,-2.9963057569924077e-6,2.0335586614258545e-6,-1.9999963170799383e-6,-3.157371648402848e-6,1.4621725314486528e-9,0.0010450592985037806,0.03193461943794903
8,0.009696273622190719,10,11,61,12.177376767876222,0.48354320770692055,0.11807517714183628,0.004688567250078102,1.4488426736458552e-5,-2.0000925990407788e-6,-3.157293005537336e-6,2.996226648729966e-6,-2.0336494907625673e-6,2.9962266485380335e-6,-2.033649490763965e-6,2.061209867885736e-6,2.8392215941976865e-6,0.0,0.0,0.0,0.0,0.0,0.0,0.0,0.0,1.4621725314486528e-9,0.0010450592985037806,0.03193461943794903
8,0.009696273622190719,10,9,62,9.94741723528202,0.2129635547757904,-0.09645287934739037,-0.0020649528986604647,3.7387834312380267e-6,0.0,0.0,0.0,0.0,0.0,0.0,0.0,0.0,-7.73682158013552e-7,5.758667636025808e-7,-5.813799813073668e-7,-7.315854884851472e-7,-5.813799810105807e-7,-7.315854889314565e-7,6.906501150380987e-7,-5.854288664443371e-7,1.4621725314486528e-9,0.0010450592985037806,0.03193461943794903
8,0.009696273622190719,10,11,63,9.947417231635852,0.21296355696494118,0.09645287931203614,0.00206495291988707,3.738773385949267e-6,6.906482902700811e-7,-5.854272571099603e-7,5.813783806766146e-7,7.31583553513327e-7,5.81378380411572e-7,7.315835539938658e-7,-7.736801096754688e-7,5.758651755795178e-7,0.0,0.0,0.0,0.0,0.0,0.0,0.0,0.0,1.4621725314486528e-9,0.0010450592985037806,0.03193461943794903
8,0.009696273622190719,10,11,64,10.36039417667234,0.30315225426230286,0.10045721677076634,0.0029394472065112213,3.457201612967686e-6,-8.044191981976267e-7,3.850687493529341e-7,-3.975531730748773e-7,-7.671985232828518e-7,-3.9755317306192894e-7,-7.671985233248462e-7,7.30771419566158e-7,-4.085024061667621e-7,0.0,0.0,0.0,0.0,0.0,0.0,0.0,0.0,1.4621725314486528e-9,0.0010450592985037806,0.03193461943794903
8,0.009696273622190719,10,9,65,10.360394176483348,0.30315225379070226,-0.10045721676893382,-0.002939447201938453,3.4571818885321405e-6,0.0,0.0,0.0,0.0,0.0,0.0,0.0,0.0,7.307646065910416e-7,-4.085048048086324e-7,3.97555869937656e-7,7.671915733444363e-7,3.9755586990567e-7,7.671915733694825e-7,-8.044121166863819e-7,3.850717583121808e-7,1.4621725314486528e-9,0.0010450592985037806,0.03193461943794903
8,0.009696273622190719,10,9,66,10.30409301952376,0.272294244065773,-0.09991130534580775,-0.0026402394962093166,1.6895056780232463e-6,0.0,0.0,0.0,0.0,0.0,0.0,0.0,0.0,-3.8345579389408034e-7,2.0715003363589713e-7,-2.1235565217217282e-7,-3.649901590625378e-7,-2.1235565217713416e-7,-3.6499015891405864e-7,3.4694850498314266e-7,-2.1683086641367968e-7,1.4621725314486528e-9,0.0010450592985037806,0.03193461943794903
8,0.009696273622190719,10,11,67,10.304093016704948,0.2722942421556441,0.09991130531847578,0.0026402394776881837,1.689495331288054e-6,3.469459234167009e-7,-2.1683026943838962e-7,2.1235512059967652e-7,3.6498747644085597e-7,2.123551206389172e-7,3.6498747629385525e-7,-3.8345300916160183e-7,2.0714957286658856e-7,0.0,0.0,0.0,0.0,0.0,0.0,0.0,0.0,1.4621725314486528e-9,0.0010450592985037806,0.03193461943794903
8,0.009696273622190719,10,11,68,7.959824235220539,0.057975963109893724,0.07718063376924333,0.0005621508018235648,7.302879404552926e-14,1.3094964020160738e-14,1.1885733644895723e-14,-1.2688803151281946e-14,1.3120711502833386e-14,-1.2688804603267386e-14,1.3120712124539667e-14,-1.3121055773983823e-14,-1.3518090124286734e-14,0.0,0.0,0.0,0.0,0.0,0.0,0.0,0.0,1.4621725314486528e-9,0.0010450592985037806,0.03193461943794903
8,0.009696273622190719,10,9,69,7.959824235857321,0.05797596125096932,-0.07718063377541773,-0.000562150783798925,7.146887665734912e-14,0.0,0.0,0.0,0.0,0.0,0.0,0.0,0.0,-1.1502357688609935e-14,-1.440822626457839e-14,1.3600419416483678e-14,-1.1580444076044543e-14,1.3600419117909538e-14,-1.1580443398755272e-14,1.1631305845081064e-14,1.2815745943561718e-14,1.4621725314486528e-9,0.0010450592985037806,0.03193461943794903
8,0.009696273622190719,10,11,70,8.397913524163656,0.4903228221675979,0.08142846738578675,0.004754304246941791,5.167920362126745e-14,-1.3331232433293834e-14,6.337321909810114e-17,-4.699258802938587e-16,-1.2908023095732114e-14,-4.699259704706787e-16,-1.2908022952156794e-14,1.248572763345195e-14,-8.506616798256191e-16,0.0,0.0,0.0,0.0,0.0,0.0,0.0,0.0,1.4621725314486528e-9,0.0010450592985037806,0.03193461943794903
8,0.009696273622190719,10,9,71,8.397913530512296,0.49032282469991284,-0.08142846744734492,-0.0047543042714958085,3.4355886377084784e-14,0.0,0.0,0.0,0.0,0.0,0.0,0.0,0.0,8.019147205088969e-15,-2.215801493107931e-15,2.0240200312963573e-15,8.344875027778935e-15,2.024019351629826e-15,8.344874351156622e-15,-8.674633528826129e-15,1.8155441084773876e-15,1.4621725314486528e-9,0.0010450592985037806,0.03193461943794903
8,0.009696273622190719,10,11,72,10.576754627415292,0.26448515143368423,0.10255510690219052,0.0025645203973075504,6.6299243069823935e-15,-5.229128770066114e-17,-1.7094836142845892e-15,1.6538611125398491e-15,-1.0302865920743526e-16,1.6538610820360407e-15,-1.0302863792711165e-16,1.5045806208011437e-16,1.5984413361291816e-15,0.0,0.0,0.0,0.0,0.0,0.0,0.0,0.0,1.4621725314486528e-9,0.0010450592985037806,0.03193461943794903
8,0.009696273622190719,10,9,73,10.576754627949144,0.2644851511808537,-0.1025551069073669,-0.002564520394856036,5.0314032426492425e-15,0.0,0.0,0.0,0.0,0.0,0.0,0.0,0.0,2.361953191387715e-17,1.2181793263113161e-15,-1.2574419136651908e-15,-1.5404395049818944e-17,-1.2574427320706667e-15,-1.5402672390159723e-17,5.694144868643441e-17,-1.2966719776041062e-15,1.4621725314486528e-9,0.0010450592985037806,0.03193461943794903
8,0.009696273622190719,10,11,74,6.4153425833817534,0.19046113753231736,0.06220491706856136,0.0018467633039070475,4.413996730147144e-15,3.9082032307233274e-16,9.948864970668792e-16,-1.0390815773219429e-15,3.7068933173513874e-16,-1.0390822966105062e-15,3.706904678417637e-16,-3.4848056561574774e-16,-1.0840166796337374e-15,0.0,0.0,0.0,0.0,0.0,0.0,0.0,0.0,1.4621725314486528e-9,0.0010450592985037806,0.03193461943794903
8,0.009696273622190719,10,9,75,6.415342583366169,0.19046113775894416,-0.06220491706841025,-0.001846763306104483,3.9121771075295055e-15,0.0,0.0,0.0,0.0,0.0,0.0,0.0,0.0,-2.2076116673205342e-16,-9.847598672574672e-16,9.468764297045806e-16,-2.439645339089724e-16,9.46875550720033e-16,-2.4396465601594396e-16,2.6527378824275334e-16,9.094781357564116e-16,1.4621725314486528e-9,0.0010450592985037806,0.03193461943794903
8,0.009696273622190719,10,9,76,6.521953005678314,0.30206923633443145,-0.0632386408941261,-0.002928945968344842,1.3230189340717489e-15,0.0,0.0,0.0,0.0,0.0,0.0,0.0,0.0,8.725222171373592e-17,3.0827330899752254e-16,-3.2086220613291376e-16,7.994482988604023e-17,-3.2086302187130645e-16,7.99456175742794e-17,-7.199634391172624e-17,-3.336111697862931e-16,1.4621725314486528e-9,0.0010450592985037806,0.03193461943794903
8,0.009696273622190719,10,11,77,6.521953006374111,0.30206923676405,0.06323864090087275,0.002928945972510541,1.1756216932643142e-15,-2.1681716470153466e-17,-3.024921399068872e-16,2.922690744339413e-16,-3.026707949104152e-17,2.922689259421856e-16,-3.0266834018668164e-17,3.8267600659799654e-17,2.8210579981848797e-16,0.0,0.0,0.0,0.0,0.0,0.0,0.0,0.0,1.4621725314486528e-9,0.0010450592985037806,0.03193461943794903
8,0.009696273622190719,10,9,78,10.569481299256806,0.25688851642321664,-0.10248458272222186,-0.0024908613456381427,9.732702741306781e-17,0.0,0.0,0.0,0.0,0.0,0.0,0.0,0.0,-4.675810123044e-18,2.4667631370550473e-17,-2.403142476369828e-17,-3.772092821157623e-18,-2.403144420487377e-17,-3.772142525258214e-18,2.9164777641954668e-18,-2.3387647529658656e-17,1.4621725314486528e-9,0.0010450592985037806,0.03193461943794903
8,0.009696273622190719,10,11,79,10.569481298737545,0.2568885166193403,0.10248458271718695,0.0024908613475398116,9.226843637752414e-17,6.901225908122186e-18,-2.1251309610568718e-17,2.1697493361973038e-17,7.813049981609095e-18,2.1697530272888676e-17,7.813051172855836e-18,-8.768253491434157e-18,2.2128046060513e-17,0.0,0.0,0.0,0.0,0.0,0.0,0.0,0.0,1.4621725314486528e-9,0.0010450592985037806,0.03193461943794903
