iteration,scale,ground_charge,charge,matrix_rank,energy_real,energy_imag,pole_real,pole_imag,matrix_support_abs,add11_real,add11_imag,add12_real,add12_imag,add21_real,add21_imag,add22_real,add22_imag,rem11_real,rem11_imag,rem12_real,rem12_imag,rem21_real,rem21_imag,rem22_real,rem22_imag,max_residual,biorth_error,min_pair_overlap
0,0.7853981633974483,2,3,0,0.2225290717752834,0.0021197739737135145,0.17477392427484653,0.001664866585772305,22.556572130207513,4.276996947317039,-3.9453245739363,3.9517270390676615,4.020933407516671,3.9517270390676607,4.020933407516671,-3.7727652720322262,3.950079741979683,0.0,0.0,0.0,0.0,0.0,0.0,0.0,0.0,2.8353240129414033e-15,2.429780858480567e-13,0.0009999995556602347
0,0.7853981633974483,2,1,1,0.22252907177527928,0.0021197739737177303,-0.17477392427484328,-0.0016648665857756163,22.556572130205836,0.0,0.0,0.0,0.0,0.0,0.0,0.0,0.0,-3.772765272024235,3.9500797419872087,-3.9517270390751955,-4.0209334075086876,-3.951727039075194,-4.0209334075086876,4.276996947309048,-3.9453245739438256,2.8353240129414033e-15,2.429780858480567e-13,0.0009999995556602347
0,0.7853981633974483,2,3,2,0.21832748781209022,-0.002079680808099273,0.17147400794679443,-0.0016333774871340899,22.130885945245378,-3.6271034189743565,3.945310544120255,-3.9515624892249046,-3.87051322838898,-3.951562489224906,-3.870513228388981,4.121818413860227,-3.9500655124967303,0.0,0.0,0.0,0.0,0.0,0.0,0.0,0.0,2.8353240129414033e-15,2.429780858480567e-13,0.0009999995556602347
0,0.7853981633974483,2,1,3,0.2183274878120942,-0.002079680808103517,-0.17147400794679757,0.0016333774871374232,22.130885945245126,0.0,0.0,0.0,0.0,0.0,0.0,0.0,0.0,4.121818413852289,-3.9500655125044073,3.951562489232591,3.8705132283810504,3.9515624892325905,3.8705132283810504,-3.6271034189664197,3.945310544127933,2.8353240129414033e-15,2.429780858480567e-13,0.0009999995556602347
0,0.7853981633974483,2,3,4,0.6638312706905312,0.001982301827518403,0.5213718608061375,0.0015568962146323589,0.023942546779767076,0.004565905298441001,-0.004159258347235318,0.004167754518929065,0.004294155928730898,0.004167754518929064,0.004294155928730873,-0.004030733471419865,0.004167654051852952,0.0,0.0,0.0,0.0,0.0,0.0,0.0,0.0,2.8353240129414033e-15,2.429780858480567e-13,0.0009999995556602347
0,0.7853981633974483,2,1,5,0.6638312706905314,0.001982301827518928,-0.5213718608061377,-0.0015568962146327713,0.02394254677976444,0.0,0.0,0.0,0.0,0.0,0.0,0.0,0.0,-0.004030733471419053,0.0041676540518531075,-0.004167754518929134,-0.004294155928729883,-0.004167754518929155,-0.004294155928729903,0.004565905298439812,-0.004159258347235327,2.8353240129414033e-15,2.429780858480567e-13,0.0009999995556602347
0,0.7853981633974483,2,3,6,0.6599781672969381,-0.0018689044106088412,0.518345640477429,-0.0014678340916575744,0.0231817181263739,-0.003770408018143994,0.004159045878564451,-0.004167373051347,-0.004025323675728189,-0.004167373051346986,-0.004025323675728186,0.004288566020441018,-0.0041676412500909485,0.0,0.0,0.0,0.0,0.0,0.0,0.0,0.0,2.8353240129414033e-15,2.429780858480567e-13,0.0009999995556602347
0,0.7853981633974483,2,1,7,0.6599781672969381,-0.0018689044106092814,-0.518345640477429,0.00146783409165792,0.023181718126369186,0.0,0.0,0.0,0.0,0.0,0.0,0.0,0.0,0.004288566020440078,-0.00416764125009053,0.004167373051346459,0.004025323675727022,0.004167373051346478,0.004025323675727034,-0.003770408018142637,0.004159045878563813,2.8353240129414033e-15,2.429780858480567e-13,0.0009999995556602347
1,0.4534498410585544,3,4,0,0.03371130133054079,0.0063652601472992355,0.015286384230210753,0.002886326202089189,40.65816504643134,7.641308868113787,-7.184419723287935,7.191570953316948,7.179666109187634,7.191570953318007,7.179666109186307,-6.732392118465775,7.184348482360368,0.0,0.0,0.0,0.0,0.0,0.0,0.0,0.0,1.6273242682494142e-13,1.8829893132171252e-11,0.04469900725392384
1,0.4534498410585544,3,2,1,0.0337113013305379,0.006365260147307097,-0.015286384230209445,-0.002886326202092754,40.65816504643044,0.0,0.0,0.0,0.0,0.0,0.0,0.0,0.0,-6.732392118465672,7.184348482360149,-7.191570953316741,-7.1796661091875285,-7.1915709533177745,-7.179666109186216,7.6413088681136925,-7.1844197232877125,1.6273242682494142e-13,1.8829893132171252e-11,0.04469900725392384
1,0.4534498410585544,3,2,2,1.2689556162999183,0.0006386293418960123,-0.5754077225215579,-0.00028958637357807596,2.1218125165299977,0.0,0.0,0.0,0.0,0.0,0.0,0.0,0.0,-0.36817086592053627,0.3584142765164795,-0.3577199849145072,-0.3915053033972956,-0.35771998491457047,-0.39150530339732187,0.41555439711854136,-0.3562419680494735,1.6273242682494142e-13,1.8829893132171252e-11,0.04469900725392384
1,0.4534498410585544,3,4,3,1.2689556162999103,0.0006386293419195152,0.5754077225215543,0.00028958637358873334,2.1218125165231987,0.4155543971177673,-0.3562419680477915,0.357719984912821,0.3915053033966147,0.35771998491289453,0.39150530339646755,-0.3681708659197779,0.3584142765147983,0.0,0.0,0.0,0.0,0.0,0.0,0.0,0.0,1.6273242682494142e-13,1.8829893132171252e-11,0.04469900725392384
1,0.4534498410585544,3,2,4,1.2658965943253304,-0.00030118879401462746,-0.5740206094933864,0.0001365740107745505,1.9243031418466598,0.0,0.0,0.0,0.0,0.0,0.0,0.0,0.0,0.3582426094600411,-0.3436225559307108,0.3437429425914625,0.3363913107978466,0.34374294259130544,0.3363913107979853,-0.3152268245514307,0.3431898598179622,1.6273242682494142e-13,1.8829893132171252e-11,0.04469900725392384
1,0.4534498410585544,3,4,5,1.2658965943253244,-0.0003011887939837086,0.5740206094933836,-0.00013657401076053036,1.9243031418374859,-0.3152268245512586,0.34318985981491446,-0.3437429425883269,-0.33639131079777074,-0.3437429425883591,-0.33639131079771284,0.3582426094598715,-0.3436225559276765,0.0,0.0,0.0,0.0,0.0,0.0,0.0,0.0,1.6273242682494142e-13,1.8829893132171252e-11,0.04469900725392384
1,0.4534498410585544,3,4,6,1.2816667872829979,0.012100483983199744,0.5811716009835034,0.005486962538913507,0.08059291737617717,-0.0074673486868008605,-0.01940274116887016,0.01856076594171408,-0.007826005756040505,0.01856076594171087,-0.007826005756052516,0.0081475256785336,0.01773440558892287,0.0,0.0,0.0,0.0,0.0,0.0,0.0,0.0,1.6273242682494142e-13,1.8829893132171252e-11,0.04469900725392384
1,0.4534498410585544,3,2,7,1.281666787282981,0.012100483983236827,-0.5811716009834957,-0.005486962538930323,0.08059291737560967,0.0,0.0,0.0,0.0,0.0,0.0,0.0,0.0,0.008147525678636712,0.017734405588717594,-0.018560765941508146,0.007826005756156933,-0.01856076594151037,0.007826005756169348,-0.007467348686931314,-0.01940274116866979,1.6273242682494142e-13,1.8829893132171252e-11,0.04469900725392384
1,0.4534498410585544,3,4,8,2.563527310298305,0.0063701959875349014,1.16243105140403,0.0028885643580595422,8.51136225954288e-5,1.6158554105110526e-5,-1.4865353363921975e-5,1.4890810325268879e-5,1.5192372565923585e-5,1.4890810325253425e-5,1.5192372565923043e-5,-1.4255942232890096e-5,1.4885852790262068e-5,0.0,0.0,0.0,0.0,0.0,0.0,0.0,0.0,1.6273242682494142e-13,1.8829893132171252e-11,0.04469900725392384
1,0.4534498410585544,3,2,9,2.5635273102983036,0.006370195987533989,-1.1624310514040292,-0.0028885643580591285,8.511362259530816e-5,0.0,0.0,0.0,0.0,0.0,0.0,0.0,0.0,-1.4255942232558964e-5,1.4885852790536136e-5,-1.4890810325556628e-5,-1.5192372565589929e-5,-1.4890810325557439e-5,-1.5192372565592178e-5,1.61585541047779e-5,-1.4865353364240459e-5,1.6273242682494142e-13,1.8829893132171252e-11,0.04469900725392384
1,0.4534498410585544,3,2,10,2.5680835796754526,0.005737515680605678,-1.1644970910289174,-0.0026016755734416083,5.363183192449997e-5,0.0,0.0,0.0,0.0,0.0,0.0,0.0,0.0,9.785589264866828e-6,-9.780183902342862e-6,9.771023517829406e-6,9.176636152450553e-6,9.771023517839933e-6,9.176636152462208e-6,-8.587206714277595e-6,9.743490337345117e-6,1.6273242682494142e-13,1.8829893132171252e-11,0.04469900725392384
1,0.4534498410585544,3,4,11,2.5680835796754513,0.005737515680613239,1.1644970910289167,0.0026016755734450366,5.3631831924350117e-5,-8.587206714268698e-6,9.743490337282645e-6,-9.771023517784891e-6,-9.176636152466415e-6,-9.771023517776654e-6,-9.176636152450933e-6,9.785589264881705e-6,-9.780183902297327e-6,0.0,0.0,0.0,0.0,0.0,0.0,0.0,0.0,1.6273242682494142e-13,1.8829893132171252e-11,0.04469900725392384
1,0.4534498410585544,3,2,12,2.56871807848393,0.006372725969606125,-1.1647848044127733,-0.0028897115780276194,2.677424568075391e-5,0.0,0.0,0.0,0.0,0.0,0.0,0.0,0.0,-4.2756970260320776e-6,4.8740529030729215e-6,-4.888476991798379e-6,-4.569921279636425e-6,-4.888476991796922e-6,-4.569921279653293e-6,4.87391333763663e-6,-4.893751470160904e-6,1.6273242682494142e-13,1.8829893132171252e-11,0.04469900725392384
1,0.4534498410585544,3,4,13,2.568718078483938,0.006372725969617506,1.164784804412777,0.00288971157803278,2.67742456805907e-5,4.873913337554657e-6,-4.8937514701743685e-6,4.888476991820702e-6,4.5699212795498555e-6,4.888476991818025e-6,4.569921279574225e-6,-4.275697025947942e-6,4.874052903102149e-6,0.0,0.0,0.0,0.0,0.0,0.0,0.0,0.0,1.6273242682494142e-13,1.8829893132171252e-11,0.04469900725392384
1,0.4534498410585544,3,2,14,3.8041192609964054,0.000667788497075765,-1.7249772742666054,-0.00030280858785973653,1.3245250762779438e-6,0.0,0.0,0.0,0.0,0.0,0.0,0.0,0.0,-2.289909003217518e-7,2.2459384081747296e-7,-2.2421482072945838e-7,-2.4355875929265136e-7,-2.2421482073108095e-7,-2.4355875929351935e-7,2.5857456034081767e-7,-2.2334823518260207e-7,1.6273242682494142e-13,1.8829893132171252e-11,0.04469900725392384
1,0.4534498410585544,3,4,15,3.8041192609964125,0.0006677884970784451,1.7249772742666087,0.00030280858786095187,1.3245250761851789e-6,2.585745603498927e-7,-2.2334823513745164e-7,2.2421482068664242e-7,2.435587593016471e-7,2.2421482068571148e-7,2.435587593026229e-7,-2.2899090033079974e-7,2.245938407743898e-7,0.0,0.0,0.0,0.0,0.0,0.0,0.0,0.0,1.6273242682494142e-13,1.8829893132171252e-11,0.04469900725392384
1,0.4534498410585544,3,2,16,3.801080571418882,-0.000263844698156707,-1.7235993809606511,0.00011964033644330105,1.266746082601282e-6,0.0,0.0,0.0,0.0,0.0,0.0,0.0,0.0,2.3509018136973906e-7,-2.2696823575511873e-7,2.2700071579617458e-7,2.2070554731858864e-7,2.2700071579661755e-7,2.2070554731888735e-7,-2.067744728345278e-7,2.2659133118346025e-7,1.6273242682494142e-13,1.8829893132171252e-11,0.04469900725392384
1,0.4534498410585544,3,4,17,3.801080571418879,-0.00026384469817902333,1.7235993809606498,-0.0001196403364534204,1.2667460825893795e-6,-2.0677447285370226e-7,2.2659133116371885e-7,-2.2700071577356664e-7,-2.2070554733731342e-7,-2.2700071577459025e-7,-2.2070554733759233e-7,2.3509018138783907e-7,-2.269682357301303e-7,0.0,0.0,0.0,0.0,0.0,0.0,0.0,0.0,1.6273242682494142e-13,1.8829893132171252e-11,0.04469900725392384
1,0.4534498410585544,3,2,18,3.8167744550138014,0.012084327110647724,-1.7307157699823588,-0.005479636207622791,3.7358128011811395e-8,0.0,0.0,0.0,0.0,0.0,0.0,0.0,0.0,5.439146438469941e-9,7.228964667262335e-9,-7.634954689082724e-9,5.375012610083804e-9,-7.634954688982584e-9,5.37501261010085e-9,-5.295598137620838e-9,-8.051679455334979e-9,1.6273242682494142e-13,1.8829893132171252e-11,0.04469900725392384
1,0.4534498410585544,3,4,19,3.8167744550137983,0.012084327110642647,1.7307157699823574,0.005479636207620488,3.735812801084975e-8,-5.295598137951353e-9,-8.051679454542983e-9,7.634954688128965e-9,-5.375012610212374e-9,7.634954688785031e-9,-5.3750126107851556e-9,5.439146438959209e-9,7.2289646668841005e-9,0.0,0.0,0.0,0.0,0.0,0.0,0.0,0.0,1.6273242682494142e-13,1.8829893132171252e-11,0.04469900725392384
1,0.4534498410585544,3,4,20,5.103998497023052,0.006378285254608792,2.3144073072382034,0.002892232434928478,3.4609818296871697e-16,6.230641546830004e-17,6.394524823843991e-17,-6.001509577653923e-17,6.229722614758077e-17,-6.001513831071588e-17,6.229721540936935e-17,-6.216787256577205e-17,-5.620945970056405e-17,0.0,0.0,0.0,0.0,0.0,0.0,0.0,0.0,1.6273242682494142e-13,1.8829893132171252e-11,0.04469900725392384
1,0.4534498410585544,3,2,21,5.103998497023051,0.0063782852546028414,-2.314407307238203,-0.0028922324349257796,3.46098097761634e-16,0.0,0.0,0.0,0.0,0.0,0.0,0.0,0.0,-6.21677867079898e-17,-5.620952548902035e-17,6.001519693157648e-17,-6.229710020889942e-17,6.001522845957629e-17,-6.229709795698044e-17,6.230625385027345e-17,6.394537348274103e-17,1.6273242682494142e-13,1.8829893132171252e-11,0.04469900725392384
1,0.4534498410585544,3,2,22,1.2792440639960025,0.013039550721097179,-0.5800730174940866,-0.005912782201956474,1.2560841021446787e-22,0.0,0.0,0.0,0.0,0.0,0.0,0.0,0.0,-2.1305295217503067e-23,2.006168376355227e-23,-2.0123250709499312e-23,-2.3904111354917905e-23,-2.015281046940595e-23,-2.4186936704943525e-23,2.698162582082537e-23,-2.0049380577875505e-23,1.6273242682494142e-13,1.8829893132171252e-11,0.04469900725392384
1,0.4534498410585544,3,4,23,1.2792440639960017,0.01303955072109713,0.5800730174940861,0.0059127822019564525,9.175951700502192e-23,2.2257673500928318e-23,-1.1004727451145374e-23,1.1185058404310003e-23,2.0298838657801614e-23,1.1315952017445325e-23,1.959769385181827e-23,-1.7805500712903864e-23,1.1364950253973752e-23,0.0,0.0,0.0,0.0,0.0,0.0,0.0,0.0,1.6273242682494142e-13,1.8829893132171252e-11,0.04469900725392384
1,0.4534498410585544,3,2,24,2.569352576053374,0.007006005031848657,-1.1650725172347898,-0.0031768718681472055,3.81767634769776e-26,0.0,0.0,0.0,0.0,0.0,0.0,0.0,0.0,3.385293233491289e-27,8.98310509041747e-27,-9.011464151141992e-27,1.4461396594281154e-27,-9.845630064099163e-27,1.5746700253353361e-27,4.044471427024733e-28,-9.470798411246906e-27,1.6273242682494142e-13,1.8829893132171252e-11,0.04469900725392384
1,0.4534498410585544,3,4,25,2.569352576053372,0.007006005031840263,1.1650725172347889,0.0031768718681433996,1.7234356142977636e-26,2.910858980751017e-27,-3.0264149680193744e-27,3.652501584959567e-27,2.479784876006513e-27,3.593316321263993e-27,2.178921292397689e-27,-1.6207408478960356e-27,4.1101718289776906e-27,0.0,0.0,0.0,0.0,0.0,0.0,0.0,0.0,1.6273242682494142e-13,1.8829893132171252e-11,0.04469900725392384
1,0.4534498410585544,3,2,26,2.5717237802037696,0.0063722120364930745,-1.166147739379904,-0.002889478535139192,3.278587880002778e-27,0.0,0.0,0.0,0.0,0.0,0.0,0.0,0.0,4.3638096355604e-28,-7.132696686001206e-28,6.904287349611983e-28,4.432407228342688e-28,6.837819056531379e-28,4.501805442961063e-28,-4.5615111459024705e-28,6.6120853013053055e-28,1.6273242682494142e-13,1.8829893132171252e-11,0.04469900725392384
1,0.4534498410585544,3,4,27,2.5717237802037705,0.006372212036492492,1.1661477393799045,0.0028894785351389275,2.8603184100804738e-27,-8.81548141293226e-29,6.907610088410357e-28,-7.1340166127224735e-28,-6.41381697865273e-29,-7.0954014762632775e-28,-7.632279055318989e-29,5.125645963257807e-29,-7.322509712547116e-28,0.0,0.0,0.0,0.0,0.0,0.0,0.0,0.0,1.6273242682494142e-13,1.8829893132171252e-11,0.04469900725392384
1,0.4534498410585544,3,2,28,3.8143663608523455,0.013015234277614213,-1.7296238200675926,-0.0059017559145240145,2.2536970679551043e-27,0.0,0.0,0.0,0.0,0.0,0.0,0.0,0.0,-2.4354885537513339e-29,5.821445657054765e-28,-4.77700936428684e-28,-1.0620270532480925e-28,-6.0127136834611035e-28,-2.2575531158243074e-28,2.7554301682478514e-28,-4.6373857185021695e-28,1.6273242682494142e-13,1.8829893132171252e-11,0.04469900725392384
1,0.4534498410585544,3,4,29,3.814366360852337,0.013015234277610234,1.7296238200675889,0.0059017559145222095,4.154590074557133e-28,1.0297578184642338e-28,-2.477300785022237e-29,1.3853701332795317e-28,7.289499701839079e-29,2.5282554100338264e-29,5.632898101850303e-29,-2.6843698426228953e-29,8.722071526900301e-29,0.0,0.0,0.0,0.0,0.0,0.0,0.0,0.0,1.6273242682494142e-13,1.8829893132171252e-11,0.04469900725392384
2,0.2617993877991494,4,5,0,0.28441386487523435,0.006317019765662098,0.07445937570592635,0.0016537919073654635,21.32044750273392,4.087623711299767,-3.6797229735233445,3.6887148374458225,3.845684124724839,3.6887148374072516,3.8456841247229536,-3.6111142690857445,3.6900079633505487,0.0,0.0,0.0,0.0,0.0,0.0,0.0,0.0,1.2319656051001428e-12,1.2519148555035408e-10,0.04469900725389242
2,0.2617993877991494,4,3,1,0.2844138648752681,0.006317019765475261,-0.0744593757059352,-0.0016537919073165497,21.320447502013035,0.0,0.0,0.0,0.0,0.0,0.0,0.0,0.0,-3.611114268849024,3.690007963336875,-3.6887148374146252,-3.8456841244799707,-3.688714837411757,-3.8456841244940674,4.087623711062758,-3.6797229735098678,1.2319656051001428e-12,1.2519148555035408e-10,0.04469900725389242
2,0.2617993877991494,4,5,2,0.272048304695764,-0.006041426288024029,0.07122207962114749,-0.0015816417036383784,20.398794716352885,-3.2958205202960382,3.6795456693226334,-3.688215183356423,-3.520086155485699,-3.68821518331688,-3.5200861554853837,3.7517211735008846,-3.689837155658066,0.0,0.0,0.0,0.0,0.0,0.0,0.0,0.0,1.2319656051001428e-12,1.2519148555035408e-10,0.04469900725389242
2,0.2617993877991494,4,3,3,0.27204830469562213,-0.006041426287982958,-0.07122207962111034,0.001581641703627626,20.398794715666412,0.0,0.0,0.0,0.0,0.0,0.0,0.0,0.0,3.7517211732608127,-3.689837155649876,3.688215183330598,3.5200861552373093,3.688215183326472,3.5200861552537615,-3.2958205200561195,3.679545669314125,1.2319656051001428e-12,1.2519148555035408e-10,0.04469900725389242
2,0.2617993877991494,4,5,4,2.4017519190393033,0.00042591013982547395,0.6287771820499218,0.0001115030138637592,1.4314869741992142,0.2717583918159791,-0.2500189040014856,0.2504467333266476,0.25550861926786705,0.2504467333090821,0.25550861933599545,-0.2397592287397704,0.2503630450159803,0.0,0.0,0.0,0.0,0.0,0.0,0.0,0.0,1.2319656051001428e-12,1.2519148555035408e-10,0.04469900725389242
2,0.2617993877991494,4,3,5,2.40175191903868,0.0004259101389783356,-0.6287771820497586,-0.00011150301364197891,1.4314869737112024,0.0,0.0,0.0,0.0,0.0,0.0,0.0,0.0,-0.23975922808935837,0.2503630455045734,-0.2504467337954155,-0.2555086186114115,-0.2504467338189004,-0.25550861869261465,0.2717583911655799,-0.25001890449018166,1.2319656051001428e-12,1.2519148555035408e-10,0.04469900725389242
2,0.2617993877991494,4,5,6,2.400908682164017,-0.0004169155066921903,0.6285564231522023,-0.00010914822441598759,1.4011528797310684,-0.2293794791868641,0.2500247318165935,-0.25043659227637793,-0.24478984527452935,-0.2504365922588488,-0.2447898453435729,0.2607005945386085,-0.25035837264721006,0.0,0.0,0.0,0.0,0.0,0.0,0.0,0.0,1.2319656051001428e-12,1.2519148555035408e-10,0.04469900725389242
2,0.2617993877991494,4,3,7,2.4009086821646424,-0.00041691550674612284,-0.6285564231523659,0.0001091482244301071,1.401152879330914,0.0,0.0,0.0,0.0,0.0,0.0,0.0,0.0,0.2607005938850969,-0.25035837314547615,0.25043659275458585,0.24478984461541692,0.25043659277842506,0.24478984469674617,-0.22937947853343765,0.25002473231481,1.2319656051001428e-12,1.2519148555035408e-10,0.04469900725389242
2,0.2617993877991494,4,5,8,0.8432402245532364,0.005529433103605512,0.22075977455565457,0.0014476022014002737,0.09726688672450998,0.018876085103372027,-0.016530891748798224,0.016587000373321788,0.01777298660916515,0.016587000373135558,0.01777298660927702,-0.016703026536712108,0.016607529886024073,0.0,0.0,0.0,0.0,0.0,0.0,0.0,0.0,1.2319656051001428e-12,1.2519148555035408e-10,0.04469900725389242
2,0.2617993877991494,4,3,9,0.8432402245533673,0.005529433103549053,-0.22075977455568885,-0.0014476022013854928,0.09726688672069517,0.0,0.0,0.0,0.0,0.0,0.0,0.0,0.0,-0.016703026535630397,0.016607529885771632,-0.016587000372951678,-0.017772986608035043,-0.016587000373005083,-0.017772986608264995,0.018876085102312867,-0.016530891748547268,1.2319656051001428e-12,1.2519148555035408e-10,0.04469900725389242
2,0.2617993877991494,4,5,10,0.8329069557630457,-0.004799473336140728,0.2180545311124186,-0.0012564991811599838,0.09021028725774127,-0.014289825649503707,0.0165233705936523,-0.016578964302663143,-0.015280785807572679,-0.016578964302531134,-0.015280785807829296,0.016304873299806746,-0.016603963312596632,0.0,0.0,0.0,0.0,0.0,0.0,0.0,0.0,1.2319656051001428e-12,1.2519148555035408e-10,0.04469900725389242
2,0.2617993877991494,4,3,11,0.8329069557628063,-0.004799473336131391,-0.2180545311123559,0.0012564991811575394,0.0902102872536462,0.0,0.0,0.0,0.0,0.0,0.0,0.0,0.0,0.016304873299277003,-0.016603963311679244,0.01657896430166974,0.01528078580703354,0.01657896430171076,0.015280785807314496,-0.014289825648980504,0.016523370592754456,1.2319656051001428e-12,1.2519148555035408e-10,0.04469900725389242
2,0.2617993877991494,4,3,12,2.981590704192443,0.0006051376046578658,-0.7805786210252164,-0.00015842465443367297,0.0008368864915928944,0.0,0.0,0.0,0.0,0.0,0.0,0.0,0.0,-0.00014091603708548374,0.00014565080873770304,-0.0001456526771961125,-0.00015012369195586343,-0.00014565267719175517,-0.0001501236919740864,0.0001596223516611854,-0.00014535400726165042,1.2319656051001428e-12,1.2519148555035408e-10,0.04469900725389242
2,0.2617993877991494,4,5,13,2.9815907041922136,0.000605137604921516,0.7805786210251563,0.00015842465450269645,0.0008368864908814907,0.00015962235141899958,-0.0001453540072557009,0.0001456526772206386,0.00015012369170416852,0.00014565267715530486,0.0001501236917418507,-0.00014091603684375167,0.00014565080873127402,0.0,0.0,0.0,0.0,0.0,0.0,0.0,0.0,1.2319656051001428e-12,1.2519148555035408e-10,0.04469900725389242
2,0.2617993877991494,4,3,14,2.980888916763116,-9.637202936114628e-5,-0.7803948935058533,2.5230138287709748e-5,0.0008088407608768133,0.0,0.0,0.0,0.0,0.0,0.0,0.0,0.0,0.0001493993092290992,-0.00014565534375811782,0.00014563119126563862,0.0001402144631345664,0.00014563119125709552,0.00014021446316155546,-0.0001313205987305613,0.00014532631885689936,1.2319656051001428e-12,1.2519148555035408e-10,0.04469900725389242
2,0.2617993877991494,4,5,15,2.980888916763363,-9.637202958504704e-5,0.7803948935059182,-2.523013834632683e-5,0.00080884076021727,-0.00013132059847737146,0.00014532631887122303,-0.0001456311913093022,-0.0001402144628700445,-0.00014563119124386004,-0.00014021446291915876,0.00014939930897536492,-0.00014565534377377473,0.0,0.0,0.0,0.0,0.0,0.0,0.0,0.0,1.2319656051001428e-12,1.2519148555035408e-10,0.04469900725389242
2,0.2617993877991494,4,3,16,2.9472876306109668,0.010972522135691694,-0.7715980973619567,-0.002872599577736701,0.0007742434339199785,0.0,0.0,0.0,0.0,0.0,0.0,0.0,0.0,-0.0001178203129856231,0.00014584708652847368,-0.0001466091508318905,-0.00012630459609913074,-0.00014660915083323543,-0.00012630459609854185,0.000135081844611624,-0.000147118312979004,1.2319656051001428e-12,1.2519148555035408e-10,0.04469900725389242
2,0.2617993877991494,4,5,17,2.947287630610532,0.010972522131553765,0.7715980973618429,0.0028725995766533934,0.0007742434338674105,0.00013508184461669527,-0.00014711831295557873,0.00014660915080883945,0.00012630459610595669,0.00014660915081010428,0.00012630459610507504,-0.00011782031299383389,0.00014584708650580542,0.0,0.0,0.0,0.0,0.0,0.0,0.0,0.0,1.2319656051001428e-12,1.2519148555035408e-10,0.04469900725389242
2,0.2617993877991494,4,5,18,2.9248330947985246,-0.010372865718218847,0.7657195136329452,-0.0027156098947524786,0.0005332725819158764,-0.00010535687440374039,7.467572790380947e-5,-7.359580427103278e-5,-0.00011112384370603796,-7.359580427001825e-5,-0.00011112384370440219,0.00011703778222055254,-7.229348598061669e-5,0.0,0.0,0.0,0.0,0.0,0.0,0.0,0.0,1.2319656051001428e-12,1.2519148555035408e-10,0.04469900725389242
2,0.2617993877991494,4,3,19,2.924833094797749,-0.01037286571826467,-0.7657195136327422,0.0027156098947644747,0.0005332725818630003,0.0,0.0,0.0,0.0,0.0,0.0,0.0,0.0,0.00011703778222041,-7.229348595535135e-5,7.359580424671895e-5,0.0001111238437062549,7.35958042453155e-5,0.0001111238437049367,-0.00010535687440460417,7.467572788004339e-5,1.2319656051001428e-12,1.2519148555035408e-10,0.04469900725389242
2,0.2617993877991494,4,5,20,2.934265856449205,-0.00039559034296610986,0.7681890048583486,-0.00010356530960778311,0.0004386924824929386,-4.567045532902324e-5,9.59160504604441e-5,-9.745583020983376e-5,-5.0244872509683835e-5,-9.745583020151075e-5,-5.0244872523315766e-5,5.501410067981312e-5,-9.889492539471456e-5,0.0,0.0,0.0,0.0,0.0,0.0,0.0,0.0,1.2319656051001428e-12,1.2519148555035408e-10,0.04469900725389242
2,0.2617993877991494,4,3,21,2.9342658564495268,-0.0003955903429911801,-0.7681890048584329,0.00010356530961434648,0.00043869248242471033,0.0,0.0,0.0,0.0,0.0,0.0,0.0,0.0,5.501410066034868e-5,-9.889492538567947e-5,9.745583020209588e-5,5.024487249104999e-5,9.74558301911895e-5,5.024487250253477e-5,-4.5670455309106533e-5,9.591605045136766e-5,1.2319656051001428e-12,1.2519148555035408e-10,0.04469900725389242
2,0.2617993877991494,4,5,22,2.9344646232000193,0.0009008925515389329,0.7682410418720267,0.0002358531184657063,0.0002360898659533183,5.618581233658071e-5,-2.3500995341682354e-5,2.4480259948791445e-5,5.369011600443432e-5,2.4480259946444777e-5,5.369011600722434e-5,-5.124327276559868e-5,2.535209546835468e-5,0.0,0.0,0.0,0.0,0.0,0.0,0.0,0.0,1.2319656051001428e-12,1.2519148555035408e-10,0.04469900725389242
2,0.2617993877991494,4,3,23,2.9344646232003617,0.000900892549888066,-0.7682410418721164,-0.00023585311803351035,0.00023608986583432338,0.0,0.0,0.0,0.0,0.0,0.0,0.0,0.0,-5.1243272762886114e-5,2.5352095404929146e-5,-2.4480259884782205e-5,-5.369011600198833e-5,-2.4480259880214926e-5,-5.3690116003618084e-5,5.6185812333241294e-5,-2.3500995274772356e-5,1.2319656051001428e-12,1.2519148555035408e-10,0.04469900725389242
2,0.2617993877991494,4,5,24,5.084032686626646,0.006237663781571886,1.3309966449097208,0.001633016559312447,1.7250988384133157e-5,3.3406965487553597e-6,-2.93997723806975e-6,2.9494544121841963e-6,3.1450304851075434e-6,2.9494544122828604e-6,3.1450304848316665e-6,-2.9552570340460575e-6,2.9526356328111132e-6,0.0,0.0,0.0,0.0,0.0,0.0,0.0,0.0,1.2319656051001428e-12,1.2519148555035408e-10,0.04469900725389242
2,0.2617993877991494,4,3,25,5.084032686626546,0.006237663781586586,-1.3309966449096946,-0.0016330165593162955,1.725098838211425e-5,0.0,0.0,0.0,0.0,0.0,0.0,0.0,0.0,-2.9552570340439446e-6,2.952635632010516e-6,-2.9494544115074416e-6,-3.145030485065776e-6,-2.9494544115571658e-6,-3.1450304848016544e-6,3.3406965486916983e-6,-2.939977237476325e-6,1.2319656051001428e-12,1.2519148555035408e-10,0.04469900725389242
2,0.2617993877991494,4,3,26,5.071839837251977,-0.005948192682214156,-1.327804564407905,0.0015572332027150467,1.6125288966020128e-5,0.0,0.0,0.0,0.0,0.0,0.0,0.0,0.0,2.9312854614038766e-6,-2.95145046828736e-6,2.9480180826492733e-6,2.7482051888248373e-6,2.9480180823409017e-6,2.7482051890867204e-6,-2.5710154503711342e-6,2.9390833957873548e-6,1.2319656051001428e-12,1.2519148555035408e-10,0.04469900725389242
2,0.2617993877991494,4,5,27,5.07183983725208,-0.0059481926820538576,1.3278045644079322,-0.0015572332026730805,1.612528895849002e-5,-2.571015448443624e-6,2.9390833949196818e-6,-2.948018081851813e-6,-2.7482051868883116e-6,-2.948018081660103e-6,-2.7482051870841685e-6,2.9312854593997065e-6,-2.951450467683606e-6,0.0,0.0,0.0,0.0,0.0,0.0,0.0,0.0,1.2319656051001428e-12,1.2519148555035408e-10,0.04469900725389242
2,0.2617993877991494,4,3,28,5.0883108838655815,0.005260993187776694,-1.3321166743277582,-0.001377324795775434,1.285598113014237e-5,0.0,0.0,0.0,0.0,0.0,0.0,0.0,0.0,2.1572981973545555e-6,-2.5188207618328292e-6,2.505339511635981e-6,2.0119345250616254e-6,2.505339511772798e-6,2.0119345254658067e-6,-1.8715775033109096e-6,2.4878293858834383e-6,1.2319656051001428e-12,1.2519148555035408e-10,0.04469900725389242
2,0.2617993877991494,4,5,29,5.088310883865377,0.005260993187625318,1.3321166743277046,0.001377324795735804,1.2855981123309349e-5,-1.871577501292779e-6,2.487829385296215e-6,-2.5053395113201592e-6,-2.011934523080949e-6,-2.505339510970583e-6,-2.0119345233822483e-6,2.157298195310485e-6,-2.5188207613005075e-6,0.0,0.0,0.0,0.0,0.0,0.0,0.0,0.0,1.2319656051001428e-12,1.2519148555035408e-10,0.04469900725389242
2,0.2617993877991494,4,3,30,5.07697564503389,-0.004873393825565776,-1.3291491157410642,0.0012758515200372747,9.496177610008235e-6,0.0,0.0,0.0,0.0,0.0,0.0,0.0,0.0,-1.9229091143473213e-6,1.2611840724285647e-6,-1.2382588185939363e-6,-2.024842475136907e-6,-1.2382588186102027e-6,-2.0248424753554117e-6,2.1292483016262153e-6,-1.211281407359298e-6,1.2319656051001428e-12,1.2519148555035408e-10,0.04469900725389242
2,0.2617993877991494,4,5,31,5.076975645033876,-0.004873393825552816,1.3291491157410604,-0.001275851520033882,9.496177606333573e-6,2.1292483013585068e-6,-1.2112814060463209e-6,1.2382588173334348e-6,2.0248424749332226e-6,1.2382588172344376e-6,2.0248424750157333e-6,-1.9229091140747927e-6,1.2611840711049167e-6,0.0,0.0,0.0,0.0,0.0,0.0,0.0,0.0,1.2319656051001428e-12,1.2519148555035408e-10,0.04469900725389242
2,0.2617993877991494,4,3,32,5.087261872389162,0.0059649515160971524,-1.331842043765437,-0.0015616206551658427,7.721926334547173e-6,0.0,0.0,0.0,0.0,0.0,0.0,0.0,0.0,-8.315941511948787e-7,1.6748591583606905e-6,-1.7006328061290928e-6,-9.125491327310959e-7,-1.7006328061831417e-6,-9.125491328703274e-7,9.969035515054633e-7,-1.7245779562524898e-6,1.2319656051001428e-12,1.2519148555035408e-10,0.04469900725389242
2,0.2617993877991494,4,5,33,5.087261872389121,0.005964951516176124,1.3318420437654264,0.0015616206551865173,7.721926326035014e-6,9.969035501973156e-7,-1.7245779546167072e-6,1.700632804692789e-6,9.125491315587552e-7,1.7006328041589706e-6,9.125491314842445e-7,-8.315941499518091e-7,1.6748591565413046e-6,0.0,0.0,0.0,0.0,0.0,0.0,0.0,0.0,1.2319656051001428e-12,1.2519148555035408e-10,0.04469900725389242
2,0.2617993877991494,4,3,34,5.0743275568277255,-0.005767856211243921,-1.328455847869852,0.0015100212250171799,4.048132505475071e-6,0.0,0.0,0.0,0.0,0.0,0.0,0.0,0.0,9.568259293888934e-7,-4.1831877748626426e-7,4.344232276045462e-7,9.137702000078059e-7,4.3442322778033493e-7,9.137702002092476e-7,-8.715814888781309e-7,4.4869927048033935e-7,1.2319656051001428e-12,1.2519148555035408e-10,0.04469900725389242
2,0.2617993877991494,4,5,35,5.0743275568276704,-0.005767856211303289,1.3284558478698376,-0.0015100212250327223,4.0481325051642786e-6,-8.715814882070113e-7,4.486992716560678e-7,-4.344232288686576e-7,-9.13770199330971e-7,-4.344232288841425e-7,-9.137701995889036e-7,9.568259287623247e-7,-4.183187786761985e-7,0.0,0.0,0.0,0.0,0.0,0.0,0.0,0.0,1.2319656051001428e-12,1.2519148555035408e-10,0.04469900725389242
2,0.2617993877991494,4,3,36,7.204442709145246,0.0004325914965635728,-1.8861186906882708,-0.00011325218896746119,3.7039751640486944e-7,0.0,0.0,0.0,0.0,0.0,0.0,0.0,0.0,-6.220624954231181e-8,6.461969409754304e-8,-6.46307351212746e-8,-6.628144980273303e-8,-6.463073510319467e-8,-6.628144981417734e-8,7.048577885277177e-8,-6.450908409817583e-8,1.2319656051001428e-12,1.2519148555035408e-10,0.04469900725389242
2,0.2617993877991494,4,5,37,7.204442709145862,0.00043259149753894013,1.8861186906884322,0.00011325218922281177,3.703975161860671e-7,7.048577877791093e-8,-6.450908410062754e-8,6.463073512068769e-8,6.628144973026675e-8,6.463073510165135e-8,6.628144973583185e-8,-6.220624946661057e-8,6.461969409300481e-8,0.0,0.0,0.0,0.0,0.0,0.0,0.0,0.0,1.2319656051001428e-12,1.2519148555035408e-10,0.04469900725389242
2,0.2617993877991494,4,3,38,7.203603941791352,-0.0004057641364098863,-1.8858991019085154,0.00010622880250295878,3.6073231292654176e-7,0.0,0.0,0.0,0.0,0.0,0.0,0.0,0.0,6.696242668788768e-8,-6.461776250859342e-8,6.462800097999798e-8,6.2866105104816e-8,6.462800096038408e-8,6.286610509114134e-8,-5.8898913648097425e-8,6.451237809132562e-8,1.2319656051001428e-12,1.2519148555035408e-10,0.04469900725389242
2,0.2617993877991494,4,5,39,7.203603941791103,-0.0004057641361705968,1.8858991019084503,-0.00010622880244031294,3.6073231279609487e-7,-5.8898913677733037e-8,6.451237801922116e-8,-6.462800090374354e-8,-6.286610513870779e-8,-6.462800088930761e-8,-6.286610511511422e-8,6.696242671612112e-8,-6.461776243337051e-8,0.0,0.0,0.0,0.0,0.0,0.0,0.0,0.0,1.2319656051001428e-12,1.2519148555035408e-10,0.04469900725389242
2,0.2617993877991494,4,5,40,5.642394837945121,0.00558843547700367,1.4771755142951135,0.0014630489866346084,1.932606192913129e-8,3.820518316214741e-9,-3.2028376020231793e-9,3.2187132223703223e-9,3.6016341298410036e-9,3.218713228914814e-9,3.6016341241689992e-9,-3.3891801542130316e-9,3.2273791508230482e-9,0.0,0.0,0.0,0.0,0.0,0.0,0.0,0.0,1.2319656051001428e-12,1.2519148555035408e-10,0.04469900725389242
2,0.2617993877991494,4,3,41,5.642394837945133,0.005588435476916264,-1.4771755142951166,-0.0014630489866117255,1.9326061879931767e-8,0.0,0.0,0.0,0.0,0.0,0.0,0.0,0.0,-3.3891801733376976e-9,3.2273791105050567e-9,-3.218713183426151e-9,-3.6016341490736853e-9,-3.21871318872524e-9,-3.6016341425852396e-9,3.8205183348535374e-9,-3.202837563311236e-9,1.2319656051001428e-12,1.2519148555035408e-10,0.04469900725389242
2,0.2617993877991494,4,3,42,5.6319557703193315,-0.004846165902157909,-1.4744425727814878,0.001268723266358053,1.7115820350937024e-8,0.0,0.0,0.0,0.0,0.0,0.0,0.0,0.0,3.0179442950540362e-9,-3.222826143485574e-9,3.2134740654686597e-9,2.8238088886064763e-9,3.213474061679655e-9,2.8238088939290196e-9,-2.6360947817141523e-9,3.198467944475733e-9,1.2319656051001428e-12,1.2519148555035408e-10,0.04469900725389242
2,0.2617993877991494,4,5,43,5.631955770319438,-0.004846165902078418,1.4744425727815158,-0.0012687232663372427,1.7115820221875494e-8,-2.6360947055132886e-9,3.1984679645514666e-9,-3.213474091475599e-9,-2.8238088119493502e-9,-3.213474085335572e-9,-2.823808816251093e-9,3.0179442171227186e-9,-3.2228261732804935e-9,0.0,0.0,0.0,0.0,0.0,0.0,0.0,0.0,1.2319656051001428e-12,1.2519148555035408e-10,0.04469900725389242
2,0.2617993877991494,4,3,44,5.646867172321425,0.004584835459662593,-1.478346368696863,-0.0012003071164994987,1.4301264216457703e-8,0.0,0.0,0.0,0.0,0.0,0.0,0.0,0.0,2.4826823886219813e-9,-2.7288435430543225e-9,2.7186974417378203e-9,2.3206001041584864e-9,2.7186974417430713e-9,2.3206001085869546e-9,-2.163950572460401e-9,2.703904707510735e-9,1.2319656051001428e-12,1.2519148555035408e-10,0.04469900725389242
2,0.2617993877991494,4,5,45,5.646867172321199,0.00458483545941714,1.478346368696804,0.0012003071164352393,1.4301264208892026e-8,-2.163950566873878e-9,2.703904710131216e-9,-2.7186974431268377e-9,-2.3206000960044112e-9,-2.7186974448297594e-9,-2.320600105691425e-9,2.482682383132035e-9,-2.7288435448699877e-9,0.0,0.0,0.0,0.0,0.0,0.0,0.0,0.0,1.2319656051001428e-12,1.2519148555035408e-10,0.04469900725389242
2,0.2617993877991494,4,5,46,5.637522607028522,-0.0037606742729765713,1.475899967223932,-0.0009845422223772778,9.825753964182662e-9,2.158776377094173e-9,-1.3282886854777074e-9,1.3524735909059626e-9,2.04985160691383e-9,1.352473594217098e-9,2.049851597089572e-9,-1.9436276717787477e-9,1.3725560956609214e-9,0.0,0.0,0.0,0.0,0.0,0.0,0.0,0.0,1.2319656051001428e-12,1.2519148555035408e-10,0.04469900725389242
2,0.2617993877991494,4,3,47,5.637522607028602,-0.003760674273038038,-1.4758999672239528,0.0009845422223933695,9.825753898028598e-9,0.0,0.0,0.0,0.0,0.0,0.0,0.0,0.0,-1.9436276535112348e-9,1.3725560935518836e-9,-1.3524735877766122e-9,-2.049851586413548e-9,-1.3524735926461945e-9,-2.0498515810684323e-9,2.158776358828074e-9,-1.328288682832981e-9,1.2319656051001428e-12,1.2519148555035408e-10,0.04469900725389242
2,0.2617993877991494,4,3,48,5.646061363332818,0.005236556264495125,-1.4781354083969624,-0.0013709272242206246,8.426943943832251e-9,0.0,0.0,0.0,0.0,0.0,0.0,0.0,0.0,-9.435838046475833e-10,1.8094204948029093e-9,-1.835789948401997e-9,-1.0324703950857179e-9,-1.83578994841258e-9,-1.0324703865160413e-9,1.1250264880562092e-9,-1.8600907917143423e-9,1.2319656051001428e-12,1.2519148555035408e-10,0.04469900725389242
2,0.2617993877991494,4,5,49,5.646061363332835,0.005236556264614374,1.478135408396967,0.0013709272242518437,8.426943878844069e-9,1.1250265187308785e-9,-1.860090754201401e-9,1.8357899134185846e-9,1.032470427132822e-9,1.8357899114102223e-9,1.0324704161588541e-9,-9.435838356297363e-10,1.8094204603060896e-9,0.0,0.0,0.0,0.0,0.0,0.0,0.0,0.0,1.2319656051001428e-12,1.2519148555035408e-10,0.04469900725389242
2,0.2617993877991494,4,5,50,5.635253429754293,-0.004571732205843207,1.475305898002731,-0.0011968766926714065,4.17903781741641e-9,-8.874359424565342e-10,4.864142686340506e-10,-4.728123535679367e-10,-9.313568820029938e-10,-4.728123540369858e-10,-9.31356889087825e-10,9.762215897303261e-10,-4.57346781394468e-10,0.0,0.0,0.0,0.0,0.0,0.0,0.0,0.0,1.2319656051001428e-12,1.2519148555035408e-10,0.04469900725389242
2,0.2617993877991494,4,3,51,5.6352534297543215,-0.004571732205740638,-1.4753058980027385,0.001196876692644554,4.179037773231727e-9,0.0,0.0,0.0,0.0,0.0,0.0,0.0,0.0,9.76221587822386e-10,-4.573467597654672e-10,4.728123320945831e-10,9.313568810193646e-10,4.728123326094434e-10,9.313568870633136e-10,-8.874359413618707e-10,4.864142473732134e-10,1.2319656051001428e-12,1.2519148555035408e-10,0.04469900725389242
2,0.2617993877991494,4,5,52,3.517300321661223,0.00011190467230585456,0.9208270709166595,2.929657470153715e-5,7.015328993868294e-10,-1.554394173007738e-10,-6.854967602734137e-11,7.579026166695589e-11,-1.5811309276608855e-10,7.579025629692554e-11,-1.5811309127037514e-10,1.6063487012578796e-10,8.334691614359972e-11,0.0,0.0,0.0,0.0,0.0,0.0,0.0,0.0,1.2319656051001428e-12,1.2519148555035408e-10,0.04469900725389242
2,0.2617993877991494,4,3,53,3.5173003216613137,0.00011190467232282189,-0.9208270709166833,-2.929657470597919e-5,7.015328325898168e-10,0.0,0.0,0.0,0.0,0.0,0.0,0.0,0.0,1.606348591093722e-10,8.334690089258111e-11,-7.579024624766667e-11,1.5811308102034663e-10,-7.57902421040282e-11,1.5811308016768415e-10,-1.5543940549291527e-10,-6.854966168529192e-11,1.2319656051001428e-12,1.2519148555035408e-10,0.04469900725389242
2,0.2617993877991494,4,5,54,3.5180058697840666,0.0008171930776633383,0.9210117829832828,0.00021394064744596474,3.4701190406458366e-10,2.4931210120479624e-11,8.597478467095529e-11,-8.249392678567659e-11,2.677820704346167e-11,-8.249392324798695e-11,2.6778207229281085e-11,-2.8460162910222564e-11,-7.906645669237194e-11,0.0,0.0,0.0,0.0,0.0,0.0,0.0,0.0,1.2319656051001428e-12,1.2519148555035408e-10,0.04469900725389242
2,0.2617993877991494,4,3,55,3.5180058697837686,0.0008171930764074072,-0.9210117829832047,-0.00021394064711716273,3.470118417320691e-10,0.0,0.0,0.0,0.0,0.0,0.0,0.0,0.0,-2.846016719773051e-11,-7.906643909985515e-11,8.249390881951597e-11,-2.6778211881325605e-11,8.249390519912576e-11,-2.677821242150548e-11,2.493121590012679e-11,8.59747662596966e-11,1.2319656051001428e-12,1.2519148555035408e-10,0.04469900725389242
2,0.2617993877991494,4,3,56,7.783494626641712,-0.00015274801325525743,-2.037714128192769,3.9989336357762755e-5,1.774975218029365e-11,0.0,0.0,0.0,0.0,0.0,0.0,0.0,0.0,3.3707517286297595e-12,-3.0989424408064868e-12,3.104317438194983e-12,3.1692641988690197e-12,3.104317368468353e-12,3.16926418224217e-12,-2.973978942388645e-12,3.103347634153566e-12,1.2319656051001428e-12,1.2519148555035408e-10,0.04469900725389242
2,0.2617993877991494,4,5,57,7.783494626641771,-0.00015274801321311406,2.0377141281927846,-3.998933634672964e-5,1.7749750850726652e-11,-2.973979003701255e-12,3.1033470946601267e-12,-3.104316906101188e-12,-3.1692642686885217e-12,-3.104316849530218e-12,-3.169264210456552e-12,3.3707517666038003e-12,-3.098941931044296e-12,0.0,0.0,0.0,0.0,0.0,0.0,0.0,0.0,1.2319656051001428e-12,1.2519148555035408e-10,0.04469900725389242
2,0.2617993877991494,4,3,58,7.749932097791715,0.010950436887047143,-2.0289274786868488,-0.0028668176731621656,1.7614961958929765e-11,0.0,0.0,0.0,0.0,0.0,0.0,0.0,0.0,-2.6732718944461057e-12,3.3240637259389215e-12,-3.3418247522251097e-12,-2.866260967709162e-12,-3.34182475011104e-12,-2.866261015288327e-12,3.065928001043392e-12,-3.353846577826312e-12,1.2319656051001428e-12,1.2519148555035408e-10,0.04469900725389242
2,0.2617993877991494,4,5,59,7.749932097791257,0.010950436882957259,2.028927478686729,0.002866817672091436,1.7614961318290827e-11,3.065928353662499e-12,-3.3538460174164974e-12,3.3418242473854158e-12,2.8662612958396053e-12,3.3418242628302365e-12,2.8662613524930524e-12,-2.673272205543436e-12,3.3240632896546913e-12,0.0,0.0,0.0,0.0,0.0,0.0,0.0,0.0,1.2319656051001428e-12,1.2519148555035408e-10,0.04469900725389242
2,0.2617993877991494,4,3,60,7.784324124820788,0.0006764023179929995,-2.037931290308232,-0.00017708171275649287,1.7300328096317182e-11,0.0,0.0,0.0,0.0,0.0,0.0,0.0,0.0,-2.820171316563884e-12,3.0980969669078207e-12,-3.1039221227278225e-12,-3.0104250843900894e-12,-3.1039221286564053e-12,-3.0104251234525395e-12,3.2068807082051544e-12,-3.1037202346061185e-12,1.2319656051001428e-12,1.2519148555035408e-10,0.04469900725389242
2,0.2617993877991494,4,5,61,7.784324124820786,0.0006764023179692911,2.037931290308231,0.000177081712750286,1.7300327763543038e-11,3.2068797979434227e-12,-3.1037210188679665e-12,3.103922902470745e-12,3.0104241271060378e-12,3.10392290400054e-12,3.0104242394424657e-12,-2.8201703851346543e-12,3.0980977357114814e-12,0.0,0.0,0.0,0.0,0.0,0.0,0.0,0.0,1.2319656051001428e-12,1.2519148555035408e-10,0.04469900725389242
2,0.2617993877991494,4,3,62,7.727542391273708,-0.010336560046936045,-2.023065867227432,0.0027061050922370035,1.2251970518828676e-11,0.0,0.0,0.0,0.0,0.0,0.0,0.0,0.0,2.690528217139834e-12,-1.6583899936483143e-12,1.6884400473989056e-12,2.554683654710108e-12,1.6884399802273578e-12,2.554683619374631e-12,-2.422210822935759e-12,1.7133772952841316e-12,1.2319656051001428e-12,1.2519148555035408e-10,0.04469900725389242
2,0.2617993877991494,4,5,63,7.727542391274499,-0.010336560046891432,2.023065867227639,-0.002706105092225324,1.2251969688166255e-11,-2.42221094536532e-12,1.713376754531345e-12,-1.6884394905115172e-12,-2.554683764577471e-12,-1.688439434338167e-12,-2.5546837402019563e-12,2.6905283253868585e-12,-1.6583894316309838e-12,0.0,0.0,0.0,0.0,0.0,0.0,0.0,0.0,1.2319656051001428e-12,1.2519148555035408e-10,0.04469900725389242
2,0.2617993877991494,4,3,64,7.736950494681922,-0.0003843340962682955,-2.0255289029400534,0.0001006184311133791,9.598391751492087e-12,0.0,0.0,0.0,0.0,0.0,0.0,0.0,0.0,1.0915313411857064e-12,-2.2224624812921662e-12,2.185684177297121e-12,9.889282756459424e-13,2.1856841779461577e-12,9.889282844080689e-13,-8.906946042764805e-13,2.1469236477220565e-12,1.2319656051001428e-12,1.2519148555035408e-10,0.04469900725389242
2,0.2617993877991494,4,5,65,7.736950494681601,-0.000384334096232496,2.0255289029399695,-0.00010061843110400683,9.598391509850965e-12,-8.906941790821832e-13,2.1469237577091953e-12,-2.1856843079670823e-12,-9.889278320222184e-13,-2.18568431681162e-12,-9.889278390761857e-13,1.091530877568194e-12,-2.2224626427957404e-12,0.0,0.0,0.0,0.0,0.0,0.0,0.0,0.0,1.2319656051001428e-12,1.2519148555035408e-10,0.04469900725389242
2,0.2617993877991494,4,5,66,7.737148146479489,0.0009046422488633403,2.025580648059654,0.00023683478692966824,5.737125366539918e-12,1.3903363360096122e-12,-5.072321193431926e-13,5.338124623168599e-13,1.3308567939360106e-12,5.338124907748661e-13,1.3308567763737499e-12,-1.2724421957914513e-12,5.577300549702529e-13,0.0,0.0,0.0,0.0,0.0,0.0,0.0,0.0,1.2319656051001428e-12,1.2519148555035408e-10,0.04469900725389242
2,0.2617993877991494,4,3,67,7.737148146479839,0.0009046422472484984,-2.0255806480597456,-0.00023683478650690363,5.737123836045675e-12,0.0,0.0,0.0,0.0,0.0,0.0,0.0,0.0,-1.2724417295992896e-12,5.577301810890264e-13,-5.338126088183654e-13,-1.3308563177328533e-12,-5.338126405851151e-13,-1.3308563092222014e-12,1.390335859647693e-12,-5.072322903336565e-13,1.2319656051001428e-12,1.2519148555035408e-10,0.04469900725389242
2,0.2617993877991494,4,3,68,9.877456436506575,-0.0059889130706668025,-2.585912048090189,0.0015678937754828929,2.612350320349703e-17,0.0,0.0,0.0,0.0,0.0,0.0,0.0,0.0,6.0369748673669634e-18,2.9946576293170895e-18,-2.715019121499368e-18,5.937978741279648e-18,-2.715018374102056e-18,5.9379989308023995e-18,-5.833560738146206e-18,-2.447249687498283e-18,1.2319656051001428e-12,1.2519148555035408e-10,0.04469900725389242
2,0.2617993877991494,4,5,69,9.877456436506609,-0.005988913070339953,2.585912048090198,-0.001567893775397324,2.612293949334685e-17,-5.833433053548759e-18,-2.447194526824745e-18,2.7149485995391237e-18,-5.9378509800422966e-18,2.7149636924127947e-18,-5.9378740053814406e-18,6.0368503135035246e-18,2.994587463351368e-18,0.0,0.0,0.0,0.0,0.0,0.0,0.0,0.0,1.2319656051001428e-12,1.2519148555035408e-10,0.04469900725389242
2,0.2617993877991494,4,5,70,8.319995695062111,0.00012049373705708133,2.1781697794588193,3.1545186595175574e-5,1.1944371377475802e-17,-2.6684426799755075e-18,-1.1161062390988163e-18,1.2385090355553356e-18,-2.716330792586271e-18,1.238474779883599e-18,-2.716323960165468e-18,2.7617296841950516e-18,1.3663082384061822e-18,0.0,0.0,0.0,0.0,0.0,0.0,0.0,0.0,1.2319656051001428e-12,1.2519148555035408e-10,0.04469900725389242
2,0.2617993877991494,4,3,71,8.319995695062449,0.00012049373751668764,-2.1781697794589077,-3.154518671550022e-5,1.194259307182114e-17,0.0,0.0,0.0,0.0,0.0,0.0,0.0,0.0,2.761569968592831e-18,1.3655772338640083e-18,-1.2377965706718867e-18,2.716163755082162e-18,-1.2377895772382556e-18,2.716151459809734e-18,-2.6682640584772533e-18,-1.1154385119079348e-18,1.2319656051001428e-12,1.2519148555035408e-10,0.04469900725389242
2,0.2617993877991494,4,3,72,9.889749336493255,0.0062969132291226994,-2.5891303217809782,-0.0016485280284086877,1.1934479823112221e-17,0.0,0.0,0.0,0.0,0.0,0.0,0.0,0.0,-8.27553181929626e-19,-2.7690468334570156e-18,2.8835573038282627e-18,-7.632907630165691e-19,2.883562443629095e-18,-7.633062573174536e-19,6.932749431391708e-19,2.9995934754868876e-18,1.2319656051001428e-12,1.2519148555035408e-10,0.04469900725389242
2,0.2617993877991494,4,5,73,9.889749336493415,0.00629691322882797,2.58913032178102,0.0016485280283315277,1.193330270281261e-17,6.933547404614321e-19,2.9992590447235237e-18,-2.8832302282006656e-18,7.633596484771869e-19,-2.8832482021614584e-18,7.633611562150928e-19,-8.275984922404344e-19,-2.7687400394475684e-18,0.0,0.0,0.0,0.0,0.0,0.0,0.0,0.0,1.2319656051001428e-12,1.2519148555035408e-10,0.04469900725389242
2,0.2617993877991494,4,3,74,8.320696541529877,0.0008210819824506152,-2.1783532606350215,-0.000214958760338483,6.640663948489395e-18,0.0,0.0,0.0,0.0,0.0,0.0,0.0,0.0,-5.452740262768842e-19,-1.5128375265387514e-18,1.5784663799280901e-18,-5.13110423204233e-19,1.578421878152366e-18,-5.131225948875223e-19,4.778010213564591e-19,1.6450740804640968e-18,1.2319656051001428e-12,1.2519148555035408e-10,0.04469900725389242
2,0.2617993877991494,4,5,75,8.320696541529987,0.0008210819839429197,2.1783532606350504,0.00021495876072916741,6.640589978671281e-18,4.779609535798047e-19,1.6450045449155862e-18,-1.5784060238831622e-18,5.132614127886663e-19,-1.5783459369651632e-18,5.1327153610628655e-19,-5.454145956744321e-19,-1.5127709822125749e-18,0.0,0.0,0.0,0.0,0.0,0.0,0.0,0.0,1.2319656051001428e-12,1.2519148555035408e-10,0.04469900725389242
2,0.2617993877991494,4,3,76,10.438308452684556,-0.0047562092001082355,-2.7327427625715033,0.0012451726568330182,1.821427895362236e-20,0.0,0.0,0.0,0.0,0.0,0.0,0.0,0.0,3.705595294232044e-21,2.8886787405417234e-21,-2.6840503629182263e-21,3.676590965584467e-21,-2.683940254738865e-21,3.677545093418677e-21,-3.643173021345967e-21,-2.4866477715053103e-21,1.2319656051001428e-12,1.2519148555035408e-10,0.04469900725389242
2,0.2617993877991494,4,5,77,10.438308452684488,-0.004756209199862549,2.7327427625714855,-0.0012451726567686977,1.8202694465848734e-20,-3.642441562736107e-21,-2.4826843035008672e-21,2.679962995293372e-21,-3.675958375553085e-21,2.6799513995941483e-21,-3.676899846253655e-21,3.705051408836714e-21,2.8845685404758657e-21,0.0,0.0,0.0,0.0,0.0,0.0,0.0,0.0,1.2319656051001428e-12,1.2519148555035408e-10,0.04469900725389242
2,0.2617993877991494,4,5,78,10.44858232675769,0.0055133080940638225,2.735432456514175,0.001443380683774004,1.561775124605165e-20,2.256430938281336e-21,3.3376708378966068e-21,-3.1626538502148383e-21,2.2870871045394635e-21,-3.1633790364967453e-21,2.2877772474816044e-21,-2.3120996670108677e-21,-2.992931524673649e-21,0.0,0.0,0.0,0.0,0.0,0.0,0.0,0.0,1.2319656051001428e-12,1.2519148555035408e-10,0.04469900725389242
2,0.2617993877991494,4,3,79,10.448582326757482,0.005513308094179664,-2.7354324565141206,-0.001443380683804331,1.5613889360562378e-20,0.0,0.0,0.0,0.0,0.0,0.0,0.0,0.0,-2.3112258941277866e-21,-2.9926932818892327e-21,3.1622515139268257e-21,-2.286238762198815e-21,3.1626579010898496e-21,-2.2868963518356238e-21,2.2555966232204878e-21,3.3367675978631564e-21,1.2319656051001428e-12,1.2519148555035408e-10,0.04469900725389242
3,0.15114994701951814,5,6,0,0.09215834963835734,0.018211175899563864,0.013929729665243942,0.0027526182723822037,38.578760594989085,7.249296602374686,-6.818267644405117,6.82497550068965,6.811262714898007,6.82497550070453,6.81126271487876,-6.3868651422420735,6.818047195245231,0.0,0.0,0.0,0.0,0.0,0.0,0.0,0.0,2.10516629767853e-12,3.2174859642233716e-10,0.02940082054933753
3,0.15114994701951814,5,4,1,0.09215834963833025,0.018211175899528885,-0.013929729665239846,-0.0027526182723769167,38.57876059498435,0.0,0.0,0.0,0.0,0.0,0.0,0.0,0.0,-6.386865142241379,6.818047195244347,-6.824975500688647,-6.811262714897466,-6.824975500703577,-6.811262714877912,7.249296602373987,-6.818267644404037,2.10516629767853e-12,3.2174859642233716e-10,0.02940082054933753
3,0.15114994701951814,5,6,2,2.0841423424036867,0.0017600967496925052,0.3150180046354517,0.00026603853046524824,2.065455499456498,0.40790799042447834,-0.3427846674841405,0.3444536001513663,0.3845129422196031,0.3444536001523805,0.384512942225755,-0.3618060315070617,0.3453528187978931,0.0,0.0,0.0,0.0,0.0,0.0,0.0,0.0,2.10516629767853e-12,3.2174859642233716e-10,0.02940082054933753
3,0.15114994701951814,5,4,3,2.08414234240355,0.0017600967497351586,-0.315018004635431,-0.0002660385304716953,2.0654554994137997,0.0,0.0,0.0,0.0,0.0,0.0,0.0,0.0,-0.3618060314487821,0.34535281884688085,-0.34445360020159776,-0.3845129421594164,-0.3444536002002487,-0.3845129421694933,0.4079079903662121,-0.3427846675331357,2.10516629767853e-12,3.2174859642233716e-10,0.02940082054933753
3,0.15114994701951814,5,6,4,2.075754561020839,-0.0008277963648500898,0.313750191923823,-0.0001251213766900408,1.7548376227493712,-0.2852928144617889,0.31494889976026047,-0.315586863400739,-0.30458947709634393,-0.3155868634015553,-0.3045894771030499,0.3245167036547986,-0.315615017524153,0.0,0.0,0.0,0.0,0.0,0.0,0.0,0.0,2.10516629767853e-12,3.2174859642233716e-10,0.02940082054933753
3,0.15114994701951814,5,4,5,2.075754561021026,-0.0008277963648261402,-0.31375019192385123,0.0001251213766864208,1.7548376227191975,0.0,0.0,0.0,0.0,0.0,0.0,0.0,0.0,0.32451670359213114,-0.3156150175740402,0.31558686345176645,0.30458947703199585,0.3155868634504936,0.30458947704220957,-0.2852928143991645,0.3149488998102132,2.10516629767853e-12,3.2174859642233716e-10,0.02940082054933753
3,0.15114994701951814,5,6,6,4.29744167173518,0.0008590016786408326,0.649558081002242,0.000129838058216239,1.1956974747512872,0.2294248744445195,-0.20616461909195888,0.2066808724913025,0.21585682177565313,0.20668087249664127,0.215856821769063,-0.2027016987187616,0.20676499932529516,0.0,0.0,0.0,0.0,0.0,0.0,0.0,0.0,2.10516629767853e-12,3.2174859642233716e-10,0.02940082054933753
3,0.15114994701951814,5,4,7,4.297441671733785,0.0008590016818041252,-0.649558081002031,-0.0001298380586943705,1.1956974747293652,0.0,0.0,0.0,0.0,0.0,0.0,0.0,0.0,-0.20270169791709558,0.2067650001536485,-0.2066808733177134,-0.2158568210065242,-0.20668087332872395,-0.21585682093661188,0.22942487364295622,-0.20616461992050028,2.10516629767853e-12,3.2174859642233716e-10,0.02940082054933753
3,0.15114994701951814,5,4,8,4.2922003811986205,-0.0005031148251400594,-0.6487658602153271,7.604577916465411e-5,1.0882884393872507,0.0,0.0,0.0,0.0,0.0,0.0,0.0,0.0,0.20266409353209097,-0.19427273091275857,0.1943446449438796,0.19030612697507077,0.19434464495469483,0.19030612690528198,-0.17833646863443123,0.19403555842293227,2.10516629767853e-12,3.2174859642233716e-10,0.02940082054933753
3,0.15114994701951814,5,6,9,4.292200381195045,-0.0005031148234684105,0.6487658602147865,-7.604577891198447e-5,1.088288439259745,-0.1783364694355961,0.19403555759457883,-0.19434464411744817,-0.19030612774377023,-0.19434464412288155,-0.19030612773722563,0.20266409433322868,-0.1942727300844709,0.0,0.0,0.0,0.0,0.0,0.0,0.0,0.0,2.10516629767853e-12,3.2174859642233716e-10,0.02940082054933753
3,0.15114994701951814,5,4,10,2.120266707097529,0.03471263532955948,-0.3204782004450397,-0.00524681299097077,0.0889154698090328,0.0,0.0,0.0,0.0,0.0,0.0,0.0,0.0,0.006141494562177422,0.020637389408733917,-0.021489988516701013,0.0056618158204902605,-0.021489988516629137,0.005661815820815633,-0.0051391458214513535,-0.022353868264987253,2.10516629767853e-12,3.2174859642233716e-10,0.02940082054933753
3,0.15114994701951814,5,6,11,2.120266707097376,0.0347126353291779,0.3204782004450166,0.005246812990913093,0.08891546980494489,-0.005139145820194341,-0.02235386826424306,0.021489988515940698,-0.005661815819348527,0.021489988515944455,-0.005661815819415417,0.006141494560893329,0.020637389408035074,0.0,0.0,0.0,0.0,0.0,0.0,0.0,0.0,2.10516629767853e-12,3.2174859642233716e-10,0.02940082054933753
3,0.15114994701951814,5,6,12,4.333321487976885,0.035599158804569264,0.6549813133262458,0.005380810967250057,0.017216993955563944,-0.0011944516098858742,-0.004277736816800591,0.00410595444807601,-0.0012878044362286522,0.004105954448141001,-0.0012878044363181958,0.0013729427863697096,0.0039367394738211705,0.0,0.0,0.0,0.0,0.0,0.0,0.0,0.0,2.10516629767853e-12,3.2174859642233716e-10,0.02940082054933753
3,0.15114994701951814,5,4,13,4.3333214879757795,0.03559915880163894,-0.6549813133260786,-0.005380810966807139,0.017216993947539005,0.0,0.0,0.0,0.0,0.0,0.0,0.0,0.0,0.0013729427862819348,0.003936739471816292,-0.004105954446078761,0.0012878044362627807,-0.00410595444595751,0.0012878044362117256,-0.0011944516099060083,-0.004277736814622743,2.10516629767853e-12,3.2174859642233716e-10,0.02940082054933753
3,0.15114994701951814,5,6,14,4.250534728978282,0.016428425046530092,0.6424680990896893,0.0024831555753971482,0.00029191565498325086,-6.492382440331001e-5,-2.7965042803061687e-5,3.096821690503863e-5,-6.606232984123553e-5,3.096821695913973e-5,-6.606232987071393e-5,6.713876681170304e-5,3.410345365130984e-5,0.0,0.0,0.0,0.0,0.0,0.0,0.0,0.0,2.10516629767853e-12,3.2174859642233716e-10,0.02940082054933753
3,0.15114994701951814,5,4,15,4.250534728976751,0.01642842504650471,-0.6424680990894578,-0.002483155575393312,0.0002919156533422082,0.0,0.0,0.0,0.0,0.0,0.0,0.0,0.0,6.713876623913252e-5,3.4103453900728034e-5,-3.096821717247686e-5,6.606232927619457e-5,-3.096821719532464e-5,6.606232929280814e-5,-6.49238238335282e-5,-2.7965043058142305e-5,2.10516629767853e-12,3.2174859642233716e-10,0.02940082054933753
3,0.15114994701951814,5,6,16,4.238350733343981,0.018224243733519323,0.6406264887950786,0.002754593474792231,0.00016280014974258763,3.597086730273238e-5,2.1675139727773963e-5,-1.98878243383433e-5,3.549845314222867e-5,-1.9887824335130522e-5,3.549845314308188e-5,-3.498619237608118e-5,-1.8171466004936658e-5,0.0,0.0,0.0,0.0,0.0,0.0,0.0,0.0,2.10516629767853e-12,3.2174859642233716e-10,0.02940082054933753
3,0.15114994701951814,5,4,17,4.238350733344111,0.018224243733765376,-0.6406264887950983,-0.002754593474829422,0.00016280014967096226,0.0,0.0,0.0,0.0,0.0,0.0,0.0,0.0,-3.498619221122562e-5,-1.817146625971619e-5,1.9887824586562542e-5,-3.549845297514341e-5,1.988782459679564e-5,-3.5498452983043184e-5,3.597086714104966e-5,2.1675139983330806e-5,2.10516629767853e-12,3.2174859642233716e-10,0.02940082054933753
3,0.15114994701951814,5,6,18,4.252344028792902,0.018247218321566124,0.6427415746608115,0.0027580660825583005,0.00014900430903693563,3.452208378925562e-5,1.6902313554238223e-5,-1.5310219763408532e-5,3.394918095469363e-5,-1.5310219740232636e-5,3.394918094501202e-5,-3.334558980319637e-5,-1.3785993622917505e-5,0.0,0.0,0.0,0.0,0.0,0.0,0.0,0.0,2.10516629767853e-12,3.2174859642233716e-10,0.02940082054933753
3,0.15114994701951814,5,4,19,4.252344028792413,0.018247218321350938,-0.6427415746607376,-0.0027580660825257753,0.00014900430852823505,0.0,0.0,0.0,0.0,0.0,0.0,0.0,0.0,-3.3345589666799127e-5,-1.378599361462464e-5,1.5310219750596477e-5,-3.394918081881845e-5,1.5310219735193746e-5,-3.394918080977606e-5,3.4522083654609924e-5,1.6902313544975965e-5,2.10516629767853e-12,3.2174859642233716e-10,0.02940082054933753
3,0.15114994701951814,5,4,20,6.4555913547897745,0.018422551362090218,-0.9757622912561338,-0.0027845676623442883,0.0001008049803641675,0.0,0.0,0.0,0.0,0.0,0.0,0.0,0.0,-1.3863181233234179e-5,2.0092519489290604e-5,-2.0274819730642048e-5,-1.4957180377164898e-5,-2.0274819730464927e-5,-1.4957180377558302e-5,1.6091699206059695e-5,-2.042716509139477e-5,2.10516629767853e-12,3.2174859642233716e-10,0.02940082054933753
3,0.15114994701951814,5,6,21,6.455591354789286,0.01842255136676718,0.97576229125606,0.002784567663051211,0.00010080498016227974,1.6091699112529626e-5,-2.0427165099120264e-5,2.0274819735462787e-5,1.4957180285708934e-5,2.027481973488691e-5,1.4957180286476675e-5,-1.3863181144264591e-5,2.0092519490961e-5,0.0,0.0,0.0,0.0,0.0,0.0,0.0,0.0,2.10516629767853e-12,3.2174859642233716e-10,0.02940082054933753
3,0.15114994701951814,5,6,22,6.466005080901601,0.016771916693979396,0.9773363254062121,0.0025350743197107574,7.411404587541031e-5,-1.1762303890803816e-5,1.3555858068642696e-5,-1.3600198867307711e-5,-1.2576520518971981e-5,-1.3600198864796069e-5,-1.2576520511152263e-5,1.3417912356549803e-5,-1.3619359446921137e-5,0.0,0.0,0.0,0.0,0.0,0.0,0.0,0.0,2.10516629767853e-12,3.2174859642233716e-10,0.02940082054933753
3,0.15114994701951814,5,4,23,6.466005080899641,0.016771916693815437,-0.9773363254059159,-0.002535074319685975,7.411404575651621e-5,0.0,0.0,0.0,0.0,0.0,0.0,0.0,0.0,1.3417912428980362e-5,-1.3619359339525478e-5,1.3600198758854388e-5,1.2576520587462688e-5,1.3600198758369543e-5,1.2576520587265292e-5,-1.176230396319155e-5,1.355585796130008e-5,2.10516629767853e-12,3.2174859642233716e-10,0.02940082054933753
3,0.15114994701951814,5,6,24,6.467258819479715,0.017849576902272655,0.9775258279258704,0.0026979626030993265,4.044979479008102e-5,6.805484192059854e-6,-7.909881237482223e-6,7.868492786783335e-6,6.348020693395484e-6,7.868492782807803e-6,6.34802068339183e-6,-5.906281458153229e-6,7.814392566164365e-6,0.0,0.0,0.0,0.0,0.0,0.0,0.0,0.0,2.10516629767853e-12,3.2174859642233716e-10,0.02940082054933753
3,0.15114994701951814,5,4,25,6.467258819478729,0.017849576901577208,-0.9775258279257213,-0.0026979626029942096,4.044979464721003e-5,0.0,0.0,0.0,0.0,0.0,0.0,0.0,0.0,-5.906281531887104e-6,7.814392460241505e-6,-7.868492679821272e-6,-6.3480207630938556e-6,-7.868492678659605e-6,-6.34802076134969e-6,6.805484266235674e-6,-7.909881132456896e-6,2.10516629767853e-12,3.2174859642233716e-10,0.02940082054933753
3,0.15114994701951814,5,6,26,6.455078715530535,0.01803048994371961,0.9756848058592595,0.0027253075997291736,2.7188894875231775e-5,6.975044418846985e-6,-7.359330137210396e-7,9.264380072788941e-7,6.7320790070310515e-6,9.264380059381689e-7,6.732079007877849e-6,-6.490953006099382e-6,1.103477002024089e-6,0.0,0.0,0.0,0.0,0.0,0.0,0.0,0.0,2.10516629767853e-12,3.2174859642233716e-10,0.02940082054933753
3,0.15114994701951814,5,4,27,6.455078715530316,0.018030489949740647,-0.9756848058592266,-0.0027253076006392533,2.71888945873755e-5,0.0,0.0,0.0,0.0,0.0,0.0,0.0,0.0,-6.490952940595343e-6,1.1034769684295929e-6,-9.264379758661297e-7,-6.732078938088107e-6,-9.264379750241082e-7,-6.732078940133387e-6,6.975044347707792e-6,-7.359329851903488e-7,2.10516629767853e-12,3.2174859642233716e-10,0.02940082054933753
3,0.15114994701951814,5,6,28,8.673465624122645,0.01822039577564451,1.3109938695617498,0.00275401185616332,1.969097888441202e-5,3.7363674283491173e-6,-3.4411569432306127e-6,3.4469227368900684e-6,3.51283876043982e-6,3.4469227367997654e-6,3.512838760372982e-6,-3.296196905361325e-6,3.445655966115427e-6,0.0,0.0,0.0,0.0,0.0,0.0,0.0,0.0,2.10516629767853e-12,3.2174859642233716e-10,0.02940082054933753
3,0.15114994701951814,5,4,29,8.673465624126116,0.018220395773834948,-1.3109938695622743,-0.0027540118558898046,1.9690978845815275e-5,0.0,0.0,0.0,0.0,0.0,0.0,0.0,0.0,-3.2961969092001056e-6,3.445655949196664e-6,-3.4469227196039674e-6,-3.512838763977824e-6,-3.4469227191000154e-6,-3.5128387641237766e-6,3.736367431784527e-6,-3.4411569251467113e-6,2.10516629767853e-12,3.2174859642233716e-10,0.02940082054933753
3,0.15114994701951814,5,6,30,8.680779225109635,0.017141871977699043,1.3120993199634552,0.002590993041244573,1.270054069153794e-5,-2.0380478179535896e-6,2.3033677401343302e-6,-2.3096145691298613e-6,-2.177642951623226e-6,-2.309614570655914e-6,-2.177642955404588e-6,2.321852958175775e-6,-2.3115014987495906e-6,0.0,0.0,0.0,0.0,0.0,0.0,0.0,0.0,2.10516629767853e-12,3.2174859642233716e-10,0.02940082054933753
3,0.15114994701951814,5,4,31,8.680779225110275,0.017141871977931565,-1.3120993199635518,-0.0025909930412797186,1.2700540642621763e-5,0.0,0.0,0.0,0.0,0.0,0.0,0.0,0.0,2.3218529574436264e-6,-2.311501482643957e-6,2.3096145538445194e-6,2.1776429524597344e-6,2.3096145537116026e-6,2.1776429530739633e-6,-2.0380478172243654e-6,2.303367724009515e-6,2.10516629767853e-12,3.2174859642233716e-10,0.02940082054933753
3,0.15114994701951814,5,6,32,8.681859759472886,0.018223323417867504,1.3122626426752133,0.0027544543691302176,6.340644528844976e-6,1.1566676670509927e-6,-1.1565036801407664e-6,1.1554059054565712e-6,1.0846741666939513e-6,1.1554059070963116e-6,1.0846741706205201e-6,-1.0149893103022768e-6,1.1521364753228176e-6,0.0,0.0,0.0,0.0,0.0,0.0,0.0,0.0,2.10516629767853e-12,3.2174859642233716e-10,0.02940082054933753
3,0.15114994701951814,5,4,33,8.681859759472589,0.018223323418118564,-1.3122626426751685,-0.002754454369168165,6.34064450351142e-6,0.0,0.0,0.0,0.0,0.0,0.0,0.0,0.0,-1.0149893021515352e-6,1.1521364736026737e-6,-1.1554059049568967e-6,-1.084674160278884e-6,-1.1554059053624699e-6,-1.0846741608870358e-6,1.1566676591004113e-6,-1.1565036796436012e-6,2.10516629767853e-12,3.2174859642233716e-10,0.02940082054933753
3,0.15114994701951814,5,4,34,6.244784447384966,0.001896001267769936,-0.9438988383705484,-0.0002865804911723651,4.271766583930993e-6,0.0,0.0,0.0,0.0,0.0,0.0,0.0,0.0,-7.504292879227648e-7,7.120048530585684e-7,-7.100039413498321e-7,-7.97385825210701e-7,-7.100039414645162e-7,-7.97385825097696e-7,8.457607740728799e-7,-7.064068396961116e-7,2.10516629767853e-12,3.2174859642233716e-10,0.02940082054933753
3,0.15114994701951814,5,6,35,6.244784447384044,0.001896001268183671,0.9438988383704091,0.0002865804912349011,4.271766580826461e-6,8.457607742990094e-7,-7.064068382848835e-7,7.100039399855461e-7,7.973858254513909e-7,7.100039400000006e-7,7.973858252949888e-7,-7.504292881379835e-7,7.120048516412796e-7,0.0,0.0,0.0,0.0,0.0,0.0,0.0,0.0,2.10516629767853e-12,3.2174859642233716e-10,0.02940082054933753
3,0.15114994701951814,5,6,36,6.236499569095878,-0.000652719075944018,0.9426465794560898,-9.865845374756715e-5,3.670244469862667e-6,-5.951247644476668e-7,6.601305409695153e-7,-6.615606474233761e-7,-6.354804704503973e-7,-6.615606473817221e-7,-6.354804705557569e-7,6.771580255710351e-7,-6.617184710483643e-7,0.0,0.0,0.0,0.0,0.0,0.0,0.0,0.0,2.10516629767853e-12,3.2174859642233716e-10,0.02940082054933753
3,0.15114994701951814,5,4,37,6.236499569094999,-0.0006527190759463182,-0.9426465794559569,9.865845374791484e-5,3.6702444673195513e-6,0.0,0.0,0.0,0.0,0.0,0.0,0.0,0.0,6.771580251691291e-7,-6.617184705419843e-7,6.615606469202208e-7,6.354804700305515e-7,6.615606469167229e-7,6.354804701477642e-7,-5.951247640221314e-7,6.601305405048465e-7,2.10516629767853e-12,3.2174859642233716e-10,0.02940082054933753
3,0.15114994701951814,5,6,38,6.46818457192297,0.018622037003924004,0.9776657553586215,0.0028147199065386196,3.655532863031736e-6,9.333144137851103e-7,1.3478374399838817e-7,-1.0192177886057901e-7,9.079522905907695e-7,-1.0192177866315961e-7,9.079522900609826e-7,-8.823845076023649e-7,-7.087551243611501e-8,0.0,0.0,0.0,0.0,0.0,0.0,0.0,0.0,2.10516629767853e-12,3.2174859642233716e-10,0.02940082054933753
3,0.15114994701951814,5,4,39,6.468184571924141,0.018622037005047016,-0.9776657553587985,-0.0028147199067083627,3.655532834811703e-6,0.0,0.0,0.0,0.0,0.0,0.0,0.0,0.0,-8.82384500761181e-7,-7.087551015711527e-8,1.0192177613130026e-7,-9.079522837139279e-7,1.0192177663257441e-7,-9.079522832716216e-7,9.3331440696203e-7,1.3478374152563388e-7,2.10516629767853e-12,3.2174859642233716e-10,0.02940082054933753
3,0.15114994701951814,5,6,40,6.453913198498038,0.016972433696062224,0.9755086380215473,0.0025653824539520896,3.6053468284832235e-6,-5.530162646267601e-7,6.75596035149398e-7,-6.788895154900203e-7,-5.925463184088519e-7,-6.78889513244235e-7,-5.925463190880561e-7,6.334329654413046e-7,-6.809965443230468e-7,0.0,0.0,0.0,0.0,0.0,0.0,0.0,0.0,2.10516629767853e-12,3.2174859642233716e-10,0.02940082054933753
3,0.15114994701951814,5,4,41,6.453913198501626,0.016972433697780908,-0.9755086380220896,-0.002565382454211869,3.6053467510327047e-6,0.0,0.0,0.0,0.0,0.0,0.0,0.0,0.0,6.334329784173734e-7,-6.809965073114719e-7,6.788894777516142e-7,5.925463305598014e-7,6.788894767770797e-7,5.925463329978165e-7,-5.530162777844764e-7,6.755959979918329e-7,2.10516629767853e-12,3.2174859642233716e-10,0.02940082054933753
3,0.15114994701951814,5,6,42,8.458040126944926,0.0010145627123897584,1.278432317076684,0.0001533511002256906,1.8130981876684612e-6,3.4322802389590147e-7,-3.1772829194281175e-7,3.182067941822072e-7,3.2264475458688633e-7,3.182067942692852e-7,3.226447545018593e-7,-3.026972528545428e-7,3.180393712329486e-7,0.0,0.0,0.0,0.0,0.0,0.0,0.0,0.0,2.10516629767853e-12,3.2174859642233716e-10,0.02940082054933753
3,0.15114994701951814,5,4,43,8.458040126947415,0.0010145627116273162,-1.2784323170770602,-0.00015335110011044752,1.8130981799079277e-6,0.0,0.0,0.0,0.0,0.0,0.0,0.0,0.0,-3.0269725330137683e-7,3.180393682073057e-7,-3.1820679106120416e-7,-3.2264475491081746e-7,-3.1820679112023045e-7,-3.226447549129922e-7,3.4322802417825026e-7,-3.1772828869738e-7,2.10516629767853e-12,3.2174859642233716e-10,0.02940082054933753
3,0.15114994701951814,5,4,44,8.452825095101321,-0.00034184057463736844,-1.2776440652898182,5.166918474555988e-5,1.768416350169989e-6,0.0,0.0,0.0,0.0,0.0,0.0,0.0,0.0,3.3465991834121555e-7,-3.1001660230237867e-7,3.104762120358242e-7,3.145837374668052e-7,3.104762120581514e-7,3.145837374968465e-7,-2.9512787926025056e-7,3.103060339930874e-7,2.10516629767853e-12,3.2174859642233716e-10,0.02940082054933753
3,0.15114994701951814,5,6,45,8.452825095102785,-0.000341840574631401,1.2776440652900394,-5.1669184744657895e-5,1.7684163499241894e-6,-2.9512787838547723e-7,3.1030603472909175e-7,-3.104762128048334e-7,-3.1458373658476e-7,-3.104762128820139e-7,-3.145837366337332e-7,3.346599174733374e-7,-3.100166031611666e-7,0.0,0.0,0.0,0.0,0.0,0.0,0.0,0.0,2.10516629767853e-12,3.2174859642233716e-10,0.02940082054933753
3,0.15114994701951814,5,4,46,8.460375334109777,0.002779103884783616,-1.278785283515931,-0.0004200614049467806,1.767959664671087e-6,0.0,0.0,0.0,0.0,0.0,0.0,0.0,0.0,-2.7856527443678836e-7,3.2511072044238545e-7,-3.2628940810135127e-7,-2.9798110762787304e-7,-3.262894081031693e-7,-2.9798110755076403e-7,3.180489229437951e-7,-3.268714815651923e-7,2.10516629767853e-12,3.2174859642233716e-10,0.02940082054933753
3,0.15114994701951814,5,6,47,8.460375334090134,0.0027791038829720876,1.2787852835129618,0.0004200614046729682,1.7679596593640755e-6,3.180489234476927e-7,-3.268714791657405e-7,3.2628940577303907e-7,2.979811081766879e-7,3.2628940581647994e-7,2.9798110812141425e-7,-2.7856527504780866e-7,3.25110718225565e-7,0.0,0.0,0.0,0.0,0.0,0.0,0.0,0.0,2.10516629767853e-12,3.2174859642233716e-10,0.02940082054933753
3,0.15114994701951814,5,4,48,8.45110435982909,0.00031090484660032183,-1.2773839762445858,-4.699325109175006e-5,1.172236627904463e-6,0.0,0.0,0.0,0.0,0.0,0.0,0.0,0.0,8.975779480596106e-8,-2.8876687683895904e-7,2.823925926315075e-7,7.80717591668502e-8,2.8239259262849295e-7,7.807175919847371e-8,-6.695035203819477e-8,2.758616002737525e-7,2.10516629767853e-12,3.2174859642233716e-10,0.02940082054933753
3,0.15114994701951814,5,6,49,8.45110435982749,0.0003109048533662534,1.2773839762443437,4.699325211442026e-5,1.1722366255783534e-6,-6.695035173135504e-8,2.7586159977266956e-7,-2.823925921180846e-7,-7.8071758825633e-8,-2.823925921310144e-7,-7.807175883309535e-8,8.975779440399723e-8,-2.8876687633123113e-7,0.0,0.0,0.0,0.0,0.0,0.0,0.0,0.0,2.10516629767853e-12,3.2174859642233716e-10,0.02940082054933753
3,0.15114994701951814,5,6,50,8.448712422704514,-0.0005140395401955974,1.277022435074932,-7.769704926650202e-5,8.448140144221576e-7,-2.017241967025357e-7,3.4068051245504305e-8,-2.8558951868187706e-8,-2.092104869034275e-7,-2.8558951858189753e-8,-2.0921048690632146e-7,2.1675347653330773e-7,-2.2631374807927745e-8,0.0,0.0,0.0,0.0,0.0,0.0,0.0,0.0,2.10516629767853e-12,3.2174859642233716e-10,0.02940082054933753
3,0.15114994701951814,5,4,51,8.448712422702387,-0.0005140395286895652,-1.2770224350746107,7.769704752736586e-5,8.448140099587917e-7,0.0,0.0,0.0,0.0,0.0,0.0,0.0,0.0,2.1675347536244464e-7,-2.2631374867300797e-8,2.855895190834505e-8,2.0921048576526022e-7,2.8558951882003217e-8,2.0921048578415782e-7,-2.0172419561212893e-7,3.406805125205612e-8,2.10516629767853e-12,3.2174859642233716e-10,0.02940082054933753
3,0.15114994701951814,5,6,52,8.455951583231338,0.002624243828360488,1.2781166338050272,0.0003966543156229852,3.305916923226669e-7,8.484674352490297e-8,8.593448100841281e-9,-5.721641495747163e-9,8.242894218454138e-8,-5.721641448725727e-9,8.24289421943975e-8,-7.999953272320008e-8,-3.0146811193083577e-9,0.0,0.0,0.0,0.0,0.0,0.0,0.0,0.0,2.10516629767853e-12,3.2174859642233716e-10,0.02940082054933753
3,0.15114994701951814,5,4,53,8.455951583221674,0.002624243823628105,-1.2781166338035665,-0.0003966543149076858,3.305916914525801e-7,0.0,0.0,0.0,0.0,0.0,0.0,0.0,0.0,-7.999953251393764e-8,-3.0146807462688803e-9,5.721641086716194e-9,-8.242894199525906e-8,5.721641069785494e-9,-8.242894200199285e-8,8.484674335422639e-8,8.593447686195079e-9,2.10516629767853e-12,3.2174859642233716e-10,0.02940082054933753
3,0.15114994701951814,5,4,54,6.280641895778555,0.03463891601411342,-0.9493186897954945,-0.005235670320346782,1.7135858806194522e-7,0.0,0.0,0.0,0.0,0.0,0.0,0.0,0.0,1.105588914216602e-8,3.99963934662128e-8,-4.162113671462539e-8,1.0099492482605427e-8,-4.162113673799213e-8,1.0099492491383714e-8,-9.059833443593336e-9,-4.326599570923616e-8,2.10516629767853e-12,3.2174859642233716e-10,0.02940082054933753
3,0.15114994701951814,5,6,55,6.280641895779064,0.03463891601557546,0.9493186897955715,0.00523567032056777,1.7135858723526708e-7,-9.059833488599459e-9,-4.326599548308656e-8,4.162113648702993e-8,-1.0099492539301877e-8,4.162113651679024e-8,-1.0099492531671888e-8,1.1055889193590819e-8,3.999639324316697e-8,0.0,0.0,0.0,0.0,0.0,0.0,0.0,0.0,2.10516629767853e-12,3.2174859642233716e-10,0.02940082054933753
3,0.15114994701951814,5,4,56,8.495059968446625,0.03413327636974804,-1.284027864158337,-0.005159242914889987,8.719455372670729e-8,0.0,0.0,0.0,0.0,0.0,0.0,0.0,0.0,1.1120133552782356e-8,1.7949646849378767e-8,-1.8879853549659645e-8,1.0885515335704072e-8,-1.8879853558960076e-8,1.088551533989672e-8,-1.0613115682745609e-8,-1.983179350842099e-8,2.10516629767853e-12,3.2174859642233716e-10,0.02940082054933753
3,0.15114994701951814,5,6,57,8.49505996844131,0.0341332763629563,1.2840278641575336,0.005159242913863416,8.719455343382044e-8,-1.0613115476455221e-8,-1.983179353434863e-8,1.8879853578618695e-8,-1.0885515137966872e-8,1.88798535887427e-8,-1.088551514257333e-8,1.112013336373202e-8,1.794964688183628e-8,0.0,0.0,0.0,0.0,0.0,0.0,0.0,0.0,2.10516629767853e-12,3.2174859642233716e-10,0.02940082054933753
3,0.15114994701951814,5,4,58,8.497114851586737,0.033498375068898134,-1.284338459636096,-0.0050632776169039,2.4185071981685173e-8,0.0,0.0,0.0,0.0,0.0,0.0,0.0,0.0,-2.8458039073888945e-9,5.118791779270994e-9,-5.187630099888227e-9,-3.102836201363997e-9,-5.187630099121104e-9,-3.1028362054011974e-9,3.370237543426231e-9,-5.250252378502421e-9,2.10516629767853e-12,3.2174859642233716e-10,0.02940082054933753
3,0.15114994701951814,5,6,59,8.497114851595583,0.03349837507808602,1.2843384596374332,0.0050632776182926486,2.4185071355581285e-8,3.3702373821833234e-9,-5.250252291804036e-9,5.187630009243875e-9,3.10283604280925e-9,5.18763001680546e-9,3.1028360433232586e-9,-2.8458037481046643e-9,5.118791692745214e-9,0.0,0.0,0.0,0.0,0.0,0.0,0.0,0.0,2.10516629767853e-12,3.2174859642233716e-10,0.02940082054933753
3,0.15114994701951814,5,4,60,8.49367677848823,0.035508561586054435,-1.2838187950694073,-0.005367117202471425,1.6035870056932516e-8,0.0,0.0,0.0,0.0,0.0,0.0,0.0,0.0,2.453853906467229e-9,3.009699260133384e-9,-3.18490951536602e-9,2.433134816023354e-9,-3.1849095162707673e-9,2.4331348168020534e-9,-2.406041047456128e-9,-3.3649796664676593e-9,2.10516629767853e-12,3.2174859642233716e-10,0.02940082054933753
3,0.15114994701951814,5,6,61,8.493676778489103,0.03550856158955268,1.2838187950695394,0.005367117203000185,1.6035869982802045e-8,-2.4060410925311365e-9,-3.3649796107620176e-9,3.184909459780899e-9,-2.4331348586665377e-9,3.184909460672696e-9,-2.4331348586531547e-9,2.4538539459616474e-9,3.0096992047379564e-9,0.0,0.0,0.0,0.0,0.0,0.0,0.0,0.0,2.10516629767853e-12,3.2174859642233716e-10,0.02940082054933753
3,0.15114994701951814,5,4,62,8.500177076366175,0.03276598591275744,-1.2848013147492698,-0.004952577034755564,1.1496642712567352e-8,0.0,0.0,0.0,0.0,0.0,0.0,0.0,0.0,2.8505393734444163e-10,-2.9519910420841282e-9,2.8674439151754793e-9,1.855781131972111e-10,2.867443917338289e-9,1.8557811942067754e-10,-9.183680578678184e-11,2.7825198998264476e-9,2.10516629767853e-12,3.2174859642233716e-10,0.02940082054933753
3,0.15114994701951814,5,6,63,8.500177076366,0.03276598591254974,1.2848013147492436,0.004952577034724171,1.1496642174258381e-8,-9.183673040854334e-11,2.782519769697678e-9,-2.8674437844060702e-9,-1.8557804577066357e-10,-2.867443788245669e-9,-1.8557803451828364e-10,2.850538606203592e-10,-2.9519909122504218e-9,0.0,0.0,0.0,0.0,0.0,0.0,0.0,0.0,2.10516629767853e-12,3.2174859642233716e-10,0.02940082054933753
3,0.15114994701951814,5,4,64,10.62663002995431,0.016887128218479718,-1.6062145660236145,-0.0025524885355350194,5.184919608801013e-10,0.0,0.0,0.0,0.0,0.0,0.0,0.0,0.0,1.3372049318081605e-10,2.9191191990246023e-12,1.2711866641141093e-12,1.2958438265587799e-10,1.2711864728521802e-12,1.2958438144084316e-10,-1.2545055406601815e-10,5.202321321473529e-12,2.10516629767853e-12,3.2174859642233716e-10,0.02940082054933753
3,0.15114994701951814,5,6,65,10.62663002995289,0.01688712821730387,1.6062145660234,0.00255248853535729,5.184919584369068e-10,-1.2545055329942387e-10,5.202324285620557e-12,-1.2711895386485642e-12,-1.295843822698037e-10,-1.2711892323705766e-12,-1.2958438054864478e-10,1.337204926614195e-10,2.919116548120242e-12,0.0,0.0,0.0,0.0,0.0,0.0,0.0,0.0,2.10516629767853e-12,3.2174859642233716e-10,0.02940082054933753
3,0.15114994701951814,5,4,66,10.61635985703283,0.01877383234394768,-1.6046622299306514,-0.002837663764141008,3.7061883071017066e-10,0.0,0.0,0.0,0.0,0.0,0.0,0.0,0.0,-8.645339808849024e-11,2.409874316284759e-11,-2.2037817631017104e-11,-8.997189459523756e-11,-2.2037818076739422e-11,-8.9971894626962e-11,9.353428677867959e-11,-1.9796904860398123e-11,2.10516629767853e-12,3.2174859642233716e-10,0.02940082054933753
3,0.15114994701951814,5,6,67,10.616359857029483,0.018773832342139876,1.6046622299301456,0.0028376637638677584,3.706188147170846e-10,9.353428297561591e-11,-1.9796903053401586e-11,2.203781586396384e-11,8.997189091370738e-11,2.2037815949358515e-11,8.997189103053769e-11,-8.645339461554927e-11,2.4098741087070504e-11,0.0,0.0,0.0,0.0,0.0,0.0,0.0,0.0,2.10516629767853e-12,3.2174859642233716e-10,0.02940082054933753
3,0.15114994701951814,5,4,68,10.615164026501796,0.01773036439929889,-1.6044814802092413,-0.002679943639590778,1.1008036118175711e-10,0.0,0.0,0.0,0.0,0.0,0.0,0.0,0.0,-2.5194839464657588e-11,-8.70764214360194e-12,9.805308588080472e-12,-2.57066729296314e-11,9.805309298247902e-12,-2.570667299763916e-11,2.619884444966683e-11,1.0954369404187838e-11,2.10516629767853e-12,3.2174859642233716e-10,0.02940082054933753
3,0.15114994701951814,5,6,69,10.615164026504797,0.017730364398854066,1.604481480209695,0.002679943639523543,1.100803014778083e-10,2.619882904338187e-11,1.0954367625716427e-11,-9.805307481999514e-12,2.5706657499515806e-11,-9.805307058979984e-12,2.5706657745216733e-11,-2.519482418824993e-11,-8.707640595998452e-12,0.0,0.0,0.0,0.0,0.0,0.0,0.0,0.0,2.10516629767853e-12,3.2174859642233716e-10,0.02940082054933753
3,0.15114994701951814,5,4,70,10.613873154550962,0.016646256398826935,-1.6042863649822638,-0.0025160807727560063,3.0458208564842333e-11,0.0,0.0,0.0,0.0,0.0,0.0,0.0,0.0,7.601874546082437e-12,1.9864392731671925e-12,-1.6906968600867953e-12,7.422532598549764e-12,-1.6906972342694133e-12,7.422532541627145e-12,-7.239794344361617e-12,-1.4097964807763168e-12,2.10516629767853e-12,3.2174859642233716e-10,0.02940082054933753
3,0.15114994701951814,5,6,71,10.61387315455148,0.01664625639876352,1.6042863649823422,0.002516080772746421,3.0458188856427326e-11,-7.239788636871028e-12,-1.4097996001397985e-12,1.6907000945590322e-12,-7.42252683065976e-12,1.6907000522316595e-12,-7.422526819123713e-12,7.601868772929708e-12,1.986442209875172e-12,0.0,0.0,0.0,0.0,0.0,0.0,0.0,0.0,2.10516629767853e-12,3.2174859642233716e-10,0.02940082054933753
3,0.15114994701951814,5,4,72,8.413192846379136,0.01825689306454399,-1.2716536529951954,-0.0027595284194468325,3.24143571103623e-12,0.0,0.0,0.0,0.0,0.0,0.0,0.0,0.0,6.417823060990981e-13,-4.5195063088907684e-13,4.452794753843237e-13,6.768159150395491e-13,4.452794435923314e-13,6.768159751831967e-13,-7.127387877685316e-13,4.3725376808707723e-13,2.10516629767853e-12,3.2174859642233716e-10,0.02940082054933753
3,0.15114994701951814,5,6,73,8.413192846379367,0.018256893064845785,1.2716536529952305,0.0027595284194924484,3.2414344900534286e-12,-7.127385305114737e-13,4.372535915741646e-13,-4.4527930437786657e-13,-6.768156629593472e-13,-4.452792685358906e-13,-6.768157242304174e-13,6.417820601041318e-13,-4.519504609831259e-13,0.0,0.0,0.0,0.0,0.0,0.0,0.0,0.0,2.10516629767853e-12,3.2174859642233716e-10,0.02940082054933753
3,0.15114994701951814,5,4,74,4.329684941804081,0.036957749142507504,-0.6544316495648924,-0.005586161824850651,3.525503648970738e-19,0.0,0.0,0.0,0.0,0.0,0.0,0.0,0.0,2.0851189809130978e-20,-8.286405370559427e-20,8.491199783871462e-20,2.36536746099749e-20,8.465341756385437e-20,2.4359343215963294e-20,-2.731789259209143e-20,8.666620897182864e-20,2.10516629767853e-12,3.2174859642233716e-10,0.02940082054933753
3,0.15114994701951814,5,6,75,4.329684941806946,0.03695774914463802,0.6544316495653253,0.005586161825172679,1.0778470230012507e-19,2.3851863173090315e-20,-1.4407569060717713e-20,1.4495342100666097e-20,2.2643217707200224e-20,1.465538930990272e-20,2.2666261631553413e-20,-2.149347688034111e-20,1.470458019010072e-20,0.0,0.0,0.0,0.0,0.0,0.0,0.0,0.0,2.10516629767853e-12,3.2174859642233716e-10,0.02940082054933753
3,0.15114994701951814,5,4,76,6.456426382908143,0.0194849562985261,-0.9758885057119849,-0.0029451501121998463,8.870023279719136e-21,0.0,0.0,0.0,0.0,0.0,0.0,0.0,0.0,-1.5788778109843077e-21,-1.458385209872035e-21,1.556008630232659e-21,-1.5828625787009369e-21,1.553098167828114e-21,-1.5783655869240505e-21,1.579292962199929e-21,1.6537530197254433e-21,2.10516629767853e-12,3.2174859642233716e-10,0.02940082054933753
3,0.15114994701951814,5,6,77,2.113896762660575,0.037294702542853234,0.31951538368087684,0.005637092313460955,7.053023995442777e-21,-8.284046709359081e-22,1.6272808065322428e-21,-1.5942000594016682e-21,-7.881257039854819e-22,-1.5830034561440345e-21,-7.392482758364614e-22,7.018074254611714e-22,-1.5500607978834178e-21,0.0,0.0,0.0,0.0,0.0,0.0,0.0,0.0,2.10516629767853e-12,3.2174859642233716e-10,0.02940082054933753
3,0.15114994701951814,5,6,78,6.45642638290928,0.019484956299658074,0.9758885057121568,0.0029451501123709443,2.291559089363072e-21,-5.791735554300731e-22,1.1695509443866578e-22,-1.322787730122891e-22,-5.575533230191626e-22,-1.307298588591732e-22,-5.573453746480402e-22,5.3594605933014575e-22,-1.449171958169991e-22,0.0,0.0,0.0,0.0,0.0,0.0,0.0,0.0,2.10516629767853e-12,3.2174859642233716e-10,0.02940082054933753
3,0.15114994701951814,5,4,79,2.113896762660567,0.03729470254229078,-0.3195153836808756,-0.0056370923133759404,1.6247722201366756e-21,0.0,0.0,0.0,0.0,0.0,0.0,0.0,0.0,2.4611447806880933e-22,-2.973537550052796e-22,3.055132786421999e-22,2.741319827340525e-22,3.096650972109233e-22,2.554407429471132e-22,-2.845642239253799e-22,3.181991000637738e-22,2.10516629767853e-12,3.2174859642233716e-10,0.02940082054933753
4,0.08726646259971647,6,7,0,0.3297208663458008,0.02058234093682646,0.02877357365131194,0.0017961480855781798,20.38578178283892,4.032445906273235,-3.3755551410760205,3.3924677146391655,3.801571611324281,3.3924677146411293,3.801571611297895,-3.5774746418575463,3.401770367656846,0.0,0.0,0.0,0.0,0.0,0.0,0.0,0.0,3.2667037634260848e-12,2.34122244526609e-10,0.021600094639006338
4,0.08726646259971647,6,5,1,0.3297208663457951,0.020582340936555046,-0.028773573651311442,-0.0017961480855544943,20.38578178277644,0.0,0.0,0.0,0.0,0.0,0.0,0.0,0.0,-3.5774746419035015,3.4017703675822504,-3.392467714561707,-3.801571611366443,-3.392467714568761,-3.8015716113474527,4.032445906319128,-3.375555141000864,3.2667037634260848e-12,2.34122244526609e-10,0.021600094639006338
4,0.08726646259971647,6,7,2,0.29098871714841734,-0.01809672141414683,0.025393556001971837,-0.0015792368624651327,18.025247225710366,-2.771691501043844,3.372092442327948,-3.388158000213338,-2.9693584256639185,-3.3881580002119556,-2.9693584256393115,3.173795720772345,-3.398278070876294,0.0,0.0,0.0,0.0,0.0,0.0,0.0,0.0,3.2667037634260848e-12,2.34122244526609e-10,0.021600094639006338
4,0.08726646259971647,6,5,3,0.29098871714842134,-0.01809672141372018,-0.025393556001972187,0.0015792368624279003,18.025247225569235,0.0,0.0,0.0,0.0,0.0,0.0,0.0,0.0,3.173795720813213,-3.3982780707935927,3.388158000128092,2.969358425700335,3.388158000131695,2.9693584256845265,-2.7716915010847707,3.372092442245227,3.2667037634260848e-12,2.34122244526609e-10,0.021600094639006338
4,0.08726646259971647,6,7,4,3.8675021170334154,0.0016667007451847751,0.33750322885042083,0.00014544707824458675,1.6221671827136541,0.3108996348390371,-0.2800911368719971,0.28076822356983194,0.2924913897887016,0.28076822354723135,0.2924913897992294,-0.2746440956513483,0.2808597665168561,0.0,0.0,0.0,0.0,0.0,0.0,0.0,0.0,3.2667037634260848e-12,2.34122244526609e-10,0.021600094639006338
4,0.08726646259971647,6,5,5,3.867502117032329,0.0016667007453349744,-0.337503228850326,-0.00014544707825769413,1.6221671811758374,0.0,0.0,0.0,0.0,0.0,0.0,0.0,0.0,-0.27464409507152604,0.28085976656520123,-0.2807682236037878,-0.29249138921842877,-0.2807682236112649,-0.292491389209945,0.3108996342592086,-0.2800911369204866,3.2667037634260848e-12,2.34122244526609e-10,0.021600094639006338
4,0.08726646259971647,6,7,6,3.8642278835080948,-0.00159825533880259,0.3372174980729407,-0.0001394740897484134,1.5552940548829848,-0.25178106444979115,0.2801022595972044,-0.28073317817999427,-0.2688812017586608,-0.2807331781567129,-0.26888120176909974,0.2865422671100578,-0.2808257734102474,0.0,0.0,0.0,0.0,0.0,0.0,0.0,0.0,3.2667037634260848e-12,2.34122244526609e-10,0.021600094639006338
4,0.08726646259971647,6,5,7,3.864227883508224,-0.0015982553397249528,-0.337217498072952,0.00013947408982890473,1.5552940534247037,0.0,0.0,0.0,0.0,0.0,0.0,0.0,0.0,0.28654226652950066,-0.2808257734609411,0.2807331782162775,0.2688812011879508,0.280733178223134,0.2688812011788433,-0.2517810638692731,0.28010225964805047,3.2667037634260848e-12,2.34122244526609e-10,0.021600094639006338
4,0.08726646259971647,6,7,8,7.454985854884363,0.001151495155107752,0.6505702442866816,0.00010048690888696535,1.138351218631536,0.21641187784973623,-0.19849048959001975,0.19885044317607334,0.2034902214530126,0.19885044331839646,0.20349022142127504,-0.1909658585328928,0.19880301918182422,0.0,0.0,0.0,0.0,0.0,0.0,0.0,0.0,3.2667037634260848e-12,2.34122244526609e-10,0.021600094639006338
4,0.08726646259971647,6,5,9,7.454985854894744,0.0011514951524742335,-0.6505702442875875,-0.00010048690865714752,1.138351212156767,0.0,0.0,0.0,0.0,0.0,0.0,0.0,0.0,-0.19096585393453466,0.19880302156737317,-0.19885044558374626,-0.2034902169890221,-0.19885044569102736,-0.2034902166932466,0.21641187325129305,-0.1984904919755858,3.2667037634260848e-12,2.34122244526609e-10,0.021600094639006338
4,0.08726646259971647,6,7,10,7.452696381978875,-0.0011166926908487695,0.6503704500850017,-9.74498209413309e-5,1.1108354292904734,-0.18155710507283176,0.1984902634076239,-0.19883496752054047,-0.19377395948250623,-0.19883496766292255,-0.19377395945154866,0.20638809585081125,-0.19879172658867844,0.0,0.0,0.0,0.0,0.0,0.0,0.0,0.0,3.2667037634260848e-12,2.34122244526609e-10,0.021600094639006338
4,0.08726646259971647,6,5,11,7.452696381982863,-0.0011166926910583796,-0.6503704500853498,9.744982095962283e-5,1.110835423309953,0.0,0.0,0.0,0.0,0.0,0.0,0.0,0.0,0.20638809125093938,-0.19879172897979452,0.19883496993373795,0.19377395501733047,0.19883497004109751,0.1937739547218019,-0.18155710047299045,0.19849026579868792,3.2667037634260848e-12,2.34122244526609e-10,0.021600094639006338
4,0.08726646259971647,6,7,12,0.9645110921820725,0.015507802487018198,0.08416947115291852,0.0013533110657371636,0.5292951470829772,0.1077715019597729,-0.08383467680900622,0.08448831424595674,0.10179668146166557,0.08448831424556527,0.10179668146044175,-0.09599063382866699,0.08493818954674243,0.0,0.0,0.0,0.0,0.0,0.0,0.0,0.0,3.2667037634260848e-12,2.34122244526609e-10,0.021600094639006338
4,0.08726646259971647,6,5,13,0.9645110921818727,0.015507802486718264,-0.08416947115290108,-0.0013533110657109894,0.5292951470801619,0.0,0.0,0.0,0.0,0.0,0.0,0.0,0.0,-0.09599063383155078,0.0849381895421151,-0.08448831424114377,-0.10179668146421267,-0.08448831424122398,-0.10179668146365418,0.1077715019626614,-0.08383467680448838,3.2667037634260848e-12,2.34122244526609e-10,0.021600094639006338
4,0.08726646259971647,6,7,14,0.9390600027830776,-0.009962232154803734,0.08194844461175908,-0.0008693687597468729,0.4247786398337575,-0.06040994724554055,0.08325733041032989,-0.08391592707544629,-0.06503684091629484,-0.08391592707467456,-0.06503684091590144,0.06983143619938684,-0.08444428235635563,0.0,0.0,0.0,0.0,0.0,0.0,0.0,0.0,3.2667037634260848e-12,2.34122244526609e-10,0.021600094639006338
4,0.08726646259971647,6,5,15,0.9390600027831375,-0.00996223215434991,-0.08194844461176432,0.0008693687597072692,0.4247786398323582,0.0,0.0,0.0,0.0,0.0,0.0,0.0,0.0,0.06983143620406945,-0.08444428235227033,0.08391592707119129,0.06503684092072054,0.08391592707079924,0.06503684092081433,-0.060409947250203766,0.0832573304062921,3.2667037634260848e-12,2.34122244526609e-10,0.021600094639006338
4,0.08726646259971647,6,7,16,4.4677844984662185,0.03193115430586911,0.3898877488389953,0.0027865188829989023,0.0034758799765095493,0.0006295913111162354,-0.0006384359964927425,0.0006375561479431626,0.0005901303916643698,0.0006375561479512364,0.0005901303916558044,-0.0005519434029651602,0.000635494764687485,0.0,0.0,0.0,0.0,0.0,0.0,0.0,0.0,3.2667037634260848e-12,2.34122244526609e-10,0.021600094639006338
4,0.08726646259971647,6,5,17,4.467784498466383,0.03193115430932553,-0.3898877488390096,-0.0027865188833005317,0.0034758799764674038,0.0,0.0,0.0,0.0,0.0,0.0,0.0,0.0,-0.0005519434029029116,0.0006354947647251953,-0.0006375561479857089,-0.0005901303915990224,-0.000637556147993287,-0.0005901303915986406,0.0006295913110562531,-0.0006384359965397284,3.2667037634260848e-12,2.34122244526609e-10,0.021600094639006338
4,0.08726646259971647,6,7,18,4.5539685254811095,0.003145034846578243,0.3974087240091832,0.00027445606581372525,0.0029376446862561436,0.0005627377890428598,-0.0005075409093698904,0.0005087485258804929,0.0005294009159587469,0.0005087485257961284,0.0005294009159830094,-0.0004970804801296744,0.0005088963240363149,0.0,0.0,0.0,0.0,0.0,0.0,0.0,0.0,3.2667037634260848e-12,2.34122244526609e-10,0.021600094639006338
4,0.08726646259971647,6,5,19,4.553968525481107,0.003145034845964366,-0.397408724009183,-0.0002744560657601544,0.0029376446859753083,0.0,0.0,0.0,0.0,0.0,0.0,0.0,0.0,-0.0004970804800845703,0.0005088963239803301,-0.0005087485257383109,-0.0005294009158804466,-0.0005087485258293706,-0.0005294009159711444,0.0005627377889980115,-0.0005075409093169327,3.2667037634260848e-12,2.34122244526609e-10,0.021600094639006338
4,0.08726646259971647,6,7,20,4.551662090041382,0.0009027584704621935,0.39720744954714354,7.878053829916626e-5,0.002768321469310878,-0.00043944517698063745,0.0005062563393985996,-0.0005079067121083448,-0.0004698582641862128,-0.0005079067120130189,-0.0004698582642328607,0.000501286224128401,-0.0005086163533206048,0.0,0.0,0.0,0.0,0.0,0.0,0.0,0.0,3.2667037634260848e-12,2.34122244526609e-10,0.021600094639006338
4,0.08726646259971647,6,5,21,4.551662090040627,0.0009027584708758384,-0.39720744954707765,-7.878053833526358e-5,0.0027683214688942076,0.0,0.0,0.0,0.0,0.0,0.0,0.0,0.0,0.0005012862241359199,-0.0005086163531700123,0.000507906711878644,0.00046985826417096947,0.0005079067119433194,0.00046985826426478136,-0.00043944517698998056,0.0005062563392498093,3.2667037634260848e-12,2.34122244526609e-10,0.021600094639006338
4,0.08726646259971647,6,5,22,4.404378407267225,-0.027501687186900266,-0.3843545235527841,0.002399974956324734,0.0020830894138392556,0.0,0.0,0.0,0.0,0.0,0.0,0.0,0.0,0.0004534661861473538,-0.0002883172175543104,0.0002931035216124108,0.0004303007324553863,0.00029310352160797336,0.00043030073245706196,-0.00040772062462166616,0.00029702863885541433,3.2667037634260848e-12,2.34122244526609e-10,0.021600094639006338
4,0.08726646259971647,6,7,23,4.404378407267908,-0.027501687184585108,0.38435452355284366,-0.002399974956122698,0.0020830894136721406,-0.00040772062455838513,0.00029702863887267434,-0.00029310352163112866,-0.00043030073239128005,-0.00029310352162875285,-0.0004303007323931691,0.000453466186082713,-0.00028831721757662264,0.0,0.0,0.0,0.0,0.0,0.0,0.0,0.0,3.2667037634260848e-12,2.34122244526609e-10,0.021600094639006338
4,0.08726646259971647,6,5,24,4.430578481199666,0.0003830105148031962,-0.3866409113247192,-3.3423972765371274e-5,0.0018731144672086326,0.0,0.0,0.0,0.0,0.0,0.0,0.0,0.0,0.0002068206963779254,-0.00043669668241729106,0.0004292353758495261,0.00018690194215255422,0.0004292353758301339,0.00018690194213660344,-0.00016784128400078167,0.0004213994072826623,3.2667037634260848e-12,2.34122244526609e-10,0.021600094639006338
4,0.08726646259971647,6,7,25,4.430578481198788,0.00038301051446577514,0.3866409113246427,3.342397273592573e-5,0.001873114466135388,-0.00016784128382733951,0.00042139940706844415,-0.00042923537563215985,-0.00018690194199577043,-0.0004292353756131065,-0.00018690194194691877,0.00020682069620514798,-0.0004366966821965414,0.0,0.0,0.0,0.0,0.0,0.0,0.0,0.0,3.2667037634260848e-12,2.34122244526609e-10,0.021600094639006338
4,0.08726646259971647,6,5,26,8.055011664008006,0.03239429822624196,-0.7029323741174346,-0.0028269358146044057,0.001004511723111507,0.0,0.0,0.0,0.0,0.0,0.0,0.0,0.0,-0.00015099609017601079,0.0001907153087172051,-0.000191812048747415,-0.00016199345178868275,-0.00019181204874567698,-0.00016199345178531844,0.00017337411312556635,-0.00019258441857247996,3.2667037634260848e-12,2.34122244526609e-10,0.021600094639006338
4,0.08726646259971647,6,7,27,8.05501166397952,0.03239429825370414,0.7029323741149488,0.002826935817000933,0.0010045117227507182,0.0001733741130001765,-0.00019258441855809518,0.00019181204872810412,0.00016199345167112612,0.0001918120487307876,0.00016199345166392984,-0.00015099609006228313,0.00019071530869768194,0.0,0.0,0.0,0.0,0.0,0.0,0.0,0.0,3.2667037634260848e-12,2.34122244526609e-10,0.021600094639006338
4,0.08726646259971647,6,5,28,4.43094721265321,0.004695783320470583,-0.38667308921431937,-0.00040978439951221856,0.0009618318741458083,0.0,0.0,0.0,0.0,0.0,0.0,0.0,0.0,-0.00021450266039290002,9.077084510486997e-5,-8.663627096193282e-5,-0.0002242438710129302,-8.66362709641548e-5,-0.00022424387101500204,0.00023415790551650396,-8.205303625594961e-5,3.2667037634260848e-12,2.34122244526609e-10,0.021600094639006338
4,0.08726646259971647,6,7,29,4.4309472126540435,0.004695783320950983,0.38667308921439203,0.0004097843995541414,0.0009618318726015863,0.00023415790513623872,-8.20530361731322e-5,8.663627087387845e-5,0.00022424387064783283,8.663627087861361e-5,0.0002242438706192388,-0.000214502660012742,9.077084501360167e-5,0.0,0.0,0.0,0.0,0.0,0.0,0.0,0.0,3.2667037634260848e-12,2.34122244526609e-10,0.021600094639006338
4,0.08726646259971647,6,7,30,8.147229965835098,0.0028583315806172196,0.7109799391048379,0.0002494364859775211,0.000896538642726884,0.0001701249119803794,-0.00015667026575863464,0.00015693320802480723,0.00015994756777059924,0.0001569332080624691,0.00015994756763021658,-0.00015008376961432465,0.00015687594164661838,0.0,0.0,0.0,0.0,0.0,0.0,0.0,0.0,3.2667037634260848e-12,2.34122244526609e-10,0.021600094639006338
4,0.08726646259971647,6,5,31,8.147229965835312,0.0028583315781332413,-0.7109799391048566,-0.0002494364857607531,0.0008965386426698463,0.0,0.0,0.0,0.0,0.0,0.0,0.0,0.0,-0.0001500837709124532,0.00015687594030252687,-0.00015693320666061163,-0.0001599475690811798,-0.00015693320673847714,-0.00015994756891451868,0.00017012491327995043,-0.000156670264417171,3.2667037634260848e-12,2.34122244526609e-10,0.021600094639006338
4,0.08726646259971647,6,7,32,8.144851573859311,0.001164729010288433,0.7107723852504354,0.00010164178061514033,0.0008484973530333325,-0.00013624634391393864,0.00015380496971608971,-0.00015421694250466027,-0.0001455726501890644,-0.00015421694255324315,-0.00014557265002130247,0.00015520709871342167,-0.00015433746189959463,0.0,0.0,0.0,0.0,0.0,0.0,0.0,0.0,3.2667037634260848e-12,2.34122244526609e-10,0.021600094639006338
4,0.08726646259971647,6,5,33,8.14485157385851,0.0011647290127068145,-0.7107723852503656,-0.00010164178082618393,0.000848497352861013,0.0,0.0,0.0,0.0,0.0,0.0,0.0,0.0,0.00015520710007542208,-0.00015433746055469233,0.00015421694114199638,0.00014557265155696296,0.0001542169412271867,0.00014557265137349026,-0.00013624634527463906,0.0001538049683748353,3.2667037634260848e-12,2.34122244526609e-10,0.021600094639006338
4,0.08726646259971647,6,5,34,7.991473672957943,-0.028406880120371902,-0.6973876383978032,0.0024789679415990642,0.0005921540517694945,0.0,0.0,0.0,0.0,0.0,0.0,0.0,0.0,0.00012193965196176628,-9.20036337233169e-5,9.283333563056705e-5,0.00011526676769189962,9.28333356338987e-5,0.00011526676769312819,-0.00010877931937553952,9.343231856981958e-5,3.2667037634260848e-12,2.34122244526609e-10,0.021600094639006338
4,0.08726646259971647,6,7,35,7.991473672965439,-0.028406880171827027,0.6973876383984573,-0.002478967946089371,0.0005921540516098053,-0.00010877931930315292,9.343231859453867e-5,-9.283333565967479e-5,-0.00011526676761917847,-9.283333566007737e-5,-0.00011526676761882314,0.00012193965188719055,-9.200363375399486e-5,0.0,0.0,0.0,0.0,0.0,0.0,0.0,0.0,3.2667037634260848e-12,2.34122244526609e-10,0.021600094639006338
4,0.08726646259971647,6,5,36,8.018849066105577,0.0011042762669600734,-0.6997765921200737,-9.636628355042577e-5,0.0005043146560974683,0.0,0.0,0.0,0.0,0.0,0.0,0.0,0.0,5.504702345324321e-5,-0.00011787520643520313,0.00011583734259497299,4.969507623482583e-5,0.00011583734260645331,4.969507632382556e-5,-4.457470417090709e-5,0.00011369985704051929,3.2667037634260848e-12,2.34122244526609e-10,0.021600094639006338
4,0.08726646259971647,6,7,37,8.018849066103778,0.0011042762679680657,0.6997765921199167,9.636628363838969e-5,0.0005043146536768398,-4.457470302319212e-5,0.00011369985686076703,-0.00011583734241630708,-4.969507516961103e-5,-0.00011583734244855437,-4.96950751044654e-5,5.504702231776865e-5,-0.00011787520627638102,0.0,0.0,0.0,0.0,0.0,0.0,0.0,0.0,3.2667037634260848e-12,2.34122244526609e-10,0.021600094639006338
4,0.08726646259971647,6,5,38,8.019315915515747,0.004020661908875053,-0.699817332416666,-0.0003508689420969495,0.0002928687467413655,0.0,0.0,0.0,0.0,0.0,0.0,0.0,0.0,-6.36662096283032e-5,3.124811256412399e-5,-3.015701459772388e-5,-6.669807738915661e-5,-3.0157014616070323e-5,-6.669807746995628e-5,6.979012580548015e-5,-2.893246031623777e-5,3.2667037634260848e-12,2.34122244526609e-10,0.021600094639006338
4,0.08726646259971647,6,7,39,8.019315915509445,0.00402066192737497,0.6998173324161161,0.0003508689437113718,0.00029286874204695,6.979012479251421e-5,-2.8932459689634746e-5,3.015701397085848e-5,6.669807645351511e-5,3.0157014006401205e-5,6.669807638814394e-5,-6.366620862431023e-5,3.124811195200072e-5,0.0,0.0,0.0,0.0,0.0,0.0,0.0,0.0,3.2667037634260848e-12,2.34122244526609e-10,0.021600094639006338
4,0.08726646259971647,6,7,40,8.052976284462412,0.020200913822541307,0.7027547537444429,0.0017628622905748964,0.0001366744953856965,3.524772431718635e-5,8.140693130582322e-7,2.918737007214184e-7,3.415884328450354e-5,2.9187370208342196e-7,3.415884328286568e-5,-3.307047767936339e-5,1.329498513859125e-6,0.0,0.0,0.0,0.0,0.0,0.0,0.0,0.0,3.2667037634260848e-12,2.34122244526609e-10,0.021600094639006338
4,0.08726646259971647,6,5,41,8.052976284461126,0.020200913823000745,-0.7027547537443306,-0.00176286229061499,0.000136674495121663,0.0,0.0,0.0,0.0,0.0,0.0,0.0,0.0,-3.307047761796206e-5,1.329498453477802e-6,-2.918736411241226e-7,-3.415884321847887e-5,-2.9187364255611314e-7,-3.41588432179248e-5,3.524772424753812e-5,8.140693716140111e-7,3.2667037634260848e-12,2.34122244526609e-10,0.021600094639006338
4,0.08726646259971647,6,5,42,8.015541188340515,-0.01737808694207938,-0.6994879253288045,0.0015165241741855915,0.0001356801737722876,0.0,0.0,0.0,0.0,0.0,0.0,0.0,0.0,2.8111535411328428e-5,-2.085150565147356e-5,2.105411668599352e-5,2.6584184775424045e-5,2.1054116686625283e-5,2.6584184774635325e-5,-2.5098889161661552e-5,2.1203517296585406e-5,3.2667037634260848e-12,2.34122244526609e-10,0.021600094639006338
4,0.08726646259971647,6,7,43,8.015541188339975,-0.01737808694276502,0.6994879253287574,-0.0015165241742454247,0.00013568017371258251,-2.5098889151195863e-5,2.1203517284779908e-5,-2.1054116675367496e-5,-2.6584184764310695e-5,-2.105411667646523e-5,-2.6584184764092225e-5,2.8111535400230632e-5,-2.0851505642583523e-5,0.0,0.0,0.0,0.0,0.0,0.0,0.0,0.0,3.2667037634260848e-12,2.34122244526609e-10,0.021600094639006338
4,0.08726646259971647,6,7,44,8.066690475219369,0.016728631702060244,0.7039515426592202,0.0014598485127722716,0.0001014202703177033,-1.5265373412823568e-5,1.9239598262271818e-5,-1.9349171242733397e-5,-1.6375834209222345e-5,-1.9349171238870245e-5,-1.6375834211513397e-5,1.7524960559981897e-5,-1.9425953885245763e-5,0.0,0.0,0.0,0.0,0.0,0.0,0.0,0.0,3.2667037634260848e-12,2.34122244526609e-10,0.021600094639006338
4,0.08726646259971647,6,5,45,8.06669047521819,0.01672863170159302,-0.7039515426591173,-0.0014598485127314987,0.00010142027028106458,0.0,0.0,0.0,0.0,0.0,0.0,0.0,0.0,1.752496058994501e-5,-1.9425953847893195e-5,1.9349171205740693e-5,1.637583424074661e-5,1.9349171201071597e-5,1.6375834239924037e-5,-1.5265373442868297e-5,1.9239598224896273e-5,3.2667037634260848e-12,2.34122244526609e-10,0.021600094639006338
4,0.08726646259971647,6,7,46,8.063101502476306,0.018995160206149747,0.7036383457035662,0.0016576404377055896,7.089983675835029e-5,2.7954025266018614e-6,-1.8074729713008026e-5,1.7589236814031205e-5,2.1531410074417116e-6,1.7589236812898993e-5,2.153141006793948e-6,-1.5460536198182922e-6,1.7099402457802504e-5,0.0,0.0,0.0,0.0,0.0,0.0,0.0,0.0,3.2667037634260848e-12,2.34122244526609e-10,0.021600094639006338
4,0.08726646259971647,6,5,47,8.06310150247609,0.01899516020553503,-0.7036383457035474,-0.0016576404376519454,7.089983670158275e-5,0.0,0.0,0.0,0.0,0.0,0.0,0.0,0.0,-1.546053634321043e-6,1.7099402441992332e-5,-1.758923679824542e-5,-2.1531410232000726e-6,-1.7589236796511907e-5,-2.153141020133455e-6,2.795402541215454e-6,-1.8074729696653714e-5,3.2667037634260848e-12,2.34122244526609e-10,0.021600094639006338
4,0.08726646259971647,6,5,48,8.031488379965431,-0.013534243584351215,-0.7008795803303107,0.0011810855615692378,6.56705415880341e-5,0.0,0.0,0.0,0.0,0.0,0.0,0.0,0.0,-1.2690140370724612e-5,9.584370265299332e-6,-9.472929261825644e-6,-1.3404019747934911e-5,-9.47292926357189e-6,-1.3404019749767672e-5,1.4136818158469103e-5,-9.334661301514998e-6,3.2667037634260848e-12,2.34122244526609e-10,0.021600094639006338
4,0.08726646259971647,6,7,49,8.031488379964882,-0.013534243584442149,0.7008795803302629,-0.0011810855615771733,6.567054153321705e-5,1.4136818167182932e-5,-9.334661265066647e-6,9.472929226125823e-6,1.3404019757014505e-5,9.47292922687551e-6,1.3404019758247522e-5,-1.2690140379620802e-5,9.584370229358745e-6,0.0,0.0,0.0,0.0,0.0,0.0,0.0,0.0,3.2667037634260848e-12,2.34122244526609e-10,0.021600094639006338
4,0.08726646259971647,6,7,50,8.021460873505534,-0.016939948462170562,0.7000045153128597,-0.001478289378915132,2.996499627138798e-5,-7.255896098433511e-6,8.065852498870919e-8,1.536722170361389e-7,-7.487801386367019e-6,1.5367221841370712e-7,-7.487801386320852e-6,7.719384354527162e-6,4.029782408729357e-7,0.0,0.0,0.0,0.0,0.0,0.0,0.0,0.0,3.2667037634260848e-12,2.34122244526609e-10,0.021600094639006338
4,0.08726646259971647,6,5,51,8.021460873504687,-0.01693994846246777,-0.7000045153127857,0.0014782893789410682,2.9964996227477174e-5,0.0,0.0,0.0,0.0,0.0,0.0,0.0,0.0,7.719384343634438e-6,4.029782349759482e-7,-1.5367221161338865e-7,7.487801375808706e-6,-1.5367221281812954e-7,7.487801375146329e-6,-7.255896087604732e-6,8.065853011472558e-8,3.2667037634260848e-12,2.34122244526609e-10,0.021600094639006338
4,0.08726646259971647,6,5,52,11.618453678091576,-0.017689382273242533,-1.0139013533657169,0.0015436898165600071,2.800765690472474e-5,0.0,0.0,0.0,0.0,0.0,0.0,0.0,0.0,5.34144744556802e-6,-4.865096316924533e-6,4.8750556134481295e-6,5.0235594720763626e-6,4.875055613275745e-6,5.023559471975962e-6,-4.715411552850895e-6,4.874958050811637e-6,3.2667037634260848e-12,2.34122244526609e-10,0.021600094639006338
4,0.08726646259971647,6,7,53,11.618453678090805,-0.017689382294276156,1.0139013533656496,-0.0015436898183955369,2.8007656888229895e-5,-4.715411543825421e-6,4.874958053962405e-6,-4.875055616946877e-6,-5.023559463170412e-6,-4.875055616677567e-6,-5.023559462694985e-6,5.341447436414716e-6,-4.865096320679295e-6,0.0,0.0,0.0,0.0,0.0,0.0,0.0,0.0,3.2667037634260848e-12,2.34122244526609e-10,0.021600094639006338
4,0.08726646259971647,6,7,54,11.63537778774177,-0.018030751400984084,1.015378260547539,-0.001573479892778763,1.1164317779925086e-5,-1.8541659793783693e-6,1.9675618613265257e-6,-1.969200979714854e-6,-1.9769879330791146e-6,-1.9692009797478496e-6,-1.976987933611793e-6,2.103744331369178e-6,-1.966882187839874e-6,0.0,0.0,0.0,0.0,0.0,0.0,0.0,0.0,3.2667037634260848e-12,2.34122244526609e-10,0.021600094639006338
4,0.08726646259971647,6,5,55,11.635377787746908,-0.01803075141595869,-1.0153782605479873,0.0015734798940855437,1.1164317686707109e-5,0.0,0.0,0.0,0.0,0.0,0.0,0.0,0.0,2.103744322037662e-6,-1.9668821624205345e-6,1.9692009550790044e-6,1.976987924955216e-6,1.969200955013271e-6,1.9769879251483993e-6,-1.85416597206179e-6,1.9675618373760894e-6,3.2667037634260848e-12,2.34122244526609e-10,0.021600094639006338
4,0.08726646259971647,6,5,56,11.631961718836834,-0.016114047036407814,-1.0150801522982082,0.0014062158830327545,1.0698903036542338e-5,0.0,0.0,0.0,0.0,0.0,0.0,0.0,0.0,2.1822754515201035e-6,-1.6896473028784364e-6,1.70313342908143e-6,2.0615337379619977e-6,1.7031334293267367e-6,2.06153373832129e-6,-1.9441941651653665e-6,1.7124930859096451e-6,3.2667037634260848e-12,2.34122244526609e-10,0.021600094639006338
4,0.08726646259971647,6,7,57,11.631961718848101,-0.0161140470295756,1.0150801522991917,-0.0014062158824365313,1.069890295057788e-5,-1.944194165688091e-6,1.7124930536908636e-6,-1.7031333960900672e-6,-2.0615337369632883e-6,-1.7031333964627998e-6,-2.0615337379834645e-6,2.182275449605801e-6,-1.689647269273792e-6,0.0,0.0,0.0,0.0,0.0,0.0,0.0,0.0,3.2667037634260848e-12,2.34122244526609e-10,0.021600094639006338
4,0.08726646259971647,6,7,58,11.627404657609633,-0.013358234777412367,1.0146824736850601,-0.0011657258956012883,9.619295245096499e-6,2.4017303311903717e-6,-6.238622126939745e-7,6.777527043252137e-7,2.3067163887707848e-6,6.777527053124865e-7,2.306716388720017e-6,-2.2130533369232165e-6,7.270284133007537e-7,0.0,0.0,0.0,0.0,0.0,0.0,0.0,0.0,3.2667037634260848e-12,2.34122244526609e-10,0.021600094639006338
4,0.08726646259971647,6,5,59,11.62740465761462,-0.013358234790370304,-1.0146824736854954,0.0011657258967320817,9.619295217228878e-6,0.0,0.0,0.0,0.0,0.0,0.0,0.0,0.0,-2.2130533305204115e-6,7.270284104050866e-7,-6.777527015752177e-7,-2.3067163823897366e-6,-6.777527022884055e-7,-2.3067163822704345e-6,2.401730324767862e-6,-6.23862209803522e-7,3.2667037634260848e-12,2.34122244526609e-10,0.021600094639006338
4,0.08726646259971647,6,5,60,11.598447494746356,-0.0014722087361457824,-1.0121554845150582,0.00012847444861184177,1.8312269538296446e-6,0.0,0.0,0.0,0.0,0.0,0.0,0.0,0.0,3.6398434306713513e-7,-3.011122921179905e-7,3.027519685890022e-7,3.432543949573928e-7,3.027519685086697e-7,3.4325439503621184e-7,-3.231292637517913e-7,3.0370453137198095e-7,3.2667037634260848e-12,2.34122244526609e-10,0.021600094639006338
4,0.08726646259971647,6,7,61,11.598447494746228,-0.0014722087371477482,1.0121554845150469,-0.0001284744486992798,1.831226951061359e-6,-3.2312926376852044e-7,3.03704530298184e-7,-3.027519675036956e-7,-3.432543949252054e-7,-3.027519674525701e-7,-3.432543951097236e-7,3.639843430943974e-7,-3.011122910502821e-7,0.0,0.0,0.0,0.0,0.0,0.0,0.0,0.0,3.2667037634260848e-12,2.34122244526609e-10,0.021600094639006338
4,0.08726646259971647,6,7,62,8.684569713718703,0.01596737604791016,0.7578716781168636,0.0013934164247005607,1.1512902380239541e-6,2.3577131042730177e-7,-1.8059879025842464e-7,1.8211742067629938e-7,2.2278621250615695e-7,1.8211742074079882e-7,2.2278621264145114e-7,-2.101649036245694e-7,1.8319011494266347e-7,0.0,0.0,0.0,0.0,0.0,0.0,0.0,0.0,3.2667037634260848e-12,2.34122244526609e-10,0.021600094639006338
4,0.08726646259971647,6,5,63,8.684569713718515,0.015967376048424596,-0.7578716781168472,-0.0013934164247454536,1.1512902358477882e-6,0.0,0.0,0.0,0.0,0.0,0.0,0.0,0.0,-2.1016490271107245e-7,1.831901151754885e-7,-1.8211742093527626e-7,-2.227862115986724e-7,-1.8211742103637743e-7,-2.2278621169023634e-7,2.3577130948345815e-7,-1.8059879058213043e-7,3.2667037634260848e-12,2.34122244526609e-10,0.021600094639006338
4,0.08726646259971647,6,7,64,11.603039081183907,0.0015211219936586036,1.012556176021184,0.0001327429355692147,1.0398711383087474e-6,1.3466321946447218e-7,-2.319991662779131e-7,2.2879493665672737e-7,1.232979008872034e-7,2.2879493668766143e-7,1.2329790082923607e-7,-1.1238992506982215e-7,2.2534365392260567e-7,0.0,0.0,0.0,0.0,0.0,0.0,0.0,0.0,3.2667037634260848e-12,2.34122244526609e-10,0.021600094639006338
4,0.08726646259971647,6,5,65,11.603039081184006,0.0015211219931787305,-1.0125561760211927,-0.00013274293552733787,1.0398711375089726e-6,0.0,0.0,0.0,0.0,0.0,0.0,0.0,0.0,-1.1238992514260924e-7,2.253436536561475e-7,-2.2879493641023252e-7,-1.232979009595684e-7,-2.2879493640113523e-7,-1.2329790090240503e-7,1.3466321953776898e-7,-2.3199916601148048e-7,3.2667037634260848e-12,2.34122244526609e-10,0.021600094639006338
4,0.08726646259971647,6,5,66,8.700088194046284,0.012354636661259605,-0.7592259209999749,-0.0010781454381328973,9.518786959373547e-7,0.0,0.0,0.0,0.0,0.0,0.0,0.0,0.0,1.7348222225644354e-7,-1.7377864693086409e-7,1.7360385338886033e-7,1.6267447524481983e-7,1.736038533378862e-7,1.626744752671858e-7,-1.5221361026315744e-7,1.7310336396445845e-7,3.2667037634260848e-12,2.34122244526609e-10,0.021600094639006338
4,0.08726646259971647,6,7,67,8.700088194047892,0.012354636661460403,0.7592259210001152,0.0010781454381504202,9.51878694901143e-7,-1.522136103233268e-7,1.73103363571872e-7,-1.7360385300821717e-7,-1.6267447532205733e-7,-1.7360385290612211e-7,-1.626744752992056e-7,1.7348222230510622e-7,-1.737786465106422e-7,0.0,0.0,0.0,0.0,0.0,0.0,0.0,0.0,3.2667037634260848e-12,2.34122244526609e-10,0.021600094639006338
4,0.08726646259971647,6,7,68,8.658223410010017,-0.010354563585601897,0.7555725293896287,-0.0009036061358793141,8.42803843775138e-7,-1.1493570032316034e-7,1.6865388224175775e-7,-1.7023076899558648e-7,-1.240733967226475e-7,-1.7023076892513263e-7,-1.240733966259098e-7,1.3355130607561543e-7,-1.7155916867623752e-7,0.0,0.0,0.0,0.0,0.0,0.0,0.0,0.0,3.2667037634260848e-12,2.34122244526609e-10,0.021600094639006338
4,0.08726646259971647,6,5,69,8.658223410010315,-0.010354563585205433,-0.7555725293896548,0.0009036061358447161,8.428038399021355e-7,0.0,0.0,0.0,0.0,0.0,0.0,0.0,0.0,1.3355130588114873e-7,-1.7155916757797434e-7,1.7023076791950028e-7,1.2407339651624862e-7,1.702307678889515e-7,1.2407339644277087e-7,-1.1493570012766485e-7,1.6865388122476103e-7,3.2667037634260848e-12,2.34122244526609e-10,0.021600094639006338
4,0.08726646259971647,6,7,70,8.698192347251382,0.014085045556309662,0.7590604771565528,0.001229152101255,8.278198340658608e-7,9.781396504719274e-8,-1.8982918082065702e-7,1.8682822460930272e-7,8.890544555344029e-8,1.8682822469314866e-7,8.890544543868706e-8,-8.037040420954335e-8,1.8364908411311383e-7,0.0,0.0,0.0,0.0,0.0,0.0,0.0,0.0,3.2667037634260848e-12,2.34122244526609e-10,0.021600094639006338
4,0.08726646259971647,6,5,71,8.69819234725116,0.01408504555545223,-0.7590604771565334,-0.0012291521011801748,8.278198310569172e-7,0.0,0.0,0.0,0.0,0.0,0.0,0.0,0.0,-8.037040392593015e-8,1.8364908340050438e-7,-1.868282239115476e-7,-8.890544523445402e-8,-1.8682822400131028e-7,-8.89054451745946e-8,9.781396474984042e-8,-1.8982918014468304e-7,3.2667037634260848e-12,2.34122244526609e-10,0.021600094639006338
4,0.08726646259971647,6,7,72,8.678035580365135,-0.006093666558664727,0.7573014674129429,-0.0005317727248368584,7.25733479654464e-7,1.7038172825554409e-7,-7.758133784341316e-8,8.03513635232999e-8,1.6262006505320625e-7,8.035136358564894e-8,1.6262006514409596e-7,-1.5501877926768048e-7,8.279598875996014e-8,0.0,0.0,0.0,0.0,0.0,0.0,0.0,0.0,3.2667037634260848e-12,2.34122244526609e-10,0.021600094639006338
4,0.08726646259971647,6,5,73,8.678035580366075,-0.006093666558631795,-0.757301467413025,0.0005317727248339845,7.25733476573683e-7,0.0,0.0,0.0,0.0,0.0,0.0,0.0,0.0,-1.5501877867119974e-7,8.279598824353843e-8,-8.035136297940197e-8,-1.626200644565704e-7,-8.03513630652508e-8,-1.6262006454802987e-7,1.7038172765932958e-7,-7.758133729327109e-8,3.2667037634260848e-12,2.34122244526609e-10,0.021600094639006338
4,0.08726646259971647,6,5,74,11.616365588118581,-0.01665530246031926,-1.0137191331401836,0.0014534493292404163,2.456574804586445e-7,0.0,0.0,0.0,0.0,0.0,0.0,0.0,0.0,1.3767384593029164e-10,6.337068037058191e-8,-6.136394527721913e-8,2.0754110900597217e-9,-6.136394534537131e-8,2.075411096287869e-9,-3.890416423117236e-9,-5.9361238344846576e-8,3.2667037634260848e-12,2.34122244526609e-10,0.021600094639006338
4,0.08726646259971647,6,7,75,11.616365588107293,-0.01665530245565374,1.0137191331391986,-0.0014534493288332732,2.456574652524906e-7,-3.890423922203888e-9,-5.936123415499723e-8,6.136394126600467e-8,-2.0754189146882494e-9,6.13639412204083e-8,-2.0754189538007766e-9,1.376820345079226e-10,6.337067643852392e-8,0.0,0.0,0.0,0.0,0.0,0.0,0.0,0.0,3.2667037634260848e-12,2.34122244526609e-10,0.021600094639006338
4,0.08726646259971647,6,7,76,8.670105387238433,-0.009128211713387624,0.756609427511043,-0.0007965867460886349,1.7645486946921803e-7,-3.880838899066939e-8,1.788292358289835e-8,-1.71810319809043e-8,-4.061847224518672e-8,-1.718103193598683e-8,-4.061847218858143e-8,4.246283623562004e-8,-1.6397869109210357e-8,0.0,0.0,0.0,0.0,0.0,0.0,0.0,0.0,3.2667037634260848e-12,2.34122244526609e-10,0.021600094639006338
4,0.08726646259971647,6,5,77,8.67010538723678,-0.009128211714299832,-0.7566094275108989,0.0007965867461682401,1.764548693031587e-7,0.0,0.0,0.0,0.0,0.0,0.0,0.0,0.0,4.246283625938443e-8,-1.6397868936235697e-8,1.7181031807441893e-8,4.061847226851203e-8,1.7181031778900132e-8,4.061847221485327e-8,-3.8808389016298437e-8,1.788292342495694e-8,3.2667037634260848e-12,2.34122244526609e-10,0.021600094639006338
4,0.08726646259971647,6,7,78,5.127183605775551,0.002255097070967521,0.44743117637529156,0.00019679434420231734,1.256680012280607e-7,-2.9464355778630387e-8,-7.612442654430763e-9,8.814888109645785e-9,-3.014685214120736e-8,8.814888096020145e-9,-3.014685224606586e-8,3.0811658556201745e-8,1.0077609565367467e-8,0.0,0.0,0.0,0.0,0.0,0.0,0.0,0.0,3.2667037634260848e-12,2.34122244526609e-10,0.021600094639006338
4,0.08726646259971647,6,5,79,5.127183605776336,0.0022550970717475152,-0.4474311763753601,-0.0001967943442703847,1.2566800064070838e-7,0.0,0.0,0.0,0.0,0.0,0.0,0.0,0.0,3.081165836279592e-8,1.00776097185194e-8,-8.81488827846708e-9,3.014685195160178e-8,-8.814888244183923e-9,3.0146852036593e-8,-2.9464355573980854e-8,-7.612442818667818e-9,3.2667037634260848e-12,2.34122244526609e-10,0.021600094639006338
5,0.05038331567317271,7,6,0,0.24549329434645806,0.05164618202509204,-0.012368766144704701,-0.0026021058922843505,35.90574064394379,0.0,0.0,0.0,0.0,0.0,0.0,0.0,0.0,-5.935461831229156,6.353944308001398,-6.360944597953179,-6.330444624498287,-6.3609445979617405,-6.330444624467703,6.738136633334703,-6.3552712894496945,3.4499643512472854e-12,4.2624242514942916e-10,0.03475552205107695
5,0.05038331567317271,7,8,1,0.24549329434658596,0.05164618202491375,0.012368766144711146,0.0026021058922753677,35.90574064394126,6.738136633334569,-6.355271289449104,6.3609445979524475,6.330444624497912,6.360944597961017,6.330444624467745,-5.935461831228968,6.353944308000539,0.0,0.0,0.0,0.0,0.0,0.0,0.0,0.0,3.4499643512472854e-12,4.2624242514942916e-10,0.03475552205107695
5,0.05038331567317271,7,8,2,2.128070291377267,0.004694034687575566,0.10721923726516147,0.00023650103144494237,2.062396256281476,0.423183633905318,-0.32243685477061385,0.3252169236455033,0.39992946347704783,0.32521692365135413,0.39992946347651004,-0.3773249263869737,0.32719648396605944,0.0,0.0,0.0,0.0,0.0,0.0,0.0,0.0,3.4499643512472854e-12,4.2624242514942916e-10,0.03475552205107695
5,0.05038331567317271,7,6,3,2.128070291377232,0.004694034687547519,-0.1072192372651597,-0.00023650103144352925,2.0623962562404587,0.0,0.0,0.0,0.0,0.0,0.0,0.0,0.0,-0.3773249263844883,0.3271964839528334,-0.3252169236317859,-0.39992946347450176,-0.3252169236386381,-0.399929463474099,0.4231836339028745,-0.3224368547574006,3.4499643512472854e-12,4.2624242514942916e-10,0.03475552205107695
5,0.05038331567317271,7,6,4,6.759327324220367,0.0037545036164028933,-0.3405573223144966,-0.00018916434090129552,1.642433039245493,0.0,0.0,0.0,0.0,0.0,0.0,0.0,0.0,-0.2839871385092581,0.27846477315243734,-0.27799253572935056,-0.30205146638805264,-0.27799253572577765,-0.3020514664134209,0.320671174704755,-0.2769156399901222,3.4499643512472854e-12,4.2624242514942916e-10,0.03475552205107695
5,0.05038331567317271,7,8,5,6.759327324218672,0.003754503618334966,0.34055732231441116,0.00018916434099863975,1.6424330381620982,0.3206711744883551,-0.2769156398251426,0.2779925355544798,0.3020514661890113,0.27799253557116393,0.30205146617935513,-0.2839871382928785,0.27846477298749867,0.0,0.0,0.0,0.0,0.0,0.0,0.0,0.0,3.4499643512472854e-12,4.2624242514942916e-10,0.03475552205107695
5,0.05038331567317271,7,6,6,6.7394641474472845,-0.0020403542373370054,-0.33955654960886633,0.00010279981162484589,1.4116596584666166,0.0,0.0,0.0,0.0,0.0,0.0,0.0,0.0,0.2612451528819869,-0.25369616538982054,0.2536855994714789,0.24521490401914312,0.25368559946755564,0.24521490404451443,-0.22969153544331603,0.2531840968615367,3.4499643512472854e-12,4.2624242514942916e-10,0.03475552205107695
5,0.05038331567317271,7,8,7,6.739464147445455,-0.0020403542320518372,0.3395565496087741,-0.0001027998113585616,1.4116596573913553,-0.2296915352278054,0.25318409669576647,-0.2536855992957483,-0.24521490382087632,-0.2536855993123232,-0.24521490381146974,0.2612451526665232,-0.2536961652241997,0.0,0.0,0.0,0.0,0.0,0.0,0.0,0.0,3.4499643512472854e-12,4.2624242514942916e-10,0.03475552205107695
5,0.05038331567317271,7,8,8,2.1067685941858354,-0.0018958084358254162,0.10614598713119124,-9.551711487805573e-5,1.3231784358051983,-0.20842647940317532,0.2433691451758336,-0.24425474358946617,-0.22295749045187746,-0.24425474359478194,-0.2229574904521266,0.23797656458495683,-0.24469393896452735,0.0,0.0,0.0,0.0,0.0,0.0,0.0,0.0,3.4499643512472854e-12,4.2624242514942916e-10,0.03475552205107695
5,0.05038331567317271,7,6,9,2.106768594185852,-0.0018958084356815938,-0.10614598713119207,9.551711487080948e-5,1.3231784357615488,0.0,0.0,0.0,0.0,0.0,0.0,0.0,0.0,0.2379765645830655,-0.2446939389514355,0.2442547435758348,0.2229574904498972,0.24425474358229537,0.22295749045032937,-0.20842647940131248,0.24336914516280272,3.4499643512472854e-12,4.2624242514942916e-10,0.03475552205107695
5,0.05038331567317271,7,8,10,12.951062286148606,0.0012210882276668944,0.6525174594659471,6.152247363933612e-5,1.171658533064361,0.22534171455461852,-0.20142917812720298,0.20196993718410003,0.2120478144756496,0.20196993718090803,0.2120478144508006,-0.19915742974664957,0.2020861970978669,0.0,0.0,0.0,0.0,0.0,0.0,0.0,0.0,3.4499643512472854e-12,4.2624242514942916e-10,0.03475552205107695
5,0.05038331567317271,7,6,11,12.951062286148574,0.001221088242090107,-0.6525174594659454,-6.152247436602541e-5,1.1716585311661336,0.0,0.0,0.0,0.0,0.0,0.0,0.0,0.0,-0.19915742826505506,0.2020861979638556,-0.20196993804260482,-0.21204781301475764,-0.20196993805745414,-0.21204781295030722,0.2253417130730986,-0.201429178993305,3.4499643512472854e-12,4.2624242514942916e-10,0.03475552205107695
5,0.05038331567317271,7,8,12,12.936520521208088,-0.0025660966303216667,0.6517847971325038,-0.0001292884565733613,1.0689163019529515,-0.17521257805081483,0.1905351018439968,-0.19083556487828204,-0.18696924999037692,-0.1908355648750764,-0.18696924996557723,0.19910721871469655,-0.19076170811697907,0.0,0.0,0.0,0.0,0.0,0.0,0.0,0.0,3.4499643512472854e-12,4.2624242514942916e-10,0.03475552205107695
5,0.05038331567317271,7,6,13,12.936520521213833,-0.0025660966387060016,-0.6517847971327932,0.0001292884569957919,1.0689163002778899,0.0,0.0,0.0,0.0,0.0,0.0,0.0,0.0,0.19910721723024097,-0.19076170898376602,0.1908355657377114,0.1869692485265706,0.1908355657522512,0.186969248462195,-0.17521257656634381,0.1905351027108444,3.4499643512472854e-12,4.2624242514942916e-10,0.03475552205107695
5,0.05038331567317271,7,6,14,2.2293713382550786,0.09919087443004089,-0.11232311988802912,-0.004997565138306785,0.15596445440649126,0.0,0.0,0.0,0.0,0.0,0.0,0.0,0.0,-0.001681684233102566,0.037731003013907076,-0.03886832758254084,-0.002966606208850005,-0.038868327582353014,-0.00296660620873496,0.004329258828703586,-0.03999964120793002,3.4499643512472854e-12,4.2624242514942916e-10,0.03475552205107695
5,0.05038331567317271,7,8,15,2.229371338255106,0.0991908744298843,0.11232311988803051,0.004997565138298896,0.15596445440631446,0.0043292588292268095,-0.039999641207831504,0.03886832758245028,0.002966606209338231,0.03886832758227657,0.002966606209271829,-0.001681684233604347,0.037731003013838,0.0,0.0,0.0,0.0,0.0,0.0,0.0,0.0,3.4499643512472854e-12,4.2624242514942916e-10,0.03475552205107695
5,0.05038331567317271,7,8,16,6.8614909160230315,0.09990133757665057,0.34570466281059536,0.005033360627296576,0.04754190549397743,-0.0024730980231825518,-0.012012166528643908,0.011556789894946792,-0.0027630785588889637,0.011556789894923765,-0.0027630785590042548,0.003029940011881341,0.011106916299267716,0.0,0.0,0.0,0.0,0.0,0.0,0.0,0.0,3.4499643512472854e-12,4.2624242514942916e-10,0.03475552205107695
5,0.05038331567317271,7,6,17,6.861490916023117,0.09990133757879927,-0.3457046628105997,-0.005033360627404834,0.04754190549339464,0.0,0.0,0.0,0.0,0.0,0.0,0.0,0.0,0.003029940012358368,0.01110691629900251,-0.011556789894771624,0.0027630785592784564,-0.01155678989456905,0.0027630785595796972,-0.002473098023670269,-0.012012166528378604,3.4499643512472854e-12,4.2624242514942916e-10,0.03475552205107695
5,0.05038331567317271,7,8,18,13.082502629622319,0.1023042899358612,0.6591398597833733,0.005154429334558281,0.01821844768186735,-0.002041783136690107,-0.004233009132240514,0.0040366724381612935,-0.0021069895098239297,0.004036672438196786,-0.0021069895099835004,0.0021641183323395773,0.0038445416455950648,0.0,0.0,0.0,0.0,0.0,0.0,0.0,0.0,3.4499643512472854e-12,4.2624242514942916e-10,0.03475552205107695
5,0.05038331567317271,7,6,19,13.082502629637123,0.10230428993101173,-0.6591398597841193,-0.005154429334313948,0.018218447677448842,0.0,0.0,0.0,0.0,0.0,0.0,0.0,0.0,0.002164118332702282,0.0038445416441833845,-0.004036672436823362,0.0021069895102935323,-0.004036672436624805,0.0021069895103167945,-0.002041783137132685,-0.004233009130741232,3.4499643512472854e-12,4.2624242514942916e-10,0.03475552205107695
5,0.05038331567317271,7,6,20,4.446131177874758,0.05164963967192653,-0.22401083065919913,-0.0026022800999962992,0.0007939203883140774,0.0,0.0,0.0,0.0,0.0,0.0,0.0,0.0,-0.00013689924164185762,0.00013498551133465285,-0.00013478151151443855,-0.0001456317893571506,-0.000134781511516216,-0.00014563178935527238,0.0001546336085607636,-0.00013428597884581519,3.4499643512472854e-12,4.2624242514942916e-10,0.03475552205107695
5,0.05038331567317271,7,8,21,4.446131177874665,0.0516496396721884,0.22401083065919444,0.0026022801000094927,0.0007939203883036418,0.00015463360856556995,-0.00013428597883699783,0.00013478151150601468,0.00014563178936118686,0.00013478151150659052,0.00014563178936081005,-0.00013689924164665592,0.00013498551132544264,0.0,0.0,0.0,0.0,0.0,0.0,0.0,0.0,3.4499643512472854e-12,4.2624242514942916e-10,0.03475552205107695
5,0.05038331567317271,7,8,22,9.080950982596367,0.0519581678776506,0.45752841996876065,0.0026178247739793723,0.0004716933646519455,7.12427878862e-5,-9.8643222543973e-5,9.770943317930275e-5,6.596844641483366e-5,9.770943318010375e-5,6.596844641375198e-5,-6.08893916766335e-5,9.664351163580365e-5,0.0,0.0,0.0,0.0,0.0,0.0,0.0,0.0,3.4499643512472854e-12,4.2624242514942916e-10,0.03475552205107695
5,0.05038331567317271,7,6,23,9.08095098259778,0.051958167877172556,-0.45752841996883187,-0.002617824773955287,0.0004716933646442989,0.0,0.0,0.0,0.0,0.0,0.0,0.0,0.0,-6.0889391735854664e-5,9.664351159577119e-5,-9.770943313586932e-5,-6.596844647513646e-5,-9.770943313848757e-5,-6.596844647256395e-5,7.12427879460387e-5,-9.864322249889585e-5,3.4499643512472854e-12,4.2624242514942916e-10,0.03475552205107695
5,0.05038331567317271,7,6,24,4.475468562071225,0.04705281247210376,-0.22548894534819489,-0.0023706767040926014,0.0004181407174443563,0.0,0.0,0.0,0.0,0.0,0.0,0.0,0.0,6.723825828370158e-5,-8.43442068952114e-5,8.373954224518943e-5,6.252867447829363e-5,8.373954225008092e-5,6.25286744797338e-5,-5.7986444534027986e-5,8.300965289734704e-5,3.4499643512472854e-12,4.2624242514942916e-10,0.03475552205107695
5,0.05038331567317271,7,8,25,4.475468562071073,0.047052812470301165,0.2254889453481872,0.002370676704001781,0.0004181407173933304,-5.798644451241163e-5,8.300965289772619e-5,-8.373954224739722e-5,-6.252867445784088e-5,-8.373954224845898e-5,-6.25286744567863e-5,6.72382582619045e-5,-8.434420689537356e-5,0.0,0.0,0.0,0.0,0.0,0.0,0.0,0.0,3.4499643512472854e-12,4.2624242514942916e-10,0.03475552205107695
5,0.05038331567317271,7,8,26,9.108147792496435,0.047212382667880526,0.4588986854272591,0.0023787163796384525,0.0002851882114560205,-4.242616242500937e-5,5.449306765800347e-5,-5.482987717640713e-5,-4.554575216722442e-5,-5.482987717445234e-5,-4.554575215707011e-5,4.877491045228201e-5,-5.5075485619682816e-5,0.0,0.0,0.0,0.0,0.0,0.0,0.0,0.0,3.4499643512472854e-12,4.2624242514942916e-10,0.03475552205107695
5,0.05038331567317271,7,6,27,9.10814779249489,0.047212382670014104,-0.4588986854271812,-0.0023787163797459494,0.0002851882113690897,0.0,0.0,0.0,0.0,0.0,0.0,0.0,0.0,4.877491048807807e-5,-5.50754855618655e-5,5.482987711258803e-5,4.554575219738227e-5,5.482987712254845e-5,4.554575219807795e-5,-4.2426162460505054e-5,5.449306760016028e-5,3.4499643512472854e-12,4.2624242514942916e-10,0.03475552205107695
5,0.05038331567317271,7,8,28,4.4802998656359,0.05203119975080758,0.22573236244080686,0.0026215043618988436,0.0002049957181906297,3.1497861897966606e-5,-4.247756138752563e-5,4.2100567229704735e-5,2.920074091353906e-5,4.2100567222120036e-5,2.920074090956721e-5,-2.69877625737643e-5,4.16650874398642e-5,0.0,0.0,0.0,0.0,0.0,0.0,0.0,0.0,3.4499643512472854e-12,4.2624242514942916e-10,0.03475552205107695
5,0.05038331567317271,7,6,29,4.480299865635769,0.052031199751215396,-0.22573236244080022,-0.0026215043619193905,0.00020499571818892407,0.0,0.0,0.0,0.0,0.0,0.0,0.0,0.0,-2.6987762590536255e-5,4.166508742724316e-5,-4.2100567215608494e-5,-2.920074092883836e-5,-4.2100567212043834e-5,-2.9200740927563018e-5,3.149786191454399e-5,-4.247756137604992e-5,3.4499643512472854e-12,4.2624242514942916e-10,0.03475552205107695
5,0.05038331567317271,7,8,30,9.11287509421171,0.05172816431649402,0.45913686256186204,0.0026062364319516663,0.00013932655105400505,2.096890959565372e-5,-2.919039122348965e-5,2.8910596893004742e-5,1.9411708781321247e-5,2.891059688752113e-5,1.941170876949984e-5,-1.791229026744259e-5,2.859192135689595e-5,0.0,0.0,0.0,0.0,0.0,0.0,0.0,0.0,3.4499643512472854e-12,4.2624242514942916e-10,0.03475552205107695
5,0.05038331567317271,7,6,31,9.112875094211144,0.051728164316227246,-0.4591368625618336,-0.0026062364319382257,0.00013932655086424544,0.0,0.0,0.0,0.0,0.0,0.0,0.0,0.0,-1.791229027242033e-5,2.8591921295773928e-5,-2.8910596826235205e-5,-1.94117087811946e-5,-2.891059683309093e-5,-1.941170877978569e-5,2.0968909601002158e-5,-2.9190391163444443e-5,3.4499643512472854e-12,4.2624242514942916e-10,0.03475552205107695
5,0.05038331567317271,7,8,32,9.079564588187047,0.051443346866002534,0.45745856882158836,0.002591886384434326,0.00011162865161404157,2.634935227760264e-5,1.1616039922238342e-5,-1.0441457947940271e-5,2.5872702417517894e-5,-1.0441457948355862e-5,2.5872702417191014e-5,-2.5375117916729542e-5,-9.318600444231297e-6,0.0,0.0,0.0,0.0,0.0,0.0,0.0,0.0,3.4499643512472854e-12,4.2624242514942916e-10,0.03475552205107695
5,0.05038331567317271,7,6,33,9.0795645881871,0.05144334686659535,-0.457458568821591,-0.002591886384464194,0.00011162865133173076,0.0,0.0,0.0,0.0,0.0,0.0,0.0,0.0,-2.5375117860052515e-5,-9.318600399581487e-6,1.0441457900614617e-5,-2.5872702360255943e-5,1.0441457900755938e-5,-2.587270236057524e-5,2.6349352220473136e-5,1.161603987188163e-5,3.4499643512472854e-12,4.2624242514942916e-10,0.03475552205107695
5,0.05038331567317271,7,8,34,10.978291047451357,-0.001014070946944376,0.5531227033957076,-5.109225663489167e-5,2.2301664753913752e-5,-3.4624927634569755e-6,4.144572410504558e-6,-4.162494596189112e-6,-3.7072063957864894e-6,-4.162494596210183e-6,-3.707206395815279e-6,3.960237594602886e-6,-4.172994051538726e-6,0.0,0.0,0.0,0.0,0.0,0.0,0.0,0.0,3.4499643512472854e-12,4.2624242514942916e-10,0.03475552205107695
5,0.05038331567317271,7,6,35,10.978291047451084,-0.0010140709489414312,-0.5531227033956938,5.109225673550994e-5,2.230166474938785e-5,0.0,0.0,0.0,0.0,0.0,0.0,0.0,0.0,3.960237596852706e-6,-4.172994047867165e-6,4.162494592623422e-6,3.70720639805451e-6,4.162494592685791e-6,3.7072063981039644e-6,-3.462492765761281e-6,4.144572407084367e-6,3.4499643512472854e-12,4.2624242514942916e-10,0.03475552205107695
5,0.05038331567317271,7,6,36,10.99893362324348,0.005372052288421282,-0.5541627448081495,-0.0002706618062603193,2.0094170770502117e-5,0.0,0.0,0.0,0.0,0.0,0.0,0.0,0.0,-3.2538662224442573e-6,3.6180781850169403e-6,-3.6261751069804443e-6,-3.474799487812165e-6,-3.6261751068946745e-6,-3.4747994878772522e-6,3.7029781466188377e-6,-3.6273151844889167e-6,3.4499643512472854e-12,4.2624242514942916e-10,0.03475552205107695
5,0.05038331567317271,7,8,37,10.99893362324288,0.0053720522863216005,0.5541627448081193,0.0002706618061545304,2.009417076873337e-5,3.7029781433956423e-6,-3.6273151870536224e-6,3.6261751094490858e-6,3.4747994846381885e-6,3.6261751093800403e-6,3.474799484605817e-6,-3.2538662192226103e-6,3.6180781874054195e-6,0.0,0.0,0.0,0.0,0.0,0.0,0.0,0.0,3.4499643512472854e-12,4.2624242514942916e-10,0.03475552205107695
5,0.05038331567317271,7,6,38,9.114419545035211,0.052015366887465,-0.4592146771152443,-0.002620706649747044,1.0737957923788634e-5,0.0,0.0,0.0,0.0,0.0,0.0,0.0,0.0,-2.247138174986702e-6,-1.3084300875796014e-6,1.4231350393079479e-6,-2.275427706340469e-6,1.4231350381689566e-6,-2.275427705958041e-6,2.3008664192093816e-6,1.5423879944988026e-6,3.4499643512472854e-12,4.2624242514942916e-10,0.03475552205107695
5,0.05038331567317271,7,8,39,9.114419545037286,0.052015366887363815,0.4592146771153488,0.002620706649741946,1.0737957894755705e-5,2.3008664136077816e-6,1.5423879895659944e-6,-1.4231350346284957e-6,2.2754277002036817e-6,-1.4231350346426738e-6,2.2754277001061065e-6,-2.247138168666051e-6,-1.3084300842894383e-6,0.0,0.0,0.0,0.0,0.0,0.0,0.0,0.0,3.4499643512472854e-12,4.2624242514942916e-10,0.03475552205107695
5,0.05038331567317271,7,8,40,6.364383311771551,0.005667925485271355,0.3206587334620584,0.0002855688789364473,2.6523633163590998e-6,5.167450968455211e-7,-4.484688282864493e-7,4.501336110563505e-7,4.866719453870647e-7,4.5013361084380373e-7,4.866719454907514e-7,-4.5749808700630336e-7,4.508241504295553e-7,0.0,0.0,0.0,0.0,0.0,0.0,0.0,0.0,3.4499643512472854e-12,4.2624242514942916e-10,0.03475552205107695
5,0.05038331567317271,7,6,41,6.364383311771578,0.005667925485487481,-0.32065873346205975,-0.00028556887894733645,2.652363314556819e-6,0.0,0.0,0.0,0.0,0.0,0.0,0.0,0.0,-4.574980863855247e-7,4.508241503856679e-7,-4.501336109248831e-7,-4.866719448541129e-7,-4.501336109351934e-7,-4.866719448319825e-7,5.167450962777595e-7,-4.484688282888556e-7,3.4499643512472854e-12,4.2624242514942916e-10,0.03475552205107695
5,0.05038331567317271,7,6,42,6.3436545143349825,-0.0006851572050733182,-0.31961434791728655,3.452049174895772e-5,2.4111687429889912e-6,0.0,0.0,0.0,0.0,0.0,0.0,0.0,0.0,4.3524971965082885e-7,-4.443373298789135e-7,4.436351221713035e-7,4.078784410358475e-7,4.436351223721703e-7,4.078784409609931e-7,-3.813936159423741e-7,4.421162713266195e-7,3.4499643512472854e-12,4.2624242514942916e-10,0.03475552205107695
5,0.05038331567317271,7,8,43,6.343654514335038,-0.0006851572049287671,0.3196143479172893,-3.452049174167476e-5,2.411168742083211e-6,-3.8139361586168306e-7,4.4211627099826815e-7,-4.4363512197894626e-7,-4.078784410259085e-7,-4.4363512206270744e-7,-4.0787844084387487e-7,4.3524971961127564e-7,-4.4433732970902944e-7,0.0,0.0,0.0,0.0,0.0,0.0,0.0,0.0,3.4499643512472854e-12,4.2624242514942916e-10,0.03475552205107695
5,0.05038331567317271,7,6,44,10.996418191267853,0.004847654724393316,-0.5540360090048672,-0.0002442409182536555,1.388134522191982e-6,0.0,0.0,0.0,0.0,0.0,0.0,0.0,0.0,-3.3408603290794833e-7,3.7208022264223615e-8,-2.7476993134650144e-8,-3.4585720629902235e-7,-2.7476993058235252e-8,-3.4585720628125817e-7,3.576826418922839e-7,-1.7054195251837223e-8,3.4499643512472854e-12,4.2624242514942916e-10,0.03475552205107695
5,0.05038331567317271,7,8,45,10.996418191267313,0.004847654724303478,0.55403600900484,0.00024424091824912914,1.388134522056124e-6,3.5768264191195364e-7,-1.7054193474885528e-8,2.7476991421512985e-8,3.458572064283877e-7,2.747699135988574e-8,3.458572063557303e-7,-3.340860330859939e-7,3.720802063037311e-8,0.0,0.0,0.0,0.0,0.0,0.0,0.0,0.0,3.4499643512472854e-12,4.2624242514942916e-10,0.03475552205107695
5,0.05038331567317271,7,6,46,9.07601540854845,0.048270904893152805,-0.45727974938347615,-0.002432048239061415,4.44841024082946e-7,0.0,0.0,0.0,0.0,0.0,0.0,0.0,0.0,4.103109781080234e-9,-1.146796700179861e-7,1.1118153400330609e-7,4.589241172530172e-10,1.1118153422835623e-7,4.5892378315202155e-10,2.9628999482952223e-9,1.0768225799274329e-7,3.4499643512472854e-12,4.2624242514942916e-10,0.03475552205107695
5,0.05038331567317271,7,8,47,9.07601540854802,0.04827090489373554,0.4572797493834545,0.002432048239090775,4.4484102254351236e-7,2.962898827401303e-9,1.0768225761067483e-7,-1.1118153373291376e-7,-4.589251516888475e-10,-1.1118153371867485e-7,-4.589249918950431e-10,4.1031109037525985e-9,-1.1467966962171867e-7,0.0,0.0,0.0,0.0,0.0,0.0,0.0,0.0,3.4499643512472854e-12,4.2624242514942916e-10,0.03475552205107695
5,0.05038331567317271,7,8,48,10.976543077477675,-0.000973194033903689,0.5530346348727364,-4.9032742221417906e-5,3.1098097017598356e-7,-6.738733047906724e-8,-3.3617665878272667e-8,3.687987658281817e-8,-6.841913971185868e-8,3.687987657758197e-8,-6.841913972242066e-8,6.937705243814534e-8,4.027885166546739e-8,0.0,0.0,0.0,0.0,0.0,0.0,0.0,0.0,3.4499643512472854e-12,4.2624242514942916e-10,0.03475552205107695
5,0.05038331567317271,7,6,49,10.976543077477086,-0.0009731940342189369,-0.5530346348727067,4.903274223730114e-5,3.109809658734891e-7,0.0,0.0,0.0,0.0,0.0,0.0,0.0,0.0,6.937705202641225e-8,4.027885016798667e-8,-3.687987514448952e-8,6.841913927056435e-8,-3.6879875135335165e-8,6.84191392730996e-8,-6.738733000293642e-8,-3.361766449450757e-8,3.4499643512472854e-12,4.2624242514942916e-10,0.03475552205107695
5,0.05038331567317271,7,6,50,10.970210017185144,0.0019769262988900346,-0.5527155542968405,-9.96041017795736e-5,2.2337859813942043e-7,0.0,0.0,0.0,0.0,0.0,0.0,0.0,0.0,4.370897225352732e-8,3.755015074574412e-8,-3.502403881877366e-8,4.347854675061706e-8,-3.502403879556191e-8,4.3478546779463345e-8,-4.3177986311716436e-8,-3.2584813827062465e-8,3.4499643512472854e-12,4.2624242514942916e-10,0.03475552205107695
5,0.05038331567317271,7,8,51,10.970210017184808,0.001976926300685085,0.5527155542968236,9.960410187001418e-5,2.233785973162453e-7,-4.3177986147312754e-8,-3.258481370444701e-8,3.502403867916224e-8,-4.347854660276943e-8,3.5024038661778665e-8,-4.347854661891967e-8,4.370897211084019e-8,3.755015059507243e-8,0.0,0.0,0.0,0.0,0.0,0.0,0.0,0.0,3.4499643512472854e-12,4.2624242514942916e-10,0.03475552205107695
5,0.05038331567317271,7,6,52,11.098981968939574,0.09888096458247678,-0.5592035121919345,-0.004981950852626738,2.1429194299509978e-7,0.0,0.0,0.0,0.0,0.0,0.0,0.0,0.0,4.1936288996013494e-8,-3.056534113377232e-8,3.016207410432089e-8,4.425924388315548e-8,3.016207411006825e-8,4.4259243888382476e-8,-4.6642434344557896e-8,2.967022835733546e-8,3.4499643512472854e-12,4.2624242514942916e-10,0.03475552205107695
5,0.05038331567317271,7,8,53,11.098981968941537,0.09888096458474713,0.5592035121920335,0.004981950852741126,2.142919423019288e-7,-4.664243433834681e-8,2.9670228054680348e-8,-3.016207380303967e-8,-4.4259243885885846e-8,-3.016207380758305e-8,-4.4259243877381656e-8,4.1936288994362184e-8,-3.05653408327454e-8,0.0,0.0,0.0,0.0,0.0,0.0,0.0,0.0,3.4499643512472854e-12,4.2624242514942916e-10,0.03475552205107695
5,0.05038331567317271,7,6,54,10.990097066222521,0.00929303826014971,-0.5537175297662986,-0.0004682140802239946,2.001861847293024e-7,0.0,0.0,0.0,0.0,0.0,0.0,0.0,0.0,-3.841735416565995e-8,-2.9565999909235822e-8,3.175441845054246e-8,-3.8666041592773615e-8,3.175441845901617e-8,-3.866604162313549e-8,3.885114294508579e-8,3.402010549695614e-8,3.4499643512472854e-12,4.2624242514942916e-10,0.03475552205107695
5,0.05038331567317271,7,8,55,10.990097066223225,0.009293038260532516,0.553717529766334,0.00046821408024328153,2.0018618270500065e-7,3.885114278117214e-8,3.402010490531201e-8,-3.175441788135938e-8,3.866604141075839e-8,-3.1754417868164254e-8,3.866604144805933e-8,-3.84173539729834e-8,-2.9565999341359586e-8,0.0,0.0,0.0,0.0,0.0,0.0,0.0,0.0,3.4499643512472854e-12,4.2624242514942916e-10,0.03475552205107695
5,0.05038331567317271,7,8,56,11.097243368493231,0.09925966717311294,0.559115915736817,0.005001031144797008,1.1010572736792402e-7,-8.840866271999612e-9,-2.699237729820349e-8,2.586847581853199e-8,-9.388715704323525e-9,2.5868475820674056e-8,-9.388715710335929e-9,9.88480946509341e-9,2.4763300016775495e-8,0.0,0.0,0.0,0.0,0.0,0.0,0.0,0.0,3.4499643512472854e-12,4.2624242514942916e-10,0.03475552205107695
5,0.05038331567317271,7,6,57,11.097243368492684,0.09925966717167085,-0.5591159157367893,-0.005001031144724351,1.1010572734287446e-7,0.0,0.0,0.0,0.0,0.0,0.0,0.0,0.0,9.884809458144144e-9,2.476330001416497e-8,-2.5868475815018146e-8,9.388715701641466e-9,-2.5868475815125623e-8,9.38871570138469e-9,-8.840866267506701e-9,-2.6992377291718487e-8,3.4499643512472854e-12,4.2624242514942916e-10,0.03475552205107695
5,0.05038331567317271,7,8,58,11.11087253866464,0.09289719797790397,0.5598025985199264,0.004680468850873957,7.390286153433715e-8,-1.4884730285618433e-8,9.9360359063974e-9,-9.764061246104e-9,-1.567943504620002e-8,-9.764061223855342e-9,-1.567943502811887e-8,1.6493636532708637e-8,-9.560708196832979e-9,0.0,0.0,0.0,0.0,0.0,0.0,0.0,0.0,3.4499643512472854e-12,4.2624242514942916e-10,0.03475552205107695
5,0.05038331567317271,7,6,59,11.110872538665403,0.0928971979773288,-0.5598025985199648,-0.004680468850844979,7.390286106806015e-8,0.0,0.0,0.0,0.0,0.0,0.0,0.0,0.0,1.6493636441402943e-8,-9.560708121728506e-9,9.76406117160831e-9,1.567943496874754e-8,9.764061146391082e-9,1.5679434925489225e-8,-1.4884730196966627e-8,9.936035829502378e-9,3.4499643512472854e-12,4.2624242514942916e-10,0.03475552205107695
5,0.05038331567317271,7,8,60,6.46397896881147,0.09868295883760901,0.3256766928903777,0.004971974666677963,3.7599393748319404e-8,-9.693147958898279e-9,-3.4530976399518774e-10,3.733717752665557e-11,-9.39742663860037e-9,3.73371701876329e-11,-9.39742666679488e-9,9.101611877253077e-9,-2.518406563252806e-10,0.0,0.0,0.0,0.0,0.0,0.0,0.0,0.0,3.4499643512472854e-12,4.2624242514942916e-10,0.03475552205107695
5,0.05038331567317271,7,6,61,6.4639789688113805,0.09868295883739536,-0.3256766928903732,-0.004971974666667199,3.759939367457876e-8,0.0,0.0,0.0,0.0,0.0,0.0,0.0,0.0,9.101611860896816e-9,-2.518405496986461e-10,-3.7337286703282755e-11,9.397426641587025e-9,-3.7337274432861974e-11,9.397426626052556e-9,-9.693147937552893e-9,-3.45309870672023e-10,3.4499643512472854e-12,4.2624242514942916e-10,0.03475552205107695
5,0.05038331567317271,7,8,62,11.100267089667952,0.09483359048304939,0.5592682608352706,0.004778030725727865,3.083421167085616e-8,5.669700508261953e-9,-5.578759161153529e-9,5.5762264852564014e-9,5.3195684803961086e-9,5.576226483676223e-9,5.319568477961965e-9,-4.980578252633384e-9,5.5630435290856255e-9,0.0,0.0,0.0,0.0,0.0,0.0,0.0,0.0,3.4499643512472854e-12,4.2624242514942916e-10,0.03475552205107695
5,0.05038331567317271,7,6,63,11.100267089667664,0.09483359048164933,-0.559268260835256,-0.004778030725657325,3.0834211350617815e-8,0.0,0.0,0.0,0.0,0.0,0.0,0.0,0.0,-4.980578170019519e-9,5.563043498238756e-9,-5.576226456031113e-9,-5.3195683937739095e-9,-5.576226454052102e-9,-5.31956839433609e-9,5.6697004206200444e-9,-5.578759133232238e-9,3.4499643512472854e-12,4.2624242514942916e-10,0.03475552205107695
5,0.05038331567317271,7,8,64,8.716877888561935,0.05212669599792246,0.4391852103439152,0.002626315779462836,2.6798925542653546e-11,-4.318668591099761e-12,-5.398233153416041e-12,5.0952968336374746e-12,-4.3476354048734905e-12,5.095296883079375e-12,-4.3476351743528094e-12,4.3664027120539356e-12,4.801045633893603e-12,0.0,0.0,0.0,0.0,0.0,0.0,0.0,0.0,3.4499643512472854e-12,4.2624242514942916e-10,0.03475552205107695
5,0.05038331567317271,7,6,65,8.716877888561807,0.05212669599816909,-0.4391852103439087,-0.002626315779475262,2.6798924933330348e-11,0.0,0.0,0.0,0.0,0.0,0.0,0.0,0.0,4.366402871505003e-12,4.80104526517768e-12,-5.095296488815374e-12,4.3476355616178956e-12,-5.0952965304916354e-12,4.3476353648131835e-12,-4.318668777691235e-12,-5.398232826556917e-12,3.4499643512472854e-12,4.2624242514942916e-10,0.03475552205107695
5,0.05038331567317271,7,6,66,13.072818415843201,0.10633431268237904,-0.6586519369834936,-0.005357475242766156,4.734859594094874e-19,0.0,0.0,0.0,0.0,0.0,0.0,0.0,0.0,1.061001025167495e-20,-1.1428011855529307e-19,1.1750388119521535e-19,1.4248538509010388e-20,1.17374087658061e-19,1.4953344762023453e-20,-1.881570959351668e-20,1.205676244368139e-19,3.4499643512472854e-12,4.2624242514942916e-10,0.03475552205107695
5,0.05038331567317271,7,8,67,13.072818415870184,0.10633431266711907,0.6586519369848531,0.005357475241997307,1.6623409117172072e-19,4.209276531475726e-21,-4.2776964277975065e-20,4.136623677589537e-20,2.822732226987841e-21,4.1539950528634987e-20,2.7469123003704063e-21,-1.4484872845160753e-21,4.013128897433878e-20,0.0,0.0,0.0,0.0,0.0,0.0,0.0,0.0,3.4499643512472854e-12,4.2624242514942916e-10,0.03475552205107695
5,0.05038331567317271,7,6,68,6.847700871100736,0.10568505171872541,-0.34500987462412813,-0.005324763322680126,9.69281709369459e-21,0.0,0.0,0.0,0.0,0.0,0.0,0.0,0.0,-1.837474095872723e-22,-2.3277918651875446e-21,2.4168068926845134e-21,-1.0029117488344173e-22,2.4200713338771217e-21,-1.6792307302953058e-22,8.034521701886873e-23,2.5117224573027483e-21,3.4499643512472854e-12,4.2624242514942916e-10,0.03475552205107695
5,0.05038331567317271,7,8,69,6.84770087110288,0.10568505171948989,0.34500987462423616,0.005324763322718643,7.915712954882099e-21,-1.7201853758326454e-21,-1.0884625351510252e-21,9.940866462760229e-22,-1.6859928518572383e-21,1.0002310851278586e-21,-1.7318379372997214e-21,1.694526891849122e-21,9.089429616702411e-22,0.0,0.0,0.0,0.0,0.0,0.0,0.0,0.0,3.4499643512472854e-12,4.2624242514942916e-10,0.03475552205107695
5,0.05038331567317271,7,6,70,2.214398956053219,0.10566223012453327,-0.11156876162917342,-0.005323613495095779,3.789871203909087e-21,0.0,0.0,0.0,0.0,0.0,0.0,0.0,0.0,-4.826298168657394e-22,-7.764607412941404e-22,8.212900332022287e-22,-4.720421544790657e-22,8.219698952930681e-22,-4.704154852963442e-22,4.577681701922211e-22,8.679798935364373e-22,3.4499643512472854e-12,4.2624242514942916e-10,0.03475552205107695
5,0.05038331567317271,7,8,71,2.2143989560531474,0.10566223012474063,0.11156876162916983,0.0053236134951062265,2.6434645731494074e-21,1.3579322364362344e-22,6.714450399499814e-22,-6.424648162948911e-22,1.5341051709281244e-22,-6.427809642147803e-22,1.5313781527408145e-22,-1.6916142904327093e-22,-6.142605185691947e-22,0.0,0.0,0.0,0.0,0.0,0.0,0.0,0.0,3.4499643512472854e-12,4.2624242514942916e-10,0.03475552205107695
5,0.05038331567317271,7,8,72,10.977991297131304,-0.0008466123395892422,0.5531076009807092,-4.265513675832808e-5,1.0947733907197117e-21,1.824017622269377e-22,-1.9290291569477722e-22,1.92946515089057e-22,1.933915735263242e-22,1.9312180328851676e-22,1.9448291616172642e-22,-2.0582432549865232e-22,1.9280963845411305e-22,0.0,0.0,0.0,0.0,0.0,0.0,0.0,0.0,3.4499643512472854e-12,4.2624242514942916e-10,0.03475552205107695
5,0.05038331567317271,7,6,73,10.977991297131457,-0.0008466123395604527,-0.5531076009807169,4.2655136756877575e-5,1.0424457081516142e-21,0.0,0.0,0.0,0.0,0.0,0.0,0.0,0.0,-1.9301470438596988e-22,1.874977535743903e-22,-1.8761607740707918e-22,-1.80836226202648e-22,-1.8701256305701463e-22,-1.813578027110279e-22,1.695696206951162e-22,-1.8677521418596146e-22,3.4499643512472854e-12,4.2624242514942916e-10,0.03475552205107695
5,0.05038331567317271,7,6,74,9.08315123613908,0.055215688861421815,-0.4576392760375642,-0.0027819494820167014,6.846134462653467e-22,0.0,0.0,0.0,0.0,0.0,0.0,0.0,0.0,-1.1396266717203497e-22,-1.2033055583340486e-22,1.2777547117243937e-22,-1.1379061687359594e-22,1.2777538457334421e-22,-1.1382290859185908e-22,1.1341082054407943e-22,1.354533806277959e-22,3.4499643512472854e-12,4.2624242514942916e-10,0.03475552205107695
5,0.05038331567317271,7,8,75,9.083151236141408,0.055215688859590946,0.45763927603768145,0.002781949481924456,1.7201746727954067e-22,-3.9348841645487337e-23,-2.0692598245175606e-23,1.8687452992723495e-23,-3.864873976185852e-23,1.8840286031101356e-23,-3.8714114995180204e-23,3.797581863941987e-23,1.6920527517524174e-23,0.0,0.0,0.0,0.0,0.0,0.0,0.0,0.0,3.4499643512472854e-12,4.2624242514942916e-10,0.03475552205107695
5,0.05038331567317271,7,6,76,9.117730591474572,0.05643302536132533,-0.4593814986132071,-0.0028432829311718154,1.559616174279519e-22,0.0,0.0,0.0,0.0,0.0,0.0,0.0,0.0,-3.424023605975642e-23,1.5568417313062957e-23,-1.4368432090756044e-23,-3.668990705508131e-23,-1.4501826758186082e-23,-3.5724099979319076e-23,3.818242272530316e-23,-1.3169596396610643e-23,3.4499643512472854e-12,4.2624242514942916e-10,0.03475552205107695
5,0.05038331567317271,7,8,77,9.117730591472892,0.05643302536373217,0.45938149861312244,0.00284328293129308,1.0067968408333796e-22,2.4093783678119406e-23,-1.077650744324973e-23,1.0358363583130977e-23,2.2701387161779868e-23,1.1500745455302621e-23,2.2600749950988036e-23,-2.128478476584963e-23,1.1032473046477915e-23,0.0,0.0,0.0,0.0,0.0,0.0,0.0,0.0,3.4499643512472854e-12,4.2624242514942916e-10,0.03475552205107695
5,0.05038331567317271,7,6,78,4.485127428690531,0.056717270961930036,-0.22597559107412046,-0.002857604166995793,2.085162268969028e-23,0.0,0.0,0.0,0.0,0.0,0.0,0.0,0.0,4.590989554942102e-24,-2.0788048476245505e-24,2.081761416247137e-24,4.875941040588104e-24,1.8566919625094853e-24,4.773554072062611e-24,-5.062891586969398e-24,1.843994099750602e-24,3.4499643512472854e-12,4.2624242514942916e-10,0.03475552205107695
5,0.05038331567317271,7,6,79,10.952760788281804,-0.005724563505214483,-0.5518364042887501,0.0002884224901743454,1.8627610838102818e-23,0.0,0.0,0.0,0.0,0.0,0.0,0.0,0.0,-4.073371087454468e-24,-2.4944760287726042e-24,2.3276238152611027e-24,-4.033380847971017e-24,2.2952767884288216e-24,-4.0503186176443824e-24,4.0058503511169966e-24,2.1340667596249848e-24,3.4499643512472854e-12,4.2624242514942916e-10,0.03475552205107695
6,0.029088820866572156,8,7,0,0.3541256126904452,0.08541850782100581,-0.010301096511817471,-0.002484723672695131,19.36848195728467,0.0,0.0,0.0,0.0,0.0,0.0,0.0,0.0,-3.7133874422575457,2.8652273927768164,-2.8345339619332885,-3.924262755298581,-2.834533961941088,-3.924262755281553,4.140799282060043,-2.7959863443736768,5.359566126253467e-12,2.282030111514632e-8,0.032210758380558466
6,0.029088820866572156,8,9,1,0.35412561269028076,0.08541850782097736,0.010301096511812689,0.002484723672694303,19.368481957284118,4.140799282047988,-2.7959863443905264,2.8345339619500556,3.9242627552868505,2.834533961957734,3.9242627552688254,-3.7133874422451303,2.8652273927933534,0.0,0.0,0.0,0.0,0.0,0.0,0.0,0.0,5.359566126253467e-12,2.282030111514632e-8,0.032210758380558466
6,0.029088820866572156,8,9,2,0.2181156321516312,-0.04933466398618805,0.006344726551857947,-0.0014350872032067527,12.442649052557226,-1.4213621483571588,2.656807337205606,-2.6943547766158966,-1.5530097827012672,-2.694354776617596,-1.5530097826897564,1.6900430151819434,-2.728790810864686,0.0,0.0,0.0,0.0,0.0,0.0,0.0,0.0,5.359566126253467e-12,2.282030111514632e-8,0.032210758380558466
6,0.029088820866572156,8,7,3,0.21811563215143448,-0.049334663985938304,-0.006344726551852224,0.0014350872031994879,12.442649052498343,0.0,0.0,0.0,0.0,0.0,0.0,0.0,0.0,1.6900430151913581,-2.7287908108423036,2.694354776593608,1.5530097827096672,2.69435477659504,1.553009782700149,-1.4213621483665824,2.6568073371831646,5.359566126253467e-12,2.282030111514632e-8,0.032210758380558466
6,0.029088820866572156,8,9,4,1.0130285094275209,0.05023661943338162,0.029467804843467758,0.0014613240236397956,4.106558334809949,0.9280429156926456,-0.5108307507167505,0.5231297213549696,0.8830615651320812,0.5231297213593302,0.8830615651279464,-0.8391247068424755,0.5336615243750793,0.0,0.0,0.0,0.0,0.0,0.0,0.0,0.0,5.359566126253467e-12,2.282030111514632e-8,0.032210758380558466
6,0.029088820866572156,8,7,5,1.0130285094276328,0.050236619433415786,-0.029467804843471012,-0.0014613240236407894,4.10655833480442,0.0,0.0,0.0,0.0,0.0,0.0,0.0,0.0,-0.8391247068484229,0.5336615243622976,-0.523129721341779,-0.8830615651372383,-0.5231297213469044,-0.8830615651347329,0.9280429156986685,-0.5108307507039241,5.359566126253467e-12,2.282030111514632e-8,0.032210758380558466
6,0.029088820866572156,8,9,6,0.967312931230057,0.0033900915473556864,0.02813799257846996,9.861376574230997e-5,1.69859843060466,-0.07119138625208402,0.4051262341406824,-0.4156032803491576,-0.08666683571725803,-0.41560328035084076,-0.08666683571599798,0.10297331757707243,-0.42590616185551045,0.0,0.0,0.0,0.0,0.0,0.0,0.0,0.0,5.359566126253467e-12,2.282030111514632e-8,0.032210758380558466
6,0.029088820866572156,8,7,7,0.9673129312295773,0.0033900915475241905,-0.028137992578456006,-9.861376574721157e-5,1.69859843056179,0.0,0.0,0.0,0.0,0.0,0.0,0.0,0.0,0.1029733175840162,-0.42590616184309227,0.4156032803363273,0.08666683572339723,0.41560328033886734,0.08666683572373382,-0.07119138625903834,0.40512623412830967,5.359566126253467e-12,2.282030111514632e-8,0.032210758380558466
6,0.029088820866572156,8,7,8,11.70070604816347,0.0070280788605518035,-0.3403597422474446,-0.00020443852701073397,1.5721210021741228,0.0,0.0,0.0,0.0,0.0,0.0,0.0,0.0,-0.26916682156230987,0.26923264740062663,-0.2689525239590739,-0.28646146020049407,-0.26895252395597635,-0.28646146022363,0.30429343044850043,-0.2680989402633753,5.359566126253467e-12,2.282030111514632e-8,0.032210758380558466
6,0.029088820866572156,8,9,9,11.700706048163989,0.007028078863189749,0.3403597422474597,0.00020443852708746868,1.572121001224948,0.30429343033808287,-0.26809894003423673,0.26895252371819417,0.2864614601078464,0.2689525237388502,0.28646146009502327,-0.2691668214519282,0.26923264717153766,0.0,0.0,0.0,0.0,0.0,0.0,0.0,0.0,5.359566126253467e-12,2.282030111514632e-8,0.032210758380558466
6,0.029088820866572156,8,9,10,3.8719623625911668,0.007045894773498471,0.11263081956752395,0.00020495677091101402,1.527761538275093,0.3108894591637383,-0.24221614684841006,0.2440897727709536,0.2936422704675296,0.24408977278079252,0.2936422704665419,-0.27688267354355073,0.24537562657085138,0.0,0.0,0.0,0.0,0.0,0.0,0.0,0.0,5.359566126253467e-12,2.282030111514632e-8,0.032210758380558466
6,0.029088820866572156,8,7,11,3.871962362591015,0.007045894773879818,-0.11263081956751954,-0.00020495677092210695,1.5277615382383776,0.0,0.0,0.0,0.0,0.0,0.0,0.0,0.0,-0.2768826735413441,0.24537562655909012,-0.24408977275843216,-0.29364227046387825,-0.24408977276983462,-0.29364227046582103,0.31088945916159944,-0.2422161468366866,5.359566126253467e-12,2.282030111514632e-8,0.032210758380558466
6,0.029088820866572156,8,7,12,11.68576031114238,-0.0067703718715393865,-0.33992498838051916,0.00019694213457128809,1.4706216685448494,0.0,0.0,0.0,0.0,0.0,0.0,0.0,0.0,0.26856542548569917,-0.26794117085084995,0.2677048027645776,0.2518672965857631,0.26770480276128017,0.25186729660878554,-0.2357040730438939,0.26696416517744753,5.359566126253467e-12,2.282030111514632e-8,0.032210758380558466
6,0.029088820866572156,8,9,13,11.68576031113907,-0.006770371870226874,0.3399249883804229,-0.00019694213453310864,1.4706216675722357,-0.2357040729356051,0.2669641649454051,-0.2677048025207549,-0.2518672964951466,-0.2677048025412393,-0.2518672964824439,0.26856542537749645,-0.2679411706188092,0.0,0.0,0.0,0.0,0.0,0.0,0.0,0.0,5.359566126253467e-12,2.282030111514632e-8,0.032210758380558466
6,0.029088820866572156,8,9,14,3.858162577832135,-0.005866600211292136,0.11222940010067123,-0.0001706524826420713,1.26221404687994,-0.18928266412897732,0.2399984865273363,-0.24140255673173733,-0.203098728089314,-0.2414025567416779,-0.20309872808915763,0.21739719048290124,-0.24239994709169124,0.0,0.0,0.0,0.0,0.0,0.0,0.0,0.0,5.359566126253467e-12,2.282030111514632e-8,0.032210758380558466
6,0.029088820866572156,8,7,15,3.858162577832342,-0.0058666002115724675,-0.11222940010067725,0.0001706524826502258,1.2622140468383307,0.0,0.0,0.0,0.0,0.0,0.0,0.0,0.0,0.2173971904812998,-0.24239994707938659,0.24140255671864472,0.2030987280862391,0.2414025567302094,0.20309872808909335,-0.18928266412746,0.2399984865150779,5.359566126253467e-12,2.282030111514632e-8,0.032210758380558466
6,0.029088820866572156,8,7,16,4.4332778140958595,0.10763292334537868,-0.12895882418598303,-0.0031309148265392123,0.0317584105650615,0.0,0.0,0.0,0.0,0.0,0.0,0.0,0.0,-0.005572691952043327,0.005300097202233584,-0.005285641148501915,-0.005921807541471673,-0.005285641148497588,-0.005921807541428264,0.006281482558979736,-0.005259330920255536,5.359566126253467e-12,2.282030111514632e-8,0.032210758380558466
6,0.029088820866572156,8,9,17,4.433277814095788,0.10763292334709769,0.12895882418598095,0.0031309148265892166,0.031758410564768344,0.006281482558956104,-0.005259330920163423,0.005285641148415005,0.0059218075414556315,0.0052856411484069644,0.005921807541406412,-0.005572691952028744,0.0053000972021481985,0.0,0.0,0.0,0.0,0.0,0.0,0.0,0.0,5.359566126253467e-12,2.282030111514632e-8,0.032210758380558466
6,0.029088820866572156,8,9,18,4.65271055653453,0.024720847189967962,0.1353418639230422,0.0007191002955788817,0.013403201638547399,0.002486613915716261,-0.0024023685805709123,0.002402659588678947,0.002334412703301026,0.0024026595885955366,0.0023344127032834585,-0.0021870121364068913,0.0023982769706548546,0.0,0.0,0.0,0.0,0.0,0.0,0.0,0.0,5.359566126253467e-12,2.282030111514632e-8,0.032210758380558466
6,0.029088820866572156,8,7,19,4.652710556534501,0.024720847189372286,-0.13534186392304134,-0.0007191002955615542,0.013403201636688558,0.0,0.0,0.0,0.0,0.0,0.0,0.0,0.0,-0.0021870121367489025,0.0023982769696719876,-0.0024026595877088743,-0.002334412703634134,-0.0024026595876036174,-0.0023344127036341793,0.002486613916060245,-0.002402368579592551,5.359566126253467e-12,2.282030111514632e-8,0.032210758380558466
6,0.029088820866572156,8,9,20,4.255544552477142,-0.06150973548309555,0.12378877317672454,-0.0017892456770180036,0.0131792277562356,-0.001779250273214214,0.0026495062129704796,-0.0026751391672935085,-0.0019219681137591215,-0.002675139167260036,-0.0019219681137715122,0.002070032383368075,-0.002696922838926434,0.0,0.0,0.0,0.0,0.0,0.0,0.0,0.0,5.359566126253467e-12,2.282030111514632e-8,0.032210758380558466
6,0.029088820866572156,8,7,21,4.255544552478011,-0.06150973548260352,-0.12378877317674984,0.001789245677003691,0.013179227755812298,0.0,0.0,0.0,0.0,0.0,0.0,0.0,0.0,0.002070032383351638,-0.002696922838802133,0.0026751391671752333,0.0019219681137445334,0.0026751391671337305,0.001921968113763847,-0.0017792502732081803,0.0026495062128503734,5.359566126253467e-12,2.282030111514632e-8,0.032210758380558466
6,0.029088820866572156,8,7,22,4.3334092070877865,0.033331701280704645,-0.1260537641665311,-0.0009695798877325111,0.011854857187142643,0.0,0.0,0.0,0.0,0.0,0.0,0.0,0.0,0.0006212469013033373,-0.002994361720824564,0.002918778805924986,0.0005098488539190431,0.002918778805902757,0.0005098488539368514,-0.0004042873386313967,0.0028421703567656294,5.359566126253467e-12,2.282030111514632e-8,0.032210758380558466
6,0.029088820866572156,8,9,23,4.3334092070883585,0.033331701280716844,0.12605376416654773,0.000969579887732866,0.01185485718608976,-0.00040428733833906393,0.00284217035655113,-0.00291877880570703,-0.0005098488536273485,-0.002918778805690276,-0.0005098488536343438,0.0006212469010015427,-0.0029943617206082736,0.0,0.0,0.0,0.0,0.0,0.0,0.0,0.0,5.359566126253467e-12,2.282030111514632e-8,0.032210758380558466
6,0.029088820866572156,8,9,24,4.648257282216365,0.020242551848426868,0.13521232342413136,0.0005888319646011883,0.011192307080501715,-0.001448348731889491,0.0022908976407384754,-0.002316002035358993,-0.0015689034292350904,-0.0023160020352723863,-0.001568903429284999,0.001694086988252211,-0.002337963994175461,0.0,0.0,0.0,0.0,0.0,0.0,0.0,0.0,5.359566126253467e-12,2.282030111514632e-8,0.032210758380558466
6,0.029088820866572156,8,7,25,4.648257282216198,0.020242551849618734,-0.1352123234241265,-0.0005888319646358582,0.011192307078354618,0.0,0.0,0.0,0.0,0.0,0.0,0.0,0.0,0.0016940869887442827,-0.0023379639931922127,0.0023160020343896332,0.0015689034297192135,0.0023160020342793217,0.0015689034297815393,-0.001448348732379943,0.0022908976397600757,5.359566126253467e-12,2.282030111514632e-8,0.032210758380558466
6,0.029088820866572156,8,9,26,12.265347293010805,0.1071513689918767,0.356784490272687,0.003116906978212676,0.010221575455693027,0.0019457921275957443,-0.001779496796621708,0.001782896296154704,0.0018297697261044448,0.0017828962961661118,0.0018297697260923282,-0.001717309454092514,0.0017826326941175448,0.0,0.0,0.0,0.0,0.0,0.0,0.0,0.0,5.359566126253467e-12,2.282030111514632e-8,0.032210758380558466
6,0.029088820866572156,8,7,27,12.265347293011885,0.10715136899589565,-0.3567844902727184,-0.0031169069783295823,0.010221575454235772,0.0,0.0,0.0,0.0,0.0,0.0,0.0,0.0,-0.001717309453680463,0.0017826326940216456,-0.0017828962960585993,-0.0018297697256961288,-0.0017828962960868434,-0.001829769725654364,0.0019457921271615213,-0.0017794967965426205,5.359566126253467e-12,2.282030111514632e-8,0.032210758380558466
6,0.029088820866572156,8,7,28,4.331526730545146,0.04080050966718307,-0.12599900514359672,-0.0011868387169735339,0.008162884472246192,0.0,0.0,0.0,0.0,0.0,0.0,0.0,0.0,-0.0016807867829395017,0.0010403924643313117,-0.0010183950686069247,-0.0017678614868961422,-0.0010183950685397093,-0.0017678614868844743,0.001856969443223807,-0.0009928599165906632,5.359566126253467e-12,2.282030111514632e-8,0.032210758380558466
6,0.029088820866572156,8,9,29,4.331526730545581,0.04080050966638683,0.12599900514360934,0.0011868387169503723,0.008162884471848401,0.0018569694431346878,-0.0009928599165459973,0.0010183950685649335,0.001767861486810522,0.0010183950685014101,0.0017678614867867606,-0.0016807867828452629,0.0010403924642950753,0.0,0.0,0.0,0.0,0.0,0.0,0.0,0.0,5.359566126253467e-12,2.282030111514632e-8,0.032210758380558466
6,0.029088820866572156,8,9,30,12.16306708353837,0.03245548568064331,0.3538092795811479,0.000944091809101831,0.004398422180357603,-0.00014258365476045484,0.0010555383130772021,-0.0010842363985063808,-0.0001815486180675776,-0.0010842363985492085,-0.00018154861819660742,0.00022268168903368527,-0.0011125692186330061,0.0,0.0,0.0,0.0,0.0,0.0,0.0,0.0,5.359566126253467e-12,2.282030111514632e-8,0.032210758380558466
6,0.029088820866572156,8,7,31,12.16306708353575,0.0324554856860301,-0.35380927958107167,-0.0009440918092585263,0.004398422172340778,0.0,0.0,0.0,0.0,0.0,0.0,0.0,0.0,0.00022268168984836703,-0.001112569216433777,0.00108423639643119,0.0001815486189909688,0.001084236396284524,0.00018154861891208566,-0.0001425836555867579,0.0010555383109367045,5.359566126253467e-12,2.282030111514632e-8,0.032210758380558466
6,0.029088820866572156,8,7,32,12.085240061421636,-0.06098883105805766,-0.3515453832762155,0.0017740931815094718,0.004376505876891901,0.0,0.0,0.0,0.0,0.0,0.0,0.0,0.0,0.0007491260923139488,-0.0008446359364616598,0.0008409034815533886,0.0006995685686902216,0.0008409034815050969,0.0006995685686969834,-0.0006516914512197908,0.0008357702090535167,5.359566126253467e-12,2.282030111514632e-8,0.032210758380558466
6,0.029088820866572156,8,9,33,12.085240061415472,-0.06098883106654206,0.3515453832760362,-0.0017740931817562728,0.00437650587644253,-0.0006516914507139635,0.0008357702093230115,-0.000840903481830443,-0.0006995685681635257,-0.0008409034818071864,-0.000699568568176814,0.0007491260917725192,-0.0008446359367727016,0.0,0.0,0.0,0.0,0.0,0.0,0.0,0.0,5.359566126253467e-12,2.282030111514632e-8,0.032210758380558466
6,0.029088820866572156,8,9,34,12.482063164990956,0.025726062521148188,0.3630884994516606,0.0007483408242799153,0.004046045891071732,0.0007055912293305643,-0.0007691056882980116,0.0007664258021428707,0.0006597241446274267,0.0007664258021298559,0.0006597241447165688,-0.000615388590628568,0.0007624249361520418,0.0,0.0,0.0,0.0,0.0,0.0,0.0,0.0,5.359566126253467e-12,2.282030111514632e-8,0.032210758380558466
6,0.029088820866572156,8,7,35,12.48206316498965,0.025726062526057816,-0.36308849945162264,-0.0007483408244227306,0.004046045886418069,0.0,0.0,0.0,0.0,0.0,0.0,0.0,0.0,-0.0006153885909919355,0.0007624249343092944,-0.0007664258003064951,-0.0006597241449051575,-0.000766425800276092,-0.0006597241451561363,0.0007055912296878715,-0.000769105686451406,5.359566126253467e-12,2.282030111514632e-8,0.032210758380558466
6,0.029088820866572156,8,9,36,12.475370365229828,0.019108188429581424,0.3628938137983133,0.0005558346703128008,0.003760745755114519,-0.0005239884038873612,0.0007448620091538687,-0.0007512918146001838,-0.0005648625238264045,-0.0007512918145406027,-0.0005648625239536556,0.0006072380962854299,-0.00075659039348434,0.0,0.0,0.0,0.0,0.0,0.0,0.0,0.0,5.359566126253467e-12,2.282030111514632e-8,0.032210758380558466
6,0.029088820866572156,8,7,37,12.475370365229647,0.019108188427236036,-0.36289381379830804,-0.0005558346702445762,0.0037607457514819862,0.0,0.0,0.0,0.0,0.0,0.0,0.0,0.0,0.0006072380967730929,-0.0007565903919801683,0.0007512918130968605,0.0005648625242437513,0.0007512918130383088,0.0005648625245087479,-0.0005239884043750295,0.0007448620076532823,5.359566126253467e-12,2.282030111514632e-8,0.032210758380558466
6,0.029088820866572156,8,9,38,12.160191370065006,0.041656740467948705,0.3537256284670576,0.001211745461357447,0.002267475793721017,0.0005075991854784785,-0.0002906600767592885,0.0002970313318180068,0.00048265132657899606,0.0002970313318818109,0.0004826513267180466,-0.0004582965645848496,0.0003024366911889572,0.0,0.0,0.0,0.0,0.0,0.0,0.0,0.0,5.359566126253467e-12,2.282030111514632e-8,0.032210758380558466
6,0.029088820866572156,8,7,39,12.16019137006236,0.04165674046341607,-0.35372562846698063,-0.001211745461225598,0.002267475792325542,0.0,0.0,0.0,0.0,0.0,0.0,0.0,0.0,-0.00045829656517255385,0.0003024366895674797,-0.0002970313303078521,-0.00048265132727164117,-0.0002970313301535722,-0.0004826513271968467,0.0005075991860656279,-0.00029066007514374944,5.359566126253467e-12,2.282030111514632e-8,0.032210758380558466
6,0.029088820866572156,8,7,40,8.069627247641408,0.08165803207652676,-0.23473594146665064,-0.00237533586739089,0.00034468333220061286,0.0,0.0,0.0,0.0,0.0,0.0,0.0,0.0,-6.661790397089444e-5,5.029003995045168e-5,-4.970426708503096e-5,-7.036469123101396e-5,-4.970426708555331e-5,-7.036469122955675e-5,7.421074619520817e-5,-4.89776655699661e-5,5.359566126253467e-12,2.282030111514632e-8,0.032210758380558466
6,0.029088820866572156,8,9,41,8.069627247641348,0.08165803207663673,0.23473594146664886,0.002375335867394089,0.00034468333218894425,7.421074619183686e-5,-4.8977665569673114e-5,4.9704267085181984e-5,7.036469122750207e-5,4.9704267084474786e-5,7.036469122658117e-5,-6.661790396778146e-5,5.029003994982927e-5,0.0,0.0,0.0,0.0,0.0,0.0,0.0,0.0,5.359566126253467e-12,2.282030111514632e-8,0.032210758380558466
6,0.029088820866572156,8,7,42,8.098126747704349,0.07392195812704623,-0.23556495831876836,-0.0021503025980638955,0.00021100099006494456,0.0,0.0,0.0,0.0,0.0,0.0,0.0,0.0,3.468146481809107e-5,-4.1951123459861365e-5,4.168833095157627e-5,3.2299875325826873e-5,4.168833095389449e-5,3.229987532501968e-5,-3.0001597811579075e-5,4.136085538295233e-5,5.359566126253467e-12,2.282030111514632e-8,0.032210758380558466
6,0.029088820866572156,8,9,43,8.098126747704363,0.07392195812616163,0.23556495831876878,0.0021503025980381635,0.00021100098999711478,-3.00015978005068e-5,4.1360855370222654e-5,-4.168833093937472e-5,-3.2299875313584876e-5,-4.168833094056651e-5,-3.2299875314831715e-5,3.4681464806747584e-5,-4.19511234470449e-5,0.0,0.0,0.0,0.0,0.0,0.0,0.0,0.0,5.359566126253467e-12,2.282030111514632e-8,0.032210758380558466
6,0.029088820866572156,8,9,44,7.9407752532387414,-0.045820375588044915,0.2309877888831709,-0.0013328606975196943,0.00020775422434694552,-2.147295478678454e-5,4.54972421332643e-5,-4.623384949208169e-5,-2.3636782349738245e-5,-4.6233849492341125e-5,-2.3636782350070228e-5,2.589303024601328e-5,-4.6923090866123854e-5,0.0,0.0,0.0,0.0,0.0,0.0,0.0,0.0,5.359566126253467e-12,2.282030111514632e-8,0.032210758380558466
6,0.029088820866572156,8,7,45,7.940775253238555,-0.04582037558826163,-0.23098778888316546,0.0013328606975259983,0.000207754224323157,0.0,0.0,0.0,0.0,0.0,0.0,0.0,0.0,2.5893030241010804e-5,-4.692309086183786e-5,4.6233849487673946e-5,2.3636782344792928e-5,4.623384948811456e-5,2.3636782345783658e-5,-2.147295478254121e-5,4.549724212893223e-5,5.359566126253467e-12,2.282030111514632e-8,0.032210758380558466
6,0.029088820866572156,8,7,46,7.974217425894186,-0.03636852469838441,-0.2319605822529341,0.0010579175001328093,0.00014310602647890408,0.0,0.0,0.0,0.0,0.0,0.0,0.0,0.0,-2.708618180288682e-5,2.1616750006657004e-5,-2.1415528649310048e-5,-2.8647762551185406e-5,-2.1415528649416253e-5,-2.864776255236752e-5,3.0252117019667263e-5,-2.115696899324829e-5,5.359566126253467e-12,2.282030111514632e-8,0.032210758380558466
6,0.029088820866572156,8,9,47,7.974217425894335,-0.036368524698038876,0.23196058225293845,-0.0010579175001227581,0.00014310602646473846,3.0252117013738415e-5,-2.115696899515451e-5,2.1415528651078846e-5,2.8647762545784785e-5,2.1415528651352966e-5,2.864776254616156e-5,-2.708618179720108e-5,2.1616750008455777e-5,0.0,0.0,0.0,0.0,0.0,0.0,0.0,0.0,5.359566126253467e-12,2.282030111514632e-8,0.032210758380558466
6,0.029088820866572156,8,7,48,11.604882843517398,0.007566563082853209,-0.3375723582126341,-0.00022010239809273495,0.0001306861042323595,0.0,0.0,0.0,0.0,0.0,0.0,0.0,0.0,-1.9025663136574863e-5,2.5289507027228462e-5,-2.54674850596867e-5,-2.0452449868275868e-5,-2.5467485060608404e-5,-2.0452449872389788e-5,2.19301306182395e-5,-2.5604507299288237e-5,5.359566126253467e-12,2.282030111514632e-8,0.032210758380558466
6,0.029088820866572156,8,9,49,11.604882843516965,0.007566563081055688,0.3375723582126215,0.00022010239804044722,0.0001306861041458072,2.1930130595877267e-5,-2.5604507289866104e-5,2.5467485048216844e-5,2.0452449848453294e-5,2.5467485052715958e-5,2.0452449847194898e-5,-1.902566311396434e-5,2.528950701725293e-5,0.0,0.0,0.0,0.0,0.0,0.0,0.0,0.0,5.359566126253467e-12,2.282030111514632e-8,0.032210758380558466
6,0.029088820866572156,8,7,50,8.086770794295433,0.08144281911268474,-0.23523462702428727,-0.0023690755760375254,0.00012874898847915536,0.0,0.0,0.0,0.0,0.0,0.0,0.0,0.0,-1.2676797452057717e-5,2.8484435241203254e-5,-2.897063478749124e-5,-1.4007275624462737e-5,-2.8970634787117533e-5,-1.4007275622765554e-5,1.5395666992275624e-5,-2.9428761868914433e-5,5.359566126253467e-12,2.282030111514632e-8,0.032210758380558466
6,0.029088820866572156,8,9,51,8.086770794295619,0.08144281911235106,0.23523462702429268,0.002369075576027819,0.00012874898844767737,1.5395666991671083e-5,-2.9428761860165917e-5,2.8970634779327408e-5,1.4007275623343474e-5,2.8970634778466446e-5,1.4007275622507595e-5,-1.267679745128643e-5,2.8484435233109495e-5,0.0,0.0,0.0,0.0,0.0,0.0,0.0,0.0,5.359566126253467e-12,2.282030111514632e-8,0.032210758380558466
6,0.029088820866572156,8,9,52,11.591680468724633,-0.0051039909513765705,0.337188316697274,-0.00014846907848919825,0.00010155566732446674,-1.2985447150653542e-5,2.0885007603513126e-5,-2.1121003834161755e-5,-1.4077583558302373e-5,-2.1121003833252126e-5,-1.4077583561768726e-5,1.5211933779738557e-5,-2.1328802683068487e-5,0.0,0.0,0.0,0.0,0.0,0.0,0.0,0.0,5.359566126253467e-12,2.282030111514632e-8,0.032210758380558466
6,0.029088820866572156,8,7,53,11.59168046872464,-0.005103990952117506,-0.3371883166972742,0.00014846907851075118,0.00010155566724124903,0.0,0.0,0.0,0.0,0.0,0.0,0.0,0.0,1.52119337460115e-5,-2.1328802682789234e-5,2.112100383394829e-5,1.4077583526016187e-5,2.1121003828679788e-5,1.4077583526138204e-5,-1.2985447116610607e-5,2.0885007599060677e-5,5.359566126253467e-12,2.282030111514632e-8,0.032210758380558466
6,0.029088820866572156,8,7,54,7.946501961484771,-0.04529609650743844,-0.2311543720734948,0.0013176100372598414,7.385808754993816e-5,0.0,0.0,0.0,0.0,0.0,0.0,0.0,0.0,1.651928748966032e-5,-9.49315928744893e-6,9.6994329848574e-6,1.5706345557042658e-5,9.69943298482396e-6,1.570634555770728e-5,-1.4912771058995426e-5,9.87427462369743e-6,5.359566126253467e-12,2.282030111514632e-8,0.032210758380558466
6,0.029088820866572156,8,9,55,7.9465019614847145,-0.045296096507801045,0.23115437207349313,-0.0013176100372703891,7.385808752573484e-5,-1.4912771053019334e-5,9.874274622109643e-6,-9.699432983360791e-6,-1.5706345550812483e-5,-9.699432983439187e-6,-1.5706345551497208e-5,1.6519287483193215e-5,-9.493159286168125e-6,0.0,0.0,0.0,0.0,0.0,0.0,0.0,0.0,5.359566126253467e-12,2.282030111514632e-8,0.032210758380558466
6,0.029088820866572156,8,7,56,5.139532473080127,0.02733856808004674,-0.1495029394473584,-0.0007952467096290671,3.2673479892387334e-5,0.0,0.0,0.0,0.0,0.0,0.0,0.0,0.0,8.267264722202476e-6,1.6411639301536593e-6,-1.3359405928140025e-6,8.056314737386485e-6,-1.3359405932038202e-6,8.056314736453427e-6,-7.842676760496165e-6,-1.0468271973669535e-6,5.359566126253467e-12,2.282030111514632e-8,0.032210758380558466
6,0.029088820866572156,8,9,57,5.139532473080497,0.027338568080531256,0.14950293944736917,0.0007952467096431611,3.2673479880657717e-5,-7.842676757584435e-6,-1.0468271974186335e-6,1.33594059279555e-6,-8.056314734517852e-6,1.3359405932466344e-6,-8.056314733373341e-6,8.26726471916402e-6,1.6411639301257652e-6,0.0,0.0,0.0,0.0,0.0,0.0,0.0,0.0,5.359566126253467e-12,2.282030111514632e-8,0.032210758380558466
6,0.029088820866572156,8,7,58,8.70952437439374,0.05304499381792495,-0.2533497943597834,-0.0015430163230380463,2.4650109327741423e-5,0.0,0.0,0.0,0.0,0.0,0.0,0.0,0.0,-5.213838071865463e-6,2.9065938492905915e-6,-2.8282231009338714e-6,-5.473475148223467e-6,-2.8282231008391338e-6,-5.473475147680209e-6,5.738757717646282e-6,-2.738899756689643e-6,5.359566126253467e-12,2.282030111514632e-8,0.032210758380558466
6,0.029088820866572156,8,9,59,8.709524374393562,0.05304499381810794,0.2533497943597782,0.0015430163230433693,2.4650109324133265e-5,5.7387577169691916e-6,-2.7388997559801563e-6,2.828223100228289e-6,5.473475147531561e-6,2.8282230999999494e-6,5.473475147139644e-6,-5.213838071311509e-6,2.906593848461747e-6,0.0,0.0,0.0,0.0,0.0,0.0,0.0,0.0,5.359566126253467e-12,2.282030111514632e-8,0.032210758380558466
6,0.029088820866572156,8,7,60,5.144600136229218,0.03238383586140821,-0.14965035179291442,-0.0009420076003449787,1.9566443518677502e-5,0.0,0.0,0.0,0.0,0.0,0.0,0.0,0.0,-2.499925335355001e-6,-4.025063512702994e-6,4.233861355191341e-6,-2.447513953394819e-6,4.233861355374419e-6,-2.447513952954173e-6,2.38662996171254e-6,4.447545753173659e-6,5.359566126253467e-12,2.282030111514632e-8,0.032210758380558466
6,0.029088820866572156,8,9,61,5.144600136228883,0.03238383586085081,0.14965035179290467,0.0009420076003287646,1.9566443509492402e-5,2.386629958998926e-6,4.4475457520032655e-6,-4.233861354153122e-6,2.4475139506820664e-6,-4.233861354276199e-6,2.447513950185141e-6,-2.4999253325927117e-6,-4.025063511737489e-6,0.0,0.0,0.0,0.0,0.0,0.0,0.0,0.0,5.359566126253467e-12,2.282030111514632e-8,0.032210758380558466
6,0.029088820866572156,8,7,62,8.746348176941607,0.04382616183826048,-0.25442095535572434,-0.0012748513709825596,1.4562792751942691e-5,0.0,0.0,0.0,0.0,0.0,0.0,0.0,0.0,2.9365951422270323e-6,-2.342871100154608e-6,2.3588325676412165e-6,2.771997893823744e-6,2.3588325681282782e-6,2.771997894617849e-6,-2.6121127626336296e-6,2.3692453277015833e-6,5.359566126253467e-12,2.282030111514632e-8,0.032210758380558466
6,0.029088820866572156,8,9,63,8.746348176941513,0.04382616183628349,0.2544209553557216,0.0012748513709250513,1.4562792743720386e-5,-2.6121127616466224e-6,2.3692453256922496e-6,-2.3588325658293465e-6,-2.771997892834821e-6,-2.35883256592602e-6,-2.7719978936219794e-6,2.936595141233135e-6,-2.3428710981481368e-6,0.0,0.0,0.0,0.0,0.0,0.0,0.0,0.0,5.359566126253467e-12,2.282030111514632e-8,0.032210758380558466
6,0.029088820866572156,8,9,64,8.659101698949812,0.001504153352114082,0.2518830581861817,4.3754047415500564e-5,8.189975279611178e-6,-3.8315583055830595e-8,1.982919977829316e-6,-2.044325487631443e-6,-1.0426161764502173e-7,-2.0443254878758383e-6,-1.0426161775926127e-7,1.7429609071248247e-7,-2.1055183860035084e-6,0.0,0.0,0.0,0.0,0.0,0.0,0.0,0.0,5.359566126253467e-12,2.282030111514632e-8,0.032210758380558466
6,0.029088820866572156,8,7,65,8.659101698949906,0.0015041533516349792,-0.2518830581861844,-4.3754047401564026e-5,8.189975278704136e-6,0.0,0.0,0.0,0.0,0.0,0.0,0.0,0.0,1.7429608964176602e-7,-2.105518385855312e-6,2.0443254874732202e-6,1.0426161658598946e-7,2.0443254876839277e-6,1.0426161678303314e-7,-3.831558208992928e-8,1.982919977630266e-6,5.359566126253467e-12,2.282030111514632e-8,0.032210758380558466
6,0.029088820866572156,8,7,66,8.74525015013237,0.048980152913002464,-0.2543890150505637,-0.0014247748941036411,7.762046681846053e-6,0.0,0.0,0.0,0.0,0.0,0.0,0.0,0.0,-1.087199374961166e-6,1.5333392161974946e-6,-1.5462965036674891e-6,-1.171610853426103e-6,-1.546296503120328e-6,-1.1716108533803409e-6,1.2591125785306315e-6,-1.5569074786337203e-6,5.359566126253467e-12,2.282030111514632e-8,0.032210758380558466
6,0.029088820866572156,8,9,67,8.74525015013249,0.048980152912599675,0.25438901505056727,0.0014247748940919244,7.762046675054654e-6,1.259112577662878e-6,-1.5569074771131568e-6,1.5462965022847218e-6,1.1716108526069795e-6,1.546296501507772e-6,1.1716108525300615e-6,-1.0871993741590207e-6,1.5333392147217228e-6,0.0,0.0,0.0,0.0,0.0,0.0,0.0,0.0,5.359566126253467e-12,2.282030111514632e-8,0.032210758380558466
6,0.029088820866572156,8,9,68,8.710123316566463,0.011161089581018954,0.2533672168813552,0.0003246629354980252,3.791556776798438e-6,4.3658705719549217e-7,-8.752391808991333e-7,8.609614435178995e-7,3.9596789727257643e-7,8.609614435582393e-7,3.9596789703708004e-7,-3.570698663436754e-7,8.458900492566439e-7,0.0,0.0,0.0,0.0,0.0,0.0,0.0,0.0,5.359566126253467e-12,2.282030111514632e-8,0.032210758380558466
6,0.029088820866572156,8,7,69,8.710123316566436,0.01116108957946503,-0.25336721688135444,-0.0003246629354528234,3.7915567753673347e-6,0.0,0.0,0.0,0.0,0.0,0.0,0.0,0.0,-3.5706986618457144e-7,8.458900489460599e-7,-8.609614432031931e-7,-3.959678971145936e-7,-8.609614432326813e-7,-3.9596789687502147e-7,4.3658705703450334e-7,-8.752391805685603e-7,5.359566126253467e-12,2.282030111514632e-8,0.032210758380558466
6,0.029088820866572156,8,9,70,8.69765587475846,0.0049937374993935385,0.2530045536999378,0.00014526193557454263,1.4250258902874428e-6,-1.476061298893589e-7,3.1192349940392835e-7,-3.169608505704296e-7,-1.624533948960704e-7,-3.1696085048344216e-7,-1.6245339497175016e-7,1.7793425613665046e-7,-3.2167266126476007e-7,0.0,0.0,0.0,0.0,0.0,0.0,0.0,0.0,5.359566126253467e-12,2.282030111514632e-8,0.032210758380558466
6,0.029088820866572156,8,7,71,8.697655874758164,0.0049937375000494305,-0.2530045536999292,-0.00014526193559362174,1.4250258888955637e-6,0.0,0.0,0.0,0.0,0.0,0.0,0.0,0.0,1.7793425605863984e-7,-3.2167266090762413e-7,3.1696085018534835e-7,1.624533948268883e-7,3.169608501552471e-7,1.6245339490658096e-7,-1.4760612983299928e-7,3.1192349904829077e-7,5.359566126253467e-12,2.282030111514632e-8,0.032210758380558466
6,0.029088820866572156,8,7,72,12.063838924874474,0.04084742636552813,-0.350922849448854,-0.0011882034684073443,1.2080426508501734e-6,0.0,0.0,0.0,0.0,0.0,0.0,0.0,0.0,-1.2017032062339358e-7,2.6671897088786726e-7,-2.712236299644894e-7,-1.3267489969506562e-7,-2.7122363000064147e-7,-1.3267489968950946e-7,1.4572166012808933e-7,-2.754623970966619e-7,5.359566126253467e-12,2.282030111514632e-8,0.032210758380558466
6,0.029088820866572156,8,9,73,12.06383892487606,0.040847426362758996,0.3509228494489002,0.0011882034683267935,1.2080426490076577e-6,1.4572166015130917e-7,-2.7546239654383985e-7,2.712236294371158e-7,1.3267489972372562e-7,2.712236294573696e-7,1.3267489975368615e-7,-1.2017032069154104e-7,2.667189703704376e-7,0.0,0.0,0.0,0.0,0.0,0.0,0.0,0.0,5.359566126253467e-12,2.282030111514632e-8,0.032210758380558466
6,0.029088820866572156,8,7,74,12.164790117982822,0.10697329852519206,-0.35385940062144944,-0.0031117271183056594,9.555678328502303e-7,0.0,0.0,0.0,0.0,0.0,0.0,0.0,0.0,-1.2182328818297863e-7,1.9673712585440282e-7,-1.9897653254234643e-7,-1.3209543757091102e-7,-1.9897653243087837e-7,-1.32095437597497e-7,1.4276527546146944e-7,-2.009513505557484e-7,5.359566126253467e-12,2.282030111514632e-8,0.032210758380558466
6,0.029088820866572156,8,9,75,12.164790117983948,0.1069732985268259,0.35385940062148225,0.0031117271183531857,9.555678327305602e-7,1.4276527544107932e-7,-2.0095135052969593e-7,1.9897653246093756e-7,1.3209543761336397e-7,1.9897653246854768e-7,1.3209543751289543e-7,-1.2182328816105863e-7,1.9673712583637153e-7,0.0,0.0,0.0,0.0,0.0,0.0,0.0,0.0,5.359566126253467e-12,2.282030111514632e-8,0.032210758380558466
6,0.029088820866572156,8,9,76,11.988390828740975,-0.060082848801759084,0.3487281532957027,-0.0017477392259477094,2.1437669080344585e-7,-3.2499377874517945e-8,4.048225824920664e-8,-4.070042820644372e-8,-3.4847897214088185e-8,-4.0700428138658266e-8,-3.4847897259034056e-8,3.727774767758897e-8,-4.084882097051402e-8,0.0,0.0,0.0,0.0,0.0,0.0,0.0,0.0,5.359566126253467e-12,2.282030111514632e-8,0.032210758380558466
6,0.029088820866572156,8,7,77,11.988390828741629,-0.06008284880072397,-0.34872815329572177,0.0017477392259175992,2.143766892740937e-7,0.0,0.0,0.0,0.0,0.0,0.0,0.0,0.0,3.7277747305319385e-8,-4.0848820796963036e-8,4.070042797240728e-8,3.484789689474911e-8,4.070042800893336e-8,3.48478968270475e-8,-3.249937749654515e-8,4.0482258058604e-8,5.359566126253467e-12,2.282030111514632e-8,0.032210758380558466
6,0.029088820866572156,8,9,78,12.388473961674496,0.027528150460860157,0.3603660998813429,0.0008007614375440069,1.5099640912396114e-7,3.778447305565874e-8,-9.463918964613695e-9,1.0322819592342557e-8,3.630044659884453e-8,1.0322819572995426e-8,3.630044659011223e-8,-3.483699314986189e-8,1.110909873404371e-8,0.0,0.0,0.0,0.0,0.0,0.0,0.0,0.0,5.359566126253467e-12,2.282030111514632e-8,0.032210758380558466
6,0.029088820866572156,8,7,79,12.388473961674137,0.0275281504604592,-0.36036609988133245,-0.0008007614375323435,1.5099640907413623e-7,0.0,0.0,0.0,0.0,0.0,0.0,0.0,0.0,-3.4836993138311604e-8,1.110909873267605e-8,-1.032281959788785e-8,-3.6300446583227074e-8,-1.0322819566678506e-8,-3.630044658007696e-8,3.778447304154181e-8,-9.463918965331175e-9,5.359566126253467e-12,2.282030111514632e-8,0.032210758380558466
7,0.01679443855772424,9,8,0,0.6555674701840815,0.14629532862729816,-0.011009887598449274,-0.002456947907913235,32.589187497838886,0.0,0.0,0.0,0.0,0.0,0.0,0.0,0.0,-5.316837801485086,5.831986333396996,-5.842689666838883,-5.675233204562727,-5.842689666845231,-5.6752332045351706,6.045302624806426,-5.842030859861508,1.1850982472622753e-11,5.648523691338234e-6,0.0353647484822668
7,0.01679443855772424,9,10,1,0.6555674701844145,0.14629532862687986,0.011009887598454867,0.00245694790790621,32.5891874978318,6.045302624805701,-5.842030859859962,5.842689666837205,5.675233204561711,5.842689666843474,5.675233204534631,-5.3168378014842705,5.831986333395114,0.0,0.0,0.0,0.0,0.0,0.0,0.0,0.0,1.1850982472622753e-11,5.648523691338234e-6,0.0353647484822668
7,0.01679443855772424,9,10,2,2.150229426885991,0.017178354899304735,0.03611189599484738,0.0002885008258791545,2.862537648402146,0.6543728750144039,-0.3421669336207421,0.35140866586855246,0.6232084587486254,0.35140866587040975,0.6232084587470905,-0.5927456126946026,0.3594032796305679,0.0,0.0,0.0,0.0,0.0,0.0,0.0,0.0,1.1850982472622753e-11,5.648523691338234e-6,0.0353647484822668
7,0.01679443855772424,9,8,3,2.1502294268860727,0.01717835489929931,-0.03611189599484876,-0.0002885008258790634,2.8625376483983884,0.0,0.0,0.0,0.0,0.0,0.0,0.0,0.0,-0.5927456126954437,0.3594032796271494,-0.35140866586508707,-0.6232084587494344,-0.3514086658670454,-0.6232084587479713,0.6543728750152601,-0.3421669336173322,1.1850982472622753e-11,5.648523691338234e-6,0.0353647484822668
7,0.01679443855772424,9,10,4,6.759895686149642,0.010530941722352347,0.11352865275766531,0.00017686125371102116,1.657069338882234,0.33608447621138055,-0.26414607427044257,0.26609885206313,0.317369049139567,0.26609885206947453,0.31736904913980357,-0.29918518450252374,0.26741636020148085,0.0,0.0,0.0,0.0,0.0,0.0,0.0,0.0,1.1850982472622753e-11,5.648523691338234e-6,0.0353647484822668
7,0.01679443855772424,9,8,5,6.759895686150998,0.010530941721903747,-0.11352865275768807,-0.0001768612537034872,1.6570693388742108,0.0,0.0,0.0,0.0,0.0,0.0,0.0,0.0,-0.29918518449655773,0.2674163602054523,-0.26609885206728207,-0.31736904913299313,-0.26609885207329215,-0.3173690491344673,0.33608447620542936,-0.2641460742744289,1.1850982472622753e-11,5.648523691338234e-6,0.0353647484822668
7,0.01679443855772424,9,8,6,6.708530521473221,-0.004747947448204809,-0.11266600365549977,7.973911169417926e-5,1.0843808393224603,0.0,0.0,0.0,0.0,0.0,0.0,0.0,0.0,0.19517381574883183,-0.20039172677812792,0.200040729698312,0.18286501655483495,0.2000407297040882,0.1828650165570484,-0.17095593269274045,0.199323602875835,1.1850982472622753e-11,5.648523691338234e-6,0.0353647484822668
7,0.01679443855772424,9,10,7,6.7085305214744375,-0.00474794744804799,0.1126660036555202,-7.973911169154557e-5,1.0843808393218872,-0.17095593269767773,0.1993236028710921,-0.20004072969345504,-0.18286501656041873,-0.20004072969950423,-0.18286501656135584,0.19517381575379786,-0.20039172677344066,0.0,0.0,0.0,0.0,0.0,0.0,0.0,0.0,1.1850982472622753e-11,5.648523691338234e-6,0.0353647484822668
7,0.01679443855772424,9,10,8,2.0921811917907256,-0.0036066528103424478,0.03513700847715562,-6.0571709022339694e-5,0.8203141725556233,-0.11906303390834978,0.15901246213523415,-0.16014995601091028,-0.12801638760073655,-0.16014995601167872,-0.12801638760084344,0.13728978485243654,-0.16103109706862256,0.0,0.0,0.0,0.0,0.0,0.0,0.0,0.0,1.1850982472622753e-11,5.648523691338234e-6,0.0353647484822668
7,0.01679443855772424,9,8,9,2.092181191790656,-0.003606652810228095,-0.035137008477154445,6.05717090204192e-5,0.8203141725504166,0.0,0.0,0.0,0.0,0.0,0.0,0.0,0.0,0.1372897848536338,-0.1610310970659825,0.1601499560081992,0.12801638760190326,0.16014995600912768,0.12801638760208567,-0.1190630339095655,0.15901246213261444,1.1850982472622753e-11,5.648523691338234e-6,0.0353647484822668
7,0.01679443855772424,9,10,10,2.4360530240742992,0.28593939565350346,0.04091214283617415,0.004802191611535565,0.5089830635382797,0.0311524967453364,-0.12755020070173523,0.12447432378133337,0.0262591130558737,0.12447432378117805,0.026259113055468682,-0.021614625246445765,0.12134567973879609,0.0,0.0,0.0,0.0,0.0,0.0,0.0,0.0,1.1850982472622753e-11,5.648523691338234e-6,0.0353647484822668
7,0.01679443855772424,9,8,11,2.4360530240742064,0.2859393956535042,-0.04091214283617259,-0.004802191611535577,0.5089830635375363,0.0,0.0,0.0,0.0,0.0,0.0,0.0,0.0,-0.021614625246330302,0.12134567973863111,-0.1244743237811717,-0.02625911305575024,-0.12447432378101195,-0.02625911305534511,0.03115249674520473,-0.12755020070157277,1.1850982472622753e-11,5.648523691338234e-6,0.0353647484822668
7,0.01679443855772424,9,8,12,7.051873832016704,0.28937264564724496,-0.11843226178862792,-0.004859851117608764,0.09618494375641817,0.0,0.0,0.0,0.0,0.0,0.0,0.0,0.0,-0.0021174178987371376,0.023195769673927683,-0.023859584238330653,-0.0029415841446826197,-0.023859584238196885,-0.002941584144625306,0.00381346362816539,-0.024517467921075845,1.1850982472622753e-11,5.648523691338234e-6,0.0353647484822668
7,0.01679443855772424,9,10,13,7.051873832015153,0.28937264564776105,0.11843226178860188,0.0048598511176174315,0.09618494375621786,0.0038134636283858377,-0.024517467920988665,0.02385958423824347,0.0029415841448894066,0.023859584238129266,0.0029415841448559837,-0.002117417898953821,0.023195769673859768,0.0,0.0,0.0,0.0,0.0,0.0,0.0,0.0,1.1850982472622753e-11,5.648523691338234e-6,0.0353647484822668
7,0.01679443855772424,9,8,14,4.8061306256615,0.14348011597722213,-0.08071626549306882,-0.002409667992034605,0.0028160890028892903,0.0,0.0,0.0,0.0,0.0,0.0,0.0,0.0,-0.00050217324597304,0.00046138106040701063,-0.00045956561236334134,-0.0005331033976039719,-0.00045956561236494163,-0.0005331033975999938,0.0005649516133308259,-0.00045668303946204967,1.1850982472622753e-11,5.648523691338234e-6,0.0353647484822668
7,0.01679443855772424,9,10,15,4.8061306256614404,0.1434801159772554,0.08071626549306782,0.002409667992035164,0.0028160890028582587,0.0005649516133258415,-0.0004566830394559843,0.00045956561235752845,0.0005331033975987697,0.00045956561235858023,0.0005331033975951981,-0.0005021732459680408,0.0004613810604008928,0.0,0.0,0.0,0.0,0.0,0.0,0.0,0.0,1.1850982472622753e-11,5.648523691338234e-6,0.0353647484822668
7,0.01679443855772424,9,10,16,9.423484682401593,0.14106742309435127,0.15826213449824908,0.002369148169654572,0.0012545442082242803,0.00026574798673437323,-0.0001846963550825289,0.00018700418167837382,0.00025169004890988075,0.00018700418168042364,0.0002516900489075682,-0.00023800561569284437,0.00018880825467384915,0.0,0.0,0.0,0.0,0.0,0.0,0.0,0.0,1.1850982472622753e-11,5.648523691338234e-6,0.0353647484822668
7,0.01679443855772424,9,8,17,9.423484682401522,0.14106742309375697,-0.1582621344982479,-0.002369148169644591,0.001254544208222043,0.0,0.0,0.0,0.0,0.0,0.0,0.0,0.0,-0.0002380056156902695,0.0001888082546766444,-0.00018700418168099374,-0.00025169004890762393,-0.0001870041816829822,-0.0002516900489045946,0.0002657479867316958,-0.00018469635508489658,1.1850982472622753e-11,5.648523691338234e-6,0.0353647484822668
7,0.01679443855772424,9,8,18,4.877474056323541,0.1332540205955287,-0.08191443835581973,-0.0022379264614613274,0.0009902375418655782,0.0,0.0,0.0,0.0,0.0,0.0,0.0,0.0,0.00010754450576013998,-0.00023170399802780644,0.00022767800283680147,9.704518534976828e-5,0.00022767800283836795,9.704518534531661e-5,-8.700102639507389e-5,0.0002234574621152714,1.1850982472622753e-11,5.648523691338234e-6,0.0353647484822668
7,0.01679443855772424,9,10,19,4.877474056324713,0.13325402059476185,0.08191443835583942,0.0022379264614484484,0.000990237541824885,-8.7001026370297e-5,0.00022345746211484548,-0.000227678002837279,-9.70451853252617e-5,-0.00022767800283698614,-9.704518532010519e-5,0.00010754450573519118,-0.00023170399802728065,0.0,0.0,0.0,0.0,0.0,0.0,0.0,0.0,1.1850982472622753e-11,5.648523691338234e-6,0.0353647484822668
7,0.01679443855772424,9,8,20,9.43205196171646,0.15003244698962204,-0.1584060171443095,-0.0025197107126322263,0.0009741336306620124,0.0,0.0,0.0,0.0,0.0,0.0,0.0,0.0,-0.00015848986594020175,0.00017472349612722372,-0.000175070280947516,-0.00016920193992363093,-0.00017507028094742075,-0.00016920193991989792,0.0001802638157115738,-0.00017507831208608363,1.1850982472622753e-11,5.648523691338234e-6,0.0353647484822668
7,0.01679443855772424,9,10,21,9.432051961715931,0.15003244698905013,0.15840601714430058,0.0025197107126226216,0.0009741336305847536,0.00018026381570799502,-0.00017507831206200675,0.00017507028092305827,0.000169201939920111,0.00017507028092394336,0.0001692019399174175,-0.0001584898659377837,0.00017472349610338851,0.0,0.0,0.0,0.0,0.0,0.0,0.0,0.0,1.1850982472622753e-11,5.648523691338234e-6,0.0353647484822668
7,0.01679443855772424,9,10,22,9.492499156261974,0.13398972180139282,0.15942119383909092,0.002250282150160056,0.0009353598249766573,-0.00011056703010287015,0.0001976879573361696,-0.00020032488545997792,-0.00012051454514657102,-0.0002003248854647206,-0.0001205145451410964,0.00013086246852587834,-0.000202720384089793,0.0,0.0,0.0,0.0,0.0,0.0,0.0,0.0,1.1850982472622753e-11,5.648523691338234e-6,0.0353647484822668
7,0.01679443855772424,9,8,23,9.49249915626184,0.13398972180445073,-0.15942119383908865,-0.0022502821502114116,0.0009353598249262594,0.0,0.0,0.0,0.0,0.0,0.0,0.0,0.0,0.00013086246860037292,-0.00020272038403038408,0.00020032488539917167,0.00012051454522034734,0.0002003248854066134,0.0001205145452159028,-0.00011056703017708471,0.0001976879572768034,1.1850982472622753e-11,5.648523691338234e-6,0.0353647484822668
7,0.01679443855772424,9,8,24,4.892584742634684,0.15198262593547693,-0.08216821384863726,-0.0025524628731149537,0.0004356489158138166,0.0,0.0,0.0,0.0,0.0,0.0,0.0,0.0,-1.0461864451154773e-5,0.0001049770258506837,-0.00010795255083393181,-1.4219568147663756e-5,-0.00010795255083546224,-1.4219568145416181e-5,1.819314828852272e-5,-0.0001108994208060069,1.1850982472622753e-11,5.648523691338234e-6,0.0353647484822668
7,0.01679443855772424,9,10,25,4.892584742634977,0.1519826259351373,0.08216821384864219,0.00255246287310925,0.0004356489158060109,1.8193148271776662e-5,-0.00011089942080596358,0.00010795255083474611,1.4219568131688098e-5,0.0001079525508350911,1.4219568128325598e-5,-1.046186443480598e-5,0.00010497702585113405,0.0,0.0,0.0,0.0,0.0,0.0,0.0,0.0,1.1850982472622753e-11,5.648523691338234e-6,0.0353647484822668
7,0.01679443855772424,9,10,26,9.505950923369635,0.1473963370628366,0.15964710871527335,0.0024754387264354217,0.00039258582526536753,2.3145877393354022e-5,-9.85926214178535e-5,9.618643043863943e-5,1.9392950816869676e-5,9.618643043613119e-5,1.9392950809506046e-5,-1.5832358115256803e-5,9.374126122132948e-5,0.0,0.0,0.0,0.0,0.0,0.0,0.0,0.0,1.1850982472622753e-11,5.648523691338234e-6,0.0353647484822668
7,0.01679443855772424,9,8,27,9.505950923369625,0.14739633706197644,-0.15964710871527316,-0.0024754387264209754,0.0003925858249228048,0.0,0.0,0.0,0.0,0.0,0.0,0.0,0.0,-1.583235817057125e-5,9.37412611224973e-5,-9.618643033818672e-5,-1.9392950869710386e-5,-9.618643033996526e-5,-1.9392950864597804e-5,2.3145877446128606e-5,-9.859262132029557e-5,1.1850982472622753e-11,5.648523691338234e-6,0.0353647484822668
7,0.01679443855772424,9,8,28,9.511365636178045,0.1511314897763219,-0.1597380457768419,-0.0025381685191857672,8.180705811684894e-5,0.0,0.0,0.0,0.0,0.0,0.0,0.0,0.0,-1.9399855973075235e-5,4.012441366365431e-6,-3.505889821505272e-6,-2.014384538324084e-5,-3.505889821679997e-6,-2.0143845383092976e-5,2.0894806278264264e-5,-2.95904361453679e-6,1.1850982472622753e-11,5.648523691338234e-6,0.0353647484822668
7,0.01679443855772424,9,10,29,9.511365636179384,0.1511314897743302,0.1597380457768644,0.002538168519152318,8.180705810535723e-5,2.089480627640166e-5,-2.9590436035735174e-6,3.5058898103320613e-6,2.0143845382216155e-5,3.5058898106310724e-6,2.0143845382167657e-5,-1.9399855972962143e-5,4.012441355167354e-6,0.0,0.0,0.0,0.0,0.0,0.0,0.0,0.0,1.1850982472622753e-11,5.648523691338234e-6,0.0353647484822668
7,0.01679443855772424,9,8,30,10.955793651116633,0.0054306608898892494,-0.1839964033247836,-9.120490064308105e-5,7.272976137062811e-5,0.0,0.0,0.0,0.0,0.0,0.0,0.0,0.0,1.2699455345768078e-5,-1.3810293644571893e-5,1.3763081358665554e-5,1.1874915312716739e-5,1.3763081359030834e-5,1.187491531301228e-5,-1.107787766534013e-5,1.3692091740117436e-5,1.1850982472622753e-11,5.648523691338234e-6,0.0353647484822668
7,0.01679443855772424,9,10,31,10.95579365111562,0.005430660889480396,0.1839964033247666,9.120490063621458e-5,7.272976136252178e-5,-1.1077877664899335e-5,1.3692091737884327e-5,-1.376308135638029e-5,-1.1874915312210576e-5,-1.3763081356796527e-5,-1.1874915312551225e-5,1.2699455345241784e-5,-1.381029364228548e-5,0.0,0.0,0.0,0.0,0.0,0.0,0.0,0.0,1.1850982472622753e-11,5.648523691338234e-6,0.0353647484822668
7,0.01679443855772424,9,10,32,11.011062146793158,0.02397891957961447,0.18492460667960087,0.00040271249156044594,7.052453257941354e-5,1.6652717603191566e-5,-7.325645300281734e-6,7.604501681910975e-6,1.5901985930968458e-5,7.604501681626598e-6,1.5901985930627337e-5,-1.5166431442619663e-5,7.85153891420712e-6,0.0,0.0,0.0,0.0,0.0,0.0,0.0,0.0,1.1850982472622753e-11,5.648523691338234e-6,0.0353647484822668
7,0.01679443855772424,9,8,33,11.011062146792112,0.02397891957875045,-0.1849246066795833,-0.0004027124915459353,7.052453256525281e-5,0.0,0.0,0.0,0.0,0.0,0.0,0.0,0.0,-1.5166431440116596e-5,7.851538911567285e-6,-7.604501679217938e-6,-1.590198592834434e-5,-7.60450167900751e-6,-1.590198592794516e-5,1.6652717600383076e-5,-7.325645297612877e-6,1.1850982472622753e-11,5.648523691338234e-6,0.0353647484822668
7,0.01679443855772424,9,8,34,11.00344812432375,0.019195592324947774,-0.18479673344706127,-0.0003223791958804584,6.398806154812178e-5,0.0,0.0,0.0,0.0,0.0,0.0,0.0,0.0,-1.2001788359176017e-5,9.801239684622415e-6,-9.719123594178436e-6,-1.2700997186135112e-5,-9.719123594206243e-6,-1.2700997186377148e-5,1.3419618839117923e-5,-9.611586096563656e-6,1.1850982472622753e-11,5.648523691338234e-6,0.0353647484822668
7,0.01679443855772424,9,10,35,11.00344812432487,0.019195592325561298,0.18479673344708006,0.0003223791958907622,6.398806153735458e-5,1.341961883600595e-5,-9.611586096046971e-6,9.719123593593743e-6,1.2700997183215911e-5,9.719123593661575e-6,1.270099718338535e-5,-1.200178835637123e-5,9.801239684016366e-6,0.0,0.0,0.0,0.0,0.0,0.0,0.0,0.0,1.1850982472622753e-11,5.648523691338234e-6,0.0353647484822668
7,0.01679443855772424,9,10,36,6.34084967301065,0.006482513913204049,0.1064910102371432,0.00010887018161489793,1.259683428687816e-5,-1.8240048004241611e-6,2.4450565582521527e-6,-2.4627682274987237e-6,-1.961462236610476e-6,-2.462768227638632e-6,-1.9614622366991283e-6,2.103841281496804e-6,-2.476552050807459e-6,0.0,0.0,0.0,0.0,0.0,0.0,0.0,0.0,1.1850982472622753e-11,5.648523691338234e-6,0.0353647484822668
7,0.01679443855772424,9,8,37,6.340849673010764,0.006482513913256341,-0.10649101023714512,-0.00010887018161577614,1.2596834281219632e-5,0.0,0.0,0.0,0.0,0.0,0.0,0.0,0.0,2.1038412799580125e-6,-2.4765520502472778e-6,2.4627682269556654e-6,1.9614622351032708e-6,2.4627682270259328e-6,1.9614622351154227e-6,-1.8240047988747244e-6,2.44505655765434e-6,1.1850982472622753e-11,5.648523691338234e-6,0.0353647484822668
7,0.01679443855772424,9,10,38,6.394581297142874,0.024720911265311313,0.10739340269723857,0.00041517382533622386,1.1925060469889789e-5,2.073282402051303e-6,-2.2726070659899598e-6,2.264331389985706e-6,1.9381192132461756e-6,2.2643313899421555e-6,1.9381192133053993e-6,-1.8074808065114462e-6,2.252174950738062e-6,0.0,0.0,0.0,0.0,0.0,0.0,0.0,0.0,1.1850982472622753e-11,5.648523691338234e-6,0.0353647484822668
7,0.01679443855772424,9,8,39,6.3945812971428,0.024720911265334197,-0.10739340269723732,-0.00041517382533660816,1.1925060462824224e-5,0.0,0.0,0.0,0.0,0.0,0.0,0.0,0.0,-1.8074808056611128e-6,2.2521749491658633e-6,-2.26433138840429e-6,-1.9381192124041816e-6,-2.2643313883607132e-6,-1.9381192124087607e-6,2.0732824011643885e-6,-2.272607064398095e-6,1.1850982472622753e-11,5.648523691338234e-6,0.0353647484822668
7,0.01679443855772424,9,10,40,10.951710400622163,0.0028880225745670784,0.18392782742523844,4.850271768188737e-5,9.718043322104538e-6,-1.7837188970531371e-6,1.5350896621439284e-6,-1.525363356483035e-6,-1.8901961709313644e-6,-1.525363356431033e-6,-1.8901961709286564e-6,1.999720388080524e-6,-1.5118536114846558e-6,0.0,0.0,0.0,0.0,0.0,0.0,0.0,0.0,1.1850982472622753e-11,5.648523691338234e-6,0.0353647484822668
7,0.01679443855772424,9,8,41,10.951710400622654,0.002888022574578736,-0.1839278274252467,-4.850271768208315e-5,9.718043319950263e-6,0.0,0.0,0.0,0.0,0.0,0.0,0.0,0.0,1.999720388527886e-6,-1.5118536099714183e-6,1.525363355012041e-6,1.8901961714064203e-6,1.5253633549824732e-6,1.8901961714258673e-6,-1.7837188975752184e-6,1.535089660737566e-6,1.1850982472622753e-11,5.648523691338234e-6,0.0353647484822668
7,0.01679443855772424,9,10,42,11.288436155465869,0.2826936656289002,0.18958294742576437,0.004747681398062405,5.475749212470705e-6,1.506482257421229e-7,-1.4044908475713203e-6,1.3647257216910381e-6,1.0284504693170821e-7,1.3647257217027882e-6,1.0284504693227138e-7,-5.777111114605519e-8,1.3247521764868885e-6,0.0,0.0,0.0,0.0,0.0,0.0,0.0,0.0,1.1850982472622753e-11,5.648523691338234e-6,0.0353647484822668
7,0.01679443855772424,9,8,43,11.28843615546606,0.28269366562953063,-0.1895829474257676,-0.004747681398072993,5.475749212191916e-6,0.0,0.0,0.0,0.0,0.0,0.0,0.0,0.0,-5.7771111064619906e-8,1.3247521764293156e-6,-1.3647257216394314e-6,-1.0284504686064855e-7,-1.3647257216265918e-6,-1.0284504684748979e-7,1.506482256676391e-7,-1.4044908475002888e-6,1.1850982472622753e-11,5.648523691338234e-6,0.0353647484822668
7,0.01679443855772424,9,10,44,10.991062245371813,0.02987529927999999,0.18458871956401954,0.0005017388781515831,3.4369073508575182e-6,-5.159262533633998e-7,7.210255537277934e-7,-7.140524391734384e-7,-4.775260753138183e-7,-7.140524390836906e-7,-4.775260754123004e-7,4.4055304576224134e-7,-7.061228452299279e-7,0.0,0.0,0.0,0.0,0.0,0.0,0.0,0.0,1.1850982472622753e-11,5.648523691338234e-6,0.0353647484822668
7,0.01679443855772424,9,8,45,10.99106224537189,0.0298752992806266,-0.18458871956402081,-0.0005017388781621066,3.4369073480497395e-6,0.0,0.0,0.0,0.0,0.0,0.0,0.0,0.0,4.405530461233602e-7,-7.06122844195868e-7,7.1405243810081e-7,4.775260756486339e-7,7.140524380118626e-7,4.775260757589671e-7,-5.159262536821412e-7,7.210255526169907e-7,1.1850982472622753e-11,5.648523691338234e-6,0.0353647484822668
7,0.01679443855772424,9,10,46,6.667996108813266,0.28233573298139414,0.11198525095260872,0.004741670120206061,2.755480627612094e-6,-6.474681706027393e-7,2.933314678731632e-7,-3.0390479780608716e-7,-6.180185780136655e-7,-3.039047978162417e-7,-6.180185780274781e-7,5.891755583875365e-7,-3.1324148402254405e-7,0.0,0.0,0.0,0.0,0.0,0.0,0.0,0.0,1.1850982472622753e-11,5.648523691338234e-6,0.0353647484822668
7,0.01679443855772424,9,8,47,6.667996108813252,0.28233573298154924,-0.11198525095260849,-0.004741670120208666,2.755480625048919e-6,0.0,0.0,0.0,0.0,0.0,0.0,0.0,0.0,5.89175557593405e-7,-3.1324148415018254e-7,3.0390479794550466e-7,6.180185772646802e-7,3.039047979263079e-7,6.180185772252466e-7,-6.474681698463188e-7,2.9333146799198614e-7,1.1850982472622753e-11,5.648523691338234e-6,0.0353647484822668
7,0.01679443855772424,9,8,48,9.422167553842993,0.14101778102177812,-0.15824001406359905,-0.002368314458916864,2.010961698532528e-6,0.0,0.0,0.0,0.0,0.0,0.0,0.0,0.0,-5.098097216244088e-7,9.59266348429421e-8,-1.0851921933930376e-7,-4.907599020046515e-7,-1.085192182666489e-7,-4.907599029630071e-7,4.7192614007157893e-7,-1.201300668965553e-7,1.1850982472622753e-11,5.648523691338234e-6,0.0353647484822668
7,0.01679443855772424,9,10,49,9.422167553842783,0.14101778102351742,0.15824001406359553,0.0023683144589460746,2.010961698059448e-6,4.7192613878356655e-7,-1.2013007216230194e-7,1.0851922454965695e-7,4.907599008826978e-7,1.0851922357320907e-7,4.907599015226542e-7,-5.098097203391215e-7,9.592664009089767e-8,0.0,0.0,0.0,0.0,0.0,0.0,0.0,0.0,1.1850982472622753e-11,5.648523691338234e-6,0.0353647484822668
7,0.01679443855772424,9,10,50,10.938587802102733,0.009449071835734249,0.18370744075068618,0.00015869185637276144,1.7360355918147161e-6,7.44838546553808e-8,-4.1374868023161463e-7,4.2439069132964036e-7,9.034483207541494e-8,4.243906913462937e-7,9.034483208750374e-8,-1.0705440935156481e-7,4.3485116418046873e-7,0.0,0.0,0.0,0.0,0.0,0.0,0.0,0.0,1.1850982472622753e-11,5.648523691338234e-6,0.0353647484822668
7,0.01679443855772424,9,8,51,10.938587802102315,0.009449071836714784,-0.18370744075067919,-0.00015869185638922898,1.7360355897818478e-6,0.0,0.0,0.0,0.0,0.0,0.0,0.0,0.0,-1.0705440973349592e-7,4.348511635502261e-7,-4.243906907219318e-7,-9.034483246207208e-8,-4.2439069074884464e-7,-9.034483248103606e-8,7.448385505262566e-8,-4.137486796562289e-7,1.1850982472622753e-11,5.648523691338234e-6,0.0353647484822668
7,0.01679443855772424,9,8,52,11.318909949771294,0.2677128103689686,-0.19009473769184757,-0.004496086344857324,1.155757154647877e-6,0.0,0.0,0.0,0.0,0.0,0.0,0.0,0.0,3.886168614574069e-8,-2.9560037315725474e-7,2.8745036410888836e-7,2.8574546910915454e-8,2.8745036401571965e-7,2.8574546859059747e-8,-1.8862250628674273e-8,2.7924263102973273e-7,1.1850982472622753e-11,5.648523691338234e-6,0.0353647484822668
7,0.01679443855772424,9,10,53,11.318909949771324,0.2677128103688081,0.19009473769184806,0.004496086344854629,1.1557571545739036e-6,-1.8862250859226398e-8,2.7924263098953117e-7,-2.87450364065004e-7,-2.8574547149651055e-8,-2.874503639760847e-7,-2.8574547084523003e-8,3.886168637948195e-8,-2.9560037311421043e-7,0.0,0.0,0.0,0.0,0.0,0.0,0.0,0.0,1.1850982472622753e-11,5.648523691338234e-6,0.0353647484822668
7,0.01679443855772424,9,8,54,11.28275240450684,0.28552642272429596,-0.18948749201950557,-0.004795255963049987,9.849900967232632e-7,0.0,0.0,0.0,0.0,0.0,0.0,0.0,0.0,1.427669168914541e-7,1.910816764097866e-7,-2.0178031811112692e-7,1.4103992897653057e-7,-2.017803181210695e-7,1.410399289903072e-7,-1.3890909876306528e-7,-2.127606358381157e-7,1.1850982472622753e-11,5.648523691338234e-6,0.0353647484822668
7,0.01679443855772424,9,10,55,11.28275240450646,0.2855264227225124,0.1894874920194992,0.004795255963020033,9.849900965978966e-7,-1.3890909865180146e-7,-2.1276063587411262e-7,2.0178031814907874e-7,-1.4103992886873007e-7,2.0178031815939925e-7,-1.4103992887949827e-7,1.4276691678419238e-7,1.9108167645002906e-7,0.0,0.0,0.0,0.0,0.0,0.0,0.0,0.0,1.1850982472622753e-11,5.648523691338234e-6,0.0353647484822668
7,0.01679443855772424,9,8,56,11.292739274164493,0.27425626806929926,-0.18965521588835502,-0.004605980043160595,2.498682757219598e-7,0.0,0.0,0.0,0.0,0.0,0.0,0.0,0.0,3.374410202676389e-8,5.022536244057653e-8,-5.291401110431808e-8,3.3170668620720315e-8,-5.291401110732182e-8,3.317066861906962e-8,-3.249134095525681e-8,-5.566889521413707e-8,1.1850982472622753e-11,5.648523691338234e-6,0.0353647484822668
7,0.01679443855772424,9,10,57,11.292739274165015,0.2742562680685908,0.1896552158883638,0.004605980043148697,2.4986827540930796e-7,-3.2491340844732696e-8,-5.566889518412107e-8,5.2914011080752184e-8,-3.317066851552905e-8,5.291401107976145e-8,-3.3170668511629115e-8,3.374410192461163e-8,5.0225362419142764e-8,0.0,0.0,0.0,0.0,0.0,0.0,0.0,0.0,1.1850982472622753e-11,5.648523691338234e-6,0.0353647484822668
7,0.01679443855772424,9,8,58,9.134643693169766,0.15108743112428993,-0.15341121225164286,-0.0025374285788612805,2.6536145426849045e-8,0.0,0.0,0.0,0.0,0.0,0.0,0.0,0.0,-3.036315980791744e-9,5.663427306519193e-9,-5.743255492517729e-9,-3.317148513590104e-9,-5.743255492388073e-9,-3.3171485141912473e-9,3.6094609121636937e-9,-5.816437901500137e-9,1.1850982472622753e-11,5.648523691338234e-6,0.0353647484822668
7,0.01679443855772424,9,10,59,9.134643693170085,0.15108743112404058,0.15341121225164825,0.0025374285788570925,2.653614540063467e-8,3.609460909485661e-9,-5.816437895553819e-9,5.743255486059689e-9,3.3171485113905606e-9,5.743255486383112e-9,3.3171485117502447e-9,-3.0363159788357764e-9,5.663427300037626e-9,0.0,0.0,0.0,0.0,0.0,0.0,0.0,0.0,1.1850982472622753e-11,5.648523691338234e-6,0.0353647484822668
7,0.01679443855772424,9,10,60,9.548992636718854,0.14461257367346717,0.16036997012553597,0.002428686983233414,1.2523635921905085e-12,2.5439119846252325e-13,-1.9913830802372926e-13,2.0064173072900938e-13,2.402495439612032e-13,2.0064172418687934e-13,2.402495714450243e-13,-2.2650871813198974e-13,2.0166424776385971e-13,0.0,0.0,0.0,0.0,0.0,0.0,0.0,0.0,1.1850982472622753e-11,5.648523691338234e-6,0.0353647484822668
7,0.01679443855772424,9,8,61,9.548992636718694,0.14461257367319194,-0.16036997012553328,-0.002428686983228792,1.2523633957968775e-12,0.0,0.0,0.0,0.0,0.0,0.0,0.0,0.0,-2.26508741673983e-13,2.016641235606944e-13,-2.0064161425822867e-13,-2.402495640494582e-13,-2.00641591265738e-13,-2.40249630998306e-13,2.5439125581647664e-13,-1.991381817811487e-13,1.1850982472622753e-11,5.648523691338234e-6,0.0353647484822668
7,0.01679443855772424,9,8,62,11.28797341723125,0.2847653362619509,-0.18957517599691476,-0.004782473943221017,1.1326801769124875e-13,0.0,0.0,0.0,0.0,0.0,0.0,0.0,0.0,8.077583115149488e-16,2.741716539164445e-14,-2.8309864550241744e-14,-6.179173545547275e-17,-2.8309865069363773e-14,-6.179156488630649e-17,9.879611759884942e-16,-2.9202384055863076e-14,1.1850982472622753e-11,5.648523691338234e-6,0.0353647484822668
7,0.01679443855772424,9,10,63,11.287973417231289,0.28476533626175726,0.1895751759969154,0.004782473943217765,1.1326789354302778e-13,9.880472434192597e-16,-2.920234835484739e-14,2.8309833759783672e-14,6.187597660981195e-17,2.8309833455900542e-14,6.187596033645713e-17,8.07675843517282e-16,2.7417138466008557e-14,0.0,0.0,0.0,0.0,0.0,0.0,0.0,0.0,1.1850982472622753e-11,5.648523691338234e-6,0.0353647484822668
7,0.01679443855772424,9,10,64,11.01049055241993,0.020191893419771983,0.18491500707301972,0.00033911151340247696,5.031186616694709e-14,1.1595880531191195e-14,-5.8293374649736385e-15,6.000502261775455e-15,1.1050800687942646e-14,6.0005040383658585e-15,1.1050800179469976e-14,-1.0517699297339831e-14,6.149555169647731e-15,0.0,0.0,0.0,0.0,0.0,0.0,0.0,0.0,1.1850982472622753e-11,5.648523691338234e-6,0.0353647484822668
7,0.01679443855772424,9,8,65,11.010490552419874,0.020191893419712503,-0.1849150070730188,-0.00033911151340147803,5.0311324719790514e-14,0.0,0.0,0.0,0.0,0.0,0.0,0.0,0.0,-1.0517524398073706e-14,6.1495972702741805e-15,-6.000552608119425e-15,-1.1050620067019207e-14,-6.000551821942494e-15,-1.1050619583232973e-14,1.1595694208572786e-14,-5.829393949160356e-15,1.1850982472622753e-11,5.648523691338234e-6,0.0353647484822668
7,0.01679443855772424,9,10,66,9.558798710849192,0.15248625260180676,0.16053465763501043,0.0025609210002186618,3.5286560622216495e-14,-8.002632450997456e-15,-4.3377897728596956e-15,3.9554635765739825e-15,-7.882687979060944e-15,3.955465239454911e-15,-7.882687993727447e-15,7.75481685711718e-15,3.588896336548351e-15,0.0,0.0,0.0,0.0,0.0,0.0,0.0,0.0,1.1850982472622753e-11,5.648523691338234e-6,0.0353647484822668
7,0.01679443855772424,9,8,67,9.558798710849207,0.1524862526022366,-0.16053465763501068,-0.002560921000225881,3.528649976467218e-14,0.0,0.0,0.0,0.0,0.0,0.0,0.0,0.0,7.754806196118733e-15,3.588878025626432e-15,-3.955446294175111e-15,7.882680768399413e-15,-3.955448403794916e-15,7.882678193768306e-15,-8.002626117370661e-15,-4.33777420635044e-15,1.1850982472622753e-11,5.648523691338234e-6,0.0353647484822668
7,0.01679443855772424,9,10,68,9.531950202435349,0.12952712796250274,0.1600837520100876,0.0021753353921247377,1.914276142179337e-14,4.584182619955847e-15,-6.887020101536478e-16,5.608023729463706e-16,4.751515714622886e-15,5.608099932201799e-16,4.7515133834046534e-15,-4.919958396063637e-15,4.234063953979996e-16,0.0,0.0,0.0,0.0,0.0,0.0,0.0,0.0,1.1850982472622753e-11,5.648523691338234e-6,0.0353647484822668
7,0.01679443855772424,9,8,69,9.53195020243523,0.12952712796318408,-0.1600837520100856,-0.0021753353921361803,1.9142560404450385e-14,0.0,0.0,0.0,0.0,0.0,0.0,0.0,0.0,-4.919915385789344e-15,4.2337045452422293e-16,-5.607735559367767e-16,-4.75146201913738e-15,-5.607697574700602e-16,-4.751473862226129e-15,4.5841326264211796e-15,-6.886685071658431e-16,1.1850982472622753e-11,5.648523691338234e-6,0.0353647484822668
7,0.01679443855772424,9,8,70,4.943355982380175,0.15020900533492673,-0.0830208883150424,-0.0025226759109142995,6.69228078550713e-15,0.0,0.0,0.0,0.0,0.0,0.0,0.0,0.0,1.6149150983670436e-15,-1.3571003888719936e-16,8.727697072283341e-17,1.6703739272667455e-15,8.727755911136807e-17,1.6703736228573847e-15,-1.7260036912280614e-15,3.550358836535392e-17,1.1850982472622753e-11,5.648523691338234e-6,0.0353647484822668
7,0.01679443855772424,9,10,71,4.943355982380291,0.15020900533477965,0.08302088831504435,0.0025226759109118297,6.692252731806401e-15,-1.7259960285217699e-15,3.551183890375118e-17,-8.72860405984572e-17,-1.670365980659236e-15,-8.728543286729188e-17,-1.670366649565216e-15,1.6149077992713288e-15,-1.3571871509193848e-16,0.0,0.0,0.0,0.0,0.0,0.0,0.0,0.0,1.1850982472622753e-11,5.648523691338234e-6,0.0353647484822668
7,0.01679443855772424,9,8,72,10.961765046042855,0.005710930263707725,-0.18409668954997596,-9.591186742128729e-5,1.0652712550446392e-16,0.0,0.0,0.0,0.0,0.0,0.0,0.0,0.0,-2.547468907551074e-17,1.0305266353804957e-17,-1.076028525326432e-17,-2.4354003156934425e-17,-1.0760345919148467e-17,-2.4353827537305126e-17,2.3254611365122223e-17,-1.1166639360341138e-17,1.1850982472622753e-11,5.648523691338234e-6,0.0353647484822668
7,0.01679443855772424,9,10,73,10.961765046042864,0.0057109302635515585,0.1840966895499761,9.591186741866455e-5,1.0651903482415238e-16,2.32491514818622e-17,-1.1173350808617599e-17,1.0767435002745036e-17,2.4348520589574363e-17,1.0767345049233768e-17,2.4348632166678762e-17,-2.5469488148684526e-17,1.0312708017436668e-17,0.0,0.0,0.0,0.0,0.0,0.0,0.0,0.0,1.1850982472622753e-11,5.648523691338234e-6,0.0353647484822668
7,0.01679443855772424,9,8,74,7.0181731432055265,0.30447530133098405,-0.11786627764103562,-0.005113491740547785,4.3285470190925295e-21,0.0,0.0,0.0,0.0,0.0,0.0,0.0,0.0,-4.2138709317435556e-22,-9.560384025399855e-22,1.0043246009265829e-21,-4.0172438009474846e-22,1.00470893540651e-21,-4.0141002750755084e-22,3.793087129737012e-22,1.0539676015459835e-21,1.1850982472622753e-11,5.648523691338234e-6,0.0353647484822668
7,0.01679443855772424,9,10,75,7.018173143207731,0.3044753013282038,0.11786627764107264,0.005113491740501092,1.5792207314713597e-21,2.532398468989045e-22,3.216864155068583e-22,-3.0254235774457053e-22,2.5477960956798993e-22,-2.981284729187168e-22,2.5731317990567115e-22,-2.5796174820518205e-22,-2.7966531652900365e-22,0.0,0.0,0.0,0.0,0.0,0.0,0.0,0.0,1.1850982472622753e-11,5.648523691338234e-6,0.0353647484822668
7,0.01679443855772424,9,10,76,9.433199570516932,0.1519586691391604,0.1584252905897973,0.0025520605321711757,3.0915776348278403e-22,-5.319060686780967e-23,5.950256255819243e-23,-5.911875071434613e-23,-4.9649179831895176e-23,-5.923634617793084e-23,-4.9719822946714284e-23,4.630143316822483e-23,-5.875766573714126e-23,0.0,0.0,0.0,0.0,0.0,0.0,0.0,0.0,1.1850982472622753e-11,5.648523691338234e-6,0.0353647484822668
7,0.01679443855772424,9,8,77,2.3999328102260424,0.30383607628178566,-0.04030552412400774,-0.005102756314734465,2.1625219285704366e-22,0.0,0.0,0.0,0.0,0.0,0.0,0.0,0.0,-3.215113640414422e-23,-4.1185902355975027e-23,4.353809384198239e-23,-3.1916977465126476e-23,4.373892260094225e-23,-3.1858124273150663e-23,3.1534632820915203e-23,4.616551914016004e-23,1.1850982472622753e-11,5.648523691338234e-6,0.0353647484822668
7,0.01679443855772424,9,10,78,2.399932810225997,0.30383607628179254,0.04030552412400698,0.00510275631473458,2.0073175152526079e-22,2.082670771687428e-23,4.7503958182470166e-23,-4.517655366098672e-23,2.1649045087279767e-23,-4.538763112122546e-23,2.154613858301036e-23,-2.2274632137358465e-23,-4.3110316669024845e-23,0.0,0.0,0.0,0.0,0.0,0.0,0.0,0.0,1.1850982472622753e-11,5.648523691338234e-6,0.0353647484822668
7,0.01679443855772424,9,8,79,9.43319957051656,0.1519586691398148,-0.15842529058979107,-0.002552060532182166,1.4707183040682125e-22,0.0,0.0,0.0,0.0,0.0,0.0,0.0,0.0,2.656864812422541e-23,-2.372803820856432e-23,2.3605080751051814e-23,2.818053408949696e-23,2.3600032639043136e-23,2.818026177204217e-23,-2.983864615476499e-23,2.3420323836242493e-23,1.1850982472622753e-11,5.648523691338234e-6,0.0353647484822668
8,0.009696273622190719,10,9,0,1.4120208231979183,0.24681892156150553,-0.013691340261958,-0.0023932237985943862,21.977544164689427,0.0,0.0,0.0,0.0,0.0,0.0,0.0,0.0,-3.651064532076159,3.8722666177155585,-3.8754282723902516,-3.8928468392841773,-3.8754282723938704,-3.892846839267037,4.142372209583352,-3.870796490327406,1.1839542915108939e-9,0.00042120099323461147,0.021657727931056064
8,0.009696273622190719,10,11,1,1.4120208231982425,0.2468189215607836,0.013691340261961144,0.002393223798587386,21.97754416468244,4.142372209578131,-3.8707964903304037,3.8754282723931865,3.892846839278708,3.8754282723966487,3.8928468392618885,-3.651064532070772,3.8722666177182665,0.0,0.0,0.0,0.0,0.0,0.0,0.0,0.0,1.1839542915108939e-9,0.00042120099323461147,0.021657727931056064
8,0.009696273622190719,10,9,2,0.5581081961175496,0.44684303214256377,-0.005411569780343041,-0.0043327123058236605,9.953562045226764,0.0,0.0,0.0,0.0,0.0,0.0,0.0,0.0,-1.88482606218771,1.5024225121204742,-1.4883631966016804,-1.9934316568603432,-1.4883631966048554,-1.9934316568522408,2.1050099880821658,-1.4703140450359868,1.1839542915108939e-9,0.00042120099323461147,0.021657727931056064
8,0.009696273622190719,10,11,3,0.5581081961175369,0.4468430321425025,0.005411569780342918,0.004332712305823066,9.953562045222396,2.105009988080895,-1.4703140450359842,1.4883631966016246,1.9934316568589825,1.4883631966047592,1.9934316568509862,-1.8848260621863726,1.502422512120325,0.0,0.0,0.0,0.0,0.0,0.0,0.0,0.0,1.1839542915108939e-9,0.00042120099323461147,0.021657727931056064
8,0.009696273622190719,10,11,4,0.07330245520439083,-0.029100423277218207,0.0007107606628401515,-0.0002821656666174757,2.3121542474671926,-0.031470306941889375,0.5590277799078551,-0.5756645658487356,-0.05071499046786604,-0.5756645658479962,-0.050714990466093124,0.0711109005425461,-0.5921987705814511,0.0,0.0,0.0,0.0,0.0,0.0,0.0,0.0,1.1839542915108939e-9,0.00042120099323461147,0.021657727931056064
8,0.009696273622190719,10,9,5,0.07330245520431711,-0.029100423277084494,-0.0007107606628394367,0.0002821656666161792,2.312154247459134,0.0,0.0,0.0,0.0,0.0,0.0,0.0,0.0,0.0711109005437677,-0.5921987705792919,0.5756645658466115,0.05071499046905184,0.5756645658458575,0.050714990467365356,-0.03147030694312772,0.5590277799057527,1.1839542915108939e-9,0.00042120099323461147,0.021657727931056064
8,0.009696273622190719,10,9,6,3.9057944409432075,0.02608561548945297,-0.03787165161141677,-0.00025293326538899246,2.2835702462591385,0.0,0.0,0.0,0.0,0.0,0.0,0.0,0.0,-0.4743144503892167,0.28429704151834256,-0.2777955774590737,-0.49858315067235237,-0.2777955774605263,-0.49858315067115383,0.5234064443883579,-0.2702963925065392,1.1839542915108939e-9,0.00042120099323461147,0.021657727931056064
8,0.009696273622190719,10,11,7,3.9057944409432803,0.026085615489487332,0.03787165161141748,0.00025293326538932564,2.2835702462574323,0.523406444386868,-0.2702963925083062,0.27779557746084793,0.49858315067096287,0.27779557746229705,0.4985831506695945,-0.4743144503877532,0.28429704152011814,0.0,0.0,0.0,0.0,0.0,0.0,0.0,0.0,1.1839542915108939e-9,0.00042120099323461147,0.021657727931056064
8,0.009696273622190719,10,9,8,11.707263919196649,0.020652851828948368,-0.1135168343277316,-0.00020025570241204542,1.624713920551839,0.0,0.0,0.0,0.0,0.0,0.0,0.0,0.0,-0.2948961798118731,0.26044718712019876,-0.25904948765644,-0.3127170014203057,-0.2590494876628754,-0.3127170014221064,0.33105529605439893,-0.2570258367232711,1.1839542915108939e-9,0.00042120099323461147,0.021657727931056064
8,0.009696273622190719,10,11,9,11.70726391919359,0.020652851829090116,0.11351683432770195,0.00020025570241341984,1.624713920547512,0.3310552960550492,-0.2570258367207678,0.2590494876539527,0.3127170014219588,0.25904948766038094,0.3127170014217676,-0.29489617981254074,0.2604471871177214,0.0,0.0,0.0,0.0,0.0,0.0,0.0,0.0,1.1839542915108939e-9,0.00042120099323461147,0.021657727931056064
8,0.009696273622190719,10,9,10,11.625085117823506,-0.011235621877616616,-0.11272000618367395,0.00010894366404084296,1.0983825470508108,0.0,0.0,0.0,0.0,0.0,0.0,0.0,0.0,0.19489766411862375,-0.205665638205569,0.20513952225717066,0.18243596454800182,0.205139522263512,0.18243596455050626,-0.17038417874256478,0.20424812447227217,1.1839542915108939e-9,0.00042120099323461147,0.021657727931056064
8,0.009696273622190719,10,11,11,11.625085117825705,-0.011235621875876955,0.11272000618369528,-0.00010894366402397473,1.0983825470405675,-0.1703841787418454,0.20424812446944124,-0.20513952225440413,-0.1824359645483341,-0.20513952226069018,-0.18243596454874522,0.19489766411792292,-0.20566563820281186,0.0,0.0,0.0,0.0,0.0,0.0,0.0,0.0,1.1839542915108939e-9,0.00042120099323461147,0.021657727931056064
8,0.009696273622190719,10,9,12,3.825823451999404,-0.008012523117499663,-0.03709623102078046,7.769161655140533e-5,0.7249996331582064,0.0,0.0,0.0,0.0,0.0,0.0,0.0,0.0,0.11489121940644918,-0.1475735736194207,0.14643125379080119,0.10673804326215901,0.14643125379129324,0.10673804326204213,-0.09887751585661145,0.14507516522744948,1.1839542915108939e-9,0.00042120099323461147,0.021657727931056064
8,0.009696273622190719,10,11,13,3.8258234519991676,-0.008012523116953274,0.03709623102077817,-7.76916165461074e-5,0.7249996331578906,-0.09887751585472158,0.1450751652287171,-0.14643125379210248,-0.10673804326036701,-0.14643125379253935,-0.10673804326007466,0.1148912194045779,-0.14757357362069634,0.0,0.0,0.0,0.0,0.0,0.0,0.0,0.0,1.1839542915108939e-9,0.00042120099323461147,0.021657727931056064
8,0.009696273622190719,10,11,14,1.3738175913746637,0.200459876356203,0.01332091127294774,0.001943713811420264,0.48053557612153525,0.1136426592154841,0.025031683707491897,-0.02953266742848852,0.11641634803672136,-0.02953266742734842,0.11641634803474186,-0.11913073874774388,-0.03426642454632199,0.0,0.0,0.0,0.0,0.0,0.0,0.0,0.0,1.1839542915108939e-9,0.00042120099323461147,0.021657727931056064
8,0.009696273622190719,10,9,15,1.3738175913740092,0.2004598763567289,-0.013320911272941393,-0.0019437138114253634,0.48053557609896913,0.0,0.0,0.0,0.0,0.0,0.0,0.0,0.0,-0.11913073874268844,-0.03426642454329834,0.029532667425432937,-0.11641634803174358,0.029532667424341637,-0.1164163480296159,0.11364265921042956,0.025031683704463403,1.1839542915108939e-9,0.00042120099323461147,0.021657727931056064
8,0.009696273622190719,10,11,16,4.552591702101023,0.4622286146645169,0.0441431748336865,0.004481895123793314,0.31814009186807224,0.03555500661561797,-0.07396702483709658,0.07271929964164983,0.03216463874728341,0.0727192996416162,0.03216463874700869,-0.02891964500330657,0.07140709979455775,0.0,0.0,0.0,0.0,0.0,0.0,0.0,0.0,1.1839542915108939e-9,0.00042120099323461147,0.021657727931056064
8,0.009696273622190719,10,9,17,4.552591702100797,0.4622286146653115,-0.0441431748336843,-0.0044818951238010185,0.31814009186772696,0.0,0.0,0.0,0.0,0.0,0.0,0.0,0.0,-0.028919645003236658,0.0714070997944933,-0.07271929964158864,-0.03216463874720985,-0.07271929964155344,-0.03216463874693562,0.03555500661554133,-0.07396702483703732,1.1839542915108939e-9,0.00042120099323461147,0.021657727931056064
8,0.009696273622190719,10,9,18,5.097649414173631,0.21465040742789104,-0.04942820354982775,-0.002081309083535551,0.022965358351533734,0.0,0.0,0.0,0.0,0.0,0.0,0.0,0.0,-0.0021485003725276322,0.005129530569886859,-0.00522147271392328,-0.0023838498336742793,-0.005221472711488523,-0.002383849830657953,0.002629637459098471,-0.00530863671766756,1.1839542915108939e-9,0.00042120099323461147,0.021657727931056064
8,0.009696273622190719,10,11,19,5.097649414173343,0.21465040742769176,0.04942820354982496,0.0020813090835336183,0.022965358299166756,0.0026296374548989677,-0.005308636705189845,0.005221472701488695,0.002383849829305625,0.005221472698975258,0.0023838498266068194,-0.00214850036833219,0.005129530557408455,0.0,0.0,0.0,0.0,0.0,0.0,0.0,0.0,1.1839542915108939e-9,0.00042120099323461147,0.021657727931056064
8,0.009696273622190719,10,9,20,4.050569782510916,-0.018621477877112595,-0.03927543293700339,0.0001805589447460549,0.017884131829438328,0.0,0.0,0.0,0.0,0.0,0.0,0.0,0.0,-0.0027934999138004672,-0.00367156926244659,0.0034699366219049944,-0.0028177458580473866,0.003469936621893138,-0.0028177458580391154,0.002835046300496261,0.003273932527565359,1.1839542915108939e-9,0.00042120099323461147,0.021657727931056064
8,0.009696273622190719,10,11,21,4.050569782511141,-0.018621477878123016,0.03927543293700557,-0.0001805589447558522,0.017884131829375045,0.002835046300521056,0.0032739325275258774,-0.0034699366218674103,0.002817745858064224,-0.003469936621853716,0.0028177458580670124,-0.0027934999138201104,-0.0036715692624089144,0.0,0.0,0.0,0.0,0.0,0.0,0.0,0.0,1.1839542915108939e-9,0.00042120099323461147,0.021657727931056064
8,0.009696273622190719,10,11,22,4.397415959135096,0.39534515335715803,0.042638548370362135,0.003833374782157956,0.01099860633190248,0.0025883248118009398,0.0006280405979115502,-0.0007323851159981601,0.002649607485997241,-0.0007323851159788154,0.002649607485993533,-0.0027094200922131106,-0.0008420273789694363,0.0,0.0,0.0,0.0,0.0,0.0,0.0,0.0,1.1839542915108939e-9,0.00042120099323461147,0.021657727931056064
8,0.009696273622190719,10,9,23,4.3974159591348645,0.3953451533571142,-0.04263854837035989,-0.0038333747821575307,0.010998606331895686,0.0,0.0,0.0,0.0,0.0,0.0,0.0,0.0,-0.0027094200921980284,-0.0008420273790134808,0.000732385116040913,-0.002649607485983818,0.0007323851160240193,-0.0026496074859791072,0.0025883248117881817,0.0006280405979554222,1.1839542915108939e-9,0.00042120099323461147,0.021657727931056064
8,0.009696273622190719,10,9,24,5.098298021261493,0.21448795168442725,-0.04943449262162495,-0.0020797338681954295,0.010939819442521172,0.0,0.0,0.0,0.0,0.0,0.0,0.0,0.0,-0.00010288610204206637,-0.0028202054151955486,0.0027279337256067436,-0.00018606424230396422,0.002727933723157403,-0.0001860642452895427,0.00026378615142393666,0.002636028705795037,1.1839542915108939e-9,0.00042120099323461147,0.021657727931056064
8,0.009696273622190719,10,11,25,5.098298021262228,0.21448795168397466,0.04943449262163208,0.002079733868191041,0.010939819393972318,0.0002637861554180983,0.0026360286933519985,-0.002727933713207274,0.00018606424645671094,-0.002727933710678217,0.00018606424915068023,-0.00010288610603695163,-0.002820205402751922,0.0,0.0,0.0,0.0,0.0,0.0,0.0,0.0,1.1839542915108939e-9,0.00042120099323461147,0.021657727931056064
8,0.009696273622190719,10,9,26,4.355690506476384,0.42129348146421214,-0.04223396696437349,-0.004084976871522335,0.009327666327689946,0.0,0.0,0.0,0.0,0.0,0.0,0.0,0.0,0.0008348402252555491,0.0020988551547671905,-0.002192429443526141,0.0007926993257247965,-0.002192429443525503,0.0007926993257250622,-0.0007461719862952142,-0.002287584744496023,1.1839542915108939e-9,0.00042120099323461147,0.021657727931056064
8,0.009696273622190719,10,11,27,4.355690506476265,0.42129348146490014,0.042233966964372344,0.004084976871529006,0.009327666327666557,-0.0007461719863024977,-0.0022875847444874206,0.002192429443518271,-0.0007926993257302782,0.0021924294435165417,-0.0007926993257317367,0.0008348402252604924,0.0020988551547590105,0.0,0.0,0.0,0.0,0.0,0.0,0.0,0.0,1.1839542915108939e-9,0.00042120099323461147,0.021657727931056064
8,0.009696273622190719,10,9,28,11.853364632951616,-0.023590580999155775,-0.11493346682469713,0.00022874072827426772,0.006951846626273987,0.0,0.0,0.0,0.0,0.0,0.0,0.0,0.0,-0.0011782782242155444,-0.0013519184816342743,0.0012730877373298977,-0.0011824761207967363,0.0012730877373196732,-0.0011824761207247674,0.0011841254794277367,0.0011966193967185323,1.1839542915108939e-9,0.00042120099323461147,0.021657727931056064
8,0.009696273622190719,10,11,29,11.853364632951566,-0.023590580996231725,0.11493346682469664,-0.00022874072824591535,0.006951846626008302,0.0011841254793175109,0.001196619396739946,-0.0012730877373554853,0.001182476120674306,-0.001273087737332619,0.0011824761206106571,-0.0011782782240888979,-0.0013519184816509619,0.0,0.0,0.0,0.0,0.0,0.0,0.0,0.0,1.1839542915108939e-9,0.00042120099323461147,0.021657727931056064
8,0.009696273622190719,10,9,30,11.641656951592578,0.037625911312959184,-0.11288069121832034,-0.0003648311313747335,0.002983346819813931,0.0,0.0,0.0,0.0,0.0,0.0,0.0,0.0,-0.0007099920770804659,-0.0001335825917816455,0.0001609822744457706,-0.000728065432786598,0.000160982274412432,-0.0007280654328040146,0.0007458153681534727,0.00018983776452113048,1.1839542915108939e-9,0.00042120099323461147,0.021657727931056064
8,0.009696273622190719,10,11,31,11.64165695159276,0.03762591131302356,0.11288069121832209,0.0003648311313753577,0.002983346819642488,0.0007458153681370103,0.0001898377643937787,-0.00016098227432161458,0.0007280654327711253,-0.00016098227427909162,0.0007280654327887521,-0.0007099920770657928,-0.0001335825916515615,0.0,0.0,0.0,0.0,0.0,0.0,0.0,0.0,1.1839542915108939e-9,0.00042120099323461147,0.021657727931056064
8,0.009696273622190719,10,9,32,5.457073275942184,0.2274480444613855,-0.0529132756598801,-0.002205398473929794,0.0016464670293394818,0.0,0.0,0.0,0.0,0.0,0.0,0.0,0.0,9.699204085386219e-5,-0.00041350659404603015,0.0004034122343111025,8.125457056385466e-5,0.0004034122343099293,8.125457056422169e-5,-6.632376142699285e-5,0.0003931545587726904,1.1839542915108939e-9,0.00042120099323461147,0.021657727931056064
8,0.009696273622190719,10,11,33,5.457073275942236,0.22744804446122058,0.0529132756598806,0.0022053984739281948,0.0016464670292568344,-6.632376142360507e-5,0.0003931545587519518,-0.00040341223429072996,-8.125457055938478e-5,-0.0004034122342895139,-8.125457056180104e-5,9.699204085042085e-5,-0.000413506594025998,0.0,0.0,0.0,0.0,0.0,0.0,0.0,0.0,1.1839542915108939e-9,0.00042120099323461147,0.021657727931056064
8,0.009696273622190719,10,9,34,12.159639030266963,0.42377925761686003,-0.11790318718453828,-0.004109079637261925,0.001560479984067604,0.0,0.0,0.0,0.0,0.0,0.0,0.0,0.0,0.00026499746149110786,0.00026939723581254776,-0.0002865608912438475,0.0002645759922830817,-0.0002865608912456366,0.0002645759922740749,-0.00026358087270548006,-0.00030425312501121025,1.1839542915108939e-9,0.00042120099323461147,0.021657727931056064
8,0.009696273622190719,10,11,35,12.159639030269863,0.4237792576149763,0.11790318718456641,0.0041090796372436605,0.0015604799835603085,-0.00026358087265357654,-0.00030425312488012847,0.000286560891117202,-0.0002645759922344387,0.0002865608911141298,-0.0002645759922286027,0.000264997461448462,0.00026939723568516187,0.0,0.0,0.0,0.0,0.0,0.0,0.0,0.0,1.1839542915108939e-9,0.00042120099323461147,0.021657727931056064
8,0.009696273622190719,10,11,36,8.26604376442236,0.43123951827944884,0.0801498221128426,0.004181416365939252,0.0010930375051623627,0.00022311657666243214,-0.0001724035508899417,0.00017379332823885384,0.00021078252404346912,0.0001737933282400011,0.00021078252404312667,-0.00019879563616843752,0.00017476119337611555,0.0,0.0,0.0,0.0,0.0,0.0,0.0,0.0,1.1839542915108939e-9,0.00042120099323461147,0.021657727931056064
8,0.009696273622190719,10,9,37,8.266043764422276,0.4312395182794624,-0.08014982211284179,-0.004181416365939383,0.0010930375051601787,0.0,0.0,0.0,0.0,0.0,0.0,0.0,0.0,-0.00019879563616711363,0.00017476119337687615,-0.00017379332823965244,-0.00021078252404239679,-0.00017379332824070146,-0.0002107825240415495,0.0002231165766611041,-0.00017240355089067675,1.1839542915108939e-9,0.00042120099323461147,0.021657727931056064
8,0.009696273622190719,10,9,38,11.566425401404608,0.00639330144924348,-0.1121512255226762,-6.199120020101325e-5,0.0009489795701606813,0.0,0.0,0.0,0.0,0.0,0.0,0.0,0.0,0.0002400782148366293,-4.786261068559791e-5,5.370770069854067e-5,0.0002310249142554217,5.3707700698974394e-5,0.0002310249142594261,-0.00022207856692268041,5.9090633930303127e-5,1.1839542915108939e-9,0.00042120099323461147,0.021657727931056064
8,0.009696273622190719,10,11,39,11.566425401403977,0.006393301449986052,0.11215122552267008,6.199120020821343e-5,0.0009489795698887243,-0.0002220785668455067,5.9090633957251446e-5,-5.3707700727836845e-5,-0.00023102491418032855,-5.370770072732959e-5,-0.00023102491418148784,0.00024007821476087498,-4.786261071621925e-5,0.0,0.0,0.0,0.0,0.0,0.0,0.0,0.0,1.1839542915108939e-9,0.00042120099323461147,0.021657727931056064
8,0.009696273622190719,10,11,40,5.479087138450074,0.24825218917504255,0.053126728094237886,0.0024071211535490653,0.0008797042801421606,0.00020011675196473694,-0.00010701170475076521,0.00010976300336445521,0.00019051352402839404,0.00010976300336228812,0.0001905135240295764,-0.00018112944085384383,0.00011213305578312609,0.0,0.0,0.0,0.0,0.0,0.0,0.0,0.0,1.1839542915108939e-9,0.00042120099323461147,0.021657727931056064
8,0.009696273622190719,10,9,41,5.479087138449939,0.24825218917505482,-0.053126728094236575,-0.0024071211535491846,0.0008797042801180571,0.0,0.0,0.0,0.0,0.0,0.0,0.0,0.0,-0.00018112944084528707,0.00011213305578650811,-0.00010976300336768078,-0.00019051352401992235,-0.00010976300336557976,-0.0001905135240204005,0.00020011675195561363,-0.0001070117047538926,1.1839542915108939e-9,0.00042120099323461147,0.021657727931056064
8,0.009696273622190719,10,9,42,9.023347059073812,0.2513594522427774,-0.0874928420727696,-0.00243725002646995,0.0008085265709630021,0.0,0.0,0.0,0.0,0.0,0.0,0.0,0.0,-0.00013730739253191464,0.000139576929022255,-0.00013950468430182694,-0.0001462027305925269,-0.00013950468430266863,-0.00014620273059205754,0.00015537678533709176,-0.00013913975540440487,1.1839542915108939e-9,0.00042120099323461147,0.021657727931056064
8,0.009696273622190719,10,11,43,9.023347059073625,0.25135945224290424,0.08749284207276779,0.00243725002647118,0.0008085265709530339,0.00015537678533017127,-0.000139139755408461,0.00013950468430553456,0.00014620273058559198,0.00013950468430633657,0.00014620273058506232,-0.00013730739252492297,0.00013957692902558135,0.0,0.0,0.0,0.0,0.0,0.0,0.0,0.0,1.1839542915108939e-9,0.00042120099323461147,0.021657727931056064
8,0.009696273622190719,10,9,44,8.32209528134375,0.4102256954709117,-0.08069331295785125,-0.0039776605901394434,0.0004455185978171954,0.0,0.0,0.0,0.0,0.0,0.0,0.0,0.0,2.827235976040618e-5,-0.00011139605817224606,0.00010874238671310141,2.396505598169191e-5,0.00010874238671355447,2.3965055980722538e-5,-1.9875188827864883e-5,0.000106040567705824,1.1839542915108939e-9,0.00042120099323461147,0.021657727931056064
8,0.009696273622190719,10,11,45,8.322095281344051,0.41022569547088417,0.08069331295785417,0.003977660590139177,0.00044551859779668276,-1.9875188826133676e-5,0.0001060405677009995,-0.00010874238670825777,-2.39650559796155e-5,-0.00010874238670867613,-2.3965055979255463e-5,2.8272359758598796e-5,-0.00011139605816734501,0.0,0.0,0.0,0.0,0.0,0.0,0.0,0.0,1.1839542915108939e-9,0.00042120099323461147,0.021657727931056064
8,0.009696273622190719,10,9,46,7.80872140469799,-0.012658806826810733,-0.07571549937940918,0.0001227432547232127,0.00041382956371405373,0.0,0.0,0.0,0.0,0.0,0.0,0.0,0.0,2.420456273100738e-5,-0.00010397300373511737,0.0001014292374420076,2.0253291917289336e-5,0.00010142923744196515,2.0253291916845823e-5,-1.6504838868605733e-5,9.884476174726558e-5,1.1839542915108939e-9,0.00042120099323461147,0.021657727931056064
8,0.009696273622190719,10,11,47,7.80872140469795,-0.012658806826876635,0.07571549937940879,-0.0001227432547238517,0.00041382956370841,-1.650483886796295e-5,9.884476174591203e-5,-0.00010142923744058456,-2.0253291916423306e-5,-0.00010142923744079217,-2.025329191629313e-5,2.4204562730233604e-5,-0.00010397300373388137,0.0,0.0,0.0,0.0,0.0,0.0,0.0,0.0,1.1839542915108939e-9,0.00042120099323461147,0.021657727931056064
8,0.009696273622190719,10,9,48,8.282124481097295,0.43191270073158594,-0.0803057451417637,-0.004187943727192831,0.0003814581542593846,0.0,0.0,0.0,0.0,0.0,0.0,0.0,0.0,1.6325630381351913e-5,9.092008342474127e-5,-9.43259537694351e-5,1.387326848105327e-5,-9.432595376886486e-5,1.3873268482060044e-5,-1.1232227116388633e-5,-9.775938197106113e-5,1.1839542915108939e-9,0.00042120099323461147,0.021657727931056064
8,0.009696273622190719,10,11,49,8.282124481097288,0.43191270073150806,0.08030574514176363,0.004187943727192076,0.00038145815424264903,-1.1232227118869573e-5,-9.775938196647362e-5,9.432595376480099e-5,-1.3873268483521901e-5,9.43259537643243e-5,-1.3873268484470657e-5,1.6325630383743805e-5,9.092008342015208e-5,0.0,0.0,0.0,0.0,0.0,0.0,0.0,0.0,1.1839542915108939e-9,0.00042120099323461147,0.021657727931056064
8,0.009696273622190719,10,11,50,7.882946575141524,0.017159252491055606,0.07643520694168343,0.00016638080730553285,0.0003566230720106814,6.976711985578405e-5,-5.996506364628601e-5,6.020828150798989e-5,6.572475866054313e-5,6.0208281508100186e-5,6.572475865976169e-5,-6.180268245773655e-5,6.031992956749934e-5,0.0,0.0,0.0,0.0,0.0,0.0,0.0,0.0,1.1839542915108939e-9,0.00042120099323461147,0.021657727931056064
8,0.009696273622190719,10,9,51,7.882946575141608,0.017159252491089322,-0.07643520694168424,-0.00016638080730585977,0.00035662307200069466,0.0,0.0,0.0,0.0,0.0,0.0,0.0,0.0,-6.180268245736001e-5,6.0319929564299276e-5,-6.0208281504885676e-5,-6.572475866009957e-5,-6.020828150468399e-5,-6.57247586594045e-5,6.976711985536099e-5,-5.996506364296243e-5,1.1839542915108939e-9,0.00042120099323461147,0.021657727931056064
8,0.009696273622190719,10,9,52,9.124636342819652,0.23066465619565074,-0.08847497068296499,-0.002236587621441579,0.00030237809211085525,0.0,0.0,0.0,0.0,0.0,0.0,0.0,0.0,3.324867920430647e-5,-7.056166813800425e-5,6.935087154122904e-5,3.0035553536322803e-5,6.935087154135396e-5,3.0035553534614944e-5,-2.6961069399964957e-5,6.807986519598525e-5,1.1839542915108939e-9,0.00042120099323461147,0.021657727931056064
8,0.009696273622190719,10,11,53,9.12463634282122,0.23066465619454035,0.08847497068298017,0.0022365876214308126,0.0003023780920946206,-2.6961069388181458e-5,6.807986519666972e-5,-6.93508715420878e-5,-3.003555352479864e-5,-6.935087154189239e-5,-3.0035553522511805e-5,3.324867919245948e-5,-7.056166813869555e-5,0.0,0.0,0.0,0.0,0.0,0.0,0.0,0.0,1.1839542915108939e-9,0.00042120099323461147,0.021657727931056064
8,0.009696273622190719,10,9,54,9.139316105947051,0.2518230948042192,-0.0886173096829572,-0.0024417456316085835,0.0001316644584519171,0.0,0.0,0.0,0.0,0.0,0.0,0.0,0.0,-1.6691753039409671e-6,3.184023513129417e-5,-3.279183137103155e-5,-2.7613892456396244e-6,-3.279183137210192e-5,-2.7613892447702383e-6,3.919181260823748e-6,-3.3737839255281515e-5,1.1839542915108939e-9,0.00042120099323461147,0.021657727931056064
8,0.009696273622190719,10,11,55,9.139316105947584,0.2518230948035889,0.08861730968296236,0.0024417456316024717,0.0001316644584452687,3.919181252290962e-6,-3.373783925421984e-5,3.279183137029807e-5,2.7613892374114363e-6,3.279183137092744e-5,2.7613892361711395e-6,-1.6691752956348994e-6,3.1840235130431916e-5,0.0,0.0,0.0,0.0,0.0,0.0,0.0,0.0,1.1839542915108939e-9,0.00042120099323461147,0.021657727931056064
8,0.009696273622190719,10,11,56,7.798621943365065,-0.008693356694208218,0.0756175722388884,-8.429316520234626e-5,7.307367941669044e-5,-5.899205614289704e-6,1.668330551700582e-5,-1.7017876980245293e-5,-6.630259962401283e-6,-1.7017876980102893e-5,-6.630259962350972e-6,7.395336769877484e-6,-1.733915390095861e-5,0.0,0.0,0.0,0.0,0.0,0.0,0.0,0.0,1.1839542915108939e-9,0.00042120099323461147,0.021657727931056064
8,0.009696273622190719,10,9,57,7.798621943365046,-0.00869335669411625,-0.07561757223888822,8.42931652014545e-5,7.307367940898745e-5,0.0,0.0,0.0,0.0,0.0,0.0,0.0,0.0,7.395336769388903e-6,-1.7339153899069728e-5,1.7017876978316233e-5,6.630259961918298e-6,1.7017876978233597e-5,6.630259961971457e-6,-5.8992056139164805e-6,1.6683305515099675e-5,1.1839542915108939e-9,0.00042120099323461147,0.021657727931056064
8,0.009696273622190719,10,11,58,8.978224164689076,0.19443111316988965,0.08705531814218999,0.0018852572739623795,6.937324095649786e-6,1.4915365537974592e-6,-7.730080479424149e-7,7.487401814981728e-7,1.5639021646765864e-6,7.48740181413618e-7,1.5639021647482426e-6,-1.6377621266914938e-6,7.213430162908187e-7,0.0,0.0,0.0,0.0,0.0,0.0,0.0,0.0,1.1839542915108939e-9,0.00042120099323461147,0.021657727931056064
8,0.009696273622190719,10,9,59,8.978224164689314,0.19443111316985495,-0.08705531814219229,-0.0018852572739620431,6.93732409515243e-6,0.0,0.0,0.0,0.0,0.0,0.0,0.0,0.0,-1.6377621266720875e-6,7.213430160263321e-7,-7.487401812237371e-7,-1.563902164656972e-6,-7.487401811704853e-7,-1.5639021647398744e-6,1.491536553788704e-6,-7.730080476892825e-7,1.1839542915108939e-9,0.00042120099323461147,0.021657727931056064
8,0.009696273622190719,10,9,60,9.098820677765087,0.20896539465177139,-0.08822465493085709,-0.0020261856441126445,4.558111407256899e-6,0.0,0.0,0.0,0.0,0.0,0.0,0.0,0.0,-4.321260172749557e-8,-1.1750351445953411e-6,1.1365796769466574e-6,-7.785776351215987e-8,1.1365796770452556e-6,-7.785776346586618e-8,1.1022961245578565e-7,1.0982776516108184e-6,1.1839542915108939e-9,0.00042120099323461147,0.021657727931056064
8,0.009696273622190719,10,11,61,9.098820677765554,0.20896539465128894,0.08822465493086162,0.0020261856441079664,4.558111406814368e-6,1.1022961231233003e-7,1.0982776515166288e-6,-1.1365796768595635e-6,7.785776336630201e-8,-1.1365796769311169e-6,7.785776331209831e-8,-4.321260157113943e-8,-1.1750351444877664e-6,0.0,0.0,0.0,0.0,0.0,0.0,0.0,0.0,1.1839542915108939e-9,0.00042120099323461147,0.021657727931056064
8,0.009696273622190719,10,9,62,12.118888629721022,0.3908969207680297,-0.11750806015063098,-0.0037902435018386214,2.5147998608547045e-6,0.0,0.0,0.0,0.0,0.0,0.0,0.0,0.0,-6.128131799816917e-7,-2.1285766353239108e-7,1.873507915779742e-7,-5.9997159735036e-7,1.8735079161135858e-7,-5.999715973451113e-7,5.867541135623358e-7,1.6304348695130302e-7,1.1839542915108939e-9,0.00042120099323461147,0.021657727931056064
8,0.009696273622190719,10,11,63,12.118888629721216,0.3908969207678469,0.11750806015063285,0.003790243501836849,2.5147998594368035e-6,5.867541132390493e-7,1.6304348679354036e-7,-1.8735079144208045e-7,5.999715970674035e-7,-1.8735079143340403e-7,5.999715969831974e-7,-6.128131796597592e-7,-2.1285766337707025e-7,0.0,0.0,0.0,0.0,0.0,0.0,0.0,0.0,1.1839542915108939e-9,0.00042120099323461147,0.021657727931056064
8,0.009696273622190719,10,11,64,11.787419093926394,-0.0076568449201007555,0.11429404083414572,-7.424286342797796e-5,1.0642125381881778e-6,2.4701334943791806e-7,-7.347844225923026e-8,6.773610296733287e-8,2.5721729809454917e-7,6.773610293407587e-8,2.572172980736968e-7,-2.675562043688667e-7,6.147919409293506e-8,0.0,0.0,0.0,0.0,0.0,0.0,0.0,0.0,1.1839542915108939e-9,0.00042120099323461147,0.021657727931056064
8,0.009696273622190719,10,9,65,11.787419093925989,-0.007656844919065056,-0.1142940408341418,7.424286341793554e-5,1.0642125374678753e-6,0.0,0.0,0.0,0.0,0.0,0.0,0.0,0.0,-2.675562038584081e-7,6.147919537270999e-8,-6.773610423367876e-8,-2.5721729759307565e-7,-6.773610422774511e-8,-2.572172975294811e-7,2.470133489010076e-7,-7.347844353763191e-8,1.1839542915108939e-9,0.00042120099323461147,0.021657727931056064
8,0.009696273622190719,10,11,66,9.123651314978071,0.22597831816689606,0.08846541958348754,0.002191147605628696,1.228303591917539e-7,5.420205248374234e-9,3.121879821228888e-8,-3.006617284903989e-8,6.2056725920868885e-9,-3.006617290383291e-8,6.2056725490091585e-9,-6.930995197066473e-9,-2.8925898741708673e-8,0.0,0.0,0.0,0.0,0.0,0.0,0.0,0.0,1.1839542915108939e-9,0.00042120099323461147,0.021657727931056064
8,0.009696273622190719,10,9,67,9.123651314978993,0.22597831816677366,-0.08846541958349648,-0.002191147605627509,1.2283035873238764e-7,0.0,0.0,0.0,0.0,0.0,0.0,0.0,0.0,-6.93099545740775e-9,-2.8925898568887012e-8,3.006617267947303e-8,-6.205672845166091e-9,3.006617273180453e-8,-6.205672815576216e-9,5.420205507175296e-9,3.121879804306063e-8,1.1839542915108939e-9,0.00042120099323461147,0.021657727931056064
8,0.009696273622190719,10,11,68,12.078801629258637,0.41511700338713076,0.1171193656254548,0.004025088050065491,3.4758423625337715e-8,8.867255401732905e-9,-1.3298931013430526e-9,1.5596185259049037e-9,8.546293272405551e-9,1.5596185229320766e-9,8.546293273479107e-9,-8.22843328550102e-9,1.7722482587867577e-9,0.0,0.0,0.0,0.0,0.0,0.0,0.0,0.0,1.1839542915108939e-9,0.00042120099323461147,0.021657727931056064
8,0.009696273622190719,10,9,69,12.078801629258665,0.4151170033862816,-0.11711936562545508,-0.004025088050057257,3.47584236240661e-8,0.0,0.0,0.0,0.0,0.0,0.0,0.0,0.0,-8.228433278407127e-9,1.7722482900176518e-9,-1.5596185572634605e-9,-8.546293266186236e-9,-1.5596185560369523e-9,-8.546293267286635e-9,8.867255396471565e-9,-1.329893134568327e-9,1.1839542915108939e-9,0.00042120099323461147,0.021657727931056064
8,0.009696273622190719,10,9,70,5.2183898082046385,0.23285969664460532,-0.05059893544760352,-0.0022578713342464194,1.5256456653855906e-14,0.0,0.0,0.0,0.0,0.0,0.0,0.0,0.0,2.320561988253165e-15,2.8747925822302635e-15,-3.041388436764473e-15,2.3000347283874353e-15,-3.0413862686369475e-15,2.3000367312414982e-15,-2.2734222011718653e-15,-3.212576055441842e-15,1.1839542915108939e-9,0.00042120099323461147,0.021657727931056064
8,0.009696273622190719,10,11,71,5.218389808204629,0.2328596966444627,0.050598935447603424,0.0022578713342450364,1.5256306935228103e-14,-2.2733715606390702e-15,-3.2125658899869593e-15,3.0413761027242227e-15,-2.2999880677749895e-15,3.0413781872068613e-15,-2.2999862558727523e-15,2.3205153425453798e-15,2.874782306541469e-15,0.0,0.0,0.0,0.0,0.0,0.0,0.0,0.0,1.1839542915108939e-9,0.00042120099323461147,0.021657727931056064
8,0.009696273622190719,10,9,72,5.186701485042843,0.20031476573907814,-0.050291676795598345,-0.0019423067791711364,9.31955756608523e-15,0.0,0.0,0.0,0.0,0.0,0.0,0.0,0.0,-1.5517132099501702e-15,-1.836284311173005e-15,1.7307012314505378e-15,-1.5589568810880563e-15,1.7307019492693353e-15,-1.558956171598497e-15,1.5627351095184465e-15,1.6282332963074155e-15,1.1839542915108939e-9,0.00042120099323461147,0.021657727931056064
8,0.009696273622190719,10,11,73,5.186701485043222,0.2003147657386965,0.05029167679560202,0.001942306779167436,9.319517553370501e-15,1.5626762566533588e-15,1.6282758276552948e-15,-1.7307412264330997e-15,1.5588970564031977e-15,-1.7307417802771837e-15,1.5588974699008226e-15,-1.5516537652464788e-15,-1.8363215378418063e-15,0.0,0.0,0.0,0.0,0.0,0.0,0.0,0.0,1.1839542915108939e-9,0.00042120099323461147,0.021657727931056064
8,0.009696273622190719,10,9,74,9.20448990919616,0.24715844723449687,-0.08924925271225938,-0.0023965159324214687,4.2053566393390355e-15,0.0,0.0,0.0,0.0,0.0,0.0,0.0,0.0,1.01684944447762e-15,-5.566979274149228e-17,2.4232278966252398e-17,1.0507973002260466e-15,2.423270404926583e-17,1.0507971260578465e-15,-1.0847913507081178e-15,-9.306432358657128e-18,1.1839542915108939e-9,0.00042120099323461147,0.021657727931056064
8,0.009696273622190719,10,11,75,9.204489909196473,0.2471584472341118,0.08924925271226242,0.0023965159324177347,4.205250207376465e-15,-1.0847638653313364e-15,-9.303422043705447e-18,-2.423522869056618e-17,-1.0507704797501013e-15,-2.423488876592139e-17,-1.0507706129807833e-15,1.0168235675251688e-15,-5.567194163164713e-17,0.0,0.0,0.0,0.0,0.0,0.0,0.0,0.0,1.1839542915108939e-9,0.00042120099323461147,0.021657727931056064
8,0.009696273622190719,10,9,76,7.817106798137571,-0.016623148613167334,-0.07579680644862909,0.00016118259741561066,1.0949157571364286e-15,0.0,0.0,0.0,0.0,0.0,0.0,0.0,0.0,2.3841782384671063e-16,-1.5144103125304995e-16,1.5396215931585508e-16,2.262426299301183e-16,1.539621490774993e-16,2.2624279926324404e-16,-2.1437507458490641e-16,1.5603048652540786e-16,1.1839542915108939e-9,0.00042120099323461147,0.021657727931056064
8,0.009696273622190719,10,11,77,7.817106798137589,-0.01662314861322454,0.07579680644862925,-0.00016118259741616534,1.094911013151175e-15,-2.1437712543602975e-16,1.560256041984931e-16,-1.5395703387475826e-16,-2.262447749334161e-16,-1.5395708449647134e-16,-2.2624471763679695e-16,2.3841983148568814e-16,-1.5143571527052928e-16,0.0,0.0,0.0,0.0,0.0,0.0,0.0,0.0,1.1839542915108939e-9,0.00042120099323461147,0.021657727931056064
8,0.009696273622190719,10,9,78,8.2862323209654,0.4452044048946073,-0.08034557588112098,-0.0043168237276626975,5.208147389521977e-16,0.0,0.0,0.0,0.0,0.0,0.0,0.0,0.0,8.563284102504415e-17,9.259309985522265e-17,-9.831450245169111e-17,8.531577012699399e-17,-9.831445784927199e-17,8.531594380927783e-17,-8.480207439872408e-17,-1.0420629752892674e-16,1.1839542915108939e-9,0.00042120099323461147,0.021657727931056064
8,0.009696273622190719,10,11,79,8.286232320965494,0.44520440489456586,0.0803455758811219,0.004316823727662296,5.208030387530512e-16,-8.479830653597857e-17,-1.0420538891828183e-16,9.831365651418734e-17,-8.531229311881717e-17,9.831378086591896e-17,-8.531225519107916e-17,8.562943904938563e-17,9.259247225452561e-17,0.0,0.0,0.0,0.0,0.0,0.0,0.0,0.0,1.1839542915108939e-9,0.00042120099323461147,0.021657727931056064
