iteration,scale,ground_charge,charge,support_rank,energy_real,energy_imag,energy_abs,physical_gap_abs,addition_weight_abs,removal_weight_abs,total_weight_abs,addition_residue_real,addition_residue_imag,removal_residue_real,removal_residue_imag,max_residual,biorth_error,min_pair_overlap
0,0.7853981633974483,2,3,0,0.2224037030936846,0.0021787727142395918,0.22241437498580016,0.17468384162703882,11.262977477415504,0.0,11.262977477415504,0.5034202914109946,0.004876750011787667,0.0,0.0,2.6045839085324007e-15,2.2636476113988622e-13,0.0009999995558473602
0,0.7853981633974483,2,1,1,0.22240370309368435,0.002178772714240484,0.2224143749857999,0.17468384162703862,0.0,11.262977477413825,11.262977477413825,0.0,0.0,0.5034202914109964,0.004876750011786335,2.6045839085324007e-15,2.2636476113988622e-13,0.0009999995558473602
0,0.7853981633974483,2,3,2,0.21808644099260766,-0.0021362835029626217,0.21809690381118932,0.17129290769597802,11.044642416150577,0.0,11.044642416150577,0.493660469113955,-0.004876228289735884,0.0,0.0,2.6045839085324007e-15,2.2636476113988622e-13,0.0009999995558473602
0,0.7853981633974483,2,1,3,0.21808644099260804,-0.0021362835029635273,0.21809690381118974,0.17129290769597835,0.0,11.044642416149223,11.044642416149223,0.0,0.0,0.493660469113955,-0.00487622828973544,2.6045839085324007e-15,2.2636476113988622e-13,0.0009999995558473602
0,0.7853981633974483,2,3,4,0.6643240308881765,0.001925516972820435,0.6643268213997742,0.5217610654230472,0.03320658704532344,0.0,0.03320658704532344,0.0014841043371269687,2.4190615254314832e-5,0.0,0.0,2.6045839085324007e-15,2.2636476113988622e-13,0.0009999995558473602
0,0.7853981633974483,2,1,5,0.6643240308881775,0.0019255169728197555,0.6643268213997752,0.521761065423048,0.0,0.03320658704532022,0.03320658704532022,0.0,0.0,0.0014841043371273555,2.419061525392105e-5,2.6045839085324007e-15,2.2636476113988622e-13,0.0009999995558473602
0,0.7853981633974483,2,3,6,0.6605866056324632,-0.0018100878299127893,0.6605890855584668,0.5188254545580196,0.03211140420365154,0.0,0.03211140420365154,0.0014351351379221517,-2.471233730652264e-5,0.0,0.0,2.6045839085324007e-15,2.2636476113988622e-13,0.0009999995558473602
0,0.7853981633974483,2,1,7,0.6605866056324623,-0.001810087829912171,0.660589085558466,0.518825454558019,0.0,0.0321114042036497,0.0321114042036497,0.0,0.0,0.0014351351379216087,-2.4712337305950183e-5,2.6045839085324007e-15,2.2636476113988622e-13,0.0009999995558473602
1,0.4534498410585544,3,4,0,0.05194900808252312,0.0063819489444410515,0.05233955209100957,0.02373336157674422,20.324787482947777,0.0,20.324787482947777,0.9084978166819191,-0.00010829643523013743,0.0,0.0,1.5827232390252946e-13,3.531407272031572e-11,0.04071219043923531
1,0.4534498410585544,3,2,1,0.05194900808252134,0.006381948944444271,0.052339552091008205,0.0237333615767436,0.0,20.324787482947606,20.324787482947606,0.0,0.0,0.9084978166819244,-0.00010829643522392018,1.5827232390252946e-13,3.531407272031572e-11,0.04071219043923531
1,0.4534498410585544,3,4,2,1.26934080531109,0.001145738902734894,1.2693413223973447,0.5755826208901312,1.0629018617807464,0.0,1.0629018617807464,0.04724804287115608,0.00498849387549305,0.0,0.0,1.5827232390252946e-13,3.531407272031572e-11,0.04071219043923531
1,0.4534498410585544,3,2,3,1.2693408053110846,0.0011457389027336728,1.2693413223973393,0.5755826208901288,0.0,1.0629018617803152,1.0629018617803152,0.0,0.0,0.0472480428711573,0.004988493875476896,1.5827232390252946e-13,3.531407272031572e-11,0.04071219043923531
1,0.4534498410585544,3,4,4,1.2650405681361723,-0.00029340816689612994,1.2650406021620975,0.573632459983021,0.9350460679445729,0.0,0.9350460679445729,0.04179355777703381,-0.00041628919849762136,0.0,0.0,1.5827232390252946e-13,3.531407272031572e-11,0.04071219043923531
1,0.4534498410585544,3,2,5,1.2650405681361554,-0.0002934081668898216,1.2650406021620806,0.5736324599830134,0.0,0.9350460679421195,0.9350460679421195,0.0,0.0,0.04179355777703653,-0.0004162891984918482,1.5827232390252946e-13,3.531407272031572e-11,0.04071219043923531
1,0.4534498410585544,3,4,6,1.2832677691775887,0.011628191977987222,1.2833204518976162,0.5819214549401663,0.11392435016402427,0.0,0.11392435016402427,0.0024506997496967775,-0.004463815023079916,0.0,0.0,1.5827232390252946e-13,3.531407272031572e-11,0.04071219043923531
1,0.4534498410585544,3,2,7,1.2832677691775993,0.011628191977986521,1.283320451897627,0.5819214549401711,0.0,0.11392435016377794,0.11392435016377794,0.0,0.0,0.0024506997496955597,-0.004463815023047657,1.5827232390252946e-13,3.531407272031572e-11,0.04071219043923531
1,0.4534498410585544,3,4,8,2.5783217611013,0.006385862718495179,2.5783296691872373,1.169143178689508,0.00011237475317116681,0.0,0.00011237475317116681,5.022752545547498e-6,5.372872121570235e-8,0.0,0.0,1.5827232390252946e-13,3.531407272031572e-11,0.04071219043923531
1,0.4534498410585544,3,2,9,2.5783217611013,0.006385862718495426,2.5783296691872373,1.169143178689508,0.0,0.00011237475317034705,0.00011237475317034705,0.0,0.0,5.022752545497489e-6,5.372872123950059e-8,1.5827232390252946e-13,3.531407272031572e-11,0.04071219043923531
1,0.4534498410585544,3,2,10,2.5863400080743237,0.005752322259329586,2.586346404984697,1.1727783662626745,0.0,7.015676990391271e-5,7.015676990391271e-5,0.0,0.0,3.134486872352514e-6,-9.538856122856367e-8,1.5827232390252946e-13,3.531407272031572e-11,0.04071219043923531
1,0.4534498410585544,3,4,11,2.5863400080743135,0.005752322259322114,2.586346404984687,1.1727783662626698,7.015676990349942e-5,0.0,7.015676990349942e-5,3.1344868723760242e-6,-9.53885611879603e-8,0.0,0.0,1.5827232390252946e-13,3.531407272031572e-11,0.04071219043923531
1,0.4534498410585544,3,4,12,2.586976414515906,0.0063900872068860986,2.5869843065770777,1.1730676226383505,3.5012286060559866e-5,0.0,3.5012286060559866e-5,1.5641590349141769e-6,-5.173660182609934e-8,0.0,0.0,1.5827232390252946e-13,3.531407272031572e-11,0.04071219043923531
1,0.4534498410585544,3,2,13,2.586976414515902,0.006390087206884523,2.5869843065770737,1.1730676226383487,0.0,3.501228606045463e-5,3.501228606045463e-5,0.0,0.0,1.5641590349181139e-6,-5.1736601827864556e-8,1.5827232390252946e-13,3.531407272031572e-11,0.04071219043923531
1,0.4534498410585544,3,4,14,3.804630916105642,0.0011834513588157387,3.8046311001651625,1.7252093676563258,1.8283327757095996e-6,0.0,1.8283327757095996e-6,8.139933440910717e-8,7.284807009857733e-9,0.0,0.0,1.5827232390252946e-13,3.531407272031572e-11,0.04071219043923531
1,0.4534498410585544,3,2,15,3.804630916105652,0.0011834513587884706,3.8046311001651727,1.7252093676563305,0.0,1.8283327756708614e-6,1.8283327756708614e-6,0.0,0.0,8.139933440956425e-8,7.2848070116573605e-9,1.5827232390252946e-13,3.531407272031572e-11,0.04071219043923531
1,0.4534498410585544,3,4,16,3.800375328132259,-0.00023538245155126265,3.8003753354216574,1.723279591809801,1.75041901918111e-6,0.0,1.75041901918111e-6,7.82353027577471e-8,-1.0231232945472286e-9,0.0,0.0,1.5827232390252946e-13,3.531407272031572e-11,0.04071219043923531
1,0.4534498410585544,3,2,17,3.8003753281322674,-0.00023538245155972203,3.800375335421666,1.7232795918098047,0.0,1.7504190191456595e-6,1.7504190191456595e-6,0.0,0.0,7.823530275784757e-8,-1.0231233031922586e-9,1.5827232390252946e-13,3.531407272031572e-11,0.04071219043923531
1,0.4534498410585544,3,4,18,3.8184468635175715,0.011603506998528194,3.8184644938616157,1.731482117829283,1.4250669778417016e-7,0.0,1.4250669778417016e-7,1.8871084836110098e-9,-6.083958284671187e-9,0.0,0.0,1.5827232390252946e-13,3.531407272031572e-11,0.04071219043923531
1,0.4534498410585544,3,2,19,3.8184468635175683,0.011603506998547748,3.8184644938616126,1.7314821178292816,0.0,1.425066977675855e-7,1.425066977675855e-7,0.0,0.0,1.8871084832814478e-9,-6.083958285479812e-9,1.5827232390252946e-13,3.531407272031572e-11,0.04071219043923531
1,0.4534498410585544,3,4,20,5.12246240046802,0.006395040057200105,5.122466392349092,2.3227815714384823,1.2094781508644523e-15,0.0,1.2094781508644523e-15,9.65079490407582e-19,5.405384549260356e-17,0.0,0.0,1.5827232390252946e-13,3.531407272031572e-11,0.04071219043923531
1,0.4534498410585544,3,2,21,5.1224624004680175,0.006395040057197977,5.122466392349089,2.322781571438481,0.0,1.2094776652434724e-15,1.2094776652434724e-15,0.0,0.0,9.649887378356258e-19,5.405386056406568e-17,1.5827232390252946e-13,3.531407272031572e-11,0.04071219043923531
1,0.4534498410585544,3,2,22,1.2784067835099795,0.013066070914611223,1.2784735532397522,0.5797236295141309,0.0,4.19785823668539e-23,4.19785823668539e-23,0.0,0.0,-2.685915563676203e-25,4.3038281149720146e-24,1.5827232390252946e-13,3.531407272031572e-11,0.04071219043923531
1,0.4534498410585544,3,4,23,1.2784067835099662,0.013066070914615516,1.2784735532397389,0.5797236295141249,4.16022526593853e-23,0.0,4.16022526593853e-23,-1.672020163339708e-25,4.485836677173158e-24,0.0,0.0,1.5827232390252946e-13,3.531407272031572e-11,0.04071219043923531
1,0.4534498410585544,3,2,24,2.5876128188863303,0.007024625157282035,2.5876223537880216,1.1733569450447408,0.0,3.742282317467774e-27,3.742282317467774e-27,0.0,0.0,3.3349942107998348e-28,-1.4375695594867016e-27,1.5827232390252946e-13,3.531407272031572e-11,0.04071219043923531
1,0.4534498410585544,3,4,25,2.587612818886332,0.007024625157279028,2.5876223537880234,1.1733569450447416,2.6077262691705246e-27,0.0,2.6077262691705246e-27,1.6009758660802724e-28,-1.59278958916815e-27,0.0,0.0,1.5827232390252946e-13,3.531407272031572e-11,0.04071219043923531
1,0.4534498410585544,3,2,26,3.813638557428508,0.01302114341107518,3.813660786813783,1.7293038776319514,0.0,2.048277482597655e-27,2.048277482597655e-27,0.0,0.0,3.497798762271477e-29,5.817552379243909e-30,1.5827232390252946e-13,3.531407272031572e-11,0.04071219043923531
1,0.4534498410585544,3,4,27,2.5919909370560448,0.006389228520637474,2.5919988117323207,1.1753414492039826,1.370302766396518e-27,0.0,1.370302766396518e-27,-6.08388398645618e-30,-5.950254252817998e-29,0.0,0.0,1.5827232390252946e-13,3.531407272031572e-11,0.04071219043923531
1,0.4534498410585544,3,2,28,2.5919909370560457,0.006389228520637488,2.5919988117323216,1.175341449203983,0.0,9.287218141657563e-28,9.287218141657563e-28,0.0,0.0,-1.4693328882819128e-30,-5.365715981820987e-29,1.5827232390252946e-13,3.531407272031572e-11,0.04071219043923531
1,0.4534498410585544,3,4,29,3.8136385574285225,0.01302114341106651,3.8136607868137977,1.729303877631958,3.963100083489094e-28,0.0,3.963100083489094e-28,1.2569744922452084e-29,-7.079482061225529e-29,0.0,0.0,1.5827232390252946e-13,3.531407272031572e-11,0.04071219043923531
2,0.2617993877991494,4,3,0,0.2837497096023156,0.006679042927058627,0.2838283060475469,0.0743060767633174,0.0,10.589544921801977,10.589544921801977,0.0,0.0,0.473219682440726,0.010766552196048274,9.7225972719343e-13,5.985740539986939e-11,0.044699007253967325
2,0.2617993877991494,4,5,1,0.28374970960229606,0.006679042926972342,0.2838283060475253,0.07430607676331173,10.589544921735756,0.0,10.589544921735756,0.4732196824406598,0.010766552195657919,0.0,0.0,9.7225972719343e-13,5.985740539986939e-11,0.044699007253967325
2,0.2617993877991494,4,3,2,0.2706952671761216,-0.006367407312227954,0.2707701452291808,0.0708874582552863,0.0,10.10706196257301,10.10706196257301,0.0,0.0,0.4516472661193389,-0.010769042281297825,9.7225972719343e-13,5.985740539986939e-11,0.044699007253967325
2,0.2617993877991494,4,5,3,0.27069526717610826,-0.006367407312305761,0.2707701452291693,0.0708874582552833,10.107061962520081,0.0,10.107061962520081,0.451647266119251,-0.010769042281676633,0.0,0.0,9.7225972719343e-13,5.985740539986939e-11,0.044699007253967325
2,0.2617993877991494,4,3,4,2.4018294137004896,0.00045731243842567736,2.4018294572370253,0.6287974815026165,0.0,0.7172614554296145,0.7172614554296145,0.0,0.0,0.03205874275415696,0.00036975227879548767,9.7225972719343e-13,5.985740539986939e-11,0.044699007253967325
2,0.2617993877991494,4,5,5,2.4018294137005123,0.000457312438696374,2.401829457237048,0.6287974815026225,0.7172614554251705,0.0,0.7172614554251705,0.03205874275414444,0.00036975227876806516,0.0,0.0,9.7225972719343e-13,5.985740539986939e-11,0.044699007253967325
2,0.2617993877991494,4,3,6,2.4009245589517727,-0.00044703150705017146,2.4009246005684837,0.6285605905807463,0.0,0.7009771526531025,0.7009771526531025,0.0,0.0,0.03133094075285828,-0.00035771852982408037,9.7225972719343e-13,5.985740539986939e-11,0.044699007253967325
2,0.2617993877991494,4,5,7,2.40092455895154,-0.0004470315066765953,2.400924600568251,0.6285605905806855,0.7009771526505535,0.0,0.7009771526505535,0.03133094075286513,-0.0003577185298609953,0.0,0.0,9.7225972719343e-13,5.985740539986939e-11,0.044699007253967325
2,0.2617993877991494,4,3,8,0.8458564335283336,0.005219419259663811,0.8458725367800284,0.22144891228512492,0.0,0.13415841363028258,0.13415841363028258,0.0,0.0,0.005992392270744294,0.0002285176002178521,9.7225972719343e-13,5.985740539986939e-11,0.044699007253967325
2,0.2617993877991494,4,5,9,0.8458564335282563,0.005219419259535101,0.8458725367799503,0.2214489122851045,0.1341584136289828,0.0,0.1341584136289828,0.005992392270748,0.00022851760024650974,0.0,0.0,9.7225972719343e-13,5.985740539986939e-11,0.044699007253967325
2,0.2617993877991494,4,3,10,0.8361718086815161,-0.004461706878010974,0.8361837121482236,0.21891238392802512,0.0,0.12368749219274666,0.12368749219274666,0.0,0.0,0.005523587121045621,-0.0002379047828391656,9.7225972719343e-13,5.985740539986939e-11,0.044699007253967325
2,0.2617993877991494,4,5,11,0.8361718086815132,-0.004461706878138227,0.8361837121482214,0.21891238392802453,0.1236874921916435,0.0,0.1236874921916435,0.005523587121048779,-0.00023790478283025607,0.0,0.0,9.7225972719343e-13,5.985740539986939e-11,0.044699007253967325
2,0.2617993877991494,4,3,12,2.9332056212090274,0.010685045664500754,2.933225082821482,0.7679165309597733,0.0,0.0012331166260709531,0.0012331166260709531,0.0,0.0,5.4905994756492894e-5,-4.842077436459499e-6,9.7225972719343e-13,5.985740539986939e-11,0.044699007253967325
2,0.2617993877991494,4,5,13,2.933205621209324,0.010685045664158926,2.933225082821777,0.7679165309598506,0.0012331166260672287,0.0,0.0012331166260672287,5.490599475653133e-5,-4.84207743346683e-6,0.0,0.0,9.7225972719343e-13,5.985740539986939e-11,0.044699007253967325
2,0.2617993877991494,4,3,14,2.997098664230789,0.0006001868564391132,2.9970987243262845,0.784638611202233,0.0,0.0011001391833732519,0.0011001391833732519,0.0,0.0,4.91690035224562e-5,7.76162503901578e-7,9.7225972719343e-13,5.985740539986939e-11,0.044699007253967325
2,0.2617993877991494,4,5,15,2.9970986642307578,0.0006001868565545295,2.9970987243262535,0.7846386112022248,0.0011001391826102182,0.0,0.0011001391826102182,4.916900352255351e-5,7.761625050396108e-7,0.0,0.0,9.7225972719343e-13,5.985740539986939e-11,0.044699007253967325
2,0.2617993877991494,4,3,16,2.9964377540462666,-6.0468362256302366e-5,2.996437754656395,0.7844655697473021,0.0,0.001063259690097911,0.001063259690097911,0.0,0.0,4.751870495963925e-5,-8.691235322249983e-7,9.7225972719343e-13,5.985740539986939e-11,0.044699007253967325
2,0.2617993877991494,4,5,17,2.9964377540462683,-6.0468362491180455e-5,2.9964377546563967,0.7844655697473025,0.0010632596893376813,0.0,0.0010632596893376813,4.7518704959663535e-5,-8.691235314771156e-7,0.0,0.0,9.7225972719343e-13,5.985740539986939e-11,0.044699007253967325
2,0.2617993877991494,4,5,18,2.919117981239225,-0.0009643086010418557,2.919118140515256,0.7642233421002854,0.0008228926018241093,0.0,0.0008228926018241093,3.348146062099954e-5,-1.5229668521280718e-5,0.0,0.0,9.7225972719343e-13,5.985740539986939e-11,0.044699007253967325
2,0.2617993877991494,4,3,19,2.919117981239735,-0.0009643086016768512,2.9191181405157667,0.7642233421004191,0.0,0.0008228926016178662,0.0008228926016178662,0.0,0.0,3.34814606210296e-5,-1.522966852004668e-5,9.7225972719343e-13,5.985740539986939e-11,0.044699007253967325
2,0.2617993877991494,4,5,20,2.9096986153183506,-0.009741860990943242,2.909714923466059,0.7617615856334631,0.0006948024423248261,0.0,0.0006948024423248261,2.8004488857597725e-5,1.3427009117818661e-5,0.0,0.0,9.7225972719343e-13,5.985740539986939e-11,0.044699007253967325
2,0.2617993877991494,4,3,21,2.9096986153174007,-0.009741860990109636,2.9097149234651063,0.7617615856332137,0.0,0.0006948024422608722,0.0006948024422608722,0.0,0.0,2.8004488856372197e-5,1.3427009114994192e-5,9.7225972719343e-13,5.985740539986939e-11,0.044699007253967325
2,0.2617993877991494,4,5,22,2.918260097417797,0.0012465427310644726,2.9182603636498423,0.7639987766420518,0.00027030416928798296,0.0,0.00027030416928798296,1.013235276252407e-5,6.581647064187974e-6,0.0,0.0,9.7225972719343e-13,5.985740539986939e-11,0.044699007253967325
2,0.2617993877991494,4,3,23,2.9182600974179955,0.00124654273094758,2.918260363650041,0.7639987766421038,0.0,0.0002703041691728929,0.0002703041691728929,0.0,0.0,1.0132352762036613e-5,6.5816470647704885e-6,9.7225972719343e-13,5.985740539986939e-11,0.044699007253967325
2,0.2617993877991494,4,3,24,5.0817907115238174,0.006541536782057034,5.081794921819771,1.3304107994532424,0.0,2.3910084352570064e-5,2.3910084352570064e-5,0.0,0.0,1.0681737113452576e-6,3.530610401764583e-8,9.7225972719343e-13,5.985740539986939e-11,0.044699007253967325
2,0.2617993877991494,4,5,25,5.08179071152382,0.006541536781953086,5.081794921819774,1.330410799453243,2.3910084349949388e-5,0.0,2.3910084349949388e-5,1.0681737113365163e-6,3.530610389071286e-8,0.0,0.0,9.7225972719343e-13,5.985740539986939e-11,0.044699007253967325
2,0.2617993877991494,4,5,26,5.06902415969362,-0.006217213106949013,5.0690279724318374,1.3270684199194187,2.2333537056895535e-5,0.0,2.2333537056895535e-5,9.976863049407208e-7,-3.462427667276865e-8,0.0,0.0,9.7225972719343e-13,5.985740539986939e-11,0.044699007253967325
2,0.2617993877991494,4,3,27,5.069024159693636,-0.006217213106869134,5.069027972431853,1.327068419919423,0.0,2.2333537055850513e-5,2.2333537055850513e-5,0.0,0.0,9.976863050003053e-7,-3.462427661039145e-8,9.7225972719343e-13,5.985740539986939e-11,0.044699007253967325
2,0.2617993877991494,4,5,28,5.08963285775152,0.005216253176738909,5.089635530762602,1.332463466074448,1.9334807066772464e-5,0.0,1.9334807066772464e-5,8.57677598785505e-7,-1.0635536045348642e-7,0.0,0.0,9.7225972719343e-13,5.985740539986939e-11,0.044699007253967325
2,0.2617993877991494,4,3,29,5.089632857751463,0.0052162531766152195,5.089635530762544,1.3324634660744328,0.0,1.9334807063774184e-5,1.9334807063774184e-5,0.0,0.0,8.576775987818162e-7,-1.063553604475106e-7,9.7225972719343e-13,5.985740539986939e-11,0.044699007253967325
2,0.2617993877991494,4,5,30,5.087275567172096,0.005582806622947165,5.087278630473857,1.3318464310217508,1.3756411785667022e-5,0.0,1.3756411785667022e-5,5.645357547496781e-7,-2.4371883545131665e-7,0.0,0.0,9.7225972719343e-13,5.985740539986939e-11,0.044699007253967325
2,0.2617993877991494,4,3,31,5.087275567172029,0.0055828066228389844,5.08727863047379,1.3318464310217335,0.0,1.3756411782337597e-5,1.3756411782337597e-5,0.0,0.0,5.645357547325799e-7,-2.4371883549702593e-7,9.7225972719343e-13,5.985740539986939e-11,0.044699007253967325
2,0.2617993877991494,4,5,32,5.0764640861040595,-0.004430800305699199,5.076466019732199,1.3290156961490744,1.1702177943131574e-5,0.0,1.1702177943131574e-5,4.6264250343352517e-7,2.440699493396188e-7,0.0,0.0,9.7225972719343e-13,5.985740539986939e-11,0.044699007253967325
2,0.2617993877991494,4,3,33,5.076464086104042,-0.004430800305759442,5.076466019732181,1.3290156961490698,0.0,1.1702177939141036e-5,1.1702177939141036e-5,0.0,0.0,4.6264250344369634e-7,2.440699493024766e-7,9.7225972719343e-13,5.985740539986939e-11,0.044699007253967325
2,0.2617993877991494,4,5,34,5.0724610097290554,-0.005709367500487415,5.072464222850543,1.3279680281753605,4.428428039527397e-6,0.0,4.428428039527397e-6,1.67974467093275e-7,1.0472502447080014e-7,0.0,0.0,9.7225972719343e-13,5.985740539986939e-11,0.044699007253967325
2,0.2617993877991494,4,3,35,5.072461009729095,-0.005709367500545199,5.072464222850583,1.327968028175371,0.0,4.428428038862864e-6,4.428428038862864e-6,0.0,0.0,1.679744670331399e-7,1.0472502456710366e-7,9.7225972719343e-13,5.985740539986939e-11,0.044699007253967325
2,0.2617993877991494,4,3,36,7.204670265240318,0.0004635594093716274,7.204670280153375,1.88617826863888,0.0,5.15399218713617e-7,5.15399218713617e-7,0.0,0.0,2.3035718638325437e-8,3.1214573529654934e-10,9.7225972719343e-13,5.985740539986939e-11,0.044699007253967325
2,0.2617993877991494,4,5,37,7.204670265240319,0.0004635594093346518,7.204670280153376,1.8861782686388802,5.153992184656128e-7,0.0,5.153992184656128e-7,2.3035718640292432e-8,3.1214573240112603e-10,0.0,0.0,9.7225972719343e-13,5.985740539986939e-11,0.044699007253967325
2,0.2617993877991494,4,3,38,7.203773112475072,-0.00043308156978294314,7.203773125493226,1.8859433940980916,0.0,5.017704685627938e-7,5.017704685627938e-7,0.0,0.0,2.2426677472164897e-8,-2.968360311280968e-10,9.7225972719343e-13,5.985740539986939e-11,0.044699007253967325
2,0.2617993877991494,4,5,39,7.20377311247477,-0.00043308156961016295,7.203773125492924,1.8859433940980126,5.0177046836565e-7,0.0,5.0177046836565e-7,2.2426677473434467e-8,-2.968360295256693e-10,0.0,0.0,9.7225972719343e-13,5.985740539986939e-11,0.044699007253967325
2,0.2617993877991494,4,5,40,5.642462005804774,0.005312560005733911,5.642464506777534,1.477193753552788,7.42458025844303e-8,0.0,7.42458025844303e-8,3.3129681417154952e-9,1.9519905937532215e-10,0.0,0.0,9.7225972719343e-13,5.985740539986939e-11,0.044699007253967325
2,0.2617993877991494,4,3,41,5.64246200580485,0.005312560005773324,5.6424645067776105,1.477193753552808,0.0,7.424580239565503e-8,7.424580239565503e-8,0.0,0.0,3.3129681347140764e-9,1.951990612110841e-10,9.7225972719343e-13,5.985740539986939e-11,0.044699007253967325
2,0.2617993877991494,4,5,42,5.632602131893169,-0.00454361914729932,5.6326039644805865,1.4746122696160795,6.53034286183956e-8,0.0,6.53034286183956e-8,2.91249260892529e-9,-1.9477808584762777e-10,0.0,0.0,9.7225972719343e-13,5.985740539986939e-11,0.044699007253967325
2,0.2617993877991494,4,3,43,5.632602131893179,-0.004543619147206279,5.632603964480597,1.4746122696160822,0.0,6.530342856813285e-8,6.530342856813285e-8,0.0,0.0,2.912492604642963e-9,-1.9477808246323152e-10,9.7225972719343e-13,5.985740539986939e-11,0.044699007253967325
2,0.2617993877991494,4,3,44,5.650826490657948,0.004037408924531855,5.650827932984019,1.4793832934135491,0.0,5.909505401257737e-8,5.909505401257737e-8,0.0,0.0,2.6303458413444148e-9,-2.423868132170465e-10,9.7225972719343e-13,5.985740539986939e-11,0.044699007253967325
2,0.2617993877991494,4,5,45,5.650826490658033,0.004037408924642945,5.650827932984104,1.4793832934135713,5.909505398800854e-8,0.0,5.909505398800854e-8,2.6303458422817064e-9,-2.423868119767388e-10,0.0,0.0,9.7225972719343e-13,5.985740539986939e-11,0.044699007253967325
2,0.2617993877991494,4,3,46,5.649198733494934,0.004411360907101548,5.6492004558721245,1.4789572209019979,0.0,4.0926310615181e-8,4.0926310615181e-8,0.0,0.0,1.692916962567641e-9,-6.93260548400664e-10,9.7225972719343e-13,5.985740539986939e-11,0.044699007253967325
2,0.2617993877991494,4,5,47,5.649198733495026,0.004411360907221884,5.649200455872216,1.4789572209020219,4.092631053677368e-8,0.0,4.092631053677368e-8,1.692916962589262e-9,-6.932605486915834e-10,0.0,0.0,9.7225972719343e-13,5.985740539986939e-11,0.044699007253967325
2,0.2617993877991494,4,3,48,5.641264371786028,-0.002927099897225085,5.641265131182563,1.4768797577562833,0.0,3.278045998142005e-8,3.278045998142005e-8,0.0,0.0,1.3158633540799313e-9,6.445719316172867e-10,9.7225972719343e-13,5.985740539986939e-11,0.044699007253967325
2,0.2617993877991494,4,5,49,5.641264371785996,-0.002927099897142911,5.641265131182531,1.476879757756275,3.2780459895420224e-8,0.0,3.2780459895420224e-8,1.315863353687239e-9,6.44571930873667e-10,0.0,0.0,9.7225972719343e-13,5.985740539986939e-11,0.044699007253967325
2,0.2617993877991494,4,5,50,5.6382122531333785,-0.003976965271674129,5.638213655727862,1.4760808833503583,1.2208851935339579e-8,0.0,1.2208851935339579e-8,4.703713207521429e-10,2.7670385174587974e-10,0.0,0.0,9.7225972719343e-13,5.985740539986939e-11,0.044699007253967325
2,0.2617993877991494,4,3,51,5.638212253133415,-0.003976965271728884,5.638213655727898,1.4760808833503678,0.0,1.2208851911552018e-8,1.2208851911552018e-8,0.0,0.0,4.703713208513078e-10,2.767038517732404e-10,9.7225972719343e-13,5.985740539986939e-11,0.044699007253967325
2,0.2617993877991494,4,5,52,3.519327305592319,0.00013124911930581865,3.519327308039709,0.9213577347096243,3.4136429148035033e-9,0.0,3.4136429148035033e-9,7.199884868268676e-11,1.34531759480769e-10,0.0,0.0,9.7225972719343e-13,5.985740539986939e-11,0.044699007253967325
2,0.2617993877991494,4,3,53,3.519327305592495,0.0001312491192354149,3.519327308039885,0.9213577347096703,0.0,3.4136428748149526e-9,3.4136428748149526e-9,0.0,0.0,7.199884782305502e-11,1.3453175754247544e-10,9.7225972719343e-13,5.985740539986939e-11,0.044699007253967325
2,0.2617993877991494,4,3,54,3.520001600806828,0.0008053007760033763,3.520001692924589,0.9215342882596269,0.0,1.1006522707303152e-9,1.1006522707303152e-9,0.0,0.0,-3.770165709873034e-11,3.160751216392747e-11,9.7225972719343e-13,5.985740539986939e-11,0.044699007253967325
2,0.2617993877991494,4,5,55,3.5200016008067276,0.0008053007759709803,3.5200016929244886,0.9215342882596006,1.1006522549595644e-9,0.0,1.1006522549595644e-9,-3.770165812348015e-11,3.1607511741306934e-11,0.0,0.0,9.7225972719343e-13,5.985740539986939e-11,0.044699007253967325
2,0.2617993877991494,4,3,56,7.735946599484543,0.010645809708827426,7.7359539245875055,2.025268001499436,0.0,7.973247253974041e-11,7.973247253974041e-11,0.0,0.0,3.549849456686274e-12,-3.1685305076972665e-13,9.7225972719343e-13,5.985740539986939e-11,0.044699007253967325
2,0.2617993877991494,4,5,57,7.735946599484891,0.010645809708472936,7.735953924587853,2.0252680014995272,7.973247099680859e-11,0.0,7.973247099680859e-11,3.549849432370014e-12,-3.1685302026494063e-13,0.0,0.0,9.7225972719343e-13,5.985740539986939e-11,0.044699007253967325
2,0.2617993877991494,4,5,58,7.799110319186999,-0.00015964639539891613,7.799110320820966,2.0418023073689566,6.344604465537651e-11,0.0,6.344604465537651e-11,2.8358049197233124e-12,3.1071453701415356e-14,0.0,0.0,9.7225972719343e-13,5.985740539986939e-11,0.044699007253967325
2,0.2617993877991494,4,3,59,7.799110319187028,-0.00015964639528235312,7.799110320820994,2.041802307368964,0.0,6.344604405670555e-11,6.344604405670555e-11,0.0,0.0,2.8358049182150616e-12,3.107146449598664e-14,9.7225972719343e-13,5.985740539986939e-11,0.044699007253967325
2,0.2617993877991494,4,5,60,7.799984665926232,0.0007143285249167595,7.7999846986356065,2.0420312189455347,6.184447117895851e-11,0.0,6.184447117895851e-11,2.7640915997673897e-12,-4.038030630093891e-14,0.0,0.0,9.7225972719343e-13,5.985740539986939e-11,0.044699007253967325
2,0.2617993877991494,4,3,61,7.799984665926239,0.0007143285248607245,7.799984698635614,2.0420312189455365,0.0,6.184447058911402e-11,6.184447058911402e-11,0.0,0.0,2.764091557834286e-12,-4.0380253731778904e-14,9.7225972719343e-13,5.985740539986939e-11,0.044699007253967325
2,0.2617993877991494,4,5,62,7.7219327200460715,-0.000944623732195761,7.721932777823963,2.0215972738604986,5.141844265667966e-11,0.0,5.141844265667966e-11,2.0441277171451874e-12,-1.05069969665954e-12,0.0,0.0,9.7225972719343e-13,5.985740539986939e-11,0.044699007253967325
2,0.2617993877991494,4,3,63,7.721932720046627,-0.0009446237328213057,7.721932777824518,2.0215972738606443,0.0,5.141844217990829e-11,5.141844217990829e-11,0.0,0.0,2.0441277488666196e-12,-1.0506996799783604e-12,9.7225972719343e-13,5.985740539986939e-11,0.044699007253967325
2,0.2617993877991494,4,5,64,7.71255817547718,-0.009692502208699872,7.712564265840444,2.0191446031586247,4.5686869602327766e-11,0.0,4.5686869602327766e-11,1.8443224331745124e-12,8.768596047357109e-13,0.0,0.0,9.7225972719343e-13,5.985740539986939e-11,0.044699007253967325
2,0.2617993877991494,4,3,65,7.712558175476261,-0.009692502207902355,7.712564265839524,2.0191446031583835,0.0,4.5686869242037986e-11,4.5686869242037986e-11,0.0,0.0,1.8443225140273007e-12,8.768595496906927e-13,9.7225972719343e-13,5.985740539986939e-11,0.044699007253967325
2,0.2617993877991494,4,3,66,7.721083649957055,0.0012451306270237442,7.72108375035425,2.021374998988703,0.0,1.8902368851384267e-11,1.8902368851384267e-11,0.0,0.0,6.877077865022748e-13,4.908594892477093e-13,9.7225972719343e-13,5.985740539986939e-11,0.044699007253967325
2,0.2617993877991494,4,5,67,7.721083649956847,0.0012451306271888656,7.721083750354041,2.0213749989886485,1.8902368140966098e-11,0.0,1.8902368140966098e-11,6.877077924500136e-13,4.908595013099212e-13,0.0,0.0,9.7225972719343e-13,5.985740539986939e-11,0.044699007253967325
2,0.2617993877991494,4,3,68,8.32217617849356,0.0001410276524364401,8.322176179688489,2.1787406289991105,0.0,1.5973696358150793e-16,1.5973696358150793e-16,0.0,0.0,3.449071792856524e-18,6.252067917452493e-18,9.7225972719343e-13,5.985740539986939e-11,0.044699007253967325
2,0.2617993877991494,4,5,69,8.322176178493534,0.00014102765257348847,8.322176179688462,2.1787406289991034,1.5973597250090753e-16,0.0,1.5973597250090753e-16,3.44899975598064e-18,6.2520422816572625e-18,0.0,0.0,9.7225972719343e-13,5.985740539986939e-11,0.044699007253967325
2,0.2617993877991494,4,5,70,9.876409146606472,-0.006286092181657886,9.876411147078016,2.5856383919577195,1.2989731289255564e-16,0.0,1.2989731289255564e-16,2.883558809654756e-18,5.039553927033827e-18,0.0,0.0,9.7225972719343e-13,5.985740539986939e-11,0.044699007253967325
2,0.2617993877991494,4,3,71,9.876409146606553,-0.0062860921816707,9.876411147078098,2.5856383919577413,0.0,1.2989703656623663e-16,1.2989703656623663e-16,0.0,0.0,2.8835691859357236e-18,5.039577284643903e-18,9.7225972719343e-13,5.985740539986939e-11,0.044699007253967325
2,0.2617993877991494,4,3,72,8.32284212497774,0.000806734752198111,8.32284216407622,2.1789149833041024,0.0,5.908992229762674e-17,5.908992229762674e-17,0.0,0.0,-1.9570252512290423e-18,1.7739311355955058e-18,9.7225972719343e-13,5.985740539986939e-11,0.044699007253967325
2,0.2617993877991494,4,5,73,8.322842124977546,0.0008067347524890172,8.322842164076027,2.1789149833040518,5.908878199731499e-17,0.0,5.908878199731499e-17,-1.9569427174559327e-18,1.773957926307402e-18,0.0,0.0,9.7225972719343e-13,5.985740539986939e-11,0.044699007253967325
2,0.2617993877991494,4,5,74,9.889335081255625,0.006631935590309647,9.889337304992832,2.5890224521864136,3.748575023722165e-17,0.0,3.748575023722165e-17,-1.4046668482730903e-18,9.134262525837675e-19,0.0,0.0,9.7225972719343e-13,5.985740539986939e-11,0.044699007253967325
2,0.2617993877991494,4,3,75,9.889335081255526,0.00663193559048806,9.889337304992733,2.5890224521863874,0.0,3.748559062500801e-17,3.748559062500801e-17,0.0,0.0,-1.4046882280159217e-18,9.134204897246554e-19,9.7225972719343e-13,5.985740539986939e-11,0.044699007253967325
2,0.2617993877991494,4,5,76,10.441867366654636,-0.004402956046084664,10.441868294937883,2.733674727094086,2.0681572092851798e-19,0.0,2.0681572092851798e-19,2.0510731547609574e-21,9.01161894714527e-21,0.0,0.0,9.7225972719343e-13,5.985740539986939e-11,0.044699007253967325
2,0.2617993877991494,4,3,77,10.441867366654707,-0.00440295604610964,10.441868294937954,2.7336747270941046,0.0,2.0681503979302527e-19,2.0681503979302527e-19,0.0,0.0,2.0491222522053573e-21,9.01235090224797e-21,9.7225972719343e-13,5.985740539986939e-11,0.044699007253967325
2,0.2617993877991494,4,5,78,10.451460119932669,0.005186289980076975,10.451461406719481,2.7361861978855972,1.5352721333439573e-19,0.0,1.5352721333439573e-19,-1.7214159236861945e-21,6.641543479534786e-21,0.0,0.0,9.7225972719343e-13,5.985740539986939e-11,0.044699007253967325
2,0.2617993877991494,4,3,79,10.451460119932621,0.0051862899801947936,10.451461406719433,2.7361861978855844,0.0,1.5352136112992175e-19,1.5352136112992175e-19,0.0,0.0,-1.7214871400295127e-21,6.6418674873244065e-21,9.7225972719343e-13,5.985740539986939e-11,0.044699007253967325
3,0.15114994701951814,5,4,0,0.14148407185095513,0.018307624291047212,0.1426636312965164,0.021563600312080527,0.0,19.26656711105602,19.26656711105602,0.0,0.0,0.8611963588318341,-0.000332588359913899,1.1403367155728658e-12,5.386985999823019e-10,0.030934348141230413
3,0.15114994701951814,5,6,1,0.14148407185086098,0.018307624290748965,0.14266363129638476,0.021563600312060626,19.26656711105342,0.0,19.26656711105342,0.8611963588317959,-0.00033258835975669143,0.0,0.0,1.1403367155728658e-12,5.386985999823019e-10,0.030934348141230413
3,0.15114994701951814,5,6,2,2.085399667005934,0.003096911581815437,2.0854019665306267,0.31520839675550316,1.0489146380854495,0.0,1.0489146380854495,0.04655385875175505,0.005566237718490408,0.0,0.0,1.1403367155728658e-12,5.386985999823019e-10,0.030934348141230413
3,0.15114994701951814,5,4,3,2.0853996670058526,0.00309691158185188,2.0854019665305454,0.3152083967554909,0.0,1.048914638051563,1.048914638051563,0.0,0.0,0.04655385875187629,0.005566237718592881,1.1403367155728658e-12,5.386985999823019e-10,0.030934348141230413
3,0.15114994701951814,5,6,4,2.073535370512128,-0.0007947985103012242,2.073535522837634,0.31341478441999726,0.8380692774431799,0.0,0.8380692774431799,0.03745561827510269,-0.0006269326886434445,0.0,0.0,1.1403367155728658e-12,5.386985999823019e-10,0.030934348141230413
3,0.15114994701951814,5,4,5,2.0735353705121753,-0.0007947985104880921,2.0735355228376813,0.31341478442000437,0.0,0.8380692773943688,0.8380692773943688,0.0,0.0,0.037455618275094194,-0.0006269326886539361,1.1403367155728658e-12,5.386985999823019e-10,0.030934348141230413
3,0.15114994701951814,5,4,6,4.298603484670652,0.0016267071545128242,4.2986037924655065,0.6497337354890611,0.0,0.6149535193049412,0.6149535193049412,0.0,0.0,0.027459365309387085,0.0012502221670887548,1.1403367155728658e-12,5.386985999823019e-10,0.030934348141230413
3,0.15114994701951814,5,6,7,4.298603484672681,0.0016267071511602733,4.298603792467534,0.6497337354893675,0.6149535190546447,0.0,0.6149535190546447,0.027459365309311284,0.0012502221670799563,0.0,0.0,1.1403367155728658e-12,5.386985999823019e-10,0.030934348141230413
3,0.15114994701951814,5,4,8,4.29069496742828,-0.0003401258271040486,4.290694980909263,0.6485383190413476,0.0,0.5322954896686212,0.5322954896686212,0.0,0.0,0.023793054995951912,3.44620668852047e-5,1.1403367155728658e-12,5.386985999823019e-10,0.030934348141230413
3,0.15114994701951814,5,6,9,4.290694967426487,-0.0003401258304947842,4.290694980907471,0.6485383190410766,0.5322954894131544,0.0,0.5322954894131544,0.02379305499590148,3.446206687154896e-5,0.0,0.0,1.1403367155728658e-12,5.386985999823019e-10,0.030934348141230413
3,0.15114994701951814,5,4,10,2.1246565366695234,0.033582081044274036,2.1249219173842127,0.3211818352332367,0.0,0.12801662422039012,0.12801662422039012,0.0,0.0,0.0033210436836582646,-0.004659873921717163,1.1403367155728658e-12,5.386985999823019e-10,0.030934348141230413
3,0.15114994701951814,5,6,11,2.1246565366695425,0.033582081044345465,2.1249219173842326,0.3211818352332397,0.12801662421605836,0.0,0.12801662421605836,0.003321043683764853,-0.0046598739216289625,0.0,0.0,1.1403367155728658e-12,5.386985999823019e-10,0.030934348141230413
3,0.15114994701951814,5,4,12,4.335730527335073,0.03524700982824196,4.335873793985141,0.6553670942441712,0.0,0.024798424612347023,0.024798424612347023,0.0,0.0,0.0005455942523312977,-0.0009648945449120504,1.1403367155728658e-12,5.386985999823019e-10,0.030934348141230413
3,0.15114994701951814,5,6,13,4.335730527336369,0.03524700983304618,4.335873793986476,0.655367094244373,0.024798424608320272,0.0,0.024798424608320272,0.0005455942523598717,-0.0009648945448219315,0.0,0.0,1.1403367155728658e-12,5.386985999823019e-10,0.030934348141230413
3,0.15114994701951814,5,4,14,4.3001745425369915,0.016356065064449653,4.300205648239118,0.6499758559043755,0.0,0.006069144550153992,0.006069144550153992,0.0,0.0,-8.30410322120818e-5,-0.00025826264756283104,1.1403367155728658e-12,5.386985999823019e-10,0.030934348141230413
3,0.15114994701951814,5,6,15,4.300174542537283,0.016356065064349074,4.30020564823941,0.6499758559044194,0.006069144548821353,0.0,0.006069144548821353,-8.304103213504447e-5,-0.0002582626474996912,0.0,0.0,1.1403367155728658e-12,5.386985999823019e-10,0.030934348141230413
3,0.15114994701951814,5,4,16,4.301870174083,0.018229820488027,4.30190879970972,0.650233287158923,0.0,0.005579556251025682,0.005579556251025682,0.0,0.0,-0.00021450063315835068,-0.00012724052075862072,1.1403367155728658e-12,5.386985999823019e-10,0.030934348141230413
3,0.15114994701951814,5,6,17,4.301870174082693,0.018229820487804593,4.3019087997094125,0.6502332871588766,0.005579556249496165,0.0,0.005579556249496165,-0.00021450063314294504,-0.00012724052073414692,0.0,0.0,1.1403367155728658e-12,5.386985999823019e-10,0.030934348141230413
3,0.15114994701951814,5,6,18,4.2784068430179865,0.018220753869036814,4.278445641848765,0.6466868320913292,0.002845673622110797,0.0,0.002845673622110797,-4.476485404279729e-5,0.00011906149234096352,0.0,0.0,1.1403367155728658e-12,5.386985999823019e-10,0.030934348141230413
3,0.15114994701951814,5,4,19,4.278406843017853,0.01822075386860067,4.27844564184863,0.6466868320913087,0.0,0.0028456736164792712,0.0028456736164792712,0.0,0.0,-4.4764854093200116e-5,0.00011906149246236424,1.1403367155728658e-12,5.386985999823019e-10,0.030934348141230413
3,0.15114994701951814,5,4,20,6.497245239508736,0.018394682094425477,6.497271278517489,0.9820622095193553,0.0,0.00015894695384394516,0.00015894695384394516,0.0,0.0,7.084033866465088e-6,-5.424350235182145e-7,1.1403367155728658e-12,5.386985999823019e-10,0.030934348141230413
3,0.15114994701951814,5,6,21,6.497245239510214,0.018394682097087157,6.497271278518975,0.9820622095195799,0.00015894695333078566,0.0,0.00015894695333078566,7.08403384055784e-6,-5.42435044997337e-7,0.0,0.0,1.1403367155728658e-12,5.386985999823019e-10,0.030934348141230413
3,0.15114994701951814,5,4,22,6.515708793318285,0.016842792592673867,6.515730562184684,0.9848523292676702,0.0,9.524031212278483e-5,9.524031212278483e-5,0.0,0.0,4.254063723827254e-6,-1.620053742540435e-7,1.1403367155728658e-12,5.386985999823019e-10,0.030934348141230413
3,0.15114994701951814,5,6,23,6.515708793318996,0.016842792593769997,6.515730562185398,0.9848523292677781,9.52403115681023e-5,0.0,9.52403115681023e-5,4.2540637238764736e-6,-1.6200537418865256e-7,0.0,0.0,1.1403367155728658e-12,5.386985999823019e-10,0.030934348141230413
3,0.15114994701951814,5,4,24,6.517067534678109,0.01796618998096856,6.517092299142144,0.9850581557366447,0.0,5.558614858100615e-5,5.558614858100615e-5,0.0,0.0,2.4745398712554788e-6,-2.238669782416305e-7,1.1403367155728658e-12,5.386985999823019e-10,0.030934348141230413
3,0.15114994701951814,5,6,25,6.517067534676496,0.017966189982423435,6.517092299140535,0.9850581557364017,5.558614812256073e-5,0.0,5.558614812256073e-5,2.4745398724958366e-6,-2.2386697701044778e-7,0.0,0.0,1.1403367155728658e-12,5.386985999823019e-10,0.030934348141230413
3,0.15114994701951814,5,4,26,8.71744351258571,0.01831630942263654,8.717462754856689,1.3176440335412112,0.0,2.5952368501249844e-5,2.5952368501249844e-5,0.0,0.0,1.159986940402352e-6,1.1616919744270157e-8,1.1403367155728658e-12,5.386985999823019e-10,0.030934348141230413
3,0.15114994701951814,5,6,27,8.717443512586431,0.018316309423037427,8.71746275485741,1.3176440335413202,2.59523684814898e-5,0.0,2.59523684814898e-5,1.1599869390133823e-6,1.1616919213795445e-8,0.0,0.0,1.1403367155728658e-12,5.386985999823019e-10,0.030934348141230413
3,0.15114994701951814,5,4,28,8.730232386868098,0.01722748914373965,8.730249384473666,1.3195767319303755,0.0,1.6785867656386933e-5,1.6785867656386933e-5,0.0,0.0,7.500017925348862e-7,-2.1560287270829016e-8,1.1403367155728658e-12,5.386985999823019e-10,0.030934348141230413
3,0.15114994701951814,5,6,29,8.730232386867732,0.01722748914392377,8.730249384473302,1.3195767319303204,1.6785867620463348e-5,0.0,1.6785867620463348e-5,7.500017925325433e-7,-2.156028730158817e-8,0.0,0.0,1.1403367155728658e-12,5.386985999823019e-10,0.030934348141230413
3,0.15114994701951814,5,6,30,6.496778909062254,0.018244273334548027,6.4968045258223395,0.9819916598742123,1.4014325128080737e-5,0.0,1.4014325128080737e-5,-1.7229943043967265e-8,6.261894176695712e-7,0.0,0.0,1.1403367155728658e-12,5.386985999823019e-10,0.030934348141230413
3,0.15114994701951814,5,4,31,6.496778909063352,0.01824427333866459,6.496804525823449,0.98199165987438,0.0,1.4014324654781623e-5,1.4014324654781623e-5,0.0,0.0,-1.722996684634779e-8,6.261893967474669e-7,1.1403367155728658e-12,5.386985999823019e-10,0.030934348141230413
3,0.15114994701951814,5,4,32,8.731324137618495,0.01832104403010853,8.731343359232513,1.319742086157216,0.0,8.377848143015292e-6,8.377848143015292e-6,0.0,0.0,3.7429943494415906e-7,-1.1675871373884644e-8,1.1403367155728658e-12,5.386985999823019e-10,0.030934348141230413
3,0.15114994701951814,5,6,33,8.731324137618584,0.018321044030270784,8.731343359232602,1.3197420861572293,8.37784812664936e-6,0.0,8.37784812664936e-6,3.7429943617012236e-7,-1.167587105526939e-8,0.0,0.0,1.1403367155728658e-12,5.386985999823019e-10,0.030934348141230413
3,0.15114994701951814,5,4,34,6.246543035900763,0.00326986203368192,6.246543891733896,0.944164778290673,0.0,5.96595796916293e-6,5.96595796916293e-6,0.0,0.0,2.6494016695520033e-7,3.034594046978728e-8,1.1403367155728658e-12,5.386985999823019e-10,0.030934348141230413
3,0.15114994701951814,5,6,35,6.246543035900764,0.003269862034461536,6.246543891733897,0.9441647782906732,5.965957966625494e-6,0.0,5.965957966625494e-6,2.649401669264855e-7,3.034594049334094e-8,0.0,0.0,1.1403367155728658e-12,5.386985999823019e-10,0.030934348141230413
3,0.15114994701951814,5,4,36,6.23490422763806,-0.0005212882266458184,6.2349042494300075,0.9424054469731141,0.0,4.979175694514206e-6,4.979175694514206e-6,0.0,0.0,2.2252813081012027e-7,-4.007340647067348e-9,1.1403367155728658e-12,5.386985999823019e-10,0.030934348141230413
3,0.15114994701951814,5,6,37,6.234904227638467,-0.0005212882266252099,6.234904249430415,0.9424054469731757,4.979175693281818e-6,0.0,4.979175693281818e-6,2.2252813076109824e-7,-4.007340645675673e-9,0.0,0.0,1.1403367155728658e-12,5.386985999823019e-10,0.030934348141230413
3,0.15114994701951814,5,6,38,6.495645192939495,0.017177319448649357,6.495667905062682,0.9818198597066088,4.8258268181978314e-6,0.0,4.8258268181978314e-6,2.1522360362521348e-7,-1.4472775770033686e-8,0.0,0.0,1.1403367155728658e-12,5.386985999823019e-10,0.030934348141230413
3,0.15114994701951814,5,4,39,6.49564519294011,0.01717731944963901,6.495667905063299,0.981819859706702,0.0,4.8258267650695e-6,4.8258267650695e-6,0.0,0.0,2.152236036145165e-7,-1.4472775757736885e-8,1.1403367155728658e-12,5.386985999823019e-10,0.030934348141230413
3,0.15114994701951814,5,6,40,6.518249411076159,0.01870377327712008,6.518276245766935,0.9852371092062558,3.2732055042746114e-6,0.0,3.2732055042746114e-6,-3.275155965389214e-8,1.4259617518116035e-7,0.0,0.0,1.1403367155728658e-12,5.386985999823019e-10,0.030934348141230413
3,0.15114994701951814,5,4,41,6.518249411076008,0.018703773279003123,6.51827624576679,0.985237109206234,0.0,3.273205480743884e-6,3.273205480743884e-6,0.0,0.0,-3.275155960902184e-8,1.4259617555701492e-7,1.1403367155728658e-12,5.386985999823019e-10,0.030934348141230413
3,0.15114994701951814,5,4,42,8.459480862532665,0.0018103530275689547,8.459481056243018,1.2786501134637496,0.0,2.6317131464493804e-6,2.6317131464493804e-6,0.0,0.0,1.1596458772436479e-7,1.975346511362044e-8,1.1403367155728658e-12,5.386985999823019e-10,0.030934348141230413
3,0.15114994701951814,5,6,43,8.45948086253371,0.0018103530293352259,8.459481056244062,1.2786501134639074,2.631713145042904e-6,0.0,2.631713145042904e-6,1.1596458753190917e-7,1.9753465317526047e-8,0.0,0.0,1.1403367155728658e-12,5.386985999823019e-10,0.030934348141230413
3,0.15114994701951814,5,6,44,8.461432601657773,0.004946073591541873,8.461434047254697,1.2789453079516944,2.605664099458216e-6,0.0,2.605664099458216e-6,1.1624559215955914e-7,-7.236202100504209e-9,0.0,0.0,1.1403367155728658e-12,5.386985999823019e-10,0.030934348141230413
3,0.15114994701951814,5,4,45,8.461432601652753,0.004946073588826098,8.461434047249675,1.2789453079509354,0.0,2.6056640958300374e-6,2.6056640958300374e-6,0.0,0.0,1.1624559199241053e-7,-7.2362019214137035e-9,1.1403367155728658e-12,5.386985999823019e-10,0.030934348141230413
3,0.15114994701951814,5,4,46,8.451973123819997,-0.00023448732827181448,8.451973127072746,1.2775152903674367,0.0,2.438879332612587e-6,2.438879332612587e-6,0.0,0.0,1.0901217882153657e-7,8.490039106894262e-10,1.1403367155728658e-12,5.386985999823019e-10,0.030934348141230413
3,0.15114994701951814,5,6,47,8.451973123820153,-0.00023448732858810661,8.451973127072902,1.2775152903674603,2.43887933053684e-6,0.0,2.43887933053684e-6,1.0901217877048103e-7,8.490039900632955e-10,0.0,0.0,1.1403367155728658e-12,5.386985999823019e-10,0.030934348141230413
3,0.15114994701951814,5,4,48,8.44833559367198,0.0003383594115435769,8.448335600447699,1.2769654784107787,0.0,2.384483655780735e-6,2.384483655780735e-6,0.0,0.0,1.0257075190817694e-7,-2.897241851715063e-8,1.1403367155728658e-12,5.386985999823019e-10,0.030934348141230413
3,0.15114994701951814,5,6,49,8.44833559367419,0.00033835941012382714,8.44833560044991,1.2769654784111129,2.384483655481415e-6,0.0,2.384483655481415e-6,1.0257075183071398e-7,-2.8972418417329914e-8,0.0,0.0,1.1403367155728658e-12,5.386985999823019e-10,0.030934348141230413
3,0.15114994701951814,5,4,50,6.285261726016102,0.03347118930168671,6.285350848205387,0.9500304477053276,0.0,6.309011615868171e-7,6.309011615868171e-7,0.0,0.0,1.5648861736852194e-8,-2.346039429418828e-8,1.1403367155728658e-12,5.386985999823019e-10,0.030934348141230413
3,0.15114994701951814,5,6,51,6.285261726015657,0.0334711893013057,6.285350848204939,0.95003044770526,6.3090116134311e-7,0.0,6.3090116134311e-7,1.5648861745912376e-8,-2.3460394295667252e-8,0.0,0.0,1.1403367155728658e-12,5.386985999823019e-10,0.030934348141230413
3,0.15114994701951814,5,4,52,8.444711446787547,0.0009150321215270867,8.444711496361993,1.276417695270231,0.0,5.712414208895925e-7,5.712414208895925e-7,0.0,0.0,1.7547047874521631e-10,2.5533321485354876e-8,1.1403367155728658e-12,5.386985999823019e-10,0.030934348141230413
3,0.15114994701951814,5,6,53,8.444711446784257,0.0009150321244577632,8.444711496358703,1.2764176952697337,5.712414174387634e-7,0.0,5.712414174387634e-7,1.7547053359859352e-10,2.5533321328920596e-8,0.0,0.0,1.1403367155728658e-12,5.386985999823019e-10,0.030934348141230413
3,0.15114994701951814,5,6,54,8.50058268718144,0.03197793740519335,8.500642835108973,1.2848717141585677,3.983290211346777e-7,0.0,3.983290211346777e-7,7.757618523460035e-9,-1.6026048748835573e-8,0.0,0.0,1.1403367155728658e-12,5.386985999823019e-10,0.030934348141230413
3,0.15114994701951814,5,4,55,8.500582687177051,0.03197793740189096,8.500642835104571,1.2848717141579025,0.0,3.983290203805967e-7,3.983290203805967e-7,0.0,0.0,7.757618513394769e-9,-1.6026048718469998e-8,1.1403367155728658e-12,5.386985999823019e-10,0.030934348141230413
3,0.15114994701951814,5,4,56,8.453775911522348,0.005476180291081094,8.453777685200036,1.2777880492327702,0.0,2.3774290365879513e-7,2.3774290365879513e-7,0.0,0.0,2.6253527613428377e-9,1.0297471879028013e-8,1.1403367155728658e-12,5.386985999823019e-10,0.030934348141230413
3,0.15114994701951814,5,6,57,8.453775911522255,0.005476180287904555,8.453777685199942,1.277788049232756,2.3774290323537638e-7,0.0,2.3774290323537638e-7,2.6253527398165806e-9,1.0297471885118114e-8,0.0,0.0,1.1403367155728658e-12,5.386985999823019e-10,0.030934348141230413
3,0.15114994701951814,5,4,58,8.496386371707256,0.035037334798235155,8.49645861475018,1.2842392694730183,0.0,6.993590633936576e-8,6.993590633936576e-8,0.0,0.0,5.037374321864759e-10,-3.085212250209743e-9,1.1403367155728658e-12,5.386985999823019e-10,0.030934348141230413
3,0.15114994701951814,5,6,59,8.496386371706011,0.035037334798343464,8.496458614748937,1.2842392694728304,6.993590629827518e-8,0.0,6.993590629827518e-8,5.037374401903185e-10,-3.085212246934121e-9,0.0,0.0,1.1403367155728658e-12,5.386985999823019e-10,0.030934348141230413
3,0.15114994701951814,5,4,60,8.504405813818675,0.031107899947995843,8.504462707752445,1.2854490877062499,0.0,5.066208042383122e-8,5.066208042383122e-8,0.0,0.0,1.7545042672093303e-9,1.4317393060345477e-9,1.1403367155728658e-12,5.386985999823019e-10,0.030934348141230413
3,0.15114994701951814,5,6,61,8.504405813812303,0.03110789994341897,8.504462707746058,1.2854490877052844,5.0662080368558626e-8,0.0,5.0662080368558626e-8,1.7545042588005662e-9,1.4317393227586921e-9,0.0,0.0,1.1403367155728658e-12,5.386985999823019e-10,0.030934348141230413
3,0.15114994701951814,5,6,62,8.509642046575511,0.03159204449992711,8.509700689103086,1.2862408083098886,3.8118700199324557e-8,0.0,3.8118700199324557e-8,1.4142250092879657e-9,-9.503336557314417e-10,0.0,0.0,1.1403367155728658e-12,5.386985999823019e-10,0.030934348141230413
3,0.15114994701951814,5,4,63,8.509642046575614,0.03159204449997833,8.50970068910319,1.2862408083099042,0.0,3.8118699943176155e-8,3.8118699943176155e-8,0.0,0.0,1.414225003840134e-9,-9.503336532484606e-10,1.1403367155728658e-12,5.386985999823019e-10,0.030934348141230413
3,0.15114994701951814,5,4,64,10.658391410817783,0.018851162924763833,10.658408081535343,1.6110178168364713,0.0,1.0166764462307448e-8,1.0166764462307448e-8,0.0,0.0,-4.336457207020108e-11,4.52370551882352e-10,1.1403367155728658e-12,5.386985999823019e-10,0.030934348141230413
3,0.15114994701951814,5,6,65,10.658391410821963,0.018851162925128246,10.658408081539523,1.611017816837103,1.0166764369827163e-8,0.0,1.0166764369827163e-8,-4.3364571407886665e-11,4.523705494569021e-10,0.0,0.0,1.1403367155728658e-12,5.386985999823019e-10,0.030934348141230413
3,0.15114994701951814,5,4,66,10.65520211932941,0.015881241558670527,10.655213954566815,1.6105350247144044,0.0,2.523528558210509e-9,2.523528558210509e-9,0.0,0.0,-1.0907803385080504e-10,-2.8734075194154406e-11,1.1403367155728658e-12,5.386985999823019e-10,0.030934348141230413
3,0.15114994701951814,5,6,67,10.655202119330003,0.01588124156121109,10.655213954567412,1.6105350247144947,2.523528540085883e-9,0.0,2.523528540085883e-9,-1.0907803301422497e-10,-2.8734074475718265e-11,0.0,0.0,1.1403367155728658e-12,5.386985999823019e-10,0.030934348141230413
3,0.15114994701951814,5,4,68,10.656576372810864,0.017485812881893107,10.656590718574252,1.610743122521187,0.0,1.4545461432699118e-9,1.4545461432699118e-9,0.0,0.0,-6.49834421045966e-11,-2.081450035194885e-12,1.1403367155728658e-12,5.386985999823019e-10,0.030934348141230413
3,0.15114994701951814,5,6,69,10.656576372805217,0.01748581287933799,10.656590718568602,1.6107431225203328,1.454546090922146e-9,0.0,1.454546090922146e-9,-6.498344110012203e-11,-2.0814470113991394e-12,0.0,0.0,1.1403367155728658e-12,5.386985999823019e-10,0.030934348141230413
3,0.15114994701951814,5,6,70,8.463544587806771,0.018173939961919166,8.463564100418157,1.2792672653745003,1.1371341093674547e-10,0.0,1.1371341093674547e-10,2.495659883218712e-12,4.428014304846542e-12,0.0,0.0,1.1403367155728658e-12,5.386985999823019e-10,0.030934348141230413
3,0.15114994701951814,5,4,71,8.463544587806837,0.018173939962486386,8.463564100418225,1.2792672653745103,0.0,1.1371340861865592e-10,1.1371340861865592e-10,0.0,0.0,2.4956600781587127e-12,4.428014339465605e-12,1.1403367155728658e-12,5.386985999823019e-10,0.030934348141230413
3,0.15114994701951814,5,4,72,4.328561442270879,0.03708676134057079,4.328720317528136,0.6542858466566895,0.0,2.303783194984468e-20,2.303783194984468e-20,0.0,0.0,-7.244851570236309e-22,5.017333138443308e-22,1.1403367155728658e-12,5.386985999823019e-10,0.030934348141230413
3,0.15114994701951814,5,6,73,4.328561442265907,0.03708676134450295,4.328720317523198,0.654285846655943,2.0340248093408358e-20,0.0,2.0340248093408358e-20,-5.987166619237942e-25,7.916513655061262e-22,0.0,0.0,1.1403367155728658e-12,5.386985999823019e-10,0.030934348141230413
3,0.15114994701951814,5,6,74,4.303627225385806,0.020227810208611252,4.303674762268608,0.6505002123061375,1.0085376050145222e-20,0.0,1.0085376050145222e-20,-2.560248869465964e-22,-3.9619095403622945e-22,0.0,0.0,1.1403367155728658e-12,5.386985999823019e-10,0.030934348141230413
3,0.15114994701951814,5,4,75,4.303627225385368,0.02022781020947878,4.303674762268175,0.6505002123060719,0.0,7.769848909324521e-21,7.769848909324521e-21,0.0,0.0,2.584897289553579e-22,2.1858738052750484e-23,1.1403367155728658e-12,5.386985999823019e-10,0.030934348141230413
3,0.15114994701951814,5,6,76,6.49793742453363,0.019468969680638895,6.497966590706294,0.9821673059198552,3.993972094483242e-21,0.0,3.993972094483242e-21,1.4366481390189345e-22,-1.0208247046880046e-22,0.0,0.0,1.1403367155728658e-12,5.386985999823019e-10,0.030934348141230413
3,0.15114994701951814,5,4,77,6.4979374245347,0.019468969678290995,6.497966590707357,0.9821673059200159,0.0,1.2491126105883229e-21,1.2491126105883229e-21,0.0,0.0,-2.852554911653359e-23,5.1436370843422934e-23,1.1403367155728658e-12,5.386985999823019e-10,0.030934348141230413
3,0.15114994701951814,5,6,78,4.315423229297707,0.018345529377851354,4.315462223958217,0.6522818865160165,1.1552576233394277e-21,0.0,1.1552576233394277e-21,2.975855300211646e-23,-1.181165594086652e-23,0.0,0.0,1.1403367155728658e-12,5.386985999823019e-10,0.030934348141230413
3,0.15114994701951814,5,4,79,2.111813739730361,0.03746384489088628,2.112146020280781,0.31925075906292616,0.0,9.309172699337464e-22,9.309172699337464e-22,0.0,0.0,3.6101900042011356e-23,-6.67388087318806e-23,1.1403367155728658e-12,5.386985999823019e-10,0.030934348141230413
4,0.08726646259971647,6,5,0,0.32595992757068937,0.023061629124218806,0.3267747130971919,0.02851647327902918,0.0,9.836177841289132,9.836177841289132,0.0,0.0,0.4387932937287853,0.027710188124872026,2.8691883777723755e-12,3.3026982216899827e-10,0.031549963817074485
4,0.08726646259971647,6,7,1,0.3259599275706523,0.023061629123722987,0.3267747130971199,0.028516473279022896,9.836177841254482,0.0,9.836177841254482,0.438793293728426,0.02771018812474013,0.0,0.0,2.8691883777723755e-12,3.3026982216899827e-10,0.031549963817074485
4,0.08726646259971647,6,7,2,0.28300168176636564,-0.01982807715215536,0.2836954432593924,0.024757097788905752,8.585843173567783,0.0,8.585843173567783,0.3827777552126239,-0.0276993649069861,0.0,0.0,2.8691883777723755e-12,3.3026982216899827e-10,0.031549963817074485
4,0.08726646259971647,6,5,3,0.28300168176642426,-0.019828077152158546,0.28369544325945106,0.024757097788910873,0.0,8.585843173566484,8.585843173566484,0.0,0.0,0.3827777552130076,-0.02769936490639857,2.8691883777723755e-12,3.3026982216899827e-10,0.031549963817074485
4,0.08726646259971647,6,5,4,3.8679057745639267,0.0019916429828971717,3.867906287327388,0.3375384993622637,0.0,0.8150446434503154,0.8150446434503154,0.0,0.0,0.03642007377792328,0.0009197831038494364,2.8691883777723755e-12,3.3026982216899827e-10,0.031549963817074485
4,0.08726646259971647,6,7,5,3.867905774563255,0.0019916429843379567,3.867906287326717,0.33753849936220515,0.8150446432702244,0.0,0.8150446432702244,0.036420073777879924,0.0009197831037339177,0.0,0.0,2.8691883777723755e-12,3.3026982216899827e-10,0.031549963817074485
4,0.08726646259971647,6,5,6,3.86400259426612,-0.00189379525752573,3.864003058352281,0.3371978783768894,0.0,0.7751631690707773,0.7751631690707773,0.0,0.0,0.034638452076797804,-0.0008558672894450337,2.8691883777723755e-12,3.3026982216899827e-10,0.031549963817074485
4,0.08726646259971647,6,7,7,3.864002594265835,-0.0018937952582856916,3.8640030583519964,0.33719787837686455,0.7751631689005307,0.0,0.7751631689005307,0.034638452076771686,-0.0008558672893954622,0.0,0.0,2.8691883777723755e-12,3.3026982216899827e-10,0.031549963817074485
4,0.08726646259971647,6,7,8,0.9804055092626032,0.013775814717048276,0.9805022874341409,0.08556496619530791,0.7098478648959596,0.0,0.7098478648959596,0.03154247436502944,0.003439935330981747,0.0,0.0,2.8691883777723755e-12,3.3026982216899827e-10,0.031549963817074485
4,0.08726646259971647,6,5,9,0.9804055092630889,0.013775814717623205,0.9805022874346346,0.08556496619535099,0.0,0.7098478648717934,0.7098478648717934,0.0,0.0,0.031542474364998296,0.0034399353310611003,2.8691883777723755e-12,3.3026982216899827e-10,0.031549963817074485
4,0.08726646259971647,6,5,10,7.455231137799213,0.0013659505397041853,7.455231262934224,0.6505916601790864,0.0,0.5706772390933992,0.5706772390933992,0.0,0.0,0.02550597561473686,0.0003732160754622016,2.8691883777723755e-12,3.3026982216899827e-10,0.031549963817074485
4,0.08726646259971647,6,7,11,7.45523113779886,0.0013659505364999984,7.455231262933871,0.6505916601790557,0.5706772377172258,0.0,0.5706772377172258,0.02550597561472223,0.00037321607544585356,0.0,0.0,2.8691883777723755e-12,3.3026982216899827e-10,0.031549963817074485
4,0.08726646259971647,6,5,12,7.452517101187018,-0.001271831169847467,7.452517209711057,0.6503548143549933,0.0,0.5542598209578875,0.5542598209578875,0.0,0.0,0.024772292387495787,-0.00035693407119105625,2.8691883777723755e-12,3.3026982216899827e-10,0.031549963817074485
4,0.08726646259971647,6,7,13,7.4525171011783,-0.0012718311555255137,7.452517209702337,0.6503548143542324,0.5542598195550938,0.0,0.5542598195550938,0.024772292387534256,-0.0003569340712289426,0.0,0.0,2.8691883777723755e-12,3.3026982216899827e-10,0.031549963817074485
4,0.08726646259971647,6,7,14,0.9588821304843389,-0.007782459314407197,0.9589137118819216,0.08368100757429901,0.5506729203350538,0.0,0.5506729203350538,0.02436123906932333,-0.0035221100083319135,0.0,0.0,2.8691883777723755e-12,3.3026982216899827e-10,0.031549963817074485
4,0.08726646259971647,6,5,15,0.9588821304842111,-0.007782459314292448,0.958913711881793,0.08368100757428779,0.0,0.5506729203118158,0.5506729203118158,0.0,0.0,0.02436123906927734,-0.00352211000840269,2.8691883777723755e-12,3.3026982216899827e-10,0.031549963817074485
4,0.08726646259971647,6,7,16,4.435350392726086,0.03126733562082805,4.435460602071928,0.38706695674322583,0.005901283695506283,0.0,0.005901283695506283,0.0002635355110703478,-1.1389737901924563e-5,0.0,0.0,2.8691883777723755e-12,3.3026982216899827e-10,0.031549963817074485
4,0.08726646259971647,6,5,17,4.435350392723253,0.031267335619554304,4.435460602069086,0.3870669567429778,0.0,0.005901283695476232,0.005901283695476232,0.0,0.0,0.00026353551106842073,-1.1389737890247272e-5,2.8691883777723755e-12,3.3026982216899827e-10,0.031549963817074485
4,0.08726646259971647,6,7,18,4.395082800934112,-0.000927992067391973,4.395082898903742,0.38354333741983687,0.0038197159731115007,0.0,0.0038197159731115007,0.0001508259164454016,-8.001775382280164e-5,0.0,0.0,2.8691883777723755e-12,3.3026982216899827e-10,0.031549963817074485
4,0.08726646259971647,6,5,19,4.3950828009350325,-0.0009279920672116276,4.395082898904662,0.38354333741991714,0.0,0.0038197159725943813,0.0038197159725943813,0.0,0.0,0.0001508259164434909,-8.001775381390143e-5,2.8691883777723755e-12,3.3026982216899827e-10,0.031549963817074485
4,0.08726646259971647,6,7,20,4.5971561782367605,0.003331088979279615,4.597157385086376,0.40117766301065066,0.0035828674312922536,0.0,0.0035828674312922536,0.0001601192508834616,3.1694831653251553e-6,0.0,0.0,2.8691883777723755e-12,3.3026982216899827e-10,0.031549963817074485
4,0.08726646259971647,6,5,21,4.597156178236963,0.0033310889799397607,4.597157385086579,0.4011776630106683,0.0,0.0035828674304659055,0.0035828674304659055,0.0,0.0,0.00016011925088144324,3.169483166893562e-6,2.8691883777723755e-12,3.3026982216899827e-10,0.031549963817074485
4,0.08726646259971647,6,7,22,4.595132958211478,0.0013078688876163348,4.595133144334601,0.401001014680793,0.0033738870421255343,0.0,0.0033738870421255343,0.00015068817060740316,-6.045715839619447e-6,0.0,0.0,2.8691883777723755e-12,3.3026982216899827e-10,0.031549963817074485
4,0.08726646259971647,6,5,23,4.595132958210851,0.0013078688876036228,4.595133144333974,0.4010010146807383,0.0,0.003373887041205926,0.003373887041205926,0.0,0.0,0.00015068817060359696,-6.045715843975771e-6,2.8691883777723755e-12,3.3026982216899827e-10,0.031549963817074485
4,0.08726646259971647,6,7,24,4.3680022939549765,-0.025013058012144387,4.368073911126855,0.3811863585981489,0.002779809651943334,0.0,0.002779809651943334,0.00011012273834170769,5.7551897211668816e-5,0.0,0.0,2.8691883777723755e-12,3.3026982216899827e-10,0.031549963817074485
4,0.08726646259971647,6,5,25,4.3680022939524665,-0.02501305801121021,4.368073911124339,0.38118635859792943,0.0,0.002779809651663093,0.002779809651663093,0.0,0.0,0.00011012273834097629,5.75518971909734e-5,2.8691883777723755e-12,3.3026982216899827e-10,0.031549963817074485
4,0.08726646259971647,6,5,26,8.020396857245498,0.03233503059714751,8.020462037932552,0.6999173504656868,0.0,0.001539835482925466,0.001539835482925466,0.0,0.0,6.871188429852042e-5,-4.015515035707667e-6,2.8691883777723755e-12,3.3026982216899827e-10,0.031549963817074485
4,0.08726646259971647,6,7,27,8.020396857243522,0.03233503057429736,8.020462037930484,0.6999173504655063,0.0015398354829003202,0.0,0.0015398354829003202,6.871188430015947e-5,-4.01551501727688e-6,0.0,0.0,2.8691883777723755e-12,3.3026982216899827e-10,0.031549963817074485
4,0.08726646259971647,6,7,28,4.391278599413253,0.006316409215309803,4.3912831421681515,0.38321174609078246,0.001114468304288247,0.0,0.001114468304288247,3.9631474850875784e-5,3.01818302065488e-5,0.0,0.0,2.8691883777723755e-12,3.3026982216899827e-10,0.031549963817074485
4,0.08726646259971647,6,5,29,4.3912785994138,0.006316409215933651,4.3912831421686995,0.38321174609083025,0.0,0.0011144683034000039,0.0011144683034000039,0.0,0.0,3.963147484251073e-5,3.0181830201285594e-5,2.8691883777723755e-12,3.3026982216899827e-10,0.031549963817074485
4,0.08726646259971647,6,5,30,8.192563532889062,0.0031178065446549434,8.192564126153751,0.7149360909107753,0.0,0.0010612048791222178,0.0010612048791222178,0.0,0.0,4.7432811935619516e-5,4.3477597577615094e-7,2.8691883777723755e-12,3.3026982216899827e-10,0.031549963817074485
4,0.08726646259971647,6,7,31,8.192563532893939,0.003117806544752671,8.192564126158628,0.7149360909112007,0.0010612048748796365,0.0,0.0010612048748796365,4.743281193886887e-5,4.3477598334746e-7,0.0,0.0,2.8691883777723755e-12,3.3026982216899827e-10,0.031549963817074485
4,0.08726646259971647,6,5,32,8.190948875069223,0.0015068128031081492,8.190949013666401,0.7147951457573035,0.0,0.0010210511960726894,0.0010210511960726894,0.0,0.0,4.561895290116459e-5,-1.3850743687352516e-6,2.8691883777723755e-12,3.3026982216899827e-10,0.031549963817074485
4,0.08726646259971647,6,7,33,8.190948875066628,0.0015068128013252212,8.190949013663806,0.714795145757077,0.001021051192077171,0.0,0.001021051192077171,4.56189529005441e-5,-1.3850743748718359e-6,0.0,0.0,2.8691883777723755e-12,3.3026982216899827e-10,0.031549963817074485
4,0.08726646259971647,6,7,34,7.981881024373292,0.0008349087180546458,7.981881068039225,0.69655052569943,0.0008806014266905704,0.0,0.0008806014266905704,3.503833040678242e-5,-1.7935528907450887e-5,0.0,0.0,2.8691883777723755e-12,3.3026982216899827e-10,0.031549963817074485
4,0.08726646259971647,6,5,35,7.981881024380712,0.0008349086899899771,7.9818810680466425,0.6965505257000774,0.0,0.0008806014256343515,0.0008806014256343515,0.0,0.0,3.5038330376492316e-5,-1.7935528887573287e-5,2.8691883777723755e-12,3.3026982216899827e-10,0.031549963817074485
4,0.08726646259971647,6,5,36,7.954927844076773,-0.027127545296287633,7.954974098523623,0.694202449650525,0.0,0.0008543390975473922,0.0008543390975473922,0.0,0.0,3.6944037402130564e-5,9.667978523094164e-6,2.8691883777723755e-12,3.3026982216899827e-10,0.031549963817074485
4,0.08726646259971647,6,7,37,7.954927844074591,-0.027127545293630748,7.954974098521433,0.6942024496503338,0.0008543390973049111,0.0,0.0008543390973049111,3.694403738917603e-5,9.667978519687005e-6,0.0,0.0,2.8691883777723755e-12,3.3026982216899827e-10,0.031549963817074485
4,0.08726646259971647,6,7,38,7.980250025283372,0.005319428316617494,7.980251798179859,0.6964083450821829,0.00037843926581264615,0.0,0.00037843926581264615,1.4860107773654642e-5,8.08229537025354e-6,0.0,0.0,2.8691883777723755e-12,3.3026982216899827e-10,0.031549963817074485
4,0.08726646259971647,6,5,39,7.980250025293504,0.005319428317498671,7.980251798189991,0.696408345083067,0.0,0.00037843926497166175,0.00037843926497166175,0.0,0.0,1.4860107754992134e-5,8.082295382803952e-6,2.8691883777723755e-12,3.3026982216899827e-10,0.031549963817074485
4,0.08726646259971647,6,7,40,8.046445224725813,0.022161255749984083,8.046475742570113,0.7021874744485206,0.00027451361777482304,0.0,0.00027451361777482304,1.2042516431275447e-5,2.3542789637416583e-6,0.0,0.0,2.8691883777723755e-12,3.3026982216899827e-10,0.031549963817074485
4,0.08726646259971647,6,5,41,8.046445224725495,0.022161255750581105,8.046475742569797,0.702187474448493,0.0,0.0002745136177357774,0.0002745136177357774,0.0,0.0,1.2042516429480767e-5,2.3542789717702703e-6,2.8691883777723755e-12,3.3026982216899827e-10,0.031549963817074485
4,0.08726646259971647,6,5,42,8.005401231443253,-0.01875192583042558,8.005423193755313,0.6986049637327508,0.0,0.00022025207114803694,0.00022025207114803694,0.0,0.0,9.836473060623218e-6,4.108357414360351e-7,2.8691883777723755e-12,3.3026982216899827e-10,0.031549963817074485
4,0.08726646259971647,6,7,43,8.005401231442242,-0.0187519258297496,8.0054231937543,0.6986049637326625,0.00022025207104544117,0.0,0.00022025207104544117,9.836473056400372e-6,4.1083574273429943e-7,0.0,0.0,2.8691883777723755e-12,3.3026982216899827e-10,0.031549963817074485
4,0.08726646259971647,6,7,44,8.071082490717377,0.017451519862082616,8.071101357777023,0.7043364647769694,0.00015073273316433994,0.0,0.00015073273316433994,6.6957497508451106e-6,-7.498244381447494e-7,0.0,0.0,2.8691883777723755e-12,3.3026982216899827e-10,0.031549963817074485
4,0.08726646259971647,6,5,45,8.071082490716433,0.017451519862448698,8.071101357776081,0.7043364647768873,0.0,0.0001507327331102299,0.0001507327331102299,0.0,0.0,6.6957497504051345e-6,-7.498244384980096e-7,2.8691883777723755e-12,3.3026982216899827e-10,0.031549963817074485
4,0.08726646259971647,6,5,46,8.06230776039514,0.01818669321618337,8.062328272846363,0.7035708686889839,0.0,0.00011322640372268833,0.00011322640372268833,0.0,0.0,4.434997027451168e-6,-2.438362976520144e-6,2.8691883777723755e-12,3.3026982216899827e-10,0.031549963817074485
4,0.08726646259971647,6,7,47,8.062307760395337,0.01818669321585595,8.06232827284656,0.7035708686890011,0.00011322640372249241,0.0,0.00011322640372249241,4.434997029623642e-6,-2.4383629756798196e-6,0.0,0.0,2.8691883777723755e-12,3.3026982216899827e-10,0.031549963817074485
4,0.08726646259971647,6,5,48,8.02633997113963,-0.011862121313775818,8.026348736644563,0.7004310618386743,0.0,7.717822377887267e-5,7.717822377887267e-5,0.0,0.0,2.856777821158537e-6,1.9338747154174417e-6,2.8691883777723755e-12,3.3026982216899827e-10,0.031549963817074485
4,0.08726646259971647,6,7,49,8.026339971139773,-0.01186212131409746,8.026348736644707,0.7004310618386869,7.717822376372117e-5,0.0,7.717822376372117e-5,2.856777820798331e-6,1.933874715897335e-6,0.0,0.0,2.8691883777723755e-12,3.3026982216899827e-10,0.031549963817074485
4,0.08726646259971647,6,7,50,11.60853567683651,-0.018974292221038927,11.608551183681424,1.0130371977076293,4.460487057292771e-5,0.0,4.460487057292771e-5,1.975357175036957e-6,-2.705111477104744e-7,0.0,0.0,2.8691883777723755e-12,3.3026982216899827e-10,0.031549963817074485
4,0.08726646259971647,6,5,51,11.608535676826437,-0.01897429223283229,11.60855118367137,1.013037197706752,0.0,4.460487041561779e-5,4.460487041561779e-5,0.0,0.0,1.975357168565908e-6,-2.7051114777985655e-7,2.8691883777723755e-12,3.3026982216899827e-10,0.031549963817074485
4,0.08726646259971647,6,5,52,8.011632236167829,-0.0170582552841336,8.01165039624651,0.6991483896660498,0.0,3.924931415021806e-5,3.924931415021806e-5,0.0,0.0,1.2767967864168844e-6,1.2032157708540752e-6,2.8691883777723755e-12,3.3026982216899827e-10,0.031549963817074485
4,0.08726646259971647,6,7,53,8.011632236166797,-0.017058255284542797,8.011650396245479,0.6991483896659597,3.9249314134384415e-5,0.0,3.9249314134384415e-5,1.2767967871902526e-6,1.203215770328575e-6,0.0,0.0,2.8691883777723755e-12,3.3026982216899827e-10,0.031549963817074485
4,0.08726646259971647,6,7,54,11.629976981955046,-0.019450426445554798,11.629993246769025,1.0149083707041244,1.716352033948561e-5,0.0,1.716352033948561e-5,7.320963093577183e-7,2.2938842337061833e-7,0.0,0.0,2.8691883777723755e-12,3.3026982216899827e-10,0.031549963817074485
4,0.08726646259971647,6,5,55,11.62997698194626,-0.019450426426761258,11.629993246760208,1.0149083707033548,0.0,1.7163520330728474e-5,1.7163520330728474e-5,0.0,0.0,7.32096309041177e-7,2.2938842567366534e-7,2.8691883777723755e-12,3.3026982216899827e-10,0.031549963817074485
4,0.08726646259971647,6,7,56,11.618476746375705,-0.012475872816255406,11.61848344464438,1.0139039509874839,1.0335383351815561e-5,0.0,1.0335383351815561e-5,3.616885846450007e-7,2.874163499562385e-7,0.0,0.0,2.8691883777723755e-12,3.3026982216899827e-10,0.031549963817074485
4,0.08726646259971647,6,5,57,11.618476746381042,-0.012475872809597877,11.618483444649709,1.0139039509879488,0.0,1.0335383330606832e-5,1.0335383330606832e-5,0.0,0.0,3.6168858453627896e-7,2.874163498256298e-7,2.8691883777723755e-12,3.3026982216899827e-10,0.031549963817074485
4,0.08726646259971647,6,5,58,11.604651805284417,-0.01783632031161645,11.6046655124658,1.0126981089258165,0.0,4.869709146229724e-6,4.869709146229724e-6,0.0,0.0,5.148995586180768e-8,2.1149354688584283e-7,2.8691883777723755e-12,3.3026982216899827e-10,0.031549963817074485
4,0.08726646259971647,6,7,59,11.604651805277406,-0.017836320305394504,11.60466551245878,1.0126981089252038,4.8697091359752576e-6,0.0,4.8697091359752576e-6,5.148994890666641e-8,2.1149354823339453e-7,0.0,0.0,2.8691883777723755e-12,3.3026982216899827e-10,0.031549963817074485
4,0.08726646259971647,6,7,60,8.690824082420498,0.01445916796471285,8.69083611047397,0.7584185243949422,4.009684309773132e-6,0.0,4.009684309773132e-6,1.7804425266967213e-7,2.057293323611491e-8,0.0,0.0,2.8691883777723755e-12,3.3026982216899827e-10,0.031549963817074485
4,0.08726646259971647,6,5,61,8.690824082420507,0.014459167964327297,8.690836110473978,0.7584185243949427,0.0,4.009684308980714e-6,4.009684308980714e-6,0.0,0.0,1.7804425275023915e-7,2.0572933266675436e-8,2.8691883777723755e-12,3.3026982216899827e-10,0.031549963817074485
4,0.08726646259971647,6,5,62,8.720248199132742,0.009769185898281723,8.720253671279922,0.7609856908647896,0.0,3.7579232792708637e-6,3.7579232792708637e-6,0.0,0.0,1.679552062183391e-7,-2.6071472915294393e-9,2.8691883777723755e-12,3.3026982216899827e-10,0.031549963817074485
4,0.08726646259971647,6,7,63,8.720248199134174,0.009769185897686782,8.720253671281352,0.7609856908649144,3.757923276298194e-6,0.0,3.757923276298194e-6,1.6795520615355167e-7,-2.607147333302775e-9,0.0,0.0,2.8691883777723755e-12,3.3026982216899827e-10,0.031549963817074485
4,0.08726646259971647,6,7,64,8.667969521289864,-0.008335614036725683,8.667973529289958,0.7564233878091144,2.998482524231041e-6,0.0,2.998482524231041e-6,1.313767723883458e-7,-2.653239516406453e-8,0.0,0.0,2.8691883777723755e-12,3.3026982216899827e-10,0.031549963817074485
4,0.08726646259971647,6,5,65,8.667969521289645,-0.008335614037144633,8.667973529289739,0.7564233878090955,0.0,2.9984825202998152e-6,2.9984825202998152e-6,0.0,0.0,1.313767722349692e-7,-2.653239505321481e-8,2.8691883777723755e-12,3.3026982216899827e-10,0.031549963817074485
4,0.08726646259971647,6,7,66,8.716260697867174,0.010560897148929643,8.716267095823335,0.7606377965268064,2.9192731881163064e-6,0.0,2.9192731881163064e-6,1.1866109948110375e-7,-5.4284636756681864e-8,0.0,0.0,2.8691883777723755e-12,3.3026982216899827e-10,0.031549963817074485
4,0.08726646259971647,6,5,67,8.716260697867702,0.010560897149142084,8.716267095823863,0.7606377965268525,0.0,2.9192731873898295e-6,2.9192731873898295e-6,0.0,0.0,1.1866109949573222e-7,-5.4284636711675616e-8,2.8691883777723755e-12,3.3026982216899827e-10,0.031549963817074485
4,0.08726646259971647,6,7,68,11.600361281449818,-0.0016765185783055234,11.600361402597533,1.0123225044829722,2.3508875048958028e-6,0.0,2.3508875048958028e-6,1.0211025804950737e-7,2.4815174419443036e-8,0.0,0.0,2.8691883777723755e-12,3.3026982216899827e-10,0.031549963817074485
4,0.08726646259971647,6,5,69,11.600361281450414,-0.0016765185782532908,11.60036140259813,1.0123225044830242,0.0,2.3508875029874045e-6,2.3508875029874045e-6,0.0,0.0,1.0211025795518115e-7,2.4815174397677783e-8,2.8691883777723755e-12,3.3026982216899827e-10,0.031549963817074485
4,0.08726646259971647,6,5,70,11.603935392438276,0.0016079834791931195,11.603935503849222,1.0126344036561803,0.0,1.8871236393966886e-6,1.8871236393966886e-6,0.0,0.0,6.83660754857582e-8,-4.9410858709396875e-8,2.8691883777723755e-12,3.3026982216899827e-10,0.031549963817074485
4,0.08726646259971647,6,7,71,11.603935392437469,0.0016079834800659491,11.603935503848415,1.01263440365611,1.8871236391564516e-6,0.0,1.8871236391564516e-6,6.836607553532887e-8,-4.941085873360444e-8,0.0,0.0,2.8691883777723755e-12,3.3026982216899827e-10,0.031549963817074485
4,0.08726646259971647,6,7,72,8.698326354023168,-0.002243757479154354,8.698326643414905,0.7590721967076841,1.4638820094392225e-6,0.0,1.4638820094392225e-6,4.9810262855853834e-8,4.243295367006694e-8,0.0,0.0,2.8691883777723755e-12,3.3026982216899827e-10,0.031549963817074485
4,0.08726646259971647,6,5,73,8.698326354022347,-0.002243757478498993,8.698326643414084,0.7590721967076125,0.0,1.4638820070114563e-6,1.4638820070114563e-6,0.0,0.0,4.9810262862818774e-8,4.2432953657798145e-8,2.8691883777723755e-12,3.3026982216899827e-10,0.031549963817074485
4,0.08726646259971647,6,5,74,11.624511839194103,-0.017312886540476698,11.62452473160104,1.0144311527297414,0.0,1.2436686324317333e-6,1.2436686324317333e-6,0.0,0.0,3.8041199251502025e-8,-4.053639104484092e-8,2.8691883777723755e-12,3.3026982216899827e-10,0.031549963817074485
4,0.08726646259971647,6,7,75,11.624511839193238,-0.017312886547815466,11.624524731600186,1.0144311527296668,1.2436686218043832e-6,0.0,1.2436686218043832e-6,3.804119910609977e-8,-4.0536390366873844e-8,0.0,0.0,2.8691883777723755e-12,3.3026982216899827e-10,0.031549963817074485
4,0.08726646259971647,6,7,76,5.139784313098172,0.0024520002353319685,5.139784897977268,0.4485308465699208,5.588176710641139e-7,0.0,5.588176710641139e-7,1.4045912479747858e-8,2.0655327551609326e-8,0.0,0.0,2.8691883777723755e-12,3.3026982216899827e-10,0.031549963817074485
4,0.08726646259971647,6,5,77,5.1397843130981595,0.0024520002354145413,5.139784897977256,0.44853084656991976,0.0,5.588176696080814e-7,5.588176696080814e-7,0.0,0.0,1.4045912474264114e-8,2.065532753978014e-8,2.8691883777723755e-12,3.3026982216899827e-10,0.031549963817074485
4,0.08726646259971647,6,5,78,8.689776755579127,-0.006122504868778831,8.689778912427471,0.7583262664611568,0.0,4.975417790853745e-7,4.975417790853745e-7,0.0,0.0,1.7908042087136368e-8,1.3187224214224952e-8,2.8691883777723755e-12,3.3026982216899827e-10,0.031549963817074485
4,0.08726646259971647,6,7,79,8.68977675557731,-0.006122504869587368,8.689778912425654,0.7583262664609982,4.975417784184917e-7,0.0,4.975417784184917e-7,1.7908042080207797e-8,1.3187224206608822e-8,0.0,0.0,2.8691883777723755e-12,3.3026982216899827e-10,0.031549963817074485
5,0.05038331567317271,7,8,0,0.37426536794699317,0.05219389823065547,0.3778872433107662,0.019039212268591354,17.79982291403813,0.0,17.79982291403813,0.7956319160174692,-0.001993548578948179,0.0,0.0,2.1882882874423187e-12,1.817821858690919e-9,0.026261837765032978
5,0.05038331567317271,7,6,1,0.37426536794744614,0.052193898231537514,0.37788724331133666,0.019039212268620098,0.0,17.799822914037783,17.799822914037783,0.0,0.0,0.7956319160174408,-0.001993548579202198,2.1882882874423187e-12,1.817821858690919e-9,0.026261837765032978
5,0.05038331567317271,7,8,2,2.1330680259468426,0.008124892356028202,2.133083499817238,0.10747181932852794,1.1255001113889254,0.0,1.1255001113889254,0.04940289159402311,0.00950386159991956,0.0,0.0,2.1882882874423187e-12,1.817821858690919e-9,0.026261837765032978
5,0.05038331567317271,7,6,3,2.1330680259466104,0.008124892356265179,2.133083499817007,0.10747181932851631,0.0,1.1255001113805503,1.1255001113805503,0.0,0.0,0.049402891594059806,0.009503861599985564,2.1882882874423187e-12,1.817821858690919e-9,0.026261837765032978
5,0.05038331567317271,7,8,4,6.763049014535397,0.006320077548765381,6.76305196759484,0.3407449821974026,0.8415679743794653,0.0,0.8415679743794653,0.03747906176846555,0.0032214362258421447,0.0,0.0,2.1882882874423187e-12,1.817821858690919e-9,0.026261837765032978
5,0.05038331567317271,7,6,5,6.763049014536358,0.0063200775469162696,6.763051967595799,0.340744982197451,0.0,0.841567974143465,0.841567974143465,0.0,0.0,0.03747906176850091,0.0032214362259977425,2.1882882874423187e-12,1.817821858690919e-9,0.026261837765032978
5,0.05038331567317271,7,8,6,6.7342668036852995,-0.0019789028426256336,6.734267094441257,0.3392947048466934,0.6769763662318401,0.0,0.6769763662318401,0.030256255527866677,-0.0004868066038427321,0.0,0.0,2.1882882874423187e-12,1.817821858690919e-9,0.026261837765032978
5,0.05038331567317271,7,6,7,6.734266803690204,-0.00197890284644979,6.734267094446162,0.3392947048469406,0.0,0.6769763659674668,0.6769763659674668,0.0,0.0,0.0302562555278085,-0.00048680660383365604,2.1882882874423187e-12,1.817821858690919e-9,0.026261837765032978
5,0.05038331567317271,7,6,8,12.952642485880336,0.0024114076123814693,12.95264271034753,0.6525970864772589,0.0,0.5966220343932848,0.5966220343932848,0.0,0.0,0.02663751676505202,0.001283328972230241,2.1882882874423187e-12,1.817821858690919e-9,0.026261837765032978
5,0.05038331567317271,7,8,9,12.952642485877963,0.0024114076081303074,12.952642710345156,0.6525970864771393,0.5966220338459394,0.0,0.5966220338459394,0.026637516764980523,0.001283328972129183,0.0,0.0,2.1882882874423187e-12,1.817821858690919e-9,0.026261837765032978
5,0.05038331567317271,7,8,10,2.1021560442556124,-0.0017149671316035661,2.1021567438021047,0.1059136268174703,0.591332151963234,0.0,0.591332151963234,0.02640739453659066,-0.0011393116818894378,0.0,0.0,2.1882882874423187e-12,1.817821858690919e-9,0.026261837765032978
5,0.05038331567317271,7,6,11,2.1021560442555423,-0.0017149671316186652,2.1021567438020345,0.10591362681746676,0.0,0.591332151945499,0.591332151945499,0.0,0.0,0.02640739453661517,-0.0011393116818810278,2.1882882874423187e-12,1.817821858690919e-9,0.026261837765032978
5,0.05038331567317271,7,6,12,12.930687952117946,-0.002652140120057961,12.930688224100658,0.6514909466662405,0.0,0.5214564675403871,0.5214564675403871,0.0,0.0,0.023307543119503116,-0.00022053256129628274,2.1882882874423187e-12,1.817821858690919e-9,0.026261837765032978
5,0.05038331567317271,7,8,13,12.93068795210213,-0.0026521401231199074,12.930688224084841,0.6514909466654436,0.5214564669978959,0.0,0.5214564669978959,0.023307543119565288,-0.00022053256126178256,0.0,0.0,2.1882882874423187e-12,1.817821858690919e-9,0.026261837765032978
5,0.05038331567317271,7,6,14,2.241402278135074,0.0971482774530209,2.24350662139455,0.11303530232057478,0.0,0.23736926595696656,0.23736926595696656,0.0,0.0,0.008296131230860402,-0.00661437264624877,2.1882882874423187e-12,1.817821858690919e-9,0.026261837765032978
5,0.05038331567317271,7,8,15,2.2414022781352005,0.09714827745312284,2.243506621394681,0.11303530232058139,0.23736926595588914,0.0,0.23736926595588914,0.008296131230864756,-0.006614372646258818,0.0,0.0,2.1882882874423187e-12,1.817821858690919e-9,0.026261837765032978
5,0.05038331567317271,7,6,16,6.8716819766189445,0.09865681848065942,6.87239014867625,0.34625380228995783,0.0,0.06904391432944362,0.06904391432944362,0.0,0.0,0.0017618717447686841,-0.002533851613198433,2.1882882874423187e-12,1.817821858690919e-9,0.026261837765032978
5,0.05038331567317271,7,8,17,6.871681976621327,0.09865681847839089,6.872390148678599,0.3462538022900762,0.06904391432670318,0.0,0.06904391432670318,0.00176187174481004,-0.0025338516130790217,0.0,0.0,2.1882882874423187e-12,1.817821858690919e-9,0.026261837765032978
5,0.05038331567317271,7,6,18,13.089157768452868,0.1027049891305288,13.089560703180316,0.6594954689314905,0.0,0.024552268582164874,0.024552268582164874,0.0,0.0,0.00045303771776234944,-0.000999589784129274,2.1882882874423187e-12,1.817821858690919e-9,0.026261837765032978
5,0.05038331567317271,7,8,19,13.089157768453358,0.10270498913496226,13.08956070318084,0.6594954689315168,0.024552268579172008,0.0,0.024552268579172008,0.00045303771789033734,-0.0009995897840736657,0.0,0.0,2.1882882874423187e-12,1.817821858690919e-9,0.026261837765032978
5,0.05038331567317271,7,6,20,4.554083191581801,0.05204847363293393,4.554380612054223,0.22946479607290549,0.0,0.000877754294011983,0.000877754294011983,0.0,0.0,3.920585950321204e-5,1.5052705107060729e-6,2.1882882874423187e-12,1.817821858690919e-9,0.026261837765032978
5,0.05038331567317271,7,8,21,4.554083191582157,0.05204847363325449,4.554380612054582,0.22946479607292355,0.0008777542939976694,0.0,0.0008777542939976694,3.9205859503610484e-5,1.5052705106480138e-6,0.0,0.0,2.1882882874423187e-12,1.817821858690919e-9,0.026261837765032978
5,0.05038331567317271,7,8,22,4.6063125416609605,0.047340659409125505,4.606555803362893,0.23209355520691835,0.00045284503169320335,0.0,0.00045284503169320335,2.004026049965771e-5,-2.848740683446255e-6,0.0,0.0,2.1882882874423187e-12,1.817821858690919e-9,0.026261837765032978
5,0.05038331567317271,7,6,23,4.6063125416607775,0.04734065940925535,4.606555803362712,0.23209355520690922,0.0,0.000452845031648232,0.000452845031648232,0.0,0.0,2.004026049996771e-5,-2.84874068415844e-6,2.1882882874423187e-12,1.817821858690919e-9,0.026261837765032978
5,0.05038331567317271,7,6,24,9.189928431921876,0.05297380447010297,9.19008110996884,0.4630267576256215,0.0,0.0004259042008549989,0.0004259042008549989,0.0,0.0,1.8407351357388837e-5,-4.857533396114506e-6,2.1882882874423187e-12,1.817821858690919e-9,0.026261837765032978
5,0.05038331567317271,7,8,25,9.189928431921313,0.052973804471955065,9.190081109968288,0.4630267576255937,0.0004259042007076654,0.0,0.0004259042007076654,1.840735134690429e-5,-4.857533408082038e-6,0.0,0.0,2.1882882874423187e-12,1.817821858690919e-9,0.026261837765032978
5,0.05038331567317271,7,8,26,9.237730227518579,0.04757626703847936,9.237852740631654,0.4654336507735283,0.0003312530374435253,0.0,0.0003312530374435253,1.4746505575889338e-5,-1.3335676995501929e-6,0.0,0.0,2.1882882874423187e-12,1.817821858690919e-9,0.026261837765032978
5,0.05038331567317271,7,6,27,9.237730227516359,0.04757626704027142,9.237852740629444,0.465433650773417,0.0,0.0003312530372980854,0.0003312530372980854,0.0,0.0,1.4746505575662807e-5,-1.3335677004198314e-6,2.1882882874423187e-12,1.817821858690919e-9,0.026261837765032978
5,0.05038331567317271,7,8,28,9.187918810705892,0.05140806553573887,9.188062628287058,0.4629250598258678,0.0002326595697845284,0.0,0.0002326595697845284,8.800758327010517e-6,5.540704861562283e-6,0.0,0.0,2.1882882874423187e-12,1.817821858690919e-9,0.026261837765032978
5,0.05038331567317271,7,6,29,9.187918810704724,0.05140806553723687,9.1880626282859,0.46292505982580945,0.0,0.0002326595694268692,0.0002326595694268692,0.0,0.0,8.800758314655735e-6,5.5407048509908445e-6,2.1882882874423187e-12,1.817821858690919e-9,0.026261837765032978
5,0.05038331567317271,7,8,30,4.611422317086312,0.052711940180768885,4.611723575319678,0.232353924692744,0.0002202334397689755,0.0,0.0002202334397689755,9.67538517703481e-6,-1.8153546968022253e-6,0.0,0.0,2.1882882874423187e-12,1.817821858690919e-9,0.026261837765032978
5,0.05038331567317271,7,6,31,4.611422317086902,0.05271194018163996,4.611723575320277,0.23235392469277422,0.0,0.0002202334397205814,0.0002202334397205814,0.0,0.0,9.675385177686138e-6,-1.8153546959726887e-6,2.1882882874423187e-12,1.817821858690919e-9,0.026261837765032978
5,0.05038331567317271,7,8,32,9.242630408536266,0.052314569085710055,9.242778461206235,0.46568182490815524,0.0001646181885728479,0.0,0.0001646181885728479,7.262451400298731e-6,-1.1836093803472002e-6,0.0,0.0,2.1882882874423187e-12,1.817821858690919e-9,0.026261837765032978
5,0.05038331567317271,7,6,33,9.242630408536021,0.05231456908745967,9.242778461205999,0.46568182490814336,0.0,0.00016461818848680315,0.00016461818848680315,0.0,0.0,7.262451399533928e-6,-1.183609379199911e-6,2.1882882874423187e-12,1.817821858690919e-9,0.026261837765032978
5,0.05038331567317271,7,8,34,10.976962159147618,-0.00026051029047081953,10.976962162238893,0.5530557497525546,2.4972229065348914e-5,0.0,2.4972229065348914e-5,1.1155938994532862e-6,-3.779225837820652e-8,0.0,0.0,2.1882882874423187e-12,1.817821858690919e-9,0.026261837765032978
5,0.05038331567317271,7,6,35,10.976962159146117,-0.0002605102891438879,10.976962162237392,0.553055749752479,0.0,2.497222905750659e-5,2.497222905750659e-5,0.0,0.0,1.115593899256485e-6,-3.7792258279503463e-8,2.1882882874423187e-12,1.817821858690919e-9,0.026261837765032978
5,0.05038331567317271,7,6,36,11.006777237669244,0.009247819900088813,11.006781122646471,0.5545581278478154,0.0,2.1875911876061703e-5,2.1875911876061703e-5,0.0,0.0,9.776640410374713e-7,-1.8098357512126025e-8,2.1882882874423187e-12,1.817821858690919e-9,0.026261837765032978
5,0.05038331567317271,7,8,37,11.006777237668526,0.009247819899293942,11.006781122645751,0.5545581278477792,2.1875911873885208e-5,0.0,2.1875911873885208e-5,9.776640409938873e-7,-1.8098357286662795e-8,0.0,0.0,2.1882882874423187e-12,1.817821858690919e-9,0.026261837765032978
5,0.05038331567317271,7,6,38,9.24549130927208,0.052644251239457325,9.245641187446878,0.46582605854802345,0.0,6.638089861896724e-6,6.638089861896724e-6,0.0,0.0,-8.19598026049091e-8,2.851718615019561e-7,2.1882882874423187e-12,1.817821858690919e-9,0.026261837765032978
5,0.05038331567317271,7,8,39,9.245491309271852,0.052644251240056145,9.245641187446655,0.4658260585480122,6.638089851650546e-6,0.0,6.638089851650546e-6,-8.195980339754835e-8,2.8517186220121483e-7,0.0,0.0,2.1882882874423187e-12,1.817821858690919e-9,0.026261837765032978
5,0.05038331567317271,7,8,40,11.003214713230557,0.007966778769438292,11.00321759736748,0.5543785856287747,5.50989423050334e-6,0.0,5.50989423050334e-6,2.1219586760955053e-7,1.2502040902138747e-7,0.0,0.0,2.1882882874423187e-12,1.817821858690919e-9,0.026261837765032978
5,0.05038331567317271,7,6,41,11.003214713232754,0.00796677876850977,11.003217597369677,0.5543785856288854,0.0,5.509894230062775e-6,5.509894230062775e-6,0.0,0.0,2.1219586751012368e-7,1.2502040924325165e-7,2.1882882874423187e-12,1.817821858690919e-9,0.026261837765032978
5,0.05038331567317271,7,6,42,6.343275891979407,0.00022899738221752314,6.343275896112902,0.3195952718758839,0.0,3.4432915785705e-6,3.4432915785705e-6,0.0,0.0,1.5377787888181585e-7,-6.417168103435929e-9,2.1882882874423187e-12,1.817821858690919e-9,0.026261837765032978
5,0.05038331567317271,7,8,43,6.343275891979873,0.00022899738195038266,6.343275896113369,0.31959527187590736,3.4432915758169046e-6,0.0,3.4432915758169046e-6,1.5377787893095604e-7,-6.417168277109235e-9,0.0,0.0,2.1882882874423187e-12,1.817821858690919e-9,0.026261837765032978
5,0.05038331567317271,7,6,44,6.372838902653433,0.009461747051494579,6.372845926572388,0.3210851080549894,0.0,3.2799963967722048e-6,3.2799963967722048e-6,0.0,0.0,1.465413121212167e-7,4.570907719262211e-9,2.1882882874423187e-12,1.817821858690919e-9,0.026261837765032978
5,0.05038331567317271,7,8,45,6.372838902653334,0.009461747051256159,6.372845926572289,0.32108510805498447,3.279996390891599e-6,0.0,3.279996390891599e-6,1.4654131205672784e-7,4.57090768686553e-9,0.0,0.0,2.1882882874423187e-12,1.817821858690919e-9,0.026261837765032978
5,0.05038331567317271,7,6,46,11.113140154683633,0.09631981526571447,11.11355755842631,0.5599378787181674,0.0,1.3136240535945554e-6,1.3136240535945554e-6,0.0,0.0,1.005578308795344e-8,-5.785022449301232e-8,2.1882882874423187e-12,1.817821858690919e-9,0.026261837765032978
5,0.05038331567317271,7,8,47,11.113140154682245,0.09631981526683983,11.113557558424933,0.559937878718098,1.313624051693327e-6,0.0,1.313624051693327e-6,1.0055783069224378e-8,-5.785022443850808e-8,0.0,0.0,2.1882882874423187e-12,1.817821858690919e-9,0.026261837765032978
5,0.05038331567317271,7,6,48,9.185278324507909,0.04937836748424922,9.185411048061498,0.46279146442233066,0.0,6.53815025074428e-7,6.53815025074428e-7,0.0,0.0,2.139945501750145e-8,-1.990369576038833e-8,2.1882882874423187e-12,1.817821858690919e-9,0.026261837765032978
5,0.05038331567317271,7,8,49,9.185278324507152,0.0493783674856822,9.185411048060748,0.46279146442229285,6.538150111441406e-7,0.0,6.538150111441406e-7,2.1399454980691396e-8,-1.990369578849341e-8,0.0,0.0,2.1882882874423187e-12,1.817821858690919e-9,0.026261837765032978
5,0.05038331567317271,7,8,50,10.974631291029922,-0.00030311361643756835,10.974631295215843,0.5529383129435401,2.1571049214183816e-7,0.0,2.1571049214183816e-7,-8.119178908625466e-9,5.200765557535975e-9,0.0,0.0,2.1882882874423187e-12,1.817821858690919e-9,0.026261837765032978
5,0.05038331567317271,7,6,51,10.97463129102897,-0.0003031136156949124,10.974631295214891,0.5529383129434922,0.0,2.1571048993098473e-7,2.1571048993098473e-7,0.0,0.0,-8.1191788025856e-9,5.2007655464607144e-9,2.1882882874423187e-12,1.817821858690919e-9,0.026261837765032978
5,0.05038331567317271,7,8,52,6.477877293608016,0.09629718290207226,6.478593009170832,0.32641299669906393,1.3906721389904806e-7,0.0,1.3906721389904806e-7,-6.164477470551113e-9,-7.999639926145566e-10,0.0,0.0,2.1882882874423187e-12,1.817821858690919e-9,0.026261837765032978
5,0.05038331567317271,7,6,53,6.4778772936082785,0.09629718290201378,6.478593009171094,0.32641299669907714,0.0,1.390672133353806e-7,1.390672133353806e-7,0.0,0.0,-6.164477466624122e-9,-7.999639600347379e-10,2.1882882874423187e-12,1.817821858690919e-9,0.026261837765032978
5,0.05038331567317271,7,6,54,10.959971528405365,0.0059148744244184245,10.959973124474152,0.5521997856998702,0.0,7.298714575917087e-8,7.298714575917087e-8,0.0,0.0,-1.5008417329151714e-9,2.8967349553155454e-9,2.1882882874423187e-12,1.817821858690919e-9,0.026261837765032978
5,0.05038331567317271,7,8,55,10.959971528406221,0.005914874424582647,10.959973124475008,0.5521997856999133,7.298714552038058e-8,0.0,7.298714552038058e-8,-1.5008417362826816e-9,2.89673494632394e-9,0.0,0.0,2.1882882874423187e-12,1.817821858690919e-9,0.026261837765032978
5,0.05038331567317271,7,6,56,10.986318510131124,0.018174469347181213,10.986333542969911,0.553527910986219,0.0,7.19572370486823e-8,7.19572370486823e-8,0.0,0.0,-1.684358801800963e-9,2.7401230118281794e-9,2.1882882874423187e-12,1.817821858690919e-9,0.026261837765032978
5,0.05038331567317271,7,8,57,10.986318510132252,0.01817446934686654,10.986333542971039,0.5535279109862759,7.195723703024715e-8,0.0,7.195723703024715e-8,-1.6843588043736288e-9,2.740123005109653e-9,0.0,0.0,2.1882882874423187e-12,1.817821858690919e-9,0.026261837765032978
5,0.05038331567317271,7,6,58,11.109197247147472,0.09760683679362482,11.109626031987657,0.5597397953805313,0.0,3.658024035756161e-8,3.658024035756161e-8,0.0,0.0,-9.162265288868716e-10,1.35428296392098e-9,2.1882882874423187e-12,1.817821858690919e-9,0.026261837765032978
5,0.05038331567317271,7,8,59,11.109197247144792,0.09760683679283327,11.10962603198497,0.5597397953803959,3.658024021827357e-8,0.0,3.658024021827357e-8,-9.162265316711773e-10,1.3542829566944655e-9,0.0,0.0,2.1882882874423187e-12,1.817821858690919e-9,0.026261837765032978
5,0.05038331567317271,7,8,60,11.138815147757043,0.09005027931193565,11.139179141602218,0.5612287790313656,8.161787893974797e-9,0.0,8.161787893974797e-9,-1.0858313920895889e-10,-3.4829027336930765e-10,0.0,0.0,2.1882882874423187e-12,1.817821858690919e-9,0.026261837765032978
5,0.05038331567317271,7,6,61,11.138815147756883,0.09005027931209386,11.139179141602058,0.5612287790313575,0.0,8.161787850447716e-9,8.161787850447716e-9,0.0,0.0,-1.0858313949517992e-10,-3.482902741711695e-10,2.1882882874423187e-12,1.817821858690919e-9,0.026261837765032978
5,0.05038331567317271,7,6,62,11.122028389990787,0.08731524729758447,11.122371125806389,0.5603819354656846,0.0,4.3649265849828035e-9,4.3649265849828035e-9,0.0,0.0,-1.871914553271301e-10,-5.501315032694352e-11,2.1882882874423187e-12,1.817821858690919e-9,0.026261837765032978
5,0.05038331567317271,7,8,63,11.12202838999052,0.08731524729755524,11.122371125806122,0.5603819354656712,4.364926496812607e-9,0.0,4.364926496812607e-9,-1.8719145330271102e-10,-5.5013151037760086e-11,0.0,0.0,2.1882882874423187e-12,1.817821858690919e-9,0.026261837765032978
5,0.05038331567317271,7,6,64,8.85175545966949,0.05272185041265334,8.851912466314811,0.44598870010163194,0.0,4.500172374495832e-11,4.500172374495832e-11,0.0,0.0,9.314524895200242e-13,1.7828792821352339e-12,2.1882882874423187e-12,1.817821858690919e-9,0.026261837765032978
5,0.05038331567317271,7,8,65,8.851755459668988,0.052721850411765504,8.851912466314303,0.44598870010160635,4.5001722472079406e-11,0.0,4.5001722472079406e-11,9.314524524423705e-13,1.7828793790419444e-12,0.0,0.0,2.1882882874423187e-12,1.817821858690919e-9,0.026261837765032978
5,0.05038331567317271,7,8,66,13.069497589052652,0.1085088991349074,13.069948026348252,0.6585073172434646,2.2488882159790623e-20,0.0,2.2488882159790623e-20,4.958768591913266e-22,7.216050292822224e-22,0.0,0.0,2.1882882874423187e-12,1.817821858690919e-9,0.026261837765032978
5,0.05038331567317271,7,6,67,13.069497589066643,0.1085088991268565,13.069948026362175,0.6585073172441661,0.0,2.1756162566998206e-20,2.1756162566998206e-20,0.0,0.0,-1.8011545260059733e-22,9.22585530759263e-22,2.1882882874423187e-12,1.817821858690919e-9,0.026261837765032978
5,0.05038331567317271,7,6,68,9.191215164756002,0.05514487970837359,9.191380590672914,0.46309222977214604,0.0,3.079847576895264e-21,3.079847576895264e-21,0.0,0.0,-6.32594671520032e-23,1.2237634233482937e-22,2.1882882874423187e-12,1.817821858690919e-9,0.026261837765032978
5,0.05038331567317271,7,8,69,9.191215164756663,0.055144879709695706,9.191380590673582,0.46309222977217973,2.6784418611494543e-21,0.0,2.6784418611494543e-21,1.1796307635719139e-23,1.1885515430226293e-22,0.0,0.0,2.1882882874423187e-12,1.817821858690919e-9,0.026261837765032978
5,0.05038331567317271,7,6,70,6.843723302652348,0.10694150815365619,6.844558797280723,0.344851566526986,0.0,9.377229576560068e-22,9.377229576560068e-22,0.0,0.0,2.1467164979445423e-23,2.838881963837328e-23,2.1882882874423187e-12,1.817821858690919e-9,0.026261837765032978
5,0.05038331567317271,7,8,71,6.843723302651721,0.10694150815262107,6.84455879728008,0.34485156652695365,9.162987315276273e-22,0.0,9.162987315276273e-22,-5.659483749184343e-23,-2.296436723012337e-23,0.0,0.0,2.1882882874423187e-12,1.817821858690919e-9,0.026261837765032978
5,0.05038331567317271,7,6,72,2.210717094697554,0.10677457432775109,2.2132941247179208,0.11151309656324149,0.0,1.6558817620396066e-22,1.6558817620396066e-22,0.0,0.0,-3.229742287888918e-24,-7.21345194999312e-24,2.1882882874423187e-12,1.817821858690919e-9,0.026261837765032978
5,0.05038331567317271,7,8,73,9.247655826042507,0.057213844997821325,9.24783281104267,0.465936479811487,8.828168998362929e-23,0.0,8.828168998362929e-23,1.6156859502057202e-24,-4.2191095142933906e-24,0.0,0.0,2.1882882874423187e-12,1.817821858690919e-9,0.026261837765032978
5,0.05038331567317271,7,8,74,2.2107170946975216,0.10677457432774459,2.213294124717888,0.11151309656323984,6.817452218614769e-23,0.0,6.817452218614769e-23,-5.068191526809025e-25,-3.386179258848956e-24,0.0,0.0,2.1882882874423187e-12,1.817821858690919e-9,0.026261837765032978
5,0.05038331567317271,7,6,75,4.616529119538503,0.057568843065327335,4.61688805184172,0.23261412814364074,0.0,6.432280674061231e-23,6.432280674061231e-23,0.0,0.0,-2.4096246273250316e-24,5.270378783821391e-25,2.1882882874423187e-12,1.817821858690919e-9,0.026261837765032978
5,0.05038331567317271,7,6,76,9.247655826042955,0.057213844998887965,9.247832811043123,0.4659364798115098,0.0,6.242280455967242e-23,6.242280455967242e-23,0.0,0.0,4.822129900751587e-25,6.883782352029667e-25,2.1882882874423187e-12,1.817821858690919e-9,0.026261837765032978
5,0.05038331567317271,7,8,77,4.616529119537521,0.05756884306352632,4.616888051840715,0.23261412814359012,2.194948704221046e-23,0.0,2.194948704221046e-23,-6.371286448639047e-25,4.848658098404647e-25,0.0,0.0,2.1882882874423187e-12,1.817821858690919e-9,0.026261837765032978
5,0.05038331567317271,7,8,78,10.978221789649194,-2.2799116403161845e-5,10.978221789672867,0.5531192139591912,9.085016694068505e-24,0.0,9.085016694068505e-24,-6.31405619082945e-27,-3.4895278205358234e-25,0.0,0.0,2.1882882874423187e-12,1.817821858690919e-9,0.026261837765032978
5,0.05038331567317271,7,6,79,10.9782217896493,-2.279911654515937e-5,10.978221789672974,0.5531192139591965,0.0,8.987148860796383e-24,8.987148860796383e-24,0.0,0.0,-2.8803901779804185e-26,-3.4625258305308253e-25,2.1882882874423187e-12,1.817821858690919e-9,0.026261837765032978
6,0.029088820866572156,8,9,0,0.33627463742657127,0.10498986633542298,0.3522832721113819,0.010247504996737882,7.924762857157774,0.0,7.924762857157774,0.35038076992761447,0.05207229095365884,0.0,0.0,4.411690362471738e-12,8.989331237423411e-8,0.027140288063710362
6,0.029088820866572156,8,7,1,0.3362746379177201,0.10498986675837621,0.35228327270626314,0.010247505014042277,0.0,7.924762603462033,7.924762603462033,0.0,0.0,0.3503807586524368,0.0520722896749235,4.411690362471738e-12,8.989331237423411e-8,0.027140288063710362
6,0.029088820866572156,8,9,2,1.112686509245754,0.047668637300492554,1.113707127946835,0.032396427142670034,4.798521670202332,0.0,4.798521670202332,0.20568953197015105,0.060806365054322686,0.0,0.0,4.411690362471738e-12,8.989331237423411e-8,0.027140288063710362
6,0.029088820866572156,8,7,3,1.1126865093020604,0.04766863697499279,1.1137071279891575,0.03239642714390115,0.0,4.798521618742932,4.798521618742932,0.0,0.0,0.20568952809043006,0.06080637006990308,4.411690362471738e-12,8.989331237423411e-8,0.027140288063710362
6,0.029088820866572156,8,7,4,0.18114785103223696,-0.04919655037651012,0.1877094683348339,0.005460247099351482,0.0,4.774300530187269,4.774300530187269,0.0,0.0,0.2026119406638036,-0.06701293304320322,4.411690362471738e-12,8.989331237423411e-8,0.027140288063710362
6,0.029088820866572156,8,9,5,0.18114785103215314,-0.0491965503766653,0.18770946833479368,0.0054602470993503115,4.774300530177404,0.0,4.774300530177404,0.20261194066346544,-0.06701293304365796,0.0,0.0,4.411690362471738e-12,8.989331237423411e-8,0.027140288063710362
6,0.029088820866572156,8,9,6,1.0840952705931823,0.018260739445990916,1.0842490536438663,0.03153952649619681,1.5913903277451436,0.0,1.5913903277451436,0.053253741026240586,-0.04715955404161365,0.0,0.0,4.411690362471738e-12,8.989331237423411e-8,0.027140288063710362
6,0.029088820866572156,8,7,7,1.0840952705936235,0.01826073944731093,1.0842490536443297,0.031539526496210286,0.0,1.5913903277129102,1.5913903277129102,0.0,0.0,0.05325374102625424,-0.047159554041595886,4.411690362471738e-12,8.989331237423411e-8,0.027140288063710362
6,0.029088820866572156,8,9,8,3.876919156628948,0.011193358756614626,3.876935315209266,0.11277547689540979,0.8123720276941628,0.0,0.8123720276941628,0.035942592716565136,0.005167937682987789,0.0,0.0,4.411690362471738e-12,8.989331237423411e-8,0.027140288063710362
6,0.029088820866572156,8,7,9,3.876919404075756,0.011193135239313402,3.876935562009717,0.11277548407454391,0.0,0.8123705224658258,0.8123705224658258,0.0,0.0,0.03594251583797481,0.0051679996101471615,4.411690362471738e-12,8.989331237423411e-8,0.027140288063710362
6,0.029088820866572156,8,9,10,11.704095773328692,0.010987082815994191,11.704100930325206,0.3404584953665104,0.7939725101510695,0.0,0.7939725101510695,0.03544455843330463,0.0017910817071044027,0.0,0.0,4.411690362471738e-12,8.989331237423411e-8,0.027140288063710362
6,0.029088820866572156,8,7,11,11.704151237258202,0.01092471565349707,11.704156335850303,0.340460107047905,0.0,0.7939195871780323,0.7939195871780323,0.0,0.0,0.03544203783587169,0.0017940866786338994,4.411690362471738e-12,8.989331237423411e-8,0.027140288063710362
6,0.029088820866572156,8,9,12,11.67985315239969,-0.009455947491736623,11.679856980141665,0.3397532674425233,0.7134445629421277,0.0,0.7134445629421277,0.03186423805036029,-0.0012881193225839915,0.0,0.0,4.411690362471738e-12,8.989331237423411e-8,0.027140288063710362
6,0.029088820866572156,8,7,13,11.679853152407112,-0.009455947491752673,11.679856980149086,0.3397532674427392,0.0,0.7134445626752011,0.7134445626752011,0.0,0.0,0.03186423805038224,-0.0012881193227111676,4.411690362471738e-12,8.989331237423411e-8,0.027140288063710362
6,0.029088820866572156,8,7,14,3.854096333492253,-0.008279767956077051,3.854105227208494,0.11211137655518726,0.0,0.5934588388121602,0.5934588388121602,0.0,0.0,0.026328241343477055,-0.0032413805811522534,4.411690362471738e-12,8.989331237423411e-8,0.027140288063710362
6,0.029088820866572156,8,9,15,3.8540963334919858,-0.008279767955826176,3.8541052272082257,0.11211137655517946,0.5934588388107109,0.0,0.5934588388107109,0.026328241343476194,-0.0032413805811515317,0.0,0.0,4.411690362471738e-12,8.989331237423411e-8,0.027140288063710362
6,0.029088820866572156,8,9,16,4.374858444454134,0.11346948601287343,4.376329710301507,0.12730227099601815,0.06324307886975628,0.0,0.06324307886975628,0.0028262918174792977,5.877274355873749e-5,0.0,0.0,4.411690362471738e-12,8.989331237423411e-8,0.027140288063710362
6,0.029088820866572156,8,7,17,4.3748587790002205,0.1134694379504178,4.37633004348896,0.1273022806880483,0.0,0.0632426012503921,0.0632426012503921,0.0,0.0,0.0028262704091337396,5.877536945936637e-5,4.411690362471738e-12,8.989331237423411e-8,0.027140288063710362
6,0.029088820866572156,8,9,18,4.2725289170603284,0.04897310714926168,4.272809580631994,0.12429099248797736,0.023572437351825445,0.0,0.023572437351825445,0.0006630756806197801,-0.0008188648373932354,0.0,0.0,4.411690362471738e-12,8.989331237423411e-8,0.027140288063710362
6,0.029088820866572156,8,7,19,4.272528917060146,0.04897310714880398,4.272809580631806,0.1242909924879719,0.0,0.023572437351309032,0.023572437351309032,0.0,0.0,0.0006630756806213188,-0.0008188648373881856,4.411690362471738e-12,8.989331237423411e-8,0.027140288063710362
6,0.029088820866572156,8,7,20,12.207624695709391,0.11303331569642153,12.208147985740963,0.35512062986982257,0.0,0.020648240721038606,0.020648240721038606,0.0,0.0,0.0009223828648811487,-3.251727672058495e-5,4.411690362471738e-12,8.989331237423411e-8,0.027140288063710362
6,0.029088820866572156,8,9,21,12.20750764339488,0.1130281681106497,12.208030890783775,0.3551172237155885,0.02062696822943501,0.0,0.02062696822943501,0.0009214734253650226,-3.130416876662764e-5,0.0,0.0,4.411690362471738e-12,8.989331237423411e-8,0.027140288063710362
6,0.029088820866572156,8,9,22,4.1882013269816145,-0.04892633291157469,4.188487094570393,0.12183815079590742,0.018892639686364128,0.0,0.018892639686364128,0.0008425243664849525,-5.747123452050015e-5,0.0,0.0,4.411690362471738e-12,8.989331237423411e-8,0.027140288063710362
6,0.029088820866572156,8,7,23,4.188201326980864,-0.048926332910732756,4.188487094569632,0.12183815079588531,0.0,0.01889263968600954,0.01889263968600954,0.0,0.0,0.0008425243664737314,-5.7471234530625734e-5,4.411690362471738e-12,8.989331237423411e-8,0.027140288063710362
6,0.029088820866572156,8,9,24,4.789995229083257,0.03181360978375087,4.790100875807088,0.1393383863091628,0.012975849186441865,0.0,0.012975849186441865,0.0005794460743061324,-2.551542374848101e-5,0.0,0.0,4.411690362471738e-12,8.989331237423411e-8,0.027140288063710362
6,0.029088820866572156,8,7,25,4.789995271123632,0.03181359216840037,4.790100917729544,0.1393383875286376,0.0,0.01297579344514889,0.01297579344514889,0.0,0.0,0.0005794436514545819,-2.5513810727940088e-5,4.411690362471738e-12,8.989331237423411e-8,0.027140288063710362
6,0.029088820866572156,8,7,26,4.254426688680878,0.05839554881617346,4.254827433572563,0.12376791303336923,0.0,0.010584550348226592,0.010584550348226592,0.0,0.0,0.0004518941213012221,0.00014011848476077563,4.411690362471738e-12,8.989331237423411e-8,0.027140288063710362
6,0.029088820866572156,8,9,27,4.254426321880402,0.05839519890233955,4.254827062004242,0.1237679022248849,0.010584289743128403,0.0,0.010584289743128403,0.0004518825752691724,0.00014011638889854447,0.0,0.0,4.411690362471738e-12,8.989331237423411e-8,0.027140288063710362
6,0.029088820866572156,8,9,28,4.787192372037986,0.02897601694242135,4.78728006455195,0.13925633223586367,0.010554531636861621,0.0,0.010554531636861621,0.00045814504615684535,-0.0001125910135347033,0.0,0.0,4.411690362471738e-12,8.989331237423411e-8,0.027140288063710362
6,0.029088820866572156,8,7,29,4.7871923720382075,0.02897601694297581,4.787280064552175,0.1392563322358702,0.0,0.0105545316343434,0.0105545316343434,0.0,0.0,0.00045814504615587694,-0.00011259101353622986,4.411690362471738e-12,8.989331237423411e-8,0.027140288063710362
6,0.029088820866572156,8,9,30,12.102560080502261,0.04746797662484659,12.102653168250827,0.35205191002150027,0.008981817462442004,0.0,0.008981817462442004,0.00024729193013295673,-0.0003162776404240066,0.0,0.0,4.411690362471738e-12,8.989331237423411e-8,0.027140288063710362
6,0.029088820866572156,8,7,31,12.102560080504741,0.047467976622780954,12.102653168253298,0.35205191002157216,0.0,0.00898181745796666,0.00898181745796666,0.0,0.0,0.00024729193006162165,-0.00031627764034687644,4.411690362471738e-12,8.989331237423411e-8,0.027140288063710362
6,0.029088820866572156,8,7,32,12.016040537897855,-0.04778396974173694,12.016135548343687,0.3495352144742193,0.0,0.00658105268498545,0.00658105268498545,0.0,0.0,0.0002939168019796506,1.2118415718285515e-5,4.411690362471738e-12,8.989331237423411e-8,0.027140288063710362
6,0.029088820866572156,8,9,33,12.016040537891083,-0.04778396974372169,12.016135548336923,0.3495352144740225,0.006581052684652192,0.0,0.006581052684652192,0.00029391680196251633,1.2118415705324962e-5,0.0,0.0,4.411690362471738e-12,8.989331237423411e-8,0.027140288063710362
6,0.029088820866572156,8,7,34,12.617868187674812,0.033409373265329244,12.617912417977786,0.36704019403665217,0.0,0.0037567799952513033,0.0037567799952513033,0.0,0.0,0.00016706048188592083,-1.7011114899887067e-5,4.411690362471738e-12,8.989331237423411e-8,0.027140288063710362
6,0.029088820866572156,8,9,35,12.617866192566758,0.03340965978262458,12.617910423635362,0.3670401360235826,0.003755173073153183,0.0,0.003755173073153183,0.00016699167112029845,-1.697781680444488e-5,0.0,0.0,4.411690362471738e-12,8.989331237423411e-8,0.027140288063710362
6,0.029088820866572156,8,9,36,12.61170090945351,0.027344018707927305,12.61173055234172,0.3668603708545434,0.0033953183798194494,0.0,0.0033953183798194494,0.0001489758972336426,-2.897436413195481e-5,0.0,0.0,4.411690362471738e-12,8.989331237423411e-8,0.027140288063710362
6,0.029088820866572156,8,7,37,12.611700909452622,0.027344018709632344,12.611730552340836,0.36686037085451767,0.0,0.003395318378259146,0.003395318378259146,0.0,0.0,0.00014897589722816002,-2.8974364133105366e-5,4.411690362471738e-12,8.989331237423411e-8,0.027140288063710362
6,0.029088820866572156,8,9,38,12.080765424643012,0.05953985413357001,12.080912144349048,0.35141948927176553,0.002952668658888857,0.0,0.002952668658888857,0.00012832352803889002,3.0856943293251565e-5,0.0,0.0,4.411690362471738e-12,8.989331237423411e-8,0.027140288063710362
6,0.029088820866572156,8,7,39,12.0808741384513,0.059624108050549664,12.081021272366101,0.3514226636771051,0.0,0.0029420273265615563,0.0029420273265615563,0.0,0.0,0.0001277960194488257,3.1014944512219845e-5,4.411690362471738e-12,8.989331237423411e-8,0.027140288063710362
6,0.029088820866572156,8,7,40,8.055307425431678,0.10005185671519384,8.055928754168999,0.2343374684438898,0.0,0.0004070818235721015,0.0004070818235721015,0.0,0.0,1.803880121420187e-5,2.387812534459491e-6,4.411690362471738e-12,8.989331237423411e-8,0.027140288063710362
6,0.029088820866572156,8,9,41,8.055307410931313,0.10005161438738186,8.055928736660128,0.2343374679345774,0.0004069601364653537,0.0,0.0004069601364653537,1.8033900210256634e-5,2.383384637009425e-6,0.0,0.0,4.411690362471738e-12,8.989331237423411e-8,0.027140288063710362
6,0.029088820866572156,8,7,42,8.106847434448838,0.08784304601573728,8.107323339189268,0.23583247632105622,0.0,0.00027061829707459434,0.00027061829707459434,0.0,0.0,1.1874826335912431e-5,-2.3044842971414357e-6,4.411690362471738e-12,8.989331237423411e-8,0.027140288063710362
6,0.029088820866572156,8,9,43,8.106847434448927,0.0878430460155942,8.107323339189355,0.23583247632105875,0.00027061829706506626,0.0,0.00027061829706506626,1.1874826335847772e-5,-2.304484296941563e-6,0.0,0.0,4.411690362471738e-12,8.989331237423411e-8,0.027140288063710362
6,0.029088820866572156,8,9,44,7.909420380857387,-0.04458607159960876,7.909546047587238,0.23007936811416896,0.0002593642008859557,0.0,0.0002593642008859557,1.1380181522602169e-5,-2.212824081028594e-6,0.0,0.0,4.411690362471738e-12,8.989331237423411e-8,0.027140288063710362
6,0.029088820866572156,8,7,45,7.909420380856781,-0.04458607159931317,7.90954604758663,0.2300793681141513,0.0,0.0002593642008715193,0.0002593642008715193,0.0,0.0,1.1380181521625154e-5,-2.212824081044979e-6,4.411690362471738e-12,8.989331237423411e-8,0.027140288063710362
6,0.029088820866572156,8,7,46,11.614202086084017,0.0120683028773804,11.614208356161546,0.33784362637942866,0.0,0.0002257321452756357,0.0002257321452756357,0.0,0.0,1.0085681397087459e-5,-2.9527511746252637e-7,4.411690362471738e-12,8.989331237423411e-8,0.027140288063710362
6,0.029088820866572156,8,9,47,8.07873879658652,0.09161579565832609,8.079258257877783,0.23501609619818065,0.00020396403523186132,0.0,0.00020396403523186132,8.164839819357332e-6,-4.056463407894147e-6,0.0,0.0,4.411690362471738e-12,8.989331237423411e-8,0.027140288063710362
6,0.029088820866572156,8,7,48,8.078798910786627,0.09161142813721743,8.079318318688312,0.23501784329633923,0.0,0.00020325354590276548,0.00020325354590276548,0.0,0.0,8.136493426782006e-6,-4.04214177891642e-6,4.411690362471738e-12,8.989331237423411e-8,0.027140288063710362
6,0.029088820866572156,8,9,49,11.614053025005749,0.01228305345947623,11.614059520298984,0.33783929691968406,0.00019825275773856265,0.0,0.00019825275773856265,8.784949706011833e-6,1.1637918588503504e-6,0.0,0.0,4.411690362471738e-12,8.989331237423411e-8,0.027140288063710362
6,0.029088820866572156,8,9,50,11.592724109857098,-0.006564966173717136,11.592725968728965,0.33721872905961603,0.00017278833397998123,0.0,0.00017278833397998123,7.645499840167173e-6,-1.0946572620044114e-6,0.0,0.0,4.411690362471738e-12,8.989331237423411e-8,0.027140288063710362
6,0.029088820866572156,8,7,51,11.592724109856483,-0.006564966173660335,11.59272596872835,0.33721872905959815,0.0,0.00017278833393711933,0.00017278833393711933,0.0,0.0,7.645499841812118e-6,-1.094657268880259e-6,4.411690362471738e-12,8.989331237423411e-8,0.027140288063710362
6,0.029088820866572156,8,9,52,7.952083537195452,-0.0264913705158413,7.952127663414788,0.23131801710918576,0.00014966856810739068,0.0,0.00014966856810739068,6.239382272406945e-6,2.4138550208784212e-6,0.0,0.0,4.411690362471738e-12,8.989331237423411e-8,0.027140288063710362
6,0.029088820866572156,8,7,53,7.952083752598685,-0.026491614083974546,7.952127879628241,0.23131802339858018,0.0,0.00014964521536829254,0.00014964521536829254,0.0,0.0,6.237700810754373e-6,2.415307470618261e-6,4.411690362471738e-12,8.989331237423411e-8,0.027140288063710362
6,0.029088820866572156,8,7,54,5.222610181040663,0.032614654305720296,5.222712017600154,0.1519225343176645,0.0,0.0001295124943044184,0.0001295124943044184,0.0,0.0,4.164170272590904e-6,4.021583300938896e-6,4.411690362471738e-12,8.989331237423411e-8,0.027140288063710362
6,0.029088820866572156,8,9,55,5.222610181040745,0.03261465430570939,5.2227120176002355,0.1519225343176669,0.00012951249430005038,0.0,0.00012951249430005038,4.164170272746745e-6,4.021583300914383e-6,0.0,0.0,4.411690362471738e-12,8.989331237423411e-8,0.027140288063710362
6,0.029088820866572156,8,9,56,8.779009386038773,0.05049825698901068,8.77915462183665,0.2553752561545453,7.605664987106816e-5,0.0,7.605664987106816e-5,3.183520231319347e-6,1.1928390108836803e-6,0.0,0.0,4.411690362471738e-12,8.989331237423411e-8,0.027140288063710362
6,0.029088820866572156,8,7,57,8.779009959698616,0.05049833722814654,8.779155195948544,0.25537527285478334,0.0,7.601681166619512e-5,7.601681166619512e-5,0.0,0.0,3.181519958164363e-6,1.1931019095170413e-6,4.411690362471738e-12,8.989331237423411e-8,0.027140288063710362
6,0.029088820866572156,8,9,58,5.228273449647286,0.038216849541418,5.228413123680608,0.15208837277118017,5.231196773197486e-5,0.0,5.231196773197486e-5,-9.736528215434584e-7,2.1259384865528113e-6,0.0,0.0,4.411690362471738e-12,8.989331237423411e-8,0.027140288063710362
6,0.029088820866572156,8,7,59,5.228273776203229,0.038216816198788355,5.22841344998411,0.1520883822629643,0.0,5.230949199729302e-5,5.230949199729302e-5,0.0,0.0,-9.741642605135157e-7,2.1255824496673415e-6,4.411690362471738e-12,8.989331237423411e-8,0.027140288063710362
6,0.029088820866572156,8,7,60,7.907156709205853,-0.039869231345718174,7.907257222295683,0.23001278888526805,0.0,4.810055399229639e-5,4.810055399229639e-5,0.0,0.0,2.112998205828572e-6,-3.974175862585846e-7,4.411690362471738e-12,8.989331237423411e-8,0.027140288063710362
6,0.029088820866572156,8,9,61,7.907156709205701,-0.03986923134599802,7.907257222295532,0.23001278888526364,4.8100553977023905e-5,0.0,4.8100553977023905e-5,2.1129982050526423e-6,-3.9741758619927196e-7,0.0,0.0,4.411690362471738e-12,8.989331237423411e-8,0.027140288063710362
6,0.029088820866572156,8,7,62,8.850675515228875,0.040550800298353736,8.850768409764022,0.25745841680314135,0.0,4.5807118185717666e-5,4.5807118185717666e-5,0.0,0.0,2.0382240335419245e-6,1.9502046294928818e-7,4.411690362471738e-12,8.989331237423411e-8,0.027140288063710362
6,0.029088820866572156,8,9,63,8.850675515228833,0.040550800298047106,8.850768409763978,0.2574584168031401,4.580711818525038e-5,0.0,4.580711818525038e-5,2.0382240335118142e-6,1.950204630653893e-7,0.0,0.0,4.411690362471738e-12,8.989331237423411e-8,0.027140288063710362
6,0.029088820866572156,8,7,64,8.850010248412872,0.0452396941657205,8.85012587633312,0.25743972626326905,0.0,2.600089375708611e-5,2.600089375708611e-5,0.0,0.0,1.1298354798535325e-6,-2.7242152842310004e-7,4.411690362471738e-12,8.989331237423411e-8,0.027140288063710362
6,0.029088820866572156,8,9,65,8.84999194038259,0.04523524997081784,8.850107545825459,0.2574391930504153,2.584111575377554e-5,0.0,2.584111575377554e-5,1.123094155552957e-6,-2.699098897234029e-7,0.0,0.0,4.411690362471738e-12,8.989331237423411e-8,0.027140288063710362
6,0.029088820866572156,8,9,66,8.745691745464573,0.01619449687845078,8.745706739218752,0.2544022966887072,1.946869938131018e-5,0.0,1.946869938131018e-5,5.390260079177088e-7,-6.831938870348859e-7,0.0,0.0,4.411690362471738e-12,8.989331237423411e-8,0.027140288063710362
6,0.029088820866572156,8,7,67,8.745691745464054,0.01619449687807111,8.745706739218233,0.2544022966886921,0.0,1.946869937898216e-5,1.946869937898216e-5,0.0,0.0,5.390260079187168e-7,-6.831938869778044e-7,4.411690362471738e-12,8.989331237423411e-8,0.027140288063710362
6,0.029088820866572156,8,9,68,8.830017209638523,0.02785167521713309,8.830061134461351,0.25685606658122717,5.316505489455303e-6,0.0,5.316505489455303e-6,2.373036990367676e-7,-1.2685446791290808e-8,0.0,0.0,4.411690362471738e-12,8.989331237423411e-8,0.027140288063710362
6,0.029088820866572156,8,7,69,8.830017509504142,0.02785161851078819,8.830061434146616,0.2568560752987181,0.0,5.309591295736906e-6,5.309591295736906e-6,0.0,0.0,2.3700114902611684e-7,-1.2554941938078845e-8,4.411690362471738e-12,8.989331237423411e-8,0.027140288063710362
6,0.029088820866572156,8,7,70,12.108899369601339,0.11223711926568766,12.109419520112134,0.352248735218714,0.0,4.936456396288717e-6,4.936456396288717e-6,0.0,0.0,2.2038114647071044e-7,1.0983939284648656e-8,4.411690362471738e-12,8.989331237423411e-8,0.027140288063710362
6,0.029088820866572156,8,9,71,12.10840415809663,0.11210505590431633,12.10892310650997,0.3522342951323649,4.037591863596547e-6,0.0,4.037591863596547e-6,1.798697597274131e-7,-1.4784509395233701e-8,0.0,0.0,4.411690362471738e-12,8.989331237423411e-8,0.027140288063710362
6,0.029088820866572156,8,9,72,12.009188762279308,0.04888284204626021,12.009288249530117,0.34933603462561147,1.82285348269524e-6,0.0,1.82285348269524e-6,6.943963466808418e-8,-4.262728395922902e-8,0.0,0.0,4.411690362471738e-12,8.989331237423411e-8,0.027140288063710362
6,0.029088820866572156,8,7,73,12.0091887622796,0.048882842046732024,12.00928824953041,0.34933603462562,0.0,1.8228534760215127e-6,1.8228534760215127e-6,0.0,0.0,6.943963456678375e-8,-4.262728398941537e-8,4.411690362471738e-12,8.989331237423411e-8,0.027140288063710362
6,0.029088820866572156,8,7,74,11.991215664624129,0.057830073564050934,11.991355112452283,0.34881438081357863,0.0,1.7573093606599117e-6,1.7573093606599117e-6,0.0,0.0,7.690028404544012e-8,-1.601393980455127e-8,4.411690362471738e-12,8.989331237423411e-8,0.027140288063710362
6,0.029088820866572156,8,9,75,11.925948170586125,-0.046948407860186746,11.926040580197064,0.34691445808482263,1.4292949207064117e-6,0.0,1.4292949207064117e-6,6.353100306953741e-8,6.745100039935265e-9,0.0,0.0,4.411690362471738e-12,8.989331237423411e-8,0.027140288063710362
6,0.029088820866572156,8,7,76,11.925948170585102,-0.04694840785918633,11.926040580196037,0.34691445808479277,0.0,1.4292949201851006e-6,1.4292949201851006e-6,0.0,0.0,6.35310031327574e-8,6.745100006015936e-9,4.411690362471738e-12,8.989331237423411e-8,0.027140288063710362
6,0.029088820866572156,8,9,77,8.817196750572357,0.02049702556741701,8.817220574895519,0.2564825498441901,1.0470951644991785e-6,0.0,1.0470951644991785e-6,4.319943759271918e-8,-1.8012043679950073e-8,0.0,0.0,4.411690362471738e-12,8.989331237423411e-8,0.027140288063710362
6,0.029088820866572156,8,7,78,8.817196750572943,0.02049702556870931,8.817220574896107,0.2564825498442072,0.0,1.0470951634078938e-6,1.0470951634078938e-6,0.0,0.0,4.319943757189781e-8,-1.801204367894237e-8,4.411690362471738e-12,8.989331237423411e-8,0.027140288063710362
6,0.029088820866572156,8,9,79,12.530964622410195,0.036641182239262486,12.53101819264228,0.36451254348152806,8.630116547560254e-7,0.0,8.630116547560254e-7,3.7873455260535364e-8,7.32741257625844e-9,0.0,0.0,4.411690362471738e-12,8.989331237423411e-8,0.027140288063710362
7,0.01679443855772424,9,8,0,0.9777069718911955,0.1456013939049003,0.9884890939164179,0.016601119352759788,0.0,15.195662934410802,15.195662934410802,0.0,0.0,0.6789706073723849,-0.018807725100082884,9.401160228727692e-12,6.841529921186337e-6,0.01648002645800749
7,0.01679443855772424,9,10,1,0.9777069728029,0.14560139337668668,0.9884890947403736,0.01660111936659766,15.195662899916961,0.0,15.195662899916961,0.6789706059615739,-0.018807720350231705,0.0,0.0,9.401160228727692e-12,6.841529921186337e-6,0.01648002645800749
7,0.01679443855772424,9,10,2,2.1775046644541662,0.035177126899857775,2.177788785437325,0.036574739948728056,2.1136243204519847,0.0,2.1136243204519847,0.08452656131145253,0.042203634146698366,0.0,0.0,9.401160228727692e-12,6.841529921186337e-6,0.01648002645800749
7,0.01679443855772424,9,8,3,2.177504664316126,0.03517712653069967,2.17778878529334,0.03657473994630991,0.0,2.11362432021659,2.11362432021659,0.0,0.0,0.08452656143216775,0.04220363388120735,9.401160228727692e-12,6.841529921186337e-6,0.01648002645800749
7,0.01679443855772424,9,8,4,2.4781853372057263,0.2785451514924967,2.4937902812709485,0.041881807654654796,0.0,0.9334744430809729,0.9334744430809729,0.0,0.0,0.03445535188823208,-0.02353372341357024,9.401160228727692e-12,6.841529921186337e-6,0.01648002645800749
7,0.01679443855772424,9,10,5,2.4781853355597407,0.2785451518311569,2.4937902796730897,0.04188180762781966,0.9334744376272492,0.0,0.9334744376272492,0.034455351672214904,-0.023533723297607667,0.0,0.0,9.401160228727692e-12,6.841529921186337e-6,0.01648002645800749
7,0.01679443855772424,9,8,6,6.7737559605440225,0.01754920918795627,6.773778693443475,0.11376181007065803,0.0,0.9145968792555863,0.9145968792555863,0.0,0.0,0.04040244387479641,0.006240633160445874,9.401160228727692e-12,6.841529921186337e-6,0.01648002645800749
7,0.01679443855772424,9,10,7,6.773755959729735,0.017549227946820137,6.773778692677791,0.11376181005779878,0.9145968584350872,0.0,0.9145968584350872,0.04040244409618393,0.006240625629164109,0.0,0.0,9.401160228727692e-12,6.841529921186337e-6,0.01648002645800749
7,0.01679443855772424,9,10,8,6.69737301500377,-0.004337706236567998,6.697374419710763,0.11247864318990644,0.48739856235291557,0.0,0.48739856235291557,0.021766400803487268,-0.0009293520832850122,0.0,0.0,9.401160228727692e-12,6.841529921186337e-6,0.01648002645800749
7,0.01679443855772424,9,8,9,6.697373015003719,-0.004337706235051614,6.6973744197107115,0.11247864318990558,0.0,0.48739856234308526,0.48739856234308526,0.0,0.0,0.021766400803500063,-0.0009293520832932556,9.401160228727692e-12,6.841529921186337e-6,0.01648002645800749
7,0.01679443855772424,9,8,10,2.084485829316863,-0.002864950023423879,2.0844877981320606,0.03500780225005478,0.0,0.3187485868150969,0.3187485868150969,0.0,0.0,0.014176354343183109,-0.0014245091624171258,9.401160228727692e-12,6.841529921186337e-6,0.01648002645800749
7,0.01679443855772424,9,10,11,2.084485829316879,-0.002864950023430138,2.0844877981320766,0.03500780225005505,0.3187485868146842,0.0,0.3187485868146842,0.014176354343163236,-0.0014245091624328354,0.0,0.0,9.401160228727692e-12,6.841529921186337e-6,0.01648002645800749
7,0.01679443855772424,9,10,12,7.082916611639799,0.28949539344370484,7.088830320318588,0.11905292526072317,0.1477038202581188,0.0,0.1477038202581188,0.005275552056555973,-0.003969607280049192,0.0,0.0,9.401160228727692e-12,6.841529921186337e-6,0.01648002645800749
7,0.01679443855772424,9,8,13,7.082916759730697,0.28949536908509876,7.0888304672911815,0.11905292772904535,0.0,0.14770376994336193,0.14770376994336193,0.0,0.0,0.005275548872723735,-0.003969607770700004,9.401160228727692e-12,6.841529921186337e-6,0.01648002645800749
7,0.01679443855772424,9,8,14,5.082156860828282,0.13908264658881864,5.0840596318932105,0.08538392711163664,0.0,0.0021983588988214405,0.0021983588988214405,0.0,0.0,9.809431186635833e-5,5.780151411763595e-6,9.401160228727692e-12,6.841529921186337e-6,0.01648002645800749
7,0.01679443855772424,9,10,15,5.082156859563982,0.13908264737456263,5.084059630650879,0.08538392709077237,0.0021983578330980564,0.0,0.0021983578330980564,9.809426114826085e-5,5.780202309686191e-6,0.0,0.0,9.401160228727692e-12,6.841529921186337e-6,0.01648002645800749
7,0.01679443855772424,9,8,16,9.69819972495359,0.13428248437118045,9.699129326424035,0.16289143153604976,0.0,0.0013392029665542544,0.0013392029665542544,0.0,0.0,5.984853226165222e-5,1.2237928857306078e-6,9.401160228727692e-12,6.841529921186337e-6,0.01648002645800749
7,0.01679443855772424,9,10,17,9.69819970811632,0.13428247596167028,9.699129309471953,0.16289143125134906,0.0013392008802482042,0.0,0.0013392008802482042,5.984844016912851e-5,1.2237350533738115e-6,0.0,0.0,9.401160228727692e-12,6.841529921186337e-6,0.01648002645800749
7,0.01679443855772424,9,10,18,9.819635801795553,0.12932710730906638,9.820487400357983,0.1649295722522172,0.0008283476246920423,0.0,0.0008283476246920423,3.5901608162465694e-5,-9.05663534970418e-6,0.0,0.0,9.401160228727692e-12,6.841529921186337e-6,0.01648002645800749
7,0.01679443855772424,9,8,19,9.819635801795505,0.12932710731013344,9.82048740035795,0.16492957225221663,0.0,0.000828347624619609,0.000828347624619609,0.0,0.0,3.590160816261103e-5,-9.056635350042721e-6,9.401160228727692e-12,6.841529921186337e-6,0.01648002645800749
7,0.01679443855772424,9,8,20,9.717560486225313,0.15389043061113417,9.718778939150804,0.16322143574967254,0.0,0.0007865126318233699,0.0007865126318233699,0.0,0.0,3.481865423036497e-5,4.860979944576498e-6,9.401160228727692e-12,6.841529921186337e-6,0.01648002645800749
7,0.01679443855772424,9,10,21,9.717560358019504,0.15389048759274043,9.718778811863334,0.16322143361195096,0.0007865078878044111,0.0,0.0007865078878044111,3.481843115174651e-5,4.861044196292181e-6,0.0,0.0,9.401160228727692e-12,6.841529921186337e-6,0.01648002645800749
7,0.01679443855772424,9,8,22,5.210826054905482,0.12731817490946498,5.2123812305072335,0.0875390163151888,0.0,0.0007516868254053249,0.0007516868254053249,0.0,0.0,3.11097564309017e-5,-1.269329986173872e-5,9.401160228727692e-12,6.841529921186337e-6,0.01648002645800749
7,0.01679443855772424,9,10,23,5.210826054904615,0.12731817490738653,5.212381230506317,0.08753901631517341,0.0007516868254016175,0.0,0.0007516868254016175,3.110975643068922e-5,-1.2693299861638865e-5,0.0,0.0,9.401160228727692e-12,6.841529921186337e-6,0.01648002645800749
7,0.01679443855772424,9,10,24,9.837000124391693,0.14588932938163135,9.83808188336068,0.1652250617159609,0.0003678302443632166,0.0,0.0003678302443632166,1.4024558146520077e-5,-8.581347032213775e-6,0.0,0.0,9.401160228727692e-12,6.841529921186337e-6,0.01648002645800749
7,0.01679443855772424,9,8,25,9.837000228215484,0.1458893226573425,9.83808198707334,0.1652250634577568,0.0,0.00036782488993772724,0.00036782488993772724,0.0,0.0,1.402435652492296e-5,-8.58121799258662e-6,9.401160228727692e-12,6.841529921186337e-6,0.01648002645800749
7,0.01679443855772424,9,10,26,5.2325389330717815,0.15733557398678147,5.234903835693042,0.08791727082414175,0.00029899203762929376,0.0,0.00029899203762929376,9.275479571938498e-6,-9.621812466758525e-6,0.0,0.0,9.401160228727692e-12,6.841529921186337e-6,0.01648002645800749
7,0.01679443855772424,9,8,27,5.232538934726609,0.15733557441364057,5.234903837359951,0.08791727085213655,0.0,0.0002989919026279533,0.0002989919026279533,0.0,0.0,9.275476471813327e-6,-9.621807073891626e-6,9.401160228727692e-12,6.841529921186337e-6,0.01648002645800749
7,0.01679443855772424,9,10,28,11.057400651191138,0.04778899246315362,11.05750392035937,0.18570457019227035,0.00012158359446189994,0.0,0.00012158359446189994,4.900407066196049e-6,2.3498095226455056e-6,0.0,0.0,9.401160228727692e-12,6.841529921186337e-6,0.01648002645800749
7,0.01679443855772424,9,8,29,11.057400601968926,0.04778894560912282,11.057503870935122,0.18570456936221785,0.0,0.00012158247780510188,0.00012158247780510188,0.0,0.0,4.900297291295304e-6,2.349923007192945e-6,9.401160228727692e-12,6.841529921186337e-6,0.01648002645800749
7,0.01679443855772424,9,10,30,10.978045962061852,0.01650848936236643,10.978058374565311,0.18437032685474716,0.00011536867707906859,0.0,0.00011536867707906859,5.152299104061439e-6,2.1696546462555657e-7,0.0,0.0,9.401160228727692e-12,6.841529921186337e-6,0.01648002645800749
7,0.01679443855772424,9,8,31,10.97804596206139,0.01650848936326739,10.978058374564851,0.18437032685473942,0.0,0.00011536867707874471,0.00011536867707874471,0.0,0.0,5.152299104061052e-6,2.169654645722748e-7,9.401160228727692e-12,6.841529921186337e-6,0.01648002645800749
7,0.01679443855772424,9,10,32,11.044048738051547,0.03336141395027417,11.044099126338859,0.18547944420271392,0.00010902730114304655,0.0,0.00010902730114304655,4.731109954080528e-6,1.1690784121172382e-6,0.0,0.0,9.401160228727692e-12,6.841529921186337e-6,0.01648002645800749
7,0.01679443855772424,9,8,33,11.044048761647172,0.03336128852410389,11.044099149555496,0.1854794445926243,0.0,0.00010902646287757245,0.00010902646287757245,0.0,0.0,4.731056963027339e-6,1.1691366627748147e-6,9.401160228727692e-12,6.841529921186337e-6,0.01648002645800749
7,0.01679443855772424,9,10,34,9.852528884756211,0.15663786221031115,9.853773939198792,0.16548860098357845,3.6668025413032086e-5,0.0,3.6668025413032086e-5,1.2306071443801444e-6,1.0825926391447068e-6,0.0,0.0,9.401160228727692e-12,6.841529921186337e-6,0.01648002645800749
7,0.01679443855772424,9,8,35,9.852528872163209,0.15663785862291515,9.853773926550355,0.16548860077115507,0.0,3.666709722608799e-5,3.666709722608799e-5,0.0,0.0,1.2305670192660603e-6,1.082575436934079e-6,9.401160228727692e-12,6.841529921186337e-6,0.01648002645800749
7,0.01679443855772424,9,10,36,11.343920668328185,0.2708683151388355,11.347154082564911,0.19056908204466616,2.6165819718330816e-5,0.0,2.6165819718330816e-5,8.844510975268627e-7,-7.652960566083113e-7,0.0,0.0,9.401160228727692e-12,6.841529921186337e-6,0.01648002645800749
7,0.01679443855772424,9,8,37,11.343921042184913,0.27086834599818055,11.347154457051753,0.1905690883339624,0.0,2.6163317006171943e-5,2.6163317006171943e-5,0.0,0.0,8.844055554238658e-7,-7.65177720406422e-7,9.401160228727692e-12,6.841529921186337e-6,0.01648002645800749
7,0.01679443855772424,9,8,38,6.368998405407002,0.017647678528776092,6.369022855088085,0.10696416301251827,0.0,1.8758577864677413e-5,1.8758577864677413e-5,0.0,0.0,8.235266087331034e-7,-1.5769934024604267e-7,9.401160228727692e-12,6.841529921186337e-6,0.01648002645800749
7,0.01679443855772424,9,10,39,6.368998405407126,0.017647678528304303,6.369022855088208,0.10696416301252033,1.8758577858510407e-5,0.0,1.8758577858510407e-5,8.235266086563241e-7,-1.5769934021682342e-7,0.0,0.0,9.401160228727692e-12,6.841529921186337e-6,0.01648002645800749
7,0.01679443855772424,9,10,40,10.96308588524757,0.009703881862863611,10.963090179900817,0.18411894442913426,1.6056640949348396e-5,0.0,1.6056640949348396e-5,7.130115473460615e-7,-8.204060768693847e-8,0.0,0.0,9.401160228727692e-12,6.841529921186337e-6,0.01648002645800749
7,0.01679443855772424,9,8,41,10.963085885247551,0.00970388186361884,10.963090179900798,0.18411894442913393,0.0,1.6056640948493448e-5,1.6056640948493448e-5,0.0,0.0,7.130115472887072e-7,-8.204060772286029e-8,9.401160228727692e-12,6.841529921186337e-6,0.01648002645800749
7,0.01679443855772424,9,8,42,6.722441217858191,0.2723845523445688,6.727957288205289,0.11299226529575672,0.0,1.3054475640712005e-5,1.3054475640712005e-5,0.0,0.0,-5.780879679214597e-7,-7.945025952825795e-8,9.401160228727692e-12,6.841529921186337e-6,0.01648002645800749
7,0.01679443855772424,9,10,43,6.722441201627468,0.27238454727463973,6.727957271782615,0.11299226501994714,1.3054359759755917e-5,0.0,1.3054359759755917e-5,-5.780813057432001e-7,-7.946069036243117e-8,0.0,0.0,9.401160228727692e-12,6.841529921186337e-6,0.01648002645800749
7,0.01679443855772424,9,8,44,6.448475939455561,0.04575582519501849,6.448638269997516,0.10830125920646241,0.0,1.0381917701871872e-5,1.0381917701871872e-5,0.0,0.0,2.932900665336009e-7,-3.5963027332782963e-7,9.401160228727692e-12,6.841529921186337e-6,0.01648002645800749
7,0.01679443855772424,9,10,45,6.4484759401316065,0.045755825932913316,6.448638270678781,0.10830125921790387,1.0381879479597243e-5,0.0,1.0381879479597243e-5,2.9328887765524225e-7,-3.596290383777839e-7,0.0,0.0,9.401160228727692e-12,6.841529921186337e-6,0.01648002645800749
7,0.01679443855772424,9,10,46,11.40635317434991,0.2565141884276323,11.40923714657851,0.19161173224871783,5.5294073689878475e-6,0.0,5.5294073689878475e-6,1.926099784497874e-7,-1.548837541291625e-7,0.0,0.0,9.401160228727692e-12,6.841529921186337e-6,0.01648002645800749
7,0.01679443855772424,9,8,47,11.406353174349672,0.256514188427273,11.409237146578265,0.1916117322487137,0.0,5.529407368667644e-6,5.529407368667644e-6,0.0,0.0,1.92609978448415e-7,-1.548837541213825e-7,9.401160228727692e-12,6.841529921186337e-6,0.01648002645800749
7,0.01679443855772424,9,10,48,11.326153854577626,0.28141313830781695,11.329649354325838,0.1902750999617854,5.334608205220138e-6,0.0,5.334608205220138e-6,9.581425083436612e-8,-2.1835484472634048e-7,0.0,0.0,9.401160228727692e-12,6.841529921186337e-6,0.01648002645800749
7,0.01679443855772424,9,8,49,11.326155004539508,0.2814131433335009,11.329650504057756,0.19027511927088744,0.0,5.334297944184007e-6,5.334297944184007e-6,0.0,0.0,9.576207335475154e-8,-2.1836258953792778e-7,9.401160228727692e-12,6.841529921186337e-6,0.01648002645800749
7,0.01679443855772424,9,8,50,9.707813998110495,0.14365044374614108,9.708876766747972,0.1630551343236652,0.0,4.488356005933661e-6,4.488356005933661e-6,0.0,0.0,-2.8020610661856085e-8,-1.9865864918670504e-7,9.401160228727692e-12,6.841529921186337e-6,0.01648002645800749
7,0.01679443855772424,9,10,51,9.707813998110186,0.1436504437467483,9.708876766747672,0.16305513432366014,4.488356002345089e-6,0.0,4.488356002345089e-6,-2.802061064777628e-8,-1.9865864922674556e-7,0.0,0.0,9.401160228727692e-12,6.841529921186337e-6,0.01648002645800749
7,0.01679443855772424,9,10,52,11.001093130609057,0.061449311874964926,11.001264749394212,0.18476006489095864,3.890675654453743e-6,0.0,3.890675654453743e-6,-1.6917119076682052e-7,-4.031831433710112e-8,0.0,0.0,9.401160228727692e-12,6.841529921186337e-6,0.01648002645800749
7,0.01679443855772424,9,8,53,11.001093202227885,0.06144931148524508,11.001264821009746,0.18476006609370135,0.0,3.890484530401789e-6,3.890484530401789e-6,0.0,0.0,-1.691654296068348e-7,-4.030563635653138e-8,9.401160228727692e-12,6.841529921186337e-6,0.01648002645800749
7,0.01679443855772424,9,8,54,11.364377645164904,0.25145497132420946,11.367159225792848,0.19090505719344625,0.0,1.6527774523531607e-6,1.6527774523531607e-6,0.0,0.0,1.7968546774847067e-8,-7.165904000411749e-8,9.401160228727692e-12,6.841529921186337e-6,0.01648002645800749
7,0.01679443855772424,9,10,55,11.364375839407554,0.2514544408966051,11.367157408743699,0.19090502667712594,1.652377806232753e-6,0.0,1.652377806232753e-6,1.7971691680107252e-8,-7.163983416440132e-8,0.0,0.0,9.401160228727692e-12,6.841529921186337e-6,0.01648002645800749
7,0.01679443855772424,9,10,56,10.928084512689637,0.023839307269464108,10.928110515045965,0.18353148059695967,1.5712265292136305e-6,0.0,1.5712265292136305e-6,-7.019596948858562e-8,2.2576664073583926e-9,0.0,0.0,9.401160228727692e-12,6.841529921186337e-6,0.01648002645800749
7,0.01679443855772424,9,8,57,10.928084512688516,0.02383930726980968,10.928110515044844,0.18353148059694083,0.0,1.5712265287472605e-6,1.5712265287472605e-6,0.0,0.0,-7.019596945796083e-8,2.2576664204590276e-9,9.401160228727692e-12,6.841529921186337e-6,0.01648002645800749
7,0.01679443855772424,9,8,58,9.50204632329254,0.1537598178052551,9.50329029397549,0.15960242493838853,0.0,1.3650614647286355e-7,1.3650614647286355e-7,0.0,0.0,6.099837815635394e-9,-1.5030018001678325e-10,9.401160228727692e-12,6.841529921186337e-6,0.01648002645800749
7,0.01679443855772424,9,10,59,9.502046323888823,0.1537598178318309,9.503290294572126,0.15960242494840868,1.3650344677149248e-7,0.0,1.3650344677149248e-7,6.099716368411492e-9,-1.503301833272358e-10,0.0,0.0,9.401160228727692e-12,6.841529921186337e-6,0.01648002645800749
7,0.01679443855772424,9,10,60,9.907905069928905,0.14033960471182275,9.90889893375513,0.1664143943176498,5.213922294539644e-13,0.0,5.213922294539644e-13,2.21921601066553e-14,7.117812253510223e-15,0.0,0.0,9.401160228727692e-12,6.841529921186337e-6,0.01648002645800749
7,0.01679443855772424,9,8,61,9.907905077218054,0.14033960117185892,9.908898940993412,0.16641439443921266,0.0,4.951207944380096e-13,4.951207944380096e-13,0.0,0.0,2.063743362332068e-14,7.993417660220571e-15,9.401160228727692e-12,6.841529921186337e-6,0.01648002645800749
7,0.01679443855772424,9,10,62,11.338144761475661,0.27904308376661624,11.341578006378828,0.1904754349757658,6.732113483774257e-14,0.0,6.732113483774257e-14,2.3695442036910804e-15,1.8548507402403726e-15,0.0,0.0,9.401160228727692e-12,6.841529921186337e-6,0.01648002645800749
7,0.01679443855772424,9,8,63,11.338145191194567,0.2790430819470556,11.341578435922886,0.1904754421897171,0.0,4.878112806926073e-14,4.878112806926073e-14,0.0,0.0,1.7574210386356878e-15,-1.2907019263533342e-15,9.401160228727692e-12,6.841529921186337e-6,0.01648002645800749
7,0.01679443855772424,9,10,64,9.933115819107627,0.15886051256680242,9.934386067506093,0.16684243641944282,2.9106716234319015e-14,0.0,2.9106716234319015e-14,-2.438101360004258e-16,-1.2779891505733483e-15,0.0,0.0,9.401160228727692e-12,6.841529921186337e-6,0.01648002645800749
7,0.01679443855772424,9,8,65,9.933115848675119,0.15886049108117817,9.934386096726227,0.16684243691017855,0.0,1.0811347507678921e-14,1.0811347507678921e-14,0.0,0.0,-1.0901690447044725e-16,-4.708002194558118e-16,9.401160228727692e-12,6.841529921186337e-6,0.01648002645800749
7,0.01679443855772424,9,10,66,11.061692362274243,0.036735261946418726,11.061753359981708,0.18577593714491247,7.976832350162756e-15,0.0,7.976832350162756e-15,1.681045692997886e-17,-3.5616164960194113e-16,0.0,0.0,9.401160228727692e-12,6.841529921186337e-6,0.01648002645800749
7,0.01679443855772424,9,8,67,11.061692352592598,0.03673522784795519,11.061753350186876,0.18577593698041375,0.0,6.0308644134643295e-15,6.0308644134643295e-15,0.0,0.0,2.391329847879642e-16,-1.2443907828241973e-16,9.401160228727692e-12,6.841529921186337e-6,0.01648002645800749
7,0.01679443855772424,9,8,68,9.883017498214803,0.12034248274145906,9.883750157868842,0.16599203474622554,0.0,4.386243081248888e-15,4.386243081248888e-15,0.0,0.0,-1.141804942934959e-16,-1.59377285212941e-16,9.401160228727692e-12,6.841529921186337e-6,0.01648002645800749
7,0.01679443855772424,9,10,69,9.883017498214704,0.12034248274106368,9.883750157868738,0.16599203474622376,4.386133970393621e-15,0.0,4.386133970393621e-15,-1.141814156261023e-16,-1.5937748612789577e-16,0.0,0.0,9.401160228727692e-12,6.841529921186337e-6,0.01648002645800749
7,0.01679443855772424,9,10,70,5.328407119862417,0.15316367991214963,5.330607990449563,0.08952456837091907,2.9329007194945092e-15,0.0,2.9329007194945092e-15,-5.964529277805311e-17,-1.1674269818507083e-16,0.0,0.0,9.401160228727692e-12,6.841529921186337e-6,0.01648002645800749
7,0.01679443855772424,9,8,71,5.328407119951311,0.1531636798276612,5.330607990535993,0.08952456837237062,0.0,2.651838895806276e-15,2.651838895806276e-15,0.0,0.0,-5.915189490675293e-17,-1.0272100050856599e-16,9.401160228727692e-12,6.841529921186337e-6,0.01648002645800749
7,0.01679443855772424,9,10,72,10.994062551021184,0.017945177852737235,10.994077196617031,0.1846393539774619,1.721990388867272e-17,0.0,1.721990388867272e-17,5.662066979652497e-19,5.213809384379299e-19,0.0,0.0,9.401160228727692e-12,6.841529921186337e-6,0.01648002645800749
7,0.01679443855772424,9,8,73,10.994062551021031,0.017945177852834532,10.994077196616878,0.18463935397745931,0.0,1.7218735413699532e-17,1.7218735413699532e-17,0.0,0.0,5.663260753407719e-19,5.211890935909766e-19,9.401160228727692e-12,6.841529921186337e-6,0.01648002645800749
7,0.01679443855772424,9,10,74,9.712136004737474,0.1479338707233109,9.713262593208585,0.1631287918166828,1.4914478789274953e-21,0.0,1.4914478789274953e-21,2.1165196768199538e-23,6.362014572606793e-23,0.0,0.0,9.401160228727692e-12,6.841529921186337e-6,0.01648002645800749
7,0.01679443855772424,9,8,75,9.712136028078913,0.14793383103705976,9.713262615942892,0.16312879219849272,0.0,1.3758910915819172e-21,1.3758910915819172e-21,0.0,0.0,2.8397569596695334e-23,5.437279865962361e-23,9.401160228727692e-12,6.841529921186337e-6,0.01648002645800749
7,0.01679443855772424,9,8,76,7.01303995150798,0.31098439414264756,7.0199316702406245,0.11789581111527866,0.0,1.00116627424252e-22,1.00116627424252e-22,0.0,0.0,1.7276050394811527e-24,-4.195104728843065e-24,9.401160228727692e-12,6.841529921186337e-6,0.01648002645800749
7,0.01679443855772424,9,10,77,5.2536506410071055,0.17163301932653896,5.256453457520338,0.08827918462386246,3.509022632484292e-23,0.0,3.509022632484292e-23,9.292933057267991e-25,-1.3665050265136394e-24,0.0,0.0,9.401160228727692e-12,6.841529921186337e-6,0.01648002645800749
7,0.01679443855772424,9,8,78,9.857016942164314,0.16823631645002407,9.85845253862324,0.16556717543414856,0.0,3.4268473364899105e-23,3.4268473364899105e-23,0.0,0.0,-3.8547140164768797e-25,-1.2607332726782005e-24,9.401160228727692e-12,6.841529921186337e-6,0.01648002645800749
7,0.01679443855772424,9,8,79,5.253650640684197,0.17163301877528137,5.256453457179601,0.08827918461813998,0.0,3.2116621471877746e-23,3.2116621471877746e-23,0.0,0.0,8.488139300784858e-25,-1.3245848201634665e-24,9.401160228727692e-12,6.841529921186337e-6,0.01648002645800749
8,0.009696273622190719,10,9,0,1.904394180611753,0.2469862439199739,1.9203435629682537,0.01862017663515282,0.0,13.113967590439493,13.113967590439493,0.0,0.0,0.5861699600966332,-0.003651354889713687,1.4079536004914412e-9,0.0006937502708497889,0.02986923513533385
8,0.009696273622190719,10,11,1,1.9043941821857646,0.24698624311944165,1.9203435644262312,0.01862017664928977,13.11396755337853,0.0,13.11396755337853,0.5861699584686102,-0.0036513502489716743,0.0,0.0,1.4079536004914412e-9,0.0006937502708497889,0.02986923513533385
8,0.009696273622190719,10,11,2,0.5670497593084791,0.49896828767068896,0.7553242890526052,0.007323830980140734,2.257075101053738,0.0,2.257075101053738,0.1007583550630412,0.005132981374532997,0.0,0.0,1.4079536004914412e-9,0.0006937502708497889,0.02986923513533385
8,0.009696273622190719,10,9,3,0.567049759340918,0.4989682877672001,0.7553242891407136,0.007323830980995057,0.0,2.2570750897618845,2.2570750897618845,0.0,0.0,0.10075835454825521,0.005132981558388483,1.4079536004914412e-9,0.0006937502708497889,0.02986923513533385
8,0.009696273622190719,10,11,4,3.949819569172224,0.047107043861995025,3.950100467405515,0.038301254967107325,1.734325121064359,0.0,1.734325121064359,0.07129803651431765,0.030435920082939272,0.0,0.0,1.4079536004914412e-9,0.0006937502708497889,0.02986923513533385
8,0.009696273622190719,10,9,5,3.949819569011725,0.047107042856663874,3.9501004672330384,0.03830125496543495,0.0,1.7343251202152854,1.7343251202152854,0.0,0.0,0.0712980364438055,0.03043592015132479,1.4079536004914412e-9,0.0006937502708497889,0.02986923513533385
8,0.009696273622190719,10,11,6,11.73173943866319,0.03082178548870449,11.731779926300442,0.11375454824073356,0.924548737194625,0.0,0.924548737194625,0.04087448193802384,0.006094993720667241,0.0,0.0,1.4079536004914412e-9,0.0006937502708497889,0.02986923513533385
8,0.009696273622190719,10,9,7,11.731739441024626,0.03082171646092629,11.73177992848052,0.11375454826187219,0.0,0.9245486206696605,0.9245486206696605,0.0,0.0,0.04087447519505771,0.006095003626204576,1.4079536004914412e-9,0.0006937502708497889,0.02986923513533385
8,0.009696273622190719,10,9,8,4.567321926172633,0.4774537306907176,4.592209886563089,0.04452732359064512,0.0,0.6047050949812848,0.6047050949812848,0.0,0.0,0.02396642814923723,-0.0124986377635673,1.4079536004914412e-9,0.0006937502708497889,0.02986923513533385
8,0.009696273622190719,10,11,9,4.567321922650406,0.47745373116802314,4.592209883109576,0.04452732355715891,0.6047050935516729,0.0,0.6047050935516729,0.023966427989477818,-0.012498637931689982,0.0,0.0,1.4079536004914412e-9,0.0006937502708497889,0.02986923513533385
8,0.009696273622190719,10,11,10,0.05041770434404991,-0.01496170393057359,0.0525908499249648,0.000509935270896027,0.5253005327351419,0.0,0.5253005327351419,0.019999178142172558,-0.012302952348909685,0.0,0.0,1.4079536004914412e-9,0.0006937502708497889,0.02986923513533385
8,0.009696273622190719,10,9,11,0.05041770432653425,-0.014961703902269731,0.05259084990012069,0.0005099352706551317,0.0,0.5253005317414523,0.5253005317414523,0.0,0.0,0.01999917815427822,-0.012302952244463428,1.4079536004914412e-9,0.0006937502708497889,0.02986923513533385
8,0.009696273622190719,10,9,12,11.60518492895834,-0.008978537490818558,11.605188402152603,0.11252708218434594,0.0,0.500607502721705,0.500607502721705,0.0,0.0,0.02235218250185811,-0.0010463165663957552,1.4079536004914412e-9,0.0006937502708497889,0.02986923513533385
8,0.009696273622190719,10,11,13,11.605184929030417,-0.008978538880711939,11.605188402225753,0.11252708218505522,0.5006075009034616,0.0,0.5006075009034616,0.022352182411335048,-0.001046316751445342,0.0,0.0,1.4079536004914412e-9,0.0006937502708497889,0.02986923513533385
8,0.009696273622190719,10,9,14,3.8140820411841263,-0.00591094035451336,3.8140866214729767,0.03698242750053894,0.0,0.2827093216831937,0.2827093216831937,0.0,0.0,0.012532621435345323,-0.0016194974023063802,1.4079536004914412e-9,0.0006937502708497889,0.02986923513533385
8,0.009696273622190719,10,11,15,3.814082041194997,-0.005910940320457617,3.8140866214837947,0.03698242750064384,0.2827093215613802,0.0,0.2827093215613802,0.012532621438239078,-0.0016194973372935656,0.0,0.0,1.4079536004914412e-9,0.0006937502708497889,0.02986923513533385
8,0.009696273622190719,10,9,16,1.8878167010341103,0.22842398997904448,1.9015860264266926,0.018438298428367604,0.0,0.1461922709664836,0.1461922709664836,0.0,0.0,-0.0030062529460495313,-0.005802075989652464,1.4079536004914412e-9,0.0006937502708497889,0.02986923513533385
8,0.009696273622190719,10,11,17,1.8878167024129668,0.2284239891969773,1.9015860277016208,0.018438298440729656,0.14619226860952814,0.0,0.14619226860952814,-0.003006252875851989,-0.0058020759072006725,0.0,0.0,1.4079536004914412e-9,0.0006937502708497889,0.02986923513533385
8,0.009696273622190719,10,11,18,11.725185285643215,0.06406604559506765,11.725360311771334,0.11369230190171034,0.02557341514057146,0.0,0.02557341514057146,-0.0011049230598077046,-0.0002929794767608917,0.0,0.0,1.4079536004914412e-9,0.0006937502708497889,0.02986923513533385
8,0.009696273622190719,10,9,19,11.725185282336785,0.06406604481810277,11.725360308460708,0.1136923018696096,0.0,0.025573307295167616,0.025573307295167616,0.0,0.0,-0.0011049185249862505,-0.0002929777708087335,1.4079536004914412e-9,0.0006937502708497889,0.02986923513533385
8,0.009696273622190719,10,11,20,5.5725365129299105,0.22492747609727193,5.577074103635394,0.05407683652008282,0.012863141106310306,0.0,0.012863141106310306,0.0005588293970335365,-0.00013527671270089844,0.0,0.0,1.4079536004914412e-9,0.0006937502708497889,0.02986923513533385
8,0.009696273622190719,10,9,21,5.572536512629283,0.22492747613002698,5.577074103336333,0.05407683651718304,0.0,0.012863141063572631,0.012863141063572631,0.0,0.0,0.0005588293891559126,-0.00013527673710116064,1.4079536004914412e-9,0.0006937502708497889,0.02986923513533385
8,0.009696273622190719,10,11,22,4.047687557072072,0.027463014609810203,4.047780722426492,0.03924838944727609,0.012621594343931692,0.0,0.012621594343931692,0.00011593788946847846,-0.0005521315813324223,0.0,0.0,1.4079536004914412e-9,0.0006937502708497889,0.02986923513533385
8,0.009696273622190719,10,9,23,4.04768755688303,0.027463013978772745,4.047780722233173,0.03924838944540161,0.0,0.012621594332834945,0.012621594332834945,0.0,0.0,0.00011593789675092784,-0.0005521315793033154,1.4079536004914412e-9,0.0006937502708497889,0.02986923513533385
8,0.009696273622190719,10,9,24,4.458423892402718,0.4415945763689956,4.480239879094189,0.04344163176074792,0.0,0.009245343083891685,0.009245343083891685,0.0,0.0,-0.0002750650818090202,-0.0003084170752680707,1.4079536004914412e-9,0.0006937502708497889,0.02986923513533385
8,0.009696273622190719,10,11,25,4.45842389026632,0.44159457699057447,4.48023987702946,0.043441631740727744,0.009245343006441812,0.0,0.009245343006441812,-0.0002750650741718463,-0.0003084170774388375,0.0,0.0,1.4079536004914412e-9,0.0006937502708497889,0.02986923513533385
8,0.009696273622190719,10,9,26,11.60600561879277,0.022797501192364164,11.60602800916446,0.11253522324366802,0.0,0.007358982046570622,0.007358982046570622,0.0,0.0,-0.00032481611274897196,-5.1918059206795906e-5,1.4079536004914412e-9,0.0006937502708497889,0.02986923513533385
8,0.009696273622190719,10,11,27,11.606005618409759,0.02279750214454477,11.60602800878332,0.11253522323997238,0.007358981409966723,0.0,0.007358981409966723,-0.00032481607345831226,-5.191812472203931e-5,0.0,0.0,1.4079536004914412e-9,0.0006937502708497889,0.02986923513533385
8,0.009696273622190719,10,9,28,11.832708526061069,0.011810374906589212,11.832714420101322,0.1147332367105442,0.0,0.0042949026653340844,0.0042949026653340844,0.0,0.0,4.739337580646945e-6,-0.00019191937673040276,1.4079536004914412e-9,0.0006937502708497889,0.02986923513533385
8,0.009696273622190719,10,11,29,11.832708522793784,0.01181040468106171,11.832714416863755,0.11473323667915186,0.004294901382423645,0.0,0.004294901382423645,4.7393353881073925e-6,-0.00019191931942568472,0.0,0.0,1.4079536004914412e-9,0.0006937502708497889,0.02986923513533385
8,0.009696273622190719,10,11,30,5.591448617495721,0.2433593263706825,5.5967420347758035,0.054267542162002635,0.004293855216054991,0.0,0.004293855216054991,0.00013854053888388504,-0.00013283091844316832,0.0,0.0,1.4079536004914412e-9,0.0006937502708497889,0.02986923513533385
8,0.009696273622190719,10,9,31,5.591448617507343,0.24335932640988053,5.596742034789119,0.05426754216213175,0.0,0.004293854789806984,0.004293854789806984,0.0,0.0,0.00013854054014940474,-0.00013283088958633213,1.4079536004914412e-9,0.0006937502708497889,0.02986923513533385
8,0.009696273622190719,10,9,32,4.350713480536369,0.48661928230504753,4.377842632579655,0.04244876004038408,0.0,0.0026432383111693724,0.0026432383111693724,0.0,0.0,2.166494438604746e-5,-0.0001161468167276674,1.4079536004914412e-9,0.0006937502708497889,0.02986923513533385
8,0.009696273622190719,10,11,33,4.3507134760317046,0.4866192801871048,4.377842627867485,0.0424487599946936,0.0026432375545132588,0.0,0.0026432375545132588,2.1664922874771193e-5,-0.0001161467863356404,0.0,0.0,1.4079536004914412e-9,0.0006937502708497889,0.02986923513533385
8,0.009696273622190719,10,9,34,5.9246172476385635,0.2243943612291943,5.928865183183693,0.05748789908522899,0.0,0.0019056059550946196,0.0019056059550946196,0.0,0.0,6.960355955566523e-5,-4.909943459433994e-5,1.4079536004914412e-9,0.0006937502708497889,0.02986923513533385
8,0.009696273622190719,10,11,35,5.924617247094392,0.22439436081500852,5.928865182624235,0.05748789907980433,0.0019056058891577794,0.0,0.0019056058891577794,6.960356151311048e-5,-4.909942670633849e-5,0.0,0.0,1.4079536004914412e-9,0.0006937502708497889,0.02986923513533385
8,0.009696273622190719,10,9,36,9.440351874244088,0.24116960034616727,9.443431912481554,0.09156609975594894,0.0,0.0008763843126040141,0.0008763843126040141,0.0,0.0,3.914752794186542e-5,1.4264794419903502e-6,1.4079536004914412e-9,0.0006937502708497889,0.02986923513533385
8,0.009696273622190719,10,11,37,9.440351872344042,0.2411696008287675,9.443431910594452,0.09156609973765109,0.0008763837930826848,0.0,0.0008763837930826848,3.9147503365264736e-5,1.4265161980581576e-6,0.0,0.0,1.4079536004914412e-9,0.0006937502708497889,0.02986923513533385
8,0.009696273622190719,10,9,38,8.308014564324479,0.47836306862183325,8.321774884389084,0.0806902063013111,0.0,0.0006243674085276239,0.0006243674085276239,0.0,0.0,2.762019582546604e-5,-4.00186481531252e-6,1.4079536004914412e-9,0.0006937502708497889,0.02986923513533385
8,0.009696273622190719,10,11,39,8.308014549411787,0.4783630660409974,8.321774869352696,0.08069020615551417,0.0006243664684519993,0.0,0.0006243664684519993,2.7620153619165087e-5,-4.001863070291997e-6,0.0,0.0,1.4079536004914412e-9,0.0006937502708497889,0.02986923513533385
8,0.009696273622190719,10,11,40,8.333243364967306,0.44805430394739704,8.34527996169436,0.08091811796237379,0.00041240366321549087,0.0,0.00041240366321549087,1.3352321681754087e-5,-1.2709410981675141e-5,0.0,0.0,1.4079536004914412e-9,0.0006937502708497889,0.02986923513533385
8,0.009696273622190719,10,9,41,8.333243367564966,0.44805430460215667,8.345279964323428,0.08091811798786595,0.0,0.0004124027506208752,0.0004124027506208752,0.0,0.0,1.3352288303389758e-5,-1.2709386882565308e-5,1.4079536004914412e-9,0.0006937502708497889,0.02986923513533385
8,0.009696273622190719,10,11,42,7.83908828838897,0.015622531107334213,7.839103855456649,0.07601009593527788,0.0004083421494334046,0.0,0.0004083421494334046,1.6357360678506287e-5,-8.098771224477377e-6,0.0,0.0,1.4079536004914412e-9,0.0006937502708497889,0.02986923513533385
8,0.009696273622190719,10,9,43,7.83908828837779,0.01562252933793696,7.839103855441944,0.07601009593513529,0.0,0.0004083421078603694,0.0004083421078603694,0.0,0.0,1.63573590338567e-5,-8.098770357955706e-6,1.4079536004914412e-9,0.0006937502708497889,0.02986923513533385
8,0.009696273622190719,10,9,44,5.969785096381288,0.2703263796347764,5.9759024798353755,0.057943985584011856,0.0,0.00038152084657014585,0.00038152084657014585,0.0,0.0,1.6871004658588167e-5,2.488891326010836e-6,1.4079536004914412e-9,0.0006937502708497889,0.02986923513533385
8,0.009696273622190719,10,11,45,5.969785098668236,0.27032638020551514,5.9759024821458,0.05794398560641437,0.00038152070886496347,0.0,0.00038152070886496347,1.6870997691773834e-5,2.488896374313324e-6,0.0,0.0,1.4079536004914412e-9,0.0006937502708497889,0.02986923513533385
8,0.009696273622190719,10,9,46,7.933699535576561,0.07670928175039549,7.934070369911928,0.07693091724438199,0.0,0.00036484565779963793,0.00036484565779963793,0.0,0.0,1.4508857578125013e-5,7.44658991783238e-6,1.4079536004914412e-9,0.0006937502708497889,0.02986923513533385
8,0.009696273622190719,10,11,47,7.933699535561828,0.07670928183827286,7.934070369898045,0.07693091724424737,0.00036484564143464545,0.0,0.00036484564143464545,1.4508854587469303e-5,7.4465941428376674e-6,0.0,0.0,1.4079536004914412e-9,0.0006937502708497889,0.02986923513533385
8,0.009696273622190719,10,9,48,9.630370463944974,0.22328559454153282,9.63295861766018,0.09340380254807316,0.0,0.0003414705707792525,0.0003414705707792525,0.0,0.0,1.4456547166108441e-5,-4.896885415405492e-6,1.4079536004914412e-9,0.0006937502708497889,0.02986923513533385
8,0.009696273622190719,10,11,49,9.63037046404328,0.22328559456911395,9.632958617759098,0.09340380254903231,0.000341470516946242,0.0,0.000341470516946242,1.4456545673369796e-5,-4.896882322374642e-6,0.0,0.0,1.4079536004914412e-9,0.0006937502708497889,0.02986923513533385
8,0.009696273622190719,10,11,50,8.422044264389667,0.43795910333183435,8.433423846074032,0.08177278518344183,0.00033837460169843165,0.0,0.00033837460169843165,1.1306302711213612e-5,-1.0046562070393855e-5,0.0,0.0,1.4079536004914412e-9,0.0006937502708497889,0.02986923513533385
8,0.009696273622190719,10,9,51,8.422044265055721,0.4379591035618151,8.43342384675113,0.08177278519000718,0.0,0.000338374557082303,0.000338374557082303,0.0,0.0,1.1306302823358464e-5,-1.004655894188154e-5,1.4079536004914412e-9,0.0006937502708497889,0.02986923513533385
8,0.009696273622190719,10,11,52,12.148015279199296,0.48983933178510425,12.157887061271099,0.11788619961377679,0.00029575833820354874,0.0,0.00029575833820354874,-6.445929636290985e-6,-1.1542146405080271e-5,0.0,0.0,1.4079536004914412e-9,0.0006937502708497889,0.02986923513533385
8,0.009696273622190719,10,9,53,12.148015715550152,0.48983944246932426,12.157887501727103,0.11788620388455873,0.0,0.00029575826937382286,0.00029575826937382286,0.0,0.0,-6.4455961818182925e-6,-1.1542329097936123e-5,1.4079536004914412e-9,0.0006937502708497889,0.02986923513533385
8,0.009696273622190719,10,11,54,9.656769108669478,0.262708522060771,9.660341887620564,0.09366931822627939,0.00011360951396320609,0.0,0.00011360951396320609,3.824496540679175e-6,-3.340908773617968e-6,0.0,0.0,1.4079536004914412e-9,0.0006937502708497889,0.02986923513533385
8,0.009696273622190719,10,9,55,9.65676910995988,0.2627085219967982,9.66034188890875,0.09366931823876998,0.0,0.00011360950553066055,0.00011360950553066055,0.0,0.0,3.8244980251968804e-6,-3.3409065013692948e-6,1.4079536004914412e-9,0.0006937502708497889,0.02986923513533385
8,0.009696273622190719,10,11,56,11.822704718317063,0.043204834634420826,11.822783661822301,0.11463694536099497,0.00010251877794792937,0.0,0.00010251877794792937,-6.636846459227697e-7,4.5341719519219405e-6,0.0,0.0,1.4079536004914412e-9,0.0006937502708497889,0.02986923513533385
8,0.009696273622190719,10,9,57,11.822704717245239,0.04320483378833049,11.822783660747392,0.11463694535057237,0.0,0.00010251864144827024,0.00010251864144827024,0.0,0.0,-6.636846415908061e-7,4.5341657855030025e-6,1.4079536004914412e-9,0.0006937502708497889,0.02986923513533385
8,0.009696273622190719,10,11,58,7.791600820223691,0.032023020678064076,7.7916666263106915,0.07555013158160011,7.388396438046826e-5,0.0,7.388396438046826e-5,3.23084493264316e-6,6.844052496317295e-7,0.0,0.0,1.4079536004914412e-9,0.0006937502708497889,0.02986923513533385
8,0.009696273622190719,10,9,59,7.791600820293656,0.032023020681989575,7.791666626380673,0.07555013158227866,0.0,7.388393310069229e-5,7.388393310069229e-5,0.0,0.0,3.2308432692052316e-6,6.844063555264937e-7,1.4079536004914412e-9,0.0006937502708497889,0.02986923513533385
8,0.009696273622190719,10,9,60,9.64082150557554,0.24333528509424981,9.643891919932518,0.09350981483849988,0.0,2.102936618519728e-5,2.102936618519728e-5,0.0,0.0,-7.705498136947091e-7,-5.383656309647577e-7,1.4079536004914412e-9,0.0006937502708497889,0.02986923513533385
8,0.009696273622190719,10,11,61,9.640821503089343,0.24333528459638856,9.643891917434551,0.09350981481427892,2.1029344890272467e-5,0.0,2.1029344890272467e-5,-7.705490042274495e-7,-5.383651276043919e-7,0.0,0.0,1.4079536004914412e-9,0.0006937502708497889,0.02986923513533385
8,0.009696273622190719,10,11,62,9.67375453641961,0.2643729524233078,9.6773663715327,0.09383439228056804,1.7908864325584614e-5,0.0,1.7908864325584614e-5,4.123810568361168e-8,-7.994455628512218e-7,0.0,0.0,1.4079536004914412e-9,0.0006937502708497889,0.02986923513533385
8,0.009696273622190719,10,9,63,9.673754535923804,0.26437295195298305,9.677366371024231,0.09383439227563778,0.0,1.7908791385174855e-5,1.7908791385174855e-5,0.0,0.0,4.123799196101646e-8,-7.994423040696385e-7,1.4079536004914412e-9,0.0006937502708497889,0.02986923513533385
8,0.009696273622190719,10,9,64,9.420779859655193,0.21801813661404076,9.42330223817413,0.09137091692593859,0.0,3.4277775380118018e-6,3.4277775380118018e-6,0.0,0.0,-1.4834864756979217e-7,-3.83211669421119e-8,1.4079536004914412e-9,0.0006937502708497889,0.02986923513533385
8,0.009696273622190719,10,11,65,9.420779858161648,0.21801813744855533,9.423302236700293,0.09137091691164785,3.4277649587270073e-6,0.0,3.4277649587270073e-6,-1.4834812854246448e-7,-3.832092799504964e-8,0.0,0.0,1.4079536004914412e-9,0.0006937502708497889,0.02986923513533385
8,0.009696273622190719,10,11,66,12.10096899367059,0.47054672498391387,12.110114153308798,0.1174229804264466,8.24856408945838e-7,0.0,8.24856408945838e-7,-1.653916117213143e-9,3.683314846560308e-8,0.0,0.0,1.4079536004914412e-9,0.0006937502708497889,0.02986923513533385
8,0.009696273622190719,10,9,67,12.100969006736872,0.4705467214667167,12.11011416622855,0.11742298055172004,0.0,8.248329393557173e-7,8.248329393557173e-7,0.0,0.0,-1.6531427186442266e-9,3.683213306542075e-8,1.4079536004914412e-9,0.0006937502708497889,0.02986923513533385
8,0.009696273622190719,10,11,68,9.791025438252252,0.2555553108856557,9.794359991823077,0.0949687944349542,2.2975898682818684e-15,0.0,2.2975898682818684e-15,-3.0535824509792625e-17,-9.805490133633165e-17,0.0,0.0,1.4079536004914412e-9,0.0006937502708497889,0.02986923513533385
8,0.009696273622190719,10,11,69,5.803674653130273,0.2663811852609243,5.809784713330418,0.0563332622664726,2.182618385806838e-15,0.0,2.182618385806838e-15,3.3006085820663865e-17,-9.1807758706008e-17,0.0,0.0,1.4079536004914412e-9,0.0006937502708497889,0.02986923513533385
8,0.009696273622190719,10,9,70,9.791025438504986,0.2555553108605698,9.794359992075073,0.09496879443739763,0.0,2.1188198778795916e-15,2.1188198778795916e-15,0.0,0.0,-2.4817253617382008e-17,-9.140000301114318e-17,1.4079536004914412e-9,0.0006937502708497889,0.02986923513533385
8,0.009696273622190719,10,9,71,5.803674651648683,0.2663811849312381,5.8097847118352695,0.056333262251975234,0.0,1.9315209487408187e-15,1.9315209487408187e-15,0.0,0.0,1.3975436957203167e-17,-8.51988596283974e-17,1.4079536004914412e-9,0.0006937502708497889,0.02986923513533385
8,0.009696273622190719,10,11,72,5.752200155415066,0.21294850959207898,5.756140520843337,0.05581311349787639,8.917940950737186e-16,0.0,8.917940950737186e-16,-5.246167116319785e-18,-3.951550248495575e-17,0.0,0.0,1.4079536004914412e-9,0.0006937502708497889,0.02986923513533385
8,0.009696273622190719,10,9,73,5.752200155434681,0.212948509771769,5.756140520869586,0.055813113498130916,0.0,8.464645534742566e-16,8.464645534742566e-16,0.0,0.0,-1.883528388912478e-18,-3.778929273756206e-17,1.4079536004914412e-9,0.0006937502708497889,0.02986923513533385
8,0.009696273622190719,10,11,74,8.320063213940802,0.48535895674715474,8.334208132802159,0.08081076247993695,3.2137639399683454e-16,0.0,3.2137639399683454e-16,1.4319011997844794e-17,-1.1512693906001654e-18,0.0,0.0,1.4079536004914412e-9,0.0006937502708497889,0.02986923513533385
8,0.009696273622190719,10,9,75,8.320063222154545,0.4853589584581684,8.334208141101605,0.08081076256041064,0.0,7.13956924050598e-17,7.13956924050598e-17,0.0,0.0,-3.0813544314914805e-18,8.30581517640512e-19,1.4079536004914412e-9,0.0006937502708497889,0.02986923513533385
8,0.009696273622190719,10,9,76,7.843204242372249,0.01220814817352027,7.843213743514061,0.07604994653443913,0.0,3.392526216052784e-17,3.392526216052784e-17,0.0,0.0,2.5139921060839175e-19,-1.495449519197636e-18,1.4079536004914412e-9,0.0006937502708497889,0.02986923513533385
8,0.009696273622190719,10,11,77,9.775964850780825,0.23919609121786492,9.77889071079926,0.09481880005340872,1.764326978846147e-17,0.0,1.764326978846147e-17,-6.928323022629486e-19,-3.7676105252438935e-19,0.0,0.0,1.4079536004914412e-9,0.0006937502708497889,0.02986923513533385
8,0.009696273622190719,10,9,78,9.775964850911922,0.23919609112034382,9.778890710927934,0.09481880005465637,0.0,1.533861206503694e-17,1.533861206503694e-17,0.0,0.0,-6.766505611632602e-19,-1.1070341742392972e-19,1.4079536004914412e-9,0.0006937502708497889,0.02986923513533385
8,0.009696273622190719,10,11,79,7.843204242423912,0.0122081491014688,7.84321374356717,0.07604994653495407,6.291048349636331e-18,0.0,6.291048349636331e-18,2.7459181299872526e-19,-6.060426359350295e-20,0.0,0.0,1.4079536004914412e-9,0.0006937502708497889,0.02986923513533385
