iteration,scale,ground_charge,charge,matrix_rank,energy_real,energy_imag,pole_real,pole_imag,matrix_support_abs,add11_real,add11_imag,add12_real,add12_imag,add21_real,add21_imag,add22_real,add22_imag,rem11_real,rem11_imag,rem12_real,rem12_imag,rem21_real,rem21_imag,rem22_real,rem22_imag,max_residual,biorth_error,min_pair_overlap
0,0.7853981633974483,2,1,0,0.2217567259721247,0.0013362047980255895,-0.17416732529953796,-0.0010494527942921563,35.53504498848033,0.0,0.0,0.0,0.0,0.0,0.0,0.0,0.0,-6.068010459111674,6.244298594445814,-6.245322280021094,-6.316754417749731,-6.245322280021095,-6.316754417749734,6.570492612051319,-6.241290564367916,4.579604652297316e-15,3.8211492557778534e-13,0.000399999971562193
0,0.7853981633974483,2,3,1,0.22175672597211935,0.0013362047980312402,0.17416732529953374,0.0010494527942965944,35.53504498847626,6.570492612024254,-6.241290564393832,6.245322280047022,6.31675441772268,6.245322280047022,6.31675441772268,-6.068010459084612,6.24429859447173,0.0,0.0,0.0,0.0,0.0,0.0,0.0,0.0,4.579604652297316e-15,3.8211492557778534e-13,0.000399999971562193
0,0.7853981633974483,2,3,2,0.21909981499808057,-0.0013201675309966706,0.17208059230021316,-0.0010368571542217289,35.10949899542451,-5.920599076065346,6.241284952466994,-6.245256460106434,-6.1663342190644155,-6.245256460106432,-6.166334219064415,6.417063593205501,-6.2442929026781275,0.0,0.0,0.0,0.0,0.0,0.0,0.0,0.0,4.579604652297316e-15,3.8211492557778534e-13,0.000399999971562193
0,0.7853981633974483,2,1,3,0.2190998149980748,-0.001320167530990953,-0.17208059230020864,0.0010368571542172383,35.10949899542382,0.0,0.0,0.0,0.0,0.0,0.0,0.0,0.0,6.417063593231974,-6.244292902651761,6.245256460080055,6.166334219090877,6.2452564600800535,6.166334219090877,-5.9205990760918175,6.241284952440624,4.579604652297316e-15,3.8211492557778534e-13,0.000399999971562193
0,0.7853981633974483,2,1,4,0.6631229712858993,0.001240717774110118,-0.5208155637546041,-0.0009744574610806567,0.037626780011777876,0.0,0.0,0.0,0.0,0.0,0.0,0.0,0.0,-0.006451865812942842,0.00658584295386858,-0.00658586247049167,-0.006715254066616927,-0.006585862470491626,-0.006715254066616879,0.006983908860543431,-0.006580507677245332,4.579604652297316e-15,3.8211492557778534e-13,0.000399999971562193
0,0.7853981633974483,2,3,5,0.6631229712858999,0.0012407177741100134,0.5208155637546046,0.0009744574610805746,0.03762678001177412,0.006983908860543262,-0.006580507677243287,0.0065858624704899305,0.006715254066617304,0.006585862470489932,0.0067152540666172615,-0.006451865812943739,0.006585842953867201,0.0,0.0,0.0,0.0,0.0,0.0,0.0,0.0,4.579604652297316e-15,3.8211492557778534e-13,0.000399999971562193
0,0.7853981633974483,2,1,6,0.660686414759727,-0.0011953588054596756,-0.5189018967339344,0.0009388326104089969,0.03686622476272933,0.0,0.0,0.0,0.0,0.0,0.0,0.0,0.0,0.006709698332264869,-0.006585837833150169,0.0065857098834151105,0.006446421643859645,0.006585709883415097,0.006446421643859603,-0.006188411459663534,0.006580422689763276,4.579604652297316e-15,3.8211492557778534e-13,0.000399999971562193
0,0.7853981633974483,2,3,7,0.6606864147597268,-0.0011953588054595377,0.5189018967339342,-0.0009388326104088886,0.03686622476271997,-0.0061884114596633,0.006580422689759397,-0.0065857098834116,-0.0064464216438598785,-0.006585709883411591,-0.00644642164385983,0.006709698332265601,-0.0065858378331470286,0.0,0.0,0.0,0.0,0.0,0.0,0.0,0.0,4.579604652297316e-15,3.8211492557778534e-13,0.000399999971562193
1,0.4534498410585544,3,2,0,0.03136967431805493,0.004026551330420042,-0.014224573833580624,-0.0018258390607930788,64.27804230305739,0.0,0.0,0.0,0.0,0.0,0.0,0.0,0.0,-10.907867351229557,11.36108908014868,-11.365654935950745,-11.357791837611696,-11.3656549359505,-11.35779183761437,11.816805211997604,-11.361130922727378,2.3498893903553053e-13,5.767950729965752e-11,0.02626671056221842
1,0.4534498410585544,3,4,1,0.03136967431806381,0.004026551330422911,0.014224573833584652,0.0018258390607943798,64.27804230305574,11.816805211997346,-11.361130922727089,11.365654935950403,11.357791837611451,11.365654935950174,11.357791837614112,-10.907867351229317,11.361089080148302,0.0,0.0,0.0,0.0,0.0,0.0,0.0,0.0,2.3498893903553053e-13,5.767950729965752e-11,0.02626671056221842
1,0.4534498410585544,3,4,2,1.2686330173351439,0.0006686084421185256,0.5752614400722553,0.0003031803918090531,3.29271708478557,0.6519420492181706,-0.529248851957901,0.5314489413058698,0.6285305652649961,0.531448941304781,0.6285305652651382,-0.6055440392673836,0.5331460362173781,0.0,0.0,0.0,0.0,0.0,0.0,0.0,0.0,2.3498893903553053e-13,5.767950729965752e-11,0.02626671056221842
1,0.4534498410585544,3,2,3,1.2686330173351519,0.000668608442084051,-0.5752614400722589,-0.00030318039179342063,3.2927170847405374,0.0,0.0,0.0,0.0,0.0,0.0,0.0,0.0,-0.6055440392643971,0.5331460362034208,-0.5314489412915141,-0.628530565262039,-0.5314489412912654,-0.6285305652621667,0.6519420492152416,-0.5292488519439842,2.3498893903553053e-13,5.767950729965752e-11,0.02626671056221842
1,0.4534498410585544,3,4,4,1.2660084987305966,-0.00019123097028602137,0.5740713525281681,-8.671365308166952e-5,3.053459386779209,-0.5147415628021615,0.542963913631173,-0.5433160308873449,-0.5361129424056966,-0.5433160308858369,-0.5361129424058536,0.5579188032085818,-0.5432390839956249,0.0,0.0,0.0,0.0,0.0,0.0,0.0,0.0,2.3498893903553053e-13,5.767950729965752e-11,0.02626671056221842
1,0.4534498410585544,3,2,5,1.2660084987305686,-0.00019123097028761558,-0.5740713525281554,8.671365308239243e-5,3.0534593867238877,0.0,0.0,0.0,0.0,0.0,0.0,0.0,0.0,0.557918803207091,-0.5432390839776562,0.543316030868857,0.5361129424042274,0.5433160308684147,0.5361129424043234,-0.5147415628006666,0.5429639136132298,2.3498893903553053e-13,5.767950729965752e-11,0.02626671056221842
1,0.4534498410585544,3,4,6,1.2773061289690468,0.007387931430782065,0.5791942611641316,0.003350056333039626,0.2740447524997982,-0.02546499156047815,-0.06508352186267975,0.0632829650953645,-0.02623186788739995,0.0632829650953967,-0.026231867887393102,0.02694810945614834,0.06150337356848408,0.0,0.0,0.0,0.0,0.0,0.0,0.0,0.0,2.3498893903553053e-13,5.767950729965752e-11,0.02626671056221842
1,0.4534498410585544,3,2,7,1.2773061289690522,0.007387931430820599,-0.5791942611641341,-0.003350056333057099,0.2740447524981044,0.0,0.0,0.0,0.0,0.0,0.0,0.0,0.0,0.0269481094554927,0.061503373568293135,-0.06328296509517492,0.02623186788677969,-0.0632829650951948,0.026231867886745162,-0.02546499155986648,-0.06508352186248043,2.3498893903553053e-13,5.767950729965752e-11,0.02626671056221842
1,0.4534498410585544,3,4,8,2.5611856815620255,0.004028525666350489,1.1613692402257458,0.0018267343231069364,0.0001340159060822569,2.4800167497216668e-5,-2.3516750419585548e-5,2.353278483156787e-5,2.3843239681140727e-5,2.3532784831577268e-5,2.3843239681153727e-5,-2.2905130460094823e-5,2.3529737124376103e-5,0.0,0.0,0.0,0.0,0.0,0.0,0.0,0.0,2.3498893903553053e-13,5.767950729965752e-11,0.02626671056221842
1,0.4534498410585544,3,2,9,2.561185681562027,0.004028525666351584,-1.1613692402257465,-0.0018267343231074327,0.00013401590608143208,0.0,0.0,0.0,0.0,0.0,0.0,0.0,0.0,-2.2905130460189308e-5,2.3529737123988114e-5,-2.353278483120068e-5,-2.38432396812232e-5,-2.3532784831188724e-5,-2.3843239681237455e-5,2.4800167497288666e-5,-2.3516750419218745e-5,2.3498893903553053e-13,5.767950729965752e-11,0.02626671056221842
1,0.4534498410585544,3,2,10,2.5659752046023745,0.003627971781908882,-1.1635410486871383,-0.0016451032278715029,8.57505413307278e-5,0.0,0.0,0.0,0.0,0.0,0.0,0.0,0.0,1.546815367420008e-5,-1.545849658559514e-5,1.545268555325994e-5,1.4855801720768794e-5,1.5452685553288593e-5,1.4855801720690267e-5,-1.425580715987565e-5,1.543498493662041e-5,2.3498893903553053e-13,5.767950729965752e-11,0.02626671056221842
1,0.4534498410585544,3,4,11,2.565975204602366,0.003627971781875816,1.1635410486871345,0.0016451032278565092,8.575054132883656e-5,-1.4255807159272032e-5,1.543498493658538e-5,-1.54526855532181e-5,-1.4855801720104947e-5,-1.5452685553197798e-5,-1.4855801720128591e-5,1.546815367357655e-5,-1.5458496585496167e-5,0.0,0.0,0.0,0.0,0.0,0.0,0.0,0.0,2.3498893903553053e-13,5.767950729965752e-11,0.02626671056221842
1,0.4534498410585544,3,2,12,2.5663764484678557,0.004029537659299635,-1.1637229926541666,-0.001827193211148879,4.283317739345148e-5,0.0,0.0,0.0,0.0,0.0,0.0,0.0,0.0,-7.110999982598545e-6,7.719052896095822e-6,-7.72827933798432e-6,-7.410691137180056e-6,-7.728279338058069e-6,-7.41069113716165e-6,7.716562542796772e-6,-7.731574754938725e-6,2.3498893903553053e-13,5.767950729965752e-11,0.02626671056221842
1,0.4534498410585544,3,4,13,2.5663764484678535,0.004029537659320359,1.1637229926541655,0.0018271932111582764,4.283317738602078e-5,7.716562541690336e-6,-7.731574753397302e-6,7.728279336469284e-6,7.410691136081458e-6,7.728279336525163e-6,7.410691136070638e-6,-7.110999981515449e-6,7.719052894588217e-6,0.0,0.0,0.0,0.0,0.0,0.0,0.0,0.0,2.3498893903553053e-13,5.767950729965752e-11,0.02626671056221842
1,0.4534498410585544,3,4,14,3.803789169592499,0.0006834052552137457,1.7248275943719693,0.0003098900043552538,2.0627934171581797e-6,4.054122441161086e-7,-3.352341534685006e-7,3.3647994049769226e-7,3.90733767719328e-7,3.36479940493561e-7,3.907337677190457e-7,-3.7632435019617265e-7,3.3741303288509944e-7,0.0,0.0,0.0,0.0,0.0,0.0,0.0,0.0,2.3498893903553053e-13,5.767950729965752e-11,0.02626671056221842
1,0.4534498410585544,3,2,15,3.8037891695925095,0.0006834052551825806,-1.724827594371974,-0.000309890004341122,2.0627934168399516e-6,0.0,0.0,0.0,0.0,0.0,0.0,0.0,0.0,-3.76324350171173e-7,3.374130327915856e-7,-3.3647994040129393e-7,-3.9073376769632955e-7,-3.364799404034787e-7,-3.9073376769259005e-7,4.0541224409175205e-7,-3.352341533755116e-7,2.3498893903553053e-13,5.767950729965752e-11,0.02626671056221842
1,0.4534498410585544,3,2,16,3.8011811363505696,-0.00016912479827603088,-1.723644982112941,7.668961289732627e-5,2.01253052594072e-6,0.0,0.0,0.0,0.0,0.0,0.0,0.0,0.0,3.669785252159651e-7,-3.588115361926304e-7,3.5883238189780617e-7,3.526062405299248e-7,3.588323818928845e-7,3.5260624053035385e-7,-3.385209088701642e-7,3.5857102782436114e-7,2.3498893903553053e-13,5.767950729965752e-11,0.02626671056221842
1,0.4534498410585544,3,4,17,3.8011811363505346,-0.0001691247982713428,1.7236449821129252,-7.668961289520046e-5,2.012530525829636e-6,-3.3852090887989195e-7,3.5857102777814353e-7,-3.5883238184359055e-7,-3.526062405429834e-7,-3.588323818464815e-7,-3.5260624054046213e-7,3.669785252293493e-7,-3.588115361379972e-7,0.0,0.0,0.0,0.0,0.0,0.0,0.0,0.0,2.3498893903553053e-13,5.767950729965752e-11,0.02626671056221842
1,0.4534498410585544,3,4,18,3.8124212841690737,0.007378335530527224,1.7287418253547164,0.0033457050735942544,1.3965284900189272e-7,-1.7581173363513e-8,-3.0972862761502576e-8,3.000889001188541e-8,-1.783690648933059e-8,3.000889001212545e-8,-1.7836906489494245e-8,1.8068626799252766e-8,2.9059177182600632e-8,0.0,0.0,0.0,0.0,0.0,0.0,0.0,0.0,2.3498893903553053e-13,5.767950729965752e-11,0.02626671056221842
1,0.4534498410585544,3,2,19,3.812421284169058,0.007378335530568814,-1.7287418253547093,-0.0033457050736131135,1.396528489745418e-7,0.0,0.0,0.0,0.0,0.0,0.0,0.0,0.0,1.80686267852853e-8,2.9059177182917505e-8,-3.00088900129481e-8,1.7836906475775243e-8,-3.000889001235138e-8,1.7836906474103226e-8,-1.758117334850054e-8,-3.097286276247818e-8,2.3498893903553053e-13,5.767950729965752e-11,0.02626671056221842
1,0.4534498410585544,3,4,20,5.101656865034871,0.0040317613731453315,2.313345494585345,0.0018282015538387696,2.2027988406472338e-16,3.9385608011748207e-17,4.00573061250917e-17,-3.8484221139509e-17,3.938350784016071e-17,-3.848419541088997e-17,3.938352027705579e-17,-3.9350619490988284e-17,-3.694260359482294e-17,0.0,0.0,0.0,0.0,0.0,0.0,0.0,0.0,2.3498893903553053e-13,5.767950729965752e-11,0.02626671056221842
1,0.4534498410585544,3,2,21,5.101656865034877,0.00403176137314414,-2.3133454945853478,-0.0018282015538382292,2.2027963988239072e-16,0.0,0.0,0.0,0.0,0.0,0.0,0.0,0.0,-3.9350152690487005e-17,-3.6942973434428265e-17,3.8484573688948065e-17,-3.9383058537373867e-17,3.848461152071448e-17,-3.938304700503115e-17,3.938515216052862e-17,4.0057706136234706e-17,2.3498893903553053e-13,5.767950729965752e-11,0.02626671056221842
1,0.4534498410585544,3,2,22,1.2744489025946333,0.00824747028402056,-0.5778986523187856,-0.0037398140894242737,4.866622652502291e-22,0.0,0.0,0.0,0.0,0.0,0.0,0.0,0.0,-7.975661507193785e-23,-7.667175444564802e-23,8.546131307475072e-23,-8.744780011256746e-23,8.67158100111224e-23,-8.372275517147237e-23,9.173972936044362e-23,9.659784836980269e-23,2.3498893903553053e-13,5.767950729965752e-11,0.02626671056221842
1,0.4534498410585544,3,4,23,1.2744489025946562,0.008247470284010646,0.5778986523187959,0.003739814089419778,4.800215053229197e-22,7.784061385607418e-23,1.055031814532544e-22,-9.52924754882652e-23,7.587282060875866e-23,-9.361626623588812e-23,7.138432923694324e-23,-6.947261829928898e-23,-8.447694639113257e-23,0.0,0.0,0.0,0.0,0.0,0.0,0.0,0.0,2.3498893903553053e-13,5.767950729965752e-11,0.02626671056221842
1,0.4534498410585544,3,2,24,2.566777692135102,0.00443033104589223,-1.1639049365313052,-0.002008932908596611,2.0145553915328118e-25,0.0,0.0,0.0,0.0,0.0,0.0,0.0,0.0,-5.1070155148170016e-26,1.8728966760454778e-27,-6.864692721420902e-27,-5.079982391776994e-26,-7.698561232891009e-27,-4.886602187720346e-26,4.802966419687305e-26,-1.246483742771971e-26,2.3498893903553053e-13,5.767950729965752e-11,0.02626671056221842
1,0.4534498410585544,3,4,25,2.566777692135089,0.004430331045899767,1.1639049365312992,0.0020089329086000283,8.893626316029781e-26,1.0296272513109284e-26,-2.0525476346214763e-26,1.6252792795954162e-26,1.594246435348063e-26,1.7854626342817944e-26,1.2326226152777473e-26,-1.7048786507569357e-26,1.3116191249554706e-26,0.0,0.0,0.0,0.0,0.0,0.0,0.0,0.0,2.3498893903553053e-13,5.767950729965752e-11,0.02626671056221842
1,0.4534498410585544,3,4,26,3.8095825339479417,0.008230575172719084,1.727454594518139,0.003732153003889953,1.3937605691230618e-26,3.1196274646313887e-27,-1.6572306144805762e-27,1.010803210118529e-27,3.466430101395364e-27,1.2797595764360964e-27,3.1066482182600695e-27,-3.375052312874755e-27,6.357063829408754e-28,0.0,0.0,0.0,0.0,0.0,0.0,0.0,0.0,2.3498893903553053e-13,5.767950729965752e-11,0.02626671056221842
1,0.4534498410585544,3,2,27,3.8095825339479266,0.00823057517270253,-1.7274545945181323,-0.0037321530038824462,2.994386693971672e-27,0.0,0.0,0.0,0.0,0.0,0.0,0.0,0.0,9.31886934975608e-29,5.481420308330243e-28,-8.5391640625491e-28,1.8727074081717575e-28,-4.345117619059841e-28,4.253975601478675e-28,-7.005322576315751e-28,-6.506596315394837e-28,2.3498893903553053e-13,5.767950729965752e-11,0.02626671056221842
1,0.4534498410585544,3,4,28,2.5693821505437313,0.004029332085988269,1.1650859277827417,0.001827099993963514,2.6970514042361792e-27,6.789914086341543e-29,6.511252202299181e-28,-6.456994852236233e-28,1.0399948804036797e-28,-6.916783847717386e-28,6.28042406371897e-29,-1.0117650928690205e-28,-6.864341178686082e-28,0.0,0.0,0.0,0.0,0.0,0.0,0.0,0.0,2.3498893903553053e-13,5.767950729965752e-11,0.02626671056221842
1,0.4534498410585544,3,2,29,2.569382150543731,0.004029332085987852,-1.1650859277827414,-0.001827099993963325,2.066123310697115e-27,0.0,0.0,0.0,0.0,0.0,0.0,0.0,0.0,7.349486935723442e-29,-5.298610125068378e-28,4.994347496376037e-28,5.566727922085504e-29,5.19500125385323e-28,1.0695923703122508e-28,-8.735412017237613e-29,4.905481982258249e-28,2.3498893903553053e-13,5.767950729965752e-11,0.02626671056221842
2,0.2617993877991494,4,5,0,0.28214064708322417,0.003963877471369947,0.07386424867964396,0.0010377406953154924,33.43279771385497,6.2272882417501405,-5.823777013423188,5.829427696711976,5.988597899499207,5.829427696783183,5.988597899478397,-5.754569182287727,5.830285637101689,0.0,0.0,0.0,0.0,0.0,0.0,0.0,0.0,1.7377669741396163e-12,1.087483705214555e-10,0.028278615241478337
2,0.2617993877991494,4,3,1,0.2821406470836466,0.00396387747183988,-0.07386424867975455,-0.0010377406954385207,33.43279771031405,0.0,0.0,0.0,0.0,0.0,0.0,0.0,0.0,-5.754569181608131,5.830285636531125,-5.829427696158787,-5.9885978987853505,-5.829427696195299,-5.988597898832036,6.227288241069952,-5.823777012852136,1.7377669741396163e-12,1.087483705214555e-10,0.028278615241478337
2,0.2617993877991494,4,5,2,0.2743213298347389,-0.0038536400296149504,0.07181715621098318,-0.00100888060055149,32.51157777829571,-5.435484855774393,5.823706091607935,-5.829227834864791,-5.662999590562779,-5.82922783493729,-5.662999590537891,5.895175894688594,-5.830217313893208,0.0,0.0,0.0,0.0,0.0,0.0,0.0,0.0,1.7377669741396163e-12,1.087483705214555e-10,0.028278615241478337
2,0.2617993877991494,4,3,3,0.27432132983417845,-0.003853640029808209,-0.07181715621083645,0.001008880600602085,32.511577774766764,0.0,0.0,0.0,0.0,0.0,0.0,0.0,0.0,5.8951758940106975,-5.8302173133211195,5.829227834310639,5.662999589850563,5.8292278343487025,5.662999589893968,-5.435484855096589,5.823706091036725,1.7377669741396163e-12,1.087483705214555e-10,0.028278615241478337
2,0.2617993877991494,4,3,4,2.4015969144496596,0.00026836280951454423,-0.6287366019432471,-7.025721923896742e-5,2.2541470231811633,0.0,0.0,0.0,0.0,0.0,0.0,0.0,0.0,-0.38523965045737285,0.3957939897564101,-0.39584623119521367,-0.40101864081578004,-0.3958462311580038,-0.40101864071110155,0.4171141796803204,-0.3955775310640435,1.7377669741396163e-12,1.087483705214555e-10,0.028278615241478337
2,0.2617993877991494,4,5,5,2.401596914450762,0.00026836281139656654,0.6287366019435356,7.025721973167971e-5,2.2541470124050207,0.41711417752339974,-0.39557752941373925,0.39584622951976345,0.4010186387157043,0.3958462295344144,0.4010186384961986,-0.3852396483006338,0.39579398810595534,0.0,0.0,0.0,0.0,0.0,0.0,0.0,0.0,1.7377669741396163e-12,1.087483705214555e-10,0.028278615241478337
2,0.2617993877991494,4,3,6,2.401063682649875,-0.0002647649568698323,-0.6285970021845084,6.931530361919029e-5,2.223823025993076,0.0,0.0,0.0,0.0,0.0,0.0,0.0,0.0,0.40618101391839306,-0.39579212079522885,0.3958421747603542,0.39029986724953475,0.3958421747255392,0.39029986714233444,-0.37473526926917444,0.3955798621766905,1.7377669741396163e-12,1.087483705214555e-10,0.028278615241478337
2,0.2617993877991494,4,5,7,2.401063682648517,-0.00026476495743956927,0.6285970021841529,-6.931530376834709e-5,2.2238230151940055,-0.37473526709258187,0.39557986053087163,-0.3958421730902451,-0.3902998651292586,-0.3958421731056304,-0.3902998649082984,0.4061810117419907,-0.3957921191492818,0.0,0.0,0.0,0.0,0.0,0.0,0.0,0.0,1.7377669741396163e-12,1.087483705214555e-10,0.028278615241478337
2,0.2617993877991494,4,5,8,0.8413406122997864,0.0034126926227598083,0.22026245723064558,0.0008934408393851914,0.15165474906122783,0.0284864868573203,-0.026159549674683622,0.026195017510407113,0.02740403947438976,0.02619501751078937,0.027404039473735643,-0.026342539332185045,0.026208553736030083,0.0,0.0,0.0,0.0,0.0,0.0,0.0,0.0,1.7377669741396163e-12,1.087483705214555e-10,0.028278615241478337
2,0.2617993877991494,4,3,9,0.8413406123004276,0.0034126926236924928,-0.22026245723081345,-0.0008934408396293676,0.15165474903041004,0.0,0.0,0.0,0.0,0.0,0.0,0.0,0.0,-0.026342539325331944,0.026208553732031067,-0.026195017506550056,-0.02740403946740142,-0.026195017506623754,-0.02740403946707509,0.028486486850528302,-0.02615954967065265,1.7377669741396163e-12,1.087483705214555e-10,0.028278615241478337
2,0.2617993877991494,4,5,10,0.8348061074574301,-0.003120708622684731,0.21855172786334615,-0.0008169996069183892,0.14460267257335793,-0.023900217172166147,0.026156541205493267,-0.02619180307011506,-0.02491182455402881,-0.026191803070304838,-0.02491182455319979,0.025944377402401048,-0.026207127097089618,0.0,0.0,0.0,0.0,0.0,0.0,0.0,0.0,1.7377669741396163e-12,1.087483705214555e-10,0.028278615241478337
2,0.2617993877991494,4,3,11,0.834806107456513,-0.0031207086231224944,-0.21855172786310603,0.0008169996070329955,0.14460267254042963,0.0,0.0,0.0,0.0,0.0,0.0,0.0,0.0,0.025944377395300644,-0.026207127092495265,0.02619180306558211,0.024911824546810464,0.026191803065587174,0.024911824546253042,-0.02390021716510566,0.026156541200833446,1.7377669741396163e-12,1.087483705214555e-10,0.028278615241478337
2,0.2617993877991494,4,5,12,2.981461544383019,0.0003236163169066967,0.7805448070661809,8.472255364798872e-5,0.0013147717526178718,0.00024409917969047887,-0.0002298707594970714,0.00023006049519913238,0.00023471177653488047,0.00023006049527643467,0.0002347117765020734,-0.00022550834660930744,0.00023006238796525414,0.0,0.0,0.0,0.0,0.0,0.0,0.0,0.0,1.7377669741396163e-12,1.087483705214555e-10,0.028278615241478337
2,0.2617993877991494,4,3,13,2.98146154438318,0.00032361631760492726,-0.780544807066223,-8.472255383078506e-5,0.00131477174983225,0.0,0.0,0.0,0.0,0.0,0.0,0.0,0.0,-0.00022550834645675074,0.00023006238712574474,-0.0002300604945018,-0.00023471177638994034,-0.00023006049429440074,-0.0002347117763423102,0.00024409917953901574,-0.0002298707586570607,1.7377669741396163e-12,1.087483705214555e-10,0.028278615241478337
2,0.2617993877991494,4,3,14,2.9434189283941086,0.006712478390492021,-0.770585273490006,-0.0017573227332458308,0.001304396243496308,0.0,0.0,0.0,0.0,0.0,0.0,0.0,0.0,-0.00019759643111369636,0.00025121072755269813,-0.00025220124176177474,-0.00020667334759348299,-0.00025220124176358075,-0.00020667334760000004,0.00021595195890534606,-0.0002530263366168034,1.7377669741396163e-12,1.087483705214555e-10,0.028278615241478337
2,0.2617993877991494,4,5,15,2.9434189283940757,0.0067124783887460215,0.7705852734899974,0.0017573227327887292,0.0013043962432378177,0.0002159519587779961,-0.00025302633663653424,0.00025220124177907736,0.00020667334746924488,0.00025220124178278983,0.00020667334747584938,-0.00019759643099257564,0.0002512107275695615,0.0,0.0,0.0,0.0,0.0,0.0,0.0,0.0,1.7377669741396163e-12,1.087483705214555e-10,0.028278615241478337
2,0.2617993877991494,4,5,16,2.981017747773448,-0.0001201100148818194,0.7804286213854879,-3.1444728364607044e-5,0.0012867368345727951,-0.00021579737024107876,0.00022985968491710533,-0.00023005190149559006,-0.0002248025041425735,-0.00023005190157933023,-0.00022480250408384278,0.0002339916075443842,-0.0002300642025636817,0.0,0.0,0.0,0.0,0.0,0.0,0.0,0.0,1.7377669741396163e-12,1.087483705214555e-10,0.028278615241478337
2,0.2617993877991494,4,3,17,2.981017747773211,-0.00012011001538822334,-0.7804286213854258,3.1444728497183285e-5,0.0012867368319035405,0.0,0.0,0.0,0.0,0.0,0.0,0.0,0.0,0.0002339916073963482,-0.00023006420177566086,0.0002300519008448279,0.00022480250399815115,0.00023005190065281155,0.0002248025039323135,-0.00021579737009380507,0.0002298596841277685,1.7377669741396163e-12,1.087483705214555e-10,0.028278615241478337
2,0.2617993877991494,4,5,18,2.934590983480243,-0.000648124897391137,0.7682741229160314,-0.0001696787013543862,0.000868231961361494,-7.458250577768792e-5,0.00019923729680344364,-0.0002016988845364965,-8.013933211381799e-5,-0.00020169888454909735,-8.013933210002485e-5,8.585749187361354e-5,-0.0002040962962828344,0.0,0.0,0.0,0.0,0.0,0.0,0.0,0.0,1.7377669741396163e-12,1.087483705214555e-10,0.028278615241478337
2,0.2617993877991494,4,3,19,2.934590983480785,-0.0006481248980377873,-0.7682741229161733,0.00016967870152367884,0.0008682319608669606,0.0,0.0,0.0,0.0,0.0,0.0,0.0,0.0,8.585749201185137e-5,-0.0002040962960934743,0.0002016988843505556,8.013933225064299e-5,0.00020169888436002105,8.01393322371954e-5,-7.4582505913569e-5,0.00019923729661777519,1.7377669741396163e-12,1.087483705214555e-10,0.028278615241478337
2,0.2617993877991494,4,5,20,2.9286717236927786,-0.006291955821268979,0.7667244643274491,-0.0016472301820675132,0.0007728440773614476,-0.00017564778813206714,7.076490486782893e-5,-6.859549854063471e-5,-0.00018060368997866483,-6.859549854036774e-5,-0.00018060368998166232,0.00018561441042503387,-6.628158733378183e-5,0.0,0.0,0.0,0.0,0.0,0.0,0.0,0.0,1.7377669741396163e-12,1.087483705214555e-10,0.028278615241478337
2,0.2617993877991494,4,3,21,2.928671723691826,-0.006291955820400027,-0.7667244643271998,0.001647230181840022,0.0007728440766468368,0.0,0.0,0.0,0.0,0.0,0.0,0.0,0.0,0.0001856144102200429,-6.628158736816512e-5,6.859549857106547e-5,0.00018060368977617606,6.859549857065942e-5,0.0001806036897789007,-0.00017564778793184701,7.076490489426048e-5,1.7377669741396163e-12,1.087483705214555e-10,0.028278615241478337
2,0.2617993877991494,4,5,22,2.9341688158993335,0.0006695859662724981,0.7681635997018006,0.0001752971960490419,0.00029969838363910187,7.45186775148625e-5,-1.698687810679133e-5,1.8108252808479886e-5,7.269569463245348e-5,1.8108252802338305e-5,7.269569464173674e-5,-7.088717509663755e-5,1.917146516348722e-5,0.0,0.0,0.0,0.0,0.0,0.0,0.0,0.0,1.7377669741396163e-12,1.087483705214555e-10,0.028278615241478337
2,0.2617993877991494,4,3,23,2.9341688158997643,0.000669585965537141,-0.7681635997019134,-0.00017529719585652586,0.0002996983828245746,0.0,0.0,0.0,0.0,0.0,0.0,0.0,0.0,-7.088717492047143e-5,1.9171465031475746e-5,-1.810825267820723e-5,-7.269569445516038e-5,-1.8108252670134412e-5,-7.269569446464232e-5,7.451867733673636e-5,-1.6986877976253172e-5,1.7377669741396163e-12,1.087483705214555e-10,0.028278615241478337
2,0.2617993877991494,4,5,24,5.081791217658871,0.003912063222796406,1.3304098297061866,0.0010241757567596664,2.6937530339240903e-5,5.0505138731570865e-6,-4.656749286458456e-6,4.66266187076808e-6,4.8582328861639835e-6,4.66266187008489e-6,4.858232887013176e-6,-4.66968047427529e-6,4.664686376675544e-6,0.0,0.0,0.0,0.0,0.0,0.0,0.0,0.0,1.7377669741396163e-12,1.087483705214555e-10,0.028278615241478337
2,0.2617993877991494,4,3,25,5.081791217658656,0.003912063222969687,-1.3304098297061302,-0.0010241757568050314,2.6937530328841903e-5,0.0,0.0,0.0,0.0,0.0,0.0,0.0,0.0,-4.669680471540145e-6,4.664686375831e-6,-4.662661869603715e-6,-4.85823288356242e-6,-4.662661869388489e-6,-4.858232884195053e-6,5.050513870470697e-6,-4.656749285435522e-6,1.7377669741396163e-12,1.087483705214555e-10,0.028278615241478337
2,0.2617993877991494,4,3,26,5.074081108434283,-0.003796275033443149,-1.3283913278313249,0.0009938624796726118,2.5809078396412398e-5,0.0,0.0,0.0,0.0,0.0,0.0,0.0,0.0,4.645797623359052e-6,-4.662448022928669e-6,4.660311799697439e-6,4.461496867518934e-6,4.660311799994119e-6,4.461496867264228e-6,-4.280922932588022e-6,4.654604888529312e-6,1.7377669741396163e-12,1.087483705214555e-10,0.028278615241478337
2,0.2617993877991494,4,5,27,5.074081108434234,-0.0037962750335302736,1.3283913278313118,-0.000993862479695421,2.58090783943085e-5,-4.280922931388407e-6,4.654604888804703e-6,-4.660311800051555e-6,-4.461496866368897e-6,-4.660311800304313e-6,-4.461496866196575e-6,4.645797622346678e-6,-4.66244802331518e-6,0.0,0.0,0.0,0.0,0.0,0.0,0.0,0.0,1.7377669741396163e-12,1.087483705214555e-10,0.028278615241478337
2,0.2617993877991494,4,3,28,5.086508874074933,0.0031103907123161264,-1.331644909267758,-0.0008142983843005222,2.194176254466807e-5,0.0,0.0,0.0,0.0,0.0,0.0,0.0,0.0,3.5380314160282865e-6,-4.335195691775398e-6,4.317883741766939e-6,3.382295620622004e-6,4.317883741091683e-6,3.3822956203951413e-6,-3.2300130491128987e-6,4.2978645732830675e-6,1.7377669741396163e-12,1.087483705214555e-10,0.028278615241478337
2,0.2617993877991494,4,5,29,5.086508874074438,0.0031103907123094425,1.3316449092676286,0.0008142983842987724,2.194176249070344e-5,-3.2300130376780373e-6,4.297864565126841e-6,-4.3178837335941275e-6,-3.3822956094799715e-6,-4.317883732956121e-6,-3.38229560859974e-6,3.5380314045309082e-6,-4.335195683615249e-6,0.0,0.0,0.0,0.0,0.0,0.0,0.0,0.0,1.7377669741396163e-12,1.087483705214555e-10,0.028278615241478337
2,0.2617993877991494,4,3,30,5.085198202199142,0.003381346305118135,-1.3313017761730706,-0.0008852343926168436,1.5183662335065256e-5,0.0,0.0,0.0,0.0,0.0,0.0,0.0,0.0,-1.3446900032068565e-6,3.468879453810659e-6,-3.5107959259757174e-6,-1.4423614624895517e-6,-3.510795925159032e-6,-1.442361463404529e-6,1.5428410974269243e-6,-3.551557384877892e-6,1.7377669741396163e-12,1.087483705214555e-10,0.028278615241478337
2,0.2617993877991494,4,5,31,5.0851982021993765,0.0033813463055665264,1.3313017761731318,0.0008852343927342322,1.5183662282263516e-5,1.5428410880661366e-6,-3.5515573745388893e-6,3.510795915313788e-6,1.442361453622449e-6,3.5107959150354513e-6,1.4423614533853979e-6,-1.3446899936950598e-6,3.4688794433558928e-6,0.0,0.0,0.0,0.0,0.0,0.0,0.0,0.0,1.7377669741396163e-12,1.087483705214555e-10,0.028278615241478337
2,0.2617993877991494,4,3,32,5.078745187251348,-0.0027588794547907924,-1.3296123808102793,0.0007222729522758806,1.3588022301310198e-5,0.0,0.0,0.0,0.0,0.0,0.0,0.0,0.0,-3.1163315039030114e-6,1.1719668481726704e-6,-1.1318071100134903e-6,-3.202554082967943e-6,-1.1318071096960658e-6,-3.2025540828675122e-6,3.2896810826582672e-6,-1.0890849665045218e-6,1.7377669741396163e-12,1.087483705214555e-10,0.028278615241478337
2,0.2617993877991494,4,5,33,5.078745187251247,-0.0027588794543632975,1.329612380810253,-0.0007222729521639626,1.3588022267035019e-5,3.2896810758044023e-6,-1.0890849601603827e-6,1.1318071034787739e-6,3.2025540760534583e-6,1.1318071035576288e-6,3.202554076081225e-6,-3.116331497060748e-6,1.1719668418382143e-6,0.0,0.0,0.0,0.0,0.0,0.0,0.0,0.0,1.7377669741396163e-12,1.087483705214555e-10,0.028278615241478337
2,0.2617993877991494,4,3,34,5.076423295869123,-0.0034989792938476955,-1.3290045110678768,0.0009160306370512267,5.171877801206725e-6,0.0,0.0,0.0,0.0,0.0,0.0,0.0,0.0,1.2825221484594962e-6,-3.0785341090236053e-7,3.2684326764481005e-7,1.2508434251890616e-6,3.268432677690812e-7,1.2508434250937022e-6,-1.2194257761203372e-6,3.4483234534095674e-7,1.7377669741396163e-12,1.087483705214555e-10,0.028278615241478337
2,0.2617993877991494,4,5,35,5.076423295869091,-0.0034989792939146775,1.3290045110678683,-0.0009160306370687626,5.171877785315085e-6,-1.2194257732250909e-6,3.4483234071373523e-7,-3.268432629261519e-7,-1.250843422274557e-6,-3.2684326328555435e-7,-1.250843422197786e-6,1.2825221455487174e-6,-3.0785340632640903e-7,0.0,0.0,0.0,0.0,0.0,0.0,0.0,0.0,1.7377669741396163e-12,1.087483705214555e-10,0.028278615241478337
2,0.2617993877991494,4,5,36,7.204288521838053,0.00027051586189434564,1.8860783245456412,7.082088703389893e-5,5.827227909665769e-7,1.0799486537722274e-7,-1.0208591111330454e-7,1.0216213638839739e-7,1.0383410286219408e-7,1.0216213641196127e-7,1.0383410286456853e-7,-9.975503681851447e-8,1.0215526172604084e-7,0.0,0.0,0.0,0.0,0.0,0.0,0.0,0.0,1.7377669741396163e-12,1.087483705214555e-10,0.028278615241478337
2,0.2617993877991494,4,3,37,7.204288521837577,0.00027051586117458285,-1.8860783245455166,-7.082088684546548e-5,5.827227907470294e-7,0.0,0.0,0.0,0.0,0.0,0.0,0.0,0.0,-9.975503658196924e-8,1.021552618868828e-7,-1.021621365497723e-7,-1.038341026220967e-7,-1.0216213657818984e-7,-1.0383410262845656e-7,1.0799486513748187e-7,-1.0208591128005772e-7,1.7377669741396163e-12,1.087483705214555e-10,0.028278615241478337
2,0.2617993877991494,4,3,38,7.2037581169021685,-0.00025978491608674194,-1.8859394648581411,6.801153199096244e-5,5.730606807387315e-7,0.0,0.0,0.0,0.0,0.0,0.0,0.0,0.0,1.0451121341070814e-7,-1.0215448923970384e-7,1.0216104289289677e-7,1.0041875901395244e-7,1.0216104289606685e-7,1.004187590756679e-7,-9.640800136574495e-8,1.020872288632663e-7,1.7377669741396163e-12,1.087483705214555e-10,0.028278615241478337
2,0.2617993877991494,4,5,39,7.203758116901797,-0.0002597849164829467,1.8859394648580439,-6.80115320946886e-5,5.730606805970242e-7,-9.640800163638137e-8,1.0208722854811949e-7,-1.0216104258282837e-7,-1.0041875929465787e-7,-1.0216104257866306e-7,-1.0041875933200901e-7,1.0451121367735301e-7,-1.0215448892773666e-7,0.0,0.0,0.0,0.0,0.0,0.0,0.0,0.0,1.7377669741396163e-12,1.087483705214555e-10,0.028278615241478337
2,0.2617993877991494,4,3,40,5.640475771579601,0.003448585788554983,-1.4766731038954743,-0.0009028376482165415,2.9881250852770796e-8,0.0,0.0,0.0,0.0,0.0,0.0,0.0,0.0,-5.2597324304347734e-9,5.093354285628545e-9,-5.087859908644414e-9,-5.468829629093278e-9,-5.0878598929324404e-9,-5.468829639889592e-9,5.681995375622073e-9,-5.077988825296724e-9,1.7377669741396163e-12,1.087483705214555e-10,0.028278615241478337
2,0.2617993877991494,4,5,41,5.640475771579498,0.003448585788054975,1.4766731038954475,0.0009028376480856397,2.988125079514404e-8,5.681995403898767e-9,-5.077988772549261e-9,5.087859856000066e-9,5.4688296587321035e-9,5.08785983669977e-9,5.468829672175493e-9,-5.259732464082639e-9,5.093354229694901e-9,0.0,0.0,0.0,0.0,0.0,0.0,0.0,0.0,1.7377669741396163e-12,1.087483705214555e-10,0.028278615241478337
2,0.2617993877991494,4,3,42,5.633874371213259,-0.0031516794374768895,-1.474944861320949,0.0008251077472706173,2.766497408066262e-8,0.0,0.0,0.0,0.0,0.0,0.0,0.0,0.0,4.889436268587239e-9,-5.0862277327385255e-9,5.080395166514391e-9,4.691955538322867e-9,5.08039518311882e-9,4.69195552641264e-9,-4.498537610289036e-9,5.0708074268723165e-9,1.7377669741396163e-12,1.087483705214555e-10,0.028278615241478337
2,0.2617993877991494,4,5,43,5.633874371213591,-0.003151679437417818,1.4749448613210359,-0.0008251077472551523,2.7664973666059638e-8,-4.498537568458897e-9,5.070807324453167e-9,-5.0803950620806494e-9,-4.691955498808837e-9,-5.0803950807218304e-9,-4.691955484283018e-9,4.889436228856266e-9,-5.086227628210118e-9,0.0,0.0,0.0,0.0,0.0,0.0,0.0,0.0,1.7377669741396163e-12,1.087483705214555e-10,0.028278615241478337
2,0.2617993877991494,4,5,44,5.645384087911826,0.002660703605982165,1.4779580981063756,0.00069657057516112,2.4126608836087606e-8,-3.6394602324722614e-9,4.658528759043837e-9,-4.677403803515855e-9,-3.807288959822495e-9,-4.677403809588534e-9,-3.807288929760616e-9,3.978858361414731e-9,-4.693231526150998e-9,0.0,0.0,0.0,0.0,0.0,0.0,0.0,0.0,1.7377669741396163e-12,1.087483705214555e-10,0.028278615241478337
2,0.2617993877991494,4,3,45,5.6453840879121095,0.002660703605771363,-1.4779580981064497,-0.0006965705751059323,2.41266086682559e-8,0.0,0.0,0.0,0.0,0.0,0.0,0.0,0.0,3.978858458834894e-9,-4.6932313922166006e-9,4.677403669451065e-9,3.80728906107571e-9,4.6774036765256514e-9,3.807289023653999e-9,-3.6394603302815506e-9,4.658528625920186e-9,1.7377669741396163e-12,1.087483705214555e-10,0.028278615241478337
2,0.2617993877991494,4,3,46,5.644336323250703,0.0029274997108181813,-1.4776837939595358,-0.0007664176320743868,1.6444591487175984e-8,0.0,0.0,0.0,0.0,0.0,0.0,0.0,0.0,-1.4979664289439602e-9,3.740558334389526e-9,-3.784778954933649e-9,-1.604246331471358e-9,-3.784778946039618e-9,-1.6042463574108525e-9,1.713553568958105e-9,-3.82771495882235e-9,1.7377669741396163e-12,1.087483705214555e-10,0.028278615241478337
2,0.2617993877991494,4,5,47,5.644336323250805,0.0029274997113155022,1.4776837939595626,0.0007664176322045852,1.6444590978537163e-8,1.7135534652776808e-9,-3.827714863668564e-9,3.784778859413747e-9,1.6042462341719533e-9,3.784778849661773e-9,1.604246255809316e-9,-1.4979663336616667e-9,3.7405582377634006e-9,0.0,0.0,0.0,0.0,0.0,0.0,0.0,0.0,1.7377669741396163e-12,1.087483705214555e-10,0.028278615241478337
2,0.2617993877991494,4,5,48,5.6389781977504265,-0.002167073076725588,1.4762810399838124,-0.000567338404802778,1.4223973185047118e-8,3.422855891471994e-9,-1.2010341013854535e-9,1.244128937063866e-9,3.330871299067696e-9,1.244128933824673e-9,3.33087130642808e-9,-3.2398809512144745e-9,1.2845586751391417e-9,0.0,0.0,0.0,0.0,0.0,0.0,0.0,0.0,1.7377669741396163e-12,1.087483705214555e-10,0.028278615241478337
2,0.2617993877991494,4,3,49,5.638978197750634,-0.002167073077103624,-1.4762810399838668,0.0005673384049017477,1.4223972640026616e-8,0.0,0.0,0.0,0.0,0.0,0.0,0.0,0.0,-3.2398808075411828e-9,1.2845586728796527e-9,-1.2441289384665798e-9,-3.330871153147857e-9,-1.2441289292298166e-9,-3.3308711626518537e-9,3.422855745428771e-9,-1.2010341004099987e-9,1.7377669741396163e-12,1.087483705214555e-10,0.028278615241478337
2,0.2617993877991494,4,5,50,5.637005031791824,-0.0028255343835264183,1.475764466343824,-0.0007397231718126633,5.380826302414676e-9,-1.263562854241327e-9,3.7642926685203014e-10,-3.581712661402028e-10,-1.2965077419045327e-9,-3.5817127461425513e-10,-1.2965077372933393e-9,1.3297387469833375e-9,-3.388759532010317e-10,0.0,0.0,0.0,0.0,0.0,0.0,0.0,0.0,1.7377669741396163e-12,1.087483705214555e-10,0.028278615241478337
2,0.2617993877991494,4,3,51,5.63700503179191,-0.0028255343835425295,-1.4757644663438467,0.0007397231718168812,5.380825836730413e-9,0.0,0.0,0.0,0.0,0.0,0.0,0.0,0.0,1.329738620295051e-9,-3.3887597134175795e-10,3.58171280381948e-10,1.296507616979073e-9,3.5817129193877634e-10,1.2965076119488243e-9,-1.2635627306776955e-9,3.7642928033315067e-10,1.7377669741396163e-12,1.087483705214555e-10,0.028278615241478337
2,0.2617993877991494,4,5,52,3.517429725933331,-3.723679940467479e-5,0.920860948875876,-9.74857128774359e-6,5.473792067181453e-10,-1.2816077037866428e-10,-3.9541929237057655e-11,4.294776354948414e-11,-1.2991629965966893e-10,4.294777315416158e-11,-1.2991630287540938e-10,1.3163743245165063e-10,4.6457526491022626e-11,0.0,0.0,0.0,0.0,0.0,0.0,0.0,0.0,1.7377669741396163e-12,1.087483705214555e-10,0.028278615241478337
2,0.2617993877991494,4,3,53,3.517429725932814,-3.7236799579228735e-5,-0.9208609488757407,9.748571333441707e-6,5.473791505090137e-10,0.0,0.0,0.0,0.0,0.0,0.0,0.0,0.0,1.3163742844080386e-10,4.6457495509966705e-11,-4.2947732594734815e-11,1.2991629454364755e-10,-4.294774090251245e-11,1.29916299283692e-10,-1.2816076564686586e-10,-3.954189705366487e-11,1.7377669741396163e-12,1.087483705214555e-10,0.028278615241478337
2,0.2617993877991494,4,3,54,3.5178759044358126,0.00040887599918186697,-0.9209777581346748,-0.00010704348627157829,1.826272000605171e-10,0.0,0.0,0.0,0.0,0.0,0.0,0.0,0.0,5.237304158092795e-13,-4.474534788988248e-11,4.5629286622192283e-11,1.4472748007346714e-12,4.5629292437295836e-11,1.4472757260283752e-12,-2.407322980033728e-12,4.651205865441741e-11,1.7377669741396163e-12,1.087483705214555e-10,0.028278615241478337
2,0.2617993877991494,4,5,55,3.517875904435429,0.00040887599929414955,0.9209777581345743,0.0001070434863009738,1.8262716285037028e-10,-2.4073226870698554e-12,4.651204910511339e-11,-4.562927816497343e-11,-1.4472750164831176e-12,-4.562928227797406e-11,-1.4472756743377359e-12,5.237308558755208e-13,-4.474533882762876e-11,0.0,0.0,0.0,0.0,0.0,0.0,0.0,0.0,1.7377669741396163e-12,1.087483705214555e-10,0.028278615241478337
2,0.2617993877991494,4,3,56,7.7460738152125534,0.006697617923262626,-2.027917382669668,-0.001753432272022766,2.968643089604484e-11,0.0,0.0,0.0,0.0,0.0,0.0,0.0,0.0,-4.494120294137089e-12,5.7195445500606115e-12,-5.742193110397973e-12,-4.700687980011107e-12,-5.74219324267717e-12,-4.700688012979379e-12,4.9118479471254476e-12,-5.76107941616139e-12,1.7377669741396163e-12,1.087483705214555e-10,0.028278615241478337
2,0.2617993877991494,4,5,57,7.746073815212532,0.006697617921446569,2.0279173826696626,0.0017534322715473233,2.968642808048746e-11,4.911848752574879e-12,-5.761077829757131e-12,5.742191572191684e-12,4.700688778593063e-12,5.742191661449878e-12,4.7006888017368005e-12,-4.494121076682994e-12,5.7195430161580615e-12,0.0,0.0,0.0,0.0,0.0,0.0,0.0,0.0,1.7377669741396163e-12,1.087483705214555e-10,0.028278615241478337
2,0.2617993877991494,4,3,58,7.783646931129669,-0.00015750244621380322,-2.0377540014144757,4.123404399564214e-5,2.792870205490722e-11,0.0,0.0,0.0,0.0,0.0,0.0,0.0,0.0,5.171101325034391e-12,-4.897913898173111e-12,4.9013688186437486e-12,4.971680903176796e-12,4.9013688874452715e-12,4.971681205927273e-12,-4.776180285564276e-12,4.90084489595481e-12,1.7377669741396163e-12,1.087483705214555e-10,0.028278615241478337
2,0.2617993877991494,4,5,59,7.783646931129077,-0.00015750244634735264,2.0377540014143203,-4.12340440306053e-5,2.7928696694395016e-11,-4.776179425746501e-12,4.900843820318963e-12,-4.901367771892972e-12,-4.971680171900568e-12,-4.9013678454605694e-12,-4.9716802314129865e-12,5.171100481477973e-12,-4.897912885321783e-12,0.0,0.0,0.0,0.0,0.0,0.0,0.0,0.0,1.7377669741396163e-12,1.087483705214555e-10,0.028278615241478337
2,0.2617993877991494,4,5,60,7.784171485815486,0.00036696423989329187,2.0378913295100896,9.607101334824401e-5,2.747936537116767e-11,5.009080446682952e-12,-4.900993634790316e-12,4.901210459209919e-12,4.81283927614385e-12,4.901210424545527e-12,4.812839211429256e-12,-4.620517466971359e-12,4.897575409201595e-12,0.0,0.0,0.0,0.0,0.0,0.0,0.0,0.0,1.7377669741396163e-12,1.087483705214555e-10,0.028278615241478337
2,0.2617993877991494,4,3,61,7.784171485814804,0.00036696423996330444,-2.037891329509911,-9.607101336657327e-5,2.747935962160629e-11,0.0,0.0,0.0,0.0,0.0,0.0,0.0,0.0,-4.6205175759821615e-12,4.897573282494322e-12,-4.901208336262817e-12,-4.812839502139998e-12,-4.901208285791899e-12,-4.812839220920731e-12,5.009080575077081e-12,-4.900991499328314e-12,1.7377669741396163e-12,1.087483705214555e-10,0.028278615241478337
2,0.2617993877991494,4,5,62,7.737273608182215,-0.0006406789161725454,2.0256134938566195,-0.00016772934802979493,1.9325905905542076e-11,-1.5264827782947135e-12,4.4825643023351865e-12,-4.541038545747301e-12,-1.6484742368328598e-12,-4.541038562271486e-12,-1.6484742076264026e-12,1.7740979685528858e-12,-4.598192573146159e-12,0.0,0.0,0.0,0.0,0.0,0.0,0.0,0.0,1.7377669741396163e-12,1.087483705214555e-10,0.028278615241478337
2,0.2617993877991494,4,3,63,7.737273608182703,-0.0006406789168198201,-2.0256134938567474,0.00016772934819925107,1.9325903441690678e-11,0.0,0.0,0.0,0.0,0.0,0.0,0.0,0.0,1.774098795540741e-12,-4.5981916033426614e-12,4.5410376099238046e-12,1.6484750571424366e-12,4.54103760257027e-12,1.6484749977689743e-12,-1.5264835625125717e-12,4.482563375542535e-12,1.7377669741396163e-12,1.087483705214555e-10,0.028278615241478337
2,0.2617993877991494,4,5,64,7.731370905268809,-0.00627271348235654,2.02406816984753,-0.001642192549520413,1.7755653006089054e-11,-4.032544038550412e-12,1.6328741229362636e-12,-1.5832335118171954e-12,-4.146490506770866e-12,-1.5832334293198824e-12,-4.1464905285479294e-12,4.261702257830721e-12,-1.530275119240678e-12,0.0,0.0,0.0,0.0,0.0,0.0,0.0,0.0,1.7377669741396163e-12,1.087483705214555e-10,0.028278615241478337
2,0.2617993877991494,4,3,65,7.731370905267846,-0.006272713481501302,-2.0240681698472773,0.001642192549296512,1.7755652444342264e-11,0.0,0.0,0.0,0.0,0.0,0.0,0.0,0.0,4.261701915314485e-12,-1.5302756303544646e-12,1.5832340110532686e-12,4.146490167300174e-12,1.5832339515104986e-12,4.146490177526138e-12,-4.032543690303581e-12,1.6328746328817373e-12,1.7377669741396163e-12,1.087483705214555e-10,0.028278615241478337
2,0.2617993877991494,4,5,66,7.736854037429739,0.0006694486589449433,2.0255036504904833,0.00017526124907474774,7.157480611650912e-12,1.7905400634344913e-12,-3.5467319486674605e-13,3.8268715738089184e-13,1.7477860252324082e-12,3.8268711080445726e-13,1.7477860434176488e-12,-1.7053375939950653e-12,4.093027233201062e-13,0.0,0.0,0.0,0.0,0.0,0.0,0.0,0.0,1.7377669741396163e-12,1.087483705214555e-10,0.028278615241478337
2,0.2617993877991494,4,3,67,7.736854037430168,0.0006694486582301869,-2.0255036504905957,-0.00017526124888762493,7.1574778768605714e-12,0.0,0.0,0.0,0.0,0.0,0.0,0.0,0.0,-1.7053370558650248e-12,4.0930203236568145e-13,-3.8268647106369853e-13,-1.7477854784410905e-12,-3.826864327709302e-13,-1.7477854889932948e-12,1.7905395007630429e-12,-3.5467252188013503e-13,1.7377669741396163e-12,1.087483705214555e-10,0.028278615241478337
2,0.2617993877991494,4,5,68,9.879716098261618,-0.003824190473154437,2.5865036261542924,-0.0010011707246991711,2.071307570692942e-17,-4.891014158397367e-18,-1.3549871551707137e-18,1.4818874139177871e-18,-4.961166620826805e-18,1.4818945958890272e-18,-4.96115305154642e-18,5.030118372289597e-18,1.6127637809698712e-18,0.0,0.0,0.0,0.0,0.0,0.0,0.0,0.0,1.7377669741396163e-12,1.087483705214555e-10,0.028278615241478337
2,0.2617993877991494,4,3,69,9.87971609826175,-0.0038241904728281047,-2.586503626154327,0.0010011707246137375,2.071253039084344e-17,0.0,0.0,0.0,0.0,0.0,0.0,0.0,0.0,5.029954147898052e-18,1.6128369250912767e-18,-1.4819825908162188e-18,4.961021733207583e-18,-1.4819565413333768e-18,4.96096636715861e-18,-4.890847145390598e-18,-1.3550711055214963e-18,1.7377669741396163e-12,1.087483705214555e-10,0.028278615241478337
2,0.2617993877991494,4,5,70,8.320124233038241,-3.325474257337858e-5,2.178203430622279,-8.706071247128822e-6,9.339856655841938e-18,-2.1872411707147244e-18,-6.733832788680499e-19,7.313936750478036e-19,-2.217170878478275e-18,7.314632776634903e-19,-2.2172319849349887e-18,2.2465766862125776e-18,7.912439541593999e-19,0.0,0.0,0.0,0.0,0.0,0.0,0.0,0.0,1.7377669741396163e-12,1.087483705214555e-10,0.028278615241478337
2,0.2617993877991494,4,3,71,8.320124233037932,-3.3254743346862285e-5,-2.1782034306221982,8.706071449626383e-6,9.338731106898207e-18,0.0,0.0,0.0,0.0,0.0,0.0,0.0,0.0,2.2465213216659817e-18,7.905319916714982e-19,-7.306752265580625e-19,2.2170878912734793e-18,-7.307538054173295e-19,2.2171933174431114e-18,-2.187174463161615e-18,-6.726676679933319e-19,1.7377669741396163e-12,1.087483705214555e-10,0.028278615241478337
2,0.2617993877991494,4,3,72,9.887489468839012,0.003947390587265909,-2.5885386898125904,-0.0010334244391503398,6.256200975558887e-18,0.0,0.0,0.0,0.0,0.0,0.0,0.0,0.0,1.7920940038722837e-19,-1.5224150395267813e-18,1.549215344108919e-18,2.1384357952525546e-19,1.5491911277637425e-18,2.138633248845804e-19,-2.4973683000402745e-19,1.5758203199778135e-18,1.7377669741396163e-12,1.087483705214555e-10,0.028278615241478337
2,0.2617993877991494,4,5,73,9.887489468839362,0.00394739058719864,2.588538689812682,0.001033424439132729,6.254616718008505e-18,-2.494091981035211e-19,1.575460784837436e-18,-1.5488519404377914e-18,-2.13532183153794e-19,-1.548844215274316e-18,-2.1352821007933118e-19,1.788904612864576e-19,-1.5220640037356233e-18,0.0,0.0,0.0,0.0,0.0,0.0,0.0,0.0,1.7377669741396163e-12,1.087483705214555e-10,0.028278615241478337
2,0.2617993877991494,4,5,74,8.320567438236813,0.0004098851310516726,2.1783194614719346,0.00010730767637730201,3.472589119491373e-18,-5.899802510813245e-21,8.855312324438772e-19,-8.679615885020793e-19,1.1579486287405222e-20,-8.680059085150144e-19,1.1570115767921388e-20,-2.835690926233068e-20,-8.504437601191762e-19,0.0,0.0,0.0,0.0,0.0,0.0,0.0,0.0,1.7377669741396163e-12,1.087483705214555e-10,0.028278615241478337
2,0.2617993877991494,4,3,75,8.320567438237454,0.0004098851303552184,-2.1783194614721024,-0.00010730767619497073,3.472187338120204e-18,0.0,0.0,0.0,0.0,0.0,0.0,0.0,0.0,-2.847882883037405e-20,-8.503326829294372e-19,8.678502347583802e-19,-1.1685446606237802e-20,8.679130477418435e-19,-1.1699527568710088e-20,-5.78697384617391e-21,8.854381783803148e-19,1.7377669741396163e-12,1.087483705214555e-10,0.028278615241478337
2,0.2617993877991494,4,5,76,10.440196683929525,-0.003096499777593949,2.7332371003554594,-0.0008106617460942981,1.2471719170804212e-20,-2.573443518955587e-21,-1.6478472678358392e-21,1.733786853339225e-21,-2.5913952880268702e-21,1.7331847407723562e-21,-2.5911001664529292e-21,2.6076562736236617e-21,1.8212029424119922e-21,0.0,0.0,0.0,0.0,0.0,0.0,0.0,0.0,1.7377669741396163e-12,1.087483705214555e-10,0.028278615241478337
2,0.2617993877991494,4,3,77,10.44019668392973,-0.0030964997771248674,-2.733237100355513,0.0008106617459714929,1.2465447502515866e-20,0.0,0.0,0.0,0.0,0.0,0.0,0.0,0.0,2.600020417862539e-21,1.8296316372894284e-21,-1.74242817589884e-21,2.5842518945786958e-21,-1.741654767546423e-21,2.5829698744587116e-21,-2.565817309942477e-21,-1.6565306811143312e-21,1.7377669741396163e-12,1.087483705214555e-10,0.028278615241478337
2,0.2617993877991494,4,5,78,10.446693625322075,0.0033993394274913847,2.734937995634596,0.0008899449810387556,9.075682100631551e-21,1.1856734253363793e-21,1.987982961338257e-21,-1.9248470330295782e-21,1.2010236711333641e-21,-1.924576071674249e-21,1.2010152989728316e-21,-1.2148112306952054e-21,-1.86240838225561e-21,0.0,0.0,0.0,0.0,0.0,0.0,0.0,0.0,1.7377669741396163e-12,1.087483705214555e-10,0.028278615241478337
2,0.2617993877991494,4,3,79,10.446693625321728,0.0033993394274515936,-2.734937995634505,-0.0008899449810283383,9.057318080212034e-21,0.0,0.0,0.0,0.0,0.0,0.0,0.0,0.0,-1.2059931345751128e-21,-1.862655946515586e-21,1.9250902522366105e-21,-1.192715401287607e-21,1.9243397760603178e-21,-1.1919205061404708e-21,1.1771030859733172e-21,1.987744461019634e-21,1.7377669741396163e-12,1.087483705214555e-10,0.028278615241478337
3,0.15114994701951814,5,4,0,0.08545671594699034,0.011521382592999275,-0.012916778087849601,-0.001741456368523439,60.993758570153084,0.0,0.0,0.0,0.0,0.0,0.0,0.0,0.0,-10.34941653064963,10.781664011711726,-10.786040682831281,-10.776351695394254,-10.786040682869427,-10.776351695379816,11.211912242857728,-10.781792822479279,3.3144235505955635e-12,5.022661759764081e-10,0.019944937116126767
3,0.15114994701951814,5,6,1,0.08545671594748017,0.011521382592715665,0.01291677808792364,0.0017414563684805713,60.99375857011699,11.21191224284841,-10.781792822475587,10.786040682828054,10.776351695384696,10.786040682865593,10.776351695370911,-10.349416530640479,10.781664011708349,0.0,0.0,0.0,0.0,0.0,0.0,0.0,0.0,3.3144235505955635e-12,5.022661759764081e-10,0.019944937116126767
3,0.15114994701951814,5,6,2,2.0832812587077574,0.0017914315213213294,0.3148878518804326,0.00027077477953681373,3.191748764324331,0.6349261057976623,-0.5093329739391831,0.5115976499775012,0.6122453119532675,0.5115976499189839,0.6122453119801531,-0.5899736002714937,0.5133723660749636,0.0,0.0,0.0,0.0,0.0,0.0,0.0,0.0,3.3144235505955635e-12,5.022661759764081e-10,0.019944937116126767
3,0.15114994701951814,5,4,3,2.0832812587075047,0.0017914315217351096,-0.3148878518803944,-0.0002707747795993566,3.191748764308938,0.0,0.0,0.0,0.0,0.0,0.0,0.0,0.0,-0.5899736002870952,0.5133723660501595,-0.5115976499463607,-0.6122453119735228,-0.5115976499006902,-0.6122453119911573,0.6349261058133455,-0.5093329739145677,3.3144235505955635e-12,5.022661759764081e-10,0.019944937116126767
3,0.15114994701951814,5,6,4,2.0760642676302674,-0.0005269681010962469,0.31379700406142963,-7.96512005616738e-5,2.7917377310274096,-0.468433584792952,0.49848977494164776,-0.4988976440014862,-0.48797155101239087,-0.49889764394241004,-0.48797155103740614,0.5079084791570274,-0.4989149761767752,0.0,0.0,0.0,0.0,0.0,0.0,0.0,0.0,3.3144235505955635e-12,5.022661759764081e-10,0.019944937116126767
3,0.15114994701951814,5,4,5,2.0760642676302803,-0.000526968101020207,-0.31379700406143163,7.965120055018037e-5,2.791737731012884,0.0,0.0,0.0,0.0,0.0,0.0,0.0,0.0,0.5079084791814413,-0.4989149761479535,0.49889764396582875,0.4879715510413956,0.49889764392022307,0.4879715510571294,-0.46843358481729425,0.4984897749126468,3.3144235505955635e-12,5.022661759764081e-10,0.019944937116126767
3,0.15114994701951814,5,6,6,4.29706482956688,0.0007977153421329826,0.6495011213284686,0.0001205746317000571,1.8762552619366186,0.35585355275697444,-0.31987658170241573,0.32045778289331006,0.34246706120426185,0.3204577827754618,0.3424670613097114,-0.32933682634922345,0.320764907818936,0.0,0.0,0.0,0.0,0.0,0.0,0.0,0.0,3.3144235505955635e-12,5.022661759764081e-10,0.019944937116126767
3,0.15114994701951814,5,4,7,4.297064829567906,0.0007977153293086021,-0.6495011213286237,-0.00012057462976165269,1.8762552529633743,0.0,0.0,0.0,0.0,0.0,0.0,0.0,0.0,-0.32933682554563015,0.3207649053943896,-0.32045778038883854,-0.3424670604901608,-0.32045778043116746,-0.34246706041514086,0.35585355195383817,-0.31987657927753704,3.3144235505955635e-12,5.022661759764081e-10,0.019944937116126767
3,0.15114994701951814,5,6,8,4.2923901685306545,-0.0003204499995629415,0.648794546560509,-4.8436000456343224e-5,1.726451675201905,-0.2911098227726478,0.3069294236731223,-0.3071257344672008,-0.3031934262661619,-0.3071257343499315,-0.3031934263704325,0.31552263338669395,-0.30707939216576835,0.0,0.0,0.0,0.0,0.0,0.0,0.0,0.0,3.3144235505955635e-12,5.022661759764081e-10,0.019944937116126767
3,0.15114994701951814,5,4,9,4.292390168524667,-0.0003204500028179177,-0.648794546559604,4.8436000948332696e-5,1.7264516660208737,0.0,0.0,0.0,0.0,0.0,0.0,0.0,0.0,0.31552263257627416,-0.3070793897405548,0.3071257319626254,0.3031934255451905,0.30712573200471804,0.30319342546859324,-0.29110982196219765,0.3069294212478974,3.3144235505955635e-12,5.022661759764081e-10,0.019944937116126767
3,0.15114994701951814,5,4,10,2.1077245082166174,0.021271485774055472,-0.31858244774868166,-0.0032151839477749184,0.2802177886316735,0.0,0.0,0.0,0.0,0.0,0.0,0.0,0.0,0.02165456279792296,0.06515645438200308,-0.06690106491353368,0.02075793815775449,-0.06690106491350072,0.02075793815876167,-0.019807786032690972,-0.06866226038458302,3.3144235505955635e-12,5.022661759764081e-10,0.019944937116126767
3,0.15114994701951814,5,6,11,2.1077245082164002,0.02127148577399879,0.31858244774864886,0.0032151839477663506,0.28021778862436314,-0.019807786040183132,-0.06866226038042067,0.06690106490874373,-0.02075793816506047,0.06690106490978555,-0.02075793816653764,0.021654562805503895,0.06515645437765623,0.0,0.0,0.0,0.0,0.0,0.0,0.0,0.0,3.3144235505955635e-12,5.022661759764081e-10,0.019944937116126767
3,0.15114994701951814,5,4,12,4.320296031554566,0.022259423085151046,-0.6530125162781071,-0.0033645106200056196,0.05510333293266656,0.0,0.0,0.0,0.0,0.0,0.0,0.0,0.0,0.0055996543513663136,0.012285808455562349,-0.012645715448983016,0.005460908752856111,-0.012645715448986523,0.005460908754065297,-0.0053120448373406536,-0.013009987122074152,3.3144235505955635e-12,5.022661759764081e-10,0.019944937116126767
3,0.15114994701951814,5,6,13,4.320296031553847,0.022259423070742357,0.6530125162779984,0.003364510617827747,0.055103332876471886,-0.0053120448207468985,-0.013009987113652179,0.012645715440502654,-0.005460908736558561,0.012645715440994914,-0.005460908737628693,0.005599654335217797,0.012285808447509164,0.0,0.0,0.0,0.0,0.0,0.0,0.0,0.0,3.3144235505955635e-12,5.022661759764081e-10,0.019944937116126767
3,0.15114994701951814,5,6,14,4.2444972488246115,0.010387494186489613,0.6415555342843305,0.0015700691959534576,0.00031354860313212614,-7.675788805191183e-5,3.271104748725701e-6,-1.7701853821103058e-6,-7.835932298092799e-5,-1.7701854071763824e-6,-7.835932294788394e-5,7.996214894966104e-5,-2.0657802535151197e-7,0.0,0.0,0.0,0.0,0.0,0.0,0.0,0.0,3.3144235505955635e-12,5.022661759764081e-10,0.019944937116126767
3,0.15114994701951814,5,4,15,4.244497248822636,0.010387494186034924,-0.641555534284032,-0.0015700691958847315,0.000313548599950767,0.0,0.0,0.0,0.0,0.0,0.0,0.0,0.0,7.99621481605169e-5,-2.065778418941062e-7,1.7701852086455544e-6,7.835932220600554e-5,1.7701852194382077e-6,7.835932213960994e-5,-7.675788725800163e-5,3.2711045701538663e-6,3.3144235505955635e-12,5.022661759764081e-10,0.019944937116126767
3,0.15114994701951814,5,4,16,6.448828193531913,0.011630698400406512,-0.9747400397903235,-0.0017579794470214388,0.00017951669677621277,0.0,0.0,0.0,0.0,0.0,0.0,0.0,0.0,-2.5843895590564362e-5,3.559331131306439e-5,-3.577758772996915e-5,-2.7086931270454684e-5,-3.577758773045627e-5,-2.7086931274200416e-5,2.8358580351922923e-5,-3.594018315692534e-5,3.3144235505955635e-12,5.022661759764081e-10,0.019944937116126767
3,0.15114994701951814,5,6,17,6.448828193530637,0.011630698393840068,0.9747400397901306,0.001757979446028921,0.00017951669653894277,2.8358580501356696e-5,-3.594018296191889e-5,3.57775875412134e-5,2.7086931423795e-5,3.577758754074039e-5,2.7086931424240288e-5,-2.5843895744344864e-5,3.559331112957709e-5,0.0,0.0,0.0,0.0,0.0,0.0,0.0,0.0,3.3144235505955635e-12,5.022661759764081e-10,0.019944937116126767
3,0.15114994701951814,5,4,18,4.245641962103673,0.011535773324080137,-0.6417285576358133,-0.0017436315267638834,0.0001588863236419893,0.0,0.0,0.0,0.0,0.0,0.0,0.0,0.0,-3.889273841027328e-5,1.731867651004103e-6,-9.728492154250553e-7,-3.9705693989016536e-5,-9.728492087648606e-7,-3.970569400126828e-5,4.051941515369827e-5,-1.8206591216908846e-7,3.3144235505955635e-12,5.022661759764081e-10,0.019944937116126767
3,0.15114994701951814,5,6,19,4.245641962103849,0.011535773323656802,0.6417285576358398,0.0017436315266998964,0.00015888632249292327,4.051941486301996e-5,-1.820660759095984e-7,9.728493681231185e-7,3.970569368147741e-5,9.728493816842126e-7,3.9705693726119905e-5,-3.8892738118203345e-5,1.7318678126617623e-6,0.0,0.0,0.0,0.0,0.0,0.0,0.0,0.0,3.3144235505955635e-12,5.022661759764081e-10,0.019944937116126767
3,0.15114994701951814,5,6,20,4.231648537294156,0.011526586207071116,0.6396134522172331,0.0017422428945147077,0.00015603394844861031,3.959268635205573e-5,3.9817448217310735e-6,-3.1258790682594503e-6,3.887913002016097e-5,-3.1258790794022026e-6,3.8879130025351724e-5,-3.816306054930597e-5,-2.3011156242351014e-6,0.0,0.0,0.0,0.0,0.0,0.0,0.0,0.0,3.3144235505955635e-12,5.022661759764081e-10,0.019944937116126767
3,0.15114994701951814,5,4,21,4.2316485372947055,0.011526586206578551,-0.6396134522173161,-0.0017422428944402566,0.00015603394749180995,0.0,0.0,0.0,0.0,0.0,0.0,0.0,0.0,-3.8163060314824445e-5,-2.301115571631245e-6,3.1258790089432136e-6,-3.887912978551457e-5,3.125879044383428e-6,-3.887912978763036e-5,3.959268611383272e-5,3.981744780338284e-6,3.3144235505955635e-12,5.022661759764081e-10,0.019944937116126767
3,0.15114994701951814,5,4,22,6.459840701771638,0.010605948038534832,-0.97640457982731,-0.0016030884841163023,0.0001188390849285433,0.0,0.0,0.0,0.0,0.0,0.0,0.0,0.0,2.1331549594807953e-5,-2.1528311229611847e-5,2.1516097090862536e-5,2.048295921828988e-5,2.1516097088570214e-5,2.0482959203030943e-5,-1.965157514686517e-5,2.1487489700245916e-5,3.3144235505955635e-12,5.022661759764081e-10,0.019944937116126767
3,0.15114994701951814,5,6,23,6.459840701769506,0.010605948036074708,0.9764045798269878,0.0016030884837444546,0.00011883908367293801,-1.9651574709899447e-5,2.1487489682737823e-5,-2.1516097067800458e-5,-2.0482958780066386e-5,-2.151609707685038e-5,-2.048295876736356e-5,2.1331549157895406e-5,-2.1528311211985037e-5,0.0,0.0,0.0,0.0,0.0,0.0,0.0,0.0,3.3144235505955635e-12,5.022661759764081e-10,0.019944937116126767
3,0.15114994701951814,5,4,24,6.460686754510702,0.011316684326705014,-0.9765324606539952,-0.0017105162364180742,6.887301265504401e-5,0.0,0.0,0.0,0.0,0.0,0.0,0.0,0.0,-1.0644373145652754e-5,1.3095259920227359e-5,-1.3139875370767037e-5,-1.1124416857746996e-5,-1.313987537014609e-5,-1.1124416845886893e-5,1.1614968896625612e-5,-1.3175587084183685e-5,3.3144235505955635e-12,5.022661759764081e-10,0.019944937116126767
3,0.15114994701951814,5,6,25,6.460686754511911,0.011316684321871788,0.9765324606541779,0.0017105162356875325,6.887301118527329e-5,1.161496836080538e-5,-1.3175587057817984e-5,1.313987533740871e-5,1.1124416321756824e-5,1.3139875348727943e-5,1.1124416309335277e-5,-1.0644372609018223e-5,1.3095259891420119e-5,0.0,0.0,0.0,0.0,0.0,0.0,0.0,0.0,3.3144235505955635e-12,5.022661759764081e-10,0.019944937116126767
3,0.15114994701951814,5,6,26,8.666763994852738,0.011525070586763046,1.3099809186526588,0.0017420138085854414,3.1010145287010005e-5,5.736725358307301e-6,-5.443498968099415e-6,5.4471350158792045e-6,5.5152991381102045e-6,5.447135016081779e-6,5.515299138083755e-6,-5.298228860305418e-6,5.446357082163358e-6,0.0,0.0,0.0,0.0,0.0,0.0,0.0,0.0,3.3144235505955635e-12,5.022661759764081e-10,0.019944937116126767
3,0.15114994701951814,5,4,27,8.666763994853946,0.011525070588512657,-1.3099809186528415,-0.001742013808849895,3.1010145246580174e-5,0.0,0.0,0.0,0.0,0.0,0.0,0.0,0.0,-5.298228864151411e-6,5.4463570641880025e-6,-5.447134997855283e-6,-5.515299142120185e-6,-5.447134997458895e-6,-5.515299141849992e-6,5.736725362239734e-6,-5.443498949415166e-6,3.3144235505955635e-12,5.022661759764081e-10,0.019944937116126767
3,0.15114994701951814,5,4,28,6.448438602104934,0.011424342604053965,-0.9746811530667765,-0.0017267887793355808,2.913306545364231e-5,0.0,0.0,0.0,0.0,0.0,0.0,0.0,0.0,-6.825933677895544e-6,-2.0887286360864627e-6,2.269780323078689e-6,-6.919787695005664e-6,2.2697803272814514e-6,-6.919787699588915e-6,7.011823678383404e-6,2.456367117302224e-6,3.3144235505955635e-12,5.022661759764081e-10,0.019944937116126767
3,0.15114994701951814,5,6,29,6.448438602102445,0.011424342605307208,0.9746811530664001,0.0017267887795250083,2.9133065013353063e-5,7.011823612483094e-6,2.4563669630617745e-6,-2.269780176952553e-6,6.9197876293599205e-6,-2.269780178265292e-6,6.91978763040208e-6,-6.825933609165501e-6,-2.0887284950314043e-6,0.0,0.0,0.0,0.0,0.0,0.0,0.0,0.0,3.3144235505955635e-12,5.022661759764081e-10,0.019944937116126767
3,0.15114994701951814,5,4,30,8.674474812359138,0.010842502069874447,-1.3111464083102284,-0.0016388436134205384,2.0291840708017413e-5,0.0,0.0,0.0,0.0,0.0,0.0,0.0,0.0,3.6648890400299527e-6,-3.6535246403621e-6,3.6523293001416897e-6,3.5199816713061764e-6,3.6523292980766395e-6,3.5199816749756286e-6,-3.3779950428812803e-6,3.6483168041514756e-6,3.3144235505955635e-12,5.022661759764081e-10,0.019944937116126767
3,0.15114994701951814,5,6,31,8.674474812356877,0.010842502068901489,1.3111464083098865,0.001638843613273476,2.029184022042455e-5,-3.3779949880894904e-6,3.6483166876517757e-6,-3.652329182208576e-6,-3.519981619869832e-6,-3.6523291830528983e-6,-3.519981616746977e-6,3.6648889852501365e-6,-3.653524523860808e-6,0.0,0.0,0.0,0.0,0.0,0.0,0.0,0.0,3.3144235505955635e-12,5.022661759764081e-10,0.019944937116126767
3,0.15114994701951814,5,4,32,8.675158125701072,0.011526241625280412,-1.3112496910856595,-0.001742190810995299,1.0136178487707005e-5,0.0,0.0,0.0,0.0,0.0,0.0,0.0,0.0,-1.685154528576588e-6,1.824461052543045e-6,-1.8265517722403485e-6,-1.756077181401856e-6,-1.8265517701114015e-6,-1.756077185685812e-6,1.828460517776795e-6,-1.8272370437454913e-6,3.3144235505955635e-12,5.022661759764081e-10,0.019944937116126767
3,0.15114994701951814,5,6,33,8.675158125702064,0.011526241626451172,1.3112496910858091,0.0017421908111722592,1.0136177961322854e-5,1.8284604718868668e-6,-1.8272369049809924e-6,1.8265516326022414e-6,1.7560771390554874e-6,1.8265516330065035e-6,1.756077136061891e-6,-1.6851544825941227e-6,1.8244609145112449e-6,0.0,0.0,0.0,0.0,0.0,0.0,0.0,0.0,3.3144235505955635e-12,5.022661759764081e-10,0.019944937116126767
3,0.15114994701951814,5,6,34,6.243889363142447,0.001858508303809847,0.9437635464347137,0.0002809134316561929,6.599007163157958e-6,1.3122914482447108e-6,-1.0535942536017563e-6,1.0582573070770308e-6,1.2653965197533233e-6,1.058257307106144e-6,1.2653965195478795e-6,-1.2193477918358406e-6,1.061907704893412e-6,0.0,0.0,0.0,0.0,0.0,0.0,0.0,0.0,3.3144235505955635e-12,5.022661759764081e-10,0.019944937116126767
3,0.15114994701951814,5,4,35,6.243889363142692,0.001858508304436013,-0.9437635464347508,-0.00028091343175083787,6.5990071497595415e-6,0.0,0.0,0.0,0.0,0.0,0.0,0.0,0.0,-1.2193477920718384e-6,1.0619076994247521e-6,-1.0582573015727725e-6,-1.2653965199179154e-6,-1.0582573016024667e-6,-1.2653965198535405e-6,1.312291448481956e-6,-1.0535942480612056e-6,3.3144235505955635e-12,5.022661759764081e-10,0.019944937116126767
3,0.15114994701951814,5,4,36,6.236756486358216,-0.0004235495789090167,-0.9426854124866805,6.401949641223709e-5,5.8433763790960745e-6,0.0,0.0,0.0,0.0,0.0,0.0,0.0,0.0,1.0616221950056589e-6,-1.04578095597676e-6,1.0456856091211973e-6,1.0198923744362637e-6,1.045685608940095e-6,1.0198923742688212e-6,-9.78998775685539e-7,1.0447740136957923e-6,3.3144235505955635e-12,5.022661759764081e-10,0.019944937116126767
3,0.15114994701951814,5,6,37,6.236756486357982,-0.00042354957964874616,0.9426854124866452,-6.401949652404716e-5,5.843376374851892e-6,-9.78998776112842e-7,1.0447740117091072e-6,-1.0456856071993378e-6,-1.0198923748864626e-6,-1.0456856069999657e-6,-1.0198923747359076e-6,1.0616221955007958e-6,-1.0457809541027194e-6,0.0,0.0,0.0,0.0,0.0,0.0,0.0,0.0,3.3144235505955635e-12,5.022661759764081e-10,0.019944937116126767
3,0.15114994701951814,5,6,38,6.4476734791088735,0.010733797912172138,0.9745655047664584,0.0016224129857430331,5.842328110002394e-6,-9.467630882903333e-7,1.0737297346718825e-6,-1.0758780696772735e-6,-9.876030433551967e-7,-1.075878068356256e-6,-9.876030437334746e-7,1.0293033852003145e-6,-1.0772359767857337e-6,0.0,0.0,0.0,0.0,0.0,0.0,0.0,0.0,3.3144235505955635e-12,5.022661759764081e-10,0.019944937116126767
3,0.15114994701951814,5,4,39,6.447673479106394,0.010733797907158548,-0.9745655047660836,-0.0016224129849852292,5.842328035620107e-6,0.0,0.0,0.0,0.0,0.0,0.0,0.0,0.0,1.0293032909029415e-6,-1.0772360380317173e-6,1.0758781320424224e-6,9.876029446426157e-7,1.075878128779862e-6,9.876029537459003e-7,-9.467629938372719e-7,1.0737297961317815e-6,3.3144235505955635e-12,5.022661759764081e-10,0.019944937116126767
3,0.15114994701951814,5,6,40,6.4613533622948,0.011745785757044692,0.9766332183852445,0.0017753748948799162,4.3046990637886615e-6,6.401391848780771e-7,8.918464121801786e-7,-8.614641259845554e-7,6.448256804675864e-7,-8.614641279677028e-7,6.448256811167159e-7,-6.488227991334595e-7,-8.315974265257819e-7,0.0,0.0,0.0,0.0,0.0,0.0,0.0,0.0,3.3144235505955635e-12,5.022661759764081e-10,0.019944937116126767
3,0.15114994701951814,5,4,41,6.4613533622937,0.01174578574984365,-0.9766332183850781,-0.001775374893791479,4.304698917758002e-6,0.0,0.0,0.0,0.0,0.0,0.0,0.0,0.0,-6.488227271690125e-7,-8.315974358137298e-7,8.614641348421177e-7,-6.448256096893959e-7,8.614641356954931e-7,-6.448256078644581e-7,6.401391128570451e-7,8.91846419494589e-7,3.3144235505955635e-12,5.022661759764081e-10,0.019944937116126767
3,0.15114994701951814,5,4,42,8.45894301322669,0.0027665689035070388,-1.2785687882903374,-0.0004181667431909353,2.93369534652273e-6,0.0,0.0,0.0,0.0,0.0,0.0,0.0,0.0,-5.17492143882151e-7,4.989195929579148e-7,-4.983349668179193e-7,-5.380197498469959e-7,-4.983349669277006e-7,-5.380197498623662e-7,5.589458515711885e-7,-4.973197655899028e-7,3.3144235505955635e-12,5.022661759764081e-10,0.019944937116126767
3,0.15114994701951814,5,6,43,8.45894301322675,0.0027665689045418326,1.2785687882903463,0.0004181667433473443,2.9336953458565823e-6,5.589458514586694e-7,-4.973197654882283e-7,4.98334966731588e-7,5.380197497283024e-7,4.983349667694896e-7,5.380197497531197e-7,-5.174921437676771e-7,4.989195928157271e-7,0.0,0.0,0.0,0.0,0.0,0.0,0.0,0.0,3.3144235505955635e-12,5.022661759764081e-10,0.019944937116126767
3,0.15114994701951814,5,4,44,8.457618518387536,0.0008888196391736922,-1.2783685909655715,-0.0001343450413710108,2.854134041506178e-6,0.0,0.0,0.0,0.0,0.0,0.0,0.0,0.0,-4.929246424723209e-7,4.960822145956607e-7,-4.959421828644946e-7,-5.129031503173307e-7,-4.959421827508271e-7,-5.129031502029217e-7,5.332782476019231e-7,-4.953916698646733e-7,3.3144235505955635e-12,5.022661759764081e-10,0.019944937116126767
3,0.15114994701951814,5,6,45,8.457618518387372,0.0008888196410424994,1.278368590965547,0.00013434504165348092,2.854134038342283e-6,5.332782465897441e-7,-4.953916698075001e-7,4.959421827289769e-7,5.129031493261048e-7,4.959421827027527e-7,5.129031491706302e-7,-4.92924641462384e-7,4.960822144698502e-7,0.0,0.0,0.0,0.0,0.0,0.0,0.0,0.0,3.3144235505955635e-12,5.022661759764081e-10,0.019944937116126767
3,0.15114994701951814,5,4,46,8.452964425081728,-0.0002248269472524267,-1.2776651250089748,3.39825811657643e-5,2.78778267521281e-6,0.0,0.0,0.0,0.0,0.0,0.0,0.0,0.0,5.148298468273489e-7,-4.90308278978981e-7,4.905987307380676e-7,4.949232746028352e-7,4.905987307115434e-7,4.94923274583139e-7,-4.7540902290876057e-7,4.9049308692116e-7,3.3144235505955635e-12,5.022661759764081e-10,0.019944937116126767
3,0.15114994701951814,5,6,47,8.45296442508186,-0.0002248269494685342,1.2776651250089948,-3.398258150072883e-5,2.787782668936637e-6,-4.7540902192371906e-7,4.904930857181342e-7,-4.905987295441509e-7,-4.949232735900114e-7,-4.905987295049302e-7,-4.949232735570516e-7,5.148298457731811e-7,-4.903082777821681e-7,0.0,0.0,0.0,0.0,0.0,0.0,0.0,0.0,3.3144235505955635e-12,5.022661759764081e-10,0.019944937116126767
3,0.15114994701951814,5,4,48,8.450809744674356,0.00016539501010177753,-1.2773394451795566,-2.499944701417634e-5,2.764417853397143e-6,0.0,0.0,0.0,0.0,0.0,0.0,0.0,0.0,3.3824551916981655e-7,-6.185506579684242e-7,6.128148994641927e-7,3.1935528207152527e-7,6.128148994324451e-7,3.193552820579443e-7,-3.009551946090017e-7,6.068234606416711e-7,3.3144235505955635e-12,5.022661759764081e-10,0.019944937116126767
3,0.15114994701951814,5,6,49,8.450809744676715,0.00016539501285888804,1.2773394451799132,2.4999447430913448e-5,2.764417841120902e-6,-3.0095519097839943e-7,6.068234590671363e-7,-6.128148979083765e-7,-3.1935527836061373e-7,-6.128148979156725e-7,-3.193552783835843e-7,3.382455154154517e-7,-6.185506564714424e-7,0.0,0.0,0.0,0.0,0.0,0.0,0.0,0.0,3.3144235505955635e-12,5.022661759764081e-10,0.019944937116126767
3,0.15114994701951814,5,6,50,8.448688520401532,0.00038999410504588286,1.2770188222431027,5.894758831560959e-5,7.773041028557044e-7,-1.4927896675688024e-7,-1.1828224823550679e-7,1.2369335050373906e-7,-1.4984995890426018e-7,1.2369335058841202e-7,-1.498499588675275e-7,1.5032194839750225e-7,1.292242932213908e-7,0.0,0.0,0.0,0.0,0.0,0.0,0.0,0.0,3.3144235505955635e-12,5.022661759764081e-10,0.019944937116126767
3,0.15114994701951814,5,4,51,8.448688520406453,0.0003899941081190548,-1.2770188222438466,-5.894758878011936e-5,7.773041011352031e-7,0.0,0.0,0.0,0.0,0.0,0.0,0.0,0.0,1.5032194586136924e-7,1.2922429550937378e-7,-1.2369335282587274e-7,1.498499564469192e-7,-1.2369335285075124e-7,1.498499564250891e-7,-1.4927896439178476e-7,-1.18282250530398e-7,3.3144235505955635e-12,5.022661759764081e-10,0.019944937116126767
3,0.15114994701951814,5,4,52,6.268133666805473,0.021229283006298574,-0.9474280716489052,-0.0032088050016643864,5.478554031698169e-7,0.0,0.0,0.0,0.0,0.0,0.0,0.0,0.0,4.295669127722358e-8,1.2718011433080212e-7,-1.3059950705575785e-7,4.12203232982357e-8,-1.3059950702777922e-7,4.1220323308417946e-8,-3.937946255077833e-8,-1.340518342154836e-7,3.3144235505955635e-12,5.022661759764081e-10,0.019944937116126767
3,0.15114994701951814,5,6,53,6.268133666805554,0.021229283008439237,0.9474280716489174,0.0032088050019879475,5.478554026564066e-7,-3.937946354654697e-8,-1.3405183375529824e-7,1.3059950659086345e-7,-4.122032430411685e-8,1.3059950660051094e-7,-4.1220324278379534e-8,4.2956692257788436e-8,1.2718011389779486e-7,0.0,0.0,0.0,0.0,0.0,0.0,0.0,0.0,3.3144235505955635e-12,5.022661759764081e-10,0.019944937116126767
3,0.15114994701951814,5,6,54,8.483087808251447,0.020409700099954284,1.2822182727791265,0.0030849250887923442,3.4494710521896824e-7,-3.8474260850153206e-8,-7.911014276548239e-8,7.677407582911684e-8,-3.925603369004072e-8,7.677407582638558e-8,-3.925603369281663e-8,3.9976374720203707e-8,7.44693891441415e-8,0.0,0.0,0.0,0.0,0.0,0.0,0.0,0.0,3.3144235505955635e-12,5.022661759764081e-10,0.019944937116126767
3,0.15114994701951814,5,4,55,8.483087808249046,0.020409700100904215,-1.2822182727787637,-0.0030849250889359264,3.4494710455975633e-7,0.0,0.0,0.0,0.0,0.0,0.0,0.0,0.0,3.9976374754962484e-8,7.446938894027905e-8,-7.677407562188302e-8,3.925603372979368e-8,-7.67740756167288e-8,3.925603374438822e-8,-3.8474260907176245e-8,-7.911014255268419e-8,3.3144235505955635e-12,5.022661759764081e-10,0.019944937116126767
3,0.15114994701951814,5,4,56,8.454304774429215,0.003160735951795019,-1.277867718741835,-0.0004777450716565034,2.9558807632371706e-7,0.0,0.0,0.0,0.0,0.0,0.0,0.0,0.0,-6.524098042381535e-8,-3.1452348047094656e-8,3.3412508454390273e-8,-6.590358142468768e-8,3.3412508477739484e-8,-6.59035814255406e-8,6.653943133407713e-8,3.542538104780578e-8,3.3144235505955635e-12,5.022661759764081e-10,0.019944937116126767
3,0.15114994701951814,5,6,57,8.454304774429056,0.003160735950474218,1.2778677187418113,0.00047774507145686437,2.9558807550963153e-7,6.653943130607254e-8,3.5425380664812175e-8,-3.3412508066772955e-8,6.590358138211257e-8,-3.341250810206398e-8,6.590358139871194e-8,-6.524098038243695e-8,-3.145234766703201e-8,0.0,0.0,0.0,0.0,0.0,0.0,0.0,0.0,3.3144235505955635e-12,5.022661759764081e-10,0.019944937116126767
3,0.15114994701951814,5,6,58,8.480696493836453,0.022194363500729633,1.281856825731993,0.003354676867267211,6.0682736855301e-8,-9.200327727250894e-9,-1.2443742648814278e-8,1.2014558889571e-8,-9.260346909913316e-9,1.2014558892156464e-8,-9.260346916562114e-9,9.310751490373998e-9,1.1592779564651136e-8,0.0,0.0,0.0,0.0,0.0,0.0,0.0,0.0,3.3144235505955635e-12,5.022661759764081e-10,0.019944937116126767
3,0.15114994701951814,5,4,59,8.480696493835836,0.022194363498905398,-1.2818568257318999,-0.003354676866991478,6.068273661330218e-8,0.0,0.0,0.0,0.0,0.0,0.0,0.0,0.0,9.310751365442232e-9,1.1592779587765247e-8,-1.2014558913059578e-8,9.260346782842105e-9,-1.2014558913288669e-8,9.260346787524562e-9,-9.200327595998615e-9,-1.2443742670263697e-8,3.3144235505955635e-12,5.022661759764081e-10,0.019944937116126767
3,0.15114994701951814,5,4,60,8.48536036762583,0.019824669592518652,-1.2825617700081633,-0.0029964977585886466,4.850562429197446e-8,0.0,0.0,0.0,0.0,0.0,0.0,0.0,0.0,-1.1298649030314397e-8,3.687417806137109e-9,-3.5305832387256898e-9,-1.1599797816018117e-8,-3.5305832479835465e-9,-1.1599797826805001e-8,1.1903767366979807e-8,-3.3644677145070276e-9,3.3144235505955635e-12,5.022661759764081e-10,0.019944937116126767
3,0.15114994701951814,5,6,61,8.485360367622599,0.01982466959352299,1.2825617700076748,0.0029964977587404523,4.8505622894164954e-8,1.1903767006501412e-8,-3.364467682188796e-9,3.530583211335072e-9,1.1599797459184428e-8,3.5305832215536353e-9,1.1599797469515749e-8,-1.1298648676352036e-8,3.687417784270419e-9,0.0,0.0,0.0,0.0,0.0,0.0,0.0,0.0,3.3144235505955635e-12,5.022661759764081e-10,0.019944937116126767
3,0.15114994701951814,5,4,62,8.488557593820062,0.02001698898093344,-1.2830450305780308,-0.003025566823958368,2.9180108502457842e-8,0.0,0.0,0.0,0.0,0.0,0.0,0.0,0.0,8.705778727068939e-10,-7.390528870390312e-9,7.259830007869801e-9,7.082727045941484e-10,7.259830018529941e-9,7.0827273751898e-10,-5.517752055668867e-10,7.12856221547474e-9,3.3144235505955635e-12,5.022661759764081e-10,0.019944937116126767
3,0.15114994701951814,5,6,63,8.488557593819904,0.020016988980999316,1.2830450305780068,0.003025566823968325,2.9180107744575516e-8,-5.517749829634921e-10,7.128562047969245e-9,-7.2598298538070745e-9,-7.082724874397033e-10,-7.259829835641512e-9,-7.082725065381014e-10,8.705776472097974e-10,-7.390528700781191e-9,0.0,0.0,0.0,0.0,0.0,0.0,0.0,0.0,3.3144235505955635e-12,5.022661759764081e-10,0.019944937116126767
3,0.15114994701951814,5,6,64,10.620431296405172,0.010672945618969,1.6052776277760743,0.0016132151648493628,6.9081873919073e-10,-1.5814091624413116e-10,6.035968145366919e-11,-5.833947870013867e-11,-1.6253445995379953e-10,-5.83394805396147e-11,-1.6253445933280594e-10,1.669746225966127e-10,-5.618923155396759e-11,0.0,0.0,0.0,0.0,0.0,0.0,0.0,0.0,3.3144235505955635e-12,5.022661759764081e-10,0.019944937116126767
3,0.15114994701951814,5,4,65,10.620431296400769,0.010672945614497633,-1.6052776277754086,-0.0016132151641735158,6.908187297198893e-10,0.0,0.0,0.0,0.0,0.0,0.0,0.0,0.0,1.6697462460272763e-10,-5.618921823763883e-11,5.833946629733386e-11,1.6253446204557322e-10,5.833946674773835e-11,1.6253446161106165e-10,-1.581409186027141e-10,6.035966857535237e-11,3.3144235505955635e-12,5.022661759764081e-10,0.019944937116126767
3,0.15114994701951814,5,6,66,10.609478589067376,0.011835589562690098,1.603622126642246,0.0017889487353453702,5.391855326090653e-10,1.195710846306952e-10,-6.790028240273559e-11,6.88869839502177e-11,1.1584910868062049e-10,6.888698359635809e-11,1.1584910883272457e-10,-1.1218220539152367e-10,6.978098383288766e-11,0.0,0.0,0.0,0.0,0.0,0.0,0.0,0.0,3.3144235505955635e-12,5.022661759764081e-10,0.019944937116126767
3,0.15114994701951814,5,4,67,10.609478589066848,0.011835589558258338,-1.6036221266421662,-0.00178894873467551,5.391854712906495e-10,0.0,0.0,0.0,0.0,0.0,0.0,0.0,0.0,-1.1218219174595729e-10,6.978097749937507e-11,-6.888697773148048e-11,-1.158490948819388e-10,-6.888697756176407e-11,-1.1584909425330842e-10,1.1957106988981385e-10,-6.790027650212881e-11,3.3144235505955635e-12,5.022661759764081e-10,0.019944937116126767
3,0.15114994701951814,5,4,68,10.60864054555028,0.011239850888895,-1.603495456409037,-0.0016989028663637632,1.1266307002217385e-10,0.0,0.0,0.0,0.0,0.0,0.0,0.0,0.0,-2.540929851025627e-11,-1.0790022220548568e-11,1.152425818953384e-11,-2.569714650786749e-11,1.1524257883454472e-11,-2.5697146766247994e-11,2.5975767140888898e-11,1.2279047865970764e-11,3.3144235505955635e-12,5.022661759764081e-10,0.019944937116126767
3,0.15114994701951814,5,6,69,10.608640545550262,0.01123985088530466,1.6034954564090342,0.0016989028658210834,1.1266298561596675e-10,2.5975742308394793e-11,1.2279051279852811e-11,-1.1524261426823731e-11,2.5697121920389232e-11,-1.15242610270784e-11,2.569712223238022e-11,-2.5409274204831953e-11,-1.0790025205272568e-11,0.0,0.0,0.0,0.0,0.0,0.0,0.0,0.0,3.3144235505955635e-12,5.022661759764081e-10,0.019944937116126767
3,0.15114994701951814,5,6,70,10.607754994318578,0.010524346576578664,1.603361605387282,0.0015907544274649122,3.6477883621329666e-11,-8.744728654925225e-12,1.8488085071515366e-12,-1.707328114060912e-12,-8.957296180280826e-12,-1.70732850361115e-12,-8.957296103346206e-12,9.171226623039146e-12,-1.5586817251014045e-12,0.0,0.0,0.0,0.0,0.0,0.0,0.0,0.0,3.3144235505955635e-12,5.022661759764081e-10,0.019944937116126767
3,0.15114994701951814,5,4,71,10.607754994323352,0.010524346579179193,-1.6033616053880038,-0.0015907544278579821,3.647787000013673e-11,0.0,0.0,0.0,0.0,0.0,0.0,0.0,0.0,9.171222455646059e-12,-1.5586857534608446e-12,1.707332258922423e-12,8.957291968894086e-12,1.7073323734654502e-12,8.957291853736347e-12,-8.74472436157447e-12,1.8488124885440367e-12,3.3144235505955635e-12,5.022661759764081e-10,0.019944937116126767
3,0.15114994701951814,5,6,72,8.406488959812545,0.011539534464277888,1.2706403608958303,0.0017442000229055065,1.4512088740204275e-12,-3.411246337311762e-13,1.4353700339612475e-13,-1.4735522091991826e-13,-3.314898682817112e-13,-1.4735516748806328e-13,-3.314900205122548e-13,3.2197303312085073e-13,-1.509081456680103e-13,0.0,0.0,0.0,0.0,0.0,0.0,0.0,0.0,3.3144235505955635e-12,5.022661759764081e-10,0.019944937116126767
3,0.15114994701951814,5,4,73,8.40648895981189,0.011539534465207663,-1.2706403608957313,-0.0017442000230460419,1.45120642736984e-12,0.0,0.0,0.0,0.0,0.0,0.0,0.0,0.0,3.219724611704859e-13,-1.50907950132994e-13,1.4735502399338496e-13,3.3148927695114516e-13,1.4735497397743782e-13,3.3148944675900394e-13,-3.41124040337134e-13,1.4353680846893904e-13,3.3144235505955635e-12,5.022661759764081e-10,0.019944937116126767
3,0.15114994701951814,5,4,74,4.316092827911504,0.023376191466631387,-0.6523772022701461,-0.003533310101699446,2.3605605994831756e-18,0.0,0.0,0.0,0.0,0.0,0.0,0.0,0.0,4.621460705017181e-19,-3.5010617733770944e-19,3.4643540113511375e-19,4.772395351015959e-19,3.4669924384537803e-19,4.779619756422858e-19,-4.932524131288577e-19,3.4264235486575697e-19,3.3144235505955635e-12,5.022661759764081e-10,0.019944937116126767
3,0.15114994701951814,5,6,75,4.316092827912895,0.023376191463803236,0.6523772022703563,0.0035333101012719713,1.3378613967777704e-18,-1.8037060456280976e-19,-2.892923986879601e-19,2.798258991711116e-19,-1.8347735327665223e-19,2.7907155352582507e-19,-1.8397179036777334e-19,1.8678185143042996e-19,2.69715855106952e-19,0.0,0.0,0.0,0.0,0.0,0.0,0.0,0.0,3.3144235505955635e-12,5.022661759764081e-10,0.019944937116126767
3,0.15114994701951814,5,6,76,2.1001837752087824,0.02358755503661661,0.31744266635405904,0.0035652576941045686,5.431609886649515e-20,-4.2226330573925155e-22,-1.3844462219266134e-20,1.3527769663032287e-20,-9.054516661699847e-22,1.3580400904570178e-20,-6.783164476304283e-22,1.1465337878161577e-21,1.3260355574005066e-20,0.0,0.0,0.0,0.0,0.0,0.0,0.0,0.0,3.3144235505955635e-12,5.022661759764081e-10,0.019944937116126767
3,0.15114994701951814,5,4,77,2.1001837752089534,0.023587555036162965,-0.3174426663540849,-0.0035652576940360006,5.032565374592677e-20,0.0,0.0,0.0,0.0,0.0,0.0,0.0,0.0,-6.317902578784966e-21,1.0535391812098547e-20,-1.0618027366237562e-20,-6.688509189892892e-21,-1.0630494200369713e-20,-6.78317853353903e-21,7.16581987883797e-21,-1.0704725584102406e-20,3.3144235505955635e-12,5.022661759764081e-10,0.019944937116126767
3,0.15114994701951814,5,4,78,6.449262831218164,0.012322982600536707,-0.9748057352535731,-0.001862618167193567,4.724676690245444e-20,0.0,0.0,0.0,0.0,0.0,0.0,0.0,0.0,-1.1305880662769904e-20,-2.512356300086713e-21,2.7811363223626026e-21,-1.1476215219279636e-20,2.7925458390924726e-21,-1.1477898609648565e-20,1.1646115103564647e-20,3.0701073335350705e-21,3.3144235505955635e-12,5.022661759764081e-10,0.019944937116126767
3,0.15114994701951814,5,6,79,4.253748761569417,0.011535418130422094,0.6429538999455583,0.0017435778392612886,7.676310351313335e-21,1.7976601087636204e-21,-5.449315880367288e-22,5.130626112963374e-22,1.8765000076130445e-21,5.254037806802506e-22,1.81813525474358e-21,-1.897141967317419e-21,4.92264822832558e-22,0.0,0.0,0.0,0.0,0.0,0.0,0.0,0.0,3.3144235505955635e-12,5.022661759764081e-10,0.019944937116126767
4,0.08726646259971647,6,5,0,0.3225942197763627,0.012733566522729538,-0.02815165641499867,-0.001111213306716779,31.506350757265544,0.0,0.0,0.0,0.0,0.0,0.0,0.0,0.0,-5.550849137097078,5.3651226102644545,-5.359121386609333,-5.771312593137267,-5.359121386598268,-5.771312593135943,5.996061498778972,-5.348501398688614,4.1226635064844455e-12,4.64431637992146e-9,0.019088489772611815
4,0.08726646259971647,6,7,1,0.3225942197757935,0.012733566522310068,0.028151656414949,0.0011112133066801734,31.50635075618274,5.996061498234395,-5.348501398877365,5.3591213868536265,5.7713125925912525,5.35912138673135,5.7713125925929125,-5.550849136552471,5.365122610452653,0.0,0.0,0.0,0.0,0.0,0.0,0.0,0.0,4.1226635064844455e-12,4.64431637992146e-9,0.019088489772611815
4,0.08726646259971647,6,5,2,0.29810781214484994,-0.01173929973413609,-0.02601481423922185,0.0010244471611958487,29.149767942713705,0.0,0.0,0.0,0.0,0.0,0.0,0.0,0.0,5.147149757898307,-5.363727412472051,5.357399207382962,4.93907560628987,5.35739920736725,4.939075606280731,-4.7352857928477,5.347118028057634,4.1226635064844455e-12,4.64431637992146e-9,0.019088489772611815
4,0.08726646259971647,6,7,3,0.2981078121455696,-0.011739299734508407,0.026014814239284652,-0.0010244471612283394,29.149767941807532,-4.735285792302777,5.347118028251697,-5.357399207633747,-4.93907560574535,-5.357399207505677,-4.939075605734873,5.147149757352694,-5.36372741266679,0.0,0.0,0.0,0.0,0.0,0.0,0.0,0.0,4.1226635064844455e-12,4.64431637992146e-9,0.019088489772611815
4,0.08726646259971647,6,5,4,3.866900231872093,0.0010467923543885718,-0.33745070446150094,-9.134986584391945e-5,2.544696380834065,0.0,0.0,0.0,0.0,0.0,0.0,0.0,0.0,-0.4378257152885892,0.4439389383698208,-0.44388071097286436,-0.45563854850945884,-0.44388071082522956,-0.4556385483898361,0.47380634031425123,-0.4434578306066441,4.1226635064844455e-12,4.64431637992146e-9,0.019088489772611815
4,0.08726646259971647,6,7,5,3.866900231875341,0.0010467923519378412,0.3374507044617844,9.134986563005286e-5,2.544696371445146,0.4738063390154235,-0.4434578285758476,0.443880709029788,0.45563854715895385,0.4438807087076962,0.45563854714133883,-0.43782571399003456,0.44393893633897435,0.0,0.0,0.0,0.0,0.0,0.0,0.0,0.0,4.1226635064844455e-12,4.64431637992146e-9,0.019088489772611815
4,0.08726646259971647,6,5,6,3.864829640309798,-0.0010194005673547883,-0.33727001126037065,8.895948148519639e-5,2.4778861871793163,0.0,0.0,0.0,0.0,0.0,0.0,0.0,0.0,0.4497245718782684,-0.44392705367578617,0.44386840522451126,0.43202907516513256,0.4438684050745659,0.43202907504132493,-0.4146885347421805,0.4434639913812831,4.1226635064844455e-12,4.64431637992146e-9,0.019088489772611815
4,0.08726646259971647,6,7,7,3.8648296403090194,-0.0010194005658424113,0.3372700112603027,-8.895948135321659e-5,2.47788617767457,-0.4146885334171247,0.44346398935477893,-0.4438684032858427,-0.43202907378772387,-0.4438684029613099,-0.43202907376716576,0.44972457055338094,-0.44392705164930224,0.0,0.0,0.0,0.0,0.0,0.0,0.0,0.0,4.1226635064844455e-12,4.64431637992146e-9,0.019088489772611815
4,0.08726646259971647,6,5,8,7.454567010634399,0.0007250232732979138,-0.6505336932306071,-6.327021636317641e-5,1.7915337682127923,0.0,0.0,0.0,0.0,0.0,0.0,0.0,0.0,-0.30648143840506387,0.3142703285926727,-0.31429973897724744,-0.3190221780440095,-0.31429973907082887,-0.3190221773260742,0.3318142546111204,-0.31407383119557297,4.1226635064844455e-12,4.64431637992146e-9,0.019088489772611815
4,0.08726646259971647,6,7,9,7.454567010627645,0.000725023285890785,0.6505336932300176,6.327021746211174e-5,1.7915337400046831,0.33181425247344243,-0.3140738233172522,0.31429973138822054,0.3190221751576817,0.3142997309049251,0.3190221759307611,-0.30648143626740254,0.31427032071435046,0.0,0.0,0.0,0.0,0.0,0.0,0.0,0.0,4.1226635064844455e-12,4.64431637992146e-9,0.019088489772611815
4,0.08726646259971647,6,5,10,7.453115402031466,-0.0007109283468590445,-0.6504070164827498,6.204020199225307e-5,1.764048162938277,0.0,0.0,0.0,0.0,0.0,0.0,0.0,0.0,0.32190477712880405,-0.31426815088735743,0.31429588821680166,0.3093070223862462,0.31429588831092037,0.30930702166745283,-0.29696060459923695,0.3140760795050532,4.1226635064844455e-12,4.64431637992146e-9,0.019088489772611815
4,0.08726646259971647,6,7,11,7.453115402044837,-0.0007109283611853728,0.6504070164839165,-6.204020324246106e-5,1.764048134425269,-0.29696060244360917,0.31407607162547035,-0.31429588062718244,-0.30930701948201905,-0.31429588014300547,-0.30930702025407647,0.3219047749731284,-0.3142681430076781,0.0,0.0,0.0,0.0,0.0,0.0,0.0,0.0,4.1226635064844455e-12,4.64431637992146e-9,0.019088489772611815
4,0.08726646259971647,6,5,12,0.9598300759090166,0.009161604799044338,-0.08376097542139722,-0.0007995008425491857,0.8035614926556359,0.0,0.0,0.0,0.0,0.0,0.0,0.0,0.0,-0.14502715621308807,0.13316964653110414,-0.13287279502471985,-0.1506442651289415,-0.13287279502129087,-0.15064426512860257,0.1563676240572746,-0.1324553856027674,4.1226635064844455e-12,4.64431637992146e-9,0.019088489772611815
4,0.08726646259971647,6,7,13,0.959830075908209,0.009161604799115375,0.08376097542132675,0.0007995008425553848,0.8035614926330908,0.15636762404488344,-0.13245538560823134,0.13287279503302976,0.15064426511653406,0.13287279502391794,0.15064426511633838,-0.14502715620080117,0.13316964653656937,0.0,0.0,0.0,0.0,0.0,0.0,0.0,0.0,4.1226635064844455e-12,4.64431637992146e-9,0.019088489772611815
4,0.08726646259971647,6,5,14,0.9437296267453612,-0.0069433582913052926,-0.08235594617661846,0.0006059223166446246,0.6993586897788283,0.0,0.0,0.0,0.0,0.0,0.0,0.0,0.0,0.11886267297087631,-0.13297196852260737,0.13264372731707738,0.11387906582572518,0.13264372731389296,0.11387906582481577,-0.10900153720320882,0.1322243404242532,4.1226635064844455e-12,4.64431637992146e-9,0.019088489772611815
4,0.08726646259971647,6,7,15,0.9437296267467392,-0.006943358292209599,0.0823559461767387,-0.0006059223167235401,0.6993586897641417,-0.10900153719553966,0.13222434042593093,-0.13264372732112667,-0.11387906581748812,-0.13264372731319218,-0.11387906581788103,0.11886267296337535,-0.13297196852426837,0.0,0.0,0.0,0.0,0.0,0.0,0.0,0.0,4.1226635064844455e-12,4.64431637992146e-9,0.019088489772611815
4,0.08726646259971647,6,7,16,4.457046933653912,0.019163038771484803,0.38895071954089006,0.0016722906062486952,0.005776675656247177,0.000986574387430357,-0.0010940577359053968,0.0010915257482053814,0.0009453985700237685,0.0010915257482624965,0.0009453985700291016,-0.0009050956705536552,0.0010882370925394413,0.0,0.0,0.0,0.0,0.0,0.0,0.0,0.0,4.1226635064844455e-12,4.64431637992146e-9,0.019088489772611815
4,0.08726646259971647,6,5,17,4.45704693365628,0.019163038768133533,-0.3889507195410968,-0.0016722906059562419,0.005776675655942448,0.0,0.0,0.0,0.0,0.0,0.0,0.0,0.0,-0.0009050956705043286,0.0010882370924785412,-0.0010915257481484684,-0.0009453985699685852,-0.0010915257482038035,-0.0009453985699849445,0.0009865743873805047,-0.001094057735850787,4.1226635064844455e-12,4.64431637992146e-9,0.019088489772611815
4,0.08726646259971647,6,7,18,4.553551746768589,0.0015186166001972812,0.39737235320525466,0.00013252429874442462,0.004594205395932978,0.0008567978611435708,-0.0007991372551650421,0.0007999575558908808,0.0008239990263136049,0.000799957555419431,0.0008239990259577602,-0.000791839893405145,0.0008001184010409412,0.0,0.0,0.0,0.0,0.0,0.0,0.0,0.0,4.1226635064844455e-12,4.64431637992146e-9,0.019088489772611815
4,0.08726646259971647,6,5,19,4.553551746771218,0.0015186166022880636,-0.3973723532054841,-0.0001325242989268798,0.0045942053864885075,0.0,0.0,0.0,0.0,0.0,0.0,0.0,0.0,-0.0007918398909296588,0.0008001184002006991,-0.0007999575552363157,-0.000823999024165913,-0.0007999575543906182,-0.0008239990231581412,0.0008567978586724046,-0.0007991372543197394,4.1226635064844455e-12,4.64431637992146e-9,0.019088489772611815
4,0.08726646259971647,6,7,20,4.552069499039341,0.00010045976125647865,0.39724300268922674,8.76676799846494e-6,0.004424308372114889,-0.0007333673994754207,0.0007983615668594456,-0.0007993587854378712,-0.0007643215929446057,-0.0007993587849219013,-0.0007643215924522418,0.0007959150282788929,-0.0007997442905263419,0.0,0.0,0.0,0.0,0.0,0.0,0.0,0.0,4.1226635064844455e-12,4.64431637992146e-9,0.019088489772611815
4,0.08726646259971647,6,5,21,4.552069499037001,0.00010045976100386475,-0.3972430026890226,-8.766767976420218e-6,0.0044243083618746406,0.0,0.0,0.0,0.0,0.0,0.0,0.0,0.0,0.0007959150256189455,-0.0007997442895265549,0.0007993587846356025,0.0007643215905898151,0.0007993587837233901,0.0007643215894907363,-0.0007333673968198485,0.0007983615658564773,4.1226635064844455e-12,4.64431637992146e-9,0.019088489772611815
4,0.08726646259971647,6,5,22,4.431713460314581,-0.001586876089461755,-0.3867399569372025,0.00013848106291139856,0.0038733936291274907,0.0,0.0,0.0,0.0,0.0,0.0,0.0,0.0,0.00034350699635221995,-0.0009261577491988558,0.0009143748025217999,0.00031848061657945026,0.0009143748024678827,0.00031848061648665144,-0.000294185634525713,0.0009023367787388373,4.1226635064844455e-12,4.64431637992146e-9,0.019088489772611815
4,0.08726646259971647,6,7,23,4.431713460317206,-0.0015868760870067083,0.3867399569374315,-0.00013848106269715533,0.0038733936269858774,-0.00029418563367926355,0.0009023367784706506,-0.0009143748022654123,-0.00031848061573790766,-0.0009143748021856597,-0.0003184806156198635,0.00034350699549018956,-0.000926157748928007,0.0,0.0,0.0,0.0,0.0,0.0,0.0,0.0,4.1226635064844455e-12,4.64431637992146e-9,0.019088489772611815
4,0.08726646259971647,6,7,24,4.4149532629391635,-0.016672332627430436,0.38527735379977673,-0.0014549354916816909,0.0030114916221921856,-0.0006994998693745772,0.000234919283095959,-0.00022534222841932044,-0.0007182793185683546,-0.0002253422284521776,-0.0007182793185638974,0.0007372388116621187,-0.00021519047830331628,0.0,0.0,0.0,0.0,0.0,0.0,0.0,0.0,4.1226635064844455e-12,4.64431637992146e-9,0.019088489772611815
4,0.08726646259971647,6,5,25,4.414953262943754,-0.016672332620933965,-0.3852773538001773,0.0014549354911147668,0.003011491620805628,0.0,0.0,0.0,0.0,0.0,0.0,0.0,0.0,0.0007372388113728745,-0.0002151904780327815,0.00022534222814834205,0.0007182793182885321,0.00022534222818675347,0.000718279318285477,-0.0006994998691052988,0.0002349192828301722,4.1226635064844455e-12,4.64431637992146e-9,0.019088489772611815
4,0.08726646259971647,6,5,26,8.043711469880552,0.01941713424283695,-0.7019462461492416,-0.0016944646191962049,0.0015896953824262997,0.0,0.0,0.0,0.0,0.0,0.0,0.0,0.0,-0.00019480443363169183,0.0003373047295640302,-0.000340073566769881,-0.0002055823613727501,-0.0003400735667786963,-0.00020558236138274334,0.0002166322821476026,-0.00034267782929826656,4.1226635064844455e-12,4.64431637992146e-9,0.019088489772611815
4,0.08726646259971647,6,7,27,8.043711469792242,0.01941713430711062,0.7019462461415351,0.0016944646248051407,0.0015896953791259617,0.00021663228228548922,-0.00034267782820987644,0.00034007356570609653,0.00020558236153376,0.0003400735657229191,0.0002055823615386761,-0.0001948044338096541,0.00033730472853264667,0.0,0.0,0.0,0.0,0.0,0.0,0.0,0.0,4.1226635064844455e-12,4.64431637992146e-9,0.019088489772611815
4,0.08726646259971647,6,7,28,8.146914636451275,0.0013397802264795422,0.7109524214249578,0.00011691788102591664,0.0014076189954417527,0.0002608941832891203,-0.0002465733833425885,0.0002467584467747873,0.00025084350669252837,0.00024675844715211544,0.00025084350680157363,-0.000240990156658564,0.00024674275685416787,0.0,0.0,0.0,0.0,0.0,0.0,0.0,0.0,4.1226635064844455e-12,4.64431637992146e-9,0.019088489772611815
4,0.08726646259971647,6,5,29,8.146914636447958,0.001339780239507489,-0.7109524214246685,-0.00011691788216281947,0.0014076189944004108,0.0,0.0,0.0,0.0,0.0,0.0,0.0,0.0,-0.00024099015740216393,0.0002467427557315014,-0.000246758445789619,-0.00025084350744381017,-0.0002467584458860312,-0.0002508435075337809,0.00026089418402974295,-0.0002465733822145479,4.1226635064844455e-12,4.64431637992146e-9,0.019088489772611815
4,0.08726646259971647,6,7,30,8.145159218352543,0.00026837871146137907,0.7107992322970981,2.3420460786304535e-5,0.0013507843135062592,-0.00022547338728945643,0.00024229672066444744,-0.00024254015240268375,-0.00023492577175863053,-0.00024254015281861995,-0.00023492577184770744,0.0002445721132292547,-0.0002425955663627316,0.0,0.0,0.0,0.0,0.0,0.0,0.0,0.0,4.1226635064844455e-12,4.64431637992146e-9,0.019088489772611815
4,0.08726646259971647,6,5,31,8.145159218358572,0.00026837870074819525,-0.7107992322976242,-2.342045985140288e-5,0.0013507843122662006,0.0,0.0,0.0,0.0,0.0,0.0,0.0,0.0,0.00024457211365372286,-0.00024259556552263034,0.00024254015169847013,0.00023492577217648424,0.00024254015184150917,0.0002349257722738452,-0.00022547338770975275,0.0002422967198234955,4.1226635064844455e-12,4.64431637992146e-9,0.019088489772611815
4,0.08726646259971647,6,5,32,4.429949025263112,0.0028995267457478276,-0.3865859809317738,-0.0002530314423146804,0.0011707508069080405,0.0,0.0,0.0,0.0,0.0,0.0,0.0,0.0,-0.00028181279814593735,5.3597731455713966e-5,-4.891868451241102e-5,-0.00028854103267200287,-4.891868454603439e-5,-0.0002885410326789591,0.00029530830981415847,-4.400878916043204e-5,4.1226635064844455e-12,4.64431637992146e-9,0.019088489772611815
4,0.08726646259971647,6,7,33,4.429949025266714,0.0028995267457533787,0.3865859809320881,0.0002530314423151648,0.0011707508053357873,0.00029530830945008766,-4.400878892245865e-5,4.8918684286047566e-5,0.000288541032326611,4.891868430908872e-5,0.0002885410323055185,-0.00028181279779093384,5.359773123002629e-5,0.0,0.0,0.0,0.0,0.0,0.0,0.0,0.0,4.1226635064844455e-12,4.64431637992146e-9,0.019088489772611815
4,0.08726646259971647,6,7,34,8.019419103602326,-0.0007125876347873553,0.6998263372759642,-6.218500218019116e-5,0.0009283591755621095,-5.25144043883267e-5,0.00022132737175420026,-0.0002246809465676449,-5.808077476012921e-5,-0.00022468094656074756,-5.8080774677020726e-5,6.382687119545002e-5,-0.00022798798486575007,0.0,0.0,0.0,0.0,0.0,0.0,0.0,0.0,4.1226635064844455e-12,4.64431637992146e-9,0.019088489772611815
4,0.08726646259971647,6,5,35,8.019419103590561,-0.0007125876123169721,-0.6998263372749375,6.218500021928031e-5,0.0009283591741799664,0.0,0.0,0.0,0.0,0.0,0.0,0.0,0.0,6.382687061967139e-5,-0.00022798798464091993,0.00022468094635012662,5.808077412411203e-5,0.00022468094636134074,5.8080774166444776e-5,-5.251440381695622e-5,0.00022132737156110017,4.1226635064844455e-12,4.64431637992146e-9,0.019088489772611815
4,0.08726646259971647,6,7,36,8.002514890252844,-0.017762762334188296,0.6983511663739239,-0.0015500934349040954,0.0008808041728361239,-0.0001894009343580312,0.00010346749045745873,-0.00010167128764836053,-0.000195299143273809,-0.00010167128765505731,-0.00019529914326295002,0.00020127862670028416,-9.971881302147622e-5,0.0,0.0,0.0,0.0,0.0,0.0,0.0,0.0,4.1226635064844455e-12,4.64431637992146e-9,0.019088489772611815
4,0.08726646259971647,6,5,37,8.002514890255897,-0.017762762420496424,-0.6983511663741905,0.0015500934424359004,0.0008808041725066648,0.0,0.0,0.0,0.0,0.0,0.0,0.0,0.0,0.00020127862652709197,-9.97188131707962e-5,0.00010167128779486907,0.00019529914310137349,0.00010167128779548907,0.000195299143100419,-0.00018940093419614353,0.00010346749059539877,4.1226635064844455e-12,4.64431637992146e-9,0.019088489772611815
4,0.08726646259971647,6,5,38,8.04625937353344,0.01270438763801401,-0.7021685926880741,-0.00110866696866505,0.0004006542463836737,0.0,0.0,0.0,0.0,0.0,0.0,0.0,0.0,-9.784411230166572e-5,-8.001043531282203e-6,1.0157621817290497e-5,-9.963712232356701e-5,1.0157621826501309e-5,-9.963712233013714e-5,0.00010142197437195251,1.2393906547170575e-5,4.1226635064844455e-12,4.64431637992146e-9,0.019088489772611815
4,0.08726646259971647,6,7,39,8.046259373532672,0.012704387631955031,0.702168592688007,0.0011086669681363043,0.0004006542439417285,0.00010142197390737834,1.2393905213212342e-5,-1.0157620524135538e-5,9.96371218398882e-5,-1.015762052787465e-5,9.963712185086373e-5,-9.784411180441754e-5,-8.00104227298407e-6,0.0,0.0,0.0,0.0,0.0,0.0,0.0,0.0,4.1226635064844455e-12,4.64431637992146e-9,0.019088489772611815
4,0.08726646259971647,6,7,40,8.018639679051741,0.0022984074359686767,0.6997583196525713,0.00020057388654987077,0.0003837529829765707,9.465474671934289e-5,-2.486514290970476e-5,2.6223785998524156e-5,9.22746988705452e-5,2.6223785989129704e-5,9.227469878164067e-5,-8.991560043453e-5,2.7508600941319643e-5,0.0,0.0,0.0,0.0,0.0,0.0,0.0,0.0,4.1226635064844455e-12,4.64431637992146e-9,0.019088489772611815
4,0.08726646259971647,6,5,41,8.018639679046062,0.0022984074630251934,-0.6997583196520757,-0.00020057388891099728,0.00038375297701042564,0.0,0.0,0.0,0.0,0.0,0.0,0.0,0.0,-8.99155988050345e-5,2.7508601278374246e-5,-2.622378632929298e-5,-9.227469716054599e-5,-2.6223786339240442e-5,-9.227469719729816e-5,9.465474505362587e-5,-2.4865143253062414e-5,4.1226635064844455e-12,4.64431637992146e-9,0.019088489772611815
4,0.08726646259971647,6,5,42,8.022539087477488,-0.011192255795753222,-0.7000986072321178,0.0009767085718065584,0.0003070901700926293,0.0,0.0,0.0,0.0,0.0,0.0,0.0,0.0,6.980968179145505e-5,-3.549512652561613e-5,3.615411982993205e-5,6.771797863923923e-5,3.6154119837819857e-5,6.771797862881572e-5,-6.565517709804151e-5,3.6758927198581594e-5,4.1226635064844455e-12,4.64431637992146e-9,0.019088489772611815
4,0.08726646259971647,6,7,43,8.022539087476485,-0.011192255794589339,0.7000986072320302,-0.0009767085717049906,0.0003070901699795197,-6.565517715695998e-5,3.67589270304891e-5,-3.615411965959668e-5,-6.771797869905741e-5,-3.6154119663348044e-5,-6.771797868891507e-5,6.980968185245791e-5,-3.5495126348731877e-5,0.0,0.0,0.0,0.0,0.0,0.0,0.0,0.0,4.1226635064844455e-12,4.64431637992146e-9,0.019088489772611815
4,0.08726646259971647,6,5,44,8.061330368211685,0.009598269922852912,-0.7034837850815037,-0.0008376070632446272,0.00017130780836549365,0.0,0.0,0.0,0.0,0.0,0.0,0.0,0.0,2.8477743887956908e-5,-3.3130417528144616e-5,3.302633732510735e-5,2.725880049279844e-5,3.302633731358011e-5,2.7258800488976658e-5,-2.6066269436706413e-5,3.290043950505903e-5,4.1226635064844455e-12,4.64431637992146e-9,0.019088489772611815
4,0.08726646259971647,6,7,45,8.061330368212563,0.009598269924636287,0.7034837850815803,0.000837607063400256,0.00017130780824829066,-2.60662693812869e-5,3.290043951224912e-5,-3.302633733165924e-5,-2.725880043956879e-5,-3.302633732197036e-5,-2.7258800432048864e-5,2.8477743833237282e-5,-3.3130417535848896e-5,0.0,0.0,0.0,0.0,0.0,0.0,0.0,0.0,4.1226635064844455e-12,4.64431637992146e-9,0.019088489772611815
4,0.08726646259971647,6,7,46,8.05702567278283,0.010057372144675718,0.7031081295388583,0.0008776712901147738,0.00012976887320394767,5.603280776034453e-6,-3.261637191229345e-5,3.2074092943507964e-5,4.851771381890597e-6,3.2074092937567254e-5,4.8517713823695745e-6,-4.12591970583186e-6,3.152792228854095e-5,0.0,0.0,0.0,0.0,0.0,0.0,0.0,0.0,4.1226635064844455e-12,4.64431637992146e-9,0.019088489772611815
4,0.08726646259971647,6,5,47,8.057025672782055,0.010057372145207365,-0.7031081295387906,-0.0008776712901611688,0.00012976887313836168,0.0,0.0,0.0,0.0,0.0,0.0,0.0,0.0,-4.125919755662619e-6,3.152792226389038e-5,-3.207409291714108e-5,-4.851771430790784e-6,-3.2074092915787957e-5,-4.8517714322646084e-6,5.603280825026108e-6,-3.261637188887885e-5,4.1226635064844455e-12,4.64431637992146e-9,0.019088489772611815
4,0.08726646259971647,6,5,48,8.036552539231424,-0.0072059253821222455,-0.7013215115954956,0.0006288356178553186,8.427852131984247e-5,0.0,0.0,0.0,0.0,0.0,0.0,0.0,0.0,-2.0059079217270515e-5,4.906477659593132e-6,-4.5952514573376335e-6,-2.056025876288816e-5,-4.595251456521586e-6,-2.056025876184078e-5,2.106510792882096e-5,-4.267575579532524e-6,4.1226635064844455e-12,4.64431637992146e-9,0.019088489772611815
4,0.08726646259971647,6,7,49,8.036552539230371,-0.007205925383405403,0.7013215115954037,-0.0006288356179672952,8.42785211761293e-5,2.106510789099382e-5,-4.267575584147197e-6,4.595251463884513e-6,2.0560258726458924e-5,4.595251459642122e-6,2.0560258722477263e-5,-2.0059079179296043e-5,4.906477664604671e-6,0.0,0.0,0.0,0.0,0.0,0.0,0.0,0.0,4.1226635064844455e-12,4.64431637992146e-9,0.019088489772611815
4,0.08726646259971647,6,7,50,8.027865711027308,-0.010326768492106075,0.7005634428269109,-0.0009011805563923053,4.7771532786754514e-5,-1.146419775217663e-5,-2.3633552976995845e-6,2.6445462314023114e-6,-1.164518443965894e-5,2.644546232560101e-6,-1.1645184438557828e-5,1.1824051762954966e-5,2.9350524660740648e-6,0.0,0.0,0.0,0.0,0.0,0.0,0.0,0.0,4.1226635064844455e-12,4.64431637992146e-9,0.019088489772611815
4,0.08726646259971647,6,5,51,8.027865711027646,-0.01032676849007905,-0.7005634428269404,0.000901180556215414,4.777153268481556e-5,0.0,0.0,0.0,0.0,0.0,0.0,0.0,0.0,1.1824051735669e-5,2.935052469051429e-6,-2.644546234951242e-6,1.16451844131483e-5,-2.6445462352121326e-6,1.1645184411393546e-5,-1.1464197725777319e-5,-2.363355300922021e-6,4.1226635064844455e-12,4.64431637992146e-9,0.019088489772611815
4,0.08726646259971647,6,5,52,11.625236378703939,-0.011292595840303008,-1.0144932556550306,0.0009854648925515163,4.23662138535906e-5,0.0,0.0,0.0,0.0,0.0,0.0,0.0,0.0,8.431331411785374e-6,-6.756310328626338e-6,6.786528259628134e-6,8.130289839092144e-6,6.786528259905175e-6,8.130289835970606e-6,-7.834674883270621e-6,6.8102397884002954e-6,4.1226635064844455e-12,4.64431637992146e-9,0.019088489772611815
4,0.08726646259971647,6,7,53,11.625236378677071,-0.011292595818581002,1.014493255652686,-0.0009854648906559137,4.2366213684106536e-5,-7.83467488475654e-6,6.810239721910382e-6,-6.786528192882064e-6,-8.130289840466496e-6,-6.786528191211712e-6,-8.130289837251293e-6,8.431331412952248e-6,-6.756310259634108e-6,0.0,0.0,0.0,0.0,0.0,0.0,0.0,0.0,4.1226635064844455e-12,4.64431637992146e-9,0.019088489772611815
4,0.08726646259971647,6,5,54,11.64244293726445,-0.011641013134091945,-1.0159948111541213,0.0010158700372890428,1.9632589991348167e-5,0.0,0.0,0.0,0.0,0.0,0.0,0.0,0.0,3.363169473377038e-6,-3.709036452293262e-6,3.7008156856083897e-6,3.223206370640965e-6,3.7008156840361077e-6,3.223206372260469e-6,-3.086202890237133e-6,3.6900151684131376e-6,4.1226635064844455e-12,4.64431637992146e-9,0.019088489772611815
4,0.08726646259971647,6,7,55,11.642442937293973,-0.01164101316167036,1.0159948111566977,-0.0010158700396957136,1.9632589972590646e-5,-3.08620289299884e-6,3.690015161259745e-6,-3.7008156763530682e-6,-3.2232063729608443e-6,-3.700815677149298e-6,-3.2232063742230364e-6,3.363169474841398e-6,-3.7090364432952843e-6,0.0,0.0,0.0,0.0,0.0,0.0,0.0,0.0,4.1226635064844455e-12,4.64431637992146e-9,0.019088489772611815
4,0.08726646259971647,6,7,56,11.637860451364965,-0.009751160328469191,1.0155949138197602,-0.0008509492681081956,1.3304611596011946e-5,-2.8909295927144976e-6,1.5066410305925886e-6,-1.4777722641963385e-6,-2.9794748827761394e-6,-1.4777722648147564e-6,-2.979474883352698e-6,3.0692014376076617e-6,-1.4465194460121664e-6,0.0,0.0,0.0,0.0,0.0,0.0,0.0,0.0,4.1226635064844455e-12,4.64431637992146e-9,0.019088489772611815
4,0.08726646259971647,6,5,57,11.63786045138734,-0.009751160317019688,-1.0155949138217129,0.0008509492671090381,1.3304611443626242e-5,0.0,0.0,0.0,0.0,0.0,0.0,0.0,0.0,3.0692014372031242e-6,-1.4465193575201153e-6,1.4777721778106692e-6,2.979474883084342e-6,1.4777721772213168e-6,2.979474884277062e-6,-2.89092959432125e-6,1.5066409450865198e-6,4.1226635064844455e-12,4.64431637992146e-9,0.019088489772611815
4,0.08726646259971647,6,5,58,11.632184643274094,-0.006675857397926076,-1.015099606125275,0.0005825784599371564,1.191392405116178e-5,0.0,0.0,0.0,0.0,0.0,0.0,0.0,0.0,-2.913351023677288e-6,-1.850331959923412e-7,2.4818255397743847e-7,-2.9678243023773875e-6,2.481825524888399e-7,-2.9678243032765964e-6,3.0220980862272664e-6,3.137060900390134e-7,4.1226635064844455e-12,4.64431637992146e-9,0.019088489772611815
4,0.08726646259971647,6,7,59,11.63218464329441,-0.006675857399358038,1.0150996061270479,-0.0005825784600621188,1.1913923906537914e-5,3.0220980483716166e-6,3.1370611221922335e-7,-2.481825748161011e-7,2.967824265559261e-6,-2.48182575426951e-7,2.9678242638466516e-6,-2.913350985302128e-6,-1.8503321764043677e-7,0.0,0.0,0.0,0.0,0.0,0.0,0.0,0.0,4.1226635064844455e-12,4.64431637992146e-9,0.019088489772611815
4,0.08726646259971647,6,7,60,11.599009778426543,-0.0009465920982655342,1.0122045530228057,-8.260574394047637e-5,2.8021369763158528e-6,-4.972364028667416e-7,4.734665334974263e-7,-4.7278634169234255e-7,-5.168396237362495e-7,-4.727863416267953e-7,-5.168396239717837e-7,5.368209084687309e-7,-4.71692526893539e-7,0.0,0.0,0.0,0.0,0.0,0.0,0.0,0.0,4.1226635064844455e-12,4.64431637992146e-9,0.019088489772611815
4,0.08726646259971647,6,5,61,11.599009778426334,-0.0009465921023981069,-1.0122045530227872,8.260574430111138e-5,2.802136957857303e-6,0.0,0.0,0.0,0.0,0.0,0.0,0.0,0.0,5.36820905308865e-7,-4.716925234974362e-7,4.7278633836650527e-7,5.168396206180779e-7,4.72786338177939e-7,5.168396207776996e-7,-4.972363997165704e-7,4.734665301162068e-7,4.1226635064844455e-12,4.64431637992146e-9,0.019088489772611815
4,0.08726646259971647,6,7,62,8.694463379156964,0.006872086322440362,0.7587350633018057,0.000599702664039265,1.748105086971213e-6,1.7330850501896053e-7,-4.1074272889497875e-7,4.0592815996120126e-7,1.617903263893167e-7,4.0592816047780883e-7,1.6179032649636717e-7,-1.5059683856656867e-7,4.0098402940536634e-7,0.0,0.0,0.0,0.0,0.0,0.0,0.0,0.0,4.1226635064844455e-12,4.64431637992146e-9,0.019088489772611815
4,0.08726646259971647,6,5,63,8.694463379156149,0.00687208632280133,-0.7587350633017346,-0.0005997026640707654,1.7481050854906374e-6,0.0,0.0,0.0,0.0,0.0,0.0,0.0,0.0,-1.5059684036434787e-7,4.009840283117618e-7,-4.059281588223383e-7,-1.6179032811021317e-7,-4.059281593890027e-7,-1.617903283638052e-7,1.7330850680946803e-7,-4.1074272776170134e-7,4.1226635064844455e-12,4.64431637992146e-9,0.019088489772611815
4,0.08726646259971647,6,5,64,8.679727396293357,0.009444422663828281,-0.7574491062043687,-0.0008241813571688854,1.7307136967654844e-6,0.0,0.0,0.0,0.0,0.0,0.0,0.0,0.0,-3.1211413401720384e-7,2.8708882626164624e-7,-2.864598332429588e-7,-3.2421282710480413e-7,-2.864598335063559e-7,-3.2421282737829455e-7,3.3654058454665984e-7,-2.855713786010721e-7,4.1226635064844455e-12,4.64431637992146e-9,0.019088489772611815
4,0.08726646259971647,6,7,65,8.679727396292748,0.009444422663843103,0.7574491062043155,0.0008241813571701787,1.7307136909168606e-6,3.3654058358846615e-7,-2.8557137750026597e-7,2.864598320256417e-7,3.2421282606172313e-7,2.864598324304339e-7,3.242128265444297e-7,-3.1211413310033716e-7,2.8708882507108426e-7,0.0,0.0,0.0,0.0,0.0,0.0,0.0,0.0,4.1226635064844455e-12,4.64431637992146e-9,0.019088489772611815
4,0.08726646259971647,6,5,66,8.696808513130714,0.006692701906002536,-0.7589397148480173,-0.0005840484205712214,1.5837046329763603e-6,0.0,0.0,0.0,0.0,0.0,0.0,0.0,0.0,2.739251916825134e-7,-2.967932006332464e-7,2.962296475829976e-7,2.6262936162304877e-7,2.9622964699203073e-7,2.6262936111304055e-7,-2.515704306916704e-7,2.9545589569191603e-7,4.1226635064844455e-12,4.64431637992146e-9,0.019088489772611815
4,0.08726646259971647,6,7,67,8.696808513132257,0.006692701907689735,0.758939714848152,0.0005840484207184573,1.583704628050941e-6,-2.515704321136896e-7,2.9545589284672526e-7,-2.9622964459815617e-7,-2.626293629286387e-7,-2.962296442171373e-7,-2.6262936259102246e-7,2.7392519304378726e-7,-2.9679319771966244e-7,0.0,0.0,0.0,0.0,0.0,0.0,0.0,0.0,4.1226635064844455e-12,4.64431637992146e-9,0.019088489772611815
4,0.08726646259971647,6,7,68,11.602459623083856,0.0009601311074326976,1.012505608762568,8.378724537759987e-5,1.5680676525810943e-6,2.4450508151183385e-7,-3.16438258552287e-7,3.1490510822925497e-7,2.3341232058809007e-7,3.1490510812482883e-7,2.3341232063856432e-7,-2.2257140906764851e-7,3.131851272080282e-7,0.0,0.0,0.0,0.0,0.0,0.0,0.0,0.0,4.1226635064844455e-12,4.64431637992146e-9,0.019088489772611815
4,0.08726646259971647,6,5,69,11.602459623084254,0.0009601311129012295,-1.0125056087626025,-8.378724585481931e-5,1.5680676503769676e-6,0.0,0.0,0.0,0.0,0.0,0.0,0.0,0.0,-2.225714088805654e-7,3.1318512664995153e-7,-3.149051076786493e-7,-2.3341232040451736e-7,-3.149051075788616e-7,-2.3341232045022696e-7,2.445050813279038e-7,-3.1643825801397427e-7,4.1226635064844455e-12,4.64431637992146e-9,0.019088489772611815
4,0.08726646259971647,6,5,70,8.663052243562559,-0.007200173528147561,-0.7559939246122419,0.0006283336739055578,1.3975213759713934e-6,0.0,0.0,0.0,0.0,0.0,0.0,0.0,0.0,2.3317548223806766e-7,-2.695388792566153e-7,2.687213145519133e-7,2.2322875631650835e-7,2.6872131430246397e-7,2.2322875611514273e-7,-2.134969357754914e-7,2.677250806289402e-7,4.1226635064844455e-12,4.64431637992146e-9,0.019088489772611815
4,0.08726646259971647,6,7,71,8.663052243562278,-0.007200173528228441,0.7559939246122175,-0.0006283336739126158,1.3975213744073422e-6,-2.1349693802171047e-7,2.67725078343121e-7,-2.6872131223323024e-7,-2.2322875864424293e-7,-2.6872131188034096e-7,-2.2322875827052932e-7,2.3317548447323406e-7,-2.6953887680023106e-7,0.0,0.0,0.0,0.0,0.0,0.0,0.0,0.0,4.1226635064844455e-12,4.64431637992146e-9,0.019088489772611815
4,0.08726646259971647,6,7,72,8.680879346314423,-0.0031224438577687856,0.7575496328077989,-0.00027248463013369417,9.891969072515388e-7,2.521858045907494e-7,-6.476037579981948e-9,1.1290908989996944e-8,2.4701659258445154e-7,1.1290909006328162e-8,2.4701659285455727e-7,-2.4185633452599154e-7,1.5908163562289463e-8,0.0,0.0,0.0,0.0,0.0,0.0,0.0,0.0,4.1226635064844455e-12,4.64431637992146e-9,0.019088489772611815
4,0.08726646259971647,6,5,73,8.680879346315825,-0.003122443856494725,-0.7575496328079211,0.0002724846300225114,9.891969034007318e-7,0.0,0.0,0.0,0.0,0.0,0.0,0.0,0.0,-2.4185633355001387e-7,1.5908163829264044e-8,-1.1290909323384625e-8,-2.470165915638751e-7,-1.1290909211375556e-8,-2.4701659192304237e-7,2.5218580361449043e-7,-6.476037850742951e-9,4.1226635064844455e-12,4.64431637992146e-9,0.019088489772611815
4,0.08726646259971647,6,7,74,11.622696951988004,-0.01016624742796644,1.0142716488684997,-0.0008871724509520972,3.9253860555935045e-7,8.766035394347709e-8,3.958118656284586e-8,-4.216136332307474e-8,8.860532747818053e-8,-4.2161363342458514e-8,8.860532716662323e-8,-8.951654326692642e-8,-4.481241086410226e-8,0.0,0.0,0.0,0.0,0.0,0.0,0.0,0.0,4.1226635064844455e-12,4.64431637992146e-9,0.019088489772611815
4,0.08726646259971647,6,5,75,11.622696951966802,-0.010166247444682216,-1.0142716488666497,0.0008871724524108237,3.925385125663327e-7,0.0,0.0,0.0,0.0,0.0,0.0,0.0,0.0,-8.951652267091228e-8,-4.4812398812543465e-8,4.2161351972276826e-8,-8.860530710568916e-8,4.2161351755997094e-8,-8.860530696872325e-8,8.76603339703966e-8,3.9581175657979894e-8,4.1226635064844455e-12,4.64431637992146e-9,0.019088489772611815
4,0.08726646259971647,6,7,76,8.674241812851514,-0.005956055779017068,0.7569703987421035,-0.0005197639188814181,2.121248939662024e-7,-5.14516762236816e-8,7.364865925510727e-9,-6.462195046924849e-9,-5.26306801923638e-8,-6.462195088947573e-9,-5.263068006615713e-8,5.381483694812445e-8,-5.517417604560994e-9,0.0,0.0,0.0,0.0,0.0,0.0,0.0,0.0,4.1226635064844455e-12,4.64431637992146e-9,0.019088489772611815
4,0.08726646259971647,6,5,77,8.674241812851031,-0.005956055777235099,-0.7569703987420613,0.000519763918725912,2.1212489289337108e-7,0.0,0.0,0.0,0.0,0.0,0.0,0.0,0.0,5.3814836620064e-8,-5.517418106048297e-9,6.4621955126933145e-9,5.263067985878123e-8,6.4621955984828214e-9,5.263067973963024e-8,-5.145167589186674e-8,7.364866399537277e-9,4.1226635064844455e-12,4.64431637992146e-9,0.019088489772611815
4,0.08726646259971647,6,5,78,5.127575904236069,0.0006501373073439475,-0.4474654108742243,-5.673518301601097e-5,1.0751558313800634e-7,0.0,0.0,0.0,0.0,0.0,0.0,0.0,0.0,2.7044129508738396e-8,4.518796836189543e-9,-3.898220223407776e-9,2.65920003072211e-8,-3.898220129430603e-9,2.6592000597924056e-8,-2.6136744311565835e-8,-3.2989158648610714e-9,4.1226635064844455e-12,4.64431637992146e-9,0.019088489772611815
4,0.08726646259971647,6,7,79,5.127575904235604,0.000650137308299676,0.44746541087418373,5.673518309941401e-5,1.0751558197573284e-7,-2.6136744116086106e-8,-3.298915242926842e-9,3.898219568021325e-9,-2.659200015227697e-8,3.898219497942903e-9,-2.6592000354491412e-8,2.704412930605989e-8,4.5187961703875646e-9,0.0,0.0,0.0,0.0,0.0,0.0,0.0,0.0,4.1226635064844455e-12,4.64431637992146e-9,0.019088489772611815
5,0.05038331567317271,7,6,0,0.22643857740923234,0.032703885239721946,-0.011408726326193507,-0.0016477301737721243,56.78918420581472,0.0,0.0,0.0,0.0,0.0,0.0,0.0,0.0,-9.627955760478715,10.04613621970036,-10.050528994297563,-10.025456977287948,-10.050528994335622,-10.025456977289599,10.430995407862074,-10.046898188465283,5.1372759719914744e-12,5.655957045979014e-10,0.019531163910016105
5,0.05038331567317271,7,8,1,0.22643857740984963,0.032703885238673056,0.011408726326224609,0.0016477301737192777,56.78918420575689,10.430995407848487,-10.046898188458236,10.050528994290767,10.025456977273677,10.050528994328584,10.025456977276798,-9.627955760465232,10.04613621969356,0.0,0.0,0.0,0.0,0.0,0.0,0.0,0.0,5.1372759719914744e-12,5.655957045979014e-10,0.019531163910016105
5,0.05038331567317271,7,8,2,2.12595894920367,0.00442296332935219,0.10711286084593506,0.00022284355763361834,3.1223369606503746,0.6386429355503266,-0.47558641137503793,0.47859869363789403,0.6165494618660584,0.4785986936292069,0.6165494618634091,-0.5948386697769086,0.4811175832498441,0.0,0.0,0.0,0.0,0.0,0.0,0.0,0.0,5.1372759719914744e-12,5.655957045979014e-10,0.019531163910016105
5,0.05038331567317271,7,6,3,2.1259589492038398,0.004422963329925068,-0.10711286084594361,-0.00022284355766248186,3.1223369605552445,0.0,0.0,0.0,0.0,0.0,0.0,0.0,0.0,-0.594838669794087,0.4811175831889237,-0.478598693573336,-0.6165494618834285,-0.47859869357207,-0.6165494618802551,0.6386429355674144,-0.4755864113142823,5.1372759719914744e-12,5.655957045979014e-10,0.019531163910016105
5,0.05038331567317271,7,6,4,6.757597950100516,0.0036313805679932636,-0.3404701907122991,-0.00018296099348662982,2.556321282472661,0.0,0.0,0.0,0.0,0.0,0.0,0.0,0.0,-0.46128066117733074,0.42373748585572574,-0.4227967323332922,-0.4791502179716489,-0.4227967322882049,-0.47915021795289925,0.4973578587506086,-0.42147252335938445,5.1372759719914744e-12,5.655957045979014e-10,0.019531163910016105
5,0.05038331567317271,7,8,5,6.757597950100632,0.003631380562174054,0.34047019071230494,0.00018296099319343873,2.556321281681199,0.4973578583603002,-0.42147252350249637,0.4227967324551809,0.4791502175711302,0.4227967324529505,0.4791502175728727,-0.4612806607869781,0.423737485998933,0.0,0.0,0.0,0.0,0.0,0.0,0.0,0.0,5.1372759719914744e-12,5.655957045979014e-10,0.019531163910016105
5,0.05038331567317271,7,6,6,6.74022786425145,-0.001302133394463327,-0.3395950281936955,6.560579786182573e-5,2.245160417105403,0.0,0.0,0.0,0.0,0.0,0.0,0.0,0.0,0.4086620037026912,-0.4010380347988647,0.40103184342360904,0.3926284003750461,0.40103184337828834,0.3926284003547948,-0.3769154968091808,0.40071142100444196,5.1372759719914744e-12,5.655957045979014e-10,0.019531163910016105
5,0.05038331567317271,7,8,7,6.7402278642573865,-0.001302133393610301,0.3395950281939946,-6.560579781884745e-5,2.245160416385223,-0.37691549640980176,0.4007114211434667,-0.4010318435415713,-0.39262839996551013,-0.40103184353856436,-0.3926283999655846,0.408662003303208,-0.40103803493775814,0.0,0.0,0.0,0.0,0.0,0.0,0.0,0.0,5.1372759719914744e-12,5.655957045979014e-10,0.019531163910016105
5,0.05038331567317271,7,8,8,2.107497885356513,-0.001220126428714642,0.10618273123846114,-6.147401501911067e-5,2.127307751542455,-0.35013258415764525,0.3861401829619925,-0.38671580242850895,-0.3650126538814256,-0.38671580241863657,-0.3650126538777375,0.380201979389849,-0.386999288059645,0.0,0.0,0.0,0.0,0.0,0.0,0.0,0.0,5.1372759719914744e-12,5.655957045979014e-10,0.019531163910016105
5,0.05038331567317271,7,6,9,2.107497885356298,-0.0012201264286743202,-0.10618273123845032,6.147401501707912e-5,2.127307751429941,0.0,0.0,0.0,0.0,0.0,0.0,0.0,0.0,0.3802019794138928,-0.38699928799828376,0.38671580236317016,0.3650126539057904,0.3867158023612174,0.3650126539014279,-0.35013258418170573,0.38614018290061564,5.1372759719914744e-12,5.655957045979014e-10,0.019531163910016105
5,0.05038331567317271,7,8,10,12.950319358549667,0.0009635032840278022,0.6524800283102073,4.8544490111311346e-5,1.8421536615793164,0.3524976375790686,-0.3105659869689626,0.31126754961812736,0.33936078822666843,0.3112675494380283,0.3393607883472111,-0.3264728443954036,0.3116975238993384,0.0,0.0,0.0,0.0,0.0,0.0,0.0,0.0,5.1372759719914744e-12,5.655957045979014e-10,0.019531163910016105
5,0.05038331567317271,7,6,11,12.950319358535609,0.0009635032278884417,-0.6524800283094991,-4.854448728282422e-5,1.8421536536895828,0.0,0.0,0.0,0.0,0.0,0.0,0.0,0.0,-0.3264728440446599,0.31169752136437096,-0.3112675469656659,-0.33936078795611135,-0.3112675470200954,-0.3393607879140604,0.3524976372281133,-0.31056598443324335,5.1372759719914744e-12,5.655957045979014e-10,0.019531163910016105
5,0.05038331567317271,7,8,12,12.937439984864248,-0.0016506900477569891,0.6518311227601422,-8.316723775470492e-5,1.6957813279141356,-0.28598218806498965,0.30143517191227726,-0.3016262660678957,-0.29785115475541973,-0.3016262658885268,-0.2978511548747385,0.3099613272232335,-0.3015789826429621,0.0,0.0,0.0,0.0,0.0,0.0,0.0,0.0,5.1372759719914744e-12,5.655957045979014e-10,0.019531163910016105
5,0.05038331567317271,7,6,13,12.937439984834743,-0.0016506900327532478,-0.6518311227586556,8.316723699876668e-5,1.6957813197450617,0.0,0.0,0.0,0.0,0.0,0.0,0.0,0.0,0.30996132686848626,-0.30157898012327555,0.301626263431713,0.297851154481112,0.3016262634855619,0.29785115443748694,-0.28598218771019535,0.3014351693925318,5.1372759719914744e-12,5.655957045979014e-10,0.019531163910016105
5,0.05038331567317271,7,8,14,2.193372908943456,0.06122256400600176,0.11050939966028325,0.003084595768635408,0.3934335408185328,0.00020015977719443218,-0.10033479167905984,0.0983326063633659,-0.0017710059499883614,0.09833260636359012,-0.0017710059504066344,0.003663505038362172,0.09633180638600014,0.0,0.0,0.0,0.0,0.0,0.0,0.0,0.0,5.1372759719914744e-12,5.655957045979014e-10,0.019531163910016105
5,0.05038331567317271,7,6,15,2.1933729089433838,0.06122256400535392,-0.1105093996602796,-0.0030845957686027677,0.3934335408130936,0.0,0.0,0.0,0.0,0.0,0.0,0.0,0.0,0.0036635050374567504,0.0963318063846987,-0.09833260636194682,0.0017710059491846293,-0.09833260636232206,0.0017710059493960123,0.00020015977810279584,-0.10033479167767315,5.1372759719914744e-12,5.655957045979014e-10,0.019531163910016105
5,0.05038331567317271,7,6,16,6.825110461158843,0.06192133825984173,-0.34387169486883934,-0.003119802332450913,0.14711265165429682,0.0,0.0,0.0,0.0,0.0,0.0,0.0,0.0,0.012051616686735416,0.03397209378003337,-0.034897251571059204,0.011599340289595833,-0.034897251571132805,0.01159934028981302,-0.0111191423841023,-0.03583167766579858,5.1372759719914744e-12,5.655957045979014e-10,0.019531163910016105
5,0.05038331567317271,7,8,17,6.825110461154058,0.061921338263766876,0.34387169486859825,0.0031198023326486747,0.14711265162642592,-0.01111914238944545,-0.0358316776567399,0.03489725156162801,-0.011599340294591025,0.034897251562336036,-0.011599340295478692,0.012051616692044286,0.03397209377086275,0.0,0.0,0.0,0.0,0.0,0.0,0.0,0.0,5.1372759719914744e-12,5.655957045979014e-10,0.019531163910016105
5,0.05038331567317271,7,6,18,13.044802892232646,0.06470878942916647,-0.6572404220136737,-0.0032602433646385554,0.06899402583899292,0.0,0.0,0.0,0.0,0.0,0.0,0.0,0.0,0.00975789627961249,0.01380484065468074,-0.01427997200655885,0.009671292527857799,-0.014279972006054145,0.009671292528989515,-0.00957326170665901,-0.014762835821115955,5.1372759719914744e-12,5.655957045979014e-10,0.019531163910016105
5,0.05038331567317271,7,8,19,13.04480289219956,0.06470878941684419,0.6572404220120067,0.0032602433640177182,0.06899402573968486,-0.009573261693718515,-0.014762835799614708,0.01427997198473883,-0.009671292514931209,0.014279971985596647,-0.009671292515792537,0.009757896266431823,0.013804840633905205,0.0,0.0,0.0,0.0,0.0,0.0,0.0,0.0,5.1372759719914744e-12,5.655957045979014e-10,0.019531163910016105
5,0.05038331567317271,7,6,20,4.427077070312537,0.0327052182004955,-0.22305082154302117,-0.0016477973327555585,0.0012350287041813525,0.0,0.0,0.0,0.0,0.0,0.0,0.0,0.0,-0.00021512855469004317,0.00021282626079302717,-0.000212691561729976,-0.0002237727322686708,-0.00021269156173402723,-0.00022377273227302887,0.00023258699146653456,-0.00021237777645256774,5.1372759719914744e-12,5.655957045979014e-10,0.019531163910016105
5,0.05038331567317271,7,8,21,4.427077070312899,0.03270521820110959,0.22305082154303943,0.0016477973327864981,0.0012350287041141884,0.00023258699142035717,-0.00021237777647735155,0.00021269156175397736,0.0002237727322230523,0.00021269156175907167,0.0002237727322257107,-0.00021512855464328709,0.00021282626081725158,0.0,0.0,0.0,0.0,0.0,0.0,0.0,0.0,5.1372759719914744e-12,5.655957045979014e-10,0.019531163910016105
5,0.05038331567317271,7,6,22,9.061884071224888,0.032803879518599366,-0.45656776575421903,-0.0016527682170903166,0.0007931667827926527,0.0,0.0,0.0,0.0,0.0,0.0,0.0,0.0,-0.0001235664457105312,0.00015000628766658361,-0.0001504839924415243,-0.00012909804111569444,-0.0001504839924391942,-0.00012909804112622763,0.00013474998239476412,-0.00015085837064308304,5.1372759719914744e-12,5.655957045979014e-10,0.019531163910016105
5,0.05038331567317271,7,8,23,9.0618840712274,0.032803879522305124,0.4565677657543456,0.0016527682172770251,0.0007931667811782592,0.00013474998187012783,-0.00015085837055757022,0.00015048399234602125,0.00012909804059850634,0.00015048399235061358,0.00012909804061845336,-0.00012356644521005017,0.00015000628756834045,0.0,0.0,0.0,0.0,0.0,0.0,0.0,0.0,5.1372759719914744e-12,5.655957045979014e-10,0.019531163910016105
5,0.05038331567317271,7,6,24,4.4581847463653475,0.029745078486218636,-0.2246181294054487,-0.001498655679094452,0.0006974180210599521,0.0,0.0,0.0,0.0,0.0,0.0,0.0,0.0,0.00011645495456477731,-0.00013443149856139403,0.0001340268695660488,0.00011149087216970747,0.0001340268695575372,0.00011149087218388819,-0.00010663397559013387,0.0001335330049899227,5.1372759719914744e-12,5.655957045979014e-10,0.019531163910016105
5,0.05038331567317271,7,8,25,4.458184746368765,0.029745078485031523,0.2246181294056209,0.001498655679034641,0.0006974180207182049,-0.0001066339754297923,0.00013353300501220907,-0.0001340268696034389,-0.00011149087200650987,-0.0001340268695651921,-0.00011149087202580392,0.00011645495440381383,-0.00013443149858404383,0.0,0.0,0.0,0.0,0.0,0.0,0.0,0.0,5.1372759719914744e-12,5.655957045979014e-10,0.019531163910016105
5,0.05038331567317271,7,8,26,9.090782775209725,0.02985834147693853,0.45802377827963264,0.0015043622441099798,0.00046642604065193726,-7.419647562025875e-5,8.692690977901303e-5,-8.715085919674914e-5,-7.745377822780916e-5,-8.715085919852467e-5,-7.745377822468193e-5,8.078077672314108e-5,-8.73128177153082e-5,0.0,0.0,0.0,0.0,0.0,0.0,0.0,0.0,5.1372759719914744e-12,5.655957045979014e-10,0.019531163910016105
5,0.05038331567317271,7,6,27,9.090782775206472,0.029858341474936812,-0.4580237782794688,-0.0015043622440091267,0.00046642603895080974,0.0,0.0,0.0,0.0,0.0,0.0,0.0,0.0,8.07807766107093e-5,-8.73128172464027e-5,8.715085874414463e-5,7.745377812092898e-5,8.715085871334964e-5,7.745377810608815e-5,-7.419647550759751e-5,8.692690931004543e-5,5.1372759719914744e-12,5.655957045979014e-10,0.019531163910016105
5,0.05038331567317271,7,6,28,4.461243790757843,0.032858893388699434,-0.22477225420473407,-0.0016555399982739712,0.00034409514058643566,0.0,0.0,0.0,0.0,0.0,0.0,0.0,0.0,-5.141826658433515e-5,6.681854373662201e-5,-6.710526183392711e-5,-5.3809814107417194e-5,-6.710526181348066e-5,-5.380981410549515e-5,5.625502861007767e-5,-6.734891059250073e-5,5.1372759719914744e-12,5.655957045979014e-10,0.019531163910016105
5,0.05038331567317271,7,8,29,4.461243790758033,0.032858893387396025,0.22477225420474364,0.0016555399982083013,0.0003440951403131622,5.625502846757304e-5,-6.734891061827135e-5,6.710526187662461e-5,5.3809813963806065e-5,6.710526182241053e-5,5.380981396638989e-5,-5.141826644405783e-5,6.681854376240985e-5,0.0,0.0,0.0,0.0,0.0,0.0,0.0,0.0,5.1372759719914744e-12,5.655957045979014e-10,0.019531163910016105
5,0.05038331567317271,7,8,30,9.093828500332101,0.03274118316040058,0.45817723200992705,0.001649609366683629,0.00023222590542512072,3.8163205921576666e-5,-4.528746407318108e-5,4.513020710024652e-5,3.6512258848296996e-5,4.513020711253384e-5,3.651225883947652e-5,-3.489740424214338e-5,4.494372589542825e-5,0.0,0.0,0.0,0.0,0.0,0.0,0.0,0.0,5.1372759719914744e-12,5.655957045979014e-10,0.019531163910016105
5,0.05038331567317271,7,6,31,9.093828500334212,0.032741183164592326,-0.45817723201003335,-0.001649609366894823,0.00023222590368593185,0.0,0.0,0.0,0.0,0.0,0.0,0.0,0.0,-3.489740410542164e-5,4.494372544669969e-5,-4.5130206662695085e-5,-3.6512258715900685e-5,-4.5130206649848265e-5,-3.651225870177615e-5,3.81632057885758e-5,-4.5287463621429715e-5,5.1372759719914744e-12,5.655957045979014e-10,0.019531163910016105
5,0.05038331567317271,7,8,32,9.060515036046047,0.03265224054589194,0.45649878922263576,0.0016451281428600428,7.028069706549927e-5,1.3045327000671493e-5,1.2290761891781113e-5,-1.1789251808448186e-5,1.3025469327614313e-5,-1.1789251806998675e-5,1.3025469322810708e-5,-1.2996176081657624e-5,-1.1298158324932294e-5,0.0,0.0,0.0,0.0,0.0,0.0,0.0,0.0,5.1372759719914744e-12,5.655957045979014e-10,0.019531163910016105
5,0.05038331567317271,7,6,33,9.06051503604575,0.0326522405458364,-0.4564987892226208,-0.0016451281428572447,7.028069611684503e-5,0.0,0.0,0.0,0.0,0.0,0.0,0.0,0.0,-1.2996175640892197e-5,-1.1298158477516843e-5,1.1789251955197437e-5,-1.3025468873664171e-5,1.178925195400121e-5,-1.302546887118972e-5,1.3045326535735281e-5,1.229076203259171e-5,5.1372759719914744e-12,5.655957045979014e-10,0.019531163910016105
5,0.05038331567317271,7,6,34,10.978778058542563,-0.0007134799124845354,-0.5531472406292521,3.594748365717598e-5,3.572600205913501e-5,0.0,0.0,0.0,0.0,0.0,0.0,0.0,0.0,6.384544215341674e-6,-6.499822303579558e-6,6.495039191439595e-6,6.129455130017831e-6,6.495039190775745e-6,6.129455129913351e-6,-5.8795601136798024e-6,6.48535043690293e-6,5.1372759719914744e-12,5.655957045979014e-10,0.019531163910016105
5,0.05038331567317271,7,8,35,10.9787780585381,-0.0007134799183690782,0.5531472406290273,-3.5947483953658764e-5,3.572600205908406e-5,-5.879560109017052e-6,6.485350441121573e-6,-6.495039195683754e-6,-6.129455125686097e-6,-6.495039195194021e-6,-6.129455125029058e-6,6.38454421079166e-6,-6.499822308021883e-6,0.0,0.0,0.0,0.0,0.0,0.0,0.0,0.0,5.1372759719914744e-12,5.655957045979014e-10,0.019531163910016105
5,0.05038331567317271,7,6,36,10.996662184517785,0.004741889036011828,-0.5540483021938005,-0.00023891209218854058,3.2744642093841066e-5,0.0,0.0,0.0,0.0,0.0,0.0,0.0,0.0,-5.476917108883927e-6,5.863150597962159e-6,-5.868615521751515e-6,-5.706065137457446e-6,-5.868615522277417e-6,-5.7060651381028745e-6,5.939906232403694e-6,-5.869513716740996e-6,5.1372759719914744e-12,5.655957045979014e-10,0.019531163910016105
5,0.05038331567317271,7,8,37,10.996662184522986,0.004741889041631767,0.5540483021940626,0.00023891209247169171,3.27446420657234e-5,5.939906230415638e-6,-5.869513708658617e-6,5.868615513555709e-6,5.706065135653655e-6,5.868615514651907e-6,5.706065136011181e-6,-5.47691710697452e-6,5.863150590216503e-6,0.0,0.0,0.0,0.0,0.0,0.0,0.0,0.0,5.1372759719914744e-12,5.655957045979014e-10,0.019531163910016105
5,0.05038331567317271,7,8,38,9.095351905575813,0.03284765889275538,0.45825398621721913,0.001654973967118393,7.607490287423258e-6,9.958968873319445e-7,1.6649769963898996e-6,-1.6121616323784024e-6,1.0086283011002021e-6,-1.6121616314805007e-6,1.0086283050691599e-6,-1.0200696669937865e-6,-1.5601526540817693e-6,0.0,0.0,0.0,0.0,0.0,0.0,0.0,0.0,5.1372759719914744e-12,5.655957045979014e-10,0.019531163910016105
5,0.05038331567317271,7,6,39,9.095351905573432,0.032847658892873104,-0.4582539862170992,-0.0016549739671243243,7.607489997452676e-6,0.0,0.0,0.0,0.0,0.0,0.0,0.0,0.0,-1.020069593664013e-6,-1.5601526167128392e-6,1.6121615926285669e-6,-1.0086282278319917e-6,1.6121615935558877e-6,-1.0086282291463224e-6,9.958968114482662e-7,1.664976956033224e-6,5.1372759719914744e-12,5.655957045979014e-10,0.019531163910016105
5,0.05038331567317271,7,8,40,6.3620174615389224,0.0049350438389100075,0.32053953408295244,0.000248643871596749,4.152164513029468e-6,8.036529287471157e-7,-6.895030713316316e-7,6.914734563609611e-7,7.740661699267914e-7,6.914734552183002e-7,7.740661693608993e-7,-7.450323415138348e-7,6.928243661350021e-7,0.0,0.0,0.0,0.0,0.0,0.0,0.0,0.0,5.1372759719914744e-12,5.655957045979014e-10,0.019531163910016105
5,0.05038331567317271,7,6,41,6.3620174615385645,0.0049350438385793935,-0.3205395340829344,-0.00024864387158009157,4.152164504576934e-6,0.0,0.0,0.0,0.0,0.0,0.0,0.0,0.0,-7.450323349739504e-7,6.928243703641891e-7,-6.914734602507171e-7,-7.740661631820099e-7,-6.914734598219401e-7,-7.740661628565233e-7,8.036529220316108e-7,-6.895030755947311e-7,5.1372759719914744e-12,5.655957045979014e-10,0.019531163910016105
5,0.05038331567317271,7,8,42,6.344029492013142,-0.0005111415742547892,0.31963324053601566,-2.5753007289361496e-5,3.870682698914476e-6,-6.393180694902842e-7,7.005489593691996e-7,-7.015096985474891e-7,-6.663958914511164e-7,-7.015096987962525e-7,-6.663958917762966e-7,6.940347081642705e-7,-7.019370968685592e-7,0.0,0.0,0.0,0.0,0.0,0.0,0.0,0.0,5.1372759719914744e-12,5.655957045979014e-10,0.019531163910016105
5,0.05038331567317271,7,6,43,6.344029492013298,-0.0005111415732725055,-0.3196332405360235,2.5753007239870784e-5,3.870682680567027e-6,0.0,0.0,0.0,0.0,0.0,0.0,0.0,0.0,6.940347012454333e-7,-7.019370970548176e-7,7.015096984844402e-7,6.663958845591965e-7,7.015096992385009e-7,6.663958849520984e-7,-6.393180626904023e-7,7.005489595589631e-7,5.1372759719914744e-12,5.655957045979014e-10,0.019531163910016105
5,0.05038331567317271,7,6,44,10.994367126921407,0.004284013407536695,-0.5539326695824341,-0.0002158427998600256,1.7523523110864953e-6,0.0,0.0,0.0,0.0,0.0,0.0,0.0,0.0,-4.1717829606670315e-7,-1.0159952500850403e-7,1.1214382871131503e-7,-4.234460516379031e-7,1.1214382869505913e-7,-4.2344605154429736e-7,4.296239565677468e-7,1.230268532991539e-7,5.1372759719914744e-12,5.655957045979014e-10,0.019531163910016105
5,0.05038331567317271,7,8,45,10.994367126925003,0.004284013409684109,0.5539326695826153,0.00021584279996821943,1.7523523015369122e-6,4.2962395571995016e-7,1.2302684747639516e-7,-1.1214382294165936e-7,4.234460507709151e-7,-1.1214382300868849e-7,4.234460505059919e-7,-4.1717829501256223e-7,-1.0159951937631332e-7,0.0,0.0,0.0,0.0,0.0,0.0,0.0,0.0,5.1372759719914744e-12,5.655957045979014e-10,0.019531163910016105
5,0.05038331567317271,7,6,46,11.063145670611531,0.06101899331345442,-0.5573979606607148,-0.003074339202170989,9.580850070827588e-7,0.0,0.0,0.0,0.0,0.0,0.0,0.0,0.0,2.340573621611192e-7,1.8094275732818874e-8,-2.323222373676847e-8,2.3836783533055073e-7,-2.323222372596185e-8,2.383678352768684e-7,-2.426596463914397e-7,-2.8560858532778074e-8,5.1372759719914744e-12,5.655957045979014e-10,0.019531163910016105
5,0.05038331567317271,7,8,47,11.063145670616414,0.061018993306437536,0.5573979606609608,0.003074339201817455,9.580850067249313e-7,-2.426596462724731e-7,-2.8560858865325035e-8,2.3232224078192283e-8,-2.3836783517678103e-7,2.323222404881943e-8,-2.3836783518591295e-7,2.340573620357431e-7,1.8094276064790872e-8,0.0,0.0,0.0,0.0,0.0,0.0,0.0,0.0,5.1372759719914744e-12,5.655957045979014e-10,0.019531163910016105
5,0.05038331567317271,7,8,48,9.058234488420716,0.030546690713191868,0.45638388767172106,0.001539043560973519,8.643412050641423e-7,-6.572233781995529e-8,2.013303488333525e-7,-2.0401458495409978e-7,-7.114472461807333e-8,-2.0401458584835442e-7,-7.11447268192894e-8,7.673030247891381e-8,-2.066418409369124e-7,0.0,0.0,0.0,0.0,0.0,0.0,0.0,0.0,5.1372759719914744e-12,5.655957045979014e-10,0.019531163910016105
5,0.05038331567317271,7,6,49,9.058234488424818,0.030546690715628926,-0.4563838876719277,-0.001539043561096306,8.643411587485416e-7,0.0,0.0,0.0,0.0,0.0,0.0,0.0,0.0,7.673027688646103e-8,-2.066418376034736e-7,2.0401458092198057e-7,7.114469906297967e-8,2.040145831962403e-7,7.114470123314205e-8,-6.572231227364112e-8,2.0133034546374752e-7,5.1372759719914744e-12,5.655957045979014e-10,0.019531163910016105
5,0.05038331567317271,7,8,50,11.061187668485434,0.061469677007100855,0.5572993100215069,0.0030970461409767286,3.349160978211957e-7,-1.1301643771145167e-9,-8.540416205909588e-8,8.367441975734405e-8,-2.7820015035793265e-9,8.367441979479023e-8,-2.7820015078300985e-9,4.366898218890402e-9,8.194687631788372e-8,0.0,0.0,0.0,0.0,0.0,0.0,0.0,0.0,5.1372759719914744e-12,5.655957045979014e-10,0.019531163910016105
5,0.05038331567317271,7,6,51,11.061187668483473,0.061469677010705326,-0.5572993100214081,-0.0030970461411583337,3.3491609724732797e-7,0.0,0.0,0.0,0.0,0.0,0.0,0.0,0.0,4.3668983183666995e-9,8.194687616902815e-8,-8.367441961918907e-8,2.7820016120828574e-9,-8.36744196386724e-8,2.7820016144900655e-9,-1.130164492935863e-9,-8.540416191399454e-8,5.1372759719914744e-12,5.655957045979014e-10,0.019531163910016105
5,0.05038331567317271,7,6,52,10.976994563290539,-0.0006799225933628375,-0.5530573822249678,3.425675465472209e-5,2.258135463852096e-7,0.0,0.0,0.0,0.0,0.0,0.0,0.0,0.0,5.580033903298089e-8,1.4236752309297135e-8,-1.2858079150173327e-8,5.496378396854126e-8,-1.2858079078959403e-8,5.496378399335329e-8,-5.4116924879096674e-8,-1.1523372825769406e-8,5.1372759719914744e-12,5.655957045979014e-10,0.019531163910016105
5,0.05038331567317271,7,8,53,10.97699456328947,-0.000679922594342991,0.553057382224914,-3.425675470410547e-5,2.2581353787682095e-7,-5.411692289286185e-8,-1.1523372161111685e-8,1.2858078411267355e-8,-5.496378194642379e-8,1.285807839077321e-8,-5.496378198078098e-8,5.580033698470172e-8,1.4236751545247768e-8,0.0,0.0,0.0,0.0,0.0,0.0,0.0,0.0,5.1372759719914744e-12,5.655957045979014e-10,0.019531163910016105
5,0.05038331567317271,7,8,54,10.968510859777377,0.0029870754917952387,0.5526299451127866,0.00015049876744271712,1.5371659080257192e-7,-2.985021418190565e-8,-2.2969192047058077e-8,2.4037557737967537e-8,-2.997832522560871e-8,2.4037557725610358e-8,-2.9978325258517744e-8,3.0087196666619436e-8,2.512989838037421e-8,0.0,0.0,0.0,0.0,0.0,0.0,0.0,0.0,5.1372759719914744e-12,5.655957045979014e-10,0.019531163910016105
5,0.05038331567317271,7,6,55,10.968510859778558,0.0029870754951924657,-0.5526299451128461,-0.00015049876761388068,1.5371658282222332e-7,0.0,0.0,0.0,0.0,0.0,0.0,0.0,0.0,3.008719534038684e-8,2.5129896810717605e-8,-2.40375562173222e-8,2.997832389346718e-8,-2.4037556195199978e-8,2.997832392283719e-8,-2.985021284114332e-8,-2.2969190565259327e-8,5.1372759719914744e-12,5.655957045979014e-10,0.019531163910016105
5,0.05038331567317271,7,8,56,10.984668057745585,0.010139972903532524,0.5534439983184127,0.0005108854557160968,1.3430202902431634e-7,2.4850196898988013e-8,2.3570036173467266e-8,-2.261156026324215e-8,2.4815452178883356e-8,-2.2611560228988256e-8,2.4815452276150845e-8,-2.4762610369400084e-8,-2.1672929441452044e-8,0.0,0.0,0.0,0.0,0.0,0.0,0.0,0.0,5.1372759719914744e-12,5.655957045979014e-10,0.019531163910016105
5,0.05038331567317271,7,6,57,10.984668057747069,0.010139972905860564,-0.5534439983184876,-0.0005108854558333912,1.343020270081147e-7,0.0,0.0,0.0,0.0,0.0,0.0,0.0,0.0,-2.4762610101274958e-8,-2.1672928997903414e-8,2.2611559785261507e-8,-2.4815451924342014e-8,2.2611559775422978e-8,-2.4815452015814207e-8,2.4850196653203096e-8,2.35700356852288e-8,5.1372759719914744e-12,5.655957045979014e-10,0.019531163910016105
5,0.05038331567317271,7,6,58,6.4282356398785385,0.060896438863264644,-0.3238758254655398,-0.0030681645026199252,1.2868953808297978e-7,0.0,0.0,0.0,0.0,0.0,0.0,0.0,0.0,2.8012462024211763e-8,1.4477111207877072e-8,-1.533818639947068e-8,2.8277118737441333e-8,-1.53381864739969e-8,2.827711870893317e-8,-2.8529495826043047e-8,-1.622187844712662e-8,5.1372759719914744e-12,5.655957045979014e-10,0.019531163910016105
5,0.05038331567317271,7,8,59,6.4282356398794205,0.06089643886253935,0.3238758254655842,0.0030681645025833824,1.2868953299232458e-7,-2.8529494392448062e-8,-1.6221878385699763e-8,1.5338186420014983e-8,-2.8277117302981743e-8,1.5338186357833735e-8,-2.8277117299395128e-8,2.801246061385325e-8,1.4477111173810711e-8,0.0,0.0,0.0,0.0,0.0,0.0,0.0,0.0,5.1372759719914744e-12,5.655957045979014e-10,0.019531163910016105
5,0.05038331567317271,7,6,60,11.077855848024768,0.05690249050253298,-0.5581391081729342,-0.002866936141578831,1.0397747526494503e-7,0.0,0.0,0.0,0.0,0.0,0.0,0.0,0.0,2.226066072550123e-8,-1.4408367248625497e-8,1.4556726589447337e-8,2.1533087187614988e-8,1.455672650884596e-8,2.153308708834651e-8,-2.0817152039540953e-8,1.4687854724021178e-8,5.1372759719914744e-12,5.655957045979014e-10,0.019531163910016105
5,0.05038331567317271,7,8,61,11.077855848022008,0.0569024905038544,0.5581391081727952,0.002866936141645409,1.0397747456363336e-7,-2.0817151857529398e-8,1.4687854672670016e-8,-1.4556726526380432e-8,-2.1533086990380872e-8,-1.4556726474675538e-8,-2.1533086927935575e-8,2.2260660550145643e-8,-1.4408367202569068e-8,0.0,0.0,0.0,0.0,0.0,0.0,0.0,0.0,5.1372759719914744e-12,5.655957045979014e-10,0.019531163910016105
5,0.05038331567317271,7,6,62,11.067585556821417,0.055603144951514416,-0.5576216568491804,-0.0028014708045133304,4.5347899396844837e-8,0.0,0.0,0.0,0.0,0.0,0.0,0.0,0.0,-8.097466248685618e-9,7.608847508127003e-9,-7.595740684594113e-9,-8.414631796025961e-9,-7.595740694693599e-9,-8.414631797505923e-9,8.737871243517076e-9,-7.575899736108221e-9,5.1372759719914744e-12,5.655957045979014e-10,0.019531163910016105
5,0.05038331567317271,7,8,63,11.067585556824579,0.05560314495187903,0.5576216568493397,0.0028014708045317007,4.534789911722599e-8,8.73787110563554e-9,-7.575899786563623e-9,7.595740731615016e-9,8.414631662185516e-9,7.595740741640817e-9,8.414631658191463e-9,-8.09746611345878e-9,7.608847551720796e-9,0.0,0.0,0.0,0.0,0.0,0.0,0.0,0.0,5.1372759719914744e-12,5.655957045979014e-10,0.019531163910016105
5,0.05038331567317271,7,8,64,8.697823415466935,0.03289606505154688,0.4382251828109838,0.0016574128298973108,1.5905272357621945e-10,-2.9977736442324875e-11,-2.7324572695863708e-11,2.6190497708675188e-11,-2.991408177670114e-11,2.6190497253665525e-11,-2.991408271560126e-11,2.982946608891561e-11,2.50803451508031e-11,0.0,0.0,0.0,0.0,0.0,0.0,0.0,0.0,5.1372759719914744e-12,5.655957045979014e-10,0.019531163910016105
5,0.05038331567317271,7,6,65,8.697823415466877,0.03289606505281469,-0.4382251828109809,-0.0016574128299611875,1.5905271889595715e-10,0.0,0.0,0.0,0.0,0.0,0.0,0.0,0.0,2.9829464437735905e-11,2.5080345246632153e-11,-2.619049784199112e-11,2.991408024292532e-11,-2.6190497372644205e-11,2.991408091701203e-11,-2.997773475935297e-11,-2.7324572854278266e-11,5.1372759719914744e-12,5.655957045979014e-10,0.019531163910016105
5,0.05038331567317271,7,6,66,13.033536118103736,0.06821576772675192,-0.6566727645761186,-0.0034369365592647693,2.992150815360997e-18,0.0,0.0,0.0,0.0,0.0,0.0,0.0,0.0,6.812170049378147e-19,-2.746374573523504e-19,2.6479360639304207e-19,6.992241750790095e-19,2.6605398409954356e-19,6.993719755246663e-19,-7.175155974187608e-19,2.556658812386041e-19,5.1372759719914744e-12,5.655957045979014e-10,0.019531163910016105
5,0.05038331567317271,7,8,67,13.033536118101004,0.06821576774357685,0.6566727645759809,0.003436936560112465,1.6888540593604287e-18,-3.448144619765263e-19,-2.56395307872491e-19,2.448007746136769e-19,-3.4427314162059727e-19,2.437321286245835e-19,-3.444074479826937e-19,3.4360841219418135e-19,2.3236279184164097e-19,0.0,0.0,0.0,0.0,0.0,0.0,0.0,0.0,5.1372759719914744e-12,5.655957045979014e-10,0.019531163910016105
5,0.05038331567317271,7,6,68,6.808829699270859,0.06685051784484153,-0.3430514161032373,-0.003368150743491716,4.608608264850111e-19,0.0,0.0,0.0,0.0,0.0,0.0,0.0,0.0,-4.964354010308993e-21,1.1298180244541518e-19,-1.1493930688830962e-19,-7.55383431394124e-21,-1.1497714048083336e-19,-7.529024223756615e-21,1.0209559602925169e-20,-1.1691443591435808e-19,5.1372759719914744e-12,5.655957045979014e-10,0.019531163910016105
5,0.05038331567317271,7,8,69,6.808829699271177,0.06685051783991064,0.34305141610325335,0.0033681507432432815,1.8966078816055555e-19,-4.1991699443326034e-20,-2.374874635016689e-20,2.2377820382960518e-20,-4.1676313588159274e-20,2.280561975076482e-20,-4.1689089989103616e-20,4.135936588467273e-20,2.1459765867009093e-20,0.0,0.0,0.0,0.0,0.0,0.0,0.0,0.0,5.1372759719914744e-12,5.655957045979014e-10,0.019531163910016105
5,0.05038331567317271,7,6,70,9.062817445865605,0.03494761897478725,-0.4566147922633836,-0.0017607769188324664,5.240784292297523e-20,0.0,0.0,0.0,0.0,0.0,0.0,0.0,0.0,1.1405238865366054e-20,5.9049822207664305e-21,-6.258057989561334e-21,1.1509910543476532e-20,-6.258258220730766e-21,1.1508605969028003e-20,-1.1608031478261357e-20,-6.620492319879425e-21,5.1372759719914744e-12,5.655957045979014e-10,0.019531163910016105
5,0.05038331567317271,7,8,71,9.062817445869083,0.034947618981029,0.45661479226355883,0.0017607769191469466,1.6423169763860306e-20,-3.042396353260923e-21,-2.880015727575426e-21,2.761674121608316e-21,-3.03791459653735e-21,2.7632493317438644e-21,-3.0359241980550725e-21,3.029263633847516e-21,2.6473940039481894e-21,0.0,0.0,0.0,0.0,0.0,0.0,0.0,0.0,5.1372759719914744e-12,5.655957045979014e-10,0.019531163910016105
5,0.05038331567317271,7,8,72,2.175560238551967,0.06681782747229237,0.10961193826496668,0.003366503694132098,7.881293731267927e-21,5.74970711496923e-22,-1.9156067212531676e-21,1.8924887213958224e-21,5.143866437114465e-22,1.908897532199626e-21,5.231845522870974e-22,-4.637971247800301e-22,1.8845818543373974e-21,0.0,0.0,0.0,0.0,0.0,0.0,0.0,0.0,5.1372759719914744e-12,5.655957045979014e-10,0.019531163910016105
5,0.05038331567317271,7,6,73,9.096982382603906,0.03569787114116966,-0.45833613505602344,-0.001798577110565793,7.36679616287425e-21,0.0,0.0,0.0,0.0,0.0,0.0,0.0,0.0,-2.290342034656581e-22,1.769525073270857e-21,-1.807413967372969e-21,-2.7011301515280695e-22,-1.8313281516032586e-21,-2.9574712080207976e-22,3.396706327877346e-22,-1.8693598504570762e-21,5.1372759719914744e-12,5.655957045979014e-10,0.019531163910016105
5,0.05038331567317271,7,6,74,2.175560238551621,0.06681782747261467,-0.10961193826494925,-0.0033665036941483368,5.714008930116581e-21,0.0,0.0,0.0,0.0,0.0,0.0,0.0,0.0,-2.536975146009252e-22,1.3888663749798403e-21,-1.3848623549925527e-21,-2.9429952631000063e-22,-1.411005534245631e-21,-2.933427995029038e-22,3.346766761909802e-22,-1.4059123874286817e-21,5.1372759719914744e-12,5.655957045979014e-10,0.019531163910016105
5,0.05038331567317271,7,8,75,9.096982382600306,0.03569787113637679,0.45833613505584203,0.0017985771103243124,5.319175931886984e-21,-3.1434007054557756e-22,1.3108401881347558e-21,-1.2966099418207508e-21,-2.9741910990969637e-22,-1.2990691053528112e-21,-2.813177436266278e-22,2.6494714273600908e-22,-1.2846723521164863e-21,0.0,0.0,0.0,0.0,0.0,0.0,0.0,0.0,5.1372759719914744e-12,5.655957045979014e-10,0.019531163910016105
5,0.05038331567317271,7,8,76,4.464301581118501,0.035854281062120644,0.22492631582173747,0.0018064575609874824,3.9072648440674256e-21,-2.698594617743271e-22,9.576826836451484e-22,-9.423063928218364e-22,-2.4607139945730084e-22,-9.482481723214269e-22,-2.457028632947885e-22,2.226083257963632e-22,-9.326187531394484e-22,0.0,0.0,0.0,0.0,0.0,0.0,0.0,0.0,5.1372759719914744e-12,5.655957045979014e-10,0.019531163910016105
5,0.05038331567317271,7,6,77,10.978412211995055,-0.0006055525121793012,-0.5531288080671611,3.0509743377812495e-5,3.4481980321239333e-22,0.0,0.0,0.0,0.0,0.0,0.0,0.0,0.0,6.071034215100929e-23,6.263302013198215e-23,-6.053251191799928e-23,6.052191896060995e-23,-5.961652299894789e-23,6.3098530174535e-23,-6.281934384770741e-23,-5.753638592373676e-23,5.1372759719914744e-12,5.655957045979014e-10,0.019531163910016105
5,0.05038331567317271,7,8,78,9.107933458062602,0.02945848671389948,0.45888788654781965,0.0014842162353603616,3.033805373086354e-22,-7.130017825916906e-23,3.0040875664404697e-23,-3.059635376487527e-23,-6.908567285474119e-23,-3.1397130063744435e-23,-6.934085014385132e-23,6.714851765742605e-23,-3.188587774998868e-23,0.0,0.0,0.0,0.0,0.0,0.0,0.0,0.0,5.1372759719914744e-12,5.655957045979014e-10,0.019531163910016105
5,0.05038331567317271,7,6,79,4.464301581121323,0.035854281063400356,-0.2249263158218797,-0.0018064575610519586,2.571135115920659e-22,0.0,0.0,0.0,0.0,0.0,0.0,0.0,0.0,-1.6995456186087e-23,-6.100324292755366e-23,6.16052880530948e-23,-1.6108613361024372e-23,6.28394552808929e-23,-1.612738128436203e-23,1.520639451601335e-23,6.34374898787666e-23,5.1372759719914744e-12,5.655957045979014e-10,0.019531163910016105
6,0.029088820866572156,8,9,0,0.3282720867373368,0.04997466489041935,0.009549047926598228,0.0014537040748643813,28.299301211827135,5.743290165204281,-4.37032232958422,4.395544349849143,5.542773386094322,4.395544349865091,5.542773386107141,-5.345771268227164,4.416330745556511,0.0,0.0,0.0,0.0,0.0,0.0,0.0,0.0,7.591983488379026e-12,3.693149455826111e-8,0.01037916229635763
6,0.029088820866572156,8,7,1,0.32827208673733416,0.04997466489091641,-0.00954904792659815,-0.0014537040748788402,28.299301211799555,0.0,0.0,0.0,0.0,0.0,0.0,0.0,0.0,-5.345771268268884,4.416330745493242,-4.39554434978219,-5.542773386135151,-4.395544349804953,-5.542773386149465,5.7432901652457495,-4.370322329520428,7.591983488379026e-12,3.693149455826111e-8,0.01037916229635763
6,0.029088820866572156,8,9,2,0.24248243402132874,-0.03549156439653442,0.007053528086536833,-0.0010324077590051998,21.464100365761475,-3.0084934843680826,4.313792810519963,-4.338650772916163,-3.156672060704149,-4.338650772922348,-3.156672060715453,3.308320546979557,-4.36098200970586,0.0,0.0,0.0,0.0,0.0,0.0,0.0,0.0,7.591983488379026e-12,3.693149455826111e-8,0.01037916229635763
6,0.029088820866572156,8,7,3,0.24248243402102976,-0.03549156439598675,-0.007053528086528136,0.0010324077589892687,21.464100365578815,0.0,0.0,0.0,0.0,0.0,0.0,0.0,0.0,3.3083205470106054,-4.3609820096265866,4.338650772833678,3.1566720607329466,4.338650772846814,3.1566720607485457,-3.0084934843989806,4.31379281044123,7.591983488379026e-12,3.693149455826111e-8,0.01037916229635763
6,0.029088820866572156,8,7,4,1.0040018542880023,0.025454481706033677,-0.029205230089089977,-0.0007404408585982516,5.541349254568826,0.0,0.0,0.0,0.0,0.0,0.0,0.0,0.0,-1.1178316441410974,0.7707167095819732,-0.7633158244987914,-1.1559086319527148,-0.7633158245037426,-1.1559086319793666,1.1945959024623072,-0.7549899684018924,7.591983488379026e-12,3.693149455826111e-8,0.01037916229635763
6,0.029088820866572156,8,9,5,1.004001854288241,0.02545448170519872,0.02920523008909692,0.0007404408585739637,5.541349254542919,1.194595902445785,-0.7549899684152012,0.7633158245123759,1.1559086319369458,0.763315824516653,1.155908631962124,-1.1178316441245995,0.7707167095951494,0.0,0.0,0.0,0.0,0.0,0.0,0.0,0.0,7.591983488379026e-12,3.693149455826111e-8,0.01037916229635763
6,0.029088820866572156,8,7,6,0.9748756327406387,-0.003955401349012101,-0.028357982647978626,0.00011505796129681086,3.1996087565028546,0.0,0.0,0.0,0.0,0.0,0.0,0.0,0.0,0.37046217319216135,-0.7270324808955867,0.7197593593539251,0.3488008968705572,0.7197593593592962,0.3488008968951343,-0.3277153163527517,0.7122069668217781,7.591983488379026e-12,3.693149455826111e-8,0.01037916229635763
6,0.029088820866572156,8,9,7,0.9748756327420602,-0.003955401350933245,0.028357982648019975,-0.00011505796135269467,3.199608756498339,-0.32771531633801165,0.7122069668276071,-0.7197593593602445,-0.348800896856279,-0.7197593593647266,-0.34880089688000115,0.37046217317748836,-0.7270324809014959,0.0,0.0,0.0,0.0,0.0,0.0,0.0,0.0,7.591983488379026e-12,3.693149455826111e-8,0.01037916229635763
6,0.029088820866572156,8,7,8,11.697975259759135,0.004431946566066235,-0.34028030683272636,-0.0001289200997505203,2.453631628364375,0.0,0.0,0.0,0.0,0.0,0.0,0.0,0.0,-0.4252777793325878,0.4249523289550278,-0.4247705395839367,-0.4424522904028118,-0.42477053945334015,-0.44245229032737937,0.45996647618782677,-0.42423465238452596,7.591983488379026e-12,3.693149455826111e-8,0.01037916229635763
6,0.029088820866572156,8,9,9,11.697975259761526,0.004431946557287597,0.3402803068327959,0.00012892009949516008,2.4536316183462348,0.4599664742727568,-0.42423465076247424,0.4247705378913989,0.4424522884724528,0.42477053790323205,0.44245228842640066,-0.42527777741761663,0.42495232733290444,0.0,0.0,0.0,0.0,0.0,0.0,0.0,0.0,7.591983488379026e-12,3.693149455826111e-8,0.01037916229635763
6,0.029088820866572156,8,7,10,11.688620934227576,-0.00447600902292674,-0.34000820053301123,0.0001302018246650766,2.353859356967523,0.0,0.0,0.0,0.0,0.0,0.0,0.0,0.0,0.4245388261479974,-0.4244002771891445,0.42423825843277724,0.40772973914643307,0.4242382583013186,0.4077297390689357,-0.3912599121439649,0.4237499200541361,7.591983488379026e-12,3.693149455826111e-8,0.01037916229635763
6,0.029088820866572156,8,9,11,11.688620934225858,-0.004476009019702819,0.34000820053296127,-0.00013020182457129653,2.3538593469577327,-0.39125991021950135,0.4237499184324917,-0.42423825674102905,-0.40772973720642897,-0.4242382567511857,-0.40772973715880967,0.42453882422362665,-0.42440027556736315,0.0,0.0,0.0,0.0,0.0,0.0,0.0,0.0,7.591983488379026e-12,3.693149455826111e-8,0.01037916229635763
6,0.029088820866572156,8,7,12,3.8693251091508154,0.004417953836036111,-0.11255410497461782,-0.00012851306773323972,2.329010154427162,0.0,0.0,0.0,0.0,0.0,0.0,0.0,0.0,-0.41890330534977377,0.3875332357213525,-0.38673337248452716,-0.43518679231880747,-0.3867333724745195,-0.4351867923688297,0.45177952672661725,-0.3855852361046592,7.591983488379026e-12,3.693149455826111e-8,0.01037916229635763
6,0.029088820866572156,8,9,13,3.869325109151604,0.004417953835054077,0.11255410497464076,0.0001285130677046735,2.329010154046444,0.4517795266331239,-0.3855852360664744,0.38673337245977074,0.4351867922271131,0.38673337242304656,0.43518679227359675,-0.4189033052563673,0.38753323568323367,0.0,0.0,0.0,0.0,0.0,0.0,0.0,0.0,7.591983488379026e-12,3.693149455826111e-8,0.01037916229635763
6,0.029088820866572156,8,7,14,3.8607301152337987,-0.003942259011269385,-0.11230408673621645,0.000114675666188445,2.0682414207169666,0.0,0.0,0.0,0.0,0.0,0.0,0.0,0.0,0.3591152734429129,-0.38631718412738375,0.38563391068169817,0.34436093215578273,0.3856339106690379,0.3443609322078866,-0.32991498780449663,0.38467502511863755,7.591983488379026e-12,3.693149455826111e-8,0.01037916229635763
6,0.029088820866572156,8,9,15,3.860730115234529,-0.003942259010626087,0.11230408673623768,-0.00011467566616973222,2.0682414203298487,-0.3299149877094892,0.38467502507364576,-0.38563391065004815,-0.34436093206242047,-0.38563391061084495,-0.34436093211125285,0.3591152733479627,-0.38631718408245674,0.0,0.0,0.0,0.0,0.0,0.0,0.0,0.0,7.591983488379026e-12,3.693149455826111e-8,0.01037916229635763
6,0.029088820866572156,8,9,16,4.401861857659407,0.061492450291922865,0.12804497105685103,0.0017887428711883368,0.048917724161137856,0.009083555830962816,-0.008550991674791461,0.008558113974041154,0.00873428705961617,0.00855811397407443,0.008734287059505338,-0.00839186198327015,0.008558246106198705,0.0,0.0,0.0,0.0,0.0,0.0,0.0,0.0,7.591983488379026e-12,3.693149455826111e-8,0.01037916229635763
6,0.029088820866572156,8,7,17,4.401861857659458,0.061492450291049675,-0.12804497105685253,-0.0017887428711629368,0.04891772416048856,0.0,0.0,0.0,0.0,0.0,0.0,0.0,0.0,-0.008391861983093763,0.008558246106144652,-0.008558113973993649,-0.00873428705943214,-0.008558113974018972,-0.008734287059335702,0.009083555830785664,-0.008550991674742527,7.591983488379026e-12,3.693149455826111e-8,0.01037916229635763
6,0.029088820866572156,8,9,18,4.3337485834672975,0.01003399809119497,0.12606363622524105,0.00029187717305029746,0.024701569871967095,-0.0012497586489323038,0.005922092683399222,-0.006014995471339283,-0.0013955923297672668,-0.006014995471340416,-0.0013955923298537424,0.0015462375597066749,-0.006106779860797801,0.0,0.0,0.0,0.0,0.0,0.0,0.0,0.0,7.591983488379026e-12,3.693149455826111e-8,0.01037916229635763
6,0.029088820866572156,8,7,19,4.3337485834669565,0.010033998091444667,-0.12606363622523112,-0.0002918771730575608,0.0247015698706766,0.0,0.0,0.0,0.0,0.0,0.0,0.0,0.0,0.0015462375597417503,-0.00610677986046472,0.006014995470983928,0.0013955923297887189,0.00601499547101698,0.0013955923299019662,-0.0012497586489674214,0.005922092683053788,7.591983488379026e-12,3.693149455826111e-8,0.01037916229635763
6,0.029088820866572156,8,9,20,4.285275875873632,-0.04167268574082547,0.12465362231713117,-0.0012122092905438278,0.02124987249989444,-0.0042900932212745916,0.0029505194310158775,-0.0029219680055229636,-0.00443607694142143,-0.0029219680055098,-0.0044360769413566495,0.004584396815988925,-0.002889866784001827,0.0,0.0,0.0,0.0,0.0,0.0,0.0,0.0,7.591983488379026e-12,3.693149455826111e-8,0.01037916229635763
6,0.029088820866572156,8,7,21,4.285275875874379,-0.04167268574114263,-0.12465362231715289,0.0012122092905530535,0.021249872498752206,0.0,0.0,0.0,0.0,0.0,0.0,0.0,0.0,0.004584396815764489,-0.0028898667838061164,0.0029219680053282145,0.004436076941213404,0.0029219680053192212,0.004436076941134744,-0.0042900932210687545,0.002950519430826337,7.591983488379026e-12,3.693149455826111e-8,0.01037916229635763
6,0.029088820866572156,8,7,22,4.651158753797768,0.010430450063194555,-0.13529672381121224,-0.0003034094934459926,0.020605838812447912,0.0,0.0,0.0,0.0,0.0,0.0,0.0,0.0,-0.003551683083663342,0.003588538075698369,-0.003587811088088289,-0.003695922557569402,-0.003587811085737181,-0.003695922559370529,0.003843031098997112,-0.0035841262124448564,7.591983488379026e-12,3.693149455826111e-8,0.01037916229635763
6,0.029088820866572156,8,9,23,4.65115875379608,0.010430450062376341,0.13529672381116317,0.00030340949342219176,0.020605838803384374,0.003843031095701428,-0.0035841262125811983,0.0035878110887848443,0.0036959225545078753,0.003587811085311106,0.0036959225558544275,-0.0035516830803811092,0.0035885380758302354,0.0,0.0,0.0,0.0,0.0,0.0,0.0,0.0,7.591983488379026e-12,3.693149455826111e-8,0.01037916229635763
6,0.029088820866572156,8,7,24,4.648334414504267,0.007603890286870904,-0.13521456711143717,-0.0002211882024438557,0.018393989680167956,0.0,0.0,0.0,0.0,0.0,0.0,0.0,0.0,0.003051352185413136,-0.0035628462906986693,0.003551434985490882,0.002920489811047114,0.003551434983044396,0.0029204898129434192,-0.002792467651560375,0.003537686149891272,7.591983488379026e-12,3.693149455826111e-8,0.01037916229635763
6,0.029088820866572156,8,9,25,4.6483344145065715,0.007603890284928819,0.13521456711150423,0.0002211882023873627,0.01839398967356949,-0.0027924676488606318,0.003537686149969115,-0.0035514349860988337,-0.0029204898085402704,-0.0035514349826000183,-0.0029204898100577,0.0030513521827205065,-0.0035628462907822144,0.0,0.0,0.0,0.0,0.0,0.0,0.0,0.0,7.591983488379026e-12,3.693149455826111e-8,0.01037916229635763
6,0.029088820866572156,8,9,26,12.234101984257148,0.060961550954535385,0.35587560108343114,0.0017732996354648907,0.016087269328068338,0.0029141267409515653,-0.002887822208719846,0.0028872169984113932,0.002799242595548231,0.002887216998458794,0.002799242595566901,-0.0026866673276355287,0.0028843714705223174,0.0,0.0,0.0,0.0,0.0,0.0,0.0,0.0,7.591983488379026e-12,3.693149455826111e-8,0.01037916229635763
6,0.029088820866572156,8,7,27,12.234101984270787,0.06096155094843925,-0.3558756010838279,-0.0017732996352875612,0.016087269326958954,0.0,0.0,0.0,0.0,0.0,0.0,0.0,0.0,-0.002686667327487338,0.0028843714702705323,-0.0028872169981574245,-0.002799242595414593,-0.0028872169982263806,-0.0027992425954050204,0.002914126740804809,-0.0028878222084854493,7.591983488379026e-12,3.693149455826111e-8,0.01037916229635763
6,0.029088820866572156,8,9,28,4.328498020065179,0.018393506870637108,0.12591090352698822,0.0005350454264680271,0.01015470973329266,0.0025113747802776314,-0.0006320718263083983,0.0006686720907747646,0.002448769558209136,0.0006686720909521385,0.0024487695580188806,-0.0023866984899291077,0.0007033131261123353,0.0,0.0,0.0,0.0,0.0,0.0,0.0,0.0,7.591983488379026e-12,3.693149455826111e-8,0.01037916229635763
6,0.029088820866572156,8,7,29,4.328498020065121,0.018393506870954313,-0.12591090352698656,-0.0005350454264772542,0.010154709731626875,0.0,0.0,0.0,0.0,0.0,0.0,0.0,0.0,-0.002386698489713074,0.0007033131253330881,-0.000668672089975558,-0.0024487695579615983,-0.0006686720901940242,-0.002448769557827962,0.002511374780055738,-0.0006320718255302894,7.591983488379026e-12,3.693149455826111e-8,0.01037916229635763
6,0.029088820866572156,8,9,30,12.163914226880749,0.008676166798218449,0.35383392198208263,0.00025237946180187734,0.009307454097959678,-0.00046943997363242294,0.0022317296486270874,-0.0022667710981808557,-0.0005243665501471392,-0.0022667710979751496,-0.0005243665503102914,0.0005811063756191252,-0.0023013923289905993,0.0,0.0,0.0,0.0,0.0,0.0,0.0,0.0,7.591983488379026e-12,3.693149455826111e-8,0.01037916229635763
6,0.029088820866572156,8,7,31,12.163914226882806,0.00867616679910848,-0.3538339219821425,-0.0002523794618277673,0.009307454081684916,0.0,0.0,0.0,0.0,0.0,0.0,0.0,0.0,0.000581106373806754,-0.0023013923252363302,0.002266771094306961,0.0005243665484916491,0.0022667710943330577,0.0005243665483483772,-0.00046943997183036053,0.0022317296448643,7.591983488379026e-12,3.693149455826111e-8,0.01037916229635763
6,0.029088820866572156,8,7,32,12.114473426638606,-0.040472307498820366,-0.35239574740033897,0.0011772917028900105,0.0068104480172935765,0.0,0.0,0.0,0.0,0.0,0.0,0.0,0.0,0.0015690532155101886,-0.000744743049676978,0.0007606153935013019,0.0015230798875153803,0.0007606153935562631,0.001523079887511695,-0.001477714564348801,0.0007752690302686899,7.591983488379026e-12,3.693149455826111e-8,0.01037916229635763
6,0.029088820866572156,8,9,33,12.114473426607736,-0.04047230751944502,0.352395747399441,-0.0011772917034899575,0.006810448012842285,-0.0014777145631232225,0.0007752690302292573,-0.0007606153935035998,-0.001523079886272594,-0.000760615393548823,-0.0015230798862692625,0.0015690532142513829,-0.0007447430497124367,0.0,0.0,0.0,0.0,0.0,0.0,0.0,0.0,7.591983488379026e-12,3.693149455826111e-8,0.01037916229635763
6,0.029088820866572156,8,9,34,12.480172363351707,0.011002142530708588,0.3630334982614823,0.00032003935322427697,0.006350292992613281,0.0011438356496089493,-0.0011464492756357364,0.0011459530276167495,0.0010984883378627355,0.0011459530265182398,0.0010984883366227443,-0.0010540574356438163,0.0011445776212680432,0.0,0.0,0.0,0.0,0.0,0.0,0.0,0.0,7.591983488379026e-12,3.693149455826111e-8,0.01037916229635763
6,0.029088820866572156,8,7,35,12.480172363349443,0.011002142544395445,-0.3630334982614164,-0.0003200393536224115,0.0063502929648082745,0.0,0.0,0.0,0.0,0.0,0.0,0.0,0.0,-0.0010540574312569045,0.001144577615845207,-0.0011459530218765979,-0.0010984883335753372,-0.0011459530214137802,-0.0010984883321306636,0.001143835645220643,-0.0011464492702104284,7.591983488379026e-12,3.693149455826111e-8,0.01037916229635763
6,0.029088820866572156,8,9,36,12.475882888505637,0.006867339623625991,0.3629087224960733,0.00019976281214156952,0.006060645525730907,-0.0009583160298742359,0.0011344169994978858,-0.001137542954890725,-0.0010006253564630399,-0.0011375429538269981,-0.0010006253550340573,0.001043844395649679,-0.0011398680450507997,0.0,0.0,0.0,0.0,0.0,0.0,0.0,0.0,7.591983488379026e-12,3.693149455826111e-8,0.01037916229635763
6,0.029088820866572156,8,7,37,12.475882888509572,0.006867339615039873,-0.3629087224961877,-0.00019976281189180945,0.006060645498765299,0.0,0.0,0.0,0.0,0.0,0.0,0.0,0.0,0.001043844391597446,-0.0011398680396388617,0.0011375429491913007,0.0010006253525001402,0.0011375429487061575,0.001000625350881541,-0.0009583160258155061,0.0011344169940861778,7.591983488379026e-12,3.693149455826111e-8,0.01037916229635763
6,0.029088820866572156,8,9,38,12.156631823060787,0.01925789461215012,0.3536220854418857,0.0005601894466401599,0.0027886152175946467,0.0006945093910156376,-0.00015300531502954225,0.00016356265214710784,0.000677623438761463,0.00016356265209275473,0.0006776234389288251,-0.0006608681199397897,0.00017357783820837707,0.0,0.0,0.0,0.0,0.0,0.0,0.0,0.0,7.591983488379026e-12,3.693149455826111e-8,0.01037916229635763
6,0.029088820866572156,8,7,39,12.156631823059408,0.019257894622319388,-0.3536220854418456,-0.000560189446935972,0.0027886152119704372,0.0,0.0,0.0,0.0,0.0,0.0,0.0,0.0,-0.0006608681192116838,0.0001735778352281984,-0.00016356264912101284,-0.0006776234381870325,-0.00016356264917401418,-0.0006776234380438964,0.0006945093902870576,-0.00015300531206461618,7.591983488379026e-12,3.693149455826111e-8,0.01037916229635763
6,0.029088820866572156,8,9,40,8.045043409127606,0.04763202548550115,0.2340208265919099,0.0013855594568597425,0.0004992364037303145,0.00010192566169721006,-7.629445636372434e-5,7.676736726501302e-5,9.839191500549642e-5,7.676736726870836e-5,9.839191500138846e-5,-9.49195507082177e-5,7.716154008506038e-5,0.0,0.0,0.0,0.0,0.0,0.0,0.0,0.0,7.591983488379026e-12,3.693149455826111e-8,0.01037916229635763
6,0.029088820866572156,8,7,41,8.045043409127159,0.047632025484804164,-0.23402082659189688,-0.0013855594568394681,0.0004992364037186333,0.0,0.0,0.0,0.0,0.0,0.0,0.0,0.0,-9.491955071728805e-5,7.716154006929471e-5,-7.676736724936077e-5,-9.839191501429655e-5,-7.676736725212371e-5,-9.839191501033181e-5,0.00010192566170587386,-7.629445634725425e-5,7.591983488379026e-12,3.693149455826111e-8,0.01037916229635763
6,0.029088820866572156,8,9,42,7.963824403306848,-0.0332443659705681,0.2316582614806288,-0.0009670394065406227,0.0003615875277855329,-4.92004711074431e-5,7.368161134290482e-5,-7.415080482585758e-5,-5.168772412749057e-5,-7.415080482354982e-5,-5.168772413016606e-5,5.42342812445357e-5,-7.457862440554934e-5,0.0,0.0,0.0,0.0,0.0,0.0,0.0,0.0,7.591983488379026e-12,3.693149455826111e-8,0.01037916229635763
6,0.029088820866572156,8,7,43,7.963824403306429,-0.03324436597031567,-0.2316582614806166,0.0009670394065332799,0.0003615875277510741,0.0,0.0,0.0,0.0,0.0,0.0,0.0,0.0,5.4234281223766126e-5,-7.457862440947085e-5,7.415080482933119e-5,5.168772410693193e-5,7.415080482761737e-5,5.1687724109788516e-5,-4.92004710872676e-5,7.368161134652598e-5,7.591983488379026e-12,3.693149455826111e-8,0.01037916229635763
6,0.029088820866572156,8,7,44,8.0774151462462,0.04072835320515086,-0.23496248225409241,-0.0011847397705751135,0.00035607229461085744,0.0,0.0,0.0,0.0,0.0,0.0,0.0,0.0,5.732728494532764e-5,-7.042364318359165e-5,7.01395403756003e-5,5.480034837616002e-5,7.013954037609047e-5,5.480034837980502e-5,-5.2329505897904473e-5,6.98115748517461e-5,7.591983488379026e-12,3.693149455826111e-8,0.01037916229635763
6,0.029088820866572156,8,9,45,8.077415146247803,0.040728353204581944,0.23496248225413907,0.0011847397705585642,0.0003560722945292902,-5.2329505890127566e-5,6.981157483170681e-5,-7.013954035200004e-5,-5.4800348364876284e-5,-7.01395403600371e-5,-5.480034837558255e-5,5.7327284937624184e-5,-7.042364316397813e-5,0.0,0.0,0.0,0.0,0.0,0.0,0.0,0.0,7.591983488379026e-12,3.693149455826111e-8,0.01037916229635763
6,0.029088820866572156,8,7,46,8.063362287688731,0.04367152576677974,-0.23455370116885096,-0.001270353189999746,0.00024865407407542007,0.0,0.0,0.0,0.0,0.0,0.0,0.0,0.0,-2.2090796609283716e-5,5.678081349951756e-5,-5.746529512587489e-5,-2.369114555714677e-5,-5.7465295126459396e-5,-2.369114555937966e-5,2.5337459154873883e-5,-5.813080545049027e-5,7.591983488379026e-12,3.693149455826111e-8,0.01037916229635763
6,0.029088820866572156,8,9,47,8.06336228768864,0.04367152576633229,0.23455370116884833,0.0012703531899867302,0.00024865407393620824,2.5337459150844957e-5,-5.8130805413801246e-5,5.746529508796999e-5,2.36911455515158e-5,5.7465295091766845e-5,2.3691145558486312e-5,-2.2090796606771182e-5,5.6780813463620996e-5,0.0,0.0,0.0,0.0,0.0,0.0,0.0,0.0,7.591983488379026e-12,3.693149455826111e-8,0.01037916229635763
6,0.029088820866572156,8,9,48,11.60235027078025,0.004416916134817046,0.33749868865795163,0.00012848288222836533,0.0002166011872033714,3.1550518613458575e-5,-4.5341554276242314e-5,4.505356746685497e-5,3.0030726143371014e-5,4.505356750167299e-5,3.0030726170548676e-5,-2.854696693896355e-5,4.4741541698170855e-5,0.0,0.0,0.0,0.0,0.0,0.0,0.0,0.0,7.591983488379026e-12,3.693149455826111e-8,0.01037916229635763
6,0.029088820866572156,8,7,49,11.60235027078174,0.004416916130869017,-0.337498688657995,-0.00012848288211352182,0.00021660118717050527,0.0,0.0,0.0,0.0,0.0,0.0,0.0,0.0,-2.8546967031648765e-5,4.474154162510226e-5,-4.505356740075388e-5,-3.0030726239649946e-5,-4.5053567421426066e-5,-3.0030726264068242e-5,3.1550518710717257e-5,-4.534155420294273e-5,7.591983488379026e-12,3.693149455826111e-8,0.01037916229635763
6,0.029088820866572156,8,9,50,7.993148208131821,-0.02369108427113787,0.23251125638630873,-0.0006891457064979947,0.00020977098897155983,4.979083430948284e-5,-1.9564322857334472e-5,2.0149349688903068e-5,4.841173044579979e-5,2.0149349685018778e-5,4.8411730445273184e-5,-4.704873056702826e-5,2.0695640690613587e-5,0.0,0.0,0.0,0.0,0.0,0.0,0.0,0.0,7.591983488379026e-12,3.693149455826111e-8,0.01037916229635763
6,0.029088820866572156,8,7,51,7.9931482081328085,-0.02369108427081645,-0.23251125638633746,0.000689145706488645,0.00020977098895657957,0.0,0.0,0.0,0.0,0.0,0.0,0.0,0.0,-4.7048730569025375e-5,2.0695640676532e-5,-2.0149349674153087e-5,-4.8411730446151225e-5,-2.0149349671518916e-5,-4.841173044856364e-5,4.9790834311130344e-5,-1.9564322843173067e-5,7.591983488379026e-12,3.693149455826111e-8,0.01037916229635763
6,0.029088820866572156,8,7,52,11.594315351843461,-0.003719639894747967,-0.33726496234032194,0.00010819993858647892,0.00018212129217947158,0.0,0.0,0.0,0.0,0.0,0.0,0.0,0.0,2.7738456282229974e-5,-3.725243351159643e-5,3.705144260807951e-5,2.645347809351481e-5,3.7051442578508586e-5,2.6453478077543623e-5,-2.5198132573011585e-5,3.682927703946693e-5,7.591983488379026e-12,3.693149455826111e-8,0.01037916229635763
6,0.029088820866572156,8,9,53,11.594315351844841,-0.0037196398961809388,0.3372649623403621,-0.00010819993862816238,0.00018212129204602429,-2.5198132459877524e-5,3.682927707929783e-5,-3.705144264547477e-5,-2.6453477979243732e-5,-3.70514426201552e-5,-2.6453477966346988e-5,2.7738456169865287e-5,-3.725243355068701e-5,0.0,0.0,0.0,0.0,0.0,0.0,0.0,0.0,7.591983488379026e-12,3.693149455826111e-8,0.01037916229635763
6,0.029088820866572156,8,7,54,7.968734223450255,-0.03113463706595691,-0.23180108235926744,0.0009056698803573582,9.643784458022695e-5,0.0,0.0,0.0,0.0,0.0,0.0,0.0,0.0,2.2999619805534412e-5,-8.710944214634861e-6,8.987706717166508e-6,2.2368975026784317e-5,8.987706715943586e-6,2.2368975027694105e-5,-2.174551325510574e-5,9.246571165256241e-6,7.591983488379026e-12,3.693149455826111e-8,0.01037916229635763
6,0.029088820866572156,8,9,55,7.968734223450261,-0.031134637066593522,0.23180108235926764,-0.0009056698803758766,9.643784455461548e-5,-2.174551324464126e-5,9.246571173888525e-6,-8.987706726255402e-6,-2.2368975016531526e-5,-8.987706724575692e-6,-2.2368975017027846e-5,2.2999619795082134e-5,-8.710944223724107e-6,0.0,0.0,0.0,0.0,0.0,0.0,0.0,0.0,7.591983488379026e-12,3.693149455826111e-8,0.01037916229635763
6,0.029088820866572156,8,7,56,8.699595405176323,0.027115023240613628,-0.25306097235282826,-0.0007887440538391507,3.192826269147992e-5,0.0,0.0,0.0,0.0,0.0,0.0,0.0,0.0,-6.646197122723277e-6,4.126908014257499e-6,-4.0737984598833295e-6,-6.863293785022586e-6,-4.0737984610781245e-6,-6.863293783455487e-6,7.08364728773546e-6,-4.015196968948237e-6,7.591983488379026e-12,3.693149455826111e-8,0.01037916229635763
6,0.029088820866572156,8,9,57,8.699595405176574,0.02711502324122622,0.25306097235283553,0.0007887440538569703,3.1928262680238235e-5,7.083647284470565e-6,-4.015196968786232e-6,4.073798459834946e-6,6.863293781855198e-6,4.0737984609493145e-6,6.863293780193501e-6,-6.646197119554087e-6,4.126908014238789e-6,0.0,0.0,0.0,0.0,0.0,0.0,0.0,0.0,7.591983488379026e-12,3.693149455826111e-8,0.01037916229635763
6,0.029088820866572156,8,9,58,5.139730289795849,0.010371717661179447,0.14950869370236644,0.00030170103712471165,2.5796395467163626e-5,-6.201655549055063e-6,-1.221401270583589e-6,1.372372739584642e-6,-6.300726531785077e-6,1.3723727360336308e-6,-6.300726532029771e-6,6.398697600504251e-6,1.528384346284612e-6,0.0,0.0,0.0,0.0,0.0,0.0,0.0,0.0,7.591983488379026e-12,3.693149455826111e-8,0.01037916229635763
6,0.029088820866572156,8,7,59,5.139730289795608,0.010371717660666697,-0.14950869370235945,-0.0003017010371097964,2.5796395450968014e-5,0.0,0.0,0.0,0.0,0.0,0.0,0.0,0.0,6.398697596963714e-6,1.5283843436377355e-6,-1.3723727371274724e-6,6.300726528892095e-6,-1.3723727333301773e-6,6.300726527758504e-6,-6.201655545433604e-6,-1.2214012680716279e-6,7.591983488379026e-12,3.693149455826111e-8,0.01037916229635763
6,0.029088820866572156,8,7,60,8.740145195966887,0.020605013900716923,-0.254240517953312,-0.0005993755583111837,2.160539449726897e-5,0.0,0.0,0.0,0.0,0.0,0.0,0.0,0.0,4.121881145214346e-6,-3.6563679659160517e-6,3.6640755603880843e-6,3.967780859280279e-6,3.6640755606800943e-6,3.96778086253921e-6,-3.816610566921847e-6,3.6686077584540625e-6,7.591983488379026e-12,3.693149455826111e-8,0.01037916229635763
6,0.029088820866572156,8,9,61,8.740145195970088,0.02060501389983546,0.2542405179534051,0.0005993755582855431,2.1605394465148097e-5,-3.816610563568252e-6,3.6686077502649077e-6,-3.6640755520135627e-6,-3.967780855607405e-6,-3.6640755526789304e-6,-3.967780859469481e-6,4.12188114183131e-6,-3.656367957727423e-6,0.0,0.0,0.0,0.0,0.0,0.0,0.0,0.0,7.591983488379026e-12,3.693149455826111e-8,0.01037916229635763
6,0.029088820866572156,8,9,62,8.667511161319176,-0.005251095123707125,0.2521276795306283,-0.00015274816540684712,1.6111675953007925e-5,-1.3235995151444316e-6,3.7192803258240214e-6,-3.766633644781021e-6,-1.4259589740629464e-6,-3.766633644324482e-6,-1.4259589752704067e-6,1.531331284323963e-6,-3.8128449909618293e-6,0.0,0.0,0.0,0.0,0.0,0.0,0.0,0.0,7.591983488379026e-12,3.693149455826111e-8,0.01037916229635763
6,0.029088820866572156,8,7,63,8.667511161318842,-0.005251095124309324,-0.2521276795306186,0.00015274816542436436,1.6111675952602294e-5,0.0,0.0,0.0,0.0,0.0,0.0,0.0,0.0,1.531331282934006e-6,-3.8128449913920793e-6,3.766633645308338e-6,1.425958972696977e-6,3.7666336446472413e-6,1.4259589738189976e-6,-1.3235995137176471e-6,3.719280326242225e-6,7.591983488379026e-12,3.693149455826111e-8,0.01037916229635763
6,0.029088820866572156,8,7,64,8.737103060672801,0.023189173116897083,-0.25415202582469043,-0.0006745457028413499,1.3417724204700676e-5,0.0,0.0,0.0,0.0,0.0,0.0,0.0,0.0,-1.5550583847210253e-6,2.8966716372938726e-6,-2.92285470224242e-6,-1.6452594443615679e-6,-2.9228547016978703e-6,-1.6452594444228363e-6,1.7377982609654758e-6,-2.947720623975224e-6,7.591983488379026e-12,3.693149455826111e-8,0.01037916229635763
6,0.029088820866572156,8,9,65,8.737103060672709,0.023189173116038228,0.25415202582468777,0.0006745457028163669,1.3417724176694179e-5,1.7377982594623216e-6,-2.94772061676496e-6,2.9228546946949204e-6,1.6452594424275363e-6,2.922854694786428e-6,1.6452594434920966e-6,-1.555058383363007e-6,2.89667163004767e-6,0.0,0.0,0.0,0.0,0.0,0.0,0.0,0.0,7.591983488379026e-12,3.693149455826111e-8,0.01037916229635763
6,0.029088820866572156,8,9,66,5.142933389623684,0.013566051468423108,0.14960186809947607,0.00039462044103165796,1.0300230945287569e-5,2.4122351506516847e-7,2.6157065845605308e-6,-2.558678307706237e-6,2.8768399064760366e-7,-2.558678306285386e-6,2.876839923987561e-7,-3.320974336070203e-7,-2.5018793578066973e-6,0.0,0.0,0.0,0.0,0.0,0.0,0.0,0.0,7.591983488379026e-12,3.693149455826111e-8,0.01037916229635763
6,0.029088820866572156,8,7,67,5.142933389622789,0.01356605146866214,-0.14960186809945006,-0.00039462044103861105,1.03002309360444e-5,0.0,0.0,0.0,0.0,0.0,0.0,0.0,0.0,-3.320974329534821e-7,-2.5018793555471124e-6,2.558678305615526e-6,-2.8768399048485115e-7,2.5586783038711204e-6,-2.876839912584831e-7,2.41223514413618e-7,2.6157065823160006e-6,7.591983488379026e-12,3.693149455826111e-8,0.01037916229635763
6,0.029088820866572156,8,9,68,8.71470554298272,0.0022422020963354453,0.2535005084447478,6.522301512695433e-5,6.635690702998892e-6,1.4347286134895545e-6,-8.973844167761756e-7,9.075712574009922e-7,1.3884483067256735e-6,9.07571257050541e-7,1.3884483063685631e-6,-1.3428936121872354e-6,9.16647048787942e-7,0.0,0.0,0.0,0.0,0.0,0.0,0.0,0.0,7.591983488379026e-12,3.693149455826111e-8,0.01037916229635763
6,0.029088820866572156,8,7,69,8.71470554298538,0.002242202098537441,-0.25350050844482513,-6.522301519100779e-5,6.635690694723206e-6,0.0,0.0,0.0,0.0,0.0,0.0,0.0,0.0,-1.3428936110569396e-6,9.166470467773592e-7,-9.075712552988991e-7,-1.388448305576265e-6,-9.075712551046843e-7,-1.388448305220081e-6,1.4347286123222893e-6,-8.97384414738078e-7,7.591983488379026e-12,3.693149455826111e-8,0.01037916229635763
6,0.029088820866572156,8,9,70,8.704474352652573,-0.0023453314972850525,0.2532028951819823,-6.822292779725435e-5,2.147449619588475e-6,-4.3357713486188586e-7,2.9812292860363094e-7,-2.952359763181738e-7,-4.483295015113572e-7,-2.952359757455827e-7,-4.4832950153993727e-7,4.6331791346662113e-7,-2.9199026543859394e-7,0.0,0.0,0.0,0.0,0.0,0.0,0.0,0.0,7.591983488379026e-12,3.693149455826111e-8,0.01037916229635763
6,0.029088820866572156,8,7,71,8.704474352651618,-0.002345331494932025,-0.25320289518195455,6.822292772880755e-5,2.147449617867987e-6,0.0,0.0,0.0,0.0,0.0,0.0,0.0,0.0,4.633179138707038e-7,-2.9199026401116126e-7,2.9523597479072055e-7,4.4832950189304005e-7,2.9523597442917306e-7,4.4832950200063177e-7,-4.335771353003936e-7,2.9812292718799023e-7,7.591983488379026e-12,3.693149455826111e-8,0.01037916229635763
6,0.029088820866572156,8,9,72,12.060741208115314,0.01848889702645444,0.3508327405209514,0.0005378202136230318,1.1614574808776508e-6,2.394061518517362e-7,-1.7441000720859762e-7,1.756166227157635e-7,2.311999452388161e-7,1.756166223292947e-7,2.311999452482598e-7,-2.2313415792760024e-7,1.766382217098562e-7,0.0,0.0,0.0,0.0,0.0,0.0,0.0,0.0,7.591983488379026e-12,3.693149455826111e-8,0.01037916229635763
6,0.029088820866572156,8,7,73,12.060741208118976,0.01848889702524846,-0.35083274052105795,-0.0005378202135879513,1.1614574772433848e-6,0.0,0.0,0.0,0.0,0.0,0.0,0.0,0.0,-2.2313415561819548e-7,1.7663822327204688e-7,-1.756166242150655e-7,-2.3119994290832352e-7,-1.756166240106973e-7,-2.3119994288229734e-7,2.394061494629697e-7,-1.7441000882796368e-7,7.591983488379026e-12,3.693149455826111e-8,0.01037916229635763
6,0.029088820866572156,8,9,74,12.017730776442722,-0.040896834606240634,0.34958161777863345,-0.0011896406958707628,3.2088728974672013e-7,-6.755199629859876e-8,4.0233475652934444e-8,-3.965943137539662e-8,-6.972362411927074e-8,-3.9659431400466576e-8,-6.972362422938777e-8,7.192695728036566e-8,-3.9029595542018374e-8,0.0,0.0,0.0,0.0,0.0,0.0,0.0,0.0,7.591983488379026e-12,3.693149455826111e-8,0.01037916229635763
6,0.029088820866572156,8,7,75,12.017730776442804,-0.04089683460815621,-0.34958161777863583,0.0011896406959264847,3.208872867070013e-7,0.0,0.0,0.0,0.0,0.0,0.0,0.0,0.0,7.19269569271912e-8,-3.9029594631773476e-8,3.9659430437133305e-8,6.972362383155736e-8,3.965943054442216e-8,6.972362378866839e-8,-6.755199592398773e-8,4.0233474767652255e-8,7.591983488379026e-12,3.693149455826111e-8,0.01037916229635763
6,0.029088820866572156,8,7,76,12.13346972312189,0.06115175651293821,-0.3529483272658695,-0.0017788324908810966,3.0019937113037557e-7,0.0,0.0,0.0,0.0,0.0,0.0,0.0,0.0,-1.0708115794535535e-8,7.2773049596448e-8,-7.400955230613362e-8,-1.2407218791884071e-8,-7.400955233368135e-8,-1.2407218800691123e-8,1.4165525458549257e-8,-7.52361055857414e-8,7.591983488379026e-12,3.693149455826111e-8,0.01037916229635763
6,0.029088820866572156,8,9,77,12.133469723117022,0.061151756511444486,0.3529483272657279,0.001778832490837646,3.0019936568817687e-7,1.4165526011442942e-8,-7.523610409257634e-8,7.40095508649604e-8,1.2407219409040079e-8,7.400955082613394e-8,1.2407219313711689e-8,-1.0708116371755574e-8,7.277304814107507e-8,0.0,0.0,0.0,0.0,0.0,0.0,0.0,0.0,7.591983488379026e-12,3.693149455826111e-8,0.01037916229635763
6,0.029088820866572156,8,9,78,12.38600351345811,0.012130951118697046,0.3602942374557163,0.0003528750640329215,1.9795208072170261e-7,4.68374079869767e-8,-1.883462213455778e-8,1.9376333852484357e-8,4.553166190005546e-8,1.9376333849449484e-8,4.553166190144509e-8,-4.4241402308987363e-8,1.988161404283456e-8,0.0,0.0,0.0,0.0,0.0,0.0,0.0,0.0,7.591983488379026e-12,3.693149455826111e-8,0.01037916229635763
6,0.029088820866572156,8,7,79,12.386003513459185,0.01213095112028316,-0.36029423745574757,-0.00035287506407905966,1.9795208043071292e-7,0.0,0.0,0.0,0.0,0.0,0.0,0.0,0.0,-4.4241402194246805e-8,1.9881614129577024e-8,-1.937633393434876e-8,-4.553166177788483e-8,-1.9376333936940347e-8,-4.5531661793487926e-8,4.6837407871419574e-8,-1.8834622217009035e-8,7.591983488379026e-12,3.693149455826111e-8,0.01037916229635763
7,0.01679443855772424,9,8,0,0.6004309213301786,0.09333510428292988,-0.010083900216437442,-0.0015675106741584505,51.66178337224856,0.0,0.0,0.0,0.0,0.0,0.0,0.0,0.0,-8.699853530167369,9.195088629490428,-9.201404548610604,-9.061431946499352,-9.201404548647622,-9.06143194650153,9.430368585636813,-9.200468378921316,2.3337288705371225e-11,9.076013483763799e-6,0.01851163823887451
7,0.01679443855772424,9,10,1,0.600430921331653,0.09333510428007405,0.010083900216462202,0.0015675106741104884,51.66178337216371,9.43036858562268,-9.200468378905162,9.201404548594873,9.061431946484308,9.201404548631498,9.061431946488455,-8.69985353015338,9.195088629474709,0.0,0.0,0.0,0.0,0.0,0.0,0.0,0.0,2.3337288705371225e-11,9.076013483763799e-6,0.01851163823887451
7,0.01679443855772424,9,10,2,2.1437953827724865,0.013943694747282562,0.036003839836305444,0.00023417652470089921,4.057539572383757,0.9051449727606367,-0.5014592585881924,0.5091792734021688,0.8772157523308804,0.5091792734034093,0.8772157523312163,-0.8496935945460007,0.5161973527904611,0.0,0.0,0.0,0.0,0.0,0.0,0.0,0.0,2.3337288705371225e-11,9.076013483763799e-6,0.01851163823887451
7,0.01679443855772424,9,8,3,2.143795382772515,0.013943694747569013,-0.03600383983630592,-0.00023417652470571,4.0575395723420655,0.0,0.0,0.0,0.0,0.0,0.0,0.0,0.0,-0.8496935945440697,0.5161973527732071,-0.5091792733844434,-0.8772157523284257,-0.5091792733865705,-0.8772157523296241,0.9051449727585298,-0.5014592585708831,2.3337288705371225e-11,9.076013483763799e-6,0.01851163823887451
7,0.01679443855772424,9,10,4,6.755372995612607,0.009461527508804954,0.11345269670932547,0.0001589010424088425,2.528434189317865,0.5065134057804717,-0.3990311757437744,0.4009835841950513,0.48856269253329476,0.4009835841840672,0.4885626925273349,-0.4709326097560618,0.4025450142291774,0.0,0.0,0.0,0.0,0.0,0.0,0.0,0.0,2.3337288705371225e-11,9.076013483763799e-6,0.01851163823887451
7,0.01679443855772424,9,8,5,6.755372995610844,0.009461527510708695,-0.11345269670929586,-0.00015890104244081475,2.5284341888423563,0.0,0.0,0.0,0.0,0.0,0.0,0.0,0.0,-0.47093260970876716,0.4025450140994548,-0.4009835840640458,-0.48856269248414147,-0.4009835840557225,-0.4885626924817025,0.5065134057330837,-0.3990311756141119,2.3337288705371225e-11,9.076013483763799e-6,0.01851163823887451
7,0.01679443855772424,9,10,6,6.710361427645013,-0.0030592616383974536,0.1126967526967069,-5.1378581618068826e-5,1.7430020552533736,-0.28701380944118254,0.31626110519503736,-0.31672757529248946,-0.2992059403313144,-0.3167275752802672,-0.29920594032509007,0.31165135748894807,-0.3169545793109953,0.0,0.0,0.0,0.0,0.0,0.0,0.0,0.0,2.3337288705371225e-11,9.076013483763799e-6,0.01851163823887451
7,0.01679443855772424,9,8,7,6.710361427646484,-0.003059261635151231,-0.1126967526967316,5.1378581563550337e-5,1.7430020547579634,0.0,0.0,0.0,0.0,0.0,0.0,0.0,0.0,0.31165135744351463,-0.31695457918353975,0.3167275751635591,0.29920594028418906,0.31672757515428784,0.2992059402812741,-0.28701380939577675,0.31626110506754807,2.3337288705371225e-11,9.076013483763799e-6,0.01851163823887451
7,0.01679443855772424,9,10,8,2.093660380814444,-0.002386487416494998,0.03516185062632971,-4.00797162851073e-5,1.353636148270878,-0.2120933443541479,0.25500079829573247,-0.25577126658764204,-0.22153744994592725,-0.25577126658670984,-0.22153744994524066,0.23118610162557923,-0.2563644231002282,0.0,0.0,0.0,0.0,0.0,0.0,0.0,0.0,2.3337288705371225e-11,9.076013483763799e-6,0.01851163823887451
7,0.01679443855772424,9,8,9,2.0936603808143275,-0.002386487416301278,-0.035161850626327755,4.007971628185388e-5,1.3536361482401091,0.0,0.0,0.0,0.0,0.0,0.0,0.0,0.0,0.2311861016272324,-0.25636442308858565,0.25577126657547816,0.2215374499472667,0.2557712665756148,0.2215374499472492,-0.21209334435585048,0.25500079828411787,2.3337288705371225e-11,9.076013483763799e-6,0.01851163823887451
7,0.01679443855772424,9,10,10,2.332313132523995,0.17693861086451618,0.03916988960154759,0.0029715846286531957,1.1066052220287002,0.06280587455272915,-0.2751334263818711,0.27086373710173206,0.056155858650371544,0.27086373710240436,0.05615585864989832,-0.04972251573267908,0.26654903646614625,0.0,0.0,0.0,0.0,0.0,0.0,0.0,0.0,2.3337288705371225e-11,9.076013483763799e-6,0.01851163823887451
7,0.01679443855772424,9,8,11,2.332313132523585,0.1769386108645072,-0.039169889601540706,-0.002971584628653045,1.1066052220226277,0.0,0.0,0.0,0.0,0.0,0.0,0.0,0.0,-0.049722515734199314,0.2665490364643244,-0.270863737099853,-0.0561558586518196,-0.2708637371005506,-0.056155858651497505,0.06280587455425601,-0.27513342637995947,2.3337288705371225e-11,9.076013483763799e-6,0.01851163823887451
7,0.01679443855772424,9,8,12,6.946183571123793,0.18013609978646147,-0.1166572531959121,-0.0030252846598918096,0.23354564672720876,0.0,0.0,0.0,0.0,0.0,0.0,0.0,0.0,0.0006856448648813428,0.05722064561541064,-0.058378697184329156,-0.00046829082215142995,-0.05837869718461241,-0.00046829082201498007,0.0016689293094697619,-0.05953635543975246,2.3337288705371225e-11,9.076013483763799e-6,0.01851163823887451
7,0.01679443855772424,9,10,13,6.94618357112387,0.18013609978813871,0.11665725319591339,0.003025284659919978,0.23354564672628045,0.0016689293097481364,-0.05953635543951629,0.05837869718414139,0.0004682908224866028,0.05837869718433106,0.0004682908222816938,0.0006856448645586148,0.05722064561517874,0.0,0.0,0.0,0.0,0.0,0.0,0.0,0.0,2.3337288705371225e-11,9.076013483763799e-6,0.01851163823887451
7,0.01679443855772424,9,8,14,4.751098521340035,0.0922055181116819,-0.0797920321983397,-0.0015485399086097712,0.00426328515494877,0.0,0.0,0.0,0.0,0.0,0.0,0.0,0.0,-0.0007663380567348203,0.0007098928602476113,-0.0007084484503069456,-0.00079614616749084,-0.0007084484503052157,-0.0007961461674921284,0.0008265207821508953,-0.0007063668968290022,2.3337288705371225e-11,9.076013483763799e-6,0.01851163823887451
7,0.01679443855772424,9,10,15,4.751098521339914,0.09220551811267706,0.07979203219833768,0.0015485399086264844,0.00426328515478841,0.0008265207821276935,-0.0007063668967948271,0.000708448450269571,0.000796146167468852,0.0007084484502736579,0.00079614616746811,-0.0007663380567120464,0.0007098928602128555,0.0,0.0,0.0,0.0,0.0,0.0,0.0,0.0,2.3337288705371225e-11,9.076013483763799e-6,0.01851163823887451
7,0.01679443855772424,9,10,16,9.369902489588334,0.09024219232843707,0.15736225165325868,0.00151556695437427,0.0018607196894634057,0.00037577649159817035,-0.0002897740538407138,0.0002913477387656747,0.00036258184771061205,0.0002913477387653839,0.0003625818477140549,-0.00034962016595403977,0.000292631265027229,0.0,0.0,0.0,0.0,0.0,0.0,0.0,0.0,2.3337288705371225e-11,9.076013483763799e-6,0.01851163823887451
7,0.01679443855772424,9,8,17,9.369902489588014,0.09024219232508547,-0.1573622516532533,-0.001515566954317982,0.0018607196891671134,0.0,0.0,0.0,0.0,0.0,0.0,0.0,0.0,-0.00034962016588697904,0.0002926312649948343,-0.00029134773873598684,-0.0003625818476393904,-0.00029134773873125126,-0.0003625818476465401,0.00037577649152644745,-0.0002897740538093464,2.3337288705371225e-11,9.076013483763799e-6,0.01851163823887451
7,0.01679443855772424,9,8,18,4.827803153645451,0.08461254832311824,-0.08108024343268586,-0.0014210202440250823,0.0018138579744086728,0.0,0.0,0.0,0.0,0.0,0.0,0.0,0.0,0.00024584983078957366,-0.0003918362120186014,0.0003888219082170654,0.00023325193060359738,0.0003888219082484648,0.00023325193061159318,-0.0002209650132618456,0.00038562087850947755,2.3337288705371225e-11,9.076013483763799e-6,0.01851163823887451
7,0.01679443855772424,9,10,19,4.827803153648413,0.08461254831955368,0.0810802434327356,0.0014210202439652179,0.001813857974273643,-0.000220965013213567,0.0003856208784992922,-0.0003888219082098277,-0.00023325193055570527,-0.00038882190823532806,-0.0002332519305622289,0.0002458498307405893,-0.00039183621200838693,0.0,0.0,0.0,0.0,0.0,0.0,0.0,0.0,2.3337288705371225e-11,9.076013483763799e-6,0.01851163823887451
7,0.01679443855772424,9,10,20,9.442380962993592,0.0851942107539276,0.15857948692162094,0.0014307889379806466,0.0016163921781340114,-0.00022717869545219976,0.00032442542141640946,-0.0003262761227479045,-0.00023834109378603692,-0.00032627612267275685,-0.00023834109381746913,0.0002497644367383969,-0.0003279360467510884,0.0,0.0,0.0,0.0,0.0,0.0,0.0,0.0,2.3337288705371225e-11,9.076013483763799e-6,0.01851163823887451
7,0.01679443855772424,9,8,21,9.442380962987148,0.08519421075684043,-0.1585794869215127,-0.0014307889380295662,0.0016163921779172095,0.0,0.0,0.0,0.0,0.0,0.0,0.0,0.0,0.0002497644368334078,-0.0003279360466146499,0.0003262761225666813,0.00023834109388470032,0.00032627612258123945,0.0002383410939082756,-0.00022717869554677263,0.00032442542128017046,2.3337288705371225e-11,9.076013483763799e-6,0.01851163823887451
7,0.01679443855772424,9,8,22,9.375402319822577,0.09583152362906229,-0.15745461821420556,-0.0016094366354813853,0.0015415732462460015,0.0,0.0,0.0,0.0,0.0,0.0,0.0,0.0,-0.0002565516828115341,0.0002772323857634845,-0.00027754013205024666,-0.0002673383389298523,-0.00027754013206540126,-0.0002673383389209171,0.00027834694156103076,-0.000277633918902539,2.3337288705371225e-11,9.076013483763799e-6,0.01851163823887451
7,0.01679443855772424,9,10,23,9.375402319824797,0.09583152362892507,0.15745461821424286,0.0016094366354790807,0.0015415732458201018,0.0002783469414342617,-0.00027763391887491437,0.00027754013202221825,0.00026733833880668187,0.00027754013203624766,0.0002673383387965441,-0.0002565516826907014,0.0002772323857339845,0.0,0.0,0.0,0.0,0.0,0.0,0.0,0.0,2.3337288705371225e-11,9.076013483763799e-6,0.01851163823887451
7,0.01679443855772424,9,8,24,4.837386921401006,0.09561394965160239,-0.08124119743140801,-0.0016057826026851752,0.0008405841279909853,0.0,0.0,0.0,0.0,0.0,0.0,0.0,0.0,-7.706558905142006e-5,0.00019100381935431923,-0.00019325011848487435,-8.250404940481525e-5,-0.00019325011849925268,-8.250404943276006e-5,8.809708345503145e-5,-0.00019543035256079465,2.3337288705371225e-11,9.076013483763799e-6,0.01851163823887451
7,0.01679443855772424,9,10,25,4.837386921402445,0.09561394964857495,0.08124119743143218,0.0016057826026343312,0.0008405841279287203,8.809708342049644e-5,-0.00019543035255816467,0.00019325011848607803,8.250404937072891e-5,0.00019325011849323487,8.250404939887668e-5,-7.706558901795722e-5,0.00019100381935212074,0.0,0.0,0.0,0.0,0.0,0.0,0.0,0.0,2.3337288705371225e-11,9.076013483763799e-6,0.01851163823887451
7,0.01679443855772424,9,8,26,9.45108826068447,0.09368954511673858,-0.1587257210976942,-0.001573463308964199,0.0007782248424664389,0.0,0.0,0.0,0.0,0.0,0.0,0.0,0.0,-7.880461757349393e-5,0.00017363962876635448,-0.0001755032644796106,-8.392351415413602e-5,-0.00017550326447913554,-8.39235141690829e-5,8.918278648320998e-5,-0.00017729970523063098,2.3337288705371225e-11,9.076013483763799e-6,0.01851163823887451
7,0.01679443855772424,9,10,27,9.45108826068206,0.09368954511217924,0.1587257210976537,0.0015734633088876277,0.0007782248424041214,8.918278631788743e-5,-0.00017729970528932947,0.0001755032645905101,8.392351398991748e-5,0.00017550326448884687,8.392351400913051e-5,-7.880461741440964e-5,0.00017363962882819897,0.0,0.0,0.0,0.0,0.0,0.0,0.0,0.0,2.3337288705371225e-11,9.076013483763799e-6,0.01851163823887451
7,0.01679443855772424,9,10,28,10.955044453877745,0.0026721987960988264,0.18398382097778748,4.4878078495106424e-5,0.00012215712543020216,-1.9064556342525e-5,2.307482604306305e-5,-2.314714907819939e-5,-1.991659483336736e-5,-2.3147149078518356e-5,-1.9916594834109015e-5,2.0787144667951846e-5,-2.320353143324481e-5,0.0,0.0,0.0,0.0,0.0,0.0,0.0,0.0,2.3337288705371225e-11,9.076013483763799e-6,0.01851163823887451
7,0.01679443855772424,9,8,29,10.955044453877887,0.002672198795060532,-0.18398382097778987,-4.4878078477668855e-5,0.0001221571254237724,0.0,0.0,0.0,0.0,0.0,0.0,0.0,0.0,2.078714466265575e-5,-2.320353143567379e-5,2.3147149080916706e-5,1.991659482831707e-5,2.3147149080582772e-5,1.991659482867597e-5,-1.9064556337335252e-5,2.3074826045415266e-5,2.3337288705371225e-11,9.076013483763799e-6,0.01851163823887451
7,0.01679443855772424,9,10,30,11.002835928550084,0.01798186310154249,0.18478645196275512,0.000301995295012264,9.685124431303422e-5,2.098327119875264e-5,-1.302928367804466e-5,1.318017209330226e-5,2.0308276259432928e-5,1.31801720941552e-5,2.0308276258331413e-5,-1.96438189563406e-5,1.3314809673355436e-5,0.0,0.0,0.0,0.0,0.0,0.0,0.0,0.0,2.3337288705371225e-11,9.076013483763799e-6,0.01851163823887451
7,0.01679443855772424,9,8,31,11.002835928548643,0.017981863103261463,-0.18478645196273094,-0.0003019952950411332,9.685124430107496e-5,0.0,0.0,0.0,0.0,0.0,0.0,0.0,0.0,-1.964381895577351e-5,1.3314809669021075e-5,-1.318017208886651e-5,-2.0308276258779646e-5,-1.3180172089612067e-5,-2.0308276257684862e-5,2.0983271198013776e-5,-1.3029283673396783e-5,2.3337288705371225e-11,9.076013483763799e-6,0.01851163823887451
7,0.01679443855772424,9,8,32,10.996896124541482,0.014158352797052381,-0.18468669628928774,-0.00023778158612867937,9.323361177138216e-5,0.0,0.0,0.0,0.0,0.0,0.0,0.0,0.0,-1.858121590312287e-5,1.3289725971501885e-5,-1.3176270348038885e-5,-1.922391583508658e-5,-1.3176270347710949e-5,-1.922391583476452e-5,1.987715062966745e-5,-1.3047431377634072e-5,2.3337288705371225e-11,9.076013483763799e-6,0.01851163823887451
7,0.01679443855772424,9,10,33,10.996896124542143,0.014158352796138085,0.18468669628929885,0.00023778158611332428,9.323361175710523e-5,1.9877150628020713e-5,-1.3047431373389731e-5,1.3176270343985729e-5,1.9223915833793072e-5,1.3176270343469828e-5,1.922391583309113e-5,-1.8581215901795723e-5,1.328972596745324e-5,0.0,0.0,0.0,0.0,0.0,0.0,0.0,0.0,2.3337288705371225e-11,9.076013483763799e-6,0.01851163823887451
7,0.01679443855772424,9,10,34,9.4559594926011,0.09535723257196094,0.15880753070281844,0.0016014711834644185,7.457859373907524e-5,1.5591863708951382e-5,1.0891681231640962e-5,-1.0368217198773422e-5,1.5493659804988412e-5,-1.0368217191684428e-5,1.5493659804796762e-5,-1.538715637046786e-5,-9.857144766821209e-6,0.0,0.0,0.0,0.0,0.0,0.0,0.0,0.0,2.3337288705371225e-11,9.076013483763799e-6,0.01851163823887451
7,0.01679443855772424,9,8,35,9.455959492597506,0.09535723257369647,-0.1588075307027581,-0.0016014711834935658,7.45785937254756e-5,0.0,0.0,0.0,0.0,0.0,0.0,0.0,0.0,-1.5387156327721957e-5,-9.857144827027633e-6,1.036821725768953e-5,-1.5493659760067307e-5,1.036821725533511e-5,-1.5493659759511697e-5,1.559186366140132e-5,1.0891681293984074e-5,2.3337288705371225e-11,9.076013483763799e-6,0.01851163823887451
7,0.01679443855772424,9,8,36,6.33969504907823,0.003374583032701217,-0.1064716189764529,-5.667422740063932e-5,2.0838181926913664e-5,0.0,0.0,0.0,0.0,0.0,0.0,0.0,0.0,3.5604209586165687e-6,-3.945188210134653e-6,3.9361130999729305e-6,3.411883989746274e-6,3.936113100561709e-6,3.4118839892141314e-6,-3.266494818508325e-6,3.924307224097101e-6,2.3337288705371225e-11,9.076013483763799e-6,0.01851163823887451
7,0.01679443855772424,9,10,37,6.33969504907846,0.0033745830322408493,0.10647161897645677,5.6674227392907706e-5,2.0838181918940062e-5,-3.2664948148443576e-6,3.924307224688513e-6,-3.936113100561769e-6,-3.411883986063432e-6,-3.93611310103238e-6,-3.4118839855904948e-6,3.5604209549714255e-6,-3.945188210596868e-6,0.0,0.0,0.0,0.0,0.0,0.0,0.0,0.0,2.3337288705371225e-11,9.076013483763799e-6,0.01851163823887451
7,0.01679443855772424,9,8,38,6.386263689269658,0.017918474544118698,-0.1072537131428646,-0.0003009307197793473,1.8759926885785166e-5,0.0,0.0,0.0,0.0,0.0,0.0,0.0,0.0,-3.1104186145070126e-6,3.3844745536186435e-6,-3.388671993895584e-6,-3.241671399084615e-6,-3.388671993319759e-6,-3.241671399511931e-6,3.375634083917845e-6,-3.390275012511695e-6,2.3337288705371225e-11,9.076013483763799e-6,0.01851163823887451
7,0.01679443855772424,9,10,39,6.386263689269603,0.01791847454390051,0.10725371314286367,0.00030093071977568305,1.8759926865826183e-5,3.375634080729033e-6,-3.390275008574728e-6,3.388671989894079e-6,3.2416713958136987e-6,3.3886719895849675e-6,3.241671396433293e-6,-3.110418611346146e-6,3.3844745498146728e-6,0.0,0.0,0.0,0.0,0.0,0.0,0.0,0.0,2.3337288705371225e-11,9.076013483763799e-6,0.01851163823887451
7,0.01679443855772424,9,10,40,11.186503864439077,0.17429412599461763,0.18787105182706684,0.002927171989988853,1.2933545251217242e-5,3.12610373786814e-7,-3.2835166965744514e-6,3.2239945842619977e-6,2.419833716802082e-7,3.2239945841953315e-6,2.419833716132164e-7,-1.7393548732704505e-7,3.1642778535372564e-6,0.0,0.0,0.0,0.0,0.0,0.0,0.0,0.0,2.3337288705371225e-11,9.076013483763799e-6,0.01851163823887451
7,0.01679443855772424,9,8,41,11.186503864438766,0.17429412599425426,-0.18787105182706162,-0.0029271719899827504,1.2933545251184877e-5,0.0,0.0,0.0,0.0,0.0,0.0,0.0,0.0,-1.7393548828872603e-7,3.1642778534760625e-6,-3.2239945841611e-6,-2.4198337263735037e-7,-3.2239945841353718e-6,-2.4198337258293316e-7,3.126103747513426e-7,-3.2835166964747306e-6,2.3337288705371225e-11,9.076013483763799e-6,0.01851163823887451
7,0.01679443855772424,9,8,42,10.95184399184513,0.0012712300447754038,-0.18393007101482442,-2.1349594879713555e-5,1.0671265827386484e-5,0.0,0.0,0.0,0.0,0.0,0.0,0.0,0.0,2.6236487572370874e-6,-7.229397267804253e-7,7.599244075035603e-7,2.5570171555385545e-6,7.59924407523415e-7,2.557017155596377e-6,-2.4909926750822894e-6,7.948632316747179e-7,2.3337288705371225e-11,9.076013483763799e-6,0.01851163823887451
7,0.01679443855772424,9,10,43,10.951843991844875,0.0012712300444985974,0.18393007101482012,2.1349594875064747e-5,1.0671265825857894e-5,-2.4909926744783816e-6,7.94863232317035e-7,-7.599244082051445e-7,-2.5570171549497742e-6,-7.599244081162855e-7,-2.5570171550030865e-6,2.623648756659105e-6,-7.229397274317521e-7,0.0,0.0,0.0,0.0,0.0,0.0,0.0,0.0,2.3337288705371225e-11,9.076013483763799e-6,0.01851163823887451
7,0.01679443855772424,9,8,44,6.566153686275802,0.1745393472194538,-0.11027486464473349,-0.002931290342782414,3.6423157082573986e-6,0.0,0.0,0.0,0.0,0.0,0.0,0.0,0.0,4.039961985505201e-7,-7.957860993322095e-7,8.034529719014065e-7,4.283124425272792e-7,8.034529719501857e-7,4.2831244186680245e-7,-4.532713110547397e-7,8.107769375151877e-7,2.3337288705371225e-11,9.076013483763799e-6,0.01851163823887451
7,0.01679443855772424,9,10,45,6.5661536862760865,0.17453934721941372,0.11027486464473826,0.002931290342781741,3.6423156972027678e-6,-4.532713130569566e-7,8.107769332682965e-7,-8.034529677472156e-7,-4.283124444387018e-7,-8.034529676797351e-7,-4.2831244400649407e-7,4.039962006004275e-7,-7.957860951556271e-7,0.0,0.0,0.0,0.0,0.0,0.0,0.0,0.0,2.3337288705371225e-11,9.076013483763799e-6,0.01851163823887451
7,0.01679443855772424,9,8,46,11.179157453064263,0.177394269793336,-0.18774767297261277,-0.0029792371645365385,3.3501036979810857e-6,0.0,0.0,0.0,0.0,0.0,0.0,0.0,0.0,4.612068671642033e-7,6.790459701337932e-7,-7.02034091291991e-7,4.565715519593186e-7,-7.020340913049706e-7,4.565715519356956e-7,-4.5137446344434384e-7,-7.253872449954542e-7,2.3337288705371225e-11,9.076013483763799e-6,0.01851163823887451
7,0.01679443855772424,9,10,47,11.179157453064143,0.17739426979253442,0.18774767297261075,0.0029792371645230766,3.3501036971568507e-6,-4.513744634575319e-7,-7.253872447369308e-7,7.020340910403059e-7,-4.565715519567561e-7,7.020340910473469e-7,-4.565715519656377e-7,4.6120686717832357e-7,6.790459698828267e-7,0.0,0.0,0.0,0.0,0.0,0.0,0.0,0.0,2.3337288705371225e-11,9.076013483763799e-6,0.01851163823887451
7,0.01679443855772424,9,10,48,9.369064009477661,0.08994470545684186,0.1573481698505581,0.0015105708293875347,3.2729375515110463e-6,5.305643754699537e-7,6.013592021921388e-7,-6.242093743253838e-7,5.289010552432225e-7,-6.242093743597491e-7,5.289010609700395e-7,-5.267382040998779e-7,-6.47482467426905e-7,0.0,0.0,0.0,0.0,0.0,0.0,0.0,0.0,2.3337288705371225e-11,9.076013483763799e-6,0.01851163823887451
7,0.01679443855772424,9,8,49,9.36906400948018,0.0899447054548888,-0.1573481698506004,-0.0015105708293547341,3.2729375098279235e-6,0.0,0.0,0.0,0.0,0.0,0.0,0.0,0.0,-5.267381808490928e-7,-6.474824734924657e-7,6.242093824603993e-7,-5.289010335668055e-7,6.24209378334604e-7,-5.289010360976735e-7,5.305643521775959e-7,6.013592082559345e-7,2.3337288705371225e-11,9.076013483763799e-6,0.01851163823887451
7,0.01679443855772424,9,10,50,11.223877385407834,0.1641032895902313,0.18849871912866245,0.0027560226141435675,2.4665362072552315e-6,-1.632181168626156e-7,5.819084768323975e-7,-5.902124318390866e-7,-1.783558966272434e-7,-5.902124320152348e-7,-1.783558960790202e-7,1.9396578863612143e-7,-5.983735134600778e-7,0.0,0.0,0.0,0.0,0.0,0.0,0.0,0.0,2.3337288705371225e-11,9.076013483763799e-6,0.01851163823887451
7,0.01679443855772424,9,8,51,11.223877385407752,0.16410328958826373,-0.1884987191286611,-0.002756022614110523,2.4665362072004548e-6,0.0,0.0,0.0,0.0,0.0,0.0,0.0,0.0,1.9396578853851475e-7,-5.983735134815008e-7,5.90212431854988e-7,1.783558965430159e-7,5.902124320271369e-7,1.7835589597627803e-7,-1.632181167733674e-7,5.819084768391637e-7,2.3337288705371225e-11,9.076013483763799e-6,0.01851163823887451
7,0.01679443855772424,9,8,52,10.97626958021003,0.028940691109877292,-0.184340285057855,-0.00048604265866291035,1.037025626041929e-6,0.0,0.0,0.0,0.0,0.0,0.0,0.0,0.0,2.044724097066208e-7,-1.5085405057063948e-7,1.496977385124885e-7,2.116389253561569e-7,1.496977383659727e-7,2.1163892520989985e-7,-2.1892513130566413e-7,1.4837206729024236e-7,2.3337288705371225e-11,9.076013483763799e-6,0.01851163823887451
7,0.01679443855772424,9,10,53,10.976269580209582,0.02894069110936437,0.18434028505784747,0.0004860426586542961,1.0370256255681868e-6,-2.1892513083654322e-7,1.4837206776023402e-7,-1.4969773897280942e-7,-2.1163892490072197e-7,-1.4969773880845697e-7,-2.116389247367427e-7,2.0447240924732434e-7,-1.5085405100401055e-7,0.0,0.0,0.0,0.0,0.0,0.0,0.0,0.0,2.3337288705371225e-11,9.076013483763799e-6,0.01851163823887451
7,0.01679443855772424,9,8,54,11.19730821935471,0.1623497517060045,-0.1880525049018533,-0.0027265729298882784,7.279428763772767e-7,0.0,0.0,0.0,0.0,0.0,0.0,0.0,0.0,4.1911182142927984e-8,1.7337098642497438e-7,-1.7769257727520643e-7,3.9211339602090234e-8,-1.7769257729875421e-7,3.921133955237473e-8,-3.63693304242646e-8,-1.820454803545471e-7,2.3337288705371225e-11,9.076013483763799e-6,0.01851163823887451
7,0.01679443855772424,9,10,55,11.197308219355602,0.1623497517063986,0.18805250490186828,0.0027265729298948972,7.27942876079044e-7,-3.6369330057960055e-8,-1.82045480353188e-7,1.7769257727383173e-7,-3.921133923401418e-8,1.7769257730911472e-7,-3.9211339187525e-8,4.191118177654711e-8,1.733709864353787e-7,0.0,0.0,0.0,0.0,0.0,0.0,0.0,0.0,2.3337288705371225e-11,9.076013483763799e-6,0.01851163823887451
7,0.01679443855772424,9,8,56,10.932860476941254,0.010226430643128975,-0.18361125354016164,-0.00017174716110085795,5.733966016781075e-7,0.0,0.0,0.0,0.0,0.0,0.0,0.0,0.0,-9.011442472816152e-8,1.1516323603178252e-7,-1.1462742737784861e-7,-8.605477255919858e-8,-1.146274273072394e-7,-8.60547725605999e-8,8.208679478121226e-8,-1.1402273816531067e-7,2.3337288705371225e-11,9.076013483763799e-6,0.01851163823887451
7,0.01679443855772424,9,10,57,10.932860476940647,0.010226430642805179,0.18361125354015143,0.00017174716109541997,5.733965998181899e-7,8.208679408415401e-8,-1.140227381056601e-7,1.1462742732858177e-7,8.605477184675459e-8,1.1462742725689518e-7,8.605477185692444e-8,-9.011442400909924e-8,1.1516323599209494e-7,0.0,0.0,0.0,0.0,0.0,0.0,0.0,0.0,2.3337288705371225e-11,9.076013483763799e-6,0.01851163823887451
7,0.01679443855772424,9,8,58,9.07954879124243,0.09525220907678168,-0.1524859243063804,-0.0015997073728275131,4.6704935540066225e-8,0.0,0.0,0.0,0.0,0.0,0.0,0.0,0.0,-6.3655671780088805e-9,9.510148779821367e-9,-9.570397406796164e-9,-6.68690336894017e-9,-9.570397399733137e-9,-6.686903368516515e-9,7.0158937363841114e-9,-9.625293442375407e-9,2.3337288705371225e-11,9.076013483763799e-6,0.01851163823887451
7,0.01679443855772424,9,10,59,9.079548791243816,0.09525220907363213,0.15248592430640368,0.0015997073727746182,4.670493543594649e-8,7.01589373610587e-9,-9.625293409419737e-9,9.57039737547085e-9,6.686903368296203e-9,9.570397367414252e-9,6.686903369372047e-9,-6.365567178464722e-9,9.510148749102859e-9,0.0,0.0,0.0,0.0,0.0,0.0,0.0,0.0,2.3337288705371225e-11,9.076013483763799e-6,0.01851163823887451
7,0.01679443855772424,9,10,60,9.49492161660149,0.09223266605736909,0.15946187770042144,0.001548995843115583,1.8081032395614173e-12,4.607169149884202e-13,-1.9029337578722757e-14,2.7681570527476296e-14,4.5113213169035784e-13,2.7681719923030155e-14,4.511321575666484e-13,-4.415693778644492e-13,3.597303823592658e-14,0.0,0.0,0.0,0.0,0.0,0.0,0.0,0.0,2.3337288705371225e-11,9.076013483763799e-6,0.01851163823887451
7,0.01679443855772424,9,8,61,9.494921616601278,0.09223266605842897,-0.1594618777004179,-0.0015489958431333835,1.8080890699890276e-12,0.0,0.0,0.0,0.0,0.0,0.0,0.0,0.0,-4.4156591873139295e-13,3.5972670385705735e-14,-2.768124301392497e-14,-4.511285084566704e-13,-2.7681396013063476e-14,-4.511287232556745e-13,4.607133157543953e-13,-1.9029055703791075e-14,2.3337288705371225e-11,9.076013483763799e-6,0.01851163823887451
7,0.01679443855772424,9,8,62,11.184737968067605,0.17685075539476236,-0.18784139458895685,-0.002970109145364455,3.027251450531919e-13,0.0,0.0,0.0,0.0,0.0,0.0,0.0,0.0,-4.661125937974335e-14,5.77009486987682e-14,-5.79034647211838e-14,-4.8720642366823834e-14,-5.790346235227661e-14,-4.872064220238082e-14,5.0876332370700075e-14,-5.806698338423549e-14,2.3337288705371225e-11,9.076013483763799e-6,0.01851163823887451
7,0.01679443855772424,9,10,63,11.184737968067829,0.17685075539534983,0.18784139458896063,0.0029701091453743214,3.0272495545777184e-13,5.087651910793899e-14,-5.806675546752466e-14,5.790324218931852e-14,4.872082951906266e-14,5.79032470337927e-14,4.87208281982058e-14,-4.661144562033742e-14,5.770073854908112e-14,0.0,0.0,0.0,0.0,0.0,0.0,0.0,0.0,2.3337288705371225e-11,9.076013483763799e-6,0.01851163823887451
7,0.01679443855772424,9,10,64,9.502629719602414,0.0962419247461106,0.15959133096266706,0.0016163290918256746,1.3158513811304687e-13,1.620268350458165e-15,-3.351822880950631e-14,3.287982556283636e-14,9.30718002748097e-16,3.287982677209402e-14,9.307122987241848e-16,-2.6746550380405966e-16,3.2240668507373205e-14,0.0,0.0,0.0,0.0,0.0,0.0,0.0,0.0,2.3337288705371225e-11,9.076013483763799e-6,0.01851163823887451
7,0.01679443855772424,9,8,65,9.502629719601076,0.09624192474655666,-0.1595913309626446,-0.0016163290918331658,1.3158385175887576e-13,0.0,0.0,0.0,0.0,0.0,0.0,0.0,0.0,-2.675249311449582e-16,3.22403477418861e-14,-3.2879488738260475e-14,-9.307817130468114e-16,-3.2879516963578456e-14,-9.307602268249604e-16,1.6203205758618765e-15,-3.351790303029574e-14,2.3337288705371225e-11,9.076013483763799e-6,0.01851163823887451
7,0.01679443855772424,9,8,66,9.483587253297816,0.08229537712750377,-0.15927152343232698,-0.0013821046547526068,1.0907362932802617e-13,0.0,0.0,0.0,0.0,0.0,0.0,0.0,0.0,-2.4109474373907256e-14,-1.3873885440831046e-14,1.3123818517532843e-14,-2.3899424952964235e-14,1.312379676919388e-14,-2.3899448138646832e-14,2.3678892414311095e-14,1.2392844848809344e-14,2.3337288705371225e-11,9.076013483763799e-6,0.01851163823887451
7,0.01679443855772424,9,10,67,9.483587253299975,0.08229537712662363,0.15927152343236323,0.0013821046547378255,1.0907185227294946e-13,2.367850912288445e-14,1.2392642147635374e-14,-1.312361821226905e-14,2.3899062722178486e-14,-1.3123571217236138e-14,2.3899030685528702e-14,-2.4109077965102598e-14,-1.3873661917820463e-14,0.0,0.0,0.0,0.0,0.0,0.0,0.0,0.0,2.3337288705371225e-11,9.076013483763799e-6,0.01851163823887451
7,0.01679443855772424,9,10,68,11.003559066996687,0.014768346316590769,0.18479859666696533,0.00024802608481317676,4.020324650147208e-14,9.730578748853471e-15,-3.230413760781778e-15,3.3566028875067598e-15,9.472690148796233e-15,3.3566021929254115e-15,9.472688093543934e-15,-9.21748170144109e-15,3.4752120997415245e-15,0.0,0.0,0.0,0.0,0.0,0.0,0.0,0.0,2.3337288705371225e-11,9.076013483763799e-6,0.01851163823887451
7,0.01679443855772424,9,8,69,11.00355906699684,0.014768346317278941,-0.18479859666696788,-0.00024802608482473425,4.020291530247903e-14,0.0,0.0,0.0,0.0,0.0,0.0,0.0,0.0,-9.217457236497367e-15,3.475046644340113e-15,-3.3564372611374087e-15,-9.472662095262863e-15,-3.3564319073085104e-15,-9.472659500253029e-15,9.730546445230311e-15,-3.2302433389568778e-15,2.3337288705371225e-11,9.076013483763799e-6,0.01851163823887451
7,0.01679443855772424,9,10,70,4.888255690848155,0.09490074761895845,0.08209550985439519,0.0015938047749686926,1.749204073731547e-14,-3.8672485726785225e-16,-4.4440953275871985e-15,4.347659543649199e-15,-4.661260706903372e-16,4.347655134705958e-15,-4.661202794138331e-16,5.420432362988658e-16,4.2515908694596965e-15,0.0,0.0,0.0,0.0,0.0,0.0,0.0,0.0,2.3337288705371225e-11,9.076013483763799e-6,0.01851163823887451
7,0.01679443855772424,9,8,71,4.888255690847438,0.09490074761996527,-0.08209550985438316,-0.0015938047749856016,1.7491827221186995e-14,0.0,0.0,0.0,0.0,0.0,0.0,0.0,0.0,5.421573910523335e-16,4.251523435548051e-15,-4.347588844039609e-15,4.662363596160668e-16,-4.347593369121199e-15,4.662441028013625e-16,-3.868448286941951e-16,-4.444030368483834e-15,2.3337288705371225e-11,9.076013483763799e-6,0.01851163823887451
7,0.01679443855772424,9,8,72,10.960890250850735,0.0028968830546054064,-0.1840819978558713,-4.865152446948301e-5,4.976553216257412e-16,0.0,0.0,0.0,0.0,0.0,0.0,0.0,0.0,-1.0380098022104961e-16,-7.302390480432786e-17,6.952919039895152e-17,-1.0315779733460349e-16,6.952850319193348e-17,-1.0315697856618357e-16,1.0245813963662438e-16,6.611628324792479e-17,2.3337288705371225e-11,9.076013483763799e-6,0.01851163823887451
7,0.01679443855772424,9,10,73,10.96089025085117,0.0028968830544416624,0.18408199785587862,4.865152446673302e-5,4.97510924710307e-16,1.0241988211147209e-16,6.610983070518447e-17,-6.952151309022689e-17,1.0311849100645269e-16,-6.952183643926313e-17,1.0311888597618037e-16,-1.0376184461880018e-16,-7.30159975903027e-17,0.0,0.0,0.0,0.0,0.0,0.0,0.0,0.0,2.3337288705371225e-11,9.076013483763799e-6,0.01851163823887451
7,0.01679443855772424,9,8,74,6.906130959986262,0.19258516043981388,-0.1159845920790864,-0.003234359644135919,2.3708979678998453e-20,0.0,0.0,0.0,0.0,0.0,0.0,0.0,0.0,9.95479375738659e-22,5.744714889656256e-21,-5.84154065233236e-21,8.835663343433222e-22,-5.880723670625971e-21,8.768516569854916e-22,-7.604282419230403e-22,-5.976749251064627e-21,2.3337288705371225e-11,9.076013483763799e-6,0.01851163823887451
7,0.01679443855772424,9,10,75,6.906130959986449,0.19258516044057528,0.11598459207908954,0.0032343596441487066,1.832667242984148e-20,-6.843933061792067e-22,-4.614689543510875e-21,4.50280861532921e-21,-7.740742902894244e-22,4.531277979215482e-21,-7.54959040542679e-22,8.412854375112563e-22,4.4195504528479305e-21,0.0,0.0,0.0,0.0,0.0,0.0,0.0,0.0,2.3337288705371225e-11,9.076013483763799e-6,0.01851163823887451
7,0.01679443855772424,9,8,76,9.376029494104749,0.09688061944526637,-0.1574651512541525,-0.0016270556107077902,2.721459916209929e-21,0.0,0.0,0.0,0.0,0.0,0.0,0.0,0.0,-6.52736841420022e-22,1.3672270059444707e-22,-1.2605443931861897e-22,-6.683522774970335e-22,-1.2587383046966505e-22,-6.687161762953869e-22,6.844234764590933e-22,-1.1466562500643746e-22,2.3337288705371225e-11,9.076013483763799e-6,0.01851163823887451
7,0.01679443855772424,9,10,77,9.376029494107097,0.09688061944563313,0.15746515125419194,0.0016270556107139498,2.1800519564507018e-21,-3.631833078564015e-23,5.543945667422971e-22,-5.448400664182445e-22,-2.4897096144134987e-23,-5.439616084970492e-22,-2.456562485971988e-23,1.356415096986677e-23,-5.343722887493475e-22,0.0,0.0,0.0,0.0,0.0,0.0,0.0,0.0,2.3337288705371225e-11,9.076013483763799e-6,0.01851163823887451
7,0.01679443855772424,9,10,78,9.459960680323961,0.10292973502276986,0.15887472840418798,0.0017286471106027453,1.3684451466339472e-21,-1.364940706460639e-22,3.201781086708857e-22,-3.1552530054587113e-22,-1.294659294096778e-22,-3.177881079151091e-22,-1.2938882758031122e-22,1.2253618896398302e-22,-3.130888838440118e-22,0.0,0.0,0.0,0.0,0.0,0.0,0.0,0.0,2.3337288705371225e-11,9.076013483763799e-6,0.01851163823887451
7,0.01679443855772424,9,10,79,2.2882486533709723,0.19211332578640344,0.038429851413834024,0.0032264354460398124,1.0565047837224888e-21,2.700941102938594e-22,-1.2458365732999493e-23,1.7459094633184807e-23,2.6370539363233263e-22,1.7609714387221948e-23,2.633083412976912e-22,-2.569732274080589e-22,2.23604855931473e-23,0.0,0.0,0.0,0.0,0.0,0.0,0.0,0.0,2.3337288705371225e-11,9.076013483763799e-6,0.01851163823887451
8,0.009696273622190719,10,9,0,1.3360489485525684,0.13486189880815616,-0.012954696177805914,-0.0013076578720520786,32.6712355653826,0.0,0.0,0.0,0.0,0.0,0.0,0.0,0.0,-6.260578068552846,4.98898986220616,-4.960985574520334,-6.487556365687048,-4.960985574558528,-6.487556365710458,6.718501374651479,-4.927789655095355,3.434271701314435e-11,0.005140050420183549,0.02015885485538544
8,0.009696273622190719,10,11,1,1.3360489485545564,0.1348618988039012,0.01295469617782519,0.0013076578720108212,32.671235565333475,6.7185013746414795,-4.927789655088664,4.960985574512359,6.487556365672206,4.960985574552745,6.487556365704891,-6.260578068542457,4.988989862199084,0.0,0.0,0.0,0.0,0.0,0.0,0.0,0.0,3.434271701314435e-11,0.005140050420183549,0.02015885485538544
8,0.009696273622190719,10,9,2,0.39704835227924745,0.2662527443758944,-0.003849889464939555,-0.0025816594621278733,16.206965914973456,0.0,0.0,0.0,0.0,0.0,0.0,0.0,0.0,-2.914687274773763,2.697119695530736,-2.6915683673401856,-3.028000477222834,-2.691568367352097,-3.0280004772239932,3.1434659650623953,-2.6835937778655623,3.434271701314435e-11,0.005140050420183549,0.02015885485538544
8,0.009696273622190719,10,11,3,0.3970483522795341,0.26625274437541135,0.003849889464942335,0.0025816594621231896,16.206965914916022,3.1434659650500127,-2.683593777857637,2.691568367332415,3.0280004772103513,2.691568367343991,3.028000477212171,-2.9146872747618384,2.697119695522784,0.0,0.0,0.0,0.0,0.0,0.0,0.0,0.0,3.434271701314435e-11,0.005140050420183549,0.02015885485538544
8,0.009696273622190719,10,11,4,0.09223672717659193,-0.03629851965286757,0.0008943525447195901,-0.0003519603786346712,5.587405739868416,-0.1806764497218803,1.3570852123565191,-1.38053167063152,-0.2119815429689616,-1.3805316706339217,-0.21198154296732213,0.24439099354011562,-1.4038081019316007,0.0,0.0,0.0,0.0,0.0,0.0,0.0,0.0,3.434271701314435e-11,0.005140050420183549,0.02015885485538544
8,0.009696273622190719,10,9,5,0.09223672717647802,-0.036298519652484124,-0.0008943525447184857,0.00035196037863095326,5.587405739812376,0.0,0.0,0.0,0.0,0.0,0.0,0.0,0.0,0.24439099354879773,-1.4038081019158648,1.3805316706156785,0.21198154297741106,1.3805316706187427,0.21198154297625837,-0.18067644973058683,1.3570852123412327,3.434271701314435e-11,0.005140050420183549,0.02015885485538544
8,0.009696273622190719,10,11,6,3.8949130544095736,0.022316481005023814,0.037766142710197834,0.00021638670610913264,3.175526902830746,0.7089604715043334,-0.39141876915758955,0.39749255797847416,0.6871112485196307,0.3974925579786944,0.6871112485221375,-0.6655797996573652,0.40301653069110843,0.0,0.0,0.0,0.0,0.0,0.0,0.0,0.0,3.434271701314435e-11,0.005140050420183549,0.02015885485538544
8,0.009696273622190719,10,9,7,3.894913054409497,0.022316481005714622,-0.03776614271019709,-0.0002163867061158309,3.1755269028163235,0.0,0.0,0.0,0.0,0.0,0.0,0.0,0.0,-0.6655797996606124,0.4030165306783561,-0.39749255796496386,-0.6871112485224574,-0.39749255796668925,-0.6871112485257345,0.708960471507519,-0.3914187691448301,3.434271701314435e-11,0.005140050420183549,0.02015885485538544
8,0.009696273622190719,10,11,8,11.697245547623334,0.019741256423628215,0.11341969345570796,0.00019141662392932934,2.4424934168882597,0.48934585481128123,-0.3854063938011005,0.38729463132683445,0.47200551972746824,0.38729463131099257,0.4720055197250478,-0.4549748692549466,0.3888051405471601,0.0,0.0,0.0,0.0,0.0,0.0,0.0,0.0,3.434271701314435e-11,0.005140050420183549,0.02015885485538544
8,0.009696273622190719,10,9,9,11.697245547620671,0.019741256426191622,-0.11341969345568215,-0.00019141662395418484,2.4424934164324954,0.0,0.0,0.0,0.0,0.0,0.0,0.0,0.0,-0.4549748691718271,0.38880514046880893,-0.3872946312454668,-0.4720055196423699,-0.38729463123580105,-0.47200551964379733,0.4893458547281152,-0.38540639372282837,3.434271701314435e-11,0.005140050420183549,0.02015885485538544
8,0.009696273622190719,10,9,10,1.3102018343600208,0.10695120000776856,-0.012704075486250964,-0.00103702809949697,2.3490409383213278,0.0,0.0,0.0,0.0,0.0,0.0,0.0,0.0,-0.4467680393699438,-0.39909065410719663,0.38235183944303736,-0.4456598592147715,0.38235183945958323,-0.44565985919732626,0.444245655008422,0.3659694302732122,3.434271701314435e-11,0.005140050420183549,0.02015885485538544
8,0.009696273622190719,10,11,11,1.31020183436305,0.10695120000278471,0.012704075486280334,0.0010370280994486455,2.349040938285029,0.4442456550104259,0.3659694302569704,-0.38235183942553125,0.44565985922106816,-0.3823518394445312,0.44565985919505446,-0.44676803937195336,-0.39909065409087735,0.0,0.0,0.0,0.0,0.0,0.0,0.0,0.0,3.434271701314435e-11,0.005140050420183549,0.02015885485538544
8,0.009696273622190719,10,11,12,11.630139672680828,-0.01063329904187666,0.11276901653060892,-0.00010310337701661451,1.7800173960883323,-0.28583086439301225,0.3294358774400634,-0.3301899009727643,-0.29826818804163935,-0.3301899009556808,-0.2982681880397708,0.31096956812108967,-0.33070520431543404,0.0,0.0,0.0,0.0,0.0,0.0,0.0,0.0,3.434271701314435e-11,0.005140050420183549,0.02015885485538544
8,0.009696273622190719,10,9,13,11.630139672680498,-0.010633299037361502,-0.11276901653060571,0.00010310337697283429,1.7800173956552934,0.0,0.0,0.0,0.0,0.0,0.0,0.0,0.0,0.31096956804207104,-0.3307052042409363,0.33018990089507017,0.2982681879606265,0.3301899008844645,0.2982681879625968,-0.2858308643139051,0.3294358773655854,3.434271701314435e-11,0.005140050420183549,0.02015885485538544
8,0.009696273622190719,10,11,14,3.8296598475128674,-0.008541251602161744,0.03713342976140195,-8.281831261053513e-5,1.2322798365025571,-0.17286978376709067,0.24755636927419755,-0.24897839074559114,-0.18137774885196342,-0.24897839074360595,-0.18137774885429403,0.19008483857902578,-0.2502552303660606,0.0,0.0,0.0,0.0,0.0,0.0,0.0,0.0,3.434271701314435e-11,0.005140050420183549,0.02015885485538544
8,0.009696273622190719,10,9,15,3.8296598475137884,-0.00854125160193061,-0.03713342976141088,8.281831260829399e-5,1.2322798364860952,0.0,0.0,0.0,0.0,0.0,0.0,0.0,0.0,0.19008483858471126,-0.2502552303567922,0.2489783907355815,0.1813777488574037,0.24897839073510836,0.1813777488602724,-0.17286978377282947,0.24755636926496366,3.434271701314435e-11,0.005140050420183549,0.02015885485538544
8,0.009696273622190719,10,11,16,4.394524921334353,0.26895982441822164,0.04261051607679404,0.00260790805093545,0.6075252859447373,0.0831947164472145,-0.13070208686047635,0.12971992414834133,0.07896876334413595,0.12971992414881112,0.07896876334398016,-0.07484656089361429,0.12867454492573696,0.0,0.0,0.0,0.0,0.0,0.0,0.0,0.0,3.434271701314435e-11,0.005140050420183549,0.02015885485538544
8,0.009696273622190719,10,9,17,4.394524921334345,0.268959824418068,-0.04261051607679396,-0.0026079080509339597,0.6075252859418068,0.0,0.0,0.0,0.0,0.0,0.0,0.0,0.0,-0.0748465608939268,0.1286745449247042,-0.1297199241473158,-0.07896876334441699,-0.1297199241477477,-0.07896876334431219,0.08319471644751518,-0.13070208685942017,3.434271701314435e-11,0.005140050420183549,0.02015885485538544
8,0.009696273622190719,10,11,18,4.067632711439832,-0.026430635362402855,0.03944087976469415,-0.000256278672482208,0.06565865617724609,0.003619923630446148,0.015675534510595716,-0.01606281675648289,0.003372424875810201,-0.01606281675654729,0.003372424875870009,-0.0031120747907087826,-0.01645279180180237,0.0,0.0,0.0,0.0,0.0,0.0,0.0,0.0,3.434271701314435e-11,0.005140050420183549,0.02015885485538544
8,0.009696273622190719,10,9,19,4.067632711438315,-0.02643063536180314,-0.03944087976467945,0.00025627867247639307,0.06565865617670899,0.0,0.0,0.0,0.0,0.0,0.0,0.0,0.0,-0.0031120747908146354,-0.016452791801637556,0.016062816756328823,-0.0033724248758968253,0.01606281675638272,-0.003372424875994689,0.003619923630551693,0.0156755345104416,3.434271701314435e-11,0.005140050420183549,0.02015885485538544
8,0.009696273622190719,10,11,20,4.263654217148433,0.21396777076891657,0.04134155791987858,0.002074690051705596,0.06036424466054341,0.01290026339705293,0.0072354149653318205,-0.007643321422210154,0.01301054330909419,-0.007643321422185498,0.013010543309006148,-0.013114704401516034,-0.008061633866182721,0.0,0.0,0.0,0.0,0.0,0.0,0.0,0.0,3.434271701314435e-11,0.005140050420183549,0.02015885485538544
8,0.009696273622190719,10,9,21,4.263654217148244,0.21396777076853826,-0.04134155791987674,-0.002074690051701928,0.060364244658972166,0.0,0.0,0.0,0.0,0.0,0.0,0.0,0.0,-0.013114704401051412,-0.008061633866188418,0.007643321422220375,-0.013010543308623891,0.00764332142219316,-0.013010543308554688,0.012900263396595781,0.007235414965344097,3.434271701314435e-11,0.005140050420183549,0.02015885485538544
8,0.009696273622190719,10,9,22,5.027491719328813,0.11725446535537737,-0.04874793534391023,-0.0011369313795094212,0.044002699507629514,0.0,0.0,0.0,0.0,0.0,0.0,0.0,0.0,-0.005194666514525148,0.009447897089052396,-0.009530794444534385,-0.005491321642378326,-0.009530794455995353,-0.00549132153994435,0.005795599544298696,-0.009609295705094981,3.434271701314435e-11,0.005140050420183549,0.02015885485538544
8,0.009696273622190719,10,11,23,5.0274917193292215,0.11725446535312403,0.048747935343914195,0.001136931379487572,0.04400269931683803,0.0057955995558605184,-0.009609295643387755,0.009530794378735033,0.005491321654656967,0.0095307943983685,0.005491321550748103,-0.005194666526094975,0.009447897027342857,0.0,0.0,0.0,0.0,0.0,0.0,0.0,0.0,3.434271701314435e-11,0.005140050420183549,0.02015885485538544
8,0.009696273622190719,10,11,24,4.2133367976652405,0.22968593941908097,0.04085366645260698,0.00222709771577733,0.03687241642415996,-0.0008080509120654542,-0.009368567612155225,0.00916540834953919,-0.0009755747303518128,0.009165408349529915,-0.0009755747303667787,0.0011357659109632115,0.008963026613641678,0.0,0.0,0.0,0.0,0.0,0.0,0.0,0.0,3.434271701314435e-11,0.005140050420183549,0.02015885485538544
8,0.009696273622190719,10,9,25,4.2133367976648906,0.229685939418896,-0.04085366645260359,-0.002227097715775537,0.03687241642381068,0.0,0.0,0.0,0.0,0.0,0.0,0.0,0.0,0.0011357659107739532,0.008963026613571866,-0.009165408349468544,0.0009755747301560041,-0.009165408349464513,0.000975574730189519,-0.0008080509118816204,-0.009368567612089323,3.434271701314435e-11,0.005140050420183549,0.02015885485538544
8,0.009696273622190719,10,9,26,5.027725838967397,0.11728428482772055,-0.04875020543198628,-0.00113722051727253,0.0266071982251909,0.0,0.0,0.0,0.0,0.0,0.0,0.0,0.0,0.001128742867149952,-0.006690933776793919,0.006579284323276459,0.0009749922310806757,0.006579284334747565,0.0009749921285817607,-0.0008265046065192847,0.006466852782282278,3.434271701314435e-11,0.005140050420183549,0.02015885485538544
8,0.009696273622190719,10,11,27,5.027725838969682,0.1172842848246397,0.048750205432008434,0.0011372205172426573,0.026607197983861335,-0.0008265046173227997,0.006466852719687733,-0.0065792842565529095,-0.0009749922425866012,-0.00657928427627438,-0.0009749921386289447,0.0011287428779495682,-0.006690933714200452,0.0,0.0,0.0,0.0,0.0,0.0,0.0,0.0,3.434271701314435e-11,0.005140050420183549,0.02015885485538544
8,0.009696273622190719,10,9,28,11.871052969638718,-0.028097523636888378,-0.11510497777713671,0.000272441277289241,0.025342844063389342,0.0,0.0,0.0,0.0,0.0,0.0,0.0,0.0,-0.00110241607504492,-0.006368318227158966,0.006219375101219527,-0.0012052314270579482,0.006219375101128452,-0.0012052314271557363,0.0013030708942114125,0.0060713941699750505,3.434271701314435e-11,0.005140050420183549,0.02015885485538544
8,0.009696273622190719,10,11,29,11.871052969647701,-0.02809752363980981,0.11510497777722381,-0.000272441277317568,0.0253428440606806,0.001303070891801132,0.006071394169775202,-0.00621937510096671,0.0012052314246400822,-0.006219375100948119,0.0012052314246865196,-0.0011024160725672675,-0.006368318226925603,0.0,0.0,0.0,0.0,0.0,0.0,0.0,0.0,3.434271701314435e-11,0.005140050420183549,0.02015885485538544
8,0.009696273622190719,10,11,30,12.015963903846353,0.2315849140462564,0.11651007384606121,0.0022455106933640208,0.00821025828056675,-0.0009085293728667253,-0.0018864322206482759,0.0018309019725475265,-0.0009273494792025176,0.0018309019724564073,-0.0009273494791985865,0.0009447045674399443,0.0017761130179313783,0.0,0.0,0.0,0.0,0.0,0.0,0.0,0.0,3.434271701314435e-11,0.005140050420183549,0.02015885485538544
8,0.009696273622190719,10,9,31,12.015963903845313,0.2315849140463764,-0.11651007384605112,-0.0022455106933651843,0.008210258277089802,0.0,0.0,0.0,0.0,0.0,0.0,0.0,0.0,0.0009447045669635421,0.001776113017195964,-0.001830901971819262,0.0009273494787268453,-0.0018309019717164285,0.0009273494787250167,-0.0009085293723932956,-0.0018864322199159476,3.434271701314435e-11,0.005140050420183549,0.02015885485538544
8,0.009696273622190719,10,9,32,11.627383579517897,0.028853217051533833,-0.11274229269717288,-0.00027976868741213097,0.003496934619225251,0.0,0.0,0.0,0.0,0.0,0.0,0.0,0.0,-0.0008521198630159453,8.981256891415666e-5,-7.421991092074833e-5,-0.0008709897242510988,-7.42199109894121e-5,-0.000870989724419896,0.0008899186828589213,-5.793043757830441e-5,3.434271701314435e-11,0.005140050420183549,0.02015885485538544
8,0.009696273622190719,10,11,33,11.627383579518023,0.028853217051020633,0.1127422926971741,0.00027976868740715486,0.0034969346186357595,0.0008899186827343894,-5.793043728793436e-5,7.421991061952861e-5,0.0008709897241253991,7.421991070277772e-5,0.0008709897242997612,-0.0008521198628949472,8.981256861678505e-5,0.0,0.0,0.0,0.0,0.0,0.0,0.0,0.0,3.434271701314435e-11,0.005140050420183549,0.02015885485538544
8,0.009696273622190719,10,9,34,5.391647953338924,0.1198966322058167,-0.05227889383009879,-0.0011625505522467627,0.0028589479399188248,0.0,0.0,0.0,0.0,0.0,0.0,0.0,0.0,0.0005120827386548057,-0.0005189976218792959,0.0005186605945982214,0.0004916686094248023,0.0005186605946196351,0.0004916686093960922,-0.00047166925124141317,0.0005179300665427033,3.434271701314435e-11,0.005140050420183549,0.02015885485538544
8,0.009696273622190719,10,11,35,5.391647953339625,0.11989663220516536,0.05227889383010558,0.0011625505522404472,0.002858947939723604,-0.00047166925120073564,0.0005179300665128419,-0.0005186605945662868,-0.0004916686093815638,-0.0005186605945940587,-0.0004916686093580835,0.000512082738614307,-0.0005189976218516548,0.0,0.0,0.0,0.0,0.0,0.0,0.0,0.0,3.434271701314435e-11,0.005140050420183549,0.02015885485538544
8,0.009696273622190719,10,9,36,8.109148996887555,0.25670188061412413,-0.07862852751693512,-0.002489051673765483,0.001799597347076941,0.0,0.0,0.0,0.0,0.0,0.0,0.0,0.0,-0.00029892225262801787,0.0003241615847026781,-0.00032454301203523544,-0.0003115136961624677,-0.00032454301203604984,-0.00031151369616380355,0.00032436467438196504,-0.00032467512459779114,3.434271701314435e-11,0.005140050420183549,0.02015885485538544
8,0.009696273622190719,10,11,37,8.109148996887876,0.2567018806144723,0.07862852751693825,0.002489051673768859,0.0017995973470537896,0.00032436467437477277,-0.0003246751245968874,0.00032454301203391396,0.0003115136961556729,0.00032454301203525425,0.000311513696156084,-0.0002989222526207053,0.0003241615847014628,0.0,0.0,0.0,0.0,0.0,0.0,0.0,0.0,3.434271701314435e-11,0.005140050420183549,0.02015885485538544
8,0.009696273622190719,10,11,38,11.566283318303508,-0.00020360030984130362,0.11214984784605085,-1.9741643137840896e-6,0.0013722088990170387,-0.00028756429219946723,0.00017422763433366074,-0.00017184307712668335,-0.0002968690946785142,-0.00017184307710875035,-0.00029686909469670865,0.0003063112766179137,-0.00016922096967422954,0.0,0.0,0.0,0.0,0.0,0.0,0.0,0.0,3.434271701314435e-11,0.005140050420183549,0.02015885485538544
8,0.009696273622190719,10,9,39,11.566283318304327,-0.00020360030921520028,-0.11214984784605879,1.9741643077132207e-6,0.001372208898575922,0.0,0.0,0.0,0.0,0.0,0.0,0.0,0.0,0.0003063112764602869,-0.0001692209697221029,0.0001718430771785982,0.0002968690945207433,0.00017184307715954986,0.00029686909454025747,-0.00028756429204267956,0.00017422763438825829,3.434271701314435e-11,0.005140050420183549,0.02015885485538544
8,0.009696273622190719,10,9,40,8.94695138115096,0.137594363109295,-0.08675208867607688,-0.0013341525935787887,0.0011271521010728066,0.0,0.0,0.0,0.0,0.0,0.0,0.0,0.0,-0.0002264588622913638,0.00015809059916849208,-0.0001566303179423068,-0.00023421264042225093,-0.00015663031794106036,-0.00023421264042297206,0.00024209164784011613,-0.00015498261651081615,3.434271701314435e-11,0.005140050420183549,0.02015885485538544
8,0.009696273622190719,10,11,41,8.946951381151004,0.13759436311082854,0.08675208867607731,0.0013341525935936585,0.001127152101070069,0.00024209164784452886,-0.00015498261650331993,0.00015663031793361194,0.00023421264042653404,0.00015663031793492263,0.0002342126404269529,-0.00022645886229522884,0.00015809059916114512,0.0,0.0,0.0,0.0,0.0,0.0,0.0,0.0,3.434271701314435e-11,0.005140050420183549,0.02015885485538544
8,0.009696273622190719,10,11,42,5.4053285629664956,0.13326861675912904,0.052411544764366096,0.001292208973347387,0.001114229349126578,0.00028074410136453464,4.389687157242736e-5,-3.751492238543681e-5,0.0002759915015033462,-3.751492236917352e-5,0.00027599150148660296,-0.0002712088013750549,-3.1353754343203376e-5,0.0,0.0,0.0,0.0,0.0,0.0,0.0,0.0,3.434271701314435e-11,0.005140050420183549,0.02015885485538544
8,0.009696273622190719,10,9,43,5.40532856296563,0.13326861676008736,-0.0524115447643577,-0.001292208973356679,0.0011142293490558441,0.0,0.0,0.0,0.0,0.0,0.0,0.0,0.0,-0.00027120880136617117,-3.135375427830619e-5,3.751492231757719e-5,-0.0002759915014972859,3.7514922305997234e-5,-0.00027599150147480754,0.00028074410135553316,4.389687150626817e-5,3.434271701314435e-11,0.005140050420183549,0.02015885485538544
8,0.009696273622190719,10,9,44,8.177373101660287,0.23676751041151686,-0.07929004710444054,-0.0022957625657949576,0.001001126603019633,0.0,0.0,0.0,0.0,0.0,0.0,0.0,0.0,8.144336244850055e-5,-0.00024197280624877146,0.00023873154217909549,7.507085272012225e-5,0.00023873154218711766,7.507085271632553e-5,-6.888930416846442e-5,0.00023543014505081233,3.434271701314435e-11,0.005140050420183549,0.02015885485538544
8,0.009696273622190719,10,11,45,8.177373101661043,0.2367675104108656,0.07929004710444788,0.0022957625657886427,0.0010011266029123843,-6.88893041638736e-5,0.0002354301450241423,-0.00023873154215183452,-7.5070852716171e-5,-0.00023873154216115855,-7.507085271073516e-5,8.14433624435667e-5,-0.00024197280622222697,0.0,0.0,0.0,0.0,0.0,0.0,0.0,0.0,3.434271701314435e-11,0.005140050420183549,0.02015885485538544
8,0.009696273622190719,10,11,46,7.8226718775957425,-0.026377197698095014,0.07585076698178474,-0.00025576052626734844,0.0009163438131542412,-5.558405538918964e-5,0.00021753909550680179,-0.00022075428877234903,-6.113449624022121e-5,-0.00022075428877394446,-6.11344962396411e-5,6.68615209304019e-5,-0.00022392050380896046,0.0,0.0,0.0,0.0,0.0,0.0,0.0,0.0,3.434271701314435e-11,0.005140050420183549,0.02015885485538544
8,0.009696273622190719,10,9,47,7.82267187759554,-0.026377197697679856,-0.07585076698178278,0.00025576052626332296,0.0009163438131466307,0.0,0.0,0.0,0.0,0.0,0.0,0.0,0.0,6.686152093060456e-5,-0.00022392050380684112,0.00022075428877031054,6.11344962408462e-5,0.00022075428877178053,6.113449623993664e-5,-5.5584055389898114e-5,0.00021753909550472833,3.434271701314435e-11,0.005140050420183549,0.02015885485538544
8,0.009696273622190719,10,9,48,8.130548339253256,0.24561054959290915,-0.0788360213958479,-0.0023815070933494906,0.0008349288288501087,0.0,0.0,0.0,0.0,0.0,0.0,0.0,0.0,-1.974545910307949e-5,0.000203624143173787,-0.0002072924454517928,-2.4295400392873008e-5,-0.00020729244545336157,-2.4295400390764513e-5,2.90111678358595e-5,-0.00021094124508058744,3.434271701314435e-11,0.005140050420183549,0.02015885485538544
8,0.009696273622190719,10,11,49,8.130548339253707,0.2456105495922993,0.07883602139585227,0.0023815070933435774,0.0008349288287363141,2.9011167836957078e-5,-0.0002109412450515344,0.0002072924454224501,2.4295400393947656e-5,0.00020729244542509008,2.4295400392466202e-5,-1.9745459104759744e-5,0.00020362414314522873,0.0,0.0,0.0,0.0,0.0,0.0,0.0,0.0,3.434271701314435e-11,0.005140050420183549,0.02015885485538544
8,0.009696273622190719,10,11,50,7.884812693675831,0.0021103211759212967,0.0764533013376035,2.046225155243617e-5,0.0006149842706679389,0.0001287790971269668,-8.951756387582623e-5,9.025257827698933e-5,0.00012444918639402996,9.025257827710379e-5,0.000124449186392998,-0.00012019143788738374,9.088800446426271e-5,0.0,0.0,0.0,0.0,0.0,0.0,0.0,0.0,3.434271701314435e-11,0.005140050420183549,0.02015885485538544
8,0.009696273622190719,10,9,51,7.884812693675944,0.0021103211761523757,-0.07645330133760461,-2.0462251554676776e-5,0.0006149842706650528,0.0,0.0,0.0,0.0,0.0,0.0,0.0,0.0,-0.00012019143789219062,9.088800445661626e-5,-9.025257826913549e-5,-0.00012444918639888255,-9.025257826943794e-5,-0.00012444918639761642,0.0001287790971316298,-8.951756386795518e-5,3.434271701314435e-11,0.005140050420183549,0.02015885485538544
8,0.009696273622190719,10,9,52,9.056652059246971,0.1230930993263945,-0.08781577646743567,-0.0011935443720722213,0.0005034153912723998,0.0,0.0,0.0,0.0,0.0,0.0,0.0,0.0,8.2041994966199e-5,-9.874870213779383e-5,9.838282017703415e-5,7.846556754632431e-5,9.838282018940787e-5,7.846556754988568e-5,-7.496782126460626e-5,9.79541343022213e-5,3.434271701314435e-11,0.005140050420183549,0.02015885485538544
8,0.009696273622190719,10,11,53,9.056652059250931,0.12309309932116391,0.08781577646747406,0.001193544372021504,0.000503415391216345,-7.496782124118167e-5,9.795413430294301e-5,-9.838282017872694e-5,-7.846556752227508e-5,-9.838282018935444e-5,-7.846556752693651e-5,8.204199494262523e-5,-9.874870213869935e-5,0.0,0.0,0.0,0.0,0.0,0.0,0.0,0.0,3.434271701314435e-11,0.005140050420183549,0.02015885485538544
8,0.009696273622190719,10,9,54,9.063932910882556,0.1349784825442773,-0.08788637359709688,-0.0013087882998574064,0.00023609721808910987,0.0,0.0,0.0,0.0,0.0,0.0,0.0,0.0,-2.2089510314708437e-5,5.3466538922836566e-5,-5.4084781726963434e-5,-2.3622202461770712e-5,-5.40847817332775e-5,-2.3622202471081945e-5,2.5198154877567837e-5,-5.4684109471331285e-5,3.434271701314435e-11,0.005140050420183549,0.02015885485538544
8,0.009696273622190719,10,11,55,9.063932910884601,0.13497848253999145,0.0878863735971167,0.0013087882998158496,0.00023609721806726384,2.5198154858992988e-5,-5.468410947332953e-5,5.4084781730304925e-5,2.3622202442572436e-5,5.408478173406321e-5,2.362220245356217e-5,-2.208951029655276e-5,5.346653892495677e-5,0.0,0.0,0.0,0.0,0.0,0.0,0.0,0.0,3.434271701314435e-11,0.005140050420183549,0.02015885485538544
8,0.009696273622190719,10,9,56,7.809263867226979,-0.018561979917501352,-0.07572075924452004,0.0001799820362497022,0.00015219785553982984,0.0,0.0,0.0,0.0,0.0,0.0,0.0,0.0,2.4572924814226018e-5,-3.0045067217950618e-5,2.9926118114732917e-5,2.3492546359676578e-5,2.9926118114907518e-5,2.3492546359610052e-5,-2.2436101278107865e-5,2.9788365401251815e-5,3.434271701314435e-11,0.005140050420183549,0.02015885485538544
8,0.009696273622190719,10,11,57,7.809263867227009,-0.018561979917829693,0.07572075924452033,-0.00017998203625288592,0.0001521978555304626,-2.2436101276197484e-5,2.9788365399856596e-5,-2.992611811343155e-5,-2.349254635764699e-5,-2.9926118113416696e-5,-2.3492546357613246e-5,2.4572924812106962e-5,-3.004506721655623e-5,0.0,0.0,0.0,0.0,0.0,0.0,0.0,0.0,3.434271701314435e-11,0.005140050420183549,0.02015885485538544
8,0.009696273622190719,10,9,58,8.915962618572351,0.10362205919300047,-0.08645161315490157,-0.0010047478392301756,4.620247273968312e-5,0.0,0.0,0.0,0.0,0.0,0.0,0.0,0.0,-1.1275888165807076e-5,-3.418666846012006e-6,3.129238443780663e-6,-1.1117462653942821e-5,3.1292384436705556e-6,-1.1117462654386973e-5,1.0956530194576334e-5,2.8487030087856847e-6,3.434271701314435e-11,0.005140050420183549,0.02015885485538544
8,0.009696273622190719,10,11,59,8.915962618572081,0.1036220591946668,0.08645161315489897,0.0010047478392463329,4.620247273309789e-5,1.0956530193135602e-5,2.8487030078507247e-6,-3.129238442778255e-6,1.111746265260663e-5,-3.129238442777364e-6,1.1117462652836166e-5,-1.1275888164360437e-5,-3.418666845051899e-6,0.0,0.0,0.0,0.0,0.0,0.0,0.0,0.0,3.434271701314435e-11,0.005140050420183549,0.02015885485538544
8,0.009696273622190719,10,11,60,11.988277938955193,0.2105771641202974,0.11624162315498215,0.0020418138018953656,1.4867221324982115e-5,3.187770966907573e-6,1.7630976639327158e-6,-1.8633983997772432e-6,3.2155289755031233e-6,-1.8633983981735049e-6,3.215528975393007e-6,-3.241795236549743e-6,-1.966270960485342e-6,0.0,0.0,0.0,0.0,0.0,0.0,0.0,0.0,3.434271701314435e-11,0.005140050420183549,0.02015885485538544
8,0.009696273622190719,10,9,61,11.988277938955177,0.21057716412000113,-0.116241623154982,-0.002041813801892493,1.4867221273979977e-5,0.0,0.0,0.0,0.0,0.0,0.0,0.0,0.0,-3.2417952243991915e-6,-1.9662709559844233e-6,1.8633983952542882e-6,-3.2155289632275254e-6,1.8633983937166172e-6,-3.215528963395334e-6,3.1877709547813863e-6,1.763097659462401e-6,3.434271701314435e-11,0.005140050420183549,0.02015885485538544
8,0.009696273622190719,10,9,62,9.034520037847088,0.11112247913127438,-0.08760117833213021,-0.0010774739632330144,8.583456961466974e-6,0.0,0.0,0.0,0.0,0.0,0.0,0.0,0.0,1.5692989953336817e-6,-1.5260952398375107e-6,1.5263499234179913e-6,1.5080015640492168e-6,1.526349923665683e-6,1.5080015637475011e-6,-1.4479247296452815e-6,1.5253977177566383e-6,3.434271701314435e-11,0.005140050420183549,0.02015885485538544
8,0.009696273622190719,10,11,63,9.034520037849749,0.11112247912587023,0.08760117833215601,0.0010774739631806143,8.583456959207763e-6,-1.4479247307193718e-6,1.5253977159609653e-6,-1.5263499215693199e-6,-1.5080015651217649e-6,-1.526349921848573e-6,-1.5080015647779781e-6,1.5692989963616777e-6,-1.526095237967682e-6,0.0,0.0,0.0,0.0,0.0,0.0,0.0,0.0,3.434271701314435e-11,0.005140050420183549,0.02015885485538544
8,0.009696273622190719,10,9,64,11.801676441292024,-0.020606166382441022,-0.1144322839753295,0.00019980302754853604,7.905303772748195e-6,0.0,0.0,0.0,0.0,0.0,0.0,0.0,0.0,-1.2684627530355342e-6,-1.5669805455210695e-6,1.5107806116370292e-6,-1.273823125113564e-6,1.510780611747536e-6,-1.2738231263994925e-6,1.2779744665677584e-6,1.4555992527439862e-6,3.434271701314435e-11,0.005140050420183549,0.02015885485538544
8,0.009696273622190719,10,11,65,11.801676441293365,-0.020606166382863292,0.1144322839753425,-0.00019980302755263048,7.905303736006088e-6,1.2779744599234424e-6,1.4555992463398526e-6,-1.510780605254212e-6,1.2738231187565599e-6,-1.5107806052819094e-6,1.273823119492118e-6,-1.2684627464114397e-6,-1.5669805390817656e-6,0.0,0.0,0.0,0.0,0.0,0.0,0.0,0.0,3.434271701314435e-11,0.005140050420183549,0.02015885485538544
8,0.009696273622190719,10,9,66,9.051928325820553,0.12358046505040085,-0.08776997385561483,-0.0011982700034862638,6.310191586813618e-7,0.0,0.0,0.0,0.0,0.0,0.0,0.0,0.0,3.684296944994251e-8,-1.5016235275675826e-7,1.5241285676105374e-7,4.064381439306492e-8,1.5241285699810753e-7,4.064381435333329e-8,-4.4566576553107983e-8,1.546307971841638e-7,3.434271701314435e-11,0.005140050420183549,0.02015885485538544
8,0.009696273622190719,10,11,67,9.051928325820615,0.12358046504579007,0.08776997385561543,0.0011982700034415565,6.310191540265119e-7,-4.456657696406606e-8,1.546307958658424e-7,-1.5241285548653695e-7,-4.064381491220615e-8,-1.5241285563753815e-7,-4.064381468119267e-8,3.684296988648023e-8,-1.5016235144079663e-7,0.0,0.0,0.0,0.0,0.0,0.0,0.0,0.0,3.434271701314435e-11,0.005140050420183549,0.02015885485538544
8,0.009696273622190719,10,9,68,11.94095479832841,0.2245270113418769,-0.11578276503480345,-0.0021770753375435574,3.086189021029271e-7,0.0,0.0,0.0,0.0,0.0,0.0,0.0,0.0,3.5487025903854303e-9,-7.553633885507104e-8,7.697418535530493e-8,5.161049127291798e-9,7.69741853170543e-8,5.161049142166127e-9,-6.834973366227042e-9,7.840787834648643e-8,3.434271701314435e-11,0.005140050420183549,0.02015885485538544
8,0.009696273622190719,10,11,69,11.940954798329114,0.22452701134211797,0.11578276503481029,0.002177075337545895,3.086188999706659e-7,-6.8349730708794616e-9,7.840787783032881e-8,-7.697418484653885e-8,-5.1610488276051624e-9,-7.697418479613441e-8,-5.1610488630321765e-9,3.54870230703266e-9,-7.553633834149935e-8,0.0,0.0,0.0,0.0,0.0,0.0,0.0,0.0,3.434271701314435e-11,0.005140050420183549,0.02015885485538544
8,0.009696273622190719,10,11,70,5.14222656257543,0.12828539648750184,0.049860435778028595,0.001243890306074042,3.6961139474697773e-14,4.863458843323448e-15,-8.074393247929504e-15,8.008302668114152e-15,4.607915517619189e-15,8.008305814027955e-15,4.607909706735958e-15,-4.358771557305153e-15,7.938526435894931e-15,0.0,0.0,0.0,0.0,0.0,0.0,0.0,0.0,3.434271701314435e-11,0.005140050420183549,0.02015885485538544
8,0.009696273622190719,10,9,71,5.142226562574797,0.12828539648914533,-0.04986043577802246,-0.0012438903060899777,3.696066486600194e-14,0.0,0.0,0.0,0.0,0.0,0.0,0.0,0.0,-4.35830566419196e-15,7.938649404945925e-15,-8.008436175282184e-15,-4.607439540994704e-15,-8.008440685204565e-15,-4.607443428483208e-15,4.862982622066434e-15,-8.074538941395658e-15,3.434271701314435e-11,0.005140050420183549,0.02015885485538544
8,0.009696273622190719,10,9,72,5.12201603081971,0.10786316785054098,-0.049664468932075156,-0.0010458707892351306,2.9232355899098566e-14,0.0,0.0,0.0,0.0,0.0,0.0,0.0,0.0,-4.623108452189717e-16,-7.440604559866684e-15,7.282770138560168e-15,-5.989424905979573e-16,7.282771395213231e-15,-5.989513645259567e-16,7.29756593393967e-16,7.125413880273308e-15,3.434271701314435e-11,0.005140050420183549,0.02015885485538544
8,0.009696273622190719,10,11,73,5.1220160308212,0.10786316784874808,0.04966446893208961,0.001045870789217746,2.923091659362989e-14,7.293605446136745e-16,7.125103891473944e-15,-7.282452528835987e-15,5.985487855291437e-16,-7.282432732898186e-15,5.985464836038135e-16,-4.619086593614866e-16,-7.440257736552905e-15,0.0,0.0,0.0,0.0,0.0,0.0,0.0,0.0,3.434271701314435e-11,0.005140050420183549,0.02015885485538544
8,0.009696273622190719,10,9,74,9.128840660303682,0.13445519652010057,-0.0885157368956847,-0.0013037143753843205,1.0300956798958188e-14,0.0,0.0,0.0,0.0,0.0,0.0,0.0,0.0,-5.505028556834068e-17,2.5234015583744303e-15,-2.5727304226570916e-15,-1.0764431892834757e-16,-2.5727312617876437e-15,-1.0764308111818307e-16,1.622952795913502e-16,-2.621973185321253e-15,3.434271701314435e-11,0.005140050420183549,0.02015885485538544
8,0.009696273622190719,10,11,75,9.128840660304467,0.13445519651866586,0.08851573689569231,0.001303714375370409,1.0300837807008878e-14,1.623144725393715e-16,-2.621941219644721e-15,2.572701488795312e-15,1.0766133423289234e-16,2.5726990236272633e-15,1.0766519480828137e-16,-5.507017742583504e-17,2.5233723269672027e-15,0.0,0.0,0.0,0.0,0.0,0.0,0.0,0.0,3.434271701314435e-11,0.005140050420183549,0.02015885485538544
8,0.009696273622190719,10,9,76,8.128480720241063,0.26384015477070655,-0.07881597319615924,-0.002558266333177919,1.3020542050637811e-15,0.0,0.0,0.0,0.0,0.0,0.0,0.0,0.0,-1.0079060537901993e-16,3.026978033700267e-16,-3.0669289130710114e-16,-1.0898303054589405e-16,-3.066933939640854e-16,-1.0898216176027544e-16,1.1741990374754374e-16,-3.106011989881736e-16,3.434271701314435e-11,0.005140050420183549,0.02015885485538544
8,0.009696273622190719,10,11,77,8.128480720241408,0.26384015477060596,0.07881597319616258,0.0025582663331769435,1.3020334697855223e-15,1.1744202389804037e-16,-3.1058710027661843e-16,3.066802407857763e-16,1.0900443880121272e-16,3.0667940074818063e-16,1.0900477135070518e-16,-1.0081248777415975e-16,3.0268524047655853e-16,0.0,0.0,0.0,0.0,0.0,0.0,0.0,0.0,3.434271701314435e-11,0.005140050420183549,0.02015885485538544
8,0.009696273622190719,10,9,78,7.833238493940194,-0.029540047324117115,-0.07595322378512126,0.0002864283816671023,1.293399783003787e-15,0.0,0.0,0.0,0.0,0.0,0.0,0.0,0.0,3.002416531037613e-16,1.3658195537103662e-16,-1.2796484742041084e-16,2.969160279260807e-16,-1.2796464962155501e-16,2.969166386380533e-16,-2.934885561799927e-16,-1.1958502954948252e-16,3.434271701314435e-11,0.005140050420183549,0.02015885485538544
8,0.009696273622190719,10,11,79,7.833238493940353,-0.029540047324530364,0.0759532237851228,-0.0002864283816711093,1.2933410171245565e-15,-2.934793833130094e-16,-1.1956936067924134e-16,1.2794889872326323e-16,-2.969074576822796e-16,1.2794879762363635e-16,-2.9690692131699864e-16,3.0023253607761184e-16,1.3656582270076947e-16,0.0,0.0,0.0,0.0,0.0,0.0,0.0,0.0,3.434271701314435e-11,0.005140050420183549,0.02015885485538544
