iteration,scale,ground_charge,charge,support_rank,energy_real,energy_imag,energy_abs,physical_gap_abs,addition_weight_abs,removal_weight_abs,total_weight_abs,addition_residue_real,addition_residue_imag,removal_residue_real,removal_residue_imag,max_residual,biorth_error,min_pair_overlap
0,0.7853981633974483,2,1,0,0.2217567259721247,0.0013362047980255895,0.2217607516156506,0.17417048703256968,0.0,17.769298535770986,17.769298535770986,0.0,0.0,0.5024821529396446,0.0030080300778978497,4.579604652297316e-15,3.8211492557778534e-13,0.000399999971562193
0,0.7853981633974483,2,3,1,0.22175672597211935,0.0013362047980312402,0.22176075161564526,0.1741704870325655,17.76929853576894,0.0,17.76929853576894,0.5024821529396419,0.0030080300778978497,0.0,0.0,4.579604652297316e-15,3.8211492557778534e-13,0.000399999971562193
0,0.7853981633974483,2,3,2,0.21909981499808057,-0.0013201675309966706,0.2191037922412641,0.1720837160197049,17.55650427045454,0.0,17.55650427045454,0.49646451714015516,-0.0030079502111330925,0.0,0.0,4.579604652297316e-15,3.8211492557778534e-13,0.000399999971562193
0,0.7853981633974483,2,1,3,0.2190998149980748,-0.001320167530990953,0.2191037922412583,0.17208371601970035,0.0,17.556504270454212,17.556504270454212,0.0,0.0,0.49646451714015694,-0.003007950211136645,4.579604652297316e-15,3.8211492557778534e-13,0.000399999971562193
0,0.7853981633974483,2,1,4,0.6631229712858993,0.001240717774110118,0.6631241319901083,0.5208164753695582,0.0,0.018815270592335186,0.018815270592335186,0.0,0.0,0.0005320430476005895,5.335276623248154e-6,4.579604652297316e-15,3.8211492557778534e-13,0.000399999971562193
0,0.7853981633974483,2,3,5,0.6631229712858999,0.0012407177741100134,0.663124131990109,0.5208164753695587,0.018815270592333302,0.0,0.018815270592333302,0.0005320430475995236,5.335276623914288e-6,0.0,0.0,4.579604652297316e-15,3.8211492557778534e-13,0.000399999971562193
0,0.7853981633974483,2,1,6,0.660686414759727,-0.0011953588054596756,0.6606874961210752,0.5189027460331512,0.0,0.018434954955259934,0.018434954955259934,0.0,0.0,0.0005212868726013351,-5.415143386893438e-6,4.579604652297316e-15,3.8211492557778534e-13,0.000399999971562193
0,0.7853981633974483,2,3,7,0.6606864147597268,-0.0011953588054595377,0.660687496121075,0.518902746033151,0.018434954955255267,0.0,0.018434954955255267,0.0005212868726023013,-5.415143387631563e-6,0.0,0.0,4.579604652297316e-15,3.8211492557778534e-13,0.000399999971562193
1,0.4534498410585544,3,2,0,0.03136967431805493,0.004026551330420042,0.03162703878704648,0.01434127571113896,0.0,32.14223376805096,32.14223376805096,0.0,0.0,0.908937860768047,-4.184257869788155e-5,2.3498893903553053e-13,5.767950729965752e-11,0.02626671056221842
1,0.4534498410585544,3,4,1,0.03136967431806381,0.004026551330422911,0.03162703878705565,0.01434127571114312,32.14223376805013,0.0,32.14223376805013,0.9089378607680292,-4.184257878669939e-5,0.0,0.0,2.3498893903553053e-13,5.767950729965752e-11,0.02626671056221842
1,0.4534498410585544,3,4,2,1.2686330173351439,0.0006686084421185256,1.2686331935236916,0.5752615199649243,1.6465231123910944,0.0,1.6465231123910944,0.04639800995078691,0.00389718425947716,0.0,0.0,2.3498893903553053e-13,5.767950729965752e-11,0.02626671056221842
1,0.4534498410585544,3,2,3,1.2686330173351519,0.000668608442084051,1.2686331935236996,0.5752615199649279,0.0,1.6465231123685844,1.6465231123685844,0.0,0.0,0.04639800995084442,0.003897184259436637,2.3498893903553053e-13,5.767950729965752e-11,0.02626671056221842
1,0.4534498410585544,3,4,4,1.2660084987305966,-0.00019123097028602137,1.2660085131733447,0.57407135907723,1.526882305288285,0.0,1.526882305288285,0.043177240406420236,-0.00027517036445190435,0.0,0.0,2.3498893903553053e-13,5.767950729965752e-11,0.02626671056221842
1,0.4534498410585544,3,2,5,1.2660084987305686,-0.00019123097028761558,1.2660085131733168,0.5740713590772173,0.0,1.5268823052606313,1.5268823052606313,0.0,0.0,0.043177240406424344,-0.0002751703644263692,2.3498893903553053e-13,5.767950729965752e-11,0.02626671056221842
1,0.4534498410585544,3,4,6,1.2773061289690468,0.007387931430782065,1.277327494667173,0.5792039494365512,0.1370360730064904,0.0,0.1370360730064904,0.0014831178956701899,-0.003580148294195673,0.0,0.0,2.3498893903553053e-13,5.767950729965752e-11,0.02626671056221842
1,0.4534498410585544,3,2,7,1.2773061289690522,0.007387931430820599,1.2773274946671787,0.5792039494365536,0.0,0.13703607300564388,0.13703607300564388,0.0,0.0,0.0014831178956262216,-0.003580148294187291,2.3498893903553053e-13,5.767950729965752e-11,0.02626671056221842
1,0.4534498410585544,3,4,8,2.5611856815620255,0.004028525666350489,2.5611888498229454,1.1613706768731564,6.701465115604749e-5,0.0,6.701465115604749e-5,1.895037037121845e-6,1.2986704790555087e-8,0.0,0.0,2.3498893903553053e-13,5.767950729965752e-11,0.02626671056221842
1,0.4534498410585544,3,2,9,2.561185681562027,0.004028525666351584,2.5611888498229467,1.1613706768731569,0.0,6.701465115563522e-5,6.701465115563522e-5,0.0,0.0,1.8950370370993579e-6,1.29867047693691e-8,2.3498893903553053e-13,5.767950729965752e-11,0.02626671056221842
1,0.4534498410585544,3,2,10,2.5659752046023745,0.003627971781908882,2.5659777693529318,1.1635422116728709,0.0,4.287955647737964e-5,4.287955647737964e-5,0.0,0.0,1.212346514324429e-6,-2.351164897473055e-8,2.3498893903553053e-13,5.767950729965752e-11,0.02626671056221842
1,0.4534498410585544,3,4,11,2.565975204602366,0.003627971781875816,2.5659777693529233,1.163542211672867,4.2879556476433354e-5,0.0,4.2879556476433354e-5,1.2123465143045187e-6,-2.3511648910786337e-8,0.0,0.0,2.3498893903553053e-13,5.767950729965752e-11,0.02626671056221842
1,0.4534498410585544,3,2,12,2.5663764484678557,0.004029537659299635,2.566379611909398,1.163724427116231,0.0,2.1418729498908137e-5,2.1418729498908137e-5,0.0,0.0,6.055625601982272e-7,-1.2521858842903422e-8,2.3498893903553053e-13,5.767950729965752e-11,0.02626671056221842
1,0.4534498410585544,3,4,13,2.5663764484678535,0.004029537659320359,2.566379611909396,1.1637244271162301,2.141872949519286e-5,0.0,2.141872949519286e-5,6.055625601748864e-7,-1.2521858809084785e-8,0.0,0.0,2.3498893903553053e-13,5.767950729965752e-11,0.02626671056221842
1,0.4534498410585544,3,4,14,3.803789169592499,0.0006834052552137457,3.803789230984274,1.72482762221006,1.0314998069928265e-6,0.0,1.0314998069928265e-6,2.9087893919935946e-8,2.178879416598855e-9,0.0,0.0,2.3498893903553053e-13,5.767950729965752e-11,0.02626671056221842
1,0.4534498410585544,3,2,15,3.8037891695925095,0.0006834052551825806,3.8037892309842847,1.7248276222100647,0.0,1.0314998068337584e-6,1.0314998068337584e-6,0.0,0.0,2.9087893920579056e-8,2.1788794160739594e-9,2.3498893903553053e-13,5.767950729965752e-11,0.02626671056221842
1,0.4534498410585544,3,2,16,3.8011811363505696,-0.00016912479827603088,3.8011811401129787,1.7236449838190049,0.0,1.00636584924513e-6,1.00636584924513e-6,0.0,0.0,2.8457616345800895e-8,-2.4050836826927636e-10,2.3498893903553053e-13,5.767950729965752e-11,0.02626671056221842
1,0.4534498410585544,3,4,17,3.8011811363505346,-0.0001691247982713428,3.8011811401129436,1.723644983818989,1.0063658491895765e-6,0.0,1.0063658491895765e-6,2.8457616349457325e-8,-2.405083598536864e-10,0.0,0.0,2.3498893903553053e-13,5.767950729965752e-11,0.02626671056221842
1,0.4534498410585544,3,4,18,3.8124212841690737,0.007378335530527224,3.81242842396032,1.728745062891922,6.983340435028633e-8,0.0,6.983340435028633e-8,4.874534357397663e-10,-1.9136855789019434e-9,0.0,0.0,2.3498893903553053e-13,5.767950729965752e-11,0.02626671056221842
1,0.4534498410585544,3,2,19,3.812421284169058,0.007378335530568814,3.812428423960305,1.7287450628919152,0.0,6.983340433661768e-8,6.983340433661768e-8,0.0,0.0,4.874534367847602e-10,-1.9136855795606736e-9,2.3498893903553053e-13,5.767950729965752e-11,0.02626671056221842
1,0.4534498410585544,3,4,20,5.101656865034871,0.0040317613731453315,5.101658458154288,2.313346216985092,1.1015095115109331e-16,0.0,1.1015095115109331e-16,3.498852075992285e-20,3.1147025302687597e-18,0.0,0.0,2.3498893903553053e-13,5.767950729965752e-11,0.02626671056221842
1,0.4534498410585544,3,2,21,5.101656865034877,0.00403176137314414,5.1016584581542945,2.3133462169850945,0.0,1.1015082960025859e-16,1.1015082960025859e-16,0.0,0.0,3.4999470041613964e-20,3.114732701806441e-18,2.3498893903553053e-13,5.767950729965752e-11,0.02626671056221842
1,0.4534498410585544,3,2,22,1.2744489025946333,0.00824747028402056,1.274475588660195,0.5779107531109731,0.0,2.4385214344734626e-22,2.4385214344734626e-22,0.0,0.0,1.1983114288505767e-23,1.9926093924154664e-23,2.3498893903553053e-13,5.767950729965752e-11,0.02626671056221842
1,0.4534498410585544,3,4,23,1.2744489025946562,0.008247470284010646,1.274475588660218,0.5779107531109834,2.4048553667192166e-22,0.0,2.4048553667192166e-22,8.3679955567852e-24,2.1026235062121836e-23,0.0,0.0,2.3498893903553053e-13,5.767950729965752e-11,0.02626671056221842
1,0.4534498410585544,3,2,24,2.566777692135102,0.00443033104589223,2.5667815155707308,1.1639066702675833,0.0,1.007252559907175e-25,1.007252559907175e-25,0.0,0.0,-3.0404909512969658e-27,-1.0591940751674232e-26,2.3498893903553053e-13,5.767950729965752e-11,0.02626671056221842
1,0.4534498410585544,3,4,25,2.566777692135089,0.004430331045899767,2.5667815155707174,1.163906670267577,4.4473556953350065e-26,0.0,4.4473556953350065e-26,-6.752513994460073e-27,-7.409285096660057e-27,0.0,0.0,2.3498893903553053e-13,5.767950729965752e-11,0.02626671056221842
1,0.4534498410585544,3,4,26,3.8095825339479417,0.008230575172719084,3.809591424986267,1.7274586261580545,6.966890072484892e-27,0.0,6.966890072484892e-27,-2.5542484824336594e-28,-1.0215242315397008e-27,0.0,0.0,2.3498893903553053e-13,5.767950729965752e-11,0.02626671056221842
1,0.4534498410585544,3,2,27,3.8095825339479266,0.00823057517270253,3.8095914249862517,1.7274586261580476,0.0,1.5120945793795623e-27,1.5120945793795623e-27,0.0,0.0,-6.0734356413401435e-28,-1.025176007064594e-28,2.3498893903553053e-13,5.767950729965752e-11,0.02626671056221842
1,0.4534498410585544,3,4,28,2.5693821505437313,0.004029332085988269,2.5693853099622466,1.1650873604205652,1.348506375571696e-27,0.0,1.348506375571696e-27,-3.327736842348663e-29,-3.530889763869012e-29,0.0,0.0,2.3498893903553053e-13,5.767950729965752e-11,0.02626671056221842
1,0.4534498410585544,3,2,29,2.569382150543731,0.004029332085987852,2.569385309962246,1.1650873604205652,0.0,1.0331990846356345e-27,1.0331990846356345e-27,0.0,0.0,-1.3859250815141705e-29,-3.9312814281012965e-29,2.3498893903553053e-13,5.767950729965752e-11,0.02626671056221842
2,0.2617993877991494,4,5,0,0.28214064708322417,0.003963877471369947,0.28216849055333676,0.07387153808307363,16.718069828140592,0.0,16.718069828140592,0.4727190594624133,0.006508623678501024,0.0,0.0,1.7377669741396163e-12,1.087483705214555e-10,0.028278615241478337
2,0.2617993877991494,4,3,1,0.2821406470836466,0.00396387747183988,0.28216849055376575,0.07387153808318594,0.0,16.718069826370268,16.718069826370268,0.0,0.0,0.4727190594618209,0.006508623678988634,1.7377669741396163e-12,1.087483705214555e-10,0.028278615241478337
2,0.2617993877991494,4,5,2,0.2743213298347389,-0.0038536400296149504,0.2743483962843185,0.07182424219091302,16.257413817789054,0.0,16.257413817789054,0.45969103891420104,-0.0065112222852725665,0.0,0.0,1.7377669741396163e-12,1.087483705214555e-10,0.028278615241478337
2,0.2617993877991494,4,3,3,0.27432132983417845,-0.003853640029808209,0.2743483962837608,0.07182424219076701,0.0,16.257413816024716,16.257413816024716,0.0,0.0,0.4596910389141087,-0.006511222284394158,1.7377669741396163e-12,1.087483705214555e-10,0.028278615241478337
2,0.2617993877991494,4,3,4,2.4015969144496596,0.00026836280951454423,2.4015969294435573,0.6287366058686403,0.0,1.1271861738585567,1.1271861738585567,0.0,0.0,0.031874529222947534,0.00021645869236663895,1.7377669741396163e-12,1.087483705214555e-10,0.028278615241478337
2,0.2617993877991494,4,5,5,2.401596914450762,0.00026836281139656654,2.40159692944466,0.628736605868929,1.1271861684708875,0.0,1.1271861684708875,0.03187452922276596,0.0002164586922160927,0.0,0.0,1.7377669741396163e-12,1.087483705214555e-10,0.028278615241478337
2,0.2617993877991494,4,3,6,2.401063682649875,-0.0002647649568698323,2.401063697247672,0.6285970060062028,0.0,1.1120226596711547,1.1120226596711547,0.0,0.0,0.03144574464921862,-0.00021225861853835237,1.7377669741396163e-12,1.087483705214555e-10,0.028278615241478337
2,0.2617993877991494,4,5,7,2.401063682648517,-0.00026476495743956927,2.4010636972463146,0.6285970060058473,1.1120226542720018,0.0,1.1120226542720018,0.03144574464940886,-0.00021225861841017712,0.0,0.0,1.7377669741396163e-12,1.087483705214555e-10,0.028278615241478337
2,0.2617993877991494,4,5,8,0.8413406122997864,0.0034126926227598083,0.8413475336482047,0.22026426923542425,0.07583495423490202,0.0,0.07583495423490202,0.002143947525135255,4.900406134646096e-5,0.0,0.0,1.7377669741396163e-12,1.087483705214555e-10,0.028278615241478337
2,0.2617993877991494,4,3,9,0.8413406123004276,0.0034126926236924928,0.8413475336488496,0.22026426923559309,0.0,0.07583495421949418,0.07583495421949418,0.0,0.0,0.002143947525196359,4.9004061378418035e-5,1.7377669741396163e-12,1.087483705214555e-10,0.028278615241478337
2,0.2617993877991494,4,5,10,0.8348061074574301,-0.003120708622684731,0.8348119404216342,0.21855325492980382,0.07230856352818828,0.0,0.07230856352818828,0.0020441602302349003,-5.058589159635113e-5,0.0,0.0,1.7377669741396163e-12,1.087483705214555e-10,0.028278615241478337
2,0.2617993877991494,4,3,11,0.834806107456513,-0.0031207086231224944,0.8348119404207186,0.21855325492956412,0.0,0.0723085635117252,0.0723085635117252,0.0,0.0,0.0020441602301949843,-5.058589166181959e-5,1.7377669741396163e-12,1.087483705214555e-10,0.028278615241478337
2,0.2617993877991494,4,5,12,2.981461544383019,0.0003236163169066967,2.9814615619461367,0.7805448116641943,0.0006574515886018462,0.0,0.0006574515886018462,1.8590833081171427e-5,1.9162846818274008e-7,0.0,0.0,1.7377669741396163e-12,1.087483705214555e-10,0.028278615241478337
2,0.2617993877991494,4,3,13,2.98146154438318,0.00032361631760492726,2.9814615619462974,0.7805448116642364,0.0,0.0006574515872093762,0.0006574515872093762,0.0,0.0,1.8590833082265007e-5,1.9162846868404806e-7,1.7377669741396163e-12,1.087483705214555e-10,0.028278615241478337
2,0.2617993877991494,4,3,14,2.9434189283941086,0.006712478390492021,2.9434265823007824,0.7705872772780875,0.0,0.0006522633154717213,0.0006522633154717213,0.0,0.0,1.8355527791649696e-5,-1.8156090641052573e-6,1.7377669741396163e-12,1.087483705214555e-10,0.028278615241478337
2,0.2617993877991494,4,5,15,2.9434189283940757,0.0067124783887460215,2.9434265823007455,0.7705872772780779,0.0006522633153424285,0.0,0.0006522633153424285,1.8355527785420466e-5,-1.8156090669727552e-6,0.0,0.0,1.7377669741396163e-12,1.087483705214555e-10,0.028278615241478337
2,0.2617993877991494,4,5,16,2.981017747773448,-0.0001201100148818194,2.9810177501931614,0.7804286220189673,0.000643432728394169,0.0,0.000643432728394169,1.8194237303305447e-5,-2.0451764657636036e-7,0.0,0.0,1.7377669741396163e-12,1.087483705214555e-10,0.028278615241478337
2,0.2617993877991494,4,3,17,2.981017747773211,-0.00012011001538822334,2.9810177501929243,0.7804286220189053,0.0,0.0006434327270598575,0.0006434327270598575,0.0,0.0,1.8194237302543117e-5,-2.0451764789236495e-7,1.7377669741396163e-12,1.087483705214555e-10,0.028278615241478337
2,0.2617993877991494,4,5,18,2.934590983480243,-0.000648124897391137,2.9345910550516954,0.7682741416533938,0.0004341593749137803,0.0,0.0004341593749137803,1.1274986095925619e-5,-4.858999479390771e-6,0.0,0.0,1.7377669741396163e-12,1.087483705214555e-10,0.028278615241478337
2,0.2617993877991494,4,3,19,2.934590983480785,-0.0006481248980377873,2.934591055052237,0.7682741416535357,0.0,0.0004341593746665913,0.0004341593746665913,0.0,0.0,1.1274986098282376e-5,-4.858999475699117e-6,1.7377669741396163e-12,1.087483705214555e-10,0.028278615241478337
2,0.2617993877991494,4,5,20,2.9286717236927786,-0.006291955821268979,2.9286784825012266,0.766726233779363,0.0003864606654272864,0.0,0.0003864606654272864,9.966622292966728e-6,4.483317534047102e-6,0.0,0.0,1.7377669741396163e-12,1.087483705214555e-10,0.028278615241478337
2,0.2617993877991494,4,3,21,2.928671723691826,-0.006291955820400027,2.9286784825002723,0.7667262337791132,0.0,0.0003864606650699602,0.0003864606650699602,0.0,0.0,9.966622288195886e-6,4.48331752609536e-6,1.7377669741396163e-12,1.087483705214555e-10,0.028278615241478337
2,0.2617993877991494,4,5,22,2.9341688158993335,0.0006695859662724981,2.9341688923000775,0.7681636197034687,0.00014986417074452446,0.0,0.00014986417074452446,3.63150241822495e-6,2.18458705669589e-6,0.0,0.0,1.7377669741396163e-12,1.087483705214555e-10,0.028278615241478337
2,0.2617993877991494,4,3,23,2.9341688158997643,0.000669585965537141,2.934168892300508,0.7681636197035813,0.0,0.00014986417033731995,0.00014986417033731995,0.0,0.0,3.631502416264929e-6,2.1845870552225744e-6,1.7377669741396163e-12,1.087483705214555e-10,0.028278615241478337
2,0.2617993877991494,4,5,24,5.081791217658871,0.003912063222796406,5.0817927234504054,1.3304102239214883,1.3470111507369695e-5,0.0,1.3470111507369695e-5,3.8083339888179607e-7,7.937090217087804e-9,0.0,0.0,1.7377669741396163e-12,1.087483705214555e-10,0.028278615241478337
2,0.2617993877991494,4,3,25,5.081791217658656,0.003912063222969687,5.081792723450191,1.3304102239214324,0.0,1.3470111502169351e-5,1.3470111502169351e-5,0.0,0.0,3.8083339893055214e-7,7.937090395478025e-9,1.7377669741396163e-12,1.087483705214555e-10,0.028278615241478337
2,0.2617993877991494,4,3,26,5.074081108434283,-0.003796275033443149,5.074082528563545,1.328391699620296,0.0,1.2905829135931268e-5,1.2905829135931268e-5,0.0,0.0,3.6487469077103035e-7,-7.843134399356694e-9,1.7377669741396163e-12,1.087483705214555e-10,0.028278615241478337
2,0.2617993877991494,4,5,27,5.074081108434234,-0.0037962750335302736,5.074082528563495,1.328391699620283,1.2905829134881114e-5,0.0,1.2905829134881114e-5,3.648746909582712e-7,-7.843134510477253e-9,0.0,0.0,1.7377669741396163e-12,1.087483705214555e-10,0.028278615241478337
2,0.2617993877991494,4,3,28,5.086508874074933,0.0031103907123161264,5.08650982507391,1.331645158238708,0.0,1.0971977921620808e-5,1.0971977921620808e-5,0.0,0.0,3.0801836691538785e-7,-3.733111849233034e-8,1.7377669741396163e-12,1.087483705214555e-10,0.028278615241478337
2,0.2617993877991494,4,5,29,5.086508874074438,0.0031103907123094425,5.086509825073415,1.3316451582385787,1.0971977894639175e-5,0.0,1.0971977894639175e-5,3.080183668528709e-7,-3.733111848840858e-8,0.0,0.0,1.7377669741396163e-12,1.087483705214555e-10,0.028278615241478337
2,0.2617993877991494,4,3,30,5.085198202199142,0.003381346305118135,5.0851993263934325,1.3313020704864476,0.0,7.592590046969138e-6,7.592590046969138e-6,0.0,0.0,1.9815109422006774e-7,-8.267793106723298e-8,1.7377669741396163e-12,1.087483705214555e-10,0.028278615241478337
2,0.2617993877991494,4,5,31,5.0851982021993765,0.0033813463055665264,5.085199326393667,1.331302070486509,7.592590020570641e-6,0.0,7.592590020570641e-6,1.9815109437107678e-7,-8.267793118299655e-8,0.0,0.0,1.7377669741396163e-12,1.087483705214555e-10,0.028278615241478337
2,0.2617993877991494,4,3,32,5.078745187251348,-0.0027588794547907924,5.078745936591491,1.3296125769870701,0.0,6.79469028000259e-6,6.79469028000259e-6,0.0,0.0,1.7334957875525582e-7,8.28818816681486e-8,1.7377669741396163e-12,1.087483705214555e-10,0.028278615241478337
2,0.2617993877991494,4,5,33,5.078745187251247,-0.0027588794543632975,5.078745936591389,1.3296125769870433,6.7946902628680495e-6,0.0,6.7946902628680495e-6,1.7334957874365443e-7,8.288188167783166e-8,0.0,0.0,1.7377669741396163e-12,1.087483705214555e-10,0.028278615241478337
2,0.2617993877991494,4,3,34,5.076423295869123,-0.0034989792938476955,5.076424501723515,1.3290048267598182,0.0,2.5861973910517667e-6,2.5861973910517667e-6,0.0,0.0,6.309637233915903e-8,3.69789344385962e-8,1.7377669741396163e-12,1.087483705214555e-10,0.028278615241478337
2,0.2617993877991494,4,5,35,5.076423295869091,-0.0034989792939146775,5.076424501723483,1.3290048267598098,2.586197383108208e-6,0.0,2.586197383108208e-6,6.309637232362656e-8,3.69789343873262e-8,0.0,0.0,1.7377669741396163e-12,1.087483705214555e-10,0.028278615241478337
2,0.2617993877991494,4,5,36,7.204288521838053,0.00027051586189434564,7.204288526916891,1.8860783258752778,2.9139051996803403e-7,0.0,2.9139051996803403e-7,8.239828558708277e-9,6.935061273629982e-11,0.0,0.0,1.7377669741396163e-12,1.087483705214555e-10,0.028278615241478337
2,0.2617993877991494,4,3,37,7.204288521837577,0.00027051586117458285,7.2042885269164145,1.8860783258751532,0.0,2.913905198581765e-7,2.913905198581765e-7,0.0,0.0,8.239828555512633e-9,6.935060682508187e-11,1.7377669741396163e-12,1.087483705214555e-10,0.028278615241478337
2,0.2617993877991494,4,3,38,7.2037581169021685,-0.00025978491608674194,7.203758121586405,1.8859394660844713,0.0,2.86558981941759e-7,2.86558981941759e-7,0.0,0.0,8.103212044963187e-9,-6.726037643754866e-11,1.7377669741396163e-12,1.087483705214555e-10,0.028278615241478337
2,0.2617993877991494,4,5,39,7.203758116901797,-0.0002597849164829467,7.203758121586033,1.885939466084374,2.8655898187107164e-7,0.0,2.8655898187107164e-7,8.103212040971637e-9,-6.726037961716476e-11,0.0,0.0,1.7377669741396163e-12,1.087483705214555e-10,0.028278615241478337
2,0.2617993877991494,4,3,40,5.640475771579601,0.003448585788554983,5.640476825811842,1.4766733798928295,0.0,1.4942118891221958e-8,1.4942118891221958e-8,0.0,0.0,4.2226294518729927e-10,1.5365460331821187e-11,1.7377669741396163e-12,1.087483705214555e-10,0.028278615241478337
2,0.2617993877991494,4,5,41,5.640475771579498,0.003448585788054975,5.6404768258117395,1.476673379892803,1.494211886241819e-8,0.0,1.494211886241819e-8,4.222629398161285e-10,1.5365457145639754e-11,0.0,0.0,1.7377669741396163e-12,1.087483705214555e-10,0.028278615241478337
2,0.2617993877991494,4,3,42,5.633874371213259,-0.0031516794374768895,5.633875252763135,1.4749450921101668,0.0,1.3833869735742623e-8,1.3833869735742623e-8,0.0,0.0,3.9089865829820306e-10,-1.542030586620901e-11,1.7377669741396163e-12,1.087483705214555e-10,0.028278615241478337
2,0.2617993877991494,4,5,43,5.633874371213591,-0.003151679437417818,5.633875252763467,1.4749450921102538,1.3833869528476698e-8,0.0,1.3833869528476698e-8,3.908986603973691e-10,-1.542030375695056e-11,0.0,0.0,1.7377669741396163e-12,1.087483705214555e-10,0.028278615241478337
2,0.2617993877991494,4,5,44,5.645384087911826,0.002660703605982165,5.645384714914629,1.4779582622553253,1.2064510265991115e-8,0.0,1.2064510265991115e-8,3.3939812894246947e-10,-3.470276710716083e-11,0.0,0.0,1.7377669741396163e-12,1.087483705214555e-10,0.028278615241478337
2,0.2617993877991494,4,3,45,5.6453840879121095,0.002660703605771363,5.645384714914912,1.4779582622553995,0.0,1.2064510182138901e-8,1.2064510182138901e-8,0.0,0.0,3.3939812855334386e-10,-3.470276629641464e-11,1.7377669741396163e-12,1.087483705214555e-10,0.028278615241478337
2,0.2617993877991494,4,3,46,5.644336323250703,0.0029274997108181813,5.644337082441287,1.477683992715166,0.0,8.223117644196404e-9,8.223117644196404e-9,0.0,0.0,2.1558714001414474e-10,-8.715662443282386e-11,1.7377669741396163e-12,1.087483705214555e-10,0.028278615241478337
2,0.2617993877991494,4,5,47,5.644336323250805,0.0029274997113155022,5.644337082441389,1.4776839927151928,8.223117389861538e-9,0.0,8.223117389861538e-9,2.1558713161601408e-10,-8.715662590516316e-11,0.0,0.0,1.7377669741396163e-12,1.087483705214555e-10,0.028278615241478337
2,0.2617993877991494,4,5,48,5.6389781977504265,-0.002167073076725588,5.638978614156146,1.476281148998575,7.112697506667294e-9,0.0,7.112697506667294e-9,1.8297494025751944e-10,8.352457375368816e-11,0.0,0.0,1.7377669741396163e-12,1.087483705214555e-10,0.028278615241478337
2,0.2617993877991494,4,3,49,5.638978197750634,-0.002167073077103624,5.638978614156354,1.4762811489986294,0.0,7.1126972341469165e-9,7.1126972341469165e-9,0.0,0.0,1.8297493788758826e-10,8.352457246965404e-11,1.7377669741396163e-12,1.087483705214555e-10,0.028278615241478337
2,0.2617993877991494,4,5,50,5.637005031791824,-0.0028255343835264183,5.637005739937728,1.4757646517359884,2.690682084895042e-9,0.0,2.690682084895042e-9,6.617589274201043e-11,3.7553313650998466e-11,0.0,0.0,1.7377669741396163e-12,1.087483705214555e-10,0.028278615241478337
2,0.2617993877991494,4,3,51,5.63700503179191,-0.0028255343835425295,5.637005739937814,1.475764651736011,0.0,2.69068185203906e-9,2.69068185203906e-9,0.0,0.0,6.617588961735552e-11,3.7553308991392726e-11,1.7377669741396163e-12,1.087483705214555e-10,0.028278615241478337
2,0.2617993877991494,4,5,52,3.517429725933331,-3.723679940467479e-5,3.517429726130432,0.9208609489274769,2.73716961302817e-10,0.0,2.73716961302817e-10,3.476662072986355e-12,6.915597253964971e-12,0.0,0.0,1.7377669741396163e-12,1.087483705214555e-10,0.028278615241478337
2,0.2617993877991494,4,3,53,3.517429725932814,-3.7236799579228735e-5,3.5174297261299152,0.9208609489273416,0.0,2.7371693320023077e-10,2.7371693320023077e-10,0.0,0.0,3.4766627939380035e-12,6.915598456301834e-12,1.7377669741396163e-12,1.087483705214555e-10,0.028278615241478337
2,0.2617993877991494,4,3,54,3.5178759044358126,0.00040887599918186697,3.5178759281972507,0.9209777643554047,0.0,9.132272769081974e-11,9.132272769081974e-11,0.0,0.0,-1.8835925642244485e-12,1.7667107645349272e-12,1.7377669741396163e-12,1.087483705214555e-10,0.028278615241478337
2,0.2617993877991494,4,5,55,3.517875904435429,0.00040887599929414955,3.517875928196867,0.9209777643553043,9.132270908265515e-11,0.0,9.132270908265515e-11,-1.8835918311943346e-12,1.76671027748463e-12,0.0,0.0,1.7377669741396163e-12,1.087483705214555e-10,0.028278615241478337
2,0.2617993877991494,4,3,56,7.7460738152125534,0.006697617923262626,7.746076710748959,2.0279181407193265,0.0,1.484469917537705e-11,1.484469917537705e-11,0.0,0.0,4.177276529883583e-13,-4.1534866100778705e-14,1.7377669741396163e-12,1.087483705214555e-10,0.028278615241478337
2,0.2617993877991494,4,5,57,7.746073815212532,0.006697617921446569,7.746076710748936,2.0279181407193203,1.484469776811901e-11,0.0,1.484469776811901e-11,4.1772767589188523e-13,-4.1534813599069465e-14,0.0,0.0,1.7377669741396163e-12,1.087483705214555e-10,0.028278615241478337
2,0.2617993877991494,4,3,58,7.783646931129669,-0.00015750244621380322,7.783646932723204,2.037754001831662,0.0,1.3965746903251607e-11,1.3965746903251607e-11,0.0,0.0,3.949210394701147e-13,2.9309977816991434e-15,1.7377669741396163e-12,1.087483705214555e-10,0.028278615241478337
2,0.2617993877991494,4,5,59,7.783646931129077,-0.00015750244634735264,7.783646932722611,2.0377540018315066,1.396574422387806e-11,0.0,1.396574422387806e-11,3.9492105573147256e-13,2.9309349971800766e-15,0.0,0.0,1.7377669741396163e-12,1.087483705214555e-10,0.028278615241478337
2,0.2617993877991494,4,5,60,7.784171485815486,0.00036696423989329187,7.784171494465267,2.037891331774597,1.3741056103706388e-11,0.0,1.3741056103706388e-11,3.885629797115931e-13,-3.418225588720542e-15,0.0,0.0,1.7377669741396163e-12,1.087483705214555e-10,0.028278615241478337
2,0.2617993877991494,4,3,61,7.784171485814804,0.00036696423996330444,7.784171494464585,2.0378913317744183,0.0,1.3741053229917439e-11,1.3741053229917439e-11,0.0,0.0,3.8856299909491964e-13,-3.4182168339919962e-15,1.7377669741396163e-12,1.087483705214555e-10,0.028278615241478337
2,0.2617993877991494,4,5,62,7.737273608182215,-0.0006406789161725454,7.737273634707674,2.0256135008009686,9.663918861386961e-12,0.0,9.663918861386961e-12,2.476151902581723e-13,-1.156282708109726e-13,0.0,0.0,1.7377669741396163e-12,1.087483705214555e-10,0.028278615241478337
2,0.2617993877991494,4,3,63,7.737273608182703,-0.0006406789168198201,7.7372736347081625,2.0256135008010965,0.0,9.663917629758454e-12,9.663917629758454e-12,0.0,0.0,2.476152330281693e-13,-1.156282278001261e-13,1.7377669741396163e-12,1.087483705214555e-10,0.028278615241478337
2,0.2617993877991494,4,5,64,7.731370905268809,-0.00627271348235654,7.731373449896951,2.0240688360296195,8.878713931077263e-12,0.0,8.878713931077263e-12,2.291582192803094e-13,1.0259900369558551e-13,0.0,0.0,1.7377669741396163e-12,1.087483705214555e-10,0.028278615241478337
2,0.2617993877991494,4,3,65,7.731370905267846,-0.006272713481501302,7.731373449895987,2.0240688360293673,0.0,8.87871365004959e-12,8.87871365004959e-12,0.0,0.0,2.291582250109044e-13,1.0259900252727266e-13,1.7377669741396163e-12,1.087483705214555e-10,0.028278615241478337
2,0.2617993877991494,4,5,66,7.736854037429739,0.0006694486589449433,7.736854066392513,2.0255036580729193,3.579098036027298e-12,0.0,3.579098036027298e-12,8.520246943942605e-14,5.462952845336013e-14,0.0,0.0,1.7377669741396163e-12,1.087483705214555e-10,0.028278615241478337
2,0.2617993877991494,4,3,67,7.736854037430168,0.0006694486582301869,7.736854066392942,2.0255036580730317,0.0,3.579096668786952e-12,3.579096668786952e-12,0.0,0.0,8.520244489801812e-14,5.462951048554643e-14,1.7377669741396163e-12,1.087483705214555e-10,0.028278615241478337
2,0.2617993877991494,4,5,68,9.879716098261618,-0.003824190473154437,9.87971683838573,2.5865038199183323,1.0357573233242541e-17,0.0,1.0357573233242541e-17,1.3910421389223028e-19,2.5777662579915744e-19,0.0,0.0,1.7377669741396163e-12,1.087483705214555e-10,0.028278615241478337
2,0.2617993877991494,4,3,69,9.87971609826175,-0.0038241904728281047,9.879716838385862,2.5865038199183665,0.0,1.0357300647231807e-17,1.0357300647231807e-17,0.0,0.0,1.3910700250745365e-19,2.577658195697804e-19,1.7377669741396163e-12,1.087483705214555e-10,0.028278615241478337
2,0.2617993877991494,4,5,70,8.320124233038241,-3.325474257337858e-5,8.3201242331047,2.178203430639678,4.670394243384983e-18,0.0,4.670394243384983e-18,5.933551549785325e-20,1.1786067529135e-19,0.0,0.0,1.7377669741396163e-12,1.087483705214555e-10,0.028278615241478337
2,0.2617993877991494,4,3,71,8.320124233037932,-3.3254743346862285e-5,8.32012423310439,2.1782034306395968,0.0,4.669831380494706e-18,4.669831380494706e-18,0.0,0.0,5.934685850436667e-20,1.178643236781663e-19,1.7377669741396163e-12,1.087483705214555e-10,0.028278615241478337
2,0.2617993877991494,4,3,72,9.887489468839012,0.003947390587265909,9.887490256798984,2.5885388961000286,0.0,3.128413281110087e-18,3.128413281110087e-18,0.0,0.0,-7.052742961679908e-20,5.340528045103221e-20,1.7377669741396163e-12,1.087483705214555e-10,0.028278615241478337
2,0.2617993877991494,4,5,73,9.887489468839362,0.00394739058719864,9.887490256799333,2.58853889610012,3.1276210268393764e-18,0.0,3.1276210268393764e-18,-7.051873681706348e-20,5.339678110181271e-20,0.0,0.0,1.7377669741396163e-12,1.087483705214555e-10,0.028278615241478337
2,0.2617993877991494,4,5,74,8.320567438236813,0.0004098851310516726,8.320567448332628,2.1783194641150128,1.736467276165183e-18,0.0,1.736467276165183e-18,-3.4256711773143926e-20,3.5087472324701056e-20,0.0,0.0,1.7377669741396163e-12,1.087483705214555e-10,0.028278615241478337
2,0.2617993877991494,4,3,75,8.320567438237454,0.0004098851303552184,8.32056744833327,2.1783194641151806,0.0,1.736266536335675e-18,1.736266536335675e-18,0.0,0.0,-3.426580267654796e-20,3.510549545087761e-20,1.7377669741396163e-12,1.087483705214555e-10,0.028278615241478337
2,0.2617993877991494,4,5,76,10.440196683929525,-0.003096499777593949,10.440197143131154,2.733237220574165,6.2364845093646996e-21,0.0,6.2364845093646996e-21,3.421275466807473e-23,1.7335567457615304e-22,0.0,0.0,1.7377669741396163e-12,1.087483705214555e-10,0.028278615241478337
2,0.2617993877991494,4,3,77,10.44019668392973,-0.0030964997771248674,10.44019714313136,2.733237220574219,0.0,6.233351966268454e-21,6.233351966268454e-21,0.0,0.0,3.4203107920061853e-23,1.731009561750972e-22,1.7377669741396163e-12,1.087483705214555e-10,0.028278615241478337
2,0.2617993877991494,4,5,78,10.446693625322075,0.0033993394274913847,10.446694178392196,2.734938140428015,4.538298551544548e-21,0.0,4.538298551544548e-21,-2.9137805358826176e-23,1.2557457908264716e-22,0.0,0.0,1.7377669741396163e-12,1.087483705214555e-10,0.028278615241478337
2,0.2617993877991494,4,3,79,10.446693625321728,0.0033993394274515936,10.44669417839185,2.7349381404279245,0.0,4.5291175510343985e-21,4.5291175510343985e-21,0.0,0.0,-2.889004860179554e-23,1.2508851450404792e-22,1.7377669741396163e-12,1.087483705214555e-10,0.028278615241478337
3,0.15114994701951814,5,4,0,0.08545671594699034,0.011521382592999275,0.08622988204386493,0.013033642102429483,0.0,30.499927753099357,30.499927753099357,0.0,0.0,0.8624957122080978,-0.00012881076755277832,3.3144235505955635e-12,5.022661759764081e-10,0.019944937116126767
3,0.15114994701951814,5,6,1,0.08545671594748017,0.011521382592715665,0.08622988204431248,0.01303364210249713,30.4999277530813,0.0,30.4999277530813,0.8624957122079309,-0.00012881076723836316,0.0,0.0,3.3144235505955635e-12,5.022661759764081e-10,0.019944937116126767
3,0.15114994701951814,5,6,2,2.0832812587077574,0.0017914315213213294,2.0832820289413227,0.3148879683011952,1.5960339057637183,0.0,1.5960339057637183,0.044952505526168585,0.0040393921357805285,0.0,0.0,3.3144235505955635e-12,5.022661759764081e-10,0.019944937116126767
3,0.15114994701951814,5,4,3,2.0832812587075047,0.0017914315217351096,2.08328202894107,0.314887968301157,0.0,1.5960339057560362,1.5960339057560362,0.0,0.0,0.0449525055262503,0.0040393921355917906,3.3144235505955635e-12,5.022661759764081e-10,0.019944937116126767
3,0.15114994701951814,5,6,4,2.0760642676302674,-0.0005269681010962469,2.0760643345105128,0.3137970141703752,1.3960083965640173,0.0,1.3960083965640173,0.03947489436407542,-0.0004252012351274592,0.0,0.0,3.3144235505955635e-12,5.022661759764081e-10,0.019944937116126767
3,0.15114994701951814,5,4,5,2.0760642676302803,-0.000526968101020207,2.0760643345105256,0.31379701417037714,0.0,1.3960083965567724,1.3960083965567724,0.0,0.0,0.039474894364147084,-0.00042520123530670473,3.3144235505955635e-12,5.022661759764081e-10,0.019944937116126767
3,0.15114994701951814,5,6,6,4.29706482956688,0.0007977153421329826,4.297064903611581,0.6495011325203213,0.9382214062040506,0.0,0.9382214062040506,0.02651672640775099,0.0008883261165202883,0.0,0.0,3.3144235505955635e-12,5.022661759764081e-10,0.019944937116126767
3,0.15114994701951814,5,4,7,4.297064829567906,0.0007977153293086021,4.297064903612604,0.6495011325204759,0.0,0.9382214017183665,0.9382214017183665,0.0,0.0,0.026516726408208013,0.000888326116852578,3.3144235505955635e-12,5.022661759764081e-10,0.019944937116126767
3,0.15114994701951814,5,6,8,4.2923901685306545,-0.0003204499995629415,4.292390180492312,0.6487945483685129,0.8633121256535605,0.0,0.8633121256535605,0.024412810614046154,-0.0001499684926460354,0.0,0.0,3.3144235505955635e-12,5.022661759764081e-10,0.019944937116126767
3,0.15114994701951814,5,4,9,4.292390168524667,-0.0003204500028179177,4.292390180486325,0.6487945483676079,0.0,0.8633121210639547,0.8633121210639547,0.0,0.0,0.02441281061407652,-0.0001499684926574152,3.3144235505955635e-12,5.022661759764081e-10,0.019944937116126767
3,0.15114994701951814,5,4,10,2.1077245082166174,0.021271485774055472,2.107831843066239,0.3185986714055153,0.0,0.1401228996007783,0.1401228996007783,0.0,0.0,0.0018467767652319868,-0.0035058060025799365,3.3144235505955635e-12,5.022661759764081e-10,0.019944937116126767
3,0.15114994701951814,5,6,11,2.1077245082164002,0.02127148577399879,2.107831843066021,0.31859867140548237,0.1401228995971216,0.0,0.1401228995971216,0.001846776765320763,-0.0035058060027644417,0.0,0.0,3.3144235505955635e-12,5.022661759764081e-10,0.019944937116126767
3,0.15114994701951814,5,4,12,4.320296031554566,0.022259423085151046,4.320353374688489,0.6530211836897616,0.0,0.027554420530880835,0.027554420530880835,0.0,0.0,0.00028760951402566,-0.000724178666511803,3.3144235505955635e-12,5.022661759764081e-10,0.019944937116126767
3,0.15114994701951814,5,6,13,4.320296031553847,0.022259423070742357,4.320353374687695,0.6530211836896416,0.027554420502785865,0.0,0.027554420502785865,0.0002876095144708985,-0.0007241786661430147,0.0,0.0,3.3144235505955635e-12,5.022661759764081e-10,0.019944937116126767
3,0.15114994701951814,5,6,14,4.2444972488246115,0.010387494186489613,4.244509959384613,0.6415574554848015,0.00015678997272510213,0.0,0.00015678997272510213,3.2042608977492107e-6,3.064526723374189e-6,0.0,0.0,3.3144235505955635e-12,5.022661759764081e-10,0.019944937116126767
3,0.15114994701951814,5,4,15,4.244497248822636,0.010387494186034924,4.244509959382637,0.6415574554845027,0.0,0.00015678997113469334,0.00015678997113469334,0.0,0.0,3.2042609025152686e-6,3.06452672825976e-6,3.3144235505955635e-12,5.022661759764081e-10,0.019944937116126767
3,0.15114994701951814,5,4,16,6.448828193531913,0.011630698400406512,6.448838681719163,0.9747416250792708,0.0,8.976732063253445e-5,8.976732063253445e-5,0.0,0.0,2.514684761358561e-6,-3.4687184386095356e-7,3.3144235505955635e-12,5.022661759764081e-10,0.019944937116126767
3,0.15114994701951814,5,6,17,6.448828193530637,0.011630698393840068,6.448838681717875,0.9747416250790761,8.976732051388732e-5,0.0,8.976732051388732e-5,2.5146847570118317e-6,-3.4687183234180014e-7,0.0,0.0,3.3144235505955635e-12,5.022661759764081e-10,0.019944937116126767
3,0.15114994701951814,5,4,18,4.245641962103673,0.011535773324080137,4.245657633917473,0.6417309264296388,0.0,7.94511029593384e-5,7.94511029593384e-5,0.0,0.0,1.626676743424992e-6,1.5498017388350145e-6,3.3144235505955635e-12,5.022661759764081e-10,0.019944937116126767
3,0.15114994701951814,5,6,19,4.245641962103849,0.011535773323656802,4.245657633917648,0.6417309264296652,7.945110238480933e-5,0.0,7.945110238480933e-5,1.626676744816613e-6,1.549801736752164e-6,0.0,0.0,3.3144235505955635e-12,5.022661759764081e-10,0.019944937116126767
3,0.15114994701951814,5,6,20,4.231648537294156,0.011526586207071116,4.231664235897427,0.6396158250602858,7.802477280085441e-5,0.0,7.802477280085441e-5,1.4296258027497589e-6,1.680629197495972e-6,0.0,0.0,3.3144235505955635e-12,5.022661759764081e-10,0.019944937116126767
3,0.15114994701951814,5,4,21,4.2316485372947055,0.011526586206578551,4.231664235897975,0.6396158250603687,0.0,7.80247723224626e-5,7.80247723224626e-5,0.0,0.0,1.429625799008272e-6,1.6806292087070393e-6,3.3144235505955635e-12,5.022661759764081e-10,0.019944937116126767
3,0.15114994701951814,5,4,22,6.459840701771638,0.010605948038534832,6.459849408337572,0.9764058958242896,0.0,5.942548204167304e-5,5.942548204167304e-5,0.0,0.0,1.6799744479427826e-6,-4.08215293659311e-8,3.3144235505955635e-12,5.022661759764081e-10,0.019944937116126767
3,0.15114994701951814,5,6,23,6.459840701769506,0.010605948036074708,6.459849408335437,0.9764058958239669,5.942548141381093e-5,0.0,5.942548141381093e-5,1.6799744479959593e-6,-4.082152924721435e-8,0.0,0.0,3.3144235505955635e-12,5.022661759764081e-10,0.019944937116126767
3,0.15114994701951814,5,4,24,6.460686754510702,0.011316684326705014,6.460696665782582,0.9765339587422148,0.0,3.443994860061401e-5,3.443994860061401e-5,0.0,0.0,9.705957509728585e-7,-8.032716395632588e-8,3.3144235505955635e-12,5.022661759764081e-10,0.019944937116126767
3,0.15114994701951814,5,6,25,6.460686754511911,0.011316684321871788,6.460696665783782,0.9765339587423962,3.443994786566944e-5,0.0,3.443994786566944e-5,9.70595751787157e-7,-8.032716639786447e-8,0.0,0.0,3.3144235505955635e-12,5.022661759764081e-10,0.019944937116126767
3,0.15114994701951814,5,6,26,8.666763994852738,0.011525070586763046,8.666771657873987,1.3099820769179147,1.5506622530550544e-5,0.0,1.5506622530550544e-5,4.384964980018837e-7,2.8581140639432598e-9,0.0,0.0,3.3144235505955635e-12,5.022661759764081e-10,0.019944937116126767
3,0.15114994701951814,5,4,27,8.666763994853946,0.011525070588512657,8.666771657875199,1.3099820769180976,0.0,1.5506622510339595e-5,1.5506622510339595e-5,0.0,0.0,4.384964980883226e-7,2.8581147728361448e-9,3.3144235505955635e-12,5.022661759764081e-10,0.019944937116126767
3,0.15114994701951814,5,4,28,6.448438602104934,0.011424342604053965,6.448448722035477,0.9746826826937418,0.0,1.4567988797442869e-5,1.4567988797442869e-5,0.0,0.0,1.8589000048786e-7,3.6763848121576113e-7,3.3144235505955635e-12,5.022661759764081e-10,0.019944937116126767
3,0.15114994701951814,5,6,29,6.448438602102445,0.011424342605307208,6.44844872203299,0.9746826826933659,1.4567988577258328e-5,0.0,1.4567988577258328e-5,1.8589000331759293e-7,3.6763846803037024e-7,0.0,0.0,3.3144235505955635e-12,5.022661759764081e-10,0.019944937116126767
3,0.15114994701951814,5,4,30,8.674474812359138,0.010842502069874447,8.674481588550652,1.3111474325312167,0.0,1.014693454021496e-5,1.014693454021496e-5,0.0,0.0,2.868939971486724e-7,-5.2078362106245e-9,3.3144235505955635e-12,5.022661759764081e-10,0.019944937116126767
3,0.15114994701951814,5,6,31,8.674474812356877,0.010842502068901489,8.674481588548389,1.3111474325308745,1.0146934296459526e-5,0.0,1.0146934296459526e-5,2.8689399716064604e-7,-5.207836209032501e-9,0.0,0.0,3.3144235505955635e-12,5.022661759764081e-10,0.019944937116126767
3,0.15114994701951814,5,4,32,8.675158125701072,0.011526241625280412,8.675165782863365,1.3112508484653342,0.0,5.068595850058569e-6,5.068595850058569e-6,0.0,0.0,1.4330598920020702e-7,-2.7759912024464247e-9,3.3144235505955635e-12,5.022661759764081e-10,0.019944937116126767
3,0.15114994701951814,5,6,33,8.675158125702064,0.011526241626451172,8.675165782864358,1.3112508484654843,5.0685955869132836e-6,0.0,5.0685955869132836e-6,1.433059892927441e-7,-2.775990469747467e-9,0.0,0.0,3.3144235505955635e-12,5.022661759764081e-10,0.019944937116126767
3,0.15114994701951814,5,6,34,6.243889363142447,0.001858508303809847,6.243889639737117,0.9437635882419835,3.2998333999520285e-6,0.0,3.2998333999520285e-6,9.294365640887017e-8,8.31345129165565e-9,0.0,0.0,3.3144235505955635e-12,5.022661759764081e-10,0.019944937116126767
3,0.15114994701951814,5,4,35,6.243889363142692,0.001858508304436013,6.243889639737363,0.9437635882420207,0.0,3.299833393254788e-6,3.299833393254788e-6,0.0,0.0,9.294365641011764e-8,8.313451363546512e-9,3.3144235505955635e-12,5.022661759764081e-10,0.019944937116126767
3,0.15114994701951814,5,4,36,6.236756486358216,-0.0004235495789090167,6.23675650074023,0.9426854146605211,0.0,2.921980241495931e-6,2.921980241495931e-6,0.0,0.0,8.262341932011979e-8,-1.0069422809676628e-9,3.3144235505955635e-12,5.022661759764081e-10,0.019944937116126767
3,0.15114994701951814,5,6,37,6.236756486357982,-0.00042354957964874616,6.236756500739997,0.9426854146604858,2.9219802393760023e-6,0.0,2.9219802393760023e-6,8.262341938795379e-8,-1.0069423936122451e-9,0.0,0.0,3.3144235505955635e-12,5.022661759764081e-10,0.019944937116126767
3,0.15114994701951814,5,6,38,6.4476734791088735,0.010733797912172138,6.447682413675595,0.974566855225745,2.921456054598887e-6,0.0,2.921456054598887e-6,8.254029690998127e-8,-3.5062421138512166e-9,0.0,0.0,3.3144235505955635e-12,5.022661759764081e-10,0.019944937116126767
3,0.15114994701951814,5,4,39,6.447673479106394,0.010733797907158548,6.447682413673107,0.974566855225369,0.0,2.9214560173665373e-6,2.9214560173665373e-6,0.0,0.0,8.254029706566953e-8,-3.5062418999357987e-9,3.3144235505955635e-12,5.022661759764081e-10,0.019944937116126767
3,0.15114994701951814,5,6,40,6.4613533622948,0.011745785757044692,6.461364038337522,0.9766348320685363,2.1525646807393074e-6,0.0,2.1525646807393074e-6,-8.683614255382422e-9,6.024898565439669e-8,0.0,0.0,3.3144235505955635e-12,5.022661759764081e-10,0.019944937116126767
3,0.15114994701951814,5,4,41,6.4613533622937,0.01174578574984365,6.461364038336408,0.9766348320683679,0.0,2.1525646077401857e-6,2.1525646077401857e-6,0.0,0.0,-8.683614311967399e-9,6.024898368085926e-8,3.3144235505955635e-12,5.022661759764081e-10,0.019944937116126767
3,0.15114994701951814,5,4,42,8.45894301322669,0.0027665689035070388,8.458943465641566,1.278568856672822,0.0,1.4669942993535148e-6,1.4669942993535148e-6,0.0,0.0,4.145370768903742e-8,1.5998273680120148e-9,3.3144235505955635e-12,5.022661759764081e-10,0.019944937116126767
3,0.15114994701951814,5,6,43,8.45894301322675,0.0027665689045418326,8.458943465641624,1.2785688566728308,1.4669942990207687e-6,0.0,1.4669942990207687e-6,4.145370769099237e-8,1.5998273274987466e-9,0.0,0.0,3.3144235505955635e-12,5.022661759764081e-10,0.019944937116126767
3,0.15114994701951814,5,4,44,8.457618518387536,0.0008888196391736922,8.45761856509101,1.2783685980247994,0.0,1.4272096703711285e-6,1.4272096703711285e-6,0.0,0.0,4.03536051296022e-8,6.905447309874776e-10,3.3144235505955635e-12,5.022661759764081e-10,0.019944937116126767
3,0.15114994701951814,5,6,45,8.457618518387372,0.0008888196410424994,8.457618565090847,1.2783685980247745,1.4272096687895457e-6,0.0,1.4272096687895457e-6,4.03536051273601e-8,6.905446623500686e-10,0.0,0.0,3.3144235505955635e-12,5.022661759764081e-10,0.019944937116126767
3,0.15114994701951814,5,4,46,8.452964425081728,-0.0002248269472524267,8.452964428071635,1.277665125460899,0.0,1.39403067098446e-6,1.39403067098446e-6,0.0,0.0,3.942082391858837e-8,1.848079421789532e-10,3.3144235505955635e-12,5.022661759764081e-10,0.019944937116126767
3,0.15114994701951814,5,6,47,8.45296442508186,-0.0002248269494685342,8.452964428071766,1.277665125460919,1.3940306678462944e-6,0.0,1.3940306678462944e-6,3.942082384946201e-8,1.848079359661783e-10,0.0,0.0,3.3144235505955635e-12,5.022661759764081e-10,0.019944937116126767
3,0.15114994701951814,5,4,48,8.450809744674356,0.00016539501010177753,8.450809746292869,1.2773394454241946,0.0,1.3823470923020397e-6,1.3823470923020397e-6,0.0,0.0,3.7290324560814846e-8,-1.1727197326753133e-8,3.3144235505955635e-12,5.022661759764081e-10,0.019944937116126767
3,0.15114994701951814,5,6,49,8.450809744676715,0.00016539501285888804,8.450809746295228,1.2773394454245512,1.3823470861636226e-6,0.0,1.3823470861636226e-6,3.729032443705227e-8,-1.1727197404306094e-8,0.0,0.0,3.3144235505955635e-12,5.022661759764081e-10,0.019944937116126767
3,0.15114994701951814,5,6,50,8.448688520401532,0.00038999410504588286,8.448688529402657,1.2770188236036224,3.886909010860351e-7,0.0,3.886909010860351e-7,1.042981640622005e-9,1.0942044985884008e-8,0.0,0.0,3.3144235505955635e-12,5.022661759764081e-10,0.019944937116126767
3,0.15114994701951814,5,4,51,8.448688520406453,0.0003899941081190548,8.448688529407578,1.277018823604366,0.0,3.8869090022583873e-7,3.8869090022583873e-7,0.0,0.0,1.04298146958448e-9,1.094204497897578e-8,3.3144235505955635e-12,5.022661759764081e-10,0.019944937116126767
3,0.15114994701951814,5,4,52,6.268133666805473,0.021229283006298574,6.26816961699324,0.9474335055178815,0.0,2.739550833979427e-7,2.739550833979427e-7,0.0,0.0,3.5772287264452533e-9,-6.871719884681467e-9,3.3144235505955635e-12,5.022661759764081e-10,0.019944937116126767
3,0.15114994701951814,5,6,53,6.268133666805554,0.021229283008439237,6.268169616993328,0.9474335055178948,2.7395508314061917e-7,0.0,2.7395508314061917e-7,3.5772287112414685e-9,-6.871719857503383e-9,0.0,0.0,3.3144235505955635e-12,5.022661759764081e-10,0.019944937116126767
3,0.15114994701951814,5,6,54,8.483087808251447,0.020409700099954284,8.483112360352331,1.2822219838278743,1.724907930655666e-7,0.0,1.724907930655666e-7,1.5021138700505006e-9,-4.640753621340885e-9,0.0,0.0,3.3144235505955635e-12,5.022661759764081e-10,0.019944937116126767
3,0.15114994701951814,5,4,55,8.483087808249046,0.020409700100904215,8.483112360349933,1.282221983827512,0.0,1.7249079273596109e-7,1.7249079273596109e-7,0.0,0.0,1.5021138477862396e-9,-4.6407536124051375e-9,3.3144235505955635e-12,5.022661759764081e-10,0.019944937116126767
3,0.15114994701951814,5,4,56,8.454304774429215,0.003160735951795019,8.454305365267354,1.2778678080469885,0.0,1.4780881165303998e-7,1.4780881165303998e-7,0.0,0.0,1.2984509102617802e-9,3.973033000711123e-9,3.3144235505955635e-12,5.022661759764081e-10,0.019944937116126767
3,0.15114994701951814,5,6,57,8.454304774429056,0.003160735950474218,8.454305365267196,1.2778678080469645,1.4780881124601408e-7,0.0,1.4780881124601408e-7,1.2984509236355835e-9,3.973032997780164e-9,0.0,0.0,3.3144235505955635e-12,5.022661759764081e-10,0.019944937116126767
3,0.15114994701951814,5,6,58,8.480696493836453,0.022194363500729633,8.480725535609622,1.281861215394469,3.0344401350824565e-8,0.0,3.0344401350824565e-8,1.1042376312310386e-10,-8.509630841631427e-10,0.0,0.0,3.3144235505955635e-12,5.022661759764081e-10,0.019944937116126767
3,0.15114994701951814,5,4,59,8.480696493835836,0.022194363498905398,8.480725535609,1.2818612153943751,0.0,3.0344401229831514e-8,3.0344401229831514e-8,0.0,0.0,1.1042376944361739e-10,-8.5096308249845e-10,3.3144235505955635e-12,5.022661759764081e-10,0.019944937116126767
3,0.15114994701951814,5,4,60,8.48536036762583,0.019824669592518652,8.485383526158357,1.2825652704191277,0.0,2.425523645706503e-8,2.425523645706503e-8,0.0,0.0,6.051183366654101e-10,3.229500916300816e-10,3.3144235505955635e-12,5.022661759764081e-10,0.019944937116126767
3,0.15114994701951814,5,6,61,8.485360367622599,0.01982466959352299,8.485383526155127,1.2825652704186394,2.4255235758106174e-8,0.0,2.4255235758106174e-8,6.051183301493759e-10,3.229501020816228e-10,0.0,0.0,3.3144235505955635e-12,5.022661759764081e-10,0.019944937116126767
3,0.15114994701951814,5,4,62,8.488557593820062,0.02001698898093344,8.488581194961151,1.283048597889256,0.0,1.4591512673119023e-8,1.4591512673119023e-8,0.0,0.0,3.188026671400072e-10,-2.619666549155715e-10,3.3144235505955635e-12,5.022661759764081e-10,0.019944937116126767
3,0.15114994701951814,5,6,63,8.488557593819904,0.020016988980999316,8.488581194960995,1.2830485978892323,1.459151229410936e-8,0.0,1.459151229410936e-8,3.1880266424630524e-10,-2.6196665281194615e-10,0.0,0.0,3.3144235505955635e-12,5.022661759764081e-10,0.019944937116126767
3,0.15114994701951814,5,6,64,10.620431296405172,0.010672945618969,10.620436659263621,1.6052784383718446,3.4544389671456806e-10,0.0,3.4544389671456806e-10,8.833706352481528e-12,4.170449899701596e-12,0.0,0.0,3.3144235505955635e-12,5.022661759764081e-10,0.019944937116126767
3,0.15114994701951814,5,4,65,10.620431296400769,0.010672945614497633,10.620436659259214,1.6052784383711785,0.0,3.4544389198005114e-10,3.4544389198005114e-10,0.0,0.0,8.833706000013536e-12,4.1704503377135375e-12,3.3144235505955635e-12,5.022661759764081e-10,0.019944937116126767
3,0.15114994701951814,5,6,66,10.609478589067376,0.011835589562690098,10.609485190764882,1.6036231244884742,2.6961971479755883e-10,0.0,2.6961971479755883e-10,7.388879239171525e-12,1.880701430152073e-12,0.0,0.0,3.3144235505955635e-12,5.022661759764081e-10,0.019944937116126767
3,0.15114994701951814,5,4,67,10.609478589066848,0.011835589558258338,10.609485190764351,1.603623124488394,0.0,2.696196841334182e-10,2.696196841334182e-10,0.0,0.0,7.388878143856555e-12,1.8807009972462592e-12,3.3144235505955635e-12,5.022661759764081e-10,0.019944937116126767
3,0.15114994701951814,5,4,68,10.60864054555028,0.011239850888895,10.60864649985762,1.603496356402276,0.0,5.633716590770274e-11,5.633716590770274e-11,0.0,0.0,5.664686306326287e-13,1.489025645422196e-12,3.3144235505955635e-12,5.022661759764081e-10,0.019944937116126767
3,0.15114994701951814,5,6,69,10.608640545550262,0.01123985088530466,10.608646499857599,1.6034963564022726,5.6337123710954534e-11,0.0,5.6337123710954534e-11,5.664681035628392e-13,1.4890260745802433e-12,0.0,0.0,3.3144235505955635e-12,5.022661759764081e-10,0.019944937116126767
3,0.15114994701951814,5,6,70,10.607754994318578,0.010524346576578664,10.607760215114292,1.6033623945102775,1.82407649754141e-11,0.0,1.82407649754141e-11,4.264979681139208e-13,2.901267820501321e-13,0.0,0.0,3.3144235505955635e-12,5.022661759764081e-10,0.019944937116126767
3,0.15114994701951814,5,4,71,10.607754994323352,0.010524346579179193,10.607760215119068,1.6033623945109996,0.0,1.8240758164932868e-11,1.8240758164932868e-11,0.0,0.0,4.2649809407158844e-13,2.9012673508319215e-13,3.3144235505955635e-12,5.022661759764081e-10,0.019944937116126767
3,0.15114994701951814,5,6,72,8.406488959812545,0.011539534464277888,8.406496879931964,1.270641558021461,7.256769684636455e-13,0.0,7.256769684636455e-13,-1.915160061032549e-14,-7.37114227188555e-15,0.0,0.0,3.3144235505955635e-12,5.022661759764081e-10,0.019944937116126767
3,0.15114994701951814,5,4,73,8.40648895981189,0.011539534465207663,8.40649687993131,1.2706415580213621,0.0,7.256757450439208e-13,7.256757450439208e-13,0.0,0.0,-1.9151579166648115e-14,-7.37114166405497e-15,3.3144235505955635e-12,5.022661759764081e-10,0.019944937116126767
3,0.15114994701951814,5,4,74,4.316092827911504,0.023376191466631387,4.31615613080396,0.652386770498987,0.0,1.1803717982248766e-18,1.1803717982248766e-18,0.0,0.0,-3.110634262713961e-20,-7.463822471952477e-21,3.3144235505955635e-12,5.022661759764081e-10,0.019944937116126767
3,0.15114994701951814,5,6,75,4.316092827912895,0.023376191463803236,4.316156130805336,0.6523867704991949,6.689922611182044e-19,0.0,6.689922611182044e-19,6.411246867620201e-21,-1.95765435810081e-20,0.0,0.0,3.3144235505955635e-12,5.022661759764081e-10,0.019944937116126767
3,0.15114994701951814,5,6,76,2.1001837752087824,0.02358755503661661,2.100316229143321,0.3174626867592471,2.716073016155822e-20,0.0,2.716073016155822e-20,7.242704820769061e-22,-5.841066452610678e-22,0.0,0.0,3.3144235505955635e-12,5.022661759764081e-10,0.019944937116126767
3,0.15114994701951814,5,4,77,2.1001837752089534,0.023587555036162965,2.1003162291434867,0.31746268675927214,0.0,2.516633323278842e-20,2.516633323278842e-20,0.0,0.0,8.479173000530043e-22,-1.6933377200385945e-22,3.3144235505955635e-12,5.022661759764081e-10,0.019944937116126767
3,0.15114994701951814,5,4,78,6.449262831218164,0.012322982600536707,6.4492746043281715,0.974807514758527,0.0,2.3625645235881482e-20,2.3625645235881482e-20,0.0,0.0,3.402344407947431e-22,5.577510334483576e-22,3.3144235505955635e-12,5.022661759764081e-10,0.019944937116126767
3,0.15114994701951814,5,6,79,4.253748761569417,0.011535418130422094,4.253764402552731,0.6429562640793576,3.8384062170478226e-21,0.0,3.8384062170478226e-21,-9.948185855379845e-23,-5.266676520417084e-23,0.0,0.0,3.3144235505955635e-12,5.022661759764081e-10,0.019944937116126767
4,0.08726646259971647,6,5,0,0.3225942197763627,0.012733566522729538,0.32284543414691336,0.02817357900447084,0.0,15.754750066027665,15.754750066027665,0.0,0.0,0.44521236168189393,0.016621211575840178,4.1226635064844455e-12,4.64431637992146e-9,0.019088489772611815
4,0.08726646259971647,6,7,1,0.3225942197757935,0.012733566522310068,0.32284543414632805,0.028173579004419764,15.754750065486117,0.0,15.754750065486117,0.44521236168192413,0.01662121157528862,0.0,0.0,4.1226635064844455e-12,4.64431637992146e-9,0.019088489772611815
4,0.08726646259971647,6,5,2,0.29810781214484994,-0.01173929973413609,0.2983388657550957,0.026034977470458895,0.0,14.57634087674382,14.57634087674382,0.0,0.0,0.41186396505060774,-0.016609384414417505,4.1226635064844455e-12,4.64431637992146e-9,0.019088489772611815
4,0.08726646259971647,6,7,3,0.2981078121455696,-0.011739299734508407,0.29833886575582946,0.026034977470522927,14.576340876290566,0.0,14.576340876290566,0.41186396504991674,-0.01660938441509341,0.0,0.0,4.1226635064844455e-12,4.64431637992146e-9,0.019088489772611815
4,0.08726646259971647,6,5,4,3.866900231872093,0.0010467923543885718,3.8669003735584755,0.3374507168259704,0.0,1.2724753743394461,1.2724753743394461,0.0,0.0,0.035980625025662016,0.00048110776317666915,4.1226635064844455e-12,4.64431637992146e-9,0.019088489772611815
4,0.08726646259971647,6,7,5,3.866900231875341,0.0010467923519378412,3.866900373561723,0.33745071682625377,1.2724753696456736,0.0,1.2724753696456736,0.03598062502538896,0.0004811077631267646,0.0,0.0,4.1226635064844455e-12,4.64431637992146e-9,0.019088489772611815
4,0.08726646259971647,6,5,6,3.864829640309798,-0.0010194005673547883,3.86482977475007,0.33727002299249764,0.0,1.2390669383386372,1.2390669383386372,0.0,0.0,0.03503603713608794,-0.00046306229450304714,4.1226635064844455e-12,4.64431637992146e-9,0.019088489772611815
4,0.08726646259971647,6,7,7,3.8648296403090194,-0.0010194005658424113,3.8648297747492912,0.33727002299242964,1.2390669335869258,0.0,1.2390669335869258,0.03503603713625625,-0.0004630622945233087,0.0,0.0,4.1226635064844455e-12,4.64431637992146e-9,0.019088489772611815
4,0.08726646259971647,6,5,8,7.454567010634399,0.0007250232732979138,7.454567045891896,0.650533696307404,0.0,0.8958564249568968,0.8958564249568968,0.0,0.0,0.02533281620605654,0.00019649739709970415,4.1226635064844455e-12,4.64431637992146e-9,0.019088489772611815
4,0.08726646259971647,6,7,9,7.454567010627645,0.000725023285890785,7.454567045885144,0.6505336963068148,0.8958564108558963,0.0,0.8958564108558963,0.025332816206039888,0.00019649739709826086,0.0,0.0,4.1226635064844455e-12,4.64431637992146e-9,0.019088489772611815
4,0.08726646259971647,6,5,10,7.453115402031466,-0.0007109283468590445,7.453115435938034,0.6504070194416559,0.0,0.8821122485891959,0.8821122485891959,0.0,0.0,0.0249441725295671,-0.00019207138230425969,4.1226635064844455e-12,4.64431637992146e-9,0.019088489772611815
4,0.08726646259971647,6,7,11,7.453115402044837,-0.0007109283611853728,7.453115435951405,0.6504070194428229,0.882112234335712,0.0,0.882112234335712,0.02494417252951925,-0.0001920713822077258,0.0,0.0,4.1226635064844455e-12,4.64431637992146e-9,0.019088489772611815
4,0.08726646259971647,6,5,12,0.9598300759090166,0.009161604799044338,0.9598737987996143,0.08376479096339431,0.0,0.4018209083308089,0.4018209083308089,0.0,0.0,0.011340467844186547,0.0007142609283367352,4.1226635064844455e-12,4.64431637992146e-9,0.019088489772611815
4,0.08726646259971647,6,7,13,0.959830075908209,0.009161604799115375,0.9598737987988074,0.0837647909633239,0.40182090831953177,0.0,0.40182090831953177,0.01134046784408227,0.0007142609283380397,0.0,0.0,4.1226635064844455e-12,4.64431637992146e-9,0.019088489772611815
4,0.08726646259971647,6,5,14,0.9437296267453612,-0.0069433582913052926,0.9437551687918325,0.08235817514066156,0.0,0.3497142988363676,0.3497142988363676,0.0,0.0,0.009861135767667492,-0.0007476280983541583,4.1226635064844455e-12,4.64431637992146e-9,0.019088489772611815
4,0.08726646259971647,6,7,15,0.9437296267467392,-0.006943358292209599,0.9437551687932171,0.08235817514078239,0.3497142988290233,0.0,0.3497142988290233,0.009861135767835691,-0.0007476280983374495,0.0,0.0,4.1226635064844455e-12,4.64431637992146e-9,0.019088489772611815
4,0.08726646259971647,6,7,16,4.457046933653912,0.019163038771484803,4.457088129131922,0.3889543145245311,0.0028886265463699302,0.0,0.0028886265463699302,8.147871687670173e-5,-5.820643365955476e-6,0.0,0.0,4.1226635064844455e-12,4.64431637992146e-9,0.019088489772611815
4,0.08726646259971647,6,5,17,4.45704693365628,0.019163038768133533,4.457088129134276,0.3889543145247366,0.0,0.0028886265462176254,0.0028886265462176254,0.0,0.0,8.14787168761761e-5,-5.8206433722458005e-6,4.1226635064844455e-12,4.64431637992146e-9,0.019088489772611815
4,0.08726646259971647,6,7,18,4.553551746768589,0.0015186166001972812,4.553551999999082,0.39737237530378405,0.0022973323163551565,0.0,0.0022973323163551565,6.495796773842578e-5,9.811458758990843e-7,0.0,0.0,4.1226635064844455e-12,4.64431637992146e-9,0.019088489772611815
4,0.08726646259971647,6,5,19,4.553551746771218,0.0015186166022880636,4.553552000001712,0.3973723753040136,0.0,0.0022973323116329426,0.0022973323116329426,0.0,0.0,6.495796774274578e-5,9.811458809597063e-7,4.1226635064844455e-12,4.64431637992146e-9,0.019088489772611815
4,0.08726646259971647,6,7,20,4.552069499039341,0.00010045976125647865,4.552069500147866,0.3972430027859638,0.0022123753129927844,0.0,0.0022123753129927844,6.254762880347222e-5,-1.38272366689634e-6,0.0,0.0,4.1226635064844455e-12,4.64431637992146e-9,0.019088489772611815
4,0.08726646259971647,6,5,21,4.552069499037001,0.00010045976100386475,4.552069500145526,0.39724300278575964,0.0,0.0022123753078726726,0.0022123753078726726,0.0,0.0,6.254762879909692e-5,-1.382723670077606e-6,4.1226635064844455e-12,4.64431637992146e-9,0.019088489772611815
4,0.08726646259971647,6,5,22,4.431713460314581,-0.001586876089461755,4.4317137444231625,0.38673998173035334,0.0,0.001936890406775664,0.001936890406775664,0.0,0.0,4.932136182650697e-5,-2.382097046001847e-5,4.1226635064844455e-12,4.64431637992146e-9,0.019088489772611815
4,0.08726646259971647,6,7,23,4.431713460317206,-0.0015868760870067083,4.431713744425786,0.3867399817305823,0.0019368904057046007,0.0,0.0019368904057046007,4.932136181092601e-5,-2.3820970457356428e-5,0.0,0.0,4.1226635064844455e-12,4.64431637992146e-9,0.019088489772611815
4,0.08726646259971647,6,7,24,4.4149532629391635,-0.016672332627430436,4.41498474296485,0.38528010095026094,0.0015058963254458019,0.0,0.0015058963254458019,3.773894228754145e-5,1.972880479264271e-5,0.0,0.0,4.1226635064844455e-12,4.64431637992146e-9,0.019088489772611815
4,0.08726646259971647,6,5,25,4.414953262943754,-0.016672332620933965,4.414984742969416,0.3852801009506594,0.0,0.0015058963247524568,0.0015058963247524568,0.0,0.0,3.773894226757565e-5,1.9728804797390702e-5,4.1226635064844455e-12,4.64431637992146e-9,0.019088489772611815
4,0.08726646259971647,6,5,26,8.043711469880552,0.01941713424283695,8.04373490586246,0.7019482913244802,0.0,0.0007949271441876622,0.0007949271441876622,0.0,0.0,2.182784851591078e-5,-5.373099734236363e-6,4.1226635064844455e-12,4.64431637992146e-9,0.019088489772611815
4,0.08726646259971647,6,7,27,8.043711469792242,0.01941713430711062,8.043734905774306,0.7019482913167874,0.0007949271425372363,0.0,0.0007949271425372363,2.1827848475835116e-5,-5.373099677229772e-6,0.0,0.0,4.1226635064844455e-12,4.64431637992146e-9,0.019088489772611815
4,0.08726646259971647,6,7,28,8.146914636451275,0.0013397802264795422,8.146914746616357,0.7109524310386749,0.0007038798505166681,0.0,0.0007038798505166681,1.9904026630556272e-5,1.693735115793635e-7,0.0,0.0,4.1226635064844455e-12,4.64431637992146e-9,0.019088489772611815
4,0.08726646259971647,6,5,29,8.146914636447958,0.001339780239507489,8.146914746613042,0.7109524310383857,0.0,0.0007038798499965194,0.0007038798499965194,0.0,0.0,1.9904026627579025e-5,1.6937351695348263e-7,4.1226635064844455e-12,4.64431637992146e-9,0.019088489772611815
4,0.08726646259971647,6,7,30,8.145159218352543,0.00026837871146137907,8.145159222774012,0.710799232682944,0.0006754596689516186,0.0,0.0006754596689516186,1.909872593979829e-5,-2.9884569828416427e-7,0.0,0.0,4.1226635064844455e-12,4.64431637992146e-9,0.019088489772611815
4,0.08726646259971647,6,5,31,8.145159218358572,0.00026837870074819525,8.14515922278004,0.71079923268347,0.0,0.0006754596683320415,0.0006754596683320415,0.0,0.0,1.909872594397011e-5,-2.988456991348564e-7,4.1226635064844455e-12,4.64431637992146e-9,0.019088489772611815
4,0.08726646259971647,6,5,32,4.429949025263112,0.0028995267457478276,4.4299499741740815,0.3865860637398775,0.0,0.000585433917578841,0.000585433917578841,0.0,0.0,1.3495511668221117e-5,9.588942295281927e-6,4.1226635064844455e-12,4.64431637992146e-9,0.019088489772611815
4,0.08726646259971647,6,7,33,4.429949025266714,0.0028995267457533787,4.429949974177683,0.3865860637401917,0.0005854339167927504,0.0,0.0005854339167927504,1.3495511659153826e-5,9.588942307567645e-6,0.0,0.0,4.1226635064844455e-12,4.64431637992146e-9,0.019088489772611815
4,0.08726646259971647,6,7,34,8.019419103602326,-0.0007125876347873553,8.019419135261797,0.6998263400387743,0.00046422598717372,0.0,0.00046422598717372,1.131246680712332e-5,-6.660613111549805e-6,0.0,0.0,4.1226635064844455e-12,4.64431637992146e-9,0.019088489772611815
4,0.08726646259971647,6,5,35,8.019419103590561,-0.0007125876123169721,8.01941913525003,0.6998263400377475,0.0,0.0004642259864821982,0.0004642259864821982,0.0,0.0,1.1312466802715171e-5,-6.660613079819761e-6,4.1226635064844455e-12,4.64431637992146e-9,0.019088489772611815
4,0.08726646259971647,6,7,36,8.002514890252844,-0.017762762334188296,8.002534603764248,0.6983528867023296,0.00044044610901024337,0.0,0.00044044610901024337,1.1877692342252954e-5,3.748677435982519e-6,0.0,0.0,4.1226635064844455e-12,4.64431637992146e-9,0.019088489772611815
4,0.08726646259971647,6,5,37,8.002514890255897,-0.017762762420496424,8.002534603767494,0.6983528867026129,0.0,0.0004404461088454006,0.0004404461088454006,0.0,0.0,1.1877692330948439e-5,3.7486774246025704e-6,4.1226635064844455e-12,4.64431637992146e-9,0.019088489772611815
4,0.08726646259971647,6,5,38,8.04625937353344,0.01270438763801401,8.046269403123413,0.7021694679349123,0.0,0.00020034714789085698,0.00020034714789085698,0.0,0.0,3.5778620702867883e-6,4.392863015888372e-6,4.1226635064844455e-12,4.64431637992146e-9,0.019088489772611815
4,0.08726646259971647,6,7,39,8.046259373532672,0.012704387631955031,8.046269403122636,0.7021694679348446,0.00020034714666975842,0.0,0.00020034714666975842,3.5778621029608065e-6,4.392862940228272e-6,0.0,0.0,4.1226635064844455e-12,4.64431637992146e-9,0.019088489772611815
4,0.08726646259971647,6,7,40,8.018639679051741,0.0022984074359686767,8.018640008451543,0.6997583483981268,0.00019189567146307961,0.0,0.00019189567146307961,4.739146284812886e-6,2.6434580316148825e-6,0.0,0.0,4.1226635064844455e-12,4.64431637992146e-9,0.019088489772611815
4,0.08726646259971647,6,5,41,8.018639679046062,0.0022984074630251934,8.018640008445871,0.6997583483976318,0.0,0.0001918956684796632,0.0001918956684796632,0.0,0.0,4.739146248591372e-6,2.6434580253118325e-6,4.1226635064844455e-12,4.64431637992146e-9,0.019088489772611815
4,0.08726646259971647,6,5,42,8.022539087477488,-0.011192255795753222,8.022546894639753,0.7000992885355515,0.0,0.00015356043341284648,0.00015356043341284648,0.0,0.0,4.154504693413541e-6,1.2638006729654672e-6,4.1226635064844455e-12,4.64431637992146e-9,0.019088489772611815
4,0.08726646259971647,6,7,43,8.022539087476485,-0.011192255794589339,8.022546894638747,0.7000992885354638,0.00015356043335634648,0.0,0.00015356043335634648,4.154504695497933e-6,1.263800681757222e-6,0.0,0.0,4.1226635064844455e-12,4.64431637992146e-9,0.019088489772611815
4,0.08726646259971647,6,5,44,8.061330368211685,0.009598269922852912,8.061336082327635,0.7034842837321895,0.0,8.566246614694477e-5,8.566246614694477e-5,0.0,0.0,2.411474451250495e-6,-2.2997802308558752e-7,4.1226635064844455e-12,4.64431637992146e-9,0.019088489772611815
4,0.08726646259971647,6,7,45,8.061330368212563,0.009598269924636287,8.061336082328515,0.7034842837322662,8.566246608833865e-5,0.0,8.566246608833865e-5,2.4114744519503814e-6,-2.2997802359977717e-7,0.0,0.0,4.1226635064844455e-12,4.64431637992146e-9,0.019088489772611815
4,0.08726646259971647,6,7,46,8.05702567278283,0.010057372144675718,8.057031949956265,0.7031086773255791,6.489092245016073e-5,0.0,6.489092245016073e-5,1.4773610702025934e-6,-1.088449623752503e-6,0.0,0.0,4.1226635064844455e-12,4.64431637992146e-9,0.019088489772611815
4,0.08726646259971647,6,5,47,8.057025672782055,0.010057372145207365,8.057031949955492,0.7031086773255116,0.0,6.489092241740295e-5,6.489092241740295e-5,0.0,0.0,1.4773610693634887e-6,-1.088449624988473e-6,4.1226635064844455e-12,4.64431637992146e-9,0.019088489772611815
4,0.08726646259971647,6,5,48,8.036552539231424,-0.0072059253821222455,8.036555769805101,0.7013217935162325,0.0,4.214347290037113e-5,4.214347290037113e-5,0.0,0.0,1.0060287115504442e-6,6.389020800606084e-7,4.1226635064844455e-12,4.64431637992146e-9,0.019088489772611815
4,0.08726646259971647,6,7,49,8.036552539230371,-0.007205925383405403,8.03655576980405,0.7013217935161408,4.2143472828517116e-5,0.0,4.2143472828517116e-5,1.0060287116977771e-6,6.389020804574739e-7,0.0,0.0,4.1226635064844455e-12,4.64431637992146e-9,0.019088489772611815
4,0.08726646259971647,6,7,50,8.027865711027308,-0.010326768492106075,8.027872353023277,0.7005640224504036,2.3888154014567524e-5,0.0,2.3888154014567524e-5,3.598540107783356e-7,5.716971683744803e-7,0.0,0.0,4.1226635064844455e-12,4.64431637992146e-9,0.019088489772611815
4,0.08726646259971647,6,5,51,8.027865711027646,-0.01032676849007905,8.027872353023612,0.7005640224504329,0.0,2.388815396359754e-5,2.388815396359754e-5,0.0,0.0,3.5985400989168013e-7,5.716971681294079e-7,4.1226635064844455e-12,4.64431637992146e-9,0.019088489772611815
4,0.08726646259971647,6,5,52,11.625236378703939,-0.011292595840303008,11.625241863439326,1.014493734288486,0.0,2.118522439012338e-5,2.118522439012338e-5,0.0,0.0,5.966565285147525e-7,5.3929459773957565e-8,4.1226635064844455e-12,4.64431637992146e-9,0.019088489772611815
4,0.08726646259971647,6,7,53,11.625236378677071,-0.011292595818581002,11.62524186341244,1.01449373428614,2.1185224305392478e-5,0.0,2.1185224305392478e-5,5.966565281957074e-7,5.392946227627331e-8,0.0,0.0,4.1226635064844455e-12,4.64431637992146e-9,0.019088489772611815
4,0.08726646259971647,6,5,54,11.64244293726445,-0.011641013134091945,11.64244875705475,1.0159953190266338,0.0,9.817276232534979e-6,9.817276232534979e-6,0.0,0.0,2.769665831399049e-7,-1.902128388012437e-8,4.1226635064844455e-12,4.64431637992146e-9,0.019088489772611815
4,0.08726646259971647,6,7,55,11.642442937293973,-0.01164101316167036,11.6424487570843,1.0159953190292126,9.817276223137492e-6,0.0,9.817276223137492e-6,2.769665818425579e-7,-1.902128203553945e-8,0.0,0.0,4.1226635064844455e-12,4.64431637992146e-9,0.019088489772611815
4,0.08726646259971647,6,7,56,11.637860451364965,-0.009751160328469191,11.637864536527847,1.015595270317474,6.652970762487158e-6,0.0,6.652970762487158e-6,1.7827184489316404e-7,6.012158458042214e-8,0.0,0.0,4.1226635064844455e-12,4.64431637992146e-9,0.019088489772611815
4,0.08726646259971647,6,5,57,11.63786045138734,-0.009751160317019688,11.637864536550211,1.0155952703194258,0.0,6.652970686301928e-6,6.652970686301928e-6,0.0,0.0,1.7827184288187414e-7,6.01215875664045e-8,4.1226635064844455e-12,4.64431637992146e-9,0.019088489772611815
4,0.08726646259971647,6,5,58,11.632184643274094,-0.006675857397926076,11.632186558953293,1.0150997732998222,0.0,5.957557483469748e-6,5.957557483469748e-6,0.0,0.0,1.0874706254997823e-7,1.2867289404667222e-7,4.1226635064844455e-12,4.64431637992146e-9,0.019088489772611815
4,0.08726646259971647,6,7,59,11.63218464329441,-0.006675857399358038,11.63218655897361,1.0150997733015952,5.957557411180666e-6,0.0,5.957557411180666e-6,1.0874706306948852e-7,1.2867289457878658e-7,0.0,0.0,4.1226635064844455e-12,4.64431637992146e-9,0.019088489772611815
4,0.08726646259971647,6,7,60,11.599009778426543,-0.0009465920982655342,11.599009817052108,1.012204556393522,1.401208538963823e-6,0.0,1.401208538963823e-6,3.9584505601989305e-8,1.774006603887291e-9,0.0,0.0,4.1226635064844455e-12,4.64431637992146e-9,0.019088489772611815
4,0.08726646259971647,6,5,61,11.599009778426334,-0.0009465921023981069,11.599009817051899,1.0122045563935038,0.0,1.401208529735447e-6,1.401208529735447e-6,0.0,0.0,3.958450559229459e-8,1.7740066187706127e-9,4.1226635064844455e-12,4.64431637992146e-9,0.019088489772611815
4,0.08726646259971647,6,7,62,8.694463379156964,0.006872086322440362,8.694466094998125,0.7587353003036569,8.741399137756821e-7,0.0,8.741399137756821e-7,2.2711666452391858e-8,-9.758699489612408e-9,0.0,0.0,4.1226635064844455e-12,4.64431637992146e-9,0.019088489772611815
4,0.08726646259971647,6,5,63,8.694463379156149,0.00687208632280133,8.694466094997312,0.7587353003035858,0.0,8.741399130359045e-7,8.741399130359045e-7,0.0,0.0,2.271166644512016e-8,-9.758699449939555e-9,4.1226635064844455e-12,4.64431637992146e-9,0.019088489772611815
4,0.08726646259971647,6,5,64,8.679727396293357,0.009444422663828281,8.679732534536125,0.757449554600639,0.0,8.654433494520097e-7,8.654433494520097e-7,0.0,0.0,2.4426450529455997e-8,1.5174476605741352e-9,4.1226635064844455e-12,4.64431637992146e-9,0.019088489772611815
4,0.08726646259971647,6,7,65,8.679727396292748,0.009444422663843103,8.679732534535516,0.7574495546005858,8.654433465283698e-7,0.0,8.654433465283698e-7,2.4426450488128995e-8,1.517447570818289e-9,0.0,0.0,4.1226635064844455e-12,4.64431637992146e-9,0.019088489772611815
4,0.08726646259971647,6,5,66,8.696808513130714,0.006692701906002536,8.696811088342765,0.7589399395776634,0.0,7.919314700447742e-7,7.919314700447742e-7,0.0,0.0,2.235476099084299e-8,-1.3373049413303707e-9,4.1226635064844455e-12,4.64431637992146e-9,0.019088489772611815
4,0.08726646259971647,6,7,67,8.696808513132257,0.006692701907689735,8.69681108834431,0.7589399395777983,7.919314675825769e-7,0.0,7.919314675825769e-7,2.235476093009765e-8,-1.3373048729371718e-9,0.0,0.0,4.1226635064844455e-12,4.64431637992146e-9,0.019088489772611815
4,0.08726646259971647,6,7,68,11.602459623083856,0.0009601311074326976,11.602459662810421,1.0125056122293647,7.841121983106538e-7,0.0,7.841121983106538e-7,2.193367244418534e-8,-3.2531313442588147e-9,0.0,0.0,4.1226635064844455e-12,4.64431637992146e-9,0.019088489772611815
4,0.08726646259971647,6,5,69,11.602459623084254,0.0009601311129012295,11.60245966281082,1.0125056122293994,0.0,7.841121972089492e-7,7.841121972089492e-7,0.0,0.0,2.193367244733842e-8,-3.2531313640227404e-9,4.1226635064844455e-12,4.64431637992146e-9,0.019088489772611815
4,0.08726646259971647,6,5,70,8.663052243562559,-0.007200173528147561,8.663055235723315,0.7559941857275266,0.0,6.988305361025986e-7,6.988305361025986e-7,0.0,0.0,1.9678546462576254e-8,-1.8137986276750786e-9,4.1226635064844455e-12,4.64431637992146e-9,0.019088489772611815
4,0.08726646259971647,6,7,71,8.663052243562278,-0.007200173528228441,8.663055235723034,0.7559941857275021,6.988305353205644e-7,0.0,6.988305353205644e-7,1.9678546451523586e-8,-1.8137984571100657e-9,0.0,0.0,4.1226635064844455e-12,4.64431637992146e-9,0.019088489772611815
4,0.08726646259971647,6,7,72,8.680879346314423,-0.0031224438577687856,8.680879907873624,0.7575496818130838,4.946478936856099e-7,0.0,4.946478936856099e-7,1.0329470064757836e-8,9.432125982307515e-9,0.0,0.0,4.1226635064844455e-12,4.64431637992146e-9,0.019088489772611815
4,0.08726646259971647,6,5,73,8.680879346315825,-0.003122443856494725,8.680879907875024,0.7575496818132059,0.0,4.946478917602727e-7,4.946478917602727e-7,0.0,0.0,1.0329470064476568e-8,9.432125978521093e-9,4.1226635064844455e-12,4.64431637992146e-9,0.019088489772611815
4,0.08726646259971647,6,7,74,11.622696951988004,-0.01016624742796644,11.622701398140538,1.0142720368685036,1.9628892186036934e-7,0.0,1.9628892186036934e-7,-1.8561893234493356e-9,-5.231224301256401e-9,0.0,0.0,4.1226635064844455e-12,4.64431637992146e-9,0.019088489772611815
4,0.08726646259971647,6,5,75,11.622696951966802,-0.010166247444682216,11.62270139811935,1.0142720368666547,0.0,1.962888753573009e-7,1.962888753573009e-7,0.0,0.0,-1.8561887005156834e-9,-5.231223154563572e-9,4.1226635064844455e-12,4.64431637992146e-9,0.019088489772611815
4,0.08726646259971647,6,7,76,8.674241812851514,-0.005956055779017068,8.674243857675547,0.7569705771866635,1.0607304898527634e-7,0.0,1.0607304898527634e-7,2.3631607244428522e-9,1.8474483209497326e-9,0.0,0.0,4.1226635064844455e-12,4.64431637992146e-9,0.019088489772611815
4,0.08726646259971647,6,5,77,8.674241812851031,-0.005956055777235099,8.674243857675064,0.7569705771866213,0.0,1.0607304844877532e-7,1.0607304844877532e-7,0.0,0.0,2.3631607281972596e-9,1.8474482934889807e-9,4.1226635064844455e-12,4.64431637992146e-9,0.019088489772611815
4,0.08726646259971647,6,5,78,5.127575904236069,0.0006501373073439475,5.127575945452282,0.4474654144710174,0.0,5.376316519747229e-8,5.376316519747229e-8,0.0,0.0,9.073851971725608e-10,1.2198809713284712e-9,4.1226635064844455e-12,4.64431637992146e-9,0.019088489772611815
4,0.08726646259971647,6,7,79,5.127575904235604,0.000650137308299676,5.127575945451817,0.4474654144709768,5.376316461601558e-8,0.0,5.376316461601558e-8,9.073851899737833e-10,1.2198809274607225e-9,0.0,0.0,4.1226635064844455e-12,4.64431637992146e-9,0.019088489772611815
5,0.05038331567317271,7,6,0,0.22643857740923234,0.032703885239721946,0.22878805355369805,0.011527100724446713,0.0,28.397430426305664,28.397430426305664,0.0,0.0,0.8030396473833594,-0.0007619687649231821,5.1372759719914744e-12,5.655957045979014e-10,0.019531163910016105
5,0.05038331567317271,7,8,1,0.22643857740984963,0.032703885238673056,0.22878805355415907,0.01152710072446994,28.39743042627675,0.0,28.39743042627675,0.8030396473832546,-0.0007619687646762685,0.0,0.0,5.1372759719914744e-12,5.655957045979014e-10,0.019531163910016105
5,0.05038331567317271,7,8,2,2.12595894920367,0.00442296332935219,2.1259635500882386,0.10711309265375464,1.5613245347249003,0.0,1.5613245347249003,0.043804265773418005,0.005531171874806173,0.0,0.0,5.1372759719914744e-12,5.655957045979014e-10,0.019531163910016105
5,0.05038331567317271,7,6,3,2.1259589492038398,0.004422963329925068,2.125963550088409,0.10711309265376323,0.0,1.5613245346773637,1.5613245346773637,0.0,0.0,0.04380426577332741,0.005531171874641416,5.1372759719914744e-12,5.655957045979014e-10,0.019531163910016105
5,0.05038331567317271,7,6,4,6.757597950100516,0.0036313805679932636,6.75759892581141,0.3404702398718491,0.0,1.2782884061726163,1.2782884061726163,0.0,0.0,0.036077197573277875,0.002264962496341283,5.1372759719914744e-12,5.655957045979014e-10,0.019531163910016105
5,0.05038331567317271,7,8,5,6.757597950100632,0.003631380562174054,6.757598925811522,0.34047023987185476,1.2782884057767778,0.0,1.2782884057767778,0.03607719757332212,0.002264962496436651,0.0,0.0,5.1372759719914744e-12,5.655957045979014e-10,0.019531163910016105
5,0.05038331567317271,7,6,6,6.74022786425145,-0.001302133394463327,6.74022799002994,0.33959503453083284,0.0,1.1226924216691332,1.1226924216691332,0.0,0.0,0.031746506893510384,-0.0003266137944227254,5.1372759719914744e-12,5.655957045979014e-10,0.019531163910016105
5,0.05038331567317271,7,8,7,6.7402278642573865,-0.001302133393610301,6.740227990035876,0.339595034531132,1.1226924213089249,0.0,1.1226924213089249,0.031746506893406246,-0.00032661379429144155,0.0,0.0,5.1372759719914744e-12,5.655957045979014e-10,0.019531163910016105
5,0.05038331567317271,7,8,8,2.107497885356513,-0.001220126428714642,2.1074982385498395,0.106182749033512,1.0637601986115617,0.0,1.0637601986115617,0.030069395232203755,-0.0008591050976525239,0.0,0.0,5.1372759719914744e-12,5.655957045979014e-10,0.019531163910016105
5,0.05038331567317271,7,6,9,2.107497885356298,-0.0012201264286743202,2.1074982385496246,0.10618274903350118,0.0,1.063760198555334,1.063760198555334,0.0,0.0,0.030069395232187046,-0.0008591050976681225,5.1372759719914744e-12,5.655957045979014e-10,0.019531163910016105
5,0.05038331567317271,7,8,10,12.950319358549667,0.0009635032840278022,12.950319394391972,0.6524800301160616,0.9211689016273451,0.0,0.9211689016273451,0.026024793183665018,0.0011315369303758205,0.0,0.0,5.1372759719914744e-12,5.655957045979014e-10,0.019531163910016105
5,0.05038331567317271,7,6,11,12.950319358535609,0.0009635032278884417,12.950319394377908,0.6524800301153529,0.0,0.9211688976835184,0.9211688976835184,0.0,0.0,0.026024793183453354,0.001131536931127608,5.1372759719914744e-12,5.655957045979014e-10,0.019531163910016105
5,0.05038331567317271,7,8,12,12.937439984864248,-0.0016506900477569891,12.937440090170153,0.6518311280658028,0.8479754191056752,0.0,0.8479754191056752,0.023979139158243845,-0.00014381073068486794,0.0,0.0,5.1372759719914744e-12,5.655957045979014e-10,0.019531163910016105
5,0.05038331567317271,7,6,13,12.937439984834743,-0.0016506900327532478,12.937440090140646,0.6518311280643162,0.0,0.8479754150221543,0.8479754150221543,0.0,0.0,0.02397913915829092,-0.00014381073074376527,5.1372759719914744e-12,5.655957045979014e-10,0.019531163910016105
5,0.05038331567317271,7,8,14,2.193372908943456,0.06122256400600176,2.1942271805878595,0.11055244069821386,0.1967364342174407,0.0,0.1967364342174407,0.003863664815556604,-0.004002985293059702,0.0,0.0,5.1372759719914744e-12,5.655957045979014e-10,0.019531163910016105
5,0.05038331567317271,7,6,15,2.1933729089433838,0.06122256400535392,2.1942271805877693,0.11055244069820933,0.0,0.1967364342147209,0.1967364342147209,0.0,0.0,0.0038636648155595463,-0.004002985292974451,5.1372759719914744e-12,5.655957045979014e-10,0.019531163910016105
5,0.05038331567317271,7,6,16,6.825110461158843,0.06192133825984173,6.825391348424775,0.3438858469006274,0.0,0.07356367851740733,0.07356367851740733,0.0,0.0,0.0009324743026331156,-0.0018595838857652092,5.1372759719914744e-12,5.655957045979014e-10,0.019531163910016105
5,0.05038331567317271,7,8,17,6.825110461154058,0.061921338263766876,6.825391348420025,0.34388584690038804,0.07356367850347127,0.0,0.07356367850347127,0.0009324743025988357,-0.0018595838858771474,0.0,0.0,5.1372759719914744e-12,5.655957045979014e-10,0.019531163910016105
5,0.05038331567317271,7,6,18,13.044802892232646,0.06470878942916647,13.04496338533116,0.6572485081881195,0.0,0.03450046124086881,0.03450046124086881,0.0,0.0,0.0001846345729534793,-0.0009579951664352142,5.1372759719914744e-12,5.655957045979014e-10,0.019531163910016105
5,0.05038331567317271,7,8,19,13.04480289219956,0.06470878941684419,13.044963385298013,0.6572485081864495,0.03450046119121465,0.0,0.03450046119121465,0.00018463457271330856,-0.0009579951657095031,0.0,0.0,5.1372759719914744e-12,5.655957045979014e-10,0.019531163910016105
5,0.05038331567317271,7,6,20,4.427077070312537,0.0327052182004955,4.4271978742523554,0.2230569080460556,0.0,0.0006175760788246884,0.0006175760788246884,0.0,0.0,1.7458436776491393e-5,4.484843404594285e-7,5.1372759719914744e-12,5.655957045979014e-10,0.019531163910016105
5,0.05038331567317271,7,8,21,4.427077070312899,0.03270521820110959,4.427197874252722,0.2230569080460741,0.0006175760787910978,0.0,0.0006175760787910978,1.7458436777070086e-5,4.484843399000344e-7,0.0,0.0,5.1372759719914744e-12,5.655957045979014e-10,0.019531163910016105
5,0.05038331567317271,7,6,22,9.061884071224888,0.032803879518599366,9.06194344579742,0.4565707572420499,0.0,0.0003966230338717577,0.0003966230338717577,0.0,0.0,1.118353668423292e-5,-8.520829764994216e-7,5.1372759719914744e-12,5.655957045979014e-10,0.019531163910016105
5,0.05038331567317271,7,8,23,9.0618840712274,0.032803879522305124,9.061943445799946,0.4565707572421771,0.0003966230330644493,0.0,0.0003966230330644493,1.1183536660077655e-5,-8.520829892297711e-7,0.0,0.0,5.1372759719914744e-12,5.655957045979014e-10,0.019531163910016105
5,0.05038331567317271,7,6,24,4.4581847463653475,0.029745078486218636,4.458283975075927,0.2246231288768977,0.0,0.00034874386748227746,0.00034874386748227746,0.0,0.0,9.82097897464344e-6,-8.984935714713362e-7,5.1372759719914744e-12,5.655957045979014e-10,0.019531163910016105
5,0.05038331567317271,7,8,25,4.458184746368765,0.029745078485031523,4.458283975079337,0.2246231288770695,0.00034874386731136465,0.0,0.00034874386731136465,9.820978974021529e-6,-8.984935718347607e-7,0.0,0.0,5.1372759719914744e-12,5.655957045979014e-10,0.019531163910016105
5,0.05038331567317271,7,8,26,9.090782775209725,0.02985834147693853,9.090831809389368,0.45802624878418435,0.0002332363322992163,0.0,0.0002332363322992163,6.584301102882336e-6,-3.8590793629517486e-7,0.0,0.0,5.1372759719914744e-12,5.655957045979014e-10,0.019531163910016105
5,0.05038331567317271,7,6,27,9.090782775206472,0.029858341474936812,9.09083180938611,0.4580262487840202,0.0,0.00023323633144883054,0.00023323633144883054,0.0,0.0,6.584301103111794e-6,-3.8590793635727254e-7,5.1372759719914744e-12,5.655957045979014e-10,0.019531163910016105
5,0.05038331567317271,7,6,28,4.461243790757843,0.032858893388699434,4.461364798741539,0.2247783509881756,0.0,0.00017206476816808365,0.00017206476816808365,0.0,0.0,4.836762025742521e-6,-5.303668558787202e-7,5.1372759719914744e-12,5.655957045979014e-10,0.019531163910016105
5,0.05038331567317271,7,8,29,4.461243790758033,0.032858893387396025,4.4613647987417195,0.2247783509881847,0.00017206476803139595,0.0,0.00017206476803139595,4.83676202351521e-6,-5.30366855861495e-7,0.0,0.0,5.1372759719914744e-12,5.655957045979014e-10,0.019531163910016105
5,0.05038331567317271,7,8,30,9.093828500332101,0.03274118316040058,9.093887440392427,0.45818020160559225,0.0001161245593631795,0.0,0.0001161245593631795,3.2658016794332836e-6,-3.437381777528307e-7,0.0,0.0,5.1372759719914744e-12,5.655957045979014e-10,0.019531163910016105
5,0.05038331567317271,7,6,31,9.093828500334212,0.032741183164592326,9.093887440394553,0.45818020160569933,0.0,0.00011612455849374324,0.00011612455849374324,0.0,0.0,3.265801683154164e-6,-3.437381747300276e-7,5.1372759719914744e-12,5.655957045979014e-10,0.019531163910016105
5,0.05038331567317271,7,8,32,9.060515036046047,0.03265224054589194,9.060573871848801,0.45650175356545886,3.514386116196566e-5,0.0,3.514386116196566e-5,4.9150919013869144e-8,9.926035668488185e-7,0.0,0.0,5.1372759719914744e-12,5.655957045979014e-10,0.019531163910016105
5,0.05038331567317271,7,6,33,9.06051503604575,0.0326522405458364,9.060573871848504,0.45650175356544387,0.0,3.514386068759289e-5,3.514386068759289e-5,0.0,0.0,4.9150894843084345e-8,9.926035550748675e-7,5.1372759719914744e-12,5.655957045979014e-10,0.019531163910016105
5,0.05038331567317271,7,6,34,10.978778058542563,-0.0007134799124845354,10.97877808172609,0.5531472417973151,0.0,1.7864786615130526e-5,1.7864786615130526e-5,0.0,0.0,5.049841016618716e-7,-1.4471866676627536e-8,5.1372759719914744e-12,5.655957045979014e-10,0.019531163910016105
5,0.05038331567317271,7,8,35,10.9787780585381,-0.0007134799183690782,10.978778081721627,0.5531472417970903,1.7864786615104925e-5,0.0,1.7864786615104925e-5,5.049841017746083e-7,-1.4471866900310303e-8,0.0,0.0,5.1372759719914744e-12,5.655957045979014e-10,0.019531163910016105
5,0.05038331567317271,7,6,36,10.996662184517785,0.004741889036011828,10.996663206896676,0.554048353704639,0.0,1.6373957624116622e-5,1.6373957624116622e-5,0.0,0.0,4.629891235197666e-7,-6.363118778836518e-9,5.1372759719914744e-12,5.655957045979014e-10,0.019531163910016105
5,0.05038331567317271,7,8,37,10.996662184522986,0.004741889041631767,10.99666320690188,0.5540483537049011,1.6373957610057884e-5,0.0,1.6373957610057884e-5,4.629891234411179e-7,-6.3631184421138165e-9,0.0,0.0,5.1372759719914744e-12,5.655957045979014e-10,0.019531163910016105
5,0.05038331567317271,7,8,38,9.095351905575813,0.03284765889275538,9.095411219673155,0.4582569746581094,3.8041253660680037e-6,0.0,3.8041253660680037e-6,-2.4172779661842064e-8,1.0482434230813029e-7,0.0,0.0,5.1372759719914744e-12,5.655957045979014e-10,0.019531163910016105
5,0.05038331567317271,7,6,39,9.095351905573432,0.032847658892873104,9.095411219670774,0.4582569746579894,0.0,3.8041252210753995e-6,3.8041252210753995e-6,0.0,0.0,-2.4172782215746773e-8,1.0482433932038484e-7,5.1372759719914744e-12,5.655957045979014e-10,0.019531163910016105
5,0.05038331567317271,7,8,40,6.3620174615389224,0.0049350438389100075,6.3620193756058185,0.32053963051998907,2.076289781694507e-6,0.0,2.076289781694507e-6,5.862058723328091e-8,3.3212948033705047e-9,0.0,0.0,5.1372759719914744e-12,5.655957045979014e-10,0.019531163910016105
5,0.05038331567317271,7,6,41,6.3620174615385645,0.0049350438385793935,6.36201937560546,0.32053963051997103,0.0,2.0762897774645463e-6,2.0762897774645463e-6,0.0,0.0,5.862058705766038e-8,3.3212947694579524e-9,5.1372759719914744e-12,5.655957045979014e-10,0.019531163910016105
5,0.05038331567317271,7,8,42,6.344029492013142,-0.0005111415742547892,6.344029512604606,0.3196332415734819,1.9355348061782896e-6,0.0,1.9355348061782896e-6,5.471663867398622e-8,-1.3881374993596511e-9,0.0,0.0,5.1372759719914744e-12,5.655957045979014e-10,0.019531163910016105
5,0.05038331567317271,7,6,43,6.344029492013298,-0.0005111415732725055,6.344029512604761,0.3196332415734897,0.0,1.935534797002597e-6,1.935534797002597e-6,0.0,0.0,5.471663855503103e-8,-1.3881374958545229e-9,5.1372759719914744e-12,5.655957045979014e-10,0.019531163910016105
5,0.05038331567317271,7,6,44,10.994367126921407,0.004284013407536695,10.994367961565638,0.5539327116345779,0.0,8.762637381115877e-7,8.762637381115877e-7,0.0,0.0,1.2445660501043667e-8,2.1427328290649876e-8,5.1372759719914744e-12,5.655957045979014e-10,0.019531163910016105
5,0.05038331567317271,7,8,45,10.994367126925003,0.004284013409684109,10.994367961569234,0.5539327116347591,8.762637333366628e-7,0.0,8.762637333366628e-7,1.2445660707387934e-8,2.1427328100081836e-8,0.0,0.0,5.1372759719914744e-12,5.655957045979014e-10,0.019531163910016105
5,0.05038331567317271,7,6,46,11.063145670611531,0.06101899331345442,11.063313945049,0.5574064388848174,0.0,4.790903886291455e-7,4.790903886291455e-7,0.0,0.0,-8.602284230320525e-9,-1.04665827999592e-8,5.1372759719914744e-12,5.655957045979014e-10,0.019531163910016105
5,0.05038331567317271,7,8,47,11.063145670616414,0.061018993306437536,11.063313945053844,0.5574064388850616,4.79090388450451e-7,0.0,4.79090388450451e-7,-8.602284236729997e-9,-1.0466582800534163e-8,0.0,0.0,5.1372759719914744e-12,5.655957045979014e-10,0.019531163910016105
5,0.05038331567317271,7,8,48,9.058234488420716,0.030546690713191868,9.05828599391342,0.4563864826892189,4.322138023041646e-7,0.0,4.322138023041646e-7,1.1007964658958523e-8,-5.311492103559888e-9,0.0,0.0,5.1372759719914744e-12,5.655957045979014e-10,0.019531163910016105
5,0.05038331567317271,7,6,49,9.058234488424818,0.030546690715628926,9.05828599391753,0.4563864826894259,0.0,4.322137791396536e-7,4.322137791396536e-7,0.0,0.0,1.100796461281991e-8,-5.311492139726077e-9,5.1372759719914744e-12,5.655957045979014e-10,0.019531163910016105
5,0.05038331567317271,7,8,50,11.061187668485434,0.061469677007100855,11.061358468047477,0.5573079154697581,1.6747478801696322e-7,0.0,1.6747478801696322e-7,3.2367338417758856e-9,-3.457285741212159e-9,0.0,0.0,5.1372759719914744e-12,5.655957045979014e-10,0.019531163910016105
5,0.05038331567317271,7,6,51,11.061187668483473,0.061469677010705326,11.061358468045535,0.5573079154696603,0.0,1.67474787730056e-7,1.67474787730056e-7,0.0,0.0,3.2367338254308364e-9,-3.4572857449663943e-9,5.1372759719914744e-12,5.655957045979014e-10,0.019531163910016105
5,0.05038331567317271,7,6,52,10.976994563290539,-0.0006799225933628375,10.976994584347976,0.5530573832859114,0.0,1.1291805935369564e-7,1.1291805935369564e-7,0.0,0.0,1.6834141538842166e-9,2.71337948352773e-9,5.1372759719914744e-12,5.655957045979014e-10,0.019531163910016105
5,0.05038331567317271,7,8,53,10.97699456328947,-0.000679922594342991,10.976994584346906,0.5530573832858574,1.1291805509900195e-7,0.0,1.1291805509900195e-7,1.6834140918398671e-9,2.713379384136083e-9,0.0,0.0,5.1372759719914744e-12,5.655957045979014e-10,0.019531163910016105
5,0.05038331567317271,7,8,54,10.968510859777377,0.0029870754917952387,10.968511266515353,0.5526299656055944,7.686597815626931e-8,0.0,7.686597815626931e-8,2.369824847137884e-10,2.1607063333161345e-9,0.0,0.0,5.1372759719914744e-12,5.655957045979014e-10,0.019531163910016105
5,0.05038331567317271,7,6,55,10.968510859778558,0.0029870754951924657,10.968511266516536,0.552629965605654,0.0,7.686597416591534e-8,7.686597416591534e-8,0.0,0.0,2.369824992435203e-10,2.1607062454582773e-9,5.1372759719914744e-12,5.655957045979014e-10,0.019531163910016105
5,0.05038331567317271,7,8,56,10.984668057745585,0.010139972903532524,10.984672737860999,0.553444234118145,6.715772692741818e-8,0.0,6.715772692741818e-8,8.758652958792897e-11,1.8971067320152212e-9,0.0,0.0,5.1372759719914744e-12,5.655957045979014e-10,0.019531163910016105
5,0.05038331567317271,7,6,57,10.984668057747069,0.010139972905860564,10.984672737862484,0.5534442341182199,0.0,6.71577259192138e-8,6.71577259192138e-8,0.0,0.0,8.75865519281384e-11,1.8971066873253857e-9,5.1372759719914744e-12,5.655957045979014e-10,0.019531163910016105
5,0.05038331567317271,7,6,58,6.4282356398785385,0.060896438863264644,6.428524077739063,0.32389035792131865,0.0,6.43512009439697e-8,6.43512009439697e-8,0.0,0.0,-5.170338018312834e-10,-1.7447672392495467e-9,5.1372759719914744e-12,5.655957045979014e-10,0.019531163910016105
5,0.05038331567317271,7,8,59,6.4282356398794205,0.06089643886253935,6.428524077739938,0.3238903579213628,6.435119839881634e-8,0.0,6.435119839881634e-8,-5.170337785948105e-10,-1.7447672118890524e-9,0.0,0.0,5.1372759719914744e-12,5.655957045979014e-10,0.019531163910016105
5,0.05038331567317271,7,6,60,11.077855848024768,0.05690249050253298,11.078001989665914,0.5581464712733731,0.0,5.199393442677192e-8,5.199393442677192e-8,0.0,0.0,1.4435086859602768e-9,2.794874753956817e-10,5.1372759719914744e-12,5.655957045979014e-10,0.019531163910016105
5,0.05038331567317271,7,8,61,11.077855848022008,0.0569024905038544,11.07800198966316,0.5581464712732344,5.199393407621201e-8,0.0,5.199393407621201e-8,1.4435086926162452e-9,2.7948747010094823e-10,0.0,0.0,5.1372759719914744e-12,5.655957045979014e-10,0.019531163910016105
5,0.05038331567317271,7,6,62,11.067585556821417,0.055603144951514416,11.067725230023129,0.5576286940481934,0.0,2.2676216186332588e-8,2.2676216186332588e-8,0.0,0.0,6.404049948314574e-10,3.294777201878202e-11,5.1372759719914744e-12,5.655957045979014e-10,0.019531163910016105
5,0.05038331567317271,7,8,63,11.067585556824579,0.05560314495187903,11.067725230026292,0.5576286940483527,2.2676216046512842e-8,0.0,2.2676216046512842e-8,6.404049921767602e-10,3.2947765157173256e-11,0.0,0.0,5.1372759719914744e-12,5.655957045979014e-10,0.019531163910016105
5,0.05038331567317271,7,8,64,8.697823415466935,0.03289606505154688,8.69788562339956,0.43822831705289067,7.9534311244466e-11,0.0,7.9534311244466e-11,-1.482703534092628e-13,-2.2442275450606067e-12,0.0,0.0,5.1372759719914744e-12,5.655957045979014e-10,0.019531163910016105
5,0.05038331567317271,7,6,65,8.697823415466877,0.03289606505281469,8.697885623399507,0.438228317052888,0.0,7.953430890521925e-11,7.953430890521925e-11,0.0,0.0,-1.482703216170671e-13,-2.244227607646113e-12,5.1372759719914744e-12,5.655957045979014e-10,0.019531163910016105
5,0.05038331567317271,7,6,66,13.033536118103736,0.06821576772675192,13.033714632938729,0.6566817587454024,0.0,1.496199069989941e-18,1.496199069989941e-18,0.0,0.0,-3.629859248094613e-20,-1.8971576113746293e-20,5.1372759719914744e-12,5.655957045979014e-10,0.019531163910016105
5,0.05038331567317271,7,8,67,13.033536118101004,0.06821576774357685,13.033714632936086,0.6566817587452691,8.444926123178663e-19,0.0,8.444926123178663e-19,-1.206049782344941e-21,-2.403251603085003e-20,0.0,0.0,5.1372759719914744e-12,5.655957045979014e-10,0.019531163910016105
5,0.05038331567317271,7,6,68,6.808829699270859,0.06685051784484153,6.809157867564022,0.3430679503099457,0.0,2.3045017973842683e-19,2.3045017973842683e-19,0.0,0.0,5.245205592616176e-21,-3.932633468942897e-21,5.1372759719914744e-12,5.655957045979014e-10,0.019531163910016105
5,0.05038331567317271,7,8,69,6.808829699271177,0.06685051783991064,6.809157867564291,0.34306795030995924,9.483742240988519e-20,0.0,9.483742240988519e-20,-6.323335586533019e-22,-2.288980483157798e-21,0.0,0.0,5.1372759719914744e-12,5.655957045979014e-10,0.019531163910016105
5,0.05038331567317271,7,6,70,9.062817445865605,0.03494761897478725,9.062884827313981,0.4566181871641677,0.0,2.620650183991184e-20,2.620650183991184e-20,0.0,0.0,-2.0279261289530308e-22,-7.155100991129944e-22,5.1372759719914744e-12,5.655957045979014e-10,0.019531163910016105
5,0.05038331567317271,7,8,71,9.062817445869083,0.034947618981029,9.062884827317484,0.45661818716434416,8.212426609860011e-21,0.0,8.212426609860011e-21,-1.3132719413406893e-23,-2.3262172362723674e-22,0.0,0.0,5.1372759719914744e-12,5.655957045979014e-10,0.019531163910016105
5,0.05038331567317271,7,8,72,2.175560238551967,0.06681782747229237,2.176586082294107,0.10966362367405827,3.940848477470876e-21,0.0,3.940848477470876e-21,1.1117358671689283e-22,-3.1024866915770225e-23,0.0,0.0,5.1372759719914744e-12,5.655957045979014e-10,0.019531163910016105
5,0.05038331567317271,7,6,73,9.096982382603906,0.03569787114116966,9.097052424132217,0.4583396639804545,0.0,3.6842548033800476e-21,3.6842548033800476e-21,0.0,0.0,1.106364293220765e-22,-9.983477718621936e-23,5.1372759719914744e-12,5.655957045979014e-10,0.019531163910016105
5,0.05038331567317271,7,6,74,2.175560238551621,0.06681782747261467,2.176586082293771,0.10966362367404132,0.0,2.8570453983179245e-21,2.8570453983179245e-21,0.0,0.0,8.097916159005498e-23,-1.7046012448841453e-23,5.1372759719914744e-12,5.655957045979014e-10,0.019531163910016105
5,0.05038331567317271,7,8,75,9.096982382600306,0.03569787113637679,9.097052424128599,0.4583396639802722,2.659711672886436e-21,0.0,2.659711672886436e-21,-4.9392927809568483e-23,2.6167836018269537e-23,0.0,0.0,5.1372759719914744e-12,5.655957045979014e-10,0.019531163910016105
5,0.05038331567317271,7,8,76,4.464301581118501,0.035854281062120644,4.464445557585805,0.22493356983353915,1.9537956426252374e-21,0.0,1.9537956426252374e-21,-4.725113597796391e-23,2.5063930505699982e-23,0.0,0.0,5.1372759719914744e-12,5.655957045979014e-10,0.019531163910016105
5,0.05038331567317271,7,6,77,10.978412211995055,-0.0006055525121793012,10.978412228695733,0.5531288089085967,0.0,1.7241382325323408e-22,1.7241382325323408e-22,0.0,0.0,-2.1090016966981216e-24,5.0966342082453885e-24,5.1372759719914744e-12,5.655957045979014e-10,0.019531163910016105
5,0.05038331567317271,7,8,78,9.107933458062602,0.02945848671389948,9.107981097857838,0.4588902867986616,1.5170493986826554e-22,0.0,1.5170493986826554e-22,-4.151660601743001e-24,-1.845002085583984e-24,0.0,0.0,5.1372759719914744e-12,5.655957045979014e-10,0.019531163910016105
5,0.05038331567317271,7,6,79,4.464301581121323,0.035854281063400356,4.464445557588638,0.2249335698336819,0.0,1.2856103839347922e-22,1.2856103839347922e-22,0.0,0.0,-1.789061670073651e-24,2.4342469512129358e-24,5.1372759719914744e-12,5.655957045979014e-10,0.019531163910016105
6,0.029088820866572156,8,9,0,0.3282720867373368,0.04997466489041935,0.3320542577076754,0.009659066820441155,14.151065004974015,0.0,14.151065004974015,0.3975188969771173,0.046008415972290884,0.0,0.0,7.591983488379026e-12,3.693149455826111e-8,0.01037916229635763
6,0.029088820866572156,8,7,1,0.32827208673733416,0.04997466489091641,0.33205425770774755,0.009659066820443254,0.0,14.151065004960252,14.151065004960252,0.0,0.0,0.39751889697686593,0.04600841597281402,7.591983488379026e-12,3.693149455826111e-8,0.01037916229635763
6,0.029088820866572156,8,9,2,0.24248243402132874,-0.03549156439653442,0.2450660767063067,0.007128683205783387,10.733122958606298,0.0,10.733122958606298,0.2998270626114743,-0.04718919918589659,0.0,0.0,7.591983488379026e-12,3.693149455826111e-8,0.01037916229635763
6,0.029088820866572156,8,7,3,0.24248243402102976,-0.03549156439598675,0.24506607670593156,0.007128683205772474,0.0,10.733122958515004,10.733122958515004,0.0,0.0,0.29982706261162484,-0.04718919918535658,7.591983488379026e-12,3.693149455826111e-8,0.01037916229635763
6,0.029088820866572156,8,7,4,1.0040018542880023,0.025454481706033677,1.0043244764779309,0.029214614788180392,0.0,2.7709515839174426,2.7709515839174426,0.0,0.0,0.07676425832120981,0.015726741180080883,7.591983488379026e-12,3.693149455826111e-8,0.01037916229635763
6,0.029088820866572156,8,9,5,1.004001854288241,0.02545448170519872,1.0043244764781483,0.029214614788186714,2.7709515839044827,0.0,2.7709515839044827,0.07676425832118561,0.01572674117994821,0.0,0.0,7.591983488379026e-12,3.693149455826111e-8,0.01037916229635763
6,0.029088820866572156,8,7,6,0.9748756327406387,-0.003955401349012101,0.9748836569105528,0.028358216061619857,0.0,1.5999642946955237,1.5999642946955237,0.0,0.0,0.04274685683940965,-0.01482551407380861,7.591983488379026e-12,3.693149455826111e-8,0.01037916229635763
6,0.029088820866572156,8,9,7,0.9748756327420602,-0.003955401350933245,0.9748836569119821,0.028358216061661435,1.5999642946932608,0.0,1.5999642946932608,0.04274685683947671,-0.014825514073888768,0.0,0.0,7.591983488379026e-12,3.693149455826111e-8,0.01037916229635763
6,0.029088820866572156,8,7,8,11.697975259759135,0.004431946566066235,11.697976099312529,0.34028033125434465,0.0,1.226938446688901,1.226938446688901,0.0,0.0,0.034688696855238954,0.0007176765705018684,7.591983488379026e-12,3.693149455826111e-8,0.01037916229635763
6,0.029088820866572156,8,9,9,11.697975259761526,0.004431946557287597,11.697976099314916,0.3402803312544141,1.2269384416802693,0.0,1.2269384416802693,0.034688696855140144,0.0007176765704302035,0.0,0.0,7.591983488379026e-12,3.693149455826111e-8,0.01037916229635763
6,0.029088820866572156,8,7,10,11.688620934227576,-0.00447600902292674,11.688621791242964,0.34000822546257836,0.0,1.1770473243724675,1.1770473243724675,0.0,0.0,0.03327891400403249,-0.0006503571350084392,7.591983488379026e-12,3.693149455826111e-8,0.01037916229635763
6,0.029088820866572156,8,9,11,11.688620934225858,-0.004476009019702819,11.688621791241246,0.34000822546252835,1.177047319367967,0.0,1.177047319367967,0.033278914004125304,-0.0006503571348714376,0.0,0.0,7.591983488379026e-12,3.693149455826111e-8,0.01037916229635763
6,0.029088820866572156,8,7,12,3.8693251091508154,0.004417953836036111,3.869327631336104,0.11255417834201388,0.0,1.1646214811399513,1.1646214811399513,0.0,0.0,0.032876221376843484,0.0019479996166932856,7.591983488379026e-12,3.693149455826111e-8,0.01037916229635763
6,0.029088820866572156,8,9,13,3.869325109151604,0.004417953835054077,3.869327631336892,0.11255417834203679,1.164621480949597,0.0,1.164621480949597,0.032876221376756554,0.0019479996167592883,0.0,0.0,7.591983488379026e-12,3.693149455826111e-8,0.01037916229635763
6,0.029088820866572156,8,7,14,3.8607301152337987,-0.003942259011269385,3.86073212798807,0.11230414528486489,0.0,1.034224081063671,1.034224081063671,0.0,0.0,0.029200285638416257,-0.0016421590087462024,7.591983488379026e-12,3.693149455826111e-8,0.01037916229635763
6,0.029088820866572156,8,9,15,3.860730115234529,-0.003942259010626087,3.8607321279887996,0.11230414528488612,1.0342240808701155,0.0,1.0342240808701155,0.029200285638473544,-0.0016421590088109839,0.0,0.0,7.591983488379026e-12,3.693149455826111e-8,0.01037916229635763
6,0.029088820866572156,8,9,16,4.401861857659407,0.061492450291922865,4.402291350576382,0.12805746449937638,0.024461306988397796,0.0,0.024461306988397796,0.0006916938476926662,7.254431407243203e-6,0.0,0.0,7.591983488379026e-12,3.693149455826111e-8,0.01037916229635763
6,0.029088820866572156,8,7,17,4.401861857659458,0.061492450291049675,4.402291350576422,0.12805746449937755,0.0,0.024461306988073177,0.024461306988073177,0.0,0.0,0.0006916938476919012,7.254431402125769e-6,7.591983488379026e-12,3.693149455826111e-8,0.01037916229635763
6,0.029088820866572156,8,9,18,4.3337485834672975,0.01003399809119497,4.333760199390651,0.1260639741187547,0.012352019520433674,0.0,0.012352019520433674,0.00029647891077437104,-0.00018468717739857868,0.0,0.0,7.591983488379026e-12,3.693149455826111e-8,0.01037916229635763
6,0.029088820866572156,8,7,19,4.3337485834669565,0.010033998091444667,4.333760199390311,0.1260639741187448,0.0,0.012352019519788655,0.012352019519788655,0.0,0.0,0.000296478910774329,-0.00018468717741093165,7.591983488379026e-12,3.693149455826111e-8,0.01037916229635763
6,0.029088820866572156,8,9,20,4.285275875873632,-0.04167268574082547,4.285478496630379,0.12465951631602804,0.01062599831856399,0.0,0.01062599831856399,0.00029430359471433343,6.0652647014050425e-5,0.0,0.0,7.591983488379026e-12,3.693149455826111e-8,0.01037916229635763
6,0.029088820866572156,8,7,21,4.285275875874379,-0.04167268574114263,4.2854784966311295,0.12465951631604986,0.0,0.010625998317992758,0.010625998317992758,0.0,0.0,0.0002943035946957346,6.06526470202204e-5,7.591983488379026e-12,3.693149455826111e-8,0.01037916229635763
6,0.029088820866572156,8,7,22,4.651158753797768,0.010430450063194555,4.65117044917923,0.13529706401606859,0.0,0.010303949286039445,0.010303949286039445,0.0,0.0,0.00029134801533377015,4.4118632535126816e-6,7.591983488379026e-12,3.693149455826111e-8,0.01037916229635763
6,0.029088820866572156,8,9,23,4.65115875379608,0.010430450062376341,4.651170449177541,0.13529706401601943,0.010303949281507109,0.0,0.010303949281507109,0.00029134801532031867,4.411863249037095e-6,0.0,0.0,7.591983488379026e-12,3.693149455826111e-8,0.01037916229635763
6,0.029088820866572156,8,7,24,4.648334414504267,0.007603890286870904,4.648340633840448,0.13521474802459327,0.0,0.009197914171681039,0.009197914171681039,0.0,0.0,0.00025888453385276107,-2.5160140807397192e-5,7.591983488379026e-12,3.693149455826111e-8,0.01037916229635763
6,0.029088820866572156,8,9,25,4.6483344145065715,0.007603890284928819,4.64834063384275,0.13521474802466021,0.009197914168381371,0.0,0.009197914168381371,0.00025888453385987473,-2.5160140813099228e-5,0.0,0.0,7.591983488379026e-12,3.693149455826111e-8,0.01037916229635763
6,0.029088820866572156,8,9,26,12.234101984257148,0.060961550954535385,12.234253866578847,0.3558800191610798,0.008044438705747264,0.0,0.008044438705747264,0.0002274594133160365,-3.4507381975286064e-6,0.0,0.0,7.591983488379026e-12,3.693149455826111e-8,0.01037916229635763
6,0.029088820866572156,8,7,27,12.234101984270787,0.06096155094843925,12.234253866592455,0.3558800191614757,0.0,0.008044438705192785,0.008044438705192785,0.0,0.0,0.00022745941331747113,-3.450738214917041e-6,7.591983488379026e-12,3.693149455826111e-8,0.01037916229635763
6,0.029088820866572156,8,9,28,4.328498020065179,0.018393506870637108,4.328537100546,0.12591204033209422,0.005077862399032716,0.0,0.005077862399032716,0.00012467629034852365,7.124129980393698e-5,0.0,0.0,7.591983488379026e-12,3.693149455826111e-8,0.01037916229635763
6,0.029088820866572156,8,7,29,4.328498020065121,0.018393506870954313,4.328537100545944,0.12591204033209258,0.0,0.0050778623982001315,0.0050778623982001315,0.0,0.0,0.0001246762903426642,7.124129980279868e-5,7.591983488379026e-12,3.693149455826111e-8,0.01037916229635763
6,0.029088820866572156,8,9,30,12.163914226880749,0.008676166798218449,12.163917321109274,0.3538340119895419,0.004654192235532198,0.0,0.004654192235532198,0.00011166640198670224,-6.96626803635119e-5,0.0,0.0,7.591983488379026e-12,3.693149455826111e-8,0.01037916229635763
6,0.029088820866572156,8,7,31,12.163914226882806,0.00867616679910848,12.163917321111331,0.35383401198960174,0.0,0.0046541922273953245,0.0046541922273953245,0.0,0.0,0.00011166640197639343,-6.966268037203027e-5,7.591983488379026e-12,3.693149455826111e-8,0.01037916229635763
6,0.029088820866572156,8,7,32,12.114473426638606,-0.040472307498820366,12.114541031851235,0.3523977139562588,0.0,0.0034055643948352732,0.0034055643948352732,0.0,0.0,9.133865116138767e-5,3.0525980591711885e-5,7.591983488379026e-12,3.693149455826111e-8,0.01037916229635763
6,0.029088820866572156,8,9,33,12.114473426607736,-0.04047230751944502,12.114541031820435,0.35239771395536285,0.0034055643926096655,0.0,0.0034055643926096655,9.133865112816034e-5,3.052598051682062e-5,0.0,0.0,7.591983488379026e-12,3.693149455826111e-8,0.01037916229635763
6,0.029088820866572156,8,9,34,12.480172363351707,0.011002142530708588,12.48017721292883,0.36303363932996247,0.003175463883950282,0.0,0.003175463883950282,8.977821396513293e-5,-1.8716543676931385e-6,0.0,0.0,7.591983488379026e-12,3.693149455826111e-8,0.01037916229635763
6,0.029088820866572156,8,7,35,12.480172363349443,0.011002142544395445,12.480177212926577,0.36303363932989696,0.0,0.0031754638700493753,0.0031754638700493753,0.0,0.0,8.977821396373843e-5,-1.8716543652213743e-6,7.591983488379026e-12,3.693149455826111e-8,0.01037916229635763
6,0.029088820866572156,8,9,36,12.475882888505637,0.006867339623625991,12.47588477856626,0.36290877747570816,0.003030625673929011,0.0,0.003030625673929011,8.552836577544311e-5,-5.4510455529139384e-6,0.0,0.0,7.591983488379026e-12,3.693149455826111e-8,0.01037916229635763
6,0.029088820866572156,8,7,37,12.475882888509572,0.006867339615039873,12.475884778570189,0.36290877747582245,0.0,0.003030625660447807,0.003030625660447807,0.0,0.0,8.552836578193997e-5,-5.451045552683871e-6,7.591983488379026e-12,3.693149455826111e-8,0.01037916229635763
6,0.029088820866572156,8,9,38,12.156631823060787,0.01925789461215012,12.156647076721406,0.353622529152887,0.0013944469837852192,0.0,0.0013944469837852192,3.364127107584791e-5,2.0572523178834814e-5,0.0,0.0,7.591983488379026e-12,3.693149455826111e-8,0.01037916229635763
6,0.029088820866572156,8,7,39,12.156631823059408,0.019257894622319388,12.156647076720045,0.3536225291528474,0.0,0.0013944469809745144,0.0013944469809745144,0.0,0.0,3.364127107537379e-5,2.057252316358223e-5,7.591983488379026e-12,3.693149455826111e-8,0.01037916229635763
6,0.029088820866572156,8,9,40,8.045043409127606,0.04763202548550115,8.045184414579904,0.234024928274253,0.00024964315370035303,0.0,0.00024964315370035303,7.00611098899235e-6,8.670837213360335e-7,0.0,0.0,7.591983488379026e-12,3.693149455826111e-8,0.01037916229635763
6,0.029088820866572156,8,7,41,8.045043409127159,0.047632025484804164,8.045184414579452,0.23402492827423987,0.0,0.0002496431536945127,0.0002496431536945127,0.0,0.0,7.006110988585815e-6,8.670837220404532e-7,7.591983488379026e-12,3.693149455826111e-8,0.01037916229635763
6,0.029088820866572156,8,9,42,7.963824403306848,-0.0332443659705681,7.963893791015452,0.2316602798872547,0.00018081183603723222,0.0,0.00018081183603723222,5.033810137092601e-6,-8.970130626445144e-7,0.0,0.0,7.591983488379026e-12,3.693149455826111e-8,0.01037916229635763
6,0.029088820866572156,8,7,43,7.963824403306429,-0.03324436597031567,7.963893791015031,0.23166027988724247,0.0,0.000180811836019996,0.000180811836019996,0.0,0.0,5.033810136498526e-6,-8.97013062944879e-7,7.591983488379026e-12,3.693149455826111e-8,0.01037916229635763
6,0.029088820866572156,8,7,44,8.0774151462462,0.04072835320515086,8.077517826879884,0.23496546911265215,0.0,0.00017805394379855391,0.00017805394379855391,0.0,0.0,4.99777904742317e-6,-6.120683318455397e-7,7.591983488379026e-12,3.693149455826111e-8,0.01037916229635763
6,0.029088820866572156,8,9,45,8.077415146247803,0.040728353204581944,8.077517826881484,0.2349654691126987,0.0001780539437577806,0.0,0.0001780539437577806,4.997779047496618e-6,-6.120683322713194e-7,0.0,0.0,7.591983488379026e-12,3.693149455826111e-8,0.01037916229635763
6,0.029088820866572156,8,7,46,8.063362287688731,0.04367152576677974,8.063480550276267,0.234557141288075,0.0,0.0001243394647682223,0.0001243394647682223,0.0,0.0,3.2466625455901674e-6,-1.3499919509727068e-6,7.591983488379026e-12,3.693149455826111e-8,0.01037916229635763
6,0.029088820866572156,8,9,47,8.06336228768864,0.04367152576633229,8.063480550276173,0.23455714128807229,0.00012433946469861458,0.0,0.00012433946469861458,3.246662544073775e-6,-1.34999195018025e-6,0.0,0.0,7.591983488379026e-12,3.693149455826111e-8,0.01037916229635763
6,0.029088820866572156,8,9,48,11.60235027078025,0.004416916134817046,11.602351111521434,0.33749871311412133,0.00010831141932896062,0.0,0.00010831141932896062,3.003551674495025e-6,-6.00012578071459e-7,0.0,0.0,7.591983488379026e-12,3.693149455826111e-8,0.01037916229635763
6,0.029088820866572156,8,7,49,11.60235027078174,0.004416916130869017,11.602351111522923,0.33749871311416463,0.0,0.0001083114193126005,0.0001083114193126005,0.0,0.0,3.003551679068491e-6,-6.000125778404697e-7,7.591983488379026e-12,3.693149455826111e-8,0.01037916229635763
6,0.029088820866572156,8,9,50,7.993148208131821,-0.02369108427113787,7.993183317342027,0.2325122776718352,0.00010489597883971353,0.0,0.00010489597883971353,2.742103742454577e-6,1.1313178332791146e-6,0.0,0.0,7.591983488379026e-12,3.693149455826111e-8,0.01037916229635763
6,0.029088820866572156,8,7,51,7.9931482081328085,-0.02369108427081645,7.993183317343013,0.2325122776718639,0.0,0.0001048959788322261,0.0001048959788322261,0.0,0.0,2.742103742104969e-6,1.1313178333589322e-6,7.591983488379026e-12,3.693149455826111e-8,0.01037916229635763
6,0.029088820866572156,8,7,52,11.594315351843461,-0.003719639894747967,11.594315948503125,0.33726497969644803,0.0,9.106974851181619e-5,9.106974851181619e-5,0.0,0.0,2.5403237092183892e-6,-4.231564721294962e-7,7.591983488379026e-12,3.693149455826111e-8,0.01037916229635763
6,0.029088820866572156,8,9,53,11.594315351844841,-0.0037196398961809388,11.594315948504505,0.33726497969648817,9.106974844505179e-5,0.0,9.106974844505179e-5,2.540323709987763e-6,-4.231564713891826e-7,0.0,0.0,7.591983488379026e-12,3.693149455826111e-8,0.01037916229635763
6,0.029088820866572156,8,7,54,7.968734223450255,-0.03113463706595691,7.968795046279743,0.23180285162365902,0.0,4.822374225354e-5,4.822374225354e-5,0.0,0.0,1.2541065504286722e-6,5.356269506213801e-7,7.591983488379026e-12,3.693149455826111e-8,0.01037916229635763
6,0.029088820866572156,8,9,55,7.968734223450261,-0.031134637066593522,7.968795046279752,0.23180285162365927,4.82237422407325e-5,0.0,4.82237422407325e-5,1.2541065504408728e-6,5.356269501644177e-7,0.0,0.0,7.591983488379026e-12,3.693149455826111e-8,0.01037916229635763
6,0.029088820866572156,8,7,56,8.699595405176323,0.027115023240613628,8.6996376613196,0.25306220153421055,0.0,1.596572712028831e-5,1.596572712028831e-5,0.0,0.0,4.374501650121829e-7,1.1171104530926133e-7,7.591983488379026e-12,3.693149455826111e-8,0.01037916229635763
6,0.029088820866572156,8,9,57,8.699595405176574,0.02711502324122622,8.699637661319851,0.2530622015342179,1.596572711466585e-5,0.0,1.596572711466585e-5,4.374501649164783e-7,1.1171104545255643e-7,0.0,0.0,7.591983488379026e-12,3.693149455826111e-8,0.01037916229635763
6,0.029088820866572156,8,9,58,5.139730289795849,0.010371717661179447,5.139740754587936,0.14950899811082888,1.2899487037409788e-5,0.0,1.2899487037409788e-5,1.9704205144918766e-7,3.06983075701023e-7,0.0,0.0,7.591983488379026e-12,3.693149455826111e-8,0.01037916229635763
6,0.029088820866572156,8,7,59,5.139730289795608,0.010371717660666697,5.139740754587694,0.14950899811082183,0.0,1.289948702931259e-5,1.289948702931259e-5,0.0,0.0,1.970420515301098e-7,3.069830755661076e-7,7.591983488379026e-12,3.693149455826111e-8,0.01037916229635763
6,0.029088820866572156,8,7,60,8.740145195966887,0.020605013900716923,8.740169484236613,0.2542412244704392,0.0,1.08037770862504e-5,1.08037770862504e-5,0.0,0.0,3.052705782924992e-7,1.223979253801076e-8,7.591983488379026e-12,3.693149455826111e-8,0.01037916229635763
6,0.029088820866572156,8,9,61,8.740145195970088,0.02060501389983546,8.740169484239813,0.25424122447053227,1.0803777070192851e-5,0.0,1.0803777070192851e-5,3.05270578263058e-7,1.2239792537484752e-8,0.0,0.0,7.591983488379026e-12,3.693149455826111e-8,0.01037916229635763
6,0.029088820866572156,8,9,62,8.667511161319176,-0.005251095123707125,8.667512751971726,0.2521277258008354,8.056643238062772e-6,0.0,8.056643238062772e-6,2.0773176917953147e-7,-9.35646651378079e-8,0.0,0.0,7.591983488379026e-12,3.693149455826111e-8,0.01037916229635763
6,0.029088820866572156,8,7,63,8.667511161318842,-0.005251095124309324,8.667512751971392,0.2521277258008257,0.0,8.056643237859631e-6,8.056643237859631e-6,0.0,0.0,2.0773176921635877e-7,-9.35646651498544e-8,7.591983488379026e-12,3.693149455826111e-8,0.01037916229635763
6,0.029088820866572156,8,7,64,8.737103060672801,0.023189173116897083,8.737133833847796,0.25415292098006537,0.0,6.709532720197353e-6,6.709532720197353e-6,0.0,0.0,1.827398762444505e-7,-5.1048986681351236e-8,7.591983488379026e-12,3.693149455826111e-8,0.01037916229635763
6,0.029088820866572156,8,9,65,8.737103060672709,0.023189173116038228,8.7371338338477,0.25415292098006254,6.709532706196025e-6,0.0,6.709532706196025e-6,1.827398760993146e-7,-5.104898671729e-8,0.0,0.0,7.591983488379026e-12,3.693149455826111e-8,0.01037916229635763
6,0.029088820866572156,8,9,66,5.142933389623684,0.013566051468423108,5.142951281886559,0.14960238856430574,5.1506302781796195e-6,0.0,5.1506302781796195e-6,-9.087391854185184e-8,1.1382722675383344e-7,0.0,0.0,7.591983488379026e-12,3.693149455826111e-8,0.01037916229635763
6,0.029088820866572156,8,7,67,5.142933389622789,0.01356605146866214,5.142951281885665,0.14960238856427976,0.0,5.150630273558807e-6,5.150630273558807e-6,0.0,0.0,-9.087391853986406e-8,1.1382722676888818e-7,7.591983488379026e-12,3.693149455826111e-8,0.01037916229635763
6,0.029088820866572156,8,9,68,8.71470554298272,0.0022422020963354453,8.714705831430226,0.25350051683534564,3.3181770033159987e-6,0.0,3.3181770033159987e-6,9.183500130231911e-8,1.9262632011766393e-8,0.0,0.0,7.591983488379026e-12,3.693149455826111e-8,0.01037916229635763
6,0.029088820866572156,8,7,69,8.71470554298538,0.002242202098537441,8.714705831432886,0.25350051683542296,0.0,3.318176999178536e-6,3.318176999178536e-6,0.0,0.0,9.183500126534973e-8,1.92626320392812e-8,7.591983488379026e-12,3.693149455826111e-8,0.01037916229635763
6,0.029088820866572156,8,9,70,8.704474352652573,-0.0023453314972850525,8.704474668615347,0.2532029043729669,1.0738321393251713e-6,0.0,1.0738321393251713e-6,2.9740778604735272e-8,6.132663165036999e-9,0.0,0.0,7.591983488379026e-12,3.693149455826111e-8,0.01037916229635763
6,0.029088820866572156,8,7,71,8.704474352651618,-0.002345331494932025,8.704474668614392,0.2532029043729391,0.0,1.0738321384652287e-6,1.0738321384652287e-6,0.0,0.0,2.9740778570310212e-8,6.132663176828968e-9,7.591983488379026e-12,3.693149455826111e-8,0.01037916229635763
6,0.029088820866572156,8,9,72,12.060741208115314,0.01848889702645444,12.06075537967851,0.3508331527550146,5.807867900835125e-7,0.0,5.807867900835125e-7,1.6271993924135977e-8,2.228214501258581e-9,0.0,0.0,7.591983488379026e-12,3.693149455826111e-8,0.01037916229635763
6,0.029088820866572156,8,7,73,12.060741208118976,0.01848889702524846,12.06075537968217,0.3508331527551211,0.0,5.807867882652002e-7,5.807867882652002e-7,0.0,0.0,1.6271993844774204e-8,2.228214444083195e-9,7.591983488379026e-12,3.693149455826111e-8,0.01037916229635763
6,0.029088820866572156,8,9,74,12.017730776442722,-0.040896834606240634,12.017800363050611,0.34958364197100505,1.6045968282051598e-7,0.0,1.6045968282051598e-7,4.374960981766903e-9,1.2038801109160695e-9,0.0,0.0,7.591983488379026e-12,3.693149455826111e-8,0.01037916229635763
6,0.029088820866572156,8,7,75,12.017730776442804,-0.04089683460815621,12.0178003630507,0.3495836419710076,0.0,1.6045968130111153e-7,1.6045968130111153e-7,0.0,0.0,4.374961003203467e-9,1.203880135878779e-9,7.591983488379026e-12,3.693149455826111e-8,0.01037916229635763
6,0.029088820866572156,8,7,76,12.13346972312189,0.06115175651293821,12.133623822223935,0.3529528098270446,0.0,1.5011468952892668e-7,1.5011468952892668e-7,0.0,0.0,3.4574096640137215e-9,-2.4630559892934026e-9,7.591983488379026e-12,3.693149455826111e-8,0.01037916229635763
6,0.029088820866572156,8,9,77,12.133469723117022,0.061151756511444486,12.13362382221906,0.3529528098269028,1.5011468680800693e-7,0.0,1.5011468680800693e-7,3.4574096396873687e-9,-2.4630559515012674e-9,0.0,0.0,7.591983488379026e-12,3.693149455826111e-8,0.01037916229635763
6,0.029088820866572156,8,9,78,12.38600351345811,0.012130951118697046,12.386009454032065,0.3602944102600079,9.89859340058006e-8,0.0,9.89859340058006e-8,2.596005677989335e-9,1.046991908276781e-9,0.0,0.0,7.591983488379026e-12,3.693149455826111e-8,0.01037916229635763
6,0.029088820866572156,8,7,79,12.386003513459185,0.01213095112028316,12.386009454033141,0.3602944102600392,0.0,9.898593386024683e-8,9.898593386024683e-8,0.0,0.0,2.596005677172769e-9,1.0469919125679888e-9,7.591983488379026e-12,3.693149455826111e-8,0.01037916229635763
7,0.01679443855772424,9,8,0,0.6004309213301786,0.09333510428292988,0.6076419447181971,0.01020500530566583,0.0,25.833473742031465,25.833473742031465,0.0,0.0,0.7305150554694446,-0.005379749430888481,2.3337288705371225e-11,9.076013483763799e-6,0.01851163823887451
7,0.01679443855772424,9,10,1,0.600430921331653,0.09333510428007405,0.6076419447192154,0.010205005305682932,25.833473741989035,0.0,25.833473741989035,0.7305150554693007,-0.005379749430453273,0.0,0.0,2.3337288705371225e-11,9.076013483763799e-6,0.01851163823887451
7,0.01679443855772424,9,10,2,2.1437953827724865,0.013943694747282562,2.1438407286502974,0.03600460139486419,2.028972582017681,0.0,2.028972582017681,0.05545137821463597,0.014738094202268681,0.0,0.0,2.3337288705371225e-11,9.076013483763799e-6,0.01851163823887451
7,0.01679443855772424,9,8,3,2.143795382772515,0.013943694747569013,2.1438407286503276,0.036004601394864694,0.0,2.0289725819968414,2.0289725819968414,0.0,0.0,0.05545137821446011,0.01473809420232397,2.3337288705371225e-11,9.076013483763799e-6,0.01851163823887451
7,0.01679443855772424,9,10,4,6.755372995612607,0.009461527508804954,6.755379621483521,0.11345280798710743,1.2643434657984232,0.0,1.2643434657984232,0.03558079602440983,0.003513838485402987,0.0,0.0,2.3337288705371225e-11,9.076013483763799e-6,0.01851163823887451
7,0.01679443855772424,9,8,5,6.755372995610844,0.009461527510708695,6.755379621481761,0.11345280798707787,0.0,1.2643434655607204,1.2643434655607204,0.0,0.0,0.03558079602431652,0.003513838485342924,2.3337288705371225e-11,9.076013483763799e-6,0.01851163823887451
7,0.01679443855772424,9,10,6,6.710361427645013,-0.0030592616383974536,6.71036212500546,0.11269676440848407,0.8715881428685135,0.0,0.8715881428685135,0.024637548047765523,-0.0006934741159579372,0.0,0.0,2.3337288705371225e-11,9.076013483763799e-6,0.01851163823887451
7,0.01679443855772424,9,8,7,6.710361427646484,-0.003059261635151231,6.710362125006929,0.11269676440850875,0.0,0.8715881426208552,0.8715881426208552,0.0,0.0,0.02463754804773788,-0.000693474115991688,2.3337288705371225e-11,9.076013483763799e-6,0.01851163823887451
7,0.01679443855772424,9,10,8,2.093660380814444,-0.002386487416494998,2.0936617409491607,0.035161873469028646,0.6768857288694556,0.0,0.6768857288694556,0.019092757271431338,-0.0013636248044957555,0.0,0.0,2.3337288705371225e-11,9.076013483763799e-6,0.01851163823887451
7,0.01679443855772424,9,8,9,2.0936603808143275,-0.002386487416301278,2.0936617409490443,0.03516187346902669,0.0,0.6768857288540757,0.6768857288540757,0.0,0.0,0.019092757271381933,-0.001363624804467778,2.3337288705371225e-11,9.076013483763799e-6,0.01851163823887451
7,0.01679443855772424,9,10,10,2.332313132523995,0.17693861086451618,2.3390151389331697,0.039282446036399944,0.5533579191427946,0.0,0.5533579191427946,0.013083358820050073,-0.008584389915724855,0.0,0.0,2.3337288705371225e-11,9.076013483763799e-6,0.01851163823887451
7,0.01679443855772424,9,8,11,2.332313132523585,0.1769386108645072,2.3390151389327603,0.03928244603639307,0.0,0.5533579191397585,0.5533579191397585,0.0,0.0,0.0130833588200567,-0.008584389915635093,2.3337288705371225e-11,9.076013483763799e-6,0.01851163823887451
7,0.01679443855772424,9,8,12,6.946183571123793,0.18013609978646147,6.94851892263354,0.11669647411335322,0.0,0.11678449597491128,0.11678449597491128,0.0,0.0,0.0023545741743511046,-0.002315709824341823,2.3337288705371225e-11,9.076013483763799e-6,0.01851163823887451
7,0.01679443855772424,9,10,13,6.94618357112387,0.18013609978813871,6.948518922633661,0.11669647411335525,0.11678449597444726,0.0,0.11678449597444726,0.0023545741743067512,-0.0023157098243375487,0.0,0.0,2.3337288705371225e-11,9.076013483763799e-6,0.01851163823887451
7,0.01679443855772424,9,8,14,4.751098521340035,0.0922055181116819,4.751993162563442,0.07980705719539744,0.0,0.002131855656464276,0.002131855656464276,0.0,0.0,6.018272541607507e-5,3.5259634186090953e-6,2.3337288705371225e-11,9.076013483763799e-6,0.01851163823887451
7,0.01679443855772424,9,10,15,4.751098521339914,0.09220551811267706,4.751993162563341,0.07980705719539573,0.0021318556563841087,0.0,0.0021318556563841087,6.0182725415647135e-5,3.5259634180283966e-6,0.0,0.0,2.3337288705371225e-11,9.076013483763799e-6,0.01851163823887451
7,0.01679443855772424,9,10,16,9.369902489588334,0.09024219232843707,9.37033704397392,0.15736954975018738,0.0009304528435008574,0.0,0.0009304528435008574,2.6156325644130583e-5,2.8572111865152053e-6,0.0,0.0,2.3337288705371225e-11,9.076013483763799e-6,0.01851163823887451
7,0.01679443855772424,9,8,17,9.369902489588014,0.09024219232508547,9.370337043973569,0.1573695497501815,0.0,0.0009304528433526887,0.0009304528433526887,0.0,0.0,2.6156325639468405e-5,2.8572111854879238e-6,2.3337288705371225e-11,9.076013483763799e-6,0.01851163823887451
7,0.01679443855772424,9,8,18,4.827803153645451,0.08461254832311824,4.828544560598224,0.08109269494620046,0.0,0.0009070196438250143,0.0009070196438250143,0.0,0.0,2.488481752772805e-5,-6.215333509123862e-6,2.3337288705371225e-11,9.076013483763799e-6,0.01851163823887451
7,0.01679443855772424,9,10,19,4.827803153648413,0.08461254831955368,4.828544560601124,0.08109269494624916,0.0009070196437574874,0.0,0.0009070196437574874,2.488481752702229e-5,-6.2153335090947516e-6,0.0,0.0,2.3337288705371225e-11,9.076013483763799e-6,0.01851163823887451
7,0.01679443855772424,9,10,20,9.442380962993592,0.0851942107539276,9.44276528903741,0.15858594146174998,0.0008082768763471861,0.0,0.0008082768763471861,2.2585741286197127e-5,-3.510625334678921e-6,0.0,0.0,2.3337288705371225e-11,9.076013483763799e-6,0.01851163823887451
7,0.01679443855772424,9,8,21,9.442380962987148,0.08519421075684043,9.442765289030993,0.15858594146164218,0.0,0.00080827687623886,0.00080827687623886,0.0,0.0,2.2585741286635172e-5,-3.510625334479428e-6,2.3337288705371225e-11,9.076013483763799e-6,0.01851163823887451
7,0.01679443855772424,9,8,22,9.375402319822577,0.09583152362906229,9.37589208232772,0.15746284350050607,0.0,0.000770863670953056,0.000770863670953056,0.0,0.0,2.1795258749496673e-5,-4.0153313905452216e-7,2.3337288705371225e-11,9.076013483763799e-6,0.01851163823887451
7,0.01679443855772424,9,10,23,9.375402319824797,0.09583152362892507,9.375892082329939,0.15746284350054335,0.0007708636707400721,0.0,0.0007708636707400721,2.179525874356034e-5,-4.0153314092986666e-7,0.0,0.0,2.3337288705371225e-11,9.076013483763799e-6,0.01851163823887451
7,0.01679443855772424,9,8,24,4.837386921401006,0.09561394965160239,4.8383317636050425,0.08125706552575045,0.0,0.0004203340763898255,0.0004203340763898255,0.0,0.0,1.103149440361139e-5,-4.42653320647542e-6,2.3337288705371225e-11,9.076013483763799e-6,0.01851163823887451
7,0.01679443855772424,9,10,25,4.837386921402445,0.09561394964857495,4.838331763606422,0.08125706552577361,0.0004203340763586759,0.0,0.0004203340763586759,1.1031494402539223e-5,-4.426533206043935e-6,0.0,0.0,2.3337288705371225e-11,9.076013483763799e-6,0.01851163823887451
7,0.01679443855772424,9,8,26,9.45108826068447,0.09368954511673858,9.451552626003412,0.1587335198525115,0.0,0.0003891513169104041,0.0003891513169104041,0.0,0.0,1.037816890971605e-5,-3.660076464276509e-6,2.3337288705371225e-11,9.076013483763799e-6,0.01851163823887451
7,0.01679443855772424,9,10,27,9.45108826068206,0.09368954511217924,9.451552626000955,0.15873351985247025,0.00038915131687912425,0.0,0.00038915131687912425,1.0378168903477794e-5,-3.6600764611305066e-6,0.0,0.0,2.3337288705371225e-11,9.076013483763799e-6,0.01851163823887451
7,0.01679443855772424,9,10,28,10.955044453877745,0.0026721987960988264,10.955044779784515,0.18398382645120873,6.108466812817258e-5,0.0,6.108466812817258e-5,1.7225883254268463e-6,-1.28705390181761e-7,0.0,0.0,2.3337288705371225e-11,9.076013483763799e-6,0.01851163823887451
7,0.01679443855772424,9,8,29,10.955044453877887,0.002672198795060532,10.955044779784657,0.1839838264512111,0.0,6.10846681249557e-5,6.10846681249557e-5,0.0,0.0,1.7225883253204962e-6,-1.287053902585225e-7,2.3337288705371225e-11,9.076013483763799e-6,0.01851163823887451
7,0.01679443855772424,9,10,30,11.002835928550084,0.01798186310154249,11.002850622361152,0.18478669873706227,4.843046278165525e-5,0.0,4.843046278165525e-5,1.339452242412039e-6,2.8552599531077683e-7,0.0,0.0,2.3337288705371225e-11,9.076013483763799e-6,0.01851163823887451
7,0.01679443855772424,9,8,31,11.002835928548643,0.017981863103261463,11.002850622359714,0.18478669873703815,0.0,4.843046277567443e-5,4.843046277567443e-5,0.0,0.0,1.339452242240264e-6,2.855259956242925e-7,2.3337288705371225e-11,9.076013483763799e-6,0.01851163823887451
7,0.01679443855772424,9,8,32,10.996896124541482,0.014158352797052381,10.996905238880137,0.18468684935948826,0.0,4.662146570156086e-5,4.662146570156086e-5,0.0,0.0,1.2959347265445792e-6,2.4229459386781275e-7,2.3337288705371225e-11,9.076013483763799e-6,0.01851163823887451
7,0.01679443855772424,9,10,33,10.996896124542143,0.014158352796138085,10.996905238880796,0.18468684935949933,4.66214656944204e-5,0.0,4.66214656944204e-5,1.2959347262249903e-6,2.4229459406350955e-7,0.0,0.0,2.3337288705371225e-11,9.076013483763799e-6,0.01851163823887451
7,0.01679443855772424,9,10,34,9.4559594926011,0.09535723257196094,9.456440288370494,0.15881560539782635,3.7293024307608325e-5,0.0,3.7293024307608325e-5,2.047073384835212e-7,1.0345364648197535e-6,0.0,0.0,2.3337288705371225e-11,9.076013483763799e-6,0.01851163823887451
7,0.01679443855772424,9,8,35,9.455959492597506,0.09535723257369647,9.456440288366919,0.15881560539776632,0.0,3.729302430081156e-5,3.729302430081156e-5,0.0,0.0,2.0470733367936378e-7,1.0345364669564416e-6,2.3337288705371225e-11,9.076013483763799e-6,0.01851163823887451
7,0.01679443855772424,9,8,36,6.33969504907823,0.003374583032701217,6.339695947213689,0.10647163406013367,0.0,1.0420132455776113e-5,1.0420132455776113e-5,0.0,0.0,2.9392614010824384e-7,-2.088098603755187e-8,2.3337288705371225e-11,9.076013483763799e-6,0.01851163823887451
7,0.01679443855772424,9,10,37,6.33969504907846,0.0033745830322408493,6.339695947213919,0.10647163406013753,1.0420132451787616e-5,0.0,1.0420132451787616e-5,2.9392614012706787e-7,-2.0880985908354783e-8,0.0,0.0,2.3337288705371225e-11,9.076013483763799e-6,0.01851163823887451
7,0.01679443855772424,9,8,38,6.386263689269658,0.017918474544118698,6.38628882690206,0.10725413531528746,0.0,9.380901064029602e-6,9.380901064029602e-6,0.0,0.0,2.652154694108323e-7,-5.8004588930515916e-9,2.3337288705371225e-11,9.076013483763799e-6,0.01851163823887451
7,0.01679443855772424,9,10,39,6.386263689269603,0.01791847454390051,6.386288826902004,0.10725413531528652,9.380901054050107e-6,0.0,9.380901054050107e-6,2.6521546938288697e-7,-5.800458760055137e-9,0.0,0.0,2.3337288705371225e-11,9.076013483763799e-6,0.01851163823887451
7,0.01679443855772424,9,10,40,11.186503864439077,0.17429412599461763,11.187861598691084,0.1878938542115399,6.467419044193667e-6,0.0,6.467419044193667e-6,1.3867488645976895e-7,-1.1923884303719495e-7,0.0,0.0,2.3337288705371225e-11,9.076013483763799e-6,0.01851163823887451
7,0.01679443855772424,9,8,41,11.186503864438766,0.17429412599425426,11.187861598690768,0.1878938542115346,0.0,6.46741904417749e-6,6.46741904417749e-6,0.0,0.0,1.3867488646261657e-7,-1.1923884299866808e-7,2.3337288705371225e-11,9.076013483763799e-6,0.01851163823887451
7,0.01679443855772424,9,8,42,10.95184399184513,0.0012712300447754038,10.95184406562384,0.18393007225389643,0.0,5.336166263554124e-6,5.336166263554124e-6,0.0,0.0,1.3265608215479797e-7,7.192350489429255e-8,2.3337288705371225e-11,9.076013483763799e-6,0.01851163823887451
7,0.01679443855772424,9,10,43,10.951843991844875,0.0012712300444985974,10.951844065623584,0.18393007225389213,5.336166262789865e-6,0.0,5.336166262789865e-6,1.3265608218072353e-7,7.192350488528297e-8,0.0,0.0,2.3337288705371225e-11,9.076013483763799e-6,0.01851163823887451
7,0.01679443855772424,9,8,44,6.566153686275802,0.1745393472194538,6.568473050528646,0.11031381706517085,0.0,1.821339897064743e-6,1.821339897064743e-6,0.0,0.0,-4.927511250421958e-8,1.4990838182978148e-8,2.3337288705371225e-11,9.076013483763799e-6,0.01851163823887451
7,0.01679443855772424,9,10,45,6.5661536862760865,0.17453934721941372,6.5684730505289295,0.11031381706517561,1.8213398915386433e-6,0.0,1.8213398915386433e-6,-4.9275112456529085e-8,1.4990838112669437e-8,0.0,0.0,2.3337288705371225e-11,9.076013483763799e-6,0.01851163823887451
7,0.01679443855772424,9,8,46,11.179157453064263,0.177394269793336,11.18056483758123,0.18777130920541005,0.0,1.6752192871717438e-6,1.6752192871717438e-6,0.0,0.0,9.832403719859484e-9,-4.634127486166099e-8,2.3337288705371225e-11,9.076013483763799e-6,0.01851163823887451
7,0.01679443855772424,9,10,47,11.179157453064143,0.17739426979253442,11.180564837581096,0.18777130920540783,1.675219286759539e-6,0.0,1.675219286759539e-6,9.832403720791697e-9,-4.634127485410408e-8,0.0,0.0,2.3337288705371225e-11,9.076013483763799e-6,0.01851163823887451
7,0.01679443855772424,9,10,48,9.369064009477661,0.08994470545684186,9.369495742233376,0.15735542055979732,1.6366323571375123e-6,0.0,1.6366323571375123e-6,3.826171370075824e-9,-4.612326523476617e-8,0.0,0.0,2.3337288705371225e-11,9.076013483763799e-6,0.01851163823887451
7,0.01679443855772424,9,8,49,9.36906400948018,0.0899447054548888,9.369495742235875,0.15735542055983928,0.0,1.6366323363069858e-6,1.6366323363069858e-6,0.0,0.0,3.826171328503129e-9,-4.6123265236531175e-8,2.3337288705371225e-11,9.076013483763799e-6,0.01851163823887451
7,0.01679443855772424,9,10,50,11.223877385407834,0.1641032895902313,11.225076990930784,0.18851886582991115,1.2333913811049494e-6,0.0,1.2333913811049494e-6,3.074767177350583e-8,-1.64650366276803e-8,0.0,0.0,2.3337288705371225e-11,9.076013483763799e-6,0.01851163823887451
7,0.01679443855772424,9,8,51,11.223877385407752,0.16410328958826373,11.225076990930674,0.18851886582990932,0.0,1.2333913810776423e-6,1.2333913810776423e-6,0.0,0.0,3.0747671765147363e-8,-1.646503664233704e-8,2.3337288705371225e-11,9.076013483763799e-6,0.01851163823887451
7,0.01679443855772424,9,8,52,10.97626958021003,0.028940691109877292,10.976307733525239,0.18434092582136305,0.0,5.185646435609884e-7,5.185646435609884e-7,0.0,0.0,-1.4452721599043324e-8,-2.481983280397128e-9,2.3337288705371225e-11,9.076013483763799e-6,0.01851163823887451
7,0.01679443855772424,9,10,53,10.976269580209582,0.02894069110936437,10.97630773352479,0.1843409258213555,5.185646433240174e-7,0.0,5.185646433240174e-7,-1.445272158921888e-8,-2.481983243776532e-9,0.0,0.0,2.3337288705371225e-11,9.076013483763799e-6,0.01851163823887451
7,0.01679443855772424,9,8,54,11.19730821935471,0.1623497517060045,11.19848511188489,0.18807227015114045,0.0,3.6400782077350273e-7,3.6400782077350273e-7,0.0,0.0,5.541851718663383e-9,-8.674493929572712e-9,2.3337288705371225e-11,9.076013483763799e-6,0.01851163823887451
7,0.01679443855772424,9,10,55,11.197308219355602,0.1623497517063986,11.198485111885788,0.18807227015115552,3.640078206244301e-7,0.0,3.640078206244301e-7,5.541851718587058e-9,-8.674493917809304e-9,0.0,0.0,2.3337288705371225e-11,9.076013483763799e-6,0.01851163823887451
7,0.01679443855772424,9,8,56,10.932860476941254,0.010226430643128975,10.932865259763693,0.18361133386497921,0.0,2.867269592008742e-7,2.867269592008742e-7,0.0,0.0,-8.02762994694926e-9,1.140497866471849e-9,2.3337288705371225e-11,9.076013483763799e-6,0.01851163823887451
7,0.01679443855772424,9,10,57,10.932860476940647,0.010226430642805179,10.932865259763085,0.183611333864969,2.867269582708213e-7,0.0,2.867269582708213e-7,-8.027629924945223e-9,1.1404978864348407e-9,0.0,0.0,2.3337288705371225e-11,9.076013483763799e-6,0.01851163823887451
7,0.01679443855772424,9,8,58,9.07954879124243,0.09525220907678168,9.080048415943931,0.15249431522273166,0.0,2.3354802082706695e-8,2.3354802082706695e-8,0.0,0.0,6.503265583752309e-10,-1.1514466255403941e-10,2.3337288705371225e-11,9.076013483763799e-6,0.01851163823887451
7,0.01679443855772424,9,10,59,9.079548791243816,0.09525220907363213,9.080048415945283,0.15249431522275436,2.3354802030636827e-8,0.0,2.3354802030636827e-8,6.503265576411478e-10,-1.1514466031687816e-10,0.0,0.0,2.3337288705371225e-11,9.076013483763799e-6,0.01851163823887451
7,0.01679443855772424,9,10,60,9.49492161660149,0.09223266605736909,9.495369575224247,0.15946940091398773,9.041419895080869e-13,0.0,9.041419895080869e-13,1.9147537123971e-14,1.6943700657203824e-14,0.0,0.0,2.3337288705371225e-11,9.076013483763799e-6,0.01851163823887451
7,0.01679443855772424,9,8,61,9.494921616601278,0.09223266605842897,9.495369575224046,0.15946940091398437,0.0,9.041349041281273e-13,9.041349041281273e-13,0.0,0.0,1.9147397023002308e-14,1.694361468191466e-14,2.3337288705371225e-11,9.076013483763799e-6,0.01851163823887451
7,0.01679443855772424,9,8,62,11.184737968067605,0.17685075539476236,11.186136044408576,0.1878648744961643,0.0,1.5137770273355934e-13,1.5137770273355934e-13,0.0,0.0,4.2650729909567265e-15,-3.6603468546728895e-16,2.3337288705371225e-11,9.076013483763799e-6,0.01851163823887451
7,0.01679443855772424,9,10,63,11.184737968067829,0.17685075539534983,11.18613604440881,0.18786487449616823,1.5137760792610252e-13,0.0,1.5137760792610252e-13,4.265073487601565e-15,-3.660169184435397e-16,0.0,0.0,2.3337288705371225e-11,9.076013483763799e-6,0.01851163823887451
7,0.01679443855772424,9,10,64,9.502629719602414,0.0962419247461106,9.503117072621482,0.15959951578300172,6.579914569841359e-14,0.0,6.579914569841359e-14,1.3528028466541053e-15,-1.2775603021331076e-15,0.0,0.0,2.3337288705371225e-11,9.076013483763799e-6,0.01851163823887451
7,0.01679443855772424,9,8,65,9.502629719601076,0.09624192474655666,9.50311707262015,0.15959951578297935,0.0,6.579850255946145e-14,6.579850255946145e-14,0.0,0.0,1.3527956447169183e-15,-1.2775552884096425e-15,2.3337288705371225e-11,9.076013483763799e-6,0.01851163823887451
7,0.01679443855772424,9,8,66,9.483587253297816,0.08229537712750377,9.483944312363363,0.15927752003886478,0.0,5.4542266085678526e-14,5.4542266085678526e-14,0.0,0.0,-4.3058195959616044e-16,-1.4810405920217014e-15,2.3337288705371225e-11,9.076013483763799e-6,0.01851163823887451
7,0.01679443855772424,9,10,67,9.483587253299975,0.08229537712662363,9.483944312365514,0.1592775200389009,5.4541377432169885e-14,0.0,5.4541377432169885e-14,-4.305688422181471e-16,-1.4810197701850887e-15,0.0,0.0,2.3337288705371225e-11,9.076013483763799e-6,0.01851163823887451
7,0.01679443855772424,9,10,68,11.003559066996687,0.014768346316590769,11.003568977606216,0.18479876311008814,2.0103632594800226e-14,0.0,2.0103632594800226e-14,5.130970474123817e-16,2.4479833895974673e-16,0.0,0.0,2.3337288705371225e-11,9.076013483763799e-6,0.01851163823887451
7,0.01679443855772424,9,8,69,11.00355906699684,0.014768346317278941,11.00356897760637,0.18479876311009072,0.0,2.0103466980940197e-14,2.0103466980940197e-14,0.0,0.0,5.130892087329442e-16,2.448033053832351e-16,2.3337288705371225e-11,9.076013483763799e-6,0.01851163823887451
7,0.01679443855772424,9,10,70,4.888255690848155,0.09490074761895845,4.889176807092173,0.08211097948455988,8.746894620015362e-15,0.0,8.746894620015362e-15,1.5531837903101358e-16,-1.9250445812750203e-16,0.0,0.0,2.3337288705371225e-11,9.076013483763799e-6,0.01851163823887451
7,0.01679443855772424,9,8,71,4.888255690847438,0.09490074761996527,4.889176807091475,0.08211097948454817,0.0,8.746787854042305e-15,8.746787854042305e-15,0.0,0.0,1.5531256235813844e-16,-1.9250693293578314e-16,2.3337288705371225e-11,9.076013483763799e-6,0.01851163823887451
7,0.01679443855772424,9,8,72,10.960890250850735,0.0028968830546054064,10.96089063366322,0.18408200428499208,0.0,2.488525304399889e-16,2.488525304399889e-16,0.0,0.0,-1.3428405844252297e-18,-6.907621556403074e-18,2.3337288705371225e-11,9.076013483763799e-6,0.01851163823887451
7,0.01679443855772424,9,10,73,10.96089025085117,0.0028968830544416624,10.960890633663656,0.18408200428499938,2.487803300640937e-16,0.0,2.487803300640937e-16,-1.3419625073280911e-18,-6.906166885118236e-18,0.0,0.0,2.3337288705371225e-11,9.076013483763799e-6,0.01851163823887451
7,0.01679443855772424,9,8,74,6.906130959986262,0.19258516043981388,6.908815664099195,0.11602968017735672,0.0,1.1855258423681532e-20,1.1855258423681532e-20,0.0,0.0,2.3505113381561877e-22,-2.3203436140837114e-22,2.3337288705371225e-11,9.076013483763799e-6,0.01851163823887451
7,0.01679443855772424,9,10,75,6.906130959986449,0.19258516044057528,6.908815664099403,0.1160296801773602,9.164073431736325e-21,0.0,9.164073431736325e-21,1.5689213133204953e-22,-1.9513909066294472e-22,0.0,0.0,2.3337288705371225e-11,9.076013483763799e-6,0.01851163823887451
7,0.01679443855772424,9,8,76,9.376029494104749,0.09688061944526637,9.37653000468437,0.1574735570483294,0.0,1.3608644718531371e-21,1.3608644718531371e-21,0.0,0.0,3.168663503907133e-23,2.2057075588009608e-23,2.3337288705371225e-11,9.076013483763799e-6,0.01851163823887451
7,0.01679443855772424,9,10,77,9.376029494107097,0.09688061944563313,9.376530004686721,0.1574735570483689,1.0901273109351938e-21,0.0,1.0901273109351938e-21,-2.2754179815773376e-23,2.0022277992949638e-23,0.0,0.0,2.3337288705371225e-11,9.076013483763799e-6,0.01851163823887451
7,0.01679443855772424,9,10,78,9.459960680323961,0.10292973502276986,9.460520630685567,0.15888413245613134,6.842722746108445e-22,0.0,6.842722746108445e-22,-1.3957881682080892e-23,7.089224826873891e-24,0.0,0.0,2.3337288705371225e-11,9.076013483763799e-6,0.01851163823887451
7,0.01679443855772424,9,10,79,2.2882486533709723,0.19211332578640344,2.2962990723333014,0.0385650536804608,5.283255249701001e-22,0.0,5.283255249701001e-22,1.3120882885800489e-23,9.902119860147807e-24,0.0,0.0,2.3337288705371225e-11,9.076013483763799e-6,0.01851163823887451
8,0.009696273622190719,10,9,0,1.3360489485525684,0.13486189880815616,1.3428382347396,0.013020526954374731,0.0,16.33725069102855,16.33725069102855,0.0,0.0,0.45792330609863274,0.061200207110805316,3.434271701314435e-11,0.005140050420183549,0.02015885485538544
8,0.009696273622190719,10,11,1,1.3360489485545564,0.1348618988039012,1.3428382347411505,0.013020526954389766,16.337250691003995,0.0,16.337250691003995,0.45792330609902265,0.061200207110419846,0.0,0.0,3.434271701314435e-11,0.005140050420183549,0.02015885485538544
8,0.009696273622190719,10,9,2,0.39704835227924745,0.2662527443758944,0.4780563961870615,0.00463536562426816,0.0,8.104292981635075,8.104292981635075,0.0,0.0,0.22877869028863218,0.013525917665173637,3.434271701314435e-11,0.005140050420183549,0.02015885485538544
8,0.009696273622190719,10,11,3,0.3970483522795341,0.26625274437541135,0.4780563961870306,0.004635365624267861,8.104292981606358,0.0,8.104292981606358,0.22877869028817432,0.013525917665146991,0.0,0.0,3.434271701314435e-11,0.005140050420183549,0.02015885485538544
8,0.009696273622190719,10,11,4,0.09223672717659193,-0.03629851965286757,0.09912212855482203,0.0009611152804815182,2.7939821284702986,0.0,2.7939821284702986,0.06371454381823533,-0.04672288957508153,0.0,0.0,3.434271701314435e-11,0.005140050420183549,0.02015885485538544
8,0.009696273622190719,10,9,5,0.09223672717647802,-0.036298519652484124,0.09912212855457561,0.000961115280479129,0.0,2.7939821284422814,2.7939821284422814,0.0,0.0,0.0637145438182109,-0.04672288957463211,3.434271701314435e-11,0.005140050420183549,0.02015885485538544
8,0.009696273622190719,10,11,6,3.8949130544095736,0.022316481005023814,3.89497698667586,0.037766762614945035,1.587922164248392,0.0,1.587922164248392,0.043380671846968144,0.01159776153351888,0.0,0.0,3.434271701314435e-11,0.005140050420183549,0.02015885485538544
8,0.009696273622190719,10,9,7,3.894913054409497,0.022316481005714622,3.8949769866757875,0.037766762614944334,0.0,1.5879221642411863,1.5879221642411863,0.0,0.0,0.04338067184690653,0.011597761533525985,3.434271701314435e-11,0.005140050420183549,0.02015885485538544
8,0.009696273622190719,10,11,8,11.697245547623334,0.019741256423628215,11.69726220611469,0.11341985498099828,1.2213687842638772,0.0,1.2213687842638772,0.03437098555633461,0.003398746746059611,0.0,0.0,3.434271701314435e-11,0.005140050420183549,0.02015885485538544
8,0.009696273622190719,10,9,9,11.697245547620671,0.019741256426191622,11.69726220611203,0.1134198549809725,0.0,1.2213687840360212,1.2213687840360212,0.0,0.0,0.03437098555628809,0.003398746745980563,3.434271701314435e-11,0.005140050420183549,0.02015885485538544
8,0.009696273622190719,10,9,10,1.3102018343600208,0.10695120000776856,1.3145597764816421,0.012746331285491875,0.0,1.1746378742256045,1.1746378742256045,0.0,0.0,-0.002522384361521801,-0.033121223833984414,3.434271701314435e-11,0.005140050420183549,0.02015885485538544
8,0.009696273622190719,10,11,11,1.31020183436305,0.10695120000278471,1.3145597764842558,0.012746331285517217,1.174637874207451,0.0,1.174637874207451,-0.0025223843615274633,-0.033121223833906976,0.0,0.0,3.434271701314435e-11,0.005140050420183549,0.02015885485538544
8,0.009696273622190719,10,11,12,11.630139672680828,-0.01063329904187666,11.630144533629538,0.11276906366369767,0.8900976633127333,0.0,0.8900976633127333,0.025138703728077416,-0.0012693268753706244,0.0,0.0,3.434271701314435e-11,0.005140050420183549,0.02015885485538544
8,0.009696273622190719,10,9,13,11.630139672680498,-0.010633299037361502,11.630144533629204,0.11276906366369444,0.0,0.8900976630962325,0.8900976630962325,0.0,0.0,0.025138703728165956,-0.001269326875350918,3.434271701314435e-11,0.005140050420183549,0.02015885485538544
8,0.009696273622190719,10,11,14,3.8296598475128674,-0.008541251602161744,3.829669372234529,0.037133522115709354,0.6162015075968942,0.0,0.6162015075968942,0.01721505481193511,-0.0026988610918630696,0.0,0.0,3.434271701314435e-11,0.005140050420183549,0.02015885485538544
8,0.009696273622190719,10,9,15,3.8296598475137884,-0.00854125160193061,3.829669372235449,0.03713352211571828,0.0,0.6162015075886673,0.6162015075886673,0.0,0.0,0.01721505481188179,-0.0026988610918285416,3.434271701314435e-11,0.005140050420183549,0.02015885485538544
8,0.009696273622190719,10,11,16,4.394524921334353,0.26895982441822164,4.402747854622132,0.042690247887929356,0.30379300708585666,0.0,0.30379300708585666,0.008348155553600217,-0.002027541934739391,0.0,0.0,3.434271701314435e-11,0.005140050420183549,0.02015885485538544
8,0.009696273622190719,10,9,17,4.394524921334345,0.268959824418068,4.402747854622114,0.04269024788792918,0.0,0.30379300708439155,0.30379300708439155,0.0,0.0,0.00834815555358838,-0.002027541934715965,3.434271701314435e-11,0.005140050420183549,0.02015885485538544
8,0.009696273622190719,10,11,18,4.067632711439832,-0.026430635362402855,4.067718580932194,0.0394417123787879,0.03283260970822597,0.0,0.03283260970822597,0.0005078488397373656,-0.0007772572912066525,0.0,0.0,3.434271701314435e-11,0.005140050420183549,0.02015885485538544
8,0.009696273622190719,10,9,19,4.067632711438315,-0.02643063536180314,4.067718580930673,0.03944171237877314,0.0,0.03283260970795729,0.03283260970795729,0.0,0.0,0.0005078488397370576,-0.0007772572911959562,3.434271701314435e-11,0.005140050420183549,0.02015885485538544
8,0.009696273622190719,10,11,20,4.263654217148433,0.21396777076891657,4.269019734123448,0.04139358344059283,0.030185139335189695,0.0,0.030185139335189695,-0.00021444100446310274,-0.0008262189008509009,0.0,0.0,3.434271701314435e-11,0.005140050420183549,0.02015885485538544
8,0.009696273622190719,10,9,21,4.263654217148244,0.21396777076853826,4.2690197341232405,0.04139358344059081,0.0,0.030185139334404146,0.030185139334404146,0.0,0.0,-0.0002144410044556313,-0.0008262189008443211,3.434271701314435e-11,0.005140050420183549,0.02015885485538544
8,0.009696273622190719,10,9,22,5.027491719328813,0.11725446535537737,5.028858876282527,0.04876119167181793,0.0,0.022003549008507567,0.022003549008507567,0.0,0.0,0.0006009330297735479,-0.0001613986160425851,3.434271701314435e-11,0.005140050420183549,0.02015885485538544
8,0.009696273622190719,10,11,23,5.0274917193292215,0.11725446535312403,5.028858876282882,0.04876119167182137,0.022003548913137667,0.0,0.022003548913137667,0.0006009330297655439,-0.00016139861604489748,0.0,0.0,3.434271701314435e-11,0.005140050420183549,0.02015885485538544
8,0.009696273622190719,10,11,24,4.2133367976652405,0.22968593941908097,4.219592705620628,0.040914325447897665,0.018438051095434012,0.0,0.018438051095434012,0.00032771499889775726,-0.00040554099851354726,0.0,0.0,3.434271701314435e-11,0.005140050420183549,0.02015885485538544
8,0.009696273622190719,10,9,25,4.2133367976648906,0.229685939418896,4.2195927056202684,0.040914325447894175,0.0,0.018438051095259506,0.018438051095259506,0.0,0.0,0.0003277149988923328,-0.0004055409985174573,3.434271701314435e-11,0.005140050420183549,0.02015885485538544
8,0.009696273622190719,10,9,26,5.027725838967397,0.11728428482772055,5.029093627612034,0.048763467884942,0.0,0.013304928940183161,0.013304928940183161,0.0,0.0,0.00030223826063066725,-0.00022408099451164034,3.434271701314435e-11,0.005140050420183549,0.02015885485538544
8,0.009696273622190719,10,11,27,5.027725838969682,0.1172842848246397,5.029093627614246,0.048763467884963455,0.01330492881953839,0.0,0.01330492881953839,0.00030223826062676846,-0.00022408099451271847,0.0,0.0,3.434271701314435e-11,0.005140050420183549,0.02015885485538544
8,0.009696273622190719,10,9,28,11.871052969638718,-0.028097523636888378,11.871086221521717,0.11510530019649272,0.0,0.01267268866702755,0.01267268866702755,0.0,0.0,0.00020065481916649243,-0.0002969240571839152,3.434271701314435e-11,0.005140050420183549,0.02015885485538544
8,0.009696273622190719,10,11,29,11.871052969647701,-0.02809752363980981,11.871086221530707,0.11510530019657988,0.012672688665673799,0.0,0.012672688665673799,0.00020065481923386454,-0.0002969240571504012,0.0,0.0,3.434271701314435e-11,0.005140050420183549,0.02015885485538544
8,0.009696273622190719,10,11,30,12.015963903846353,0.2315849140462564,12.018195376634226,0.11653171081679291,0.004105539488987902,0.0,0.004105539488987902,3.6175194573219026e-5,-0.00011031920271689752,0.0,0.0,3.434271701314435e-11,0.005140050420183549,0.02015885485538544
8,0.009696273622190719,10,9,31,12.015963903845313,0.2315849140463764,12.018195376633189,0.11653171081678285,0.0,0.00410553948724968,0.00410553948724968,0.0,0.0,3.617519457024647e-5,-0.0001103192027199836,3.434271701314435e-11,0.005140050420183549,0.02015885485538544
8,0.009696273622190719,10,9,32,11.627383579517897,0.028853217051533833,11.627419378923967,0.11274263981800967,0.0,0.0017486420864033488,0.0017486420864033488,0.0,0.0,3.779881984297597e-5,3.1882131335852246e-5,3.434271701314435e-11,0.005140050420183549,0.02015885485538544
8,0.009696273622190719,10,11,33,11.627383579518023,0.028853217051020633,11.627419378924094,0.11274263981801089,0.001748642086108716,0.0,0.001748642086108716,3.779881983944223e-5,3.1882131328850685e-5,0.0,0.0,3.434271701314435e-11,0.005140050420183549,0.02015885485538544
8,0.009696273622190719,10,9,34,5.391647953338924,0.1198966322058167,5.392980887705621,0.0522918183264387,0.0,0.0014296168601760106,0.0014296168601760106,0.0,0.0,4.041348741339252e-5,-1.0675553365925702e-6,3.434271701314435e-11,0.005140050420183549,0.02015885485538544
8,0.009696273622190719,10,11,35,5.391647953339625,0.11989663220516536,5.392980887706307,0.052291818326445354,0.0014296168600784235,0.0,0.0014296168600784235,4.041348741357141e-5,-1.0675553388129078e-6,0.0,0.0,3.434271701314435e-11,0.005140050420183549,0.02015885485538544
8,0.009696273622190719,10,9,36,8.109148996887555,0.25670188061412413,8.113211035664811,0.07866791415638336,0.0,0.0008998886174129778,0.0008998886174129778,0.0,0.0,2.5442421753947174e-5,-5.135398951130457e-7,3.434271701314435e-11,0.005140050420183549,0.02015885485538544
8,0.009696273622190719,10,11,37,8.109148996887876,0.2567018806144723,8.113211035665143,0.07866791415638658,0.0008998886174014045,0.0,0.0008998886174014045,2.5442421754067466e-5,-5.135398954245912e-7,0.0,0.0,3.434271701314435e-11,0.005140050420183549,0.02015885485538544
8,0.009696273622190719,10,11,38,11.566283318303508,-0.00020360030984130362,11.566283320095488,0.11214984786342638,0.0006861730325087996,0.0,0.0006861730325087996,1.8746984418446485e-5,5.006664659431198e-6,0.0,0.0,3.434271701314435e-11,0.005140050420183549,0.02015885485538544
8,0.009696273622190719,10,9,39,11.566283318304327,-0.00020360030921520028,11.566283320096307,0.11214984786343432,0.0,0.000686173032288173,0.000686173032288173,0.0,0.0,1.8746984417607312e-5,5.006664666155393e-6,3.434271701314435e-11,0.005140050420183549,0.02015885485538544
8,0.009696273622190719,10,9,40,8.94695138115096,0.137594363109295,8.9480093442865,0.08676234697612127,0.0,0.0005636323855978487,0.0005636323855978487,0.0,0.0,1.5632785548752337e-5,3.1079826576759287e-6,3.434271701314435e-11,0.005140050420183549,0.02015885485538544
8,0.009696273622190719,10,11,41,8.946951381151004,0.13759436311082854,8.948009344286568,0.08676234697612192,0.0005636323855964871,0.0,0.0005636323855964871,1.5632785549300022e-5,3.1079826578251962e-6,0.0,0.0,3.434271701314435e-11,0.005140050420183549,0.02015885485538544
8,0.009696273622190719,10,11,42,5.4053285629664956,0.13326861675912904,5.406971185223233,0.052427472079225323,0.0005571703637455834,0.0,0.0005571703637455834,9.535299989479732e-6,1.2543117229223987e-5,0.0,0.0,3.434271701314435e-11,0.005140050420183549,0.02015885485538544
8,0.009696273622190719,10,9,43,5.40532856296563,0.13326861676008736,5.406971185222391,0.052427472079217156,0.0,0.0005571703637101917,0.0005571703637101917,0.0,0.0,9.535299989361988e-6,1.2543117227961975e-5,3.434271701314435e-11,0.005140050420183549,0.02015885485538544
8,0.009696273622190719,10,9,44,8.177373101660287,0.23676751041151686,8.180800064647935,0.0793232758752619,0.0,0.0005006133378169387,0.0005006133378169387,0.0,0.0,1.2554058280036127e-5,-6.542661197959129e-6,3.434271701314435e-11,0.005140050420183549,0.02015885485538544
8,0.009696273622190719,10,11,45,8.177373101661043,0.2367675104108656,8.180800064648672,0.07932327587526905,0.0005006133377633211,0.0,0.0005006133377633211,1.2554058279693099e-5,-6.542661198084653e-6,0.0,0.0,3.434271701314435e-11,0.005140050420183549,0.02015885485538544
8,0.009696273622190719,10,11,46,7.8226718775957425,-0.026377197698095014,7.822716347988447,0.07585119817888049,0.0004582177054404459,0.0,0.0004582177054404459,1.1277465541212263e-5,-6.381408302158677e-6,0.0,0.0,3.434271701314435e-11,0.005140050420183549,0.02015885485538544
8,0.009696273622190719,10,9,47,7.82267187759554,-0.026377197697679856,7.822716347988243,0.07585119817887852,0.0,0.00045821770543663957,0.00045821770543663957,0.0,0.0,1.1277465540706442e-5,-6.381408302112788e-6,3.434271701314435e-11,0.005140050420183549,0.02015885485538544
8,0.009696273622190719,10,9,48,8.130548339253256,0.24561054959290915,8.134257239539773,0.07887198390786339,0.0,0.00041750614416750334,0.00041750614416750334,0.0,0.0,9.26570873278001e-6,-7.317101906800447e-6,3.434271701314435e-11,0.005140050420183549,0.02015885485538544
8,0.009696273622190719,10,11,49,8.130548339253707,0.2456105495922993,8.134257239540206,0.0788719839078676,0.000417506144110608,0.0,0.000417506144110608,9.265708732197333e-6,-7.317101906305671e-6,0.0,0.0,3.434271701314435e-11,0.005140050420183549,0.02015885485538544
8,0.009696273622190719,10,11,50,7.884812693675831,0.0021103211759212967,7.8848129760830075,0.07645330407590077,0.0003075228722475063,0.0,0.0003075228722475063,8.587659239583053e-6,1.3704405884364844e-6,0.0,0.0,3.434271701314435e-11,0.005140050420183549,0.02015885485538544
8,0.009696273622190719,10,9,51,7.884812693675944,0.0021103211761523757,7.884812976083121,0.07645330407590187,0.0,0.0003075228722460645,0.0003075228722460645,0.0,0.0,8.587659239439165e-6,1.370440588661077e-6,3.434271701314435e-11,0.005140050420183549,0.02015885485538544
8,0.009696273622190719,10,9,52,9.056652059246971,0.1230930993263945,9.05748852791789,0.08782388709654529,0.0,0.00025173285633721425,0.00025173285633721425,0.0,0.0,7.074173701592735e-6,-7.945678355725277e-7,3.434271701314435e-11,0.005140050420183549,0.02015885485538544
8,0.009696273622190719,10,11,53,9.056652059250931,0.12309309932116391,9.057488527921778,0.08782388709658298,0.0002517328563091826,0.0,0.0002517328563091826,7.0741737014435625e-6,-7.945678357563406e-7,0.0,0.0,3.434271701314435e-11,0.005140050420183549,0.02015885485538544
8,0.009696273622190719,10,9,54,9.063932910882556,0.1349784825442773,9.06493789298801,0.08789611817857675,0.0,0.00011806040918341961,0.00011806040918341961,0.0,0.0,3.1086445628594003e-6,-1.2175705484947192e-6,3.434271701314435e-11,0.005140050420183549,0.02015885485538544
8,0.009696273622190719,10,11,55,9.063932910884601,0.13497848253999145,9.06493789298999,0.08789611817859595,0.00011806040917248781,0.0,0.00011806040917248781,3.1086445624402274e-6,-1.21757054837276e-6,0.0,0.0,3.434271701314435e-11,0.005140050420183549,0.02015885485538544
8,0.009696273622190719,10,9,56,7.809263867226979,-0.018561979917501352,7.809285927347988,0.07572097314548948,0.0,7.610653461865878e-5,7.610653461865878e-5,0.0,0.0,2.136823536118153e-6,-2.567018166988033e-7,3.434271701314435e-11,0.005140050420183549,0.02015885485538544
8,0.009696273622190719,10,11,57,7.809263867227009,-0.018561979917829693,7.809285927348019,0.07572097314548978,7.610653461397405e-5,0.0,7.610653461397405e-5,2.136823535909478e-6,-2.5670181669963337e-7,0.0,0.0,3.434271701314435e-11,0.005140050420183549,0.02015885485538544
8,0.009696273622190719,10,9,58,8.915962618572351,0.10362205919300047,8.9165647503358,0.0864574515892366,0.0,2.3103545569406013e-5,2.3103545569406013e-5,0.0,0.0,-3.193579712307419e-7,-5.699638372263213e-7,3.434271701314435e-11,0.005140050420183549,0.02015885485538544
8,0.009696273622190719,10,11,59,8.915962618572081,0.1036220591946668,8.91656475033555,0.08645745158923417,2.3103545566113396e-5,0.0,2.3103545566113396e-5,-3.193579712248347e-7,-5.699638372011742e-7,0.0,0.0,3.434271701314435e-11,0.005140050420183549,0.02015885485538544
8,0.009696273622190719,10,11,60,11.988277938955193,0.2105771641202974,11.990127217160321,0.11625955426246264,7.434353726201662e-6,0.0,7.434353726201662e-6,-5.4024269642170066e-8,-2.0317329655262624e-7,0.0,0.0,3.434271701314435e-11,0.005140050420183549,0.02015885485538544
8,0.009696273622190719,10,9,61,11.988277938955177,0.21057716412000113,11.9901272171603,0.11625955426246243,0.0,7.43435370070366e-6,7.43435370070366e-6,0.0,0.0,-5.402426961780516e-8,-2.031732965220223e-7,3.434271701314435e-11,0.005140050420183549,0.02015885485538544
8,0.009696273622190719,10,9,62,9.034520037847088,0.11112247913127438,9.0352034022278,0.08760780442014926,0.0,4.2921574819078656e-6,4.2921574819078656e-6,0.0,0.0,1.2137426568840013e-7,-6.97522080872334e-10,3.434271701314435e-11,0.005140050420183549,0.02015885485538544
8,0.009696273622190719,10,11,63,9.034520037849749,0.11112247912587023,9.035203402230396,0.08760780442017443,4.292157480778337e-6,0.0,4.292157480778337e-6,1.2137426564230587e-7,-6.97522006716717e-10,0.0,0.0,3.434271701314435e-11,0.005140050420183549,0.02015885485538544
8,0.009696273622190719,10,9,64,11.801676441292024,-0.020606166382441022,11.801694430845096,0.11443245840695841,0.0,3.953046993449846e-6,3.953046993449846e-6,0.0,0.0,9.511713532224157e-9,-1.1138129277708328e-7,3.434271701314435e-11,0.005140050420183549,0.02015885485538544
8,0.009696273622190719,10,11,65,11.801676441293365,-0.020606166382863292,11.801694430846437,0.11443245840697142,3.9530469750808645e-6,0.0,3.9530469750808645e-6,9.511713512002727e-9,-1.1138129274191299e-7,0.0,0.0,3.434271701314435e-11,0.005140050420183549,0.02015885485538544
8,0.009696273622190719,10,9,66,9.051928325820553,0.12358046505040085,9.052771870931828,0.08777815309982641,0.0,3.155411176769293e-7,3.155411176769293e-7,0.0,0.0,-7.72360710316547e-9,4.468444427405526e-9,3.434271701314435e-11,0.005140050420183549,0.02015885485538544
8,0.009696273622190719,10,11,67,9.051928325820615,0.12358046504579007,9.052771870931828,0.08777815309982641,3.1554111534994785e-7,0.0,3.1554111534994785e-7,-7.72360707758583e-9,4.468444425045772e-9,0.0,0.0,3.434271701314435e-11,0.005140050420183549,0.02015885485538544
8,0.009696273622190719,10,9,68,11.94095479832841,0.2245270113418769,11.943065514119244,0.11580323111265006,0.0,1.5432487582401226e-7,1.5432487582401226e-7,0.0,0.0,-3.286270775841612e-9,2.8715394914153852e-9,3.434271701314435e-11,0.005140050420183549,0.02015885485538544
8,0.009696273622190719,10,11,69,11.940954798329114,0.22452701134211797,11.943065514119954,0.11580323111265696,1.5432487475785273e-7,0.0,1.5432487475785273e-7,-3.2862707638468015e-9,2.87153948882946e-9,0.0,0.0,3.434271701314435e-11,0.005140050420183549,0.02015885485538544
8,0.009696273622190719,10,11,70,5.14222656257543,0.12828539648750184,5.143826509886223,0.04987594930493513,1.8482417066583878e-14,0.0,1.8482417066583878e-14,5.046872860182952e-16,-1.3586681203457262e-16,0.0,0.0,3.434271701314435e-11,0.005140050420183549,0.02015885485538544
8,0.009696273622190719,10,9,71,5.142226562574797,0.12828539648914533,5.143826509885631,0.0498759493049294,0.0,1.8482179741263732e-14,1.8482179741263732e-14,0.0,0.0,5.046769578744741e-16,-1.3588953644973308e-16,3.434271701314435e-11,0.005140050420183549,0.02015885485538544
8,0.009696273622190719,10,9,72,5.12201603081971,0.10786316785054098,5.123151635756338,0.04967548006826742,0.0,1.461763900617526e-14,1.461763900617526e-14,0.0,0.0,2.6744574817499536e-16,-3.151906795933755e-16,3.434271701314435e-11,0.005140050420183549,0.02015885485538544
8,0.009696273622190719,10,11,73,5.1220160308212,0.10786316784874808,5.123151635757791,0.049675480068281506,1.4616919201716124e-14,0.0,1.4616919201716124e-14,2.674518852521879e-16,-3.1515384507896153e-16,0.0,0.0,3.434271701314435e-11,0.005140050420183549,0.02015885485538544
8,0.009696273622190719,10,9,74,9.128840660303682,0.13445519652010057,9.129830776147225,0.08852533732982136,0.0,5.150993244649355e-15,5.150993244649355e-15,0.0,0.0,1.072449940230095e-16,-9.857162694682277e-17,3.434271701314435e-11,0.005140050420183549,0.02015885485538544
8,0.009696273622190719,10,11,75,9.128840660304467,0.13445519651866586,9.129830776147989,0.08852533732982876,5.150933735342775e-15,0.0,5.150933735342775e-15,1.0724429511353647e-16,-9.85688926775183e-17,0.0,0.0,3.434271701314435e-11,0.005140050420183549,0.02015885485538544
8,0.009696273622190719,10,9,76,8.128480720241063,0.26384015477070655,8.132761551072312,0.07885748130322934,0.0,6.510921785086025e-16,6.510921785086025e-16,0.0,0.0,1.6629298368523816e-17,-7.90339561814689e-18,3.434271701314435e-11,0.005140050420183549,0.02015885485538544
8,0.009696273622190719,10,11,77,8.128480720241408,0.26384015477060596,8.132761551072653,0.07885748130323264,6.510818083128129e-16,0.0,6.510818083128129e-16,1.6629536123880624e-17,-7.901859800059901e-18,0.0,0.0,3.434271701314435e-11,0.005140050420183549,0.02015885485538544
8,0.009696273622190719,10,9,78,7.833238493940194,-0.029540047324117115,7.833294193207756,0.0759537638604601,0.0,6.467645354839792e-16,6.467645354839792e-16,0.0,0.0,6.7530969237686096e-18,1.6996925821554103e-17,3.434271701314435e-11,0.005140050420183549,0.02015885485538544
8,0.009696273622190719,10,11,79,7.833238493940353,-0.029540047324530364,7.833294193207917,0.07595376386046165,6.46735149766424e-16,0.0,6.46735149766424e-16,6.753152764602422e-18,1.699646202152813e-17,0.0,0.0,3.434271701314435e-11,0.005140050420183549,0.02015885485538544
