iteration,scale,ground_charge,charge,matrix_rank,energy_real,energy_imag,pole_real,pole_imag,matrix_support_abs,add11_real,add11_imag,add12_real,add12_imag,add21_real,add21_imag,add22_real,add22_imag,rem11_real,rem11_imag,rem12_real,rem12_imag,rem21_real,rem21_imag,rem22_real,rem22_imag,max_residual,biorth_error,min_pair_overlap
0,0.7853981633974483,2,3,0,0.2204222931873574,0.0010337852349218862,0.17311926424120438,0.000811933024855049,49.655800633670275,9.066892998670635,-8.735124225206226,8.738040179910524,8.816881829840097,8.738040179910524,8.816881829840094,-8.570365171591147,8.737428682980731,0.0,0.0,0.0,0.0,0.0,0.0,0.0,0.0,8.831495855603619e-15,3.6418674514531614e-13,0.0001999999964540407
0,0.7853981633974483,2,1,1,0.22042229318736545,0.0010337852349151082,-0.17311926424121069,-0.0008119330248497256,49.65580063364885,0.0,0.0,0.0,0.0,0.0,0.0,0.0,0.0,-8.57036517164909,8.73742868291467,-8.738040179844448,-8.816881829898026,-8.73804017984445,-8.816881829898026,9.06689299872858,-8.735124225140163,8.831495855603619e-15,3.6418674514531614e-13,0.0001999999964540407
0,0.7853981633974483,2,3,2,0.2183643203126992,-0.0010239736251390216,0.17150293612512607,-0.0008042270045516148,49.19485725017954,-8.409720093547413,8.735120585057816,-8.738003779752841,-8.653932126637427,-8.738003779752844,-8.653932126637429,8.901638668784944,-8.73742470269537,0.0,0.0,0.0,0.0,0.0,0.0,0.0,0.0,8.831495855603619e-15,3.6418674514531614e-13,0.0001999999964540407
0,0.7853981633974483,2,1,3,0.21836432031269154,-0.0010239736251321937,-0.17150293612512005,0.0008042270045462521,49.19485725014998,0.0,0.0,0.0,0.0,0.0,0.0,0.0,0.0,8.901638668842509,-8.73742470262797,8.738003779685432,8.65393212669498,8.738003779685432,8.653932126694976,-8.409720093604975,8.735120584990415,8.831495855603619e-15,3.6418674514531614e-13,0.0001999999964540407
0,0.7853981633974483,2,3,4,0.6657988844011575,0.0007836961495828586,0.5229172210007391,0.000615513516544029,0.5824612688744112,0.10670770306247693,-0.10209481503404051,0.10213914843373922,0.10377521409717302,0.10213914843373924,0.10377521409717297,-0.10088357248759156,0.10214196357832805,0.0,0.0,0.0,0.0,0.0,0.0,0.0,0.0,8.831495855603619e-15,3.6418674514531614e-13,0.0001999999964540407
0,0.7853981633974483,2,1,5,0.6657988844011573,0.0007836961495848138,-0.5229172210007389,-0.0006155135165455646,0.5824612688737235,0.0,0.0,0.0,0.0,0.0,0.0,0.0,0.0,-0.10088357248733225,0.10214196357834582,-0.1021391484337574,-0.10377521409691386,-0.10213914843375736,-0.10377521409691394,0.10670770306221802,-0.10209481503405896,8.831495855603619e-15,3.6418674514531614e-13,0.0001999999964540407
0,0.7853981633974483,2,3,6,0.6642554119434356,-0.000759630196231057,0.5217049805671897,-0.0005966121609811154,0.5729950450145173,-0.09758450912978875,0.10209434840080542,-0.10213818258996159,-0.10042881906528706,-0.10213818258996162,-0.10042881906528692,0.10331397623788187,-0.10214183708204438,0.0,0.0,0.0,0.0,0.0,0.0,0.0,0.0,8.831495855603619e-15,3.6418674514531614e-13,0.0001999999964540407
0,0.7853981633974483,2,1,7,0.6642554119434358,-0.0007596301962330253,-0.52170498056719,0.0005966121609826614,0.5729950450138532,0.0,0.0,0.0,0.0,0.0,0.0,0.0,0.0,0.10331397623762051,-0.10214183708206807,0.10213818258998567,0.10042881906502577,0.1021381825899857,0.10042881906502574,-0.09758450912952762,0.10209434840082977,8.831495855603619e-15,3.6418674514531614e-13,0.0001999999964540407
1,0.4534498410585544,3,2,0,0.0939276924331649,0.0028727497081335197,-0.04259149720481541,-0.001302647898554153,90.67559114805991,0.0,0.0,0.0,0.0,0.0,0.0,0.0,0.0,-15.574484866509525,16.02917709171236,-16.032424831118828,-16.024634304157356,-16.03242483112453,-16.0246343041444,16.481195429497333,-16.029261434470946,5.453128031475409e-13,3.3238595757980107e-10,0.019669885786471157
1,0.4534498410585544,3,4,1,0.09392769243316712,0.002872749708141902,0.04259149720481641,0.001302647898557954,90.67559114805817,16.481195429497816,-16.029261434469838,16.03242483111773,16.02463430415785,16.032424831123425,16.024634304144893,-15.574484866510026,16.029177091711265,0.0,0.0,0.0,0.0,0.0,0.0,0.0,0.0,5.453128031475409e-13,3.3238595757980107e-10,0.019669885786471157
1,0.4534498410585544,3,2,2,1.263148581557266,-0.0001236982152017143,-0.5727745235404808,5.6090936022444205e-5,3.91495392640023,0.0,0.0,0.0,0.0,0.0,0.0,0.0,0.0,0.7086246523231049,-0.6950974103817308,0.6951499394826123,0.688912044932416,0.6951499394833367,0.6889120449321259,-0.6694774423931092,0.6949268481652426,5.453128031475409e-13,3.3238595757980107e-10,0.019669885786471157
1,0.4534498410585544,3,4,3,1.263148581557302,-0.00012369821516707664,0.5727745235404971,-5.609093600673777e-5,3.914953926346922,-0.6694774423857386,0.6949268481537898,-0.6951499394713232,-0.6889120449254015,-0.6951499394717269,-0.6889120449243791,0.7086246523157187,-0.6950974103702818,0.0,0.0,0.0,0.0,0.0,0.0,0.0,0.0,5.453128031475409e-13,3.3238595757980107e-10,0.019669885786471157
1,0.4534498410585544,3,2,4,1.2661126382253851,0.0020840454417067754,-0.5741185745655278,-0.0009450100743007421,2.90841981439302,0.0,0.0,0.0,0.0,0.0,0.0,0.0,0.0,-0.6179681067211749,0.36332214429227483,-0.35959521687767065,-0.6319177456595251,-0.3595952168783109,-0.6319177456591601,0.6460111721250492,-0.35561549360792566,5.453128031475409e-13,3.3238595757980107e-10,0.019669885786471157
1,0.4534498410585544,3,4,5,1.2661126382254482,0.002084045441660745,0.5741185745655565,0.0009450100742798696,2.9084198143329507,0.6460111721111564,-0.3556154936019784,0.3595952168715412,0.6319177456459325,0.3595952168724875,0.631917745644996,-0.6179681067073138,0.36332214428626514,0.0,0.0,0.0,0.0,0.0,0.0,0.0,0.0,5.453128031475409e-13,3.3238595757980107e-10,0.019669885786471157
1,0.4534498410585544,3,2,6,1.2846531769612595,0.0036642159617720485,-0.58252577890845,-0.0016615381454697534,2.7110010893519374,0.0,0.0,0.0,0.0,0.0,0.0,0.0,0.0,-0.3160283027558942,0.5887424902548417,-0.5925341026530716,-0.32894200801838047,-0.5925341026532589,-0.3289420080178338,0.3420927005965414,-0.596194090850785,5.453128031475409e-13,3.3238595757980107e-10,0.019669885786471157
1,0.4534498410585544,3,4,7,1.2846531769612617,0.003664215961755264,0.582525778908451,0.0016615381454621425,2.7110010893517296,0.34209270059991204,-0.5961940908488346,0.5925341026511967,0.32894200802171486,0.5925341026512894,0.3289420080212093,-0.316028302759234,0.5887424902529479,0.0,0.0,0.0,0.0,0.0,0.0,0.0,0.0,5.453128031475409e-13,3.3238595757980107e-10,0.019669885786471157
1,0.4534498410585544,3,2,8,2.6119051441879857,0.0028730299484980857,-1.1843679724920628,-0.0013027749735029237,0.0017620108136637985,0.0,0.0,0.0,0.0,0.0,0.0,0.0,0.0,-0.00030414837570699824,0.00031001051435186665,-0.00031003127260777587,-0.0003128958961452768,-0.0003100312726081342,-0.0003128958961450821,0.000321767404055766,-0.0003099268477080713,5.453128031475409e-13,3.3238595757980107e-10,0.019669885786471157
1,0.4534498410585544,3,4,9,2.6119051441879875,0.002873029948488143,1.1843679724920635,0.0013027749734984152,0.0017620108136603683,0.00032176740406046167,-0.00030992684770226534,0.0003100312726020283,0.00031289589614995317,0.00031003127260202933,0.00031289589614973086,-0.0003041483757116343,0.00031001051434582455,0.0,0.0,0.0,0.0,0.0,0.0,0.0,0.0,5.453128031475409e-13,3.3238595757980107e-10,0.019669885786471157
1,0.4534498410585544,3,4,10,2.628957350696614,0.0025855122842737732,1.192100292823098,0.0011724001343588824,0.0011002289733637008,-0.00018636374378366516,0.0001969973430022973,-0.0001971096309410024,-0.00019182470267941923,-0.000197109630941691,-0.00019182470267906437,0.00019736449007804775,-0.00019714517323363346,0.0,0.0,0.0,0.0,0.0,0.0,0.0,0.0,5.453128031475409e-13,3.3238595757980107e-10,0.019669885786471157
1,0.4534498410585544,3,2,11,2.6289573506965582,0.002585512284250016,-1.1921002928230726,-0.0011724001343481098,0.0011002289732825715,0.0,0.0,0.0,0.0,0.0,0.0,0.0,0.0,0.00019736449006520307,-0.00019714517321759746,0.0001971096309254371,0.00019182470266633153,0.0001971096309255811,0.0001918247026665371,-0.00018636374377089472,0.00019699734298664855,5.453128031475409e-13,3.3238595757980107e-10,0.019669885786471157
1,0.4534498410585544,3,4,12,2.629245942701677,0.002874734530899608,1.1922311548219247,0.0013035479161219651,0.0005494372203873955,9.842419919867222e-5,-9.858774729641513e-5,9.856616351935617e-5,9.565774287614863e-5,9.856616351972786e-5,9.565774287829724e-5,-9.293070536698304e-5,9.850630876178248e-5,0.0,0.0,0.0,0.0,0.0,0.0,0.0,0.0,5.453128031475409e-13,3.3238595757980107e-10,0.019669885786471157
1,0.4534498410585544,3,2,13,2.6292459427017634,0.002874734530917553,-1.1922311548219637,-0.0013035479161301023,0.0005494372201952286,0.0,0.0,0.0,0.0,0.0,0.0,0.0,0.0,-9.29307053237309e-5,9.850630873687178e-5,-9.856616349532774e-5,-9.565774283449595e-5,-9.856616349374295e-5,-9.565774283351828e-5,9.842419915550083e-5,-9.858774727129104e-5,5.453128031475409e-13,3.3238595757980107e-10,0.019669885786471157
1,0.4534498410585544,3,4,14,3.799091414156515,-7.591552785384415e-5,1.7226973979161904,-3.442388403920189e-5,3.120269360694058e-5,-5.328837204404372e-6,5.545378716609154e-6,-5.547352019020966e-6,-5.483731158242685e-6,-5.547352019065526e-6,-5.483731158244853e-6,5.640843614103579e-6,-5.547131385313403e-6,0.0,0.0,0.0,0.0,0.0,0.0,0.0,0.0,5.453128031475409e-13,3.3238595757980107e-10,0.019669885786471157
1,0.4534498410585544,3,2,15,3.799091414156508,-7.591552785921746e-5,-1.7226973979161873,3.4423884041638416e-5,3.1202693605356246e-5,0.0,0.0,0.0,0.0,0.0,0.0,0.0,0.0,5.640843613642106e-6,-5.547131385204512e-6,5.5473520189420885e-6,5.483731157789498e-6,5.547352018917852e-6,5.483731157800541e-6,-5.328837203968153e-6,5.545378716491791e-6,5.453128031475409e-13,3.3238595757980107e-10,0.019669885786471157
1,0.4534498410585544,3,4,16,3.802008753954659,0.0020906186588641705,1.7240202651839727,0.0009479906985760063,2.167497392978293e-5,4.684361759332909e-6,-2.8738138943852964e-6,2.89849795317307e-6,4.5780514333822056e-6,2.898497953123651e-6,4.578051433381741e-6,-4.472900140321786e-6,2.9213505595317753e-6,0.0,0.0,0.0,0.0,0.0,0.0,0.0,0.0,5.453128031475409e-13,3.3238595757980107e-10,0.019669885786471157
1,0.4534498410585544,3,2,17,3.8020087539547034,0.002090618658858254,-1.7240202651839927,-0.0009479906985733233,2.1674973927623976e-5,0.0,0.0,0.0,0.0,0.0,0.0,0.0,0.0,-4.472900140046835e-6,2.9213505589233156e-6,-2.8984979525656533e-6,-4.578051433114862e-6,-2.8984979525393047e-6,-4.578051433125525e-6,4.68436175908528e-6,-2.8738138938018554e-6,5.453128031475409e-13,3.3238595757980107e-10,0.019669885786471157
1,0.4534498410585544,3,2,18,3.8201565032708924,0.0036602716025055364,-1.7322493592269892,-0.0016597495763872757,1.349377653374255e-5,0.0,0.0,0.0,0.0,0.0,0.0,0.0,0.0,-1.3827421290191429e-6,3.0248471793765463e-6,-3.0477840317292764e-6,-1.4456832505361994e-6,-3.0477840317182645e-6,-1.445683250544452e-6,1.5098433699710312e-6,-3.0701423669710256e-6,5.453128031475409e-13,3.3238595757980107e-10,0.019669885786471157
1,0.4534498410585544,3,4,19,3.820156503270878,0.003660271602520606,1.7322493592269828,0.001659749576394109,1.3493776533675321e-5,1.509843369843247e-6,-3.0701423669961453e-6,3.047784031758329e-6,1.4456832504255436e-6,3.047784031767224e-6,1.445683250412763e-6,-1.3827421289039987e-6,3.02484717942918e-6,0.0,0.0,0.0,0.0,0.0,0.0,0.0,0.0,5.453128031475409e-13,3.3238595757980107e-10,0.019669885786471157
1,0.4534498410585544,3,4,20,5.165505140928716,0.0028754303614385085,2.342297485141272,0.0013038634403692332,1.3685946207144441e-14,2.4385509094189065e-15,2.468733457957068e-15,-2.399821856734497e-15,2.438494254102965e-15,-2.399822024896854e-15,2.4384943626947866e-15,-2.437477592016739e-15,-2.3318856216219904e-15,0.0,0.0,0.0,0.0,0.0,0.0,0.0,0.0,5.453128031475409e-13,3.3238595757980107e-10,0.019669885786471157
1,0.4534498410585544,3,2,21,5.165505140928724,0.0028754303614431983,-2.342297485141276,-0.00130386344037136,1.368593930526126e-14,0.0,0.0,0.0,0.0,0.0,0.0,0.0,0.0,-2.437471823202139e-15,-2.331889241173547e-15,2.3998251987144934e-15,-2.4384885408638818e-15,2.3998253079223883e-15,-2.438488715092834e-15,2.438545330135652e-15,2.468736459624806e-15,5.453128031475409e-13,3.3238595757980107e-10,0.019669885786471157
1,0.4534498410585544,3,2,22,1.269144318349067,0.005871434769389024,-0.5754932894357517,-0.0026624011629651227,2.686974191001854e-21,0.0,0.0,0.0,0.0,0.0,0.0,0.0,0.0,-4.9715691058106685e-22,4.48365402618143e-22,-4.389820137242447e-22,-5.0921539741965815e-22,-4.354448495749035e-22,-5.107414875844685e-22,5.2256381725541495e-22,-4.2570465786790195e-22,5.453128031475409e-13,3.3238595757980107e-10,0.019669885786471157
1,0.4534498410585544,3,4,23,1.2691443183490168,0.00587143476940761,0.575493289435729,0.0026624011629735505,1.4092358841903863e-21,1.9284054492245574e-22,2.9890962046698423e-22,-2.9921868848827483e-22,2.0159973318957063e-22,-2.885883210857232e-22,1.8705029252184224e-22,-1.9551925529959323e-22,-2.88869155441627e-22,0.0,0.0,0.0,0.0,0.0,0.0,0.0,0.0,5.453128031475409e-13,3.3238595757980107e-10,0.019669885786471157
1,0.4534498410585544,3,4,24,2.629534534538937,0.003162650324058296,1.192362016744661,0.00143410328676802,5.5248903614772414e-24,8.812408289309998e-26,-1.4031718354087432e-24,1.3626768822137817e-24,7.540131363041852e-26,1.3956156837193197e-24,7.37159474180264e-26,-6.147013175119433e-26,1.3552381115320885e-24,0.0,0.0,0.0,0.0,0.0,0.0,0.0,0.0,5.453128031475409e-13,3.3238595757980107e-10,0.019669885786471157
1,0.4534498410585544,3,2,25,2.6295345345389234,0.0031626503240825324,-1.1923620167446547,-0.00143410328677901,2.25700321134052e-25,0.0,0.0,0.0,0.0,0.0,0.0,0.0,0.0,-5.211540227555002e-26,1.5289962425917376e-26,-1.173106015183066e-26,-5.50891436426345e-26,-3.9903084613082874e-26,-3.997951452239179e-26,4.4466509274858797e-26,-3.8133402160181544e-26,5.453128031475409e-13,3.3238595757980107e-10,0.019669885786471157
1,0.4534498410585544,3,4,26,3.80499426611519,0.005826338525643257,1.725374045198644,0.002641952278406267,1.4954562587832507e-25,-1.526229358877065e-26,3.403617972796889e-26,-3.553772435431091e-26,-1.444522371251833e-26,-3.3010120046711665e-26,-1.539589484912651e-26,1.4619942407513367e-26,-3.448804373548733e-26,0.0,0.0,0.0,0.0,0.0,0.0,0.0,0.0,5.453128031475409e-13,3.3238595757980107e-10,0.019669885786471157
1,0.4534498410585544,3,4,27,2.6393222636251616,0.0028743870267237616,1.1968002609431336,0.0013033903404086604,4.3673259418147447e-26,-7.320601205439816e-27,8.28401422250001e-27,-7.898995967258637e-27,-7.17928234842233e-27,-8.283264218138237e-27,-7.485441869482003e-27,7.338415672752339e-27,-7.896049286516937e-27,0.0,0.0,0.0,0.0,0.0,0.0,0.0,0.0,5.453128031475409e-13,3.3238595757980107e-10,0.019669885786471157
1,0.4534498410585544,3,2,28,2.639322263625159,0.002874387026723407,-1.1968002609431323,-0.0013033903404084995,3.074410673638797e-26,0.0,0.0,0.0,0.0,0.0,0.0,0.0,0.0,5.340529683447662e-27,-5.32950494816199e-27,5.3425122348945966e-27,5.197514030374997e-27,5.636769262184118e-27,5.564554138008583e-27,-5.414316381603565e-27,5.649301049120859e-27,5.453128031475409e-13,3.3238595757980107e-10,0.019669885786471157
1,0.4534498410585544,3,2,29,3.8049942661151888,0.005826338525631298,-1.7253740451986432,-0.0026419522784008444,1.3025930520062423e-26,0.0,0.0,0.0,0.0,0.0,0.0,0.0,0.0,1.2183833320984854e-27,-2.582627497951584e-27,3.297958354596708e-27,1.2749808684933935e-27,2.648210991310465e-27,1.331709469425214e-27,-1.409106074828734e-27,3.389035712386222e-27,5.453128031475409e-13,3.3238595757980107e-10,0.019669885786471157
2,0.2617993877991494,4,3,0,0.27594137530631335,0.0033261513515576643,-0.07224128312364816,-0.0008707843875651099,45.09526292337723,0.0,0.0,0.0,0.0,0.0,0.0,0.0,0.0,-7.837915272532621,7.880952172293363,-7.879959563316974,-8.061789589419877,-7.879959562804819,-8.061789589543066,8.288815245187106,-7.875741607729406,1.6581390822737791e-12,1.6488785133591344e-10,0.019883236993448888
2,0.2617993877991494,4,5,1,0.27594137530631335,0.0033261513514783007,0.07224128312364816,0.0008707843875443326,45.09526291969661,8.288815242592646,-7.875741609066861,7.879959564611975,8.061789586861037,7.879959564185729,8.061789586913584,-7.837915269938223,7.880952173630783,0.0,0.0,0.0,0.0,0.0,0.0,0.0,0.0,1.6581390822737791e-12,1.6488785133591344e-10,0.019883236993448888
2,0.2617993877991494,4,3,2,0.2693715414648745,-0.003242802937222322,-0.07052130464601734,0.0008489638237180873,44.052786930366736,0.0,0.0,0.0,0.0,0.0,0.0,0.0,0.0,7.915100562462968,-7.880895088511626,7.8798290002020694,7.693287391000547,7.879828999658283,7.693287391106308,-7.474625535655816,7.875684966133754,1.6581390822737791e-12,1.6488785133591344e-10,0.019883236993448888
2,0.2617993877991494,4,5,3,0.26937154146486164,-0.003242802937135,0.07052130464601397,-0.0008489638236952266,44.052786927077356,-7.474625533063855,7.875684967514635,-7.879829001537523,-7.6932873884437765,-7.879829001085666,-7.693287388479628,7.9151005598709245,-7.880895089892547,0.0,0.0,0.0,0.0,0.0,0.0,0.0,0.0,1.6581390822737791e-12,1.6488785133591344e-10,0.019883236993448888
2,0.2617993877991494,4,3,4,2.4018369297486246,0.00024603445277007144,-0.6287994378015785,-6.441166911270344e-5,3.2053465240481387,0.0,0.0,0.0,0.0,0.0,0.0,0.0,0.0,-0.5541070748045765,0.5631489911913623,-0.5631636508108749,-0.5700200873690733,-0.5631636482959909,-0.5700200881168191,0.5861583205340015,-0.5629502548528887,1.6581390822737791e-12,1.6488785133591344e-10,0.019883236993448888
2,0.2617993877991494,4,5,5,2.4018369297488062,0.000246034452926272,0.6287994378016261,6.441166915359666e-5,3.2053465169390747,0.5861583162654685,-0.5629502566438781,0.5631636525917016,0.5700200832631656,0.5631636500988414,0.5700200836863809,-0.554107070536047,0.5631489929823433,0.0,0.0,0.0,0.0,0.0,0.0,0.0,0.0,1.6581390822737791e-12,1.6488785133591344e-10,0.019883236993448888
2,0.2617993877991494,4,3,6,2.4013476831335203,-0.00024312911612765428,-0.6286713533372614,6.365105375836819e-5,3.165934923606427,0.0,0.0,0.0,0.0,0.0,0.0,0.0,0.0,0.5720293232458121,-0.5631470003650735,0.5631605959731094,0.5560881313982055,0.5631605934455466,0.5560881321364802,-0.540372160034232,0.562951708773395,1.6581390822737791e-12,1.6488785133591344e-10,0.019883236993448888
2,0.2617993877991494,4,5,7,2.401347683133512,-0.00024312911622778512,0.6286713533372592,-6.365105378458238e-5,3.165934916855683,-0.5403721558020815,0.5629517105798754,-0.5631605977710463,-0.5560881273282142,-0.5631605952622415,-0.5560881277428985,0.5720293190136665,-0.5631470021715316,0.0,0.0,0.0,0.0,0.0,0.0,0.0,0.0,1.6581390822737791e-12,1.6488785133591344e-10,0.019883236993448888
2,0.2617993877991494,4,3,8,0.8563982080985141,0.0019017832577013461,-0.22420452659247955,-0.0004978856925928844,2.247198748920589,0.0,0.0,0.0,0.0,0.0,0.0,0.0,0.0,-0.3942218730094158,0.3890707740378282,-0.38891740506759814,-0.40537709095655516,-0.3889174048868837,-0.40537709099981994,0.41668784347285515,-0.3886018539745588,1.6581390822737791e-12,1.6488785133591344e-10,0.019883236993448888
2,0.2617993877991494,4,5,9,0.8563982080984743,0.0019017832576240633,0.22420452659246914,0.0004978856925726518,2.247198748521817,0.4166878431732623,-0.3886018541427792,0.38891740523149965,0.40537709066671945,0.38891740505954037,0.40537709069053063,-0.39422187270981635,0.3890707742060461,0.0,0.0,0.0,0.0,0.0,0.0,0.0,0.0,1.6581390822737791e-12,1.6488785133591344e-10,0.019883236993448888
2,0.2617993877991494,4,3,10,0.8527592719928937,-0.0017370015593019769,-0.2232518553477879,0.00045474594483142544,2.152967416579251,0.0,0.0,0.0,0.0,0.0,0.0,0.0,0.0,0.382909810523991,-0.3890564613760499,0.38889457473877803,0.3720703420514803,0.3888945745588156,0.3720703420955207,-0.3613864016813077,0.38858382868029645,1.6581390822737791e-12,1.6488785133591344e-10,0.019883236993448888
2,0.2617993877991494,4,5,11,0.8527592719929086,-0.0017370015592133945,0.2232518553477918,-0.00045474594480823463,2.1529674162151657,-0.3613864013900875,0.3885838288328882,-0.38889457488762147,-0.37207034176996423,-0.38889457471528177,-0.3720703417946675,0.3829098102327812,-0.38905646152865125,0.0,0.0,0.0,0.0,0.0,0.0,0.0,0.0,1.6581390822737791e-12,1.6488785133591344e-10,0.019883236993448888
2,0.2617993877991494,4,5,12,2.896495352118066,0.003897461266197987,0.7583007099475914,0.0010203529734615305,0.028940731275243037,0.00519084830971102,-0.00518644511214606,0.005185491019117184,0.005045128313569316,0.005185491019480991,0.005045128313718778,-0.004901482110289924,0.005182518460366764,0.0,0.0,0.0,0.0,0.0,0.0,0.0,0.0,1.6581390822737791e-12,1.6488785133591344e-10,0.019883236993448888
2,0.2617993877991494,4,3,13,2.8964953521182233,0.0038974612664594357,-0.7583007099476325,-0.0010203529735299777,0.028940731274683315,0.0,0.0,0.0,0.0,0.0,0.0,0.0,0.0,-0.004901482110091476,0.005182518460364365,-0.005185491019105716,-0.005045128313363361,-0.005185491019488215,-0.0050451283135277865,0.00519084830951253,-0.005186445112144142,1.6581390822737791e-12,1.6488785133591344e-10,0.019883236993448888
2,0.2617993877991494,4,5,14,2.8897996944194833,-0.002574221185911263,0.7565477908611897,-0.0006739295305311691,0.028472113274108136,-0.004608269746662354,0.005292672823109782,-0.005301408875578842,-0.004749350017479275,-0.005301408875109435,-0.004749350017158682,0.004892550471495811,-0.005308244763536154,0.0,0.0,0.0,0.0,0.0,0.0,0.0,0.0,1.6581390822737791e-12,1.6488785133591344e-10,0.019883236993448888
2,0.2617993877991494,4,3,15,2.8897996944193727,-0.0025742211860786965,-0.7565477908611608,0.0006739295305750031,0.028472113274002092,0.0,0.0,0.0,0.0,0.0,0.0,0.0,0.0,0.004892550471315527,-0.005308244763660932,0.005301408875694112,0.00474935001729102,0.005301408875247074,0.0047493500169852486,-0.004608269746480869,0.0052926728232377766,1.6581390822737791e-12,1.6488785133591344e-10,0.019883236993448888
2,0.2617993877991494,4,5,16,3.0378864832875028,0.00018767850335315878,0.7953168215279791,4.913411728091758e-5,0.016923640357254154,0.0030982479607485334,-0.0029686880961949653,0.0029699134693550715,0.0030130424281198703,0.002969913427470047,0.0030130424154684197,-0.0029290246071251858,0.002969933346261345,0.0,0.0,0.0,0.0,0.0,0.0,0.0,0.0,1.6581390822737791e-12,1.6488785133591344e-10,0.019883236993448888
2,0.2617993877991494,4,3,17,3.0378864832876284,0.000187678503402503,-0.7953168215280121,-4.9134117293835866e-5,0.016923640099359382,0.0,0.0,0.0,0.0,0.0,0.0,0.0,0.0,-0.0029290245406327735,0.0029699333218662877,-0.002969913434558051,-0.003013042352637403,-0.0029699134135039397,-0.003013042357956498,0.0030982478942563176,-0.002968688071800298,1.6581390822737791e-12,1.6488785133591344e-10,0.019883236993448888
2,0.2617993877991494,4,5,18,3.037635710731288,-6.307627562148962e-5,0.7952511694262853,-1.6513330342356398e-5,0.01666645254060812,-0.0028393937269254616,0.0029686202664587417,-0.002969867511218947,-0.0029221253344810824,-0.0029698674689531083,-0.002922125321831116,0.0030060446425642755,-0.002969945626185033,0.0,0.0,0.0,0.0,0.0,0.0,0.0,0.0,1.6581390822737791e-12,1.6488785133591344e-10,0.019883236993448888
2,0.2617993877991494,4,3,19,3.0376357107311653,-6.3076275669381e-5,-0.7952511694262532,1.651333035489433e-5,0.016666452285860042,0.0,0.0,0.0,0.0,0.0,0.0,0.0,0.0,0.003006044576199513,-0.002969945602128003,0.002969867476769985,0.002922125259233613,0.0029698674553153073,0.0029221252643390145,-0.002839393660560267,0.0029686202424024444,1.6581390822737791e-12,1.6488785133591344e-10,0.019883236993448888
2,0.2617993877991494,4,3,20,2.874199869700516,-0.0023196512858508263,-0.7524637662999901,0.000607283286543256,0.0011670514223176857,0.0,0.0,0.0,0.0,0.0,0.0,0.0,0.0,0.00019165022238090947,0.00022545261815267164,-0.00021959228612186452,0.00019208404702099474,-0.00021959228609199567,0.00019208404711008422,-0.00019243001947200525,-0.00021380877010938708,1.6581390822737791e-12,1.6488785133591344e-10,0.019883236993448888
2,0.2617993877991494,4,5,21,2.874199869700531,-0.002319651286082527,0.752463766299994,-0.0006072832866039151,0.0011670514222719974,-0.00019243001948162492,-0.00021380877008301215,0.00021959228609626163,-0.00019208404703390753,0.00021959228606790426,-0.00019208404711924606,0.00019165022239335004,0.00022545261812943206,0.0,0.0,0.0,0.0,0.0,0.0,0.0,0.0,1.6581390822737791e-12,1.6488785133591344e-10,0.019883236993448888
2,0.2617993877991494,4,5,22,2.877600771053679,0.001304243089408374,0.7533541201922134,0.0003414500423483836,0.0007991344473556129,0.00017178519005606982,0.00010744384271495878,-0.00010352916423272683,0.0001708543626882993,-0.00010352916421533353,0.0001708543627687017,-0.00016988211006813454,-9.96828191928928e-5,0.0,0.0,0.0,0.0,0.0,0.0,0.0,0.0,1.6581390822737791e-12,1.6488785133591344e-10,0.019883236993448888
2,0.2617993877991494,4,3,23,2.8776007710535927,0.0013042430893353326,-0.7533541201921908,-0.0003414500423292614,0.0007991344469583799,0.0,0.0,0.0,0.0,0.0,0.0,0.0,0.0,-0.00016988211003175427,-9.968281905983935e-5,0.00010352916410252549,-0.00017085436264955176,0.00010352916408045776,-0.000170854362735836,0.00017178519002078408,0.00010744384258298013,1.6581390822737791e-12,1.6488785133591344e-10,0.019883236993448888
2,0.2617993877991494,4,3,24,5.071574925003114,0.0032016690622213347,-1.3277352105433324,-0.0008381950004250222,0.0004129722787938883,0.0,0.0,0.0,0.0,0.0,0.0,0.0,0.0,-7.205032017592995e-5,7.189999475682021e-5,-7.188315051883587e-5,-7.410046178802642e-5,-7.188315053404182e-5,-7.410046179665984e-5,7.617935073968976e-5,-7.183666036174969e-5,1.6581390822737791e-12,1.6488785133591344e-10,0.019883236993448888
2,0.2617993877991494,4,5,25,5.07157492500313,0.003201669062198001,1.3277352105433364,0.0008381950004189134,0.00041297227876776023,7.617935073467828e-5,-7.183666035753244e-5,7.188315051507885e-5,7.410046178401469e-5,7.188315052941043e-5,7.410046179060722e-5,-7.205032017087872e-5,7.189999475264587e-5,0.0,0.0,0.0,0.0,0.0,0.0,0.0,0.0,1.6581390822737791e-12,1.6488785133591344e-10,0.019883236993448888
2,0.2617993877991494,4,3,26,5.089485557186789,4.836233740825903e-5,-1.3324242030841142,-1.2661230326018116e-5,0.0004057691804751276,0.0,0.0,0.0,0.0,0.0,0.0,0.0,0.0,-6.679959494887467e-5,7.443382348616047e-5,-7.452812532055836e-5,-6.881183733280618e-5,-7.452812526287012e-5,-6.881183733208415e-5,7.085388546017822e-5,-7.459489640159069e-5,1.6581390822737791e-12,1.6488785133591344e-10,0.019883236993448888
2,0.2617993877991494,4,5,27,5.089485557186835,4.836233746771841e-5,1.3324242030841262,1.2661230341584546e-5,0.0004057691803412345,7.085388534463328e-5,-7.459489646267156e-5,7.452812536478133e-5,6.881183719806622e-5,7.45281253407947e-5,6.88118372358747e-5,-6.679959483344496e-5,7.443382354718341e-5,0.0,0.0,0.0,0.0,0.0,0.0,0.0,0.0,1.6581390822737791e-12,1.6488785133591344e-10,0.019883236993448888
2,0.2617993877991494,4,5,28,5.065255764350699,-0.0031166373960185055,1.3260808581531256,-0.0008159337622695799,0.0004003189420705843,-6.764344949465649e-5,7.183342980694858e-5,-7.187885764006166e-5,-6.963032325329568e-5,-7.187885763479858e-5,-6.96303232484875e-5,7.164594297865463e-5,-7.189642758937812e-5,0.0,0.0,0.0,0.0,0.0,0.0,0.0,0.0,1.6581390822737791e-12,1.6488785133591344e-10,0.019883236993448888
2,0.2617993877991494,4,3,29,5.065255764350702,-0.003116637396049432,-1.3260808581531265,0.0008159337622776766,0.00040031894202466036,0.0,0.0,0.0,0.0,0.0,0.0,0.0,0.0,7.164594296886416e-5,-7.189642758289963e-5,7.187885763323928e-5,6.963032324247239e-5,7.187885762867715e-5,6.963032323966971e-5,-6.764344948480914e-5,7.18334298004784e-5,1.6581390822737791e-12,1.6488785133591344e-10,0.019883236993448888
2,0.2617993877991494,4,3,30,5.091256397107587,0.0015431358127215196,-1.3328878078912694,-0.0004039920110614367,0.0003995531768939137,0.0,0.0,0.0,0.0,0.0,0.0,0.0,0.0,7.048813145116681e-5,-7.276183354852219e-5,7.271588190961188e-5,6.847681580391383e-5,7.271588185050794e-5,6.847681580378341e-5,-6.649458103010428e-5,7.264253366946959e-5,1.6581390822737791e-12,1.6488785133591344e-10,0.019883236993448888
2,0.2617993877991494,4,5,31,5.091256397107598,0.0015431358126841363,1.3328878078912723,0.00040399201105164977,0.00039955317657620285,-6.649458089670955e-5,7.264253368589403e-5,-7.27158819116738e-5,-6.847681565218127e-5,-7.27158818814567e-5,-6.847681568876718e-5,7.04881313178082e-5,-7.276183356505614e-5,0.0,0.0,0.0,0.0,0.0,0.0,0.0,0.0,1.6581390822737791e-12,1.6488785133591344e-10,0.019883236993448888
2,0.2617993877991494,4,5,32,5.069542533365176,0.00043110843562392965,1.327203131656752,0.0001128639245213938,1.6281653946547065e-5,2.461720735515683e-6,3.313874528121056e-6,-3.232689298079545e-6,2.4731213898574676e-6,-3.232689298937287e-6,2.473121385289461e-6,-2.4832287661405623e-6,-3.1524930588057434e-6,0.0,0.0,0.0,0.0,0.0,0.0,0.0,0.0,1.6581390822737791e-12,1.6488785133591344e-10,0.019883236993448888
2,0.2617993877991494,4,3,33,5.069542533365192,0.00043110843563630083,-1.3272031316567563,-0.00011286392452463256,1.6281653934654316e-5,0.0,0.0,0.0,0.0,0.0,0.0,0.0,0.0,-2.483228773067614e-6,-3.152493049745403e-6,3.2326892890442265e-6,-2.4731213959800793e-6,3.2326892898210244e-6,-2.4731213931097357e-6,2.461720742529581e-6,3.3138745190277888e-6,1.6581390822737791e-12,1.6488785133591344e-10,0.019883236993448888
2,0.2617993877991494,4,5,34,5.066987290232827,-0.001848010669805044,1.3265341705690252,-0.0004838080620012566,1.2350500830605463e-5,-2.7237426901579843e-6,-1.3593682521743777e-6,1.4176597465473346e-6,-2.742757215685406e-6,1.417659747880629e-6,-2.7427572125523667e-6,2.761204454805008e-6,1.4770482316802369e-6,0.0,0.0,0.0,0.0,0.0,0.0,0.0,0.0,1.6581390822737791e-12,1.6488785133591344e-10,0.019883236993448888
2,0.2617993877991494,4,3,35,5.066987290232854,-0.001848010669863392,-1.3265341705690321,0.000483808062016532,1.2350500779835216e-5,0.0,0.0,0.0,0.0,0.0,0.0,0.0,0.0,2.7612044470071173e-6,1.4770482191265506e-6,-1.4176597339749575e-6,2.742757207839648e-6,-1.4176597352982815e-6,2.7427572048246213e-6,-2.7237426823764887e-6,-1.3593682395768423e-6,1.6581390822737791e-12,1.6488785133591344e-10,0.019883236993448888
2,0.2617993877991494,4,5,36,7.205392772427416,0.00024468754115834074,1.8863674166739135,6.405904847733278e-5,9.21107643675642e-6,1.6845346789284541e-6,-1.6176080477020853e-6,1.6182245666234323e-6,1.6381589259015347e-6,1.618224566383271e-6,1.6381589264152597e-6,-1.5924303321350563e-6,1.6181856923004544e-6,0.0,0.0,0.0,0.0,0.0,0.0,0.0,0.0,1.6581390822737791e-12,1.6488785133591344e-10,0.019883236993448888
2,0.2617993877991494,4,3,37,7.205392772427361,0.000244687541137034,-1.886367416673899,-6.405904847175469e-5,9.211076390924406e-6,0.0,0.0,0.0,0.0,0.0,0.0,0.0,0.0,-1.5924303187509515e-6,1.6181856895337636e-6,-1.618224564179415e-6,-1.6381589125964894e-6,-1.618224563301968e-6,-1.638158912967186e-6,1.684534665560813e-6,-1.6176080449379083e-6,1.6581390822737791e-12,1.6488785133591344e-10,0.019883236993448888
2,0.2617993877991494,4,5,38,7.204911730210842,-0.00023627199637608724,1.8862414801161087,-6.185586400534249e-5,9.096959249443157e-6,-1.552659148154629e-6,1.6176167648344026e-6,-1.6182180818715927e-6,-1.597817217147219e-6,-1.6182180829397968e-6,-1.5978172185180123e-6,1.6436224468888073e-6,-1.6181801436538475e-6,0.0,0.0,0.0,0.0,0.0,0.0,0.0,0.0,1.6581390822737791e-12,1.6488785133591344e-10,0.019883236993448888
2,0.2617993877991494,4,3,39,7.2049117302109025,-0.00023627199641565368,-1.8862414801161247,6.185586401570096e-5,9.096959202318531e-6,0.0,0.0,0.0,0.0,0.0,0.0,0.0,0.0,1.6436224350393146e-6,-1.6181801387937393e-6,1.6182180774238437e-6,1.5978172056060682e-6,1.6182180776662328e-6,1.5978172063688366e-6,-1.5526591363156697e-6,1.6176167599686882e-6,1.6581390822737791e-12,1.6488785133591344e-10,0.019883236993448888
2,0.2617993877991494,4,3,40,5.645727197500339,0.0019762348451741662,-1.4780479239865962,-0.0005173770726139436,4.899613811429741e-6,0.0,0.0,0.0,0.0,0.0,0.0,0.0,0.0,-8.671227628422561e-7,8.405363420245718e-7,-8.399832711247617e-7,-8.91440724419479e-7,-8.399832733427938e-7,-8.91440725486929e-7,9.160946090328365e-7,-8.390735589589807e-7,1.6581390822737791e-12,1.6488785133591344e-10,0.019883236993448888
2,0.2617993877991494,4,5,41,5.645727197500296,0.0019762348450580326,1.478047923986585,0.0005173770725835398,4.899613808682997e-6,9.160946105970784e-7,-8.390735563059339e-7,8.39983268592719e-7,8.914407260341994e-7,8.399832705563252e-7,8.914407269956728e-7,-8.671227644027602e-7,8.405363393598443e-7,0.0,0.0,0.0,0.0,0.0,0.0,0.0,0.0,1.6581390822737791e-12,1.6488785133591344e-10,0.019883236993448888
2,0.2617993877991494,4,3,42,5.666216956763728,0.000847746944469826,-1.4834121304179035,-0.00022193963107079996,4.610169768720982e-6,0.0,0.0,0.0,0.0,0.0,0.0,0.0,0.0,8.238751077313947e-7,-8.291875335277419e-7,8.289511035070999e-7,8.00663066267383e-7,8.289511015319875e-7,8.006630655814468e-7,-7.777825404962322e-7,8.283943400034645e-7,1.6581390822737791e-12,1.6488785133591344e-10,0.019883236993448888
2,0.2617993877991494,4,5,43,5.666216956763716,0.0008477469444633156,1.4834121304179002,0.00022193963106909554,4.610169702643163e-6,-7.777825241816173e-7,8.28394332788915e-7,-8.289510966207832e-7,-8.006630504939506e-7,-8.289510940015016e-7,-8.006630487239098e-7,8.238750914180236e-7,-8.291875263190274e-7,0.0,0.0,0.0,0.0,0.0,0.0,0.0,0.0,1.6581390822737791e-12,1.6488785133591344e-10,0.019883236993448888
2,0.2617993877991494,4,5,44,5.641941289909024,-0.001809480064204956,1.4770567756969257,-0.00047372077304362305,4.603424174981491e-6,-7.64200073268519e-7,8.386926500614404e-7,-8.39589861158595e-7,-7.870362654563195e-7,-8.395898598846062e-7,-7.870362644708319e-7,8.10208229633772e-7,-8.401721893236217e-7,0.0,0.0,0.0,0.0,0.0,0.0,0.0,0.0,1.6581390822737791e-12,1.6488785133591344e-10,0.019883236993448888
2,0.2617993877991494,4,3,45,5.641941289909072,-0.00180948006426945,-1.4770567756969384,0.00047372077306050755,4.603424170919413e-6,0.0,0.0,0.0,0.0,0.0,0.0,0.0,0.0,8.102082310404773e-7,-8.401721866103876e-7,8.395898585669705e-7,7.87036266905615e-7,8.395898570610932e-7,7.87036265827548e-7,-7.642000746688342e-7,8.386926473598434e-7,1.6581390822737791e-12,1.6488785133591344e-10,0.019883236993448888
2,0.2617993877991494,4,3,46,5.665350433483786,0.0001284013819684085,-1.483185275153701,-3.3615403191894086e-5,4.594066386201443e-6,0.0,0.0,0.0,0.0,0.0,0.0,0.0,0.0,-7.528683058018732e-7,8.457941206812266e-7,-8.469542907137821e-7,-7.756461309528044e-7,-8.469542923679615e-7,-7.756461319498396e-7,7.98762676746546e-7,-8.47804136219927e-7,1.6581390822737791e-12,1.6488785133591344e-10,0.019883236993448888
2,0.2617993877991494,4,5,47,5.665350433483958,0.0001284013820677648,1.483185275153746,3.3615403217905506e-5,4.594066338562317e-6,7.987626562592586e-7,-8.478041388387597e-7,8.469542932201142e-7,7.75646110685165e-7,8.469542950962125e-7,7.756461112363588e-7,-7.528682853072559e-7,8.457941232888361e-7,0.0,0.0,0.0,0.0,0.0,0.0,0.0,0.0,1.6581390822737791e-12,1.6488785133591344e-10,0.019883236993448888
2,0.2617993877991494,4,5,48,3.528900674202071,-4.2645429930013475e-5,0.9238640361101078,-1.116454744810905e-5,2.0459485015477102e-7,-4.8304020776909326e-8,1.448115118860044e-8,-1.3993028450518225e-8,-4.919475917266217e-8,-1.3993029314448032e-8,-4.9194760125239844e-8,5.009109179083388e-8,-1.348522755181136e-8,0.0,0.0,0.0,0.0,0.0,0.0,0.0,0.0,1.6581390822737791e-12,1.6488785133591344e-10,0.019883236993448888
2,0.2617993877991494,4,3,49,3.5289006742021884,-4.264542999785591e-5,-0.9238640361101386,1.1164547465870159e-5,2.0459485005645125e-7,0.0,0.0,0.0,0.0,0.0,0.0,0.0,0.0,5.00910919851907e-8,-1.3485226775943471e-8,1.3993027662530977e-8,4.91947594381693e-8,1.3993028554246924e-8,4.919476024883504e-8,-4.830402097190476e-8,1.4481150416316143e-8,1.6581390822737791e-12,1.6488785133591344e-10,0.019883236993448888
2,0.2617993877991494,4,3,50,5.654487938415979,0.0003419554669675008,-1.4803414805949777,-8.952373190666397e-5,1.707382079846584e-7,0.0,0.0,0.0,0.0,0.0,0.0,0.0,0.0,-2.7635839950390133e-8,-3.173715918219514e-8,3.258233729399281e-8,-2.7571364108775157e-8,3.258233738920511e-8,-2.757136402002509e-8,2.7493853039189892e-8,3.343854143933675e-8,1.6581390822737791e-12,1.6488785133591344e-10,0.019883236993448888
2,0.2617993877991494,4,5,51,5.654487938415944,0.0003419554669014573,1.4803414805949684,8.952373188937382e-5,1.7073820644812785e-7,2.7493852930115885e-8,3.343854102923698e-8,-3.258233688346891e-8,2.7571363994826845e-8,-3.258233697955777e-8,2.75713639138608e-8,-2.7635839839218587e-8,-3.1737158772195924e-8,0.0,0.0,0.0,0.0,0.0,0.0,0.0,0.0,1.6581390822737791e-12,1.6488785133591344e-10,0.019883236993448888
2,0.2617993877991494,4,5,52,5.653016662583768,-0.0009821101123166582,1.4799563014828212,-0.00025711582615585497,1.1325326783662157e-7,-2.4322491707279484e-8,-1.3697736343745516e-8,1.4240310000139759e-8,-2.446992738257177e-8,1.4240310054970251e-8,-2.4469927181509797e-8,2.4611664776327627e-8,1.479267054294059e-8,0.0,0.0,0.0,0.0,0.0,0.0,0.0,0.0,1.6581390822737791e-12,1.6488785133591344e-10,0.019883236993448888
2,0.2617993877991494,4,3,53,5.653016662583875,-0.0009821101123265504,-1.4799563014828492,0.00025711582615844475,1.1325326753659822e-7,0.0,0.0,0.0,0.0,0.0,0.0,0.0,0.0,2.4611664769647022e-8,1.479267040714227e-8,-1.4240309867855963e-8,2.446992737586054e-8,-1.4240309917086145e-8,2.4469927171883297e-8,-2.4322491697630856e-8,-1.3697736209400625e-8,1.6581390822737791e-12,1.6488785133591344e-10,0.019883236993448888
2,0.2617993877991494,4,3,54,3.5291791154414915,0.00023577371912939134,-0.9239369318561261,-6.172541532720325e-5,5.668607138658841e-8,0.0,0.0,0.0,0.0,0.0,0.0,0.0,0.0,3.3850142658548498e-9,1.3555579388180266e-8,-1.3795810774191213e-8,3.2384335708103706e-9,-1.379581022509361e-8,3.2384335887027773e-9,-3.0863343091594414e-9,-1.403733588275602e-8,1.6581390822737791e-12,1.6488785133591344e-10,0.019883236993448888
2,0.2617993877991494,4,5,55,3.529179115441615,0.00023577371914654342,0.9239369318561584,6.172541533169366e-5,5.6686070559117453e-8,-3.086333842381467e-9,-1.4037335780474446e-8,1.3795810725451521e-8,-3.2384330710114866e-9,1.3795810067848291e-8,-3.2384331550663255e-9,3.3850137991381903e-9,1.3555579284679883e-8,0.0,0.0,0.0,0.0,0.0,0.0,0.0,0.0,1.6581390822737791e-12,1.6488785133591344e-10,0.019883236993448888
2,0.2617993877991494,4,5,56,7.699757774360416,0.003865257606898353,2.015791871529298,0.0010119220751719942,7.849317336416398e-9,1.4125280641450504e-9,-1.401986343330969e-9,1.4018588366769365e-9,1.3730051839948326e-9,1.401858833397138e-9,1.37300518388085e-9,-1.3340429373889456e-9,1.4011820125296682e-9,0.0,0.0,0.0,0.0,0.0,0.0,0.0,0.0,1.6581390822737791e-12,1.6488785133591344e-10,0.019883236993448888
2,0.2617993877991494,4,3,57,7.69975777436062,0.0038652576070755985,-2.0157918715293515,-0.0010119220752183968,7.849317314917125e-9,0.0,0.0,0.0,0.0,0.0,0.0,0.0,0.0,-1.3340429440816546e-9,1.4011819983142497e-9,-1.4018588239508825e-9,-1.3730051913056236e-9,-1.4018588180264263e-9,-1.3730051898874313e-9,1.4125280707793487e-9,-1.401986329457954e-9,1.6581390822737791e-12,1.6488785133591344e-10,0.019883236993448888
2,0.2617993877991494,4,5,58,7.693124361119336,-0.002544062357179301,2.0140552480037646,-0.000666033967632402,7.627315991012766e-9,-1.2192424736809e-9,1.4309782766801054e-9,-1.4337231444144156e-9,-1.2570088506180576e-9,-1.4337231474259075e-9,-1.2570088499020449e-9,1.2953486155397641e-9,-1.4359650969490554e-9,0.0,0.0,0.0,0.0,0.0,0.0,0.0,0.0,1.6581390822737791e-12,1.6488785133591344e-10,0.019883236993448888
2,0.2617993877991494,4,3,59,7.693124361119235,-0.002544062357341826,-2.0140552480037384,0.0006660339676749509,7.627315987232415e-9,0.0,0.0,0.0,0.0,0.0,0.0,0.0,0.0,1.295348606088488e-9,-1.4359651039147779e-9,1.433723150004524e-9,1.257008840185295e-9,1.433723155873734e-9,1.2570088414606035e-9,-1.2192424642533915e-9,1.4309782837474418e-9,1.6581390822737791e-12,1.6488785133591344e-10,0.019883236993448888
2,0.2617993877991494,4,5,60,7.840832520651071,-0.00015819545995258196,2.052725153742112,-4.141547456819081e-5,3.706352001462197e-9,-6.40079220240912e-10,6.517965591672979e-10,-6.518314805677784e-10,-6.584794535791378e-10,-6.518314895979381e-10,-6.584794679665667e-10,6.77140381213811e-10,-6.516029670809851e-10,0.0,0.0,0.0,0.0,0.0,0.0,0.0,0.0,1.6581390822737791e-12,1.6488785133591344e-10,0.019883236993448888
2,0.2617993877991494,4,3,61,7.840832520650865,-0.0001581954599539602,-2.052725153742058,4.1415474568551634e-5,3.7063519442684485e-9,0.0,0.0,0.0,0.0,0.0,0.0,0.0,0.0,6.771404291748896e-10,-6.516028984576358e-10,6.518314160115055e-10,6.584795095019776e-10,6.518314167466705e-10,6.584795077983585e-10,-6.400792680658741e-10,6.517964904023354e-10,1.6581390822737791e-12,1.6488785133591344e-10,0.019883236993448888
2,0.2617993877991494,4,3,62,7.841276615957021,0.0002858610829431299,-2.0528414176213343,-7.483825651011328e-5,3.664733958525289e-9,0.0,0.0,0.0,0.0,0.0,0.0,0.0,0.0,-6.255740410622504e-10,6.515832017208112e-10,-6.51823175033348e-10,-6.437661176085752e-10,-6.518231757454385e-10,-6.437661179205595e-10,6.622188721750628e-10,-6.518055904536129e-10,1.6581390822737791e-12,1.6488785133591344e-10,0.019883236993448888
2,0.2617993877991494,4,5,63,7.841276615956824,0.00028586108290357994,2.0528414176212824,7.483825649975913e-5,3.6647338560263888e-9,6.622189094910826e-10,-6.518055176608621e-10,6.518231039515909e-10,6.437661606917082e-10,6.518231010526291e-10,6.437661494770681e-10,-6.255740784169012e-10,6.515831287568904e-10,0.0,0.0,0.0,0.0,0.0,0.0,0.0,0.0,1.6581390822737791e-12,1.6488785133591344e-10,0.019883236993448888
2,0.2617993877991494,4,5,64,7.677758168139997,-0.0022985822824875338,2.01003238808897,-0.0006017674343612078,3.43293984037891e-10,-5.730517543189198e-11,-6.225493047410393e-11,6.395721361329766e-11,-5.722246779828516e-11,6.395721394738331e-11,-5.722246867858992e-11,5.711417357526437e-11,6.568238095333111e-11,0.0,0.0,0.0,0.0,0.0,0.0,0.0,0.0,1.6581390822737791e-12,1.6488785133591344e-10,0.019883236993448888
2,0.2617993877991494,4,3,65,7.677758168140192,-0.0022985822824723333,-2.010032388089021,0.0006017674343572284,3.4329394706419185e-10,0.0,0.0,0.0,0.0,0.0,0.0,0.0,0.0,5.7114165848142756e-11,6.568237543596034e-11,-6.395720811761143e-11,5.722246027779095e-11,-6.395720842084505e-11,5.722246079138905e-11,-5.730516774870161e-11,-6.22549249715016e-11,1.6581390822737791e-12,1.6488785133591344e-10,0.019883236993448888
2,0.2617993877991494,4,3,66,7.681123744344067,0.00129011725809764,-2.0109134938787867,-0.0003377519083590794,2.4130064804309605e-10,0.0,0.0,0.0,0.0,0.0,0.0,0.0,0.0,-5.08449811849519e-11,-3.085578966508582e-11,3.2021423161527756e-11,-5.11213240136595e-11,3.202142330860185e-11,-5.112132452694132e-11,5.1384854688246606e-11,3.320750276648216e-11,1.6581390822737791e-12,1.6488785133591344e-10,0.019883236993448888
2,0.2617993877991494,4,5,67,7.681123744344065,0.0012901172581884631,2.0109134938787863,0.00033775190838285685,2.413006207907059e-10,5.138484858322005e-11,3.320749968582843e-11,-3.2021420149961423e-11,5.112131815656881e-11,-3.202142010510504e-11,5.1121318197367735e-11,-5.084497510105262e-11,-3.085578653353479e-11,0.0,0.0,0.0,0.0,0.0,0.0,0.0,0.0,1.6581390822737791e-12,1.6488785133591344e-10,0.019883236993448888
2,0.2617993877991494,4,5,68,8.332465306249913,-3.7055864300738865e-5,2.1814343160338794,-9.70120258830179e-6,3.688633191364178e-14,-8.738354455266204e-15,2.5098255464087723e-15,-2.419954783514468e-15,-8.897892418018463e-15,-2.419974333100184e-15,-8.897934376271643e-15,9.058439403575548e-15,-2.326544157247591e-15,0.0,0.0,0.0,0.0,0.0,0.0,0.0,0.0,1.6581390822737791e-12,1.6488785133591344e-10,0.019883236993448888
2,0.2617993877991494,4,3,69,8.332465306250153,-3.7055864385457556e-5,-2.181434316033942,9.701202610481092e-6,3.6886306714901513e-14,0.0,0.0,0.0,0.0,0.0,0.0,0.0,0.0,9.058447100299691e-15,-2.3264922897252437e-15,2.4199020006473205e-15,8.897908491949854e-15,2.4199228857596213e-15,8.897933579416745e-15,-8.738362064615048e-15,2.5097731924288936e-15,1.6581390822737791e-12,1.6488785133591344e-10,0.019883236993448888
2,0.2617993877991494,4,3,70,8.332734372378365,0.0002319897604369306,-2.1815047573815853,-6.073477725805976e-5,9.789253733359573e-15,0.0,0.0,0.0,0.0,0.0,0.0,0.0,0.0,7.900042587192891e-16,2.279830376711619e-15,-2.323409467617784e-15,7.684731306060939e-16,-2.323392872209684e-15,7.684734128069837e-16,-7.460128293441034e-16,-2.3672792477596116e-15,1.6581390822737791e-12,1.6488785133591344e-10,0.019883236993448888
2,0.2617993877991494,4,5,71,8.332734372378669,0.00023198976051555,2.181504757381665,6.073477727864227e-5,9.789160630435257e-15,-7.459845883858817e-16,-2.367264092630024e-15,2.323397462787822e-15,-7.684418681977846e-16,2.3233743928518238e-15,-7.68448575762102e-16,7.899763866051955e-16,2.279815055989736e-15,0.0,0.0,0.0,0.0,0.0,0.0,0.0,0.0,1.6581390822737791e-12,1.6488785133591344e-10,0.019883236993448888
2,0.2617993877991494,4,5,72,9.876394023630006,-0.003173451978838108,2.5856339090495135,-0.0008308077852698159,8.747456220674157e-15,-2.0372262330908525e-15,7.058740231603362e-16,-6.866320122822272e-16,-2.076159841456335e-15,-6.866337367048053e-16,-2.0761559250044785e-15,2.115364031534279e-15,-6.66561214011613e-16,0.0,0.0,0.0,0.0,0.0,0.0,0.0,0.0,1.6581390822737791e-12,1.6488785133591344e-10,0.019883236993448888
2,0.2617993877991494,4,3,73,9.876394023629908,-0.003173451978761315,-2.5856339090494878,0.0008308077852497115,8.747454843492008e-15,0.0,0.0,0.0,0.0,0.0,0.0,0.0,0.0,2.1153591571512358e-15,-6.665746819080891e-16,6.866451664162208e-16,2.0761523297901452e-15,6.866476929376861e-16,2.0761537490469824e-15,-2.0372214112682846e-15,7.058876620157656e-16,1.6581390822737791e-12,1.6488785133591344e-10,0.019883236993448888
2,0.2617993877991494,4,5,74,9.88283280384553,0.0032644701729250027,2.5873195777681106,0.0008546362927603491,2.73675113486034e-15,-4.346269218534368e-17,-6.925342116947607e-16,6.821356961370416e-16,-5.250623978636727e-17,6.82136031773517e-16,-5.2503998495160343e-17,6.127468929436086e-17,6.717584553409148e-16,0.0,0.0,0.0,0.0,0.0,0.0,0.0,0.0,1.6581390822737791e-12,1.6488785133591344e-10,0.019883236993448888
2,0.2617993877991494,4,3,75,9.882832803845679,0.003264470172874411,-2.5873195777681497,-0.0008546362927471043,2.736728471832542e-15,0.0,0.0,0.0,0.0,0.0,0.0,0.0,0.0,6.126865396729847e-17,6.717532096032925e-16,-6.821314991249176e-16,5.24993653421329e-17,-6.821297770026215e-16,5.249898044680374e-17,-4.345683480573807e-17,-6.925290111809602e-16,1.6581390822737791e-12,1.6488785133591344e-10,0.019883236993448888
2,0.2617993877991494,4,3,76,10.459749848572503,-0.0017010942630570677,-2.738356106888527,0.0004453454366569855,2.0436505495392353e-17,0.0,0.0,0.0,0.0,0.0,0.0,0.0,0.0,5.0816805150334825e-18,1.012821465559915e-18,-9.276885425666678e-19,5.023929664348281e-18,-9.27625994939777e-19,5.023958570384912e-18,-4.9658368663964485e-18,-8.445022019828518e-19,1.6581390822737791e-12,1.6488785133591344e-10,0.019883236993448888
2,0.2617993877991494,4,5,77,10.459749848572619,-0.001701094263116867,2.738356106888557,-0.00044534543667264096,2.0436029928533275e-17,-4.965651678528269e-18,-8.44885672600937e-19,9.281080283968841e-19,-5.023856354497367e-18,9.27976630529109e-19,-5.023647840504345e-18,5.081481576896257e-18,1.013208040058375e-18,0.0,0.0,0.0,0.0,0.0,0.0,0.0,0.0,1.6581390822737791e-12,1.6488785133591344e-10,0.019883236993448888
2,0.2617993877991494,4,5,78,10.463321541829018,0.0018704400186845905,2.739291173996489,0.0004896800518066554,4.9695769763223135e-18,-6.2488099661750915e-19,1.0941538440814896e-18,-1.087457097011442e-18,-6.007936360318126e-19,-1.0873354295161687e-18,-6.008029640820717e-19,5.771502152177101e-19,-1.0803985567545065e-18,0.0,0.0,0.0,0.0,0.0,0.0,0.0,0.0,1.6581390822737791e-12,1.6488785133591344e-10,0.019883236993448888
2,0.2617993877991494,4,3,79,10.463321541829083,0.0018704400186788624,-2.7392911739965062,-0.0004896800518051558,4.969067816290875e-18,0.0,0.0,0.0,0.0,0.0,0.0,0.0,0.0,5.769568652895139e-19,-1.0803650589745776e-18,1.0873621659561925e-18,6.006213272248975e-19,1.0873566330797205e-18,6.005824216438153e-19,-6.246813222432293e-19,1.0941135315177977e-18,1.6581390822737791e-12,1.6488785133591344e-10,0.019883236993448888
3,0.15114994701951814,5,6,0,0.2540172701954142,0.008293123625524926,0.03839469693207948,0.0012535051966244069,85.59552860000088,15.554759417813486,-15.134398826531845,15.137297167338367,15.123776341791103,15.137297167302126,15.123776341016535,-14.69884697371464,15.134144786828662,0.0,0.0,0.0,0.0,0.0,0.0,0.0,0.0,2.7682209913827816e-12,4.3087403704052327e-10,0.01983983218303874
3,0.15114994701951814,5,4,1,0.2540172701954928,0.008293123625558894,-0.03839469693209136,-0.001253505196629541,85.59552859994442,0.0,0.0,0.0,0.0,0.0,0.0,0.0,0.0,-14.698846973698041,15.134144786825066,-15.137297167334273,-15.123776341774553,-15.137297167299467,-15.123776340999907,15.554759417796914,-15.134398826528683,2.7682209913827816e-12,4.3087403704052327e-10,0.01983983218303874
3,0.15114994701951814,5,6,2,2.068769367995192,-0.00032467543144078584,0.31269438036807534,-4.9074674260813976e-5,3.378238221588434,-0.5759614499186232,0.6013231863241689,-0.601564141666022,-0.5927310638506913,-0.601564141694951,-0.5927310637956619,0.6097412559557894,-0.6015679564953862,0.0,0.0,0.0,0.0,0.0,0.0,0.0,0.0,2.7682209913827816e-12,4.3087403704052327e-10,0.01983983218303874
3,0.15114994701951814,5,4,3,2.068769367995131,-0.00032467543162682105,-0.31269438036806607,4.9074674288933186e-5,3.3782382213240822,0.0,0.0,0.0,0.0,0.0,0.0,0.0,0.0,0.609741255820915,-0.6015679565355182,0.6015641417131218,0.5927310637121596,0.6015641417281201,0.5927310636644313,-0.5759614497837202,0.6013231863642521,2.7682209913827816e-12,4.3087403704052327e-10,0.01983983218303874
3,0.15114994701951814,5,6,4,2.127648897930881,0.010699262423621573,0.32159401819838884,0.001617192948478322,3.267665650931181,0.4272783170996767,-0.7098312935594211,0.7057523192885791,0.41133850902286245,0.7057523192786143,0.4113385089871408,-0.39568096891960336,0.7015087531504712,0.0,0.0,0.0,0.0,0.0,0.0,0.0,0.0,2.7682209913827816e-12,4.3087403704052327e-10,0.01983983218303874
3,0.15114994701951814,5,4,5,2.1276488979309005,0.010699262423598678,-0.3215940181983918,-0.0016171929484748615,3.2676656509250837,0.0,0.0,0.0,0.0,0.0,0.0,0.0,0.0,-0.39568096894399296,0.701508753134461,-0.7057523192704175,-0.411338509047379,-0.7057523192647511,-0.4113385090115034,0.42727831712417425,-0.7098312935434148,2.7682209913827816e-12,4.3087403704052327e-10,0.01983983218303874
3,0.15114994701951814,5,6,6,2.0772814382811893,0.005907039368907959,0.3139809793408302,0.0008928486876526459,2.766741032128489,0.6321270923290231,-0.3041688031622656,0.308682382228769,0.6189473733744691,0.3086823822691346,0.618947373335188,-0.6058910778123023,0.31294835770141205,0.0,0.0,0.0,0.0,0.0,0.0,0.0,0.0,2.7682209913827816e-12,4.3087403704052327e-10,0.01983983218303874
3,0.15114994701951814,5,4,7,2.0772814382810587,0.005907039368924366,-0.3139809793408105,-0.0008928486876551258,2.7667410316655228,0.0,0.0,0.0,0.0,0.0,0.0,0.0,0.0,-0.6058910776578289,0.3129483577520285,-0.30868238228874534,-0.6189473732161138,-0.3086823823103449,-0.6189473731844196,0.6321270921743483,-0.3041688032127752,2.7682209913827816e-12,4.3087403704052327e-10,0.01983983218303874
3,0.15114994701951814,5,6,8,4.28757724685474,-0.0002069835772910318,0.6480670737041854,-3.12855567414498e-5,2.22862305018902,-0.38128348069313256,0.3954224624232304,-0.3955444976754967,-0.3923468603858534,-0.39554449762531496,-0.3923468603693766,0.403568426466217,-0.39550956249632124,0.0,0.0,0.0,0.0,0.0,0.0,0.0,0.0,2.7682209913827816e-12,4.3087403704052327e-10,0.01983983218303874
3,0.15114994701951814,5,4,9,4.287577246854326,-0.00020698357258279107,-0.6480670737041229,3.1285556029799456e-5,2.2286230471089796,0.0,0.0,0.0,0.0,0.0,0.0,0.0,0.0,0.4035684261197088,-0.39550956175545143,0.39554449695701627,0.3923468600524781,0.39554449686215376,0.3923468600094707,-0.381283480346656,0.39542246168232087,2.7682209913827816e-12,4.3087403704052327e-10,0.01983983218303874
3,0.15114994701951814,5,6,10,4.295512455624621,0.004150197845323287,0.6492664800893417,0.0006273021844411331,2.1343816065931525,0.47939074210362886,-0.2510911774061398,0.2542254821454226,0.46911085140187253,0.25422548211121293,0.4691108513907855,-0.4589326133481516,0.2571721221796149,0.0,0.0,0.0,0.0,0.0,0.0,0.0,0.0,2.7682209913827816e-12,4.3087403704052327e-10,0.01983983218303874
3,0.15114994701951814,5,4,11,4.295512455627967,0.004150197845295629,-0.6492664800898474,-0.0006273021844369527,2.1343816041460526,0.0,0.0,0.0,0.0,0.0,0.0,0.0,0.0,-0.45893261300588345,0.25717212152993835,-0.25422548152311997,-0.46911085106719097,-0.2542254814348814,-0.46911085103742445,0.47939074175807667,-0.2510911767570999,2.7682209913827816e-12,4.3087403704052327e-10,0.01983983218303874
3,0.15114994701951814,5,6,12,4.326104047800744,0.012414540793752635,0.6538903976260054,0.0018764571832473574,1.0733081238051505,0.05874638294548884,-0.26571827613939214,0.2627801800389219,0.05421046211949053,0.2627801800223346,0.05421046210810551,-0.04977964901299268,0.25982037871542657,0.0,0.0,0.0,0.0,0.0,0.0,0.0,0.0,2.7682209913827816e-12,4.3087403704052327e-10,0.01983983218303874
3,0.15114994701951814,5,4,13,4.3261040478016275,0.012414540789644882,-0.653890397626139,-0.001876457182626471,1.0733081234513961,0.0,0.0,0.0,0.0,0.0,0.0,0.0,0.0,-0.049779649011327,0.25982037862548235,-0.2627801799446502,-0.05421046212339637,-0.2627801799360481,-0.05421046210392913,0.058746382946954126,-0.26571827604872356,2.7682209913827816e-12,4.3087403704052327e-10,0.01983983218303874
3,0.15114994701951814,5,4,14,4.370068106442377,0.008324813948733316,-0.6605355627604513,-0.0012582951872983864,0.05899206791960771,0.0,0.0,0.0,0.0,0.0,0.0,0.0,0.0,-0.009353701091984315,0.01113220036123702,-0.011155437494532188,-0.00964564531844622,-0.011155437496489257,-0.009645645319195336,0.009942050948812692,-0.011174815479372746,2.7682209913827816e-12,4.3087403704052327e-10,0.01983983218303874
3,0.15114994701951814,5,6,15,4.370068106442716,0.008324813948577411,0.6605355627605025,0.0012582951872748213,0.05899206786720755,0.009942050943236743,-0.011174815466888083,0.011155437481943675,0.009645645313063719,0.011155437484092165,0.009645645313413482,-0.009353701086401264,0.011132200348734002,0.0,0.0,0.0,0.0,0.0,0.0,0.0,0.0,2.7682209913827816e-12,4.3087403704052327e-10,0.01983983218303874
3,0.15114994701951814,5,4,16,4.415229139980499,0.007444820362078026,-0.6673616505870851,-0.0011252842032979235,0.007918234205449307,0.0,0.0,0.0,0.0,0.0,0.0,0.0,0.0,0.0013266970672673652,-0.0015068287869718616,0.0015040219522269769,0.0012869258918948667,0.0015040219490855635,0.0012869258934112091,-0.001247756223832961,0.0015007002237083572,2.7682209913827816e-12,4.3087403704052327e-10,0.01983983218303874
3,0.15114994701951814,5,6,17,4.4152291399802355,0.007444820363002549,0.6673616505870452,0.001125284203437665,0.007918234143711844,-0.001247756218525789,0.0015007002079339754,-0.001504021936742644,-0.0012869258873371271,-0.0015040219330268822,-0.0012869258873486177,0.0013266970619605718,-0.0015068287712011518,0.0,0.0,0.0,0.0,0.0,0.0,0.0,0.0,2.7682209913827816e-12,4.3087403704052327e-10,0.01983983218303874
3,0.15114994701951814,5,4,18,4.416085257230021,0.008306917791798651,-0.6674910526639929,-0.0012555901841258589,0.003747209826689968,0.0,0.0,0.0,0.0,0.0,0.0,0.0,0.0,-0.0005471855550346334,0.0007440625231751537,-0.0007467345794727163,-0.0005655957668953072,-0.0007467345768666624,-0.0005655957685310409,0.0005843046289582041,-0.0007491803351501252,2.7682209913827816e-12,4.3087403704052327e-10,0.01983983218303874
3,0.15114994701951814,5,6,19,4.416085257230072,0.00830691779133958,0.6674910526640006,0.0012555901840564702,0.003747209779132013,0.0005843046245164803,-0.0007491803235983597,0.0007467345683460664,0.0005655957631994327,0.0007467345648989905,0.0005655957633309656,-0.0005471855505850355,0.0007440625116306049,0.0,0.0,0.0,0.0,0.0,0.0,0.0,0.0,2.7682209913827816e-12,4.3087403704052327e-10,0.01983983218303874
3,0.15114994701951814,5,4,20,6.5913416963332345,0.00830539734398421,-0.9962809481883093,-0.00125536036851926,0.0022677436673415965,0.0,0.0,0.0,0.0,0.0,0.0,0.0,0.0,-0.00036417213995589855,0.0004240292686380437,-0.00042480125275460635,-0.00037540390908716596,-0.000424801252949708,-0.0003754039091230707,0.0003868055687166931,-0.00042542304152537046,2.7682209913827816e-12,4.3087403704052327e-10,0.01983983218303874
3,0.15114994701951814,5,6,21,6.5913416963363805,0.008305397343237413,0.9962809481887848,0.0012553603684063819,0.0022677436602454824,0.0003868055670490171,-0.0004254230405368523,0.0004248012517702505,0.0003754039074804274,0.0004248012520872472,0.00037540390746303604,-0.00036417213835441485,0.000424029267778208,0.0,0.0,0.0,0.0,0.0,0.0,0.0,0.0,2.7682209913827816e-12,4.3087403704052327e-10,0.01983983218303874
3,0.15114994701951814,5,4,22,6.630742221315035,0.007592979052685447,-1.0022363354518495,-0.0011476783815337164,0.0014346615677818808,0.0,0.0,0.0,0.0,0.0,0.0,0.0,0.0,0.0002564981166291533,-0.0002579273061910909,0.0002578568758752854,0.0002492746148530245,0.0002578568760983299,0.0002492746151938395,-0.00024215423621124852,0.00025768671530772475,2.7682209913827816e-12,4.3087403704052327e-10,0.01983983218303874
3,0.15114994701951814,5,6,23,6.630742221314585,0.007592979055023301,1.0022363354517816,0.0011476783818870828,0.0014346615229760902,-0.00024215424984914543,0.00025768668654703344,-0.0002578568477254767,-0.0002492746292664894,-0.0002578568467216463,-0.00024927462804476166,0.00025649813026715505,-0.0002579272774307463,0.0,0.0,0.0,0.0,0.0,0.0,0.0,0.0,2.7682209913827816e-12,4.3087403704052327e-10,0.01983983218303874
3,0.15114994701951814,5,4,24,6.6314457169906955,0.00823685121585664,-1.0023426687859542,-0.0012449996248843848,0.0007859433419983518,0.0,0.0,0.0,0.0,0.0,0.0,0.0,0.0,-0.00014051053210771048,0.00013335346459331595,-0.00013322355957970304,-0.0001444102033585607,-0.00013322355987354653,-0.00014441020372342198,0.0001483631528323075,-0.00013303588011928815,2.7682209913827816e-12,4.3087403704052327e-10,0.01983983218303874
3,0.15114994701951814,5,6,25,6.631445716991223,0.008236851214324518,1.002342668786034,0.0012449996246528046,0.0007859433002152795,0.00014836316478165595,-0.00013303585176331465,0.00013322353185490001,0.00014441021608893682,0.0001332235308824484,0.00014441021488241024,-0.0001405105440590299,0.00013335343623818214,0.0,0.0,0.0,0.0,0.0,0.0,0.0,0.0,2.7682209913827816e-12,4.3087403704052327e-10,0.01983983218303874
3,0.15114994701951814,5,4,26,8.817447420218247,0.00829465842423173,-1.332756710413375,-0.0012537371813676258,0.00040477077731422334,0.0,0.0,0.0,0.0,0.0,0.0,0.0,0.0,-6.983486170314187e-5,7.124962819704547e-5,-7.125536691249848e-5,-7.184434777038257e-5,-7.125536690621676e-5,-7.184434776741062e-5,7.388233023273037e-5,-7.123236218330274e-5,2.7682209913827816e-12,4.3087403704052327e-10,0.01983983218303874
3,0.15114994701951814,5,6,27,8.81744742021688,0.008294658424686347,1.3327567104131683,0.0012537371814363412,0.00040477077716471267,7.388233019375002e-5,-7.12323621704507e-5,7.125536690112533e-5,7.184434773263476e-5,7.125536689074276e-5,7.184434772648484e-5,-6.983486166347993e-5,7.124962818304128e-5,0.0,0.0,0.0,0.0,0.0,0.0,0.0,0.0,2.7682209913827816e-12,4.3087403704052327e-10,0.01983983218303874
3,0.15114994701951814,5,6,28,8.844144774023107,0.007789153492203502,1.3367920140265408,0.001177330137673454,0.0002689747421621816,-4.558459474897366e-5,4.813758667900112e-5,-4.816437373113866e-5,-4.6919657513750493e-5,-4.81643738852521e-5,-4.691965772523959e-5,4.827398248603406e-5,-4.817238922285689e-5,0.0,0.0,0.0,0.0,0.0,0.0,0.0,0.0,2.7682209913827816e-12,4.3087403704052327e-10,0.01983983218303874
3,0.15114994701951814,5,4,29,8.84414477402225,0.007789153493312667,-1.3367920140264116,-0.0011773301378411043,0.00026897473173724323,0.0,0.0,0.0,0.0,0.0,0.0,0.0,0.0,4.8273981049987026e-5,-4.817238698312581e-5,4.816437167017191e-5,4.691965608565278e-5,4.816437146757595e-5,4.6919656280304314e-5,-4.558459331288068e-5,4.813758443951063e-5,2.7682209913827816e-12,4.3087403704052327e-10,0.01983983218303874
3,0.15114994701951814,5,4,30,6.5909869515749495,0.008282302272226419,-0.996227328536889,-0.001251869549646658,0.00020286062673941408,0.0,0.0,0.0,0.0,0.0,0.0,0.0,0.0,-4.9954534738319356e-5,-2.1444727250688117e-6,2.891356124124239e-6,-5.063012969339216e-5,2.89135621445208e-6,-5.063012968271519e-5,5.1304564045087074e-5,3.6584914330990837e-6,2.7682209913827816e-12,4.3087403704052327e-10,0.01983983218303874
3,0.15114994701951814,5,6,31,6.5909869515720505,0.00828230227641246,0.9962273285364508,0.001251869550279378,0.0002028606249816778,5.1304563810054534e-5,3.658488398316877e-6,-2.8913531541459854e-6,5.063012941225708e-5,-2.8913532483820294e-6,5.0630129422651505e-5,-4.9954534433825295e-5,-2.144469823016068e-6,0.0,0.0,0.0,0.0,0.0,0.0,0.0,0.0,2.7682209913827816e-12,4.3087403704052327e-10,0.01983983218303874
3,0.15114994701951814,5,6,32,8.844651224421515,0.008296435907160584,1.3368685639774283,0.0012540058478181502,0.0001343417311815692,2.408165620335102e-5,-2.4089333625769863e-5,2.4084509829263833e-5,2.340523233058892e-5,2.4084509994482794e-5,2.3405232550596523e-5,-2.273844060979467e-5,2.4070322179524783e-5,0.0,0.0,0.0,0.0,0.0,0.0,0.0,0.0,2.7682209913827816e-12,4.3087403704052327e-10,0.01983983218303874
3,0.15114994701951814,5,4,33,8.844651224422488,0.008296435905657689,-1.3368685639775755,-0.0012540058475909877,0.00013434172059989234,0.0,0.0,0.0,0.0,0.0,0.0,0.0,0.0,-2.273843915060863e-5,2.407031990786258e-5,-2.4084507739486884e-5,-2.340523088268304e-5,-2.408450754214031e-5,-2.340523108016996e-5,2.4081654745135484e-5,-2.4089331354723966e-5,2.7682209913827816e-12,4.3087403704052327e-10,0.01983983218303874
3,0.15114994701951814,5,4,34,6.2326404610489625,-9.506025511846032e-5,-0.9420632754792558,1.4368352524817155e-5,8.657466783549119e-5,0.0,0.0,0.0,0.0,0.0,0.0,0.0,0.0,1.562855627311362e-5,-1.541382860801104e-5,1.5413804839426828e-5,1.51926332648097e-5,1.541380483851035e-5,1.519263326491898e-5,-1.4762874562883076e-5,1.540770278376218e-5,2.7682209913827816e-12,4.3087403704052327e-10,0.01983983218303874
3,0.15114994701951814,5,6,35,6.232640461048397,-9.506025445319387e-5,0.9420632754791703,-1.4368352424262167e-5,8.65746678144108e-5,-1.4762874566252506e-5,1.540770277295226e-5,-1.541380482865669e-5,-1.5192633268187776e-5,-1.5413804827724962e-5,-1.5192633268390356e-5,1.562855627660053e-5,-1.541382859726606e-5,0.0,0.0,0.0,0.0,0.0,0.0,0.0,0.0,2.7682209913827816e-12,4.3087403704052327e-10,0.01983983218303874
3,0.15114994701951814,5,6,36,6.59059125088185,0.007899263265106265,0.9961675183980915,0.0011939732240140379,8.200099762031191e-5,-1.3644802736298833e-5,1.4910381591117306e-5,-1.4925489313972919e-5,-1.4051618217619624e-5,-1.4925489528993981e-5,-1.4051618225145542e-5,1.446440277692442e-5,-1.493497541025328e-5,0.0,0.0,0.0,0.0,0.0,0.0,0.0,0.0,2.7682209913827816e-12,4.3087403704052327e-10,0.01983983218303874
3,0.15114994701951814,5,4,37,6.590591250879695,0.007899263268209408,-0.9961675183977656,-0.0011939732244830778,8.200099743695255e-5,0.0,0.0,0.0,0.0,0.0,0.0,0.0,0.0,1.4464404712554767e-5,-1.4934973525471593e-5,1.4925487487433603e-5,1.4051620135712656e-5,1.4925487585101789e-5,1.4051620177423437e-5,-1.3644804671796712e-5,1.4910379706241021e-5,2.7682209913827816e-12,4.3087403704052327e-10,0.01983983218303874
3,0.15114994701951814,5,4,38,6.240926478324647,0.005929159643956516,-0.9433157065514785,-0.0008961921660542925,6.652702532144433e-5,0.0,0.0,0.0,0.0,0.0,0.0,0.0,0.0,-1.4249195373517852e-5,8.113892233284637e-6,-8.02422834512169e-6,-1.4567066374157374e-5,-8.024228343966724e-6,-1.4567066377569102e-5,1.4888145904073168e-5,-7.928736987564894e-6,2.7682209913827816e-12,4.3087403704052327e-10,0.01983983218303874
3,0.15114994701951814,5,6,39,6.240926478324917,0.005929159643640272,0.9433157065515192,0.0008961921660064922,6.652702532069794e-5,1.4888145903671612e-5,-7.928736987866353e-6,8.02422834523666e-6,1.456706637372063e-5,8.02422834467076e-6,1.4567066377129028e-5,-1.4249195373040498e-5,8.113892233797941e-6,0.0,0.0,0.0,0.0,0.0,0.0,0.0,0.0,2.7682209913827816e-12,4.3087403704052327e-10,0.01983983218303874
3,0.15114994701951814,5,4,40,6.289298362153548,0.010689705425270424,-0.950627114229451,-0.0016157484086838803,5.862129121006714e-5,0.0,0.0,0.0,0.0,0.0,0.0,0.0,0.0,-6.60382075507114e-6,1.2851377746965345e-5,-1.2938368992448523e-5,-6.881542067473214e-6,-1.2938368994211041e-5,-6.881542066867259e-6,7.164438176116853e-6,-1.3022606587897358e-5,2.7682209913827816e-12,4.3087403704052327e-10,0.01983983218303874
3,0.15114994701951814,5,6,41,6.289298362153788,0.010689705425116158,0.9506271142294873,0.001615748408660563,5.8621291200282115e-5,7.1644381725788305e-6,-1.3022606587056627e-5,1.2938368991982865e-5,6.8815420640168824e-6,1.2938368992946523e-5,6.8815420631570855e-6,-6.603820751444967e-6,1.2851377746073936e-5,0.0,0.0,0.0,0.0,0.0,0.0,0.0,0.0,2.7682209913827816e-12,4.3087403704052327e-10,0.01983983218303874
3,0.15114994701951814,5,4,42,6.633662614174796,0.008363294576875702,-1.0026777526778785,-0.0012641115322033858,5.781216959918616e-5,0.0,0.0,0.0,0.0,0.0,0.0,0.0,0.0,1.3129325595820055e-6,1.4188773022697952e-5,-1.4408234955080599e-5,1.127969969776143e-6,-1.440823491879451e-5,1.1279699855155253e-6,-9.372440115409192e-7,-1.4628146885887449e-5,2.7682209913827816e-12,4.3087403704052327e-10,0.01983983218303874
3,0.15114994701951814,5,6,43,6.633662614175124,0.008363294575591764,1.0026777526779282,0.0012641115320093186,5.781216774691727e-5,-9.372423100431678e-7,-1.4628146553958357e-5,1.440823461015099e-5,-1.1279682698774177e-6,1.4408234600716642e-5,-1.1279682834059743e-6,1.3129308589478473e-6,1.4188772692266576e-5,0.0,0.0,0.0,0.0,0.0,0.0,0.0,0.0,2.7682209913827816e-12,4.3087403704052327e-10,0.01983983218303874
3,0.15114994701951814,5,6,44,8.451101615020892,1.187877918441306e-5,1.2773835613669722,1.795476844380589e-6,4.3503223890483925e-5,-7.504058182679186e-6,7.659135654619527e-6,-7.65979549789286e-6,-7.72002997598111e-6,-7.659795497566644e-6,-7.720029976328732e-6,7.939065070118786e-6,-7.657366716201767e-6,0.0,0.0,0.0,0.0,0.0,0.0,0.0,0.0,2.7682209913827816e-12,4.3087403704052327e-10,0.01983983218303874
3,0.15114994701951814,5,4,45,8.451101615021745,1.1878778237656498e-5,-1.277383561367101,-1.7954767012783849e-6,4.350322387254384e-5,0.0,0.0,0.0,0.0,0.0,0.0,0.0,0.0,7.939065065337287e-6,-7.65736671468768e-6,7.659795496825377e-6,7.720029971270155e-6,7.659795495463553e-6,7.72002997154889e-6,-7.5040581779714715e-6,7.659135652964182e-6,2.7682209913827816e-12,4.3087403704052327e-10,0.01983983218303874
3,0.15114994701951814,5,4,46,8.44361100399152,2.390406195419692e-5,-1.2762513559067388,-3.6130976979281437e-6,3.908588868086904e-5,0.0,0.0,0.0,0.0,0.0,0.0,0.0,0.0,7.017871876505952e-6,-6.9971619980865525e-6,6.996080756367185e-6,6.821068567969363e-6,6.996080755840733e-6,6.821068567952943e-6,-6.6270631459222944e-6,6.992270527118995e-6,2.7682209913827816e-12,4.3087403704052327e-10,0.01983983218303874
3,0.15114994701951814,5,6,47,8.443611003991727,2.3904062814571192e-5,1.2762513559067699,3.6130978279736695e-6,3.908588867204391e-5,-6.627063143640447e-6,6.992270526104698e-6,-6.99608075546948e-6,-6.821068565884005e-6,-6.9960807548244494e-6,-6.821068565678176e-6,7.0178718744325946e-6,-6.997161997184629e-6,0.0,0.0,0.0,0.0,0.0,0.0,0.0,0.0,2.7682209913827816e-12,4.3087403704052327e-10,0.01983983218303874
3,0.15114994701951814,5,4,48,8.458848082386197,0.004269816127101087,-1.2785544394988264,-0.0006453824813944134,3.632517644924207e-5,0.0,0.0,0.0,0.0,0.0,0.0,0.0,0.0,-7.579645183095046e-6,4.765619945301072e-6,-4.724281312213261e-6,-7.755180443231154e-6,-4.724281311889558e-6,-7.755180442851771e-6,7.932604795020503e-6,-4.679840228809992e-6,2.7682209913827816e-12,4.3087403704052327e-10,0.01983983218303874
3,0.15114994701951814,5,6,49,8.458848082386094,0.004269816125847182,1.2785544394988109,0.0006453824812048857,3.632517643588015e-5,7.932604793682384e-6,-4.679840224604569e-6,4.7242813073903635e-6,7.755180441966186e-6,4.724281308235072e-6,7.755180441456749e-6,-7.579645181775538e-6,4.765619941029775e-6,0.0,0.0,0.0,0.0,0.0,0.0,0.0,0.0,2.7682209913827816e-12,4.3087403704052327e-10,0.01983983218303874
3,0.15114994701951814,5,4,50,8.508459484088537,0.010154240819917861,-1.286053200237699,-0.0015348129619540132,3.210089479054807e-5,0.0,0.0,0.0,0.0,0.0,0.0,0.0,0.0,-4.186619027316735e-6,6.71373360385557e-6,-6.748611683803703e-6,-4.342121227977693e-6,-6.748611684739121e-6,-4.342121228231642e-6,4.500322526082059e-6,-6.781752376373286e-6,2.7682209913827816e-12,4.3087403704052327e-10,0.01983983218303874
3,0.15114994701951814,5,6,51,8.508459484088174,0.010154240819660147,1.2860532002376441,0.0015348129619150597,3.210089477252787e-5,4.500322527271884e-6,-6.781752370243013e-6,6.748611677675061e-6,4.342121229246898e-6,6.748611678558489e-6,4.34212122943963e-6,-4.186619028605815e-6,6.713733597679121e-6,0.0,0.0,0.0,0.0,0.0,0.0,0.0,0.0,2.7682209913827816e-12,4.3087403704052327e-10,0.01983983218303874
3,0.15114994701951814,5,6,52,8.451890866054711,0.00647090670771797,1.2775028566189188,0.0009780772060398158,2.854513646877504e-5,6.314843629359961e-6,-3.5362302392958307e-6,3.574283552169898e-6,6.176241297655624e-6,3.5742835532692686e-6,6.176241299260846e-6,-6.039068186820689e-6,3.6098660837812573e-6,0.0,0.0,0.0,0.0,0.0,0.0,0.0,0.0,2.7682209913827816e-12,4.3087403704052327e-10,0.01983983218303874
3,0.15114994701951814,5,4,53,8.451890866055379,0.006470906708625243,-1.2775028566190199,-0.00097807720617695,2.85451364583556e-5,0.0,0.0,0.0,0.0,0.0,0.0,0.0,0.0,-6.039068183928282e-6,3.609866083623844e-6,-3.574283552272501e-6,-6.176241294752046e-6,-3.5742835529698488e-6,-6.1762412962594785e-6,6.3148436263474645e-6,-3.5362302392586443e-6,2.7682209913827816e-12,4.3087403704052327e-10,0.01983983218303874
3,0.15114994701951814,5,4,54,10.658734816553299,-0.00021112524996334814,-1.6110672028171245,3.1911570346442594e-5,1.3678254681189492e-5,0.0,0.0,0.0,0.0,0.0,0.0,0.0,0.0,2.503565300122387e-6,-2.3999597981421473e-6,2.4009345943612787e-6,2.434699096589868e-6,2.400934593892625e-6,2.4346990968081104e-6,-2.366793072297876e-6,2.4009353184350333e-6,2.7682209913827816e-12,4.3087403704052327e-10,0.01983983218303874
3,0.15114994701951814,5,6,55,10.65873481655262,-0.00021112525050200927,1.6110672028170219,-3.1911570427861196e-5,1.3678254660241838e-5,-2.3667930664980376e-6,2.4009353168373166e-6,-2.4009345930218892e-6,-2.43469909082471e-6,-2.400934592219592e-6,-2.434699090833845e-6,2.5035652941840655e-6,-2.3999597967296725e-6,0.0,0.0,0.0,0.0,0.0,0.0,0.0,0.0,2.7682209913827816e-12,4.3087403704052327e-10,0.01983983218303874
3,0.15114994701951814,5,4,56,8.489089613935104,0.012339700543389912,-1.2831254453902325,-0.0018651450833701044,1.1549127663664043e-5,0.0,0.0,0.0,0.0,0.0,0.0,0.0,0.0,-1.3988295009331594e-7,2.843158973175263e-6,-2.8813546501316955e-6,-1.82643893066108e-7,-2.8813546495603853e-6,-1.8264389301869533e-7,2.2655736319230412e-7,-2.9194770384514623e-6,2.7682209913827816e-12,4.3087403704052327e-10,0.01983983218303874
3,0.15114994701951814,5,6,57,8.4890896139352,0.012339700543565441,1.2831254453902472,0.0018651450833966356,1.1549127653354852e-5,2.2655736334699605e-7,-2.919477035833914e-6,2.8813546475330315e-6,1.8264389334771988e-7,2.8813546469766367e-6,1.8264389301321862e-7,-1.3988295021552596e-7,2.8431589706092646e-6,0.0,0.0,0.0,0.0,0.0,0.0,0.0,0.0,2.7682209913827816e-12,4.3087403704052327e-10,0.01983983218303874
3,0.15114994701951814,5,4,58,8.52261405164062,0.012223924650833266,-1.2881926623732805,-0.00184764556334403,2.3447947351732407e-6,0.0,0.0,0.0,0.0,0.0,0.0,0.0,0.0,3.428165997121654e-7,-4.857237397229706e-7,4.836359020408215e-7,3.311960977536215e-7,4.836359031830899e-7,3.3119609854301417e-7,-3.19769024436349e-7,4.814155483743139e-7,2.7682209913827816e-12,4.3087403704052327e-10,0.01983983218303874
3,0.15114994701951814,5,6,59,8.522614051640733,0.01222392465047778,1.2881926623732978,0.0018476455632902983,2.344794717318082e-6,-3.197690211084199e-7,4.814155452291911e-7,-4.836358989151817e-7,-3.311960944895766e-7,-4.836359000365208e-7,-3.3119609516492194e-7,3.428165963996665e-7,-4.857237365945744e-7,0.0,0.0,0.0,0.0,0.0,0.0,0.0,0.0,2.7682209913827816e-12,4.3087403704052327e-10,0.01983983218303874
3,0.15114994701951814,5,6,60,8.519619512838167,0.009789958067032905,1.287740037991942,0.001479751643155328,6.677209566905918e-7,-5.467958724395227e-8,-1.6022586343259503e-7,1.5719779504106003e-7,-5.614064551104895e-8,1.5719779481571554e-7,-5.614064547649805e-8,5.75388201373719e-8,1.541921701042899e-7,0.0,0.0,0.0,0.0,0.0,0.0,0.0,0.0,2.7682209913827816e-12,4.3087403704052327e-10,0.01983983218303874
3,0.15114994701951814,5,4,61,8.519619512837266,0.00978995806628103,-1.2877400379918058,-0.001479751643041682,6.677209520723548e-7,0.0,0.0,0.0,0.0,0.0,0.0,0.0,0.0,5.753881858082306e-8,1.5419216941198914e-7,-1.571977944020085e-7,5.614064393139551e-8,-1.5719779412004106e-7,5.6140643925856664e-8,-5.46795856689578e-8,-1.6022586279125575e-7,2.7682209913827816e-12,4.3087403704052327e-10,0.01983983218303874
3,0.15114994701951814,5,4,62,8.428329814243483,0.0026957586710880978,-1.2739416048859276,-0.0004074637803123726,1.7207515090782707e-7,0.0,0.0,0.0,0.0,0.0,0.0,0.0,0.0,2.11386295281398e-8,3.816634939926925e-8,-3.7331912721957195e-8,2.1371929483478685e-8,-3.733191264048134e-8,2.1371929635233465e-8,-2.159029511543888e-8,-3.65060217476091e-8,2.7682209913827816e-12,4.3087403704052327e-10,0.01983983218303874
3,0.15114994701951814,5,6,63,8.428329814243526,0.002695758671280607,1.273941604885934,0.00040746378034147037,1.7207515067933853e-7,-2.159029534141507e-8,-3.650602155314797e-8,3.733191252527559e-8,-2.1371929707650977e-8,3.733191244629797e-8,-2.1371929863992286e-8,2.1138629755058856e-8,3.816634920275918e-8,0.0,0.0,0.0,0.0,0.0,0.0,0.0,0.0,2.7682209913827816e-12,4.3087403704052327e-10,0.01983983218303874
3,0.15114994701951814,5,6,64,8.43296347875557,0.0068061520227715435,1.2746419830314357,0.001028749517648705,1.1560076198813525e-7,1.439989192546189e-8,2.5529141717712965e-8,-2.4967362507341015e-8,1.4552261520531646e-8,-2.4967362472632715e-8,1.4552261684898236e-8,-1.469464317050185e-8,-2.4411402168628585e-8,0.0,0.0,0.0,0.0,0.0,0.0,0.0,0.0,2.7682209913827816e-12,4.3087403704052327e-10,0.01983983218303874
3,0.15114994701951814,5,4,65,8.432963478755173,0.006806152022963417,-1.2746419830313758,-0.0010287495176777067,1.1560076164408889e-7,0.0,0.0,0.0,0.0,0.0,0.0,0.0,0.0,-1.469464319572239e-8,-2.4411402056058773e-8,2.4967362397635148e-8,-1.4552261551698912e-8,2.4967362353829165e-8,-1.4552261704227084e-8,1.439989195074106e-8,2.552914160171561e-8,2.7682209913827816e-12,4.3087403704052327e-10,0.01983983218303874
3,0.15114994701951814,5,4,66,8.581562251209636,0.008318629990111157,-1.2971026796150333,-0.0012573604822802762,5.552789285433624e-8,0.0,0.0,0.0,0.0,0.0,0.0,0.0,0.0,-9.289585724074704e-9,1.0050881210283535e-8,-1.0059748182707211e-8,-9.565112662475917e-9,-1.0059748217931202e-8,-9.565112622928041e-9,9.844662695050153e-9,-1.0064788340450727e-8,2.7682209913827816e-12,4.3087403704052327e-10,0.01983983218303874
3,0.15114994701951814,5,6,67,8.581562251209505,0.00831862999010297,1.2971026796150136,0.0012573604822790387,5.552789278574509e-8,9.844662730301194e-9,-1.0064788282048018e-8,1.005974812232764e-8,9.565112701658167e-9,1.0059748164966209e-8,9.565112653177143e-9,-9.289585758244734e-9,1.0050881155292033e-8,0.0,0.0,0.0,0.0,0.0,0.0,0.0,0.0,2.7682209913827816e-12,4.3087403704052327e-10,0.01983983218303874
3,0.15114994701951814,5,4,68,10.647618102119026,0.002557363347285426,-1.6093869120193531,-0.00038654533445184975,5.52724673581586e-8,0.0,0.0,0.0,0.0,0.0,0.0,0.0,0.0,8.736925399429161e-9,1.095737638994282e-8,-1.0680608554814137e-8,8.766177288183608e-9,-1.0680608582787218e-8,8.76617724295793e-9,-8.791156187332163e-9,-1.0407346364103035e-8,2.7682209913827816e-12,4.3087403704052327e-10,0.01983983218303874
3,0.15114994701951814,5,6,69,10.647618102118955,0.0025573633471537667,1.6093869120193423,0.00038654533443194944,5.527246650523533e-8,-8.79115621792346e-9,-1.040734606492893e-8,1.0680608253238452e-8,-8.766177321156197e-9,1.0680608275969855e-8,-8.766177279112344e-9,8.736925438100103e-9,1.0957376080681648e-8,0.0,0.0,0.0,0.0,0.0,0.0,0.0,0.0,2.7682209913827816e-12,4.3087403704052327e-10,0.01983983218303874
3,0.15114994701951814,5,6,70,10.652231675623593,0.006488850920871407,1.6100842534101392,0.0009807894729072647,4.7027598814093074e-8,4.560911515848612e-9,1.1016969881148581e-8,-1.0797590805511665e-8,4.6500434419084895e-9,-1.079759082234837e-8,4.650043416666059e-9,-4.734855934773946e-9,-1.0580070900352748e-8,0.0,0.0,0.0,0.0,0.0,0.0,0.0,0.0,2.7682209913827816e-12,4.3087403704052327e-10,0.01983983218303874
3,0.15114994701951814,5,4,71,10.65223167562355,0.006488850920998159,-1.6100842534101327,-0.0009807894729264232,4.702759838189386e-8,0.0,0.0,0.0,0.0,0.0,0.0,0.0,0.0,-4.734855601311992e-9,-1.0580070926817284e-8,1.0797590845411445e-8,-4.6500431178173934e-9,1.079759083457696e-8,-4.650043073194694e-9,4.560911181759357e-9,1.101696990692736e-8,2.7682209913827816e-12,4.3087403704052327e-10,0.01983983218303874
3,0.15114994701951814,5,6,72,4.304590036223446,0.016803743460900415,0.6506385559159195,0.0025398849338446722,1.1778680682258047e-17,-1.2731321236222322e-19,2.979293447208232e-18,-2.942482248205089e-18,-7.541846148698941e-20,-2.9449287295075082e-18,-6.548194007179057e-20,1.497508236599825e-20,-2.907524431870969e-18,0.0,0.0,0.0,0.0,0.0,0.0,0.0,0.0,2.7682209913827816e-12,4.3087403704052327e-10,0.01983983218303874
3,0.15114994701951814,5,6,73,6.591383411945182,0.008691385200109767,0.996287253500845,0.0013137024125228153,8.893463791046531e-18,1.8386714336508858e-18,1.3041878761053647e-18,-1.258450438400102e-18,1.8327096076754497e-18,-1.2594850520308045e-18,1.8321956181909238e-18,-1.8256523861821586e-18,-1.214466046308288e-18,0.0,0.0,0.0,0.0,0.0,0.0,0.0,0.0,2.7682209913827816e-12,4.3087403704052327e-10,0.01983983218303874
3,0.15114994701951814,5,4,74,4.4169413928826815,0.009157298457998897,-0.667620457522534,-0.0013841251767684486,4.141681766676092e-18,0.0,0.0,0.0,0.0,0.0,0.0,0.0,0.0,2.479058346930845e-19,-9.900533228470107e-19,9.986556894095504e-19,2.689095826040528e-19,1.001270620892839e-18,2.679660921852111e-19,-2.8943509818625476e-19,1.009661377553407e-18,2.7682209913827816e-12,4.3087403704052327e-10,0.01983983218303874
3,0.15114994701951814,5,6,75,4.416941392882862,0.00915729845793714,0.6676204575225613,0.001384125176759114,2.6680271538834202e-18,-4.378125872164935e-19,5.150244937746855e-19,-5.155401829266586e-19,-4.246590739041565e-19,-5.126756493718774e-19,-4.251655079378676e-19,4.122000211490843e-19,-5.130258232492959e-19,0.0,0.0,0.0,0.0,0.0,0.0,0.0,0.0,2.7682209913827816e-12,4.3087403704052327e-10,0.01983983218303874
3,0.15114994701951814,5,4,76,4.304590036226496,0.01680374346109274,-0.6506385559163805,-0.002539884933873742,1.9585143922419238e-18,0.0,0.0,0.0,0.0,0.0,0.0,0.0,0.0,4.048920552152652e-19,-2.678411458344465e-19,2.598382700387688e-19,4.136520855757688e-19,2.684959379611623e-19,4.1078547353426977e-19,-4.1959611858324004e-19,2.6035726055773297e-19,2.7682209913827816e-12,4.3087403704052327e-10,0.01983983218303874
3,0.15114994701951814,5,4,77,6.63215282628295,0.00900352418473149,-1.0024495483180154,-0.001360882203511115,1.9004257806518115e-18,0.0,0.0,0.0,0.0,0.0,0.0,0.0,0.0,3.9666340706240345e-19,-2.4024738098887567e-19,2.330752033285261e-19,4.158844621137287e-19,2.3669860999219337e-19,4.0990271395231163e-19,-4.293639064114069e-19,2.289696424612179e-19,2.7682209913827816e-12,4.3087403704052327e-10,0.01983983218303874
3,0.15114994701951814,5,4,78,6.59138341194576,0.008691385200921484,-0.9962872535009323,-0.0013137024126455062,1.4328082963699196e-18,0.0,0.0,0.0,0.0,0.0,0.0,0.0,0.0,-9.258450845739645e-20,-3.40868814585668e-19,3.4731575320249446e-19,-8.808424883825084e-20,3.4688044110439154e-19,-8.876589743214349e-20,8.410845498051793e-20,3.5334797166325524e-19,2.7682209913827816e-12,4.3087403704052327e-10,0.01983983218303874
3,0.15114994701951814,5,6,79,6.632152826283454,0.00900352418519742,1.0024495483180915,0.0013608822035815404,1.0109047846656204e-18,-6.914223846379985e-20,-2.473760237337926e-19,2.4100516378285026e-19,-7.248120920008246e-20,2.4377889624752303e-19,-7.044301934456613e-20,7.368641825684256e-20,2.3745640588438097e-19,0.0,0.0,0.0,0.0,0.0,0.0,0.0,0.0,2.7682209913827816e-12,4.3087403704052327e-10,0.01983983218303874
4,0.08726646259971647,6,5,0,0.29264195626611134,0.012014550259734958,-0.025537828331604468,-0.0010484673008935746,35.8715716990542,0.0,0.0,0.0,0.0,0.0,0.0,0.0,0.0,-6.374590417035553,6.126763235317468,-6.121956747307863,-6.552610822753489,-6.121956747315768,-6.552610822557094,6.73307948666613,-6.114528725325684,9.470536259168867e-12,2.4384410626721444e-9,0.013832140210237412
4,0.08726646259971647,6,7,1,0.29264195626638034,0.012014550259367675,0.025537828331627946,0.0010484673008615232,35.87157169753745,6.733079486315109,-6.1145287251459655,6.121956747072362,6.552610822401544,6.121956747191804,6.552610822206995,-6.374590416684604,6.1267632351375845,0.0,0.0,0.0,0.0,0.0,0.0,0.0,0.0,9.470536259168867e-12,2.4384410626721444e-9,0.013832140210237412
4,0.08726646259971647,6,5,2,0.2696936140451447,-0.01092691833741292,-0.023535207683452988,0.0009535535104220007,33.39874224287559,0.0,0.0,0.0,0.0,0.0,0.0,0.0,0.0,5.847311806301403,-6.125267970595342,6.1201927672974925,5.679218194316218,6.120192767283971,5.679218194161113,-5.513572204846748,6.112845387184379,9.470536259168867e-12,2.4384410626721444e-9,0.013832140210237412
4,0.08726646259971647,6,7,3,0.26969361404501657,-0.010926918337093236,0.02353520768344181,-0.000953553510394103,33.39874224137248,-5.513572204435245,6.1128453870534445,-6.120192767107738,-5.679218193898933,-6.120192767212204,-5.679218193755337,5.847311805889902,-6.125267970464592,0.0,0.0,0.0,0.0,0.0,0.0,0.0,0.0,9.470536259168867e-12,2.4384410626721444e-9,0.013832140210237412
4,0.08726646259971647,6,5,4,1.0504850347062187,0.003818921769012728,-0.09167211299275209,-0.0003332637937267923,9.760741209169407,0.0,0.0,0.0,0.0,0.0,0.0,0.0,0.0,-1.7911903459296943,1.606087504701456,-1.6031042461853757,-1.8395558615175978,-1.603104246550238,-1.8395558618979977,1.888562471993063,-1.5993850374768688,9.470536259168867e-12,2.4384410626721444e-9,0.013832140210237412
4,0.08726646259971647,6,7,5,1.050485034706035,0.0038189217686559265,0.09167211299273607,0.0003332637936956555,9.760741204177789,1.8885624703785102,-1.5993850374298137,1.6031042459917204,1.8395558598722197,1.6031042466505805,1.8395558603142563,-1.7911903443151442,1.6060875046545502,0.0,0.0,0.0,0.0,0.0,0.0,0.0,0.0,9.470536259168867e-12,2.4384410626721444e-9,0.013832140210237412
4,0.08726646259971647,6,5,6,1.0442986580678328,-0.00237093988101,-0.09113224978721064,0.0002069035364523354,8.429121140375381,0.0,0.0,0.0,0.0,0.0,0.0,0.0,0.0,1.4119572063550487,-1.6043480568210204,1.6013511820741253,1.3696206144012117,1.6013511824342574,1.369620614793231,-1.3279244537158432,1.5978063313616593,9.470536259168867e-12,2.4384410626721444e-9,0.013832140210237412
4,0.08726646259971647,6,7,7,1.0442986580676277,-0.0023709398809171646,0.09113224978719273,-0.00020690353644423399,8.429121136038939,-1.327924452119458,1.5978063313002329,-1.6013511818670643,-1.3696206127763713,-1.6013511825191282,-1.3696206132252993,1.4119572047586866,-1.604348056759618,0.0,0.0,0.0,0.0,0.0,0.0,0.0,0.0,9.470536259168867e-12,2.4384410626721444e-9,0.013832140210237412
4,0.08726646259971647,6,5,8,3.86759819622744,0.001390410272014933,-0.3375116133418128,-0.00012133618600105277,3.616626318842501,0.0,0.0,0.0,0.0,0.0,0.0,0.0,0.0,-0.6324264628251459,0.6282196130490084,-0.6280309345911782,-0.6503802995440068,-0.6280309347423286,-0.6503802998234299,0.6685852968757621,-0.6275820539385072,9.470536259168867e-12,2.4384410626721444e-9,0.013832140210237412
4,0.08726646259971647,6,7,9,3.8675981962274024,0.0013904102730758067,0.3375116133418095,0.00012133618609363145,3.6166263164856542,0.6685852949313663,-0.6275820551035907,0.628030935668114,0.6503802975386461,0.6280309359962377,0.6503802979404089,-0.6324264608806961,0.6282196142139926,0.0,0.0,0.0,0.0,0.0,0.0,0.0,0.0,9.470536259168867e-12,2.4384410626721444e-9,0.013832140210237412
4,0.08726646259971647,6,5,10,3.8648551704591165,-0.0013457484117671906,-0.3372722391861913,0.00011743870344410938,3.4920176748520237,0.0,0.0,0.0,0.0,0.0,0.0,0.0,0.0,0.6239685232348584,-0.628159213577061,0.6279777854194928,0.6063863614184357,0.6279777855728631,0.6063863617109457,-0.5890553424879239,0.6275537526481787,9.470536259168867e-12,2.4384410626721444e-9,0.013832140210237412
4,0.08726646259971647,6,7,11,3.864855170458957,-0.0013457484126075617,0.33727223918617744,-0.0001174387035174456,3.4920176729229806,-0.5890553405579823,0.6275537538410957,-0.6279777865256309,-0.6063863594269508,-0.6279777868532145,-0.6063863598429998,0.6239685213048899,-0.6281592147698603,0.0,0.0,0.0,0.0,0.0,0.0,0.0,0.0,9.470536259168867e-12,2.4384410626721444e-9,0.013832140210237412
4,0.08726646259971647,6,7,12,7.455150279337273,0.0009532145380442923,0.650584593027052,8.318366083374824e-5,2.5373912354674317,0.4658337469284805,-0.44373156179004875,0.44395288004541494,0.4530593259617341,0.4439528783139325,0.4530593263686873,-0.4404624502855129,0.4439929373283214,0.0,0.0,0.0,0.0,0.0,0.0,0.0,0.0,9.470536259168867e-12,2.4384410626721444e-9,0.013832140210237412
4,0.08726646259971647,6,5,13,7.455150279350418,0.0009532145567749273,-0.650584593028199,-8.318366246830452e-5,2.5373912094178035,0.0,0.0,0.0,0.0,0.0,0.0,0.0,0.0,-0.4404624536888836,0.4439929245514546,-0.4439528668913626,-0.45305932979930963,-0.4439528659129274,-0.4530593293326914,0.4658337503318003,-0.4437315490132196,9.470536259168867e-12,2.4384410626721444e-9,0.013832140210237412
4,0.08726646259971647,6,7,14,7.453171682489089,-0.0009647887425902838,0.6504119278792,-8.419370072188248e-5,2.485529950849717,-0.42246616187349295,0.44365964693644827,-0.44387302031688275,-0.4348037896998692,-0.4438730185790624,-0.4348037901040799,0.4473189323305826,-0.4439124349391217,0.0,0.0,0.0,0.0,0.0,0.0,0.0,0.0,9.470536259168867e-12,2.4384410626721444e-9,0.013832140210237412
4,0.08726646259971647,6,5,15,7.453171682476018,-0.0009647887587591157,-0.6504119278780593,8.419370213287925e-5,2.485529923861634,0.0,0.0,0.0,0.0,0.0,0.0,0.0,0.0,0.4473189357429495,-0.44391242215288423,0.4438730071530861,0.4348037935462612,0.443873006169002,0.43480379307724476,-0.42246616528579883,0.4436596341501919,9.470536259168867e-12,2.4384410626721444e-9,0.013832140210237412
4,0.08726646259971647,6,5,16,4.358088872189077,0.011053822089478783,-0.38031499957112863,-0.00096462795195542,0.1496997464287696,0.0,0.0,0.0,0.0,0.0,0.0,0.0,0.0,-0.02613535937911913,0.02604563834379261,-0.026039030690412433,-0.026878517997096948,-0.026039030690314123,-0.026878517995741223,0.027632090075288784,-0.02602166954703362,9.470536259168867e-12,2.4384410626721444e-9,0.013832140210237412
4,0.08726646259971647,6,7,17,4.358088872189281,0.011053822089621676,0.38031499957114645,0.0009646279519678897,0.1496997464262961,0.02763209007573896,-0.026021669545675006,0.026039030688902592,0.02687851799765849,0.026039030689107283,0.026878517996089202,-0.02613535937957888,0.026045638342434854,0.0,0.0,0.0,0.0,0.0,0.0,0.0,0.0,9.470536259168867e-12,2.4384410626721444e-9,0.013832140210237412
4,0.08726646259971647,6,5,18,4.340083095845327,-0.006318765626181324,-0.3787436991632479,0.0005514163241935266,0.1390500573145038,0.0,0.0,0.0,0.0,0.0,0.0,0.0,0.0,0.02332469472096106,-0.026437310737037346,0.02638873126525726,0.022626233636751966,0.02638873126521156,0.022626233637760968,-0.021938326235538798,0.026331099189245578,9.470536259168867e-12,2.4384410626721444e-9,0.013832140210237412
4,0.08726646259971647,6,7,19,4.340083095844205,-0.006318765626298206,0.37874369916315004,-0.0005514163242037264,0.13905005731163206,-0.02193832623678422,0.026331099187224073,-0.026388731263104103,-0.022626233638105713,-0.026388731263331737,-0.022626233638903998,0.023324694722213477,-0.026437310735026417,0.0,0.0,0.0,0.0,0.0,0.0,0.0,0.0,9.470536259168867e-12,2.4384410626721444e-9,0.013832140210237412
4,0.08726646259971647,6,5,20,4.716680415308154,0.0009599446489983263,-0.4116080150573042,-8.37709738096104e-5,0.04500134304796688,0.0,0.0,0.0,0.0,0.0,0.0,0.0,0.0,-0.007822886925209976,0.007863249704575921,-0.007862222400074705,-0.008046294771923524,-0.007862222339600562,-0.008046294827850341,0.008272846919778455,-0.007857975889170709,9.470536259168867e-12,2.4384410626721444e-9,0.013832140210237412
4,0.08726646259971647,6,7,21,4.716680415308854,0.0009599446497105604,0.4116080150573653,8.377097387176456e-5,0.04500134265449762,0.00827284672357805,-0.007857975949179806,0.00786222245507184,0.008046294587979138,0.007862222404697836,0.00804629461942353,-0.007822886729015113,0.007863249764582867,0.0,0.0,0.0,0.0,0.0,0.0,0.0,0.0,9.470536259168867e-12,2.4384410626721444e-9,0.013832140210237412
4,0.08726646259971647,6,5,22,4.716029443960897,0.0003088824749666319,-0.4115512070905753,-2.6955080949383442e-5,0.043703348926184535,0.0,0.0,0.0,0.0,0.0,0.0,0.0,0.0,0.007807658726793107,-0.007862978138647886,0.007860667213767221,0.007587614612124094,0.007860667153546491,0.007587614668712677,-0.0073707142138790425,0.007855320554921495,9.470536259168867e-12,2.4384410626721444e-9,0.013832140210237412
4,0.08726646259971647,6,7,23,4.716029443960251,0.0003088824744696562,0.4115512070905189,2.695508090601413e-5,0.04370334854804261,-0.007370714018952473,0.007855320611652034,-0.007860667265583033,-0.007587614429433803,-0.007860667215271875,-0.007587614461573498,0.007807658531867544,-0.007862978195380593,0.0,0.0,0.0,0.0,0.0,0.0,0.0,0.0,9.470536259168867e-12,2.4384410626721444e-9,0.013832140210237412
4,0.08726646259971647,6,5,24,7.935607663312863,0.011814172658327165,-0.6925124093565155,-0.0010309810564345006,0.0426017285421629,0.0,0.0,0.0,0.0,0.0,0.0,0.0,0.0,-0.007320356141289107,0.007527944009539725,-0.0075293838747254385,-0.007531848545945309,-0.007529383875125563,-0.007531848545996403,0.007746352101531053,-0.007527810398664262,9.470536259168867e-12,2.4384410626721444e-9,0.013832140210237412
4,0.08726646259971647,6,7,25,7.935607663314759,0.01181417266437965,0.6925124093566808,0.0010309810569626794,0.042601728527371055,0.007746352097343957,-0.007527810397643218,0.007529383873588541,0.007531848541937562,0.007529383874170543,0.007531848541637484,-0.007320356137110551,0.0075279440084680144,0.0,0.0,0.0,0.0,0.0,0.0,0.0,0.0,9.470536259168867e-12,2.4384410626721444e-9,0.013832140210237412
4,0.08726646259971647,6,5,26,7.915684693807696,-0.005529443386073533,-0.6907738022833175,0.00048253496444803555,0.04009661555976863,0.0,0.0,0.0,0.0,0.0,0.0,0.0,0.0,0.006408042283137083,-0.00789257623288683,0.007870330165039173,0.006207376112026776,0.007870330165014004,0.00620737611222555,-0.006009857576466679,0.007845600517198204,9.470536259168867e-12,2.4384410626721444e-9,0.013832140210237412
4,0.08726646259971647,6,7,27,7.915684693812867,-0.005529443377396475,0.6907738022837687,-0.0004825349636908195,0.04009661554069905,-0.006009857571096837,0.007845600515353142,-0.007870330163033047,-0.006207376106703675,-0.007870330163380729,-0.006207376106766382,0.006408042277725499,-0.00789257623109163,0.0,0.0,0.0,0.0,0.0,0.0,0.0,0.0,9.470536259168867e-12,2.4384410626721444e-9,0.013832140210237412
4,0.08726646259971647,6,7,28,8.317972236780298,0.0009529956252243479,0.7258800131064679,8.316455708633398e-5,0.01294967366220107,0.0023691962137863776,-0.002273182811617051,0.002274076570835181,0.002303997824639871,0.0022740765594241436,0.0023039978010095255,-0.00223970885794428,0.0022740485377500627,0.0,0.0,0.0,0.0,0.0,0.0,0.0,0.0,9.470536259168867e-12,2.4384410626721444e-9,0.013832140210237412
4,0.08726646259971647,6,5,29,8.317972236782177,0.0009529956320225713,-0.7258800131066319,-8.316455767959088e-5,0.012949673207936538,0.0,0.0,0.0,0.0,0.0,0.0,0.0,0.0,-0.002239708587024765,0.002274048650516785,-0.002274076687725416,-0.002303997548645998,-0.0022740766682067164,-0.002303997535186716,0.0023691959428442043,-0.002273182924415543,9.470536259168867e-12,2.4384410626721444e-9,0.013832140210237412
4,0.08726646259971647,6,7,30,8.317332422241261,0.0003133764128846993,0.7258241787549262,2.7347251014635917e-5,0.012706635316766818,-0.002154840093936323,0.002272761627961227,-0.002273988843503806,-0.0022179105587663093,-0.0022739888320815298,-0.0022179105349213234,0.002281890417625772,-0.0022743287016468005,0.0,0.0,0.0,0.0,0.0,0.0,0.0,0.0,9.470536259168867e-12,2.4384410626721444e-9,0.013832140210237412
4,0.08726646259971647,6,5,31,8.317332422236518,0.00031337640568021054,-0.7258241787545123,-2.734725038592567e-5,0.012706634888990799,0.0,0.0,0.0,0.0,0.0,0.0,0.0,0.0,0.0022818901486568754,-0.0022743288145405656,0.002273988960487998,0.0022179102847604383,0.002273988941020829,0.002217910271022657,-0.0021548398249552764,0.0022727617408828072,9.470536259168867e-12,2.4384410626721444e-9,0.013832140210237412
4,0.08726646259971647,6,7,32,4.288392396850176,-0.005804427511470709,0.37423283471263435,-0.000506531856342524,0.004350740352737468,-0.000731324541109411,-0.0007842944807713647,0.0008058746911483062,-0.0007304153299215738,0.0008058746910666274,-0.0007304153297012731,0.0007291837102161184,0.0008277470030947946,0.0,0.0,0.0,0.0,0.0,0.0,0.0,0.0,9.470536259168867e-12,2.4384410626721444e-9,0.013832140210237412
4,0.08726646259971647,6,5,33,4.288392396851696,-0.005804427511009255,-0.374232834712767,0.0005065318563022545,0.004350740351924405,0.0,0.0,0.0,0.0,0.0,0.0,0.0,0.0,0.0007291837101363125,0.0008277470028944307,-0.000805874690954327,0.0007304153298363779,-0.00080587469086507,0.0007304153296174861,-0.0007313245410203603,-0.0007842944805762818,9.470536259168867e-12,2.4384410626721444e-9,0.013832140210237412
4,0.08726646259971647,6,5,34,8.014189272732906,0.011308123761870414,-0.6993699484359952,-0.0009868199593382296,0.0037063776614077323,0.0,0.0,0.0,0.0,0.0,0.0,0.0,0.0,-0.0006526715164727724,0.0006391960653547404,-0.0006388721933514087,-0.0006710690670040755,-0.0006388721933759307,-0.0006710690670259922,0.0006897221127387148,-0.0006382798426464593,9.470536259168867e-12,2.4384410626721444e-9,0.013832140210237412
4,0.08726646259971647,6,7,35,8.014189272732862,0.011308123762653544,0.6993699484359913,0.0009868199594065706,0.00370637766128105,0.0006897221125782533,-0.0006382798427666619,0.0006388721934624547,0.0006710690668481943,0.0006388721935071533,0.0006710690668638555,-0.0006526715163151024,0.0006391960654767566,0.0,0.0,0.0,0.0,0.0,0.0,0.0,0.0,9.470536259168867e-12,2.4384410626721444e-9,0.013832140210237412
4,0.08726646259971647,6,7,36,7.992653658414017,-0.010216233837066678,0.6974906115544739,-0.0008915345880523372,0.0035550333236083684,-0.0006040398720502074,0.0006347627442311621,-0.0006350737700466321,-0.0006216861797225369,-0.0006350737699364246,-0.0006216861797119494,0.0006395864671475023,-0.0006351360704840522,0.0,0.0,0.0,0.0,0.0,0.0,0.0,0.0,9.470536259168867e-12,2.4384410626721444e-9,0.013832140210237412
4,0.08726646259971647,6,5,37,7.99265365841377,-0.010216233836156479,-0.6974906115544524,0.0008915345879729074,0.003555033323482808,0.0,0.0,0.0,0.0,0.0,0.0,0.0,0.0,0.0006395864671061586,-0.0006351360704755524,0.0006350737700343406,0.0006216861796834595,0.0006350737699382083,0.0006216861796720895,-0.0006040398720124737,0.0006347627442290984,9.470536259168867e-12,2.4384410626721444e-9,0.013832140210237412
4,0.08726646259971647,6,7,38,4.298121907638878,0.004561625328503904,0.37508189470199016,0.00039807690612380536,0.0031929417750084874,0.0006711284097782217,0.00045274591550381637,-0.0004369856772173063,0.0006679518231874123,-0.00043698567700708595,0.0006679518230608315,-0.0006646003887683236,-0.00042149258447993806,0.0,0.0,0.0,0.0,0.0,0.0,0.0,0.0,9.470536259168867e-12,2.4384410626721444e-9,0.013832140210237412
4,0.08726646259971647,6,5,39,4.298121907637809,0.004561625329127968,-0.3750818947018969,-0.00039807690617826516,0.0031929417739596172,0.0,0.0,0.0,0.0,0.0,0.0,0.0,0.0,-0.0006646003887261098,-0.00042149258407111996,0.00043698567679628674,-0.0006679518231547329,0.0004369856766074978,-0.0006679518230037701,0.0006711284097304963,0.0004527459150919232,9.470536259168867e-12,2.4384410626721444e-9,0.013832140210237412
4,0.08726646259971647,6,7,40,7.8789553081996075,-0.006856831623320846,0.6875685587278386,-0.0005983714404090818,0.0029145208910399687,-0.0005592691179652977,-0.00045084794576002795,0.0004652452235942087,-0.0005607100901651878,0.00046524522369226657,-0.0005607100900370305,0.0005619649192979479,0.00047986674833383827,0.0,0.0,0.0,0.0,0.0,0.0,0.0,0.0,9.470536259168867e-12,2.4384410626721444e-9,0.013832140210237412
4,0.08726646259971647,6,5,41,7.8789553081563515,-0.006856831630247081,-0.6875685587240639,0.0005983714410135098,0.002914520881765183,0.0,0.0,0.0,0.0,0.0,0.0,0.0,0.0,0.0005619649164100861,0.00047986674812097274,-0.0004652452234559385,0.0005607100872604941,-0.0004652452234637991,0.0005607100872201217,-0.0005592691151315463,-0.0004508479456057069,9.470536259168867e-12,2.4384410626721444e-9,0.013832140210237412
4,0.08726646259971647,6,7,42,8.06926777133422,0.00025652763006401083,0.7041764541742351,2.2386258834774905e-5,0.0028378976984714493,0.0004982007649530935,-0.0005191697429171524,0.0005187756939050241,0.0004839167431622536,0.0005187756942125819,0.0004839167432806364,-0.00046984019304485957,0.0005181880370091821,0.0,0.0,0.0,0.0,0.0,0.0,0.0,0.0,9.470536259168867e-12,2.4384410626721444e-9,0.013832140210237412
4,0.08726646259971647,6,5,43,8.06926777133415,0.00025652763030789734,-0.7041764541742291,-2.2386258856058017e-5,0.0028378976981048437,0.0,0.0,0.0,0.0,0.0,0.0,0.0,0.0,-0.0004698401932814723,0.0005181880366648939,-0.0005187756935584053,-0.000483916743433841,-0.0005187756938694678,-0.00048391674347963173,0.0004982007651871505,-0.0005191697425718234,9.470536259168867e-12,2.4384410626721444e-9,0.013832140210237412
4,0.08726646259971647,6,5,44,8.07522777493204,0.005458606536994114,-0.7046965626052986,-0.0004763532832071647,0.002811643291001006,0.0,0.0,0.0,0.0,0.0,0.0,0.0,0.0,0.0004987070709598701,-0.0005094086522749618,0.0005091596856801553,0.00048455200117998386,0.0005091596859159462,0.00048455200118822516,-0.00047060055651025547,0.0005087168577966869,9.470536259168867e-12,2.4384410626721444e-9,0.013832140210237412
4,0.08726646259971647,6,7,45,8.07522777493182,0.005458606537309455,0.7046965626052794,0.0004763532832346834,0.002811643288807026,-0.000470600556213084,0.000508716857322228,-0.0005091596851941556,-0.0004845520008529492,-0.0005091596854528091,-0.0004845520009212264,0.0004987070706632002,-0.0005094086518001531,0.0,0.0,0.0,0.0,0.0,0.0,0.0,0.0,9.470536259168867e-12,2.4384410626721444e-9,0.013832140210237412
4,0.08726646259971647,6,7,46,7.888901887674432,0.004073066246219215,0.6884365615335736,0.00035544208324185674,0.0015563230308122634,0.00034885406043416375,0.00018442248844343815,-0.00017695023403504695,0.00034649287975249075,-0.00017695023401392474,0.0003464928797437391,-0.0003440608912514059,-0.00016961656259411494,0.0,0.0,0.0,0.0,0.0,0.0,0.0,0.0,9.470536259168867e-12,2.4384410626721444e-9,0.013832140210237412
4,0.08726646259971647,6,5,47,7.888901887700689,0.004073066230466837,-0.6884365615358649,-0.0003554420818672024,0.0015563230258011482,0.0,0.0,0.0,0.0,0.0,0.0,0.0,0.0,-0.00034406089005902484,-0.00016961656217777,0.0001769502336301091,-0.0003464928786153556,0.0001769502335686088,-0.0003464928785015574,0.00034885405924738115,0.00018442248800984033,9.470536259168867e-12,2.4384410626721444e-9,0.013832140210237412
4,0.08726646259971647,6,5,48,11.595414619172818,-0.008895619721422495,-1.0118908161922504,0.0007762892657208164,0.0004844727572624781,0.0,0.0,0.0,0.0,0.0,0.0,0.0,0.0,8.979408276045898e-5,-8.38208635318879e-5,8.38877437255408e-5,8.735556996463772e-5,8.388774372548234e-5,8.735556996879648e-5,-8.495060528077879e-5,8.391967498168771e-5,9.470536259168867e-12,2.4384410626721444e-9,0.013832140210237412
4,0.08726646259971647,6,7,49,11.595414619171112,-0.00889561970429546,1.0118908161921016,-0.0007762892642262006,0.0004844727566599779,-8.49506049773095e-5,8.391967507669589e-5,-8.388774382452815e-5,-8.735556966240195e-5,-8.388774382413348e-5,-8.735556966358693e-5,8.979408245654478e-5,-8.38208636345107e-5,0.0,0.0,0.0,0.0,0.0,0.0,0.0,0.0,9.470536259168867e-12,2.4384410626721444e-9,0.013832140210237412
4,0.08726646259971647,6,5,50,8.732731183843754,0.004196664944491762,-0.7620745592482787,-0.00036622810442203153,0.00020385343495046406,0.0,0.0,0.0,0.0,0.0,0.0,0.0,0.0,-3.7607464239982984e-5,3.332061755472567e-5,-3.325231910364457e-5,-3.861719229791475e-5,-3.325231909343638e-5,-3.861719228386562e-5,3.964021817947699e-5,-3.3168571105688645e-5,9.470536259168867e-12,2.4384410626721444e-9,0.013832140210237412
4,0.08726646259971647,6,7,51,8.732731183844061,0.0041966649443038635,0.7620745592483055,0.00036622810440563433,0.00020385343489168678,3.964021815513878e-5,-3.3168571111679865e-5,3.325231911087121e-5,3.8617192275319594e-5,3.3252319097638876e-5,3.8617192257837403e-5,-3.760746421570256e-5,3.332061756016252e-5,0.0,0.0,0.0,0.0,0.0,0.0,0.0,0.0,9.470536259168867e-12,2.4384410626721444e-9,0.013832140210237412
4,0.08726646259971647,6,7,52,8.725804710735174,-0.002731969605566721,0.7614701104418009,-0.0002384093234077504,0.00017344919034408584,-2.7020720064299e-5,3.31293461735261e-5,-3.3210202136002925e-5,-2.78780081804378e-5,-3.3210202113259616e-5,-2.7878008183670338e-5,2.874857814995518e-5,-3.3279904216093484e-5,0.0,0.0,0.0,0.0,0.0,0.0,0.0,0.0,9.470536259168867e-12,2.4384410626721444e-9,0.013832140210237412
4,0.08726646259971647,6,5,53,8.725804710735058,-0.0027319696049540702,-0.7614701104417908,0.00023840932335428657,0.00017344919021439333,0.0,0.0,0.0,0.0,0.0,0.0,0.0,0.0,2.8748578148299973e-5,-3.327990417490626e-5,3.3210202096477535e-5,2.787800818085657e-5,3.321020207070436e-5,2.78780081801641e-5,-2.7020720062875742e-5,3.31293461326312e-5,9.470536259168867e-12,2.4384410626721444e-9,0.013832140210237412
4,0.08726646259971647,6,5,54,8.801547960581894,0.0008534044075744086,-0.7680799559217307,-7.447358381602533e-5,0.00016942975563875214,0.0,0.0,0.0,0.0,0.0,0.0,0.0,0.0,-2.9131464002101823e-5,2.9921644659212433e-5,-2.9926866608746564e-5,-2.9972585888642056e-5,-2.9926866839814753e-5,-2.9972585865929843e-5,3.082567610005962e-5,-2.992009736120157e-5,9.470536259168867e-12,2.4384410626721444e-9,0.013832140210237412
4,0.08726646259971647,6,7,55,8.801547960581152,0.0008534044057503867,0.7680799559216659,7.447358365684939e-5,0.0001694297517331624,3.082567565462119e-5,-2.992009642512175e-5,2.992686565299278e-5,2.997258542203889e-5,2.9926865925137622e-5,2.997258544031514e-5,-2.913146355568883e-5,2.9921643724647687e-5,0.0,0.0,0.0,0.0,0.0,0.0,0.0,0.0,9.470536259168867e-12,2.4384410626721444e-9,0.013832140210237412
4,0.08726646259971647,6,5,56,8.802213693535133,0.0014316225060200718,-0.7681380520815959,-0.00012493263187851296,0.00016780199303396233,0.0,0.0,0.0,0.0,0.0,0.0,0.0,0.0,3.038539326146715e-5,-2.9780420663451524e-5,2.9783025518928363e-5,2.954047634413752e-5,2.978302576527185e-5,2.9540476353417027e-5,-2.870747028193681e-5,2.9773812047995735e-5,9.470536259168867e-12,2.4384410626721444e-9,0.013832140210237412
4,0.08726646259971647,6,7,57,8.802213693536284,0.0014316225081831158,0.7681380520816964,0.00012493263206727416,0.0001678019891949989,-2.8707469825281373e-5,2.9773811148646625e-5,-2.9783024601663147e-5,-2.9540475869886473e-5,-2.978302488560207e-5,-2.9540475913401896e-5,3.0385392804230357e-5,-2.9780419765713795e-5,0.0,0.0,0.0,0.0,0.0,0.0,0.0,0.0,9.470536259168867e-12,2.4384410626721444e-9,0.013832140210237412
4,0.08726646259971647,6,7,58,7.990972999766566,0.0022740900596547146,0.6973439464194732,0.00019845179513924515,8.84954443164539e-5,1.3631855167323608e-5,1.7822122201621116e-5,-1.7380030344844445e-5,1.3687616238367443e-5,-1.7380030358557373e-5,1.368761625474248e-5,-1.3736424218981285e-5,-1.6943412157486577e-5,0.0,0.0,0.0,0.0,0.0,0.0,0.0,0.0,9.470536259168867e-12,2.4384410626721444e-9,0.013832140210237412
4,0.08726646259971647,6,5,59,7.990972999766107,0.0022740900598986827,-0.6973439464194332,-0.00019845179516053539,8.849544409106987e-5,0.0,0.0,0.0,0.0,0.0,0.0,0.0,0.0,-1.3736424168069746e-5,-1.694341212547394e-5,1.7380030311448223e-5,-1.3687616187965948e-5,1.738003032804254e-5,-1.3687616204133625e-5,1.3631855117221367e-5,1.7822122169756438e-5,9.470536259168867e-12,2.4384410626721444e-9,0.013832140210237412
4,0.08726646259971647,6,7,60,7.982170549746538,-0.005772421715045443,0.6965757877440145,-0.0005037388237058044,5.593040431142001e-5,-1.229777709650746e-5,-6.229509147515106e-6,6.4939967135463975e-6,-1.2382309662706443e-5,6.493996712812007e-6,-1.2382309670308149e-5,1.2464243647358448e-5,6.763436682981998e-6,0.0,0.0,0.0,0.0,0.0,0.0,0.0,0.0,9.470536259168867e-12,2.4384410626721444e-9,0.013832140210237412
4,0.08726646259971647,6,5,61,7.982170549746762,-0.005772421715212509,-0.6965757877440341,0.0005037388237203837,5.593040428600471e-5,0.0,0.0,0.0,0.0,0.0,0.0,0.0,0.0,1.2464243630438113e-5,6.763436701842871e-6,-6.493996731668261e-6,1.238230964559573e-5,-6.493996732882958e-6,1.23823096530308e-5,-1.2297777079061574e-5,-6.2295091668545875e-6,9.470536259168867e-12,2.4384410626721444e-9,0.013832140210237412
4,0.08726646259971647,6,7,62,11.58047075578081,-0.006779018719859076,1.0105867180964565,-0.00059158098357936,4.585209878996739e-5,-1.121887415952573e-5,-1.3641175692742437e-6,1.544332565478467e-6,-1.135794149512038e-5,1.544332565241174e-6,-1.1357941495047363e-5,1.14963901889994e-5,1.729090614328914e-6,0.0,0.0,0.0,0.0,0.0,0.0,0.0,0.0,9.470536259168867e-12,2.4384410626721444e-9,0.013832140210237412
4,0.08726646259971647,6,5,63,11.580470755786175,-0.006779018717014663,-1.0105867180969246,0.0005915809833311381,4.585209851387426e-5,0.0,0.0,0.0,0.0,0.0,0.0,0.0,0.0,1.14963901187866e-5,1.7290906121576256e-6,-1.5443325642840209e-6,1.1357941425803797e-5,-1.5443325645008588e-6,1.1357941425313661e-5,-1.1218874090701905e-5,-1.3641175694852473e-6,9.470536259168867e-12,2.4384410626721444e-9,0.013832140210237412
4,0.08726646259971647,6,5,64,11.592233085836911,0.001843519873996436,-1.0116131750323827,-0.000160877458135944,3.341163435594739e-5,0.0,0.0,0.0,0.0,0.0,0.0,0.0,0.0,-5.794012605859026e-6,-5.85218776636663e-6,6.018048351593478e-6,-5.791994508764935e-6,6.018048350649682e-6,-5.791994510780639e-6,5.787568731086865e-6,6.1862252521109265e-6,9.470536259168867e-12,2.4384410626721444e-9,0.013832140210237412
4,0.08726646259971647,6,7,65,11.592233085836963,0.0018435198742466265,1.0116131750323871,0.00016087745815777726,3.34116342868023e-5,5.787568692987898e-6,6.186225265081458e-6,-6.018048364834297e-6,5.79199447108017e-6,-6.01804836251545e-6,5.791994472505488e-6,-5.7940125679884e-6,-5.8521877785261176e-6,0.0,0.0,0.0,0.0,0.0,0.0,0.0,0.0,9.470536259168867e-12,2.4384410626721444e-9,0.013832140210237412
4,0.08726646259971647,6,5,66,5.197487404281317,0.0003508477202677461,-0.45356634017821296,-3.0617239458941054e-5,3.0174350434537992e-5,0.0,0.0,0.0,0.0,0.0,0.0,0.0,0.0,7.32165169356144e-6,-2.219381681209669e-6,2.2900944989439996e-6,7.187175523778365e-6,2.2900944931725547e-6,7.187175510943814e-6,-7.053614803869774e-6,2.3579322575793446e-6,9.470536259168867e-12,2.4384410626721444e-9,0.013832140210237412
4,0.08726646259971647,6,7,67,5.197487404280865,0.0003508477192685905,0.4535663401781736,3.0617239371748275e-5,3.0174350360086632e-5,-7.053614786021448e-6,2.357932252282509e-6,-2.2900944950886953e-6,-7.187175506604747e-6,-2.290094486448358e-6,-7.187175492416817e-6,7.321651675711345e-6,-2.219381675919989e-6,0.0,0.0,0.0,0.0,0.0,0.0,0.0,0.0,9.470536259168867e-12,2.4384410626721444e-9,0.013832140210237412
4,0.08726646259971647,6,7,68,8.785880980945253,0.0005503468052296054,0.7667127540292192,4.8026818895442806e-5,2.773880507669817e-5,-5.8517463312928615e-6,3.535738386211241e-6,-3.501794690321038e-6,-5.985207406849483e-6,-3.501794686574197e-6,-5.985207410753308e-6,6.120068725396746e-6,-3.4654566278302045e-6,0.0,0.0,0.0,0.0,0.0,0.0,0.0,0.0,9.470536259168867e-12,2.4384410626721444e-9,0.013832140210237412
4,0.08726646259971647,6,5,69,8.785880980927395,0.0005503467763591126,-0.7667127540276608,-4.8026816376017024e-5,2.773880458562471e-5,0.0,0.0,0.0,0.0,0.0,0.0,0.0,0.0,6.12006843999092e-6,-3.4654568731269154e-6,3.5017949247881352e-6,5.98520712226016e-6,3.5017949403677922e-6,5.98520712526171e-6,-5.8517460465447995e-6,3.5357386291045003e-6,9.470536259168867e-12,2.4384410626721444e-9,0.013832140210237412
4,0.08726646259971647,6,5,70,8.786489949797579,0.0011497221303780666,-0.7667658965867951,-0.00010033218329070389,1.4368216096627834e-5,0.0,0.0,0.0,0.0,0.0,0.0,0.0,0.0,-7.977453563509595e-7,3.4504195492354105e-6,-3.4877653190550037e-6,-8.585191591544177e-7,-3.4877653331612202e-6,-8.585191602831544e-7,9.206880004868982e-7,-3.5247674162202244e-6,9.470536259168867e-12,2.4384410626721444e-9,0.013832140210237412
4,0.08726646259971647,6,7,71,8.786489949782734,0.0011497221011269251,0.7667658965854997,0.00010033218073806025,1.4368215600896828e-5,9.206882281406454e-7,-3.5247672330743163e-6,3.4877651470950563e-6,8.585193869230701e-7,3.4877651373648323e-6,8.58519389215544e-7,-7.977455854699421e-7,3.4504193647559036e-6,0.0,0.0,0.0,0.0,0.0,0.0,0.0,0.0,9.470536259168867e-12,2.4384410626721444e-9,0.013832140210237412
4,0.08726646259971647,6,7,72,11.572570786642594,-0.006168522319655744,1.0098973157351174,-0.0005383051223037542,1.2700389944895391e-5,-2.6875728889557685e-6,-1.6050213178947641e-6,1.6662675123051747e-6,-2.7025522592281266e-6,1.6662675122634638e-6,-2.702552264075697e-6,2.7168649111608084e-6,1.7285945942228477e-6,0.0,0.0,0.0,0.0,0.0,0.0,0.0,0.0,9.470536259168867e-12,2.4384410626721444e-9,0.013832140210237412
4,0.08726646259971647,6,5,73,11.572570786635755,-0.006168522300979372,-1.0098973157345206,0.0005383051206739334,1.270038978931583e-5,0.0,0.0,0.0,0.0,0.0,0.0,0.0,0.0,2.716864888738889e-6,1.7285945566024115e-6,-1.6662674757121926e-6,2.702552236744792e-6,-1.6662674749101286e-6,2.702552240763059e-6,-2.6875728655985173e-6,-1.6050212815729033e-6,9.470536259168867e-12,2.4384410626721444e-9,0.013832140210237412
4,0.08726646259971647,6,7,74,5.1983728648058545,0.0012355582178314103,0.4536436111859611,0.00010782279500615711,8.956052826413203e-6,-3.23018634372791e-7,-2.2476943361557205e-6,2.211407562741983e-6,-3.4979356130028034e-7,2.2114075589903782e-6,-3.4979355640180283e-7,3.7568389234424994e-7,2.175260526155721e-6,0.0,0.0,0.0,0.0,0.0,0.0,0.0,0.0,9.470536259168867e-12,2.4384410626721444e-9,0.013832140210237412
4,0.08726646259971647,6,5,75,5.198372864805442,0.0012355582170624803,-0.4536436111859251,-0.00010782279493905531,8.956052790875784e-6,0.0,0.0,0.0,0.0,0.0,0.0,0.0,0.0,3.756838685274526e-7,2.1752605209239085e-6,-2.211407557786985e-6,3.4979353921924483e-7,-2.2114075534779323e-6,3.49793530892053e-7,-3.2301861059720183e-7,-2.2476943309302807e-6,9.470536259168867e-12,2.4384410626721444e-9,0.013832140210237412
4,0.08726646259971647,6,7,76,11.582102189358869,0.0020404815249740055,1.01072908753378,0.00017806560468455648,2.6280616148324125e-6,6.056247396707193e-7,2.778960792679776e-7,-2.65521627302495e-7,6.009362268496504e-7,-2.655216264846693e-7,6.009362275268247e-7,-5.961414579885617e-7,-2.5338752776833866e-7,0.0,0.0,0.0,0.0,0.0,0.0,0.0,0.0,9.470536259168867e-12,2.4384410626721444e-9,0.013832140210237412
4,0.08726646259971647,6,5,77,11.582102189357586,0.002040481536303082,-1.010729087533668,-0.00017806560567320493,2.6280615529038466e-6,0.0,0.0,0.0,0.0,0.0,0.0,0.0,0.0,-5.961414499921579e-7,-2.533875085015554e-7,2.655216076079536e-7,-6.00936218509133e-7,2.6552160665205397e-7,-6.009362194875369e-7,6.056247312882356e-7,2.7789605899113524e-7,9.470536259168867e-12,2.4384410626721444e-9,0.013832140210237412
4,0.08726646259971647,6,5,78,8.776145503421143,0.0015827105783703475,-0.765863173343971,-0.00013811755349353154,2.1295651911210803e-6,0.0,0.0,0.0,0.0,0.0,0.0,0.0,0.0,-3.6676457677000394e-7,-3.754900110557303e-7,3.860603946873771e-7,-3.6656449355650394e-7,3.8606039518880503e-7,-3.665644930248427e-7,3.6620995634200257e-7,3.9677737372068325e-7,9.470536259168867e-12,2.4384410626721444e-9,0.013832140210237412
4,0.08726646259971647,6,7,79,8.776145503420857,0.001582710578053266,0.765863173343946,0.00013811755346586097,2.1295651886603285e-6,3.662099566744496e-7,3.967773725621643e-7,-3.860603936318711e-7,3.665644937596755e-7,-3.860603939344205e-7,3.6656449346765744e-7,-3.667645770834516e-7,-3.754900099043966e-7,0.0,0.0,0.0,0.0,0.0,0.0,0.0,0.0,9.470536259168867e-12,2.4384410626721444e-9,0.013832140210237412
5,0.05038331567317271,7,8,0,0.6579734622952618,0.02394551098601927,0.03315088465539257,0.001206454238964034,76.34951176196762,13.85220795092995,-13.522494052459825,13.524443999297853,13.467775858113066,13.524443999068115,13.467775857312677,-13.088752464455403,13.521005753821482,0.0,0.0,0.0,0.0,0.0,0.0,0.0,0.0,7.973813648649736e-12,7.645502734690319e-10,0.017203144024735453
5,0.05038331567317271,7,6,1,0.6579734622954989,0.023945510986200944,-0.03315088465540452,-0.0012064542389731874,76.3495117618942,0.0,0.0,0.0,0.0,0.0,0.0,0.0,0.0,-13.088752464437798,13.521005753812949,-13.524443999288039,-13.467775858094857,-13.52444399906122,-13.467775857295646,13.852207950912323,-13.522494052451648,7.973813648649736e-12,7.645502734690319e-10,0.017203144024735453
5,0.05038331567317271,7,6,2,2.2507500440778747,0.031271365754753186,-0.11340024997218295,-0.0015755550923529725,6.963524728280532,0.0,0.0,0.0,0.0,0.0,0.0,0.0,0.0,-0.9568271001990525,1.4249007995224914,-1.4313238862667026,-0.990795753053857,-1.4313238862307007,-0.9907957529822775,1.0253368561049077,-1.4373505401834756,7.973813648649736e-12,7.645502734690319e-10,0.017203144024735453
5,0.05038331567317271,7,8,3,2.2507500440777006,0.031271365754679974,0.11340024997217418,0.0015755550923492838,6.963524728244737,1.0253368561009897,-1.4373505401751583,1.4313238862576863,0.9907957530495978,1.4313238862232636,0.9907957529788609,-0.9568271001952934,1.4249007995143534,0.0,0.0,0.0,0.0,0.0,0.0,0.0,0.0,7.973813648649736e-12,7.645502734690319e-10,0.017203144024735453
5,0.05038331567317271,7,8,4,6.723095466985882,-0.0008470947835138784,0.33873184121402616,-4.2679443882877634e-5,2.752382522240664,-0.46935264678877026,0.4898310554579724,-0.4900247390006786,-0.48301554327601565,-0.49002473903867355,-0.4830155432589608,0.49687441099219637,-0.490025177169903,0.0,0.0,0.0,0.0,0.0,0.0,0.0,0.0,7.973813648649736e-12,7.645502734690319e-10,0.017203144024735453
5,0.05038331567317271,7,6,5,6.723095466978714,-0.0008470947828392722,-0.33873184121366506,4.2679443848888736e-5,2.7523825195364293,0.0,0.0,0.0,0.0,0.0,0.0,0.0,0.0,0.4968744104577422,-0.490025176747442,0.4900247385817896,0.4830155427535762,0.4900247386127884,0.4830155427122533,-0.4693526462542483,0.4898310550354452,7.973813648649736e-12,7.645502734690319e-10,0.017203144024735453
5,0.05038331567317271,7,8,6,2.117542099657973,0.017007087601406068,0.10668879205830059,0.0008568734633029436,2.678632690429408,0.6633454913698216,-0.1457139549881022,0.15290341151802744,0.6519338776243067,0.15290341152877931,0.6519338775827402,-0.6405833730444827,0.15983208228588003,0.0,0.0,0.0,0.0,0.0,0.0,0.0,0.0,7.973813648649736e-12,7.645502734690319e-10,0.017203144024735453
5,0.05038331567317271,7,6,7,2.1175420996578627,0.01700708760151736,-0.10668879205829504,-0.0008568734633085509,2.6786326904229103,0.0,0.0,0.0,0.0,0.0,0.0,0.0,0.0,-0.6405833730369683,0.15983208231124277,-0.15290341154393347,-0.6519338776168545,-0.15290341155339995,-0.6519338775750116,0.6633454913621396,-0.14571395501326265,7.973813648649736e-12,7.645502734690319e-10,0.017203144024735453
5,0.05038331567317271,7,8,8,6.747377250219865,0.015288716721523096,0.3399552379638115,0.0007702962408182122,2.472866059207235,0.5691967475991145,-0.2629274215945463,0.2671466391379984,0.5574819475064267,0.26714663918856224,0.5574819474976882,-0.545873961457295,0.27114284259030896,0.0,0.0,0.0,0.0,0.0,0.0,0.0,0.0,7.973813648649736e-12,7.645502734690319e-10,0.017203144024735453
5,0.05038331567317271,7,6,9,6.747377250220847,0.01528871671767213,-0.33995523796386096,-0.0007702962406241879,2.4728660566024203,0.0,0.0,0.0,0.0,0.0,0.0,0.0,0.0,-0.5458739609038253,0.27114284223803176,-0.26714663879119516,-0.5574819469635062,-0.2671466388316599,-0.5574819469335093,0.5691967470456343,-0.2629274212429056,7.973813648649736e-12,7.645502734690319e-10,0.017203144024735453
5,0.05038331567317271,7,8,10,6.865843821658088,0.03288113384087547,0.34592397662930197,0.0016566605459966707,2.311054639525512,0.25599319571679696,-0.5270859310737932,0.5232025424053,0.245023616700836,0.5232025423892189,0.2450236166732861,-0.23426329906398227,0.5192211024216881,0.0,0.0,0.0,0.0,0.0,0.0,0.0,0.0,7.973813648649736e-12,7.645502734690319e-10,0.017203144024735453
5,0.05038331567317271,7,6,11,6.865843821657592,0.03288113384242024,-0.34592397662927693,-0.0016566605460745013,2.3110546393212332,0.0,0.0,0.0,0.0,0.0,0.0,0.0,0.0,-0.23426329909128962,0.519221102352872,-0.5232025423349483,-0.24502361672950776,-0.5232025423212265,-0.2450236166991644,0.25599319574405655,-0.5270859310042668,7.973813648649736e-12,7.645502734690319e-10,0.017203144024735453
5,0.05038331567317271,7,8,12,12.919772111284615,-0.0026112933521115246,0.6509409567083059,-0.0001315656172746923,2.2003504861194747,-0.376379247951236,0.3904709007478129,-0.39059326861097,-0.3873022554436156,-0.3905932685580909,-0.38730225542925645,0.398381469237336,-0.3905606842778488,0.0,0.0,0.0,0.0,0.0,0.0,0.0,0.0,7.973813648649736e-12,7.645502734690319e-10,0.017203144024735453
5,0.05038331567317271,7,6,13,12.919772111302272,-0.0026112933203508402,-0.6509409567091955,0.0001315656156744837,2.2003504839239114,0.0,0.0,0.0,0.0,0.0,0.0,0.0,0.0,0.3983814695701386,-0.39056068317498804,0.390593267527672,0.3873022557982626,0.39059326743542416,0.3873022557398452,-0.37637924828411096,0.39047089964484444,7.973813648649736e-12,7.645502734690319e-10,0.017203144024735453
5,0.05038331567317271,7,8,14,12.945559373365505,0.009879002416866652,0.6522402044740742,0.0004977368973050287,2.111009467647333,0.46644351099909737,-0.2625146970132452,0.26530693306639264,0.4561874023582785,0.2653069330337436,0.45618740235150645,-0.44603737998344817,0.26791667290878673,0.0,0.0,0.0,0.0,0.0,0.0,0.0,0.0,7.973813648649736e-12,7.645502734690319e-10,0.017203144024735453
5,0.05038331567317271,7,6,15,12.94555937336347,0.009879002405010301,-0.6522402044739716,-0.0004977368967076664,2.111009466464557,0.0,0.0,0.0,0.0,0.0,0.0,0.0,0.0,-0.44603738027881457,0.26791667181746437,-0.26530693199914634,-0.4561874026700962,-0.26530693191815696,-0.4561874026247908,0.46644351128919526,-0.2625146959219263,7.973813648649736e-12,7.645502734690319e-10,0.017203144024735453
5,0.05038331567317271,7,6,16,2.0932181225446764,-0.0006195820125886493,-0.10546326944097435,3.1216596125673585e-5,2.0790171178465835,0.0,0.0,0.0,0.0,0.0,0.0,0.0,0.0,0.37133360191595755,-0.37413547458514373,0.3740231498247825,0.36086588375393247,0.3740231498178524,0.3608658837148789,-0.35054774593735555,0.3737664487879522,7.973813648649736e-12,7.645502734690319e-10,0.017203144024735453
5,0.05038331567317271,7,8,17,2.093218122544614,-0.0006195820120991971,0.10546326944097119,-3.121659610101336e-5,2.079017117768338,-0.3505477459422361,0.3737664487560847,-0.3740231497920652,-0.3608658837585354,-0.3740231497868334,-0.36086588371998063,0.37133360192079373,-0.37413547455327745,0.0,0.0,0.0,0.0,0.0,0.0,0.0,0.0,7.973813648649736e-12,7.645502734690319e-10,0.017203144024735453
5,0.05038331567317271,7,6,18,13.06034265590895,0.03788807716995657,-0.6580233668324635,-0.0019089269523034499,1.0256975988722934,0.0,0.0,0.0,0.0,0.0,0.0,0.0,0.0,-0.05842073052486708,0.24596852897724655,-0.2486085156147227,-0.06277503381834493,-0.24860851560288177,-0.06277503379925348,0.0672287754729694,-0.25122337233905045,7.973813648649736e-12,7.645502734690319e-10,0.017203144024735453
5,0.05038331567317271,7,8,19,13.060342655914365,0.037888077189549466,0.6580233668327363,0.0019089269532906051,1.0256975988440133,0.06722877542627423,-0.2512233723429972,0.2486085156224976,0.06277503377158068,0.2486085156028037,0.06277503375784474,-0.058420730483316946,0.24596852898105373,0.0,0.0,0.0,0.0,0.0,0.0,0.0,0.0,7.973813648649736e-12,7.645502734690319e-10,0.017203144024735453
5,0.05038331567317271,7,8,20,4.78924105918791,0.0238342996414357,0.2412978441199845,0.001200851042683442,0.008779372492363534,0.0016236052492718906,-0.0015228050713549154,0.0015239124937245804,0.0015794129989951163,0.0015239124936828664,0.0015794129989136793,-0.0015358301872567999,0.0015243880289649485,0.0,0.0,0.0,0.0,0.0,0.0,0.0,0.0,7.973813648649736e-12,7.645502734690319e-10,0.017203144024735453
5,0.05038331567317271,7,6,21,4.789241059187798,0.023834299641291284,-0.24129784411997887,-0.0012008510426761657,0.008779372492247152,0.0,0.0,0.0,0.0,0.0,0.0,0.0,0.0,-0.0015358301872954012,0.001524388028881632,-0.0015239124936437312,-0.0015794129990440386,-0.0015239124935989877,-0.0015794129989427867,0.001623605249311392,-0.0015228050712735347,7.973813648649736e-12,7.645502734690319e-10,0.017203144024735453
5,0.05038331567317271,7,6,22,4.9042893437928985,0.02108474382184547,-0.24709435816089464,-0.0010623193038640183,0.0047952246517115205,0.0,0.0,0.0,0.0,0.0,0.0,0.0,0.0,0.0008169572965692797,-0.0009004412069818086,0.0008991007816655453,0.0007928494932084777,0.0008991007820321436,0.0007928494934424372,-0.000769101266949486,0.0008974431450094159,7.973813648649736e-12,7.645502734690319e-10,0.017203144024735453
5,0.05038331567317271,7,8,23,4.904289343792281,0.02108474382204592,0.24709435816086356,0.0010623193038741176,0.004795224644432286,-0.0007691012645744549,0.0008974431446768034,-0.0008991007811466497,-0.0007928494908158848,-0.0008991007818865531,-0.0007928494910858494,0.0008169572941952741,-0.0009004412066489673,0.0,0.0,0.0,0.0,0.0,0.0,0.0,0.0,7.973813648649736e-12,7.645502734690319e-10,0.017203144024735453
5,0.05038331567317271,7,6,24,9.426028050011258,0.02287704206804084,-0.4749145467878978,-0.0011526212321825535,0.004203435657607784,0.0,0.0,0.0,0.0,0.0,0.0,0.0,0.0,-0.0007117702632887809,0.0007528518404566856,-0.0007532873305123732,-0.0007326337762037117,-0.0007532873305966215,-0.0007326337761626141,0.0007537985453868702,-0.0007534297068891428,7.973813648649736e-12,7.645502734690319e-10,0.017203144024735453
5,0.05038331567317271,7,8,25,9.426028050008888,0.02287704206539854,0.4749145467877784,0.0011526212320494256,0.004203435655539118,0.0007537985453490118,-0.0007534297061863925,0.0007532873298140356,0.0007326337761801557,0.0007532873299027514,0.000732633776134151,-0.0007117702632743769,0.0007528518397673594,0.0,0.0,0.0,0.0,0.0,0.0,0.0,0.0,7.973813648649736e-12,7.645502734690319e-10,0.017203144024735453
5,0.05038331567317271,7,6,26,9.529979736638271,0.021376354671248852,-0.48015197742998533,-0.0010770116253432309,0.004027646338493734,0.0,0.0,0.0,0.0,0.0,0.0,0.0,0.0,0.0007026703216457527,-0.0007410159428448627,0.0007403361528498341,0.0006824016089719184,0.0007403361522118017,0.0006824016094035088,-0.0006624289765867902,0.0007393833423669886,7.973813648649736e-12,7.645502734690319e-10,0.017203144024735453
5,0.05038331567317271,7,8,27,9.529979736637022,0.021376354672584846,0.48015197742992244,0.0010770116254105427,0.00402764632802749,-0.0006624289752764261,0.0007393833400150318,-0.0007403361502105555,-0.0006824016079199773,-0.0007403361501491226,-0.0006824016078347037,0.0007026703203363449,-0.0007410159404943447,0.0,0.0,0.0,0.0,0.0,0.0,0.0,0.0,7.973813648649736e-12,7.645502734690319e-10,0.017203144024735453
5,0.05038331567317271,7,8,28,9.428149336676073,0.024960622890764884,0.47502142424356447,0.001257598942504428,0.003163557165947113,0.0006024681990012809,-0.0005295438122964703,0.0005304570053629537,0.0005865651714759651,0.0005304570055105908,0.0005865651712527937,-0.0005708742795959971,0.0005311355300779384,0.0,0.0,0.0,0.0,0.0,0.0,0.0,0.0,7.973813648649736e-12,7.645502734690319e-10,0.017203144024735453
5,0.05038331567317271,7,6,29,9.428149336674812,0.024960622889616785,-0.47502142424350097,-0.0012575989424465828,0.003163557164824836,0.0,0.0,0.0,0.0,0.0,0.0,0.0,0.0,-0.0005708742794450234,0.0005311355298494812,-0.0005304570051157856,-0.0005865651712888797,-0.0005304570052839179,-0.0005865651711120661,0.0006024681988239249,-0.0005295438120511558,7.973813648649736e-12,7.645502734690319e-10,0.017203144024735453
5,0.05038331567317271,7,6,30,4.907224992022354,0.024151068408051646,-0.2472422658523447,-0.0012168109034472548,0.002342001315707943,0.0,0.0,0.0,0.0,0.0,0.0,0.0,0.0,-0.0003632072626669585,0.0004486627676131712,-0.00044979690919296064,-0.00037477873732494414,-0.00044979690957073945,-0.0003747787378129477,0.0003865301012437796,-0.0004507811036845429,7.973813648649736e-12,7.645502734690319e-10,0.017203144024735453
5,0.05038331567317271,7,8,31,4.907224992022288,0.024151068407835208,0.24724226585234135,0.0012168109034363498,0.0023420013086036017,0.0003865300987644039,-0.00045078110343922976,0.0004497969087607983,0.00037477873482290975,0.00044979690951230247,0.00037477873535491225,-0.00036320726018639304,0.0004486627673668899,0.0,0.0,0.0,0.0,0.0,0.0,0.0,0.0,7.973813648649736e-12,7.645502734690319e-10,0.017203144024735453
5,0.05038331567317271,7,6,32,9.532652144591838,0.023957369533033564,-0.48028662220351737,-0.0012070517118816803,0.0020374656000299364,0.0,0.0,0.0,0.0,0.0,0.0,0.0,0.0,-0.0003316455250361002,0.00037710090502640235,-0.0003776758940540948,-0.00034174421586997137,-0.000377675893314523,-0.0003417442162506502,0.00035199395009727466,-0.0003781141544572093,7.973813648649736e-12,7.645502734690319e-10,0.017203144024735453
5,0.05038331567317271,7,8,33,9.532652144592921,0.023957369532641874,0.480286622203572,0.0012070517118619457,0.0020374655889019355,0.00035199394848301537,-0.0003781141521649122,0.00037767589146993753,0.00034174421451216866,0.00037767589131548616,0.0003417442143803585,-0.0003316455234231524,0.00037710090273486744,0.0,0.0,0.0,0.0,0.0,0.0,0.0,0.0,7.973813648649736e-12,7.645502734690319e-10,0.017203144024735453
5,0.05038331567317271,7,6,34,10.982084342006317,0.0009132973655191293,-0.5533138221527115,-4.601494947042729e-5,0.00037585210798873653,0.0,0.0,0.0,0.0,0.0,0.0,0.0,0.0,6.726876440479335e-5,-6.75005388967613e-5,6.748409054411976e-5,6.537633561992114e-5,6.748409054971282e-5,6.537633562059724e-5,-6.351089524073122e-5,6.74414862651757e-5,7.973813648649736e-12,7.645502734690319e-10,0.017203144024735453
5,0.05038331567317271,7,8,35,10.982084342005981,0.0009132973641877047,0.5533138221526945,4.6014949403345705e-5,0.0003758521079579059,-6.351089521397444e-5,6.744148628050745e-5,-6.748409055889924e-5,-6.537633559271126e-5,-6.74840905660589e-5,-6.537633559353296e-5,6.726876437726546e-5,-6.750053891256181e-5,0.0,0.0,0.0,0.0,0.0,0.0,0.0,0.0,7.973813648649736e-12,7.645502734690319e-10,0.017203144024735453
5,0.05038331567317271,7,8,36,11.004710301144677,0.016146593825310977,0.5544537929943878,0.0008135189337471442,0.00029704874929109033,6.896166441460067e-5,-3.0278569945035507e-5,3.081204847607377e-5,6.756433061805934e-5,3.0812048473933074e-5,6.756433061368344e-5,-6.617931623087679e-5,3.131849880882916e-5,0.0,0.0,0.0,0.0,0.0,0.0,0.0,0.0,7.973813648649736e-12,7.645502734690319e-10,0.017203144024735453
5,0.05038331567317271,7,6,37,11.00471030114521,0.01614659382378727,-0.5544537929944146,-0.0008135189336703748,0.00029704874924207784,0.0,0.0,0.0,0.0,0.0,0.0,0.0,0.0,-6.617931622758724e-5,3.1318498786734694e-5,-3.0812048454700006e-5,-6.756433061503999e-5,-3.08120484509107e-5,-6.756433061001089e-5,6.89616644112027e-5,-3.027856992273108e-5,7.973813648649736e-12,7.645502734690319e-10,0.017203144024735453
5,0.05038331567317271,7,8,38,11.135667619314884,0.030652573766478917,0.5610518568954694,0.00154437830027172,0.0001695844076189532,2.1821963869935032e-5,-3.704871002198041e-5,3.6829130330211564e-5,2.099678340996455e-5,3.682913032682662e-5,2.0996783404837624e-5,-2.018633291665315e-5,3.660114897568385e-5,0.0,0.0,0.0,0.0,0.0,0.0,0.0,0.0,7.973813648649736e-12,7.645502734690319e-10,0.017203144024735453
5,0.05038331567317271,7,6,39,11.13566761931496,0.03065257376639663,-0.5610518568954732,-0.001544378300267574,0.00016958440756784495,0.0,0.0,0.0,0.0,0.0,0.0,0.0,0.0,-2.01863329180665e-5,3.6601148960001815e-5,-3.682913031420449e-5,-2.0996783411750328e-5,-3.6829130311658554e-5,-2.099678340612816e-5,2.1821963871610605e-5,-3.7048710006486894e-5,7.973813648649736e-12,7.645502734690319e-10,0.017203144024735453
5,0.05038331567317271,7,6,40,6.35250223805015,0.0012244995250573938,-0.3200601255742168,-6.169434611261673e-5,6.526490025439354e-5,0.0,0.0,0.0,0.0,0.0,0.0,0.0,0.0,1.1594175917879986e-5,-1.1806929107714627e-5,1.1801650658628446e-5,1.1265594802612516e-5,1.1801650657575694e-5,1.1265594792260684e-5,-1.0941733435782962e-5,1.1791865026605234e-5,7.973813648649736e-12,7.645502734690319e-10,0.017203144024735453
5,0.05038331567317271,7,8,41,6.352502238049901,0.001224499525431716,0.32006012557420427,6.169434613147631e-5,6.526490013431117e-5,-1.0941733405461112e-5,1.1791865014109889e-5,-1.1801650646710866e-5,-1.1265594771788096e-5,-1.1801650644878704e-5,-1.1265594761916718e-5,1.1594175887036314e-5,-1.1806929095595872e-5,0.0,0.0,0.0,0.0,0.0,0.0,0.0,0.0,7.973813648649736e-12,7.645502734690319e-10,0.017203144024735453
5,0.05038331567317271,7,8,42,11.112864864452769,0.032550976494525395,0.5599029784990335,0.0016400261241936978,5.272828177336849e-5,2.386714084232427e-6,-1.3154365196867365e-5,1.3001642717981763e-5,2.169537975681403e-6,1.3001642717358948e-5,2.16953797517463e-6,-1.9575623499352296e-6,1.2848051383181003e-5,0.0,0.0,0.0,0.0,0.0,0.0,0.0,0.0,7.973813648649736e-12,7.645502734690319e-10,0.017203144024735453
5,0.05038331567317271,7,6,43,11.11286486445219,0.032550976495002375,-0.5599029784990044,-0.0016400261242177296,5.272828173420626e-5,0.0,0.0,0.0,0.0,0.0,0.0,0.0,0.0,-1.957562361057175e-6,1.2848051371425722e-5,-1.3001642706518912e-5,-2.1695379872394274e-6,-1.3001642705238245e-5,-2.169537985960558e-6,2.386714095459637e-6,-1.3154365185041071e-5,7.973813648649736e-12,7.645502734690319e-10,0.017203144024735453
5,0.05038331567317271,7,6,44,6.375046838225076,0.017220002741456648,-0.3211959972815556,-0.0008676008340157097,3.888163718838984e-5,0.0,0.0,0.0,0.0,0.0,0.0,0.0,0.0,-7.089238659511887e-6,6.448647030783342e-6,-6.4381408739416564e-6,-7.281981354503017e-6,-6.438140873868184e-6,-7.281981359121029e-6,7.477298727822712e-6,-6.424721409547268e-6,7.973813648649736e-12,7.645502734690319e-10,0.017203144024735453
5,0.05038331567317271,7,8,45,6.3750468382248915,0.017220002741471566,0.3211959972815463,0.0008676008340164614,3.8881637112919614e-5,7.477298701971931e-6,-6.424721410265568e-6,6.438140874686722e-6,7.281981328398757e-6,6.438140874751288e-6,7.281981333419887e-6,-7.089238633555922e-6,6.4486470316788575e-6,0.0,0.0,0.0,0.0,0.0,0.0,0.0,0.0,7.973813648649736e-12,7.645502734690319e-10,0.017203144024735453
5,0.05038331567317271,7,8,46,9.540963259134294,0.024146126990540168,0.48070536371110584,0.001216561938448901,3.564901272097304e-5,-3.7976885139894237e-6,-8.202200965899938e-6,8.03326546526766e-6,-3.858362590063511e-6,8.0332654457571e-6,-3.858362578239976e-6,3.915823039600802e-6,7.865872647656435e-6,0.0,0.0,0.0,0.0,0.0,0.0,0.0,0.0,7.973813648649736e-12,7.645502734690319e-10,0.017203144024735453
5,0.05038331567317271,7,6,47,9.540963259134852,0.024146126989671807,-0.480705363711134,-0.0012165619384051501,3.564901248550411e-5,0.0,0.0,0.0,0.0,0.0,0.0,0.0,0.0,3.91582299510089e-6,7.865872603950707e-6,-8.03326542499746e-6,3.8583625491659166e-6,-8.03326539818924e-6,3.858362530067472e-6,-3.797688469406374e-6,-8.202200921778366e-6,7.973813648649736e-12,7.645502734690319e-10,0.017203144024735453
5,0.05038331567317271,7,6,48,9.426462463091148,0.023233476978536,-0.47493643395923446,-0.0011705796047949703,2.5246174633602723e-5,0.0,0.0,0.0,0.0,0.0,0.0,0.0,0.0,3.3505973955569866e-6,-5.454144523338633e-6,5.423744186851374e-6,3.2271657610352162e-6,5.423744410950218e-6,3.2271656444532936e-6,-3.1059032491404715e-6,5.3920527698650024e-6,7.973813648649736e-12,7.645502734690319e-10,0.017203144024735453
5,0.05038331567317271,7,8,49,9.426462463090681,0.02323347697639924,0.4749364339592109,0.001170579604687313,2.524617143704065e-5,-3.1059032041558384e-6,5.3920518666230115e-6,-5.423743282943325e-6,-3.227165747412801e-6,-5.423743508576704e-6,-3.227165567794061e-6,3.350597350624602e-6,-5.4541436202829e-6,0.0,0.0,0.0,0.0,0.0,0.0,0.0,0.0,7.973813648649736e-12,7.645502734690319e-10,0.017203144024735453
5,0.05038331567317271,7,8,50,11.000049124021782,0.01732298053495046,0.5542189474359964,0.0008727891966926353,1.7886363381091183e-5,-3.9438803025395464e-7,-4.517864472977949e-6,4.44848217793383e-6,-4.518096235236679e-7,4.448482178257936e-6,-4.518096239639359e-7,5.074517882857536e-7,4.379280251166713e-6,0.0,0.0,0.0,0.0,0.0,0.0,0.0,0.0,7.973813648649736e-12,7.645502734690319e-10,0.017203144024735453
5,0.05038331567317271,7,6,51,11.000049124022272,0.01732298053405046,-0.5542189474360211,-0.0008727891966472903,1.7886363378948647e-5,0.0,0.0,0.0,0.0,0.0,0.0,0.0,0.0,5.074517937402007e-7,4.37928024998943e-6,-4.448482176662708e-6,4.518096292057186e-7,-4.448482177335937e-6,4.518096292719191e-7,-3.943880357879269e-7,-4.517864471963338e-6,7.973813648649736e-12,7.645502734690319e-10,0.017203144024735453
5,0.05038331567317271,7,8,52,10.97666942057742,0.0005505628961201929,0.5530410004570139,2.7739184193159873e-5,9.850228764589288e-6,-2.276393664322654e-6,8.441126439907086e-7,-8.233952003715932e-7,-2.3206899798103867e-6,-8.233952000085721e-7,-2.3206899794779005e-6,2.365315467381703e-6,-8.017494145661269e-7,0.0,0.0,0.0,0.0,0.0,0.0,0.0,0.0,7.973813648649736e-12,7.645502734690319e-10,0.017203144024735453
5,0.05038331567317271,7,6,53,10.976669420577732,0.0005505628968854974,-0.5530410004570296,-2.7739184231718453e-5,9.850228746076609e-6,0.0,0.0,0.0,0.0,0.0,0.0,0.0,0.0,2.365315463492865e-6,-8.017494114527036e-7,8.233951972979408e-7,2.3206899760150875e-6,8.233951968250474e-7,2.320689975671904e-6,-2.276393660609374e-6,8.44112640848327e-7,7.973813648649736e-12,7.645502734690319e-10,0.017203144024735453
5,0.05038331567317271,7,8,54,11.184516804036086,0.034942122446291815,0.5635130407896549,0.0017604999855021744,9.1713287217017e-6,-1.3850345211944246e-6,1.7865190689344924e-6,-1.7919131109629734e-6,-1.4302451625685654e-6,-1.7919131108424758e-6,-1.4302451596806417e-6,1.4761724518388706e-6,-1.7967349114567363e-6,0.0,0.0,0.0,0.0,0.0,0.0,0.0,0.0,7.973813648649736e-12,7.645502734690319e-10,0.017203144024735453
5,0.05038331567317271,7,6,55,11.184516804036445,0.03494212244641781,-0.563513040789673,-0.0017604999855085224,9.171328705406802e-6,0.0,0.0,0.0,0.0,0.0,0.0,0.0,0.0,1.4761724487754535e-6,-1.7967349086815436e-6,1.7919131083382817e-6,1.4302451595957864e-6,1.7919131079171543e-6,1.43024515654601e-6,-1.385034518151262e-6,1.7865190661587453e-6,7.973813648649736e-12,7.645502734690319e-10,0.017203144024735453
5,0.05038331567317271,7,6,56,11.176131384632711,0.027878217117256333,-0.5630905555568027,-0.0014045970134239727,4.243311405406084e-6,0.0,0.0,0.0,0.0,0.0,0.0,0.0,0.0,-6.244621587684234e-7,8.389946422912111e-7,-8.419005592310805e-7,-6.453267912651707e-7,-8.419005595192565e-7,-6.453267921142735e-7,6.665281331969001e-7,-8.445482784069475e-7,7.973813648649736e-12,7.645502734690319e-10,0.017203144024735453
5,0.05038331567317271,7,8,57,11.176131384632107,0.0278782171171028,0.5630905555567722,0.0014045970134162371,4.24331138961372e-6,6.665281283378112e-7,-8.445482771879843e-7,8.419005579561447e-7,6.453267865009799e-7,8.41900558295962e-7,6.453267871578987e-7,-6.244621539083287e-7,8.389946410108541e-7,0.0,0.0,0.0,0.0,0.0,0.0,0.0,0.0,7.973813648649736e-12,7.645502734690319e-10,0.017203144024735453
5,0.05038331567317271,7,8,58,6.4956427814268185,0.031168159332007804,0.327272020756793,0.001570355210576293,2.2238582963693753e-6,-4.783213274151936e-7,2.985634970953784e-7,-3.010116291772767e-7,-4.673945918955935e-7,-3.0101162798401733e-7,-4.6739459160413575e-7,4.5658822334500986e-7,-3.032727781432543e-7,0.0,0.0,0.0,0.0,0.0,0.0,0.0,0.0,7.973813648649736e-12,7.645502734690319e-10,0.017203144024735453
5,0.05038331567317271,7,6,59,6.495642781426572,0.03116815933202549,-0.3272720207567806,-0.0015703552105771842,2.2238582781836554e-6,0.0,0.0,0.0,0.0,0.0,0.0,0.0,0.0,4.5658822378694327e-7,-3.032727690645323e-7,3.0101161999000604e-7,4.6739459257305785e-7,3.0101161906318793e-7,4.6739459177088144e-7,-4.783213278213028e-7,2.9856348806739343e-7,7.973813648649736e-12,7.645502734690319e-10,0.017203144024735453
5,0.05038331567317271,7,6,60,9.165832184444287,0.024101545677180987,-0.4618050163561827,-0.0012143157840648008,9.261134925863367e-8,0.0,0.0,0.0,0.0,0.0,0.0,0.0,0.0,-1.5225498824547676e-8,1.7006990078287402e-8,-1.7029070014191437e-8,-1.5684739635819992e-8,-1.7029070021309154e-8,-1.5684739589750628e-8,1.615079077421702e-8,-1.704487469931617e-8,7.973813648649736e-12,7.645502734690319e-10,0.017203144024735453
5,0.05038331567317271,7,8,61,9.165832184443941,0.024101545676891545,0.4618050163561653,0.0012143157840502176,9.261134888709397e-8,1.6150790638247673e-8,-1.704487469472943e-8,1.702907001437121e-8,1.56847395016903e-8,1.7029070017606257e-8,1.568473945356581e-8,-1.522549869010331e-8,1.700699007924018e-8,0.0,0.0,0.0,0.0,0.0,0.0,0.0,0.0,7.973813648649736e-12,7.645502734690319e-10,0.017203144024735453
5,0.05038331567317271,7,8,62,10.920729394174952,0.008543689312227798,0.5502225564480128,0.000430459395631485,6.958821359267267e-9,9.486499435613663e-10,-1.4289666057034989e-9,1.4355645012727368e-9,9.825612912784227e-10,1.4355644582318348e-9,9.825613047742416e-10,-1.0170467998576376e-9,1.4417692143457704e-9,0.0,0.0,0.0,0.0,0.0,0.0,0.0,0.0,7.973813648649736e-12,7.645502734690319e-10,0.017203144024735453
5,0.05038331567317271,7,6,63,10.920729394175815,0.008543689312229003,-0.5502225564480563,-0.0004304593956315457,6.958821171317999e-9,0.0,0.0,0.0,0.0,0.0,0.0,0.0,0.0,-1.0170467386404899e-9,1.4417691996623896e-9,-1.4355644865663738e-9,-9.82561230421865e-10,-1.4355644428559313e-9,-9.825612431999723e-10,9.486498823637421e-10,-1.4289665902907188e-9,7.973813648649736e-12,7.645502734690319e-10,0.017203144024735453
5,0.05038331567317271,7,6,64,10.933939383064562,0.020422591885212567,-0.5508881194882771,-0.0010289578938170402,4.7070313075435435e-9,0.0,0.0,0.0,0.0,0.0,0.0,0.0,0.0,6.956338905465496e-10,-9.284949529210298e-10,9.316455119659753e-10,7.187887107462424e-10,9.316454756701772e-10,7.187887128543146e-10,-7.42316133843368e-10,9.345084444575938e-10,7.973813648649736e-12,7.645502734690319e-10,0.017203144024735453
5,0.05038331567317271,7,8,65,10.933939383063933,0.020422591884459135,0.5508881194882455,0.0010289578937790797,4.707031267123391e-9,-7.423161658149917e-10,9.345084069768634e-10,-9.316454742886958e-10,-7.187887447759443e-10,-9.316454384721601e-10,-7.187887427714373e-10,6.956339225351028e-10,-9.284949155381092e-10,0.0,0.0,0.0,0.0,0.0,0.0,0.0,0.0,7.973813648649736e-12,7.645502734690319e-10,0.017203144024735453
5,0.05038331567317271,7,8,66,9.427899373992826,0.024662130017671795,0.4750088302947879,0.0012425598818531865,2.4401085870947455e-17,6.184458957829416e-18,-1.952658530566445e-19,2.789714646982811e-19,6.092971985647297e-18,2.7884840718092387e-19,6.094191839572923e-18,-6.002831177081336e-18,3.60091840122343e-19,0.0,0.0,0.0,0.0,0.0,0.0,0.0,0.0,7.973813648649736e-12,7.645502734690319e-10,0.017203144024735453
5,0.05038331567317271,7,8,67,12.977274645576376,0.050108331974304136,0.6538381250455351,0.002524623907717499,1.1973492266699888e-17,-2.3830325800310854e-19,3.0216590471956458e-18,-2.9851851642827353e-18,-1.8572400911568742e-19,-2.9902263504936517e-18,-1.7858593480567426e-19,1.2731834623649568e-19,-2.9531962014545308e-18,0.0,0.0,0.0,0.0,0.0,0.0,0.0,0.0,7.973813648649736e-12,7.645502734690319e-10,0.017203144024735453
5,0.05038331567317271,7,6,68,9.427899373992052,0.024662130015182596,-0.47500883029474894,-0.0012425598817277725,1.123335990081839e-17,0.0,0.0,0.0,0.0,0.0,0.0,0.0,0.0,-2.7573247463911307e-18,-2.4750965183285775e-19,2.9049287108755144e-19,-2.7928347231950964e-18,2.9129164839287814e-19,-2.7933454266515606e-18,2.8287387438820684e-18,3.3541069934607716e-19,7.973813648649736e-12,7.645502734690319e-10,0.017203144024735453
5,0.05038331567317271,7,6,69,12.977274645595806,0.05010833197048395,-0.653838125046514,-0.0025246239075250253,3.405552542904696e-18,0.0,0.0,0.0,0.0,0.0,0.0,0.0,0.0,3.331455771239411e-19,-7.745817568295892e-19,7.719681503707522e-19,3.480585187930061e-19,7.825462923782686e-19,3.4678579353986695e-19,-3.6189436931831756e-19,7.79727339907036e-19,7.973813648649736e-12,7.645502734690319e-10,0.017203144024735453
5,0.05038331567317271,7,8,70,6.7731896994729635,0.04899850082966207,0.3412557547428281,0.002468706934813079,9.22025152601908e-19,1.9602288382475907e-19,-1.2435932665308732e-19,1.265091573158292e-19,1.91725910959185e-19,1.2996095678155047e-19,1.9134343776772135e-19,-1.8699704056316007e-19,1.3196803017422106e-19,0.0,0.0,0.0,0.0,0.0,0.0,0.0,0.0,7.973813648649736e-12,7.645502734690319e-10,0.017203144024735453
5,0.05038331567317271,7,6,71,9.53543311899021,0.02665749284436131,-0.48042673691450966,-0.0013430928770327985,4.333449467188521e-19,0.0,0.0,0.0,0.0,0.0,0.0,0.0,0.0,-5.81771575253874e-20,-8.897458078577324e-20,9.127082834749629e-20,-5.748038072516598e-20,9.215188223212083e-20,-5.78242414901919e-20,5.70673615863919e-20,9.448806636041434e-20,7.973813648649736e-12,7.645502734690319e-10,0.017203144024735453
5,0.05038331567317271,7,8,72,4.9101633256960335,0.02695735695073029,0.2473903088453788,0.0013582010249630408,4.1393122566118544e-19,-9.673007716655666e-20,-4.06760598172433e-20,3.884427864154841e-20,-9.590182767856571e-20,3.8671012104418764e-20,-9.59885628610748e-20,9.51445963959345e-20,3.6877050358808774e-20,0.0,0.0,0.0,0.0,0.0,0.0,0.0,0.0,7.973813648649736e-12,7.645502734690319e-10,0.017203144024735453
5,0.05038331567317271,7,6,73,6.773189699471734,0.04899850083067403,-0.3412557547427662,-0.002468706934864065,2.489421546717446e-19,0.0,0.0,0.0,0.0,0.0,0.0,0.0,0.0,-6.485820181903025e-21,6.150094554907536e-20,-6.088192154196765e-20,-1.0193665759329559e-20,-6.229581933856592e-20,-7.473383267889914e-21,1.1225837668494653e-20,-6.161395967033204e-20,7.973813648649736e-12,7.645502734690319e-10,0.017203144024735453
5,0.05038331567317271,7,8,74,9.535433118990337,0.026657492843680165,0.480426736914516,0.0013430928769984803,2.42792185806216e-19,-1.8028185651154968e-20,5.955901284519014e-20,-5.79573639863207e-20,-1.5999774885111308e-20,-5.889035099901731e-20,-1.685303580553855e-20,1.4880547434379835e-20,-5.728358879484412e-20,0.0,0.0,0.0,0.0,0.0,0.0,0.0,0.0,7.973813648649736e-12,7.645502734690319e-10,0.017203144024735453
5,0.05038331567317271,7,6,75,4.910163325696056,0.026957356951526335,-0.24739030884537994,-0.001358201025003148,2.1701801832212374e-19,0.0,0.0,0.0,0.0,0.0,0.0,0.0,0.0,3.928757476423648e-20,3.6262347349047914e-20,-3.739105653095121e-20,3.929480626485975e-20,-3.7324462861511216e-20,3.9385098577529164e-20,-3.937735673598517e-20,-3.846998970780634e-20,7.973813648649736e-12,7.645502734690319e-10,0.017203144024735453
5,0.05038331567317271,7,8,76,2.1426381077245007,0.04878708006013516,0.10795321215485296,0.0024580548554421393,3.397729560619107e-20,1.3920658764743891e-21,8.655716363036962e-21,-8.431924524546714e-21,1.550460016937361e-21,-8.280156985591533e-21,1.4802707597427513e-21,-1.6284734476480176e-21,-8.062822014585092e-21,0.0,0.0,0.0,0.0,0.0,0.0,0.0,0.0,7.973813648649736e-12,7.645502734690319e-10,0.017203144024735453
5,0.05038331567317271,7,6,77,2.1426381077242933,0.04878708006045064,-0.1079532121548425,-0.0024580548554580346,3.100150136991169e-20,0.0,0.0,0.0,0.0,0.0,0.0,0.0,0.0,-1.1971605253150008e-21,-7.382747101402453e-21,7.770992549235044e-21,-1.1541681012517492e-21,7.565573842043848e-21,-1.0670410807777608e-21,1.0149444468082524e-21,7.961199780904417e-21,7.973813648649736e-12,7.645502734690319e-10,0.017203144024735453
5,0.05038331567317271,7,6,78,10.907913757749068,-0.0019808834905184515,-0.5495768621924149,9.980347821456736e-5,3.9473003962270425e-21,0.0,0.0,0.0,0.0,0.0,0.0,0.0,0.0,5.3574529262645045e-22,-8.455619298864801e-22,8.404480516429873e-22,5.163512820783759e-22,8.412284872037064e-22,5.165380871959846e-22,-4.974852075551528e-22,8.35916415589847e-22,7.973813648649736e-12,7.645502734690319e-10,0.017203144024735453
5,0.05038331567317271,7,8,79,10.907913757753061,-0.0019808834882106205,0.549576862192616,-9.980347809829119e-5,3.774878878647427e-21,-5.641632583186357e-22,7.403686524580995e-22,-7.420450884744892e-22,-5.826739678784447e-22,-7.4249452366082e-22,-5.827593101413187e-22,6.015521034858002e-22,-7.439257832782413e-22,0.0,0.0,0.0,0.0,0.0,0.0,0.0,0.0,7.973813648649736e-12,7.645502734690319e-10,0.017203144024735453
6,0.029088820866572156,8,7,0,1.47773887348569,0.013656826058930933,-0.04298568137839537,-0.0003972609668341765,34.45235774497182,0.0,0.0,0.0,0.0,0.0,0.0,0.0,0.0,-7.177730300109494,4.537573827701571,-4.49877579865518,-7.344311342668585,-4.49877579824787,-7.3443113415920855,7.512691306851642,-4.45703968488184,1.6740252196402002e-11,3.3456280138541015e-7,0.017095705260235624
6,0.029088820866572156,8,9,1,1.4777388734851413,0.01365682605895708,0.04298568137837941,0.00039726096683493706,34.45235773704839,7.512691304346584,-4.457039685178716,4.498775798889885,7.3443113401015845,4.498775798607987,7.344311339148965,-7.177730297604314,4.5375738279985125,0.0,0.0,0.0,0.0,0.0,0.0,0.0,0.0,1.6740252196402002e-11,3.3456280138541015e-7,0.017095705260235624
6,0.029088820866572156,8,7,2,0.2277696030891782,0.05060322582428919,-0.006625549183111344,-0.0014719881712734462,17.091393027715853,0.0,0.0,0.0,0.0,0.0,0.0,0.0,0.0,-3.170568396565081,2.7737767955330423,-2.7675184805965034,-3.255187916925841,-2.767518480563922,-3.2551879167537474,3.3409141840470253,-2.759957869110931,1.6740252196402002e-11,3.3456280138541015e-7,0.017095705260235624
6,0.029088820866572156,8,9,3,0.2277696030892769,0.05060322582419497,0.006625549183114216,0.0014719881712707055,17.091393027699155,3.340914184049483,-2.7599578691015023,2.7675184805866597,3.255187916929641,2.767518480554957,3.2551879167549775,-3.170568396567655,2.7737767955236645,0.0,0.0,0.0,0.0,0.0,0.0,0.0,0.0,1.6740252196402002e-11,3.3456280138541015e-7,0.017095705260235624
6,0.029088820866572156,8,7,4,1.4728670441848997,0.008766859553430588,-0.04284396560857216,-0.0002550176071121391,17.028871266620524,0.0,0.0,0.0,0.0,0.0,0.0,0.0,0.0,1.537480131118723,-4.03461153959903,3.999000932599258,1.459480421327029,3.9990009320965942,1.4594804204433816,-1.3830801942009376,3.9628062130335997,1.6740252196402002e-11,3.3456280138541015e-7,0.017095705260235624
6,0.029088820866572156,8,9,5,1.4728670441845049,0.008766859552884435,0.04284396560856068,0.0002550176070962522,17.028871264320454,-1.3830801916805844,3.9628062133410022,-3.9990009328474,-1.4594804187404884,-3.9990009324642726,-1.4594804179894239,1.537480128598456,-4.034611539906439,0.0,0.0,0.0,0.0,0.0,0.0,0.0,0.0,1.6740252196402002e-11,3.3456280138541015e-7,0.017095705260235624
6,0.029088820866572156,8,7,6,0.14867788420661832,-0.028455285494208327,-0.004324864340507277,0.0008277307024481951,12.914419055376575,0.0,0.0,0.0,0.0,0.0,0.0,0.0,0.0,1.8937797384461583,-2.6712227422509374,2.659858859256785,1.8297533757283115,2.659858859198266,1.8297533756051672,-1.7667908100079597,2.6477628620941323,1.6740252196402002e-11,3.3456280138541015e-7,0.017095705260235624
6,0.029088820866572156,8,9,7,0.14867788420652783,-0.028455285494142418,0.004324864340504646,-0.000827730702446278,12.914419055316523,-1.7667908099988643,2.6477628620821436,-2.6598588592430206,-1.8297533757195625,-2.6598588591881036,-1.8297533755957167,1.8937797384370603,-2.671222742238996,0.0,0.0,0.0,0.0,0.0,0.0,0.0,0.0,1.6740252196402002e-11,3.3456280138541015e-7,0.017095705260235624
6,0.029088820866572156,8,7,8,3.8752352555295895,0.013310832596930514,-0.1127260241639252,-0.00038719642499704116,3.3896295716384413,0.0,0.0,0.0,0.0,0.0,0.0,0.0,0.0,-0.6742668865096125,0.49332438081275726,-0.49062811749633256,-0.6908773741774219,-0.49062811748393964,-0.6908773741245059,0.7076840577611421,-0.4876554639787566,1.6740252196402002e-11,3.3456280138541015e-7,0.017095705260235624
6,0.029088820866572156,8,9,9,3.8752352555297653,0.01331083259658461,0.11272602416393032,0.0003871964249869792,3.389629571497011,0.7076840577425937,-0.48765546394387266,0.4906281174578662,0.6908773741580305,0.490628117452606,0.6908773741067236,-0.6742668864910026,0.4933243807778336,0.0,0.0,0.0,0.0,0.0,0.0,0.0,0.0,1.6740252196402002e-11,3.3456280138541015e-7,0.017095705260235624
6,0.029088820866572156,8,9,10,11.695008653517462,0.012816687701634986,0.34019401175518066,0.00037282233265565853,3.241775855772976,0.6204396804802134,-0.5391175743161264,0.54014599281811,0.6041490361914353,0.5401459928580229,0.6041490362215418,-0.5880744019888722,0.5409327085437523,0.0,0.0,0.0,0.0,0.0,0.0,0.0,0.0,1.6740252196402002e-11,3.3456280138541015e-7,0.017095705260235624
6,0.029088820866572156,8,7,11,11.695008653519489,0.012816687701509191,-0.3401940117552396,-0.0003728223326519993,3.2417758542557955,0.0,0.0,0.0,0.0,0.0,0.0,0.0,0.0,-0.5880744022053602,0.5409327077327393,-0.540145992020715,-0.6041490364366358,-0.5401459920332259,-0.604149036408859,0.6204396806965643,-0.5391175735050349,1.6740252196402002e-11,3.3456280138541015e-7,0.017095705260235624
6,0.029088820866572156,8,9,12,11.670397974663098,-0.00945951872682365,0.33947811612658135,-0.00027516624572855786,2.9536048836742212,-0.4900748571070354,0.5383360430812517,-0.5389183411866588,-0.5047265330652749,-0.5389183412251789,-0.504726533098962,0.5195937360064816,-0.5392987056122354,0.0,0.0,0.0,0.0,0.0,0.0,0.0,0.0,1.6740252196402002e-11,3.3456280138541015e-7,0.017095705260235624
6,0.029088820866572156,8,7,13,11.670397974654167,-0.009459518728113906,-0.33947811612632156,0.0002751662457660899,2.953604881819735,0.0,0.0,0.0,0.0,0.0,0.0,0.0,0.0,0.519593736215925,-0.5392987047810439,0.53891834036825,0.5047265333041293,0.5389183403810168,0.5047265332785625,-0.49007485731638245,0.5383360422499561,1.6740252196402002e-11,3.3456280138541015e-7,0.017095705260235624
6,0.029088820866572156,8,7,14,3.850747243990198,-0.0090621147489723,-0.11201369678287729,0.00026360623260517676,2.44870441926955,0.0,0.0,0.0,0.0,0.0,0.0,0.0,0.0,0.386168735657578,-0.48615323584744347,0.48466383881857394,0.37392924350864176,0.48466383880146313,0.3739292434601702,-0.3618835869245766,0.4830248313081784,1.6740252196402002e-11,3.3456280138541015e-7,0.017095705260235624
6,0.029088820866572156,8,9,15,3.8507472439902033,-0.009062114748669806,0.11201369678287744,-0.00026360623259637754,2.4487044191154093,-0.3618835869086112,0.48302483127184687,-0.48466383877899627,-0.3739292434918502,-0.4846638387683532,-0.37392924344499656,0.386168735641592,-0.4861532358110808,0.0,0.0,0.0,0.0,0.0,0.0,0.0,0.0,1.6740252196402002e-11,3.3456280138541015e-7,0.017095705260235624
6,0.029088820866572156,8,7,16,4.273863702195422,0.037012788885988405,-0.12432165564130752,-0.0010766583856767695,1.9091749672910274,0.0,0.0,0.0,0.0,0.0,0.0,0.0,0.0,-0.3622076956231608,0.30039995461566116,-0.2994520020288033,-0.3716383170040761,-0.2994520020273087,-0.37163831698493033,0.3811886894307449,-0.2983553701634089,1.6740252196402002e-11,3.3456280138541015e-7,0.017095705260235624
6,0.029088820866572156,8,9,17,4.273863702195269,0.03701278888588808,0.12432165564130306,0.0010766583856738512,1.909174967279279,0.3811886894274723,-0.2983553701627308,0.2994520020282026,0.37163831700078337,0.2994520020265966,0.3716383169817379,-0.362207695619947,0.30039995461502533,0.0,0.0,0.0,0.0,0.0,0.0,0.0,0.0,1.6740252196402002e-11,3.3456280138541015e-7,0.017095705260235624
6,0.029088820866572156,8,7,18,4.237333806662753,0.004704976006889412,-0.12325904405388312,-0.00013686220424592607,1.1450873562595336,0.0,0.0,0.0,0.0,0.0,0.0,0.0,0.0,0.10761785550381965,-0.26965230973681387,0.26734006253263826,0.10233603224694894,0.2673400625286019,0.10233603223653341,-0.0971611368134888,0.26498685952593887,1.6740252196402002e-11,3.3456280138541015e-7,0.017095705260235624
6,0.029088820866572156,8,9,19,4.237333806662221,0.004704976006913705,0.12325904405386764,0.00013686220424663273,1.1450873562541308,-0.09716113681432109,0.26498685952416745,-0.267340062531244,-0.10233603224805754,-0.26734006252646825,-0.10233603223708312,0.10761785550464655,-0.269652309735058,0.0,0.0,0.0,0.0,0.0,0.0,0.0,0.0,1.6740252196402002e-11,3.3456280138541015e-7,0.017095705260235624
6,0.029088820866572156,8,7,20,12.10264691415841,0.0374321591516003,-0.35205172809732627,-0.0010888573722099208,0.6042518057545215,0.0,0.0,0.0,0.0,0.0,0.0,0.0,0.0,-0.11182206594879167,0.09837311797660653,-0.09816010689591438,-0.11481431628387215,-0.09816010689718974,-0.11481431628020859,0.11784582147130396,-0.09790116223899761,1.6740252196402002e-11,3.3456280138541015e-7,0.017095705260235624
6,0.029088820866572156,8,9,21,12.102646914161031,0.03743215914530084,0.35205172809740254,0.0010888573720266768,0.6042518057533338,0.1178458214739058,-0.09790116223558655,0.09816010689240327,0.11481431628739637,0.09816010689387979,0.11481431628173243,-0.11182206595124143,0.09837311797319541,0.0,0.0,0.0,0.0,0.0,0.0,0.0,0.0,1.6740252196402002e-11,3.3456280138541015e-7,0.017095705260235624
6,0.029088820866572156,8,7,22,12.065443520838885,0.004324435363724469,-0.35096952525342595,-0.00012579272564445086,0.37787207643186804,0.0,0.0,0.0,0.0,0.0,0.0,0.0,0.0,0.036129011699506414,-0.08873544923822921,0.0879845174119547,0.03438079565691779,0.08798451741179267,0.034380795659990686,-0.03266777067246619,0.08721982622904101,1.6740252196402002e-11,3.3456280138541015e-7,0.017095705260235624
6,0.029088820866572156,8,9,23,12.065443520840283,0.004324435362235979,0.35096952525346664,0.00012579272560115246,0.3778720763193747,-0.0326677706780681,0.08721982619668417,-0.08798451737899925,-0.034380795663712375,-0.08798451738005456,-0.03438079566419728,0.036129011704916274,-0.08873544920589775,0.0,0.0,0.0,0.0,0.0,0.0,0.0,0.0,1.6740252196402002e-11,3.3456280138541015e-7,0.017095705260235624
6,0.029088820866572156,8,9,24,5.174850016861142,0.010496484377323909,0.15053028515185166,0.00030533035378074833,0.09252363630612113,0.017031288830693794,-0.01613279475453208,0.016142164878832032,0.01656550566571679,0.016142164795411456,0.01656550562090875,-0.01610617799657593,0.016144907425619,0.0,0.0,0.0,0.0,0.0,0.0,0.0,0.0,1.6740252196402002e-11,3.3456280138541015e-7,0.017095705260235624
6,0.029088820866572156,8,7,25,5.174850016861385,0.010496484377718912,-0.15053028515185873,-0.00030533035379223854,0.09252363605468046,0.0,0.0,0.0,0.0,0.0,0.0,0.0,0.0,-0.016106177896401785,0.016144907438333106,-0.016142164883939325,-0.016565505566555165,-0.016142164815772665,-0.016565505519727745,0.017031288730520226,-0.0161327947672464,1.6740252196402002e-11,3.3456280138541015e-7,0.017095705260235624
6,0.029088820866572156,8,9,26,5.175984690680911,0.01162863621861368,0.15056329147533692,0.00033826331588578633,0.0790713301821386,-0.01155083316079758,0.015697472781095463,-0.015753746554874163,-0.01193933025610185,-0.01575374647155513,-0.011939330210227505,0.012334127848944566,-0.015805243252401693,0.0,0.0,0.0,0.0,0.0,0.0,0.0,0.0,1.6740252196402002e-11,3.3456280138541015e-7,0.017095705260235624
6,0.029088820866572156,8,7,27,5.175984690681125,0.011628636218669781,-0.15056329147534314,-0.00033826331588741827,0.07907132997926086,0.0,0.0,0.0,0.0,0.0,0.0,0.0,0.0,0.012334127747031378,-0.0158052432659848,0.015753746560836293,0.011939330155111911,0.01575374649279904,0.011939330107397795,-0.01155083305888567,0.01569747279467766,1.6740252196402002e-11,3.3456280138541015e-7,0.017095705260235624
6,0.029088820866572156,8,7,28,4.082110999133021,-0.00554474808402081,-0.11874379561124433,0.00016129018376635052,0.05885039392753488,0.0,0.0,0.0,0.0,0.0,0.0,0.0,0.0,0.012338178988147552,0.00839148031311802,-0.008100777595980092,0.012280729426497293,-0.008100777595963912,0.012280729426305082,-0.012220038571288196,-0.007814986522345689,1.6740252196402002e-11,3.3456280138541015e-7,0.017095705260235624
6,0.029088820866572156,8,9,29,4.082110999133418,-0.005544748083941852,0.11874379561125588,-0.00016129018376405372,0.058850393925304265,-0.012220038571081386,-0.007814986521656929,0.008100777595323854,-0.012280729426317673,0.008100777595237623,-0.012280729426060705,0.01233817898793001,0.008391480312424118,0.0,0.0,0.0,0.0,0.0,0.0,0.0,0.0,1.6740252196402002e-11,3.3456280138541015e-7,0.017095705260235624
6,0.029088820866572156,8,7,30,4.1079034067294655,0.02656824411395898,-0.11949406633553492,-0.0007728388937703128,0.04337037915627209,0.0,0.0,0.0,0.0,0.0,0.0,0.0,0.0,-0.010125939278584578,-0.003426002339232095,0.0036196949937891344,-0.010219976339501754,0.0036196949932007796,-0.010219976338807718,0.010312564704184835,0.0038174753485519996,1.6740252196402002e-11,3.3456280138541015e-7,0.017095705260235624
6,0.029088820866572156,8,9,31,4.107903406729825,0.02656824411368281,0.11949406633554538,0.0007728388937622794,0.04337037915452121,0.01031256470360992,0.0038174753488637854,-0.0036196949941123056,0.010219976338901638,-0.0036196949935058,0.010219976338256463,-0.010125939278008337,-0.0034260023395486817,0.0,0.0,0.0,0.0,0.0,0.0,0.0,0.0,1.6740252196402002e-11,3.3456280138541015e-7,0.017095705260235624
6,0.029088820866572156,8,7,32,13.000973282599583,0.012210688509474231,-0.37818298290862984,-0.0003551945307096069,0.02631523780804074,0.0,0.0,0.0,0.0,0.0,0.0,0.0,0.0,-0.0044793592391099354,0.004690943780756164,-0.004693020547051705,-0.004609985349104461,-0.004693020514360128,-0.004609985367674623,0.004742488317034692,-0.004693252911420035,1.6740252196402002e-11,3.3456280138541015e-7,0.017095705260235624
6,0.029088820866572156,8,9,33,13.00097328260127,0.012210688507766833,0.3781829829086789,0.00035519453065994066,0.026315237753866558,0.004742488317241474,-0.004693252892236002,0.004693020527351799,0.00460998535099875,0.004693020495685434,0.00460998536618682,-0.004479359239317395,0.004690943761565777,0.0,0.0,0.0,0.0,0.0,0.0,0.0,0.0,1.6740252196402002e-11,3.3456280138541015e-7,0.017095705260235624
6,0.029088820866572156,8,7,34,12.998685538495156,0.009968444524088321,-0.3781164351301876,-0.0002899702970795673,0.023509876313176067,0.0,0.0,0.0,0.0,0.0,0.0,0.0,0.0,0.0037715229532247602,-0.004616019928032802,0.00460334025213215,0.0036538264443353825,0.004603340219231032,0.0036538264630444402,-0.0035379709978983036,0.0045891986448173055,1.6740252196402002e-11,3.3456280138541015e-7,0.017095705260235624
6,0.029088820866572156,8,9,35,12.998685538491467,0.009968444525832128,0.3781164351300803,0.00028997029713029256,0.023509876251891985,-0.0035379709989149417,0.0045891986244547545,-0.0046033402312739835,-0.0036538264470339895,-0.004603340199357182,-0.0036538264623684116,0.0037715229542387165,-0.004616019907663686,0.0,0.0,0.0,0.0,0.0,0.0,0.0,0.0,1.6740252196402002e-11,3.3456280138541015e-7,0.017095705260235624
6,0.029088820866572156,8,7,36,11.899887914863115,-0.005514137818846417,-0.34615370788773997,0.00016039976724601431,0.020012855750570015,0.0,0.0,0.0,0.0,0.0,0.0,0.0,0.0,0.004086428270557829,0.003008112797082095,-0.0029085957157171877,0.0040705918510131785,-0.0029085957160512148,0.004070591850531834,-0.004053591667111168,-0.0028107066386827253,1.6740252196402002e-11,3.3456280138541015e-7,0.017095705260235624
6,0.029088820866572156,8,9,37,11.899887914856478,-0.0055141378282192455,0.34615370788754696,-0.00016039976751865885,0.020012855723630596,-0.004053591667472176,-0.0028107066264727257,0.002908595703272478,-0.004070591851598949,0.002908595704013211,-0.004070591850885423,0.0040864282711352016,0.003008112784811394,0.0,0.0,0.0,0.0,0.0,0.0,0.0,0.0,1.6740252196402002e-11,3.3456280138541015e-7,0.017095705260235624
6,0.029088820866572156,8,9,38,11.926119244808783,0.027063881222434437,0.3469167463456215,0.0007872563928335812,0.01278445125235294,0.003121580793394189,0.0008734115144024271,-0.0008175333053599569,0.003089620547025914,-0.0008175333048205634,0.003089620547213207,-0.0030573330403613945,-0.0007628908785406916,0.0,0.0,0.0,0.0,0.0,0.0,0.0,0.0,1.6740252196402002e-11,3.3456280138541015e-7,0.017095705260235624
6,0.029088820866572156,8,7,39,11.926119244818517,0.027063881195221934,-0.34691674634590464,-0.0007872563920420016,0.012784451226558576,0.0,0.0,0.0,0.0,0.0,0.0,0.0,0.0,-0.0030573330352296536,-0.0007628908723194823,0.0008175332991518353,-0.0030896205420945792,0.0008175332985263985,-0.0030896205421104637,0.0031215807884934013,0.0008734115081258395,1.6740252196402002e-11,3.3456280138541015e-7,0.017095705260235624
6,0.029088820866572156,8,9,40,11.615059033251905,-0.007139076165202745,0.33786837157292543,-0.00020766730772239753,0.009711791719563549,-0.0016564860423721548,0.0017280126708408507,-0.0017286856641141606,-0.0017046957684003624,-0.0017286856644351898,-0.0017046957690494775,0.0017535968329406544,-0.0017286766411387365,0.0,0.0,0.0,0.0,0.0,0.0,0.0,0.0,1.6740252196402002e-11,3.3456280138541015e-7,0.017095705260235624
6,0.029088820866572156,8,7,41,11.615059033252194,-0.0071390761654390456,-0.33786837157293387,0.00020766730772927124,0.009711791710793342,0.0,0.0,0.0,0.0,0.0,0.0,0.0,0.0,0.0017535968306583664,-0.0017286766403218005,0.0017286856632600567,0.0017046957661549739,0.001728685663620522,0.0017046957667416758,-0.001656486040101913,0.0017280126699887716,1.6740252196402002e-11,3.3456280138541015e-7,0.017095705260235624
6,0.029088820866572156,8,7,42,11.636669707071576,0.013003536861701165,-0.33849700059247173,-0.00037825755440189305,0.009459930161802448,0.0,0.0,0.0,0.0,0.0,0.0,0.0,0.0,-0.0018431427966448255,0.001428094753874276,-0.0014218494628013144,-0.0018896897454807565,-0.0014218494634100974,-0.0018896897445996104,0.0019368052820129458,-0.0014148481827191432,1.6740252196402002e-11,3.3456280138541015e-7,0.017095705260235624
6,0.029088820866572156,8,9,43,11.636669707071325,0.013003536861456139,0.33849700059246446,0.0003782575543947655,0.009459930152124657,0.0019368052813618438,-0.001414848179558178,0.0014218494595140284,0.0018896897448490754,0.0014218494603701988,0.0018896897439355433,-0.0018431427960014114,0.0014280947507079812,0.0,0.0,0.0,0.0,0.0,0.0,0.0,0.0,1.6740252196402002e-11,3.3456280138541015e-7,0.017095705260235624
6,0.029088820866572156,8,9,44,7.978517316069498,0.04757135627885032,0.2320856609879897,0.0013837946611753595,0.0042752293642732446,0.0007908141356683862,-0.0007413593397952359,0.0007419037939633965,0.0007692942763498606,0.0007419037939629393,0.0007692942763351945,-0.0007480711169787468,0.0007421404710805492,0.0,0.0,0.0,0.0,0.0,0.0,0.0,0.0,1.6740252196402002e-11,3.3456280138541015e-7,0.017095705260235624
6,0.029088820866572156,8,7,45,7.978517316069463,0.047571356279463274,-0.23208566098798866,-0.0013837946611931896,0.004275229364129118,0.0,0.0,0.0,0.0,0.0,0.0,0.0,0.0,-0.0007480711169331566,0.0007421404710753776,-0.0007419037939583403,-0.0007692942763046291,-0.0007419037939590124,-0.0007692942762889694,0.0007908141356225369,-0.0007413593397914291,1.6740252196402002e-11,3.3456280138541015e-7,0.017095705260235624
6,0.029088820866572156,8,9,46,8.106522842273135,0.010605368404994486,0.2358091908096586,0.0003084976617568887,0.004016046279607366,0.0006843124000421231,-0.0007540347169309725,0.0007529148530961759,0.0006641217323070778,0.0007529148530464405,0.0006641217322404192,-0.000644232177304762,0.0007515292802954131,0.0,0.0,0.0,0.0,0.0,0.0,0.0,0.0,1.6740252196402002e-11,3.3456280138541015e-7,0.017095705260235624
6,0.029088820866572156,8,7,47,8.106522842273082,0.010605368405044571,-0.23580919080965704,-0.0003084976617583456,0.00401604627930975,0.0,0.0,0.0,0.0,0.0,0.0,0.0,0.0,-0.0006442321772880181,0.000751529280211407,-0.0007529148530060364,-0.0006641217322928403,-0.0007529148529682063,-0.0006641217322205701,0.0006843124000248008,-0.0007540347168466013,1.6740252196402002e-11,3.3456280138541015e-7,0.017095705260235624
6,0.029088820866572156,8,9,48,8.127532979347436,0.028551706069877128,0.23642035092339506,0.0008305354633016766,0.003791901145284482,-0.0005839158795353358,0.0007297618403352929,-0.0007317048145510944,-0.0006026403259333111,-0.0007317048144989649,-0.0006026403258342993,0.0006216574059350069,-0.0007334066740569195,0.0,0.0,0.0,0.0,0.0,0.0,0.0,0.0,1.6740252196402002e-11,3.3456280138541015e-7,0.017095705260235624
6,0.029088820866572156,8,7,49,8.127532979347425,0.028551706069935602,-0.23642035092339472,-0.0008305354633033776,0.003791901144791953,0.0,0.0,0.0,0.0,0.0,0.0,0.0,0.0,0.0006216574057623086,-0.0007334066740395013,0.0007317048145233877,0.0006026403257545132,0.0007317048144920637,0.0006026403256677752,-0.0005839158793627154,0.0007297618403180329,1.6740252196402002e-11,3.3456280138541015e-7,0.017095705260235624
6,0.029088820866572156,8,7,50,7.905588120148917,-0.02531104808265308,-0.22996423667191276,0.0007362685436214902,0.003698293775671581,0.0,0.0,0.0,0.0,0.0,0.0,0.0,0.0,0.0005893654628520782,-0.0007293270949421051,0.0007272326337274316,0.0005708618793481611,0.0007272326337292268,0.000570861879302151,-0.0005526491431710192,0.0007249097695932359,1.6740252196402002e-11,3.3456280138541015e-7,0.017095705260235624
6,0.029088820866572156,8,9,51,7.90558812014879,-0.02531104808206072,0.22996423667190907,-0.0007362685436042589,0.0036982937755105742,-0.0005526491431694301,0.000724909769543162,-0.000727232633678638,-0.0005708618793492885,-0.0007272326336784599,-0.0005708618792974595,0.0005893654628501264,-0.0007293270948926313,0.0,0.0,0.0,0.0,0.0,0.0,0.0,0.0,1.6740252196402002e-11,3.3456280138541015e-7,0.017095705260235624
6,0.029088820866572156,8,7,52,5.552446260822596,0.009034436806472639,-0.16151411465233687,-0.0002628011138938488,0.003110585597942689,0.0,0.0,0.0,0.0,0.0,0.0,0.0,0.0,0.0007670861377034107,-0.00018329693953008,0.0001914015567709895,0.0007536835588361666,0.00019140155687546914,0.0007536835588797995,-0.0007403574803365583,0.00019920468539371438,1.6740252196402002e-11,3.3456280138541015e-7,0.017095705260235624
6,0.029088820866572156,8,9,53,5.552446260822458,0.009034436806338468,0.16151411465233284,0.00026280111388994593,0.0031105855968443664,-0.0007403574801582236,0.00019920468498072294,-0.00019140155632951575,-0.0007536835586897427,-0.00019140155648992007,-0.0007536835586695555,0.000767086137525229,-0.0001832969391159592,0.0,0.0,0.0,0.0,0.0,0.0,0.0,0.0,1.6740252196402002e-11,3.3456280138541015e-7,0.017095705260235624
6,0.029088820866572156,8,7,54,9.065582015070321,0.01414678615115534,-0.2637070912875988,-0.00041151332818866143,0.001551926190330296,0.0,0.0,0.0,0.0,0.0,0.0,0.0,0.0,-0.00033394820929055264,0.00018653690161259725,-0.0001843842897317056,-0.00034134596139029805,-0.00018438428978111165,-0.00034134596143958306,0.00034881743994457623,-0.00018209512477073014,1.6740252196402002e-11,3.3456280138541015e-7,0.017095705260235624
6,0.029088820866572156,8,9,55,9.06558201507043,0.014146786151594752,0.26370709128760195,0.0004115133282014434,0.0015519261903289465,0.00034881743992898264,-0.00018209512479837613,0.00018438428976156384,0.00034134596137202415,0.00018438428980716674,0.00034134596142689855,-0.00033394820927516516,0.00018653690164085264,0.0,0.0,0.0,0.0,0.0,0.0,0.0,0.0,1.6740252196402002e-11,3.3456280138541015e-7,0.017095705260235624
6,0.029088820866572156,8,7,56,12.022522931146282,0.03631027063549493,-0.34972101590837024,-0.0010562229581326673,0.001311934247330453,0.0,0.0,0.0,0.0,0.0,0.0,0.0,0.0,-0.00021408312585619445,0.00024234566218786212,-0.00024270156027170753,-0.00022058652399440442,-0.00024270156025477143,-0.0002205865240345222,0.00022718698514641786,-0.0002429692043168188,1.6740252196402002e-11,3.3456280138541015e-7,0.017095705260235624
6,0.029088820866572156,8,9,57,12.022522931146655,0.03631027063527501,0.34972101590838106,0.00105622295812627,0.001311934246658887,0.000227186984944331,-0.00024296920427354114,0.0002427015602241078,0.00022058652379468183,0.0002427015602165964,0.00022058652382938963,-0.00021408312565344308,0.00024234566214526506,0.0,0.0,0.0,0.0,0.0,0.0,0.0,0.0,1.6740252196402002e-11,3.3456280138541015e-7,0.017095705260235624
6,0.029088820866572156,8,7,58,9.236493762349955,0.009635988232308337,-0.2686787124882089,-0.0002802995355620145,0.0010902450312574672,0.0,0.0,0.0,0.0,0.0,0.0,0.0,0.0,0.00021042742300085104,-0.00017925776056267872,0.0001796573000241984,0.00020495235167753293,0.00017965730019023503,0.00020495235181898228,-0.0001995491270160549,0.00017997484434404928,1.6740252196402002e-11,3.3456280138541015e-7,0.017095705260235624
6,0.029088820866572156,8,9,59,9.236493762349268,0.009635988232361892,0.2686787124881889,0.00028029953556357235,0.0010902450276527773,-0.00019954912596656404,0.00017997484417400206,-0.00017965729980190428,-0.0002049523506180762,-0.0001796573000726407,-0.00020495235077963255,0.0002104274219516038,-0.00017925776039241114,0.0,0.0,0.0,0.0,0.0,0.0,0.0,0.0,1.6740252196402002e-11,3.3456280138541015e-7,0.017095705260235624
6,0.029088820866572156,8,9,60,11.987303428093567,0.004850885418942817,0.34869652209306007,0.00014110653699589442,0.0010682956209320978,-9.804144341548545e-5,0.00024437751077414156,-0.00024642667078161065,-0.000102933160591287,-0.0002464266707650969,-0.00010293316055676822,0.00010792344016211452,-0.0002484346377954962,0.0,0.0,0.0,0.0,0.0,0.0,0.0,0.0,1.6740252196402002e-11,3.3456280138541015e-7,0.017095705260235624
6,0.029088820866572156,8,7,61,11.987303428093552,0.004850885418845777,-0.3486965220930597,-0.00014110653699307165,0.0010682956204409696,0.0,0.0,0.0,0.0,0.0,0.0,0.0,0.0,0.00010792344004938841,-0.0002484346377104046,0.00024642667069567917,0.00010293316048040228,0.00024642667067889816,0.00010293316044259805,-9.80414433032124e-5,0.00024437751068709195,1.6740252196402002e-11,3.3456280138541015e-7,0.017095705260235624
6,0.029088820866572156,8,7,62,9.240050620876767,0.013208268295213453,-0.2687821773087431,-0.00038421295039708854,0.0008326822148492772,0.0,0.0,0.0,0.0,0.0,0.0,0.0,0.0,-0.00011557234457720421,0.00016960357779390804,-0.000170343968557299,-0.00011963937157043017,-0.0001703439687234266,-0.00011963937180469817,0.00012377452681118354,-0.00017103649011523527,1.6740252196402002e-11,3.3456280138541015e-7,0.017095705260235624
6,0.029088820866572156,8,9,63,9.24005062087654,0.013208268293985047,0.2687821773087365,0.0003842129503613556,0.0008326822118204307,0.00012377452577677563,-0.00017103648991639186,0.000170343968307636,0.00011963937052497767,0.00017034396857598693,0.00011963937078073139,-0.00011557234354227735,0.00016960357759522525,0.0,0.0,0.0,0.0,0.0,0.0,0.0,0.0,1.6740252196402002e-11,3.3456280138541015e-7,0.017095705260235624
6,0.029088820866572156,8,7,64,9.059554947935958,0.008089639354381603,-0.2635317710113765,-0.00023531807005477889,0.0006627880131690492,0.0,0.0,0.0,0.0,0.0,0.0,0.0,0.0,4.549688369643857e-5,-0.0001617723258841578,0.0001601192766649489,4.259776047567962e-5,0.00016011927671825694,4.2597760529312364e-5,-3.976268160873626e-5,0.00015844917558631368,1.6740252196402002e-11,3.3456280138541015e-7,0.017095705260235624
6,0.029088820866572156,8,9,65,9.059554947936252,0.008089639354534377,0.2635317710113851,0.0002353180700592229,0.0006627880130678803,-3.97626816135408e-5,0.00015844917555880836,-0.00016011927664031885,-4.2597760482206165e-5,-0.00016011927668801692,-4.259776053225932e-5,4.549688370111884e-5,-0.00016177232585679876,0.0,0.0,0.0,0.0,0.0,0.0,0.0,0.0,1.6740252196402002e-11,3.3456280138541015e-7,0.017095705260235624
6,0.029088820866572156,8,9,66,5.557403607333147,0.013988076518472933,0.16165831801695582,0.00040689665211376345,0.0005616810554601793,-0.00011785097504096098,-7.995367126072308e-5,7.717977773049486e-5,-0.00011729945039777076,7.717977788787894e-5,-0.00011729945036520138,0.00011671704442884099,7.445279796225065e-5,0.0,0.0,0.0,0.0,0.0,0.0,0.0,0.0,1.6740252196402002e-11,3.3456280138541015e-7,0.017095705260235624
6,0.029088820866572156,8,7,67,5.5574036073330575,0.013988076518344085,-0.1616583180169532,-0.0004068966521100154,0.000561681054669661,0.0,0.0,0.0,0.0,0.0,0.0,0.0,0.0,0.00011671704406634816,7.445279815423285e-5,-7.717977795975896e-5,0.0001172994500518434,-7.717977804201137e-5,0.00011729944998561527,-0.00011785097467801682,-7.995367145226998e-5,1.6740252196402002e-11,3.3456280138541015e-7,0.017095705260235624
6,0.029088820866572156,8,7,68,7.867039345873159,0.01591655895307404,-0.2288428982823793,-0.00046299393219820603,0.0001269937186206303,0.0,0.0,0.0,0.0,0.0,0.0,0.0,0.0,-2.0330166203587904e-5,-2.3800029240538372e-5,2.442818215587526e-5,-2.0276240499391205e-5,2.442818214806374e-5,-2.027624049591764e-5,2.021254189713902e-5,2.5064443605003157e-5,1.6740252196402002e-11,3.3456280138541015e-7,0.017095705260235624
6,0.029088820866572156,8,9,69,7.867039345873243,0.01591655895292441,0.22884289828238175,0.00046299393219385344,0.00012699371856724344,2.021254189712828e-5,2.5064443587676427e-5,-2.4428182137792994e-5,2.0276240498374657e-5,-2.4428182131528196e-5,2.0276240496847447e-5,-2.033016620350649e-5,-2.38000292232478e-5,0.0,0.0,0.0,0.0,0.0,0.0,0.0,0.0,1.6740252196402002e-11,3.3456280138541015e-7,0.017095705260235624
6,0.029088820866572156,8,7,70,7.837862592912336,-0.010269854141721529,-0.2279941809420337,0.0002987379474543617,7.650311046389227e-5,0.0,0.0,0.0,0.0,0.0,0.0,0.0,0.0,1.7408293915185786e-5,8.555824208098586e-6,-8.192098677334183e-6,1.7281444309988167e-5,-8.192098674695372e-6,1.728144430721045e-5,-1.7151316480152647e-5,-7.835285066020389e-6,1.6740252196402002e-11,3.3456280138541015e-7,0.017095705260235624
6,0.029088820866572156,8,9,71,7.837862592912153,-0.010269854141707373,0.22799418094202836,-0.0002987379474539499,7.650311042267827e-5,-1.7151316474736525e-5,-7.835285053505562e-6,8.192098664768335e-6,-1.72814443038643e-5,8.192098662227245e-6,-1.7281444302397966e-5,1.7408293909659028e-5,8.555824195580007e-6,0.0,0.0,0.0,0.0,0.0,0.0,0.0,0.0,1.6740252196402002e-11,3.3456280138541015e-7,0.017095705260235624
6,0.029088820866572156,8,9,72,11.844644476267627,-0.004865156375156068,0.3445467413983824,-0.0001415216622847764,6.494063122113485e-5,-1.2390433889324312e-5,-1.0133200421011143e-5,1.0454215167732564e-5,-1.2420281078035441e-5,1.0454215173036353e-5,-1.2420281075764504e-5,1.2445945585076843e-5,1.0780197195647603e-5,0.0,0.0,0.0,0.0,0.0,0.0,0.0,0.0,1.6740252196402002e-11,3.3456280138541015e-7,0.017095705260235624
6,0.029088820866572156,8,7,73,11.84464447626782,-0.004865156375270543,-0.344546741398388,0.00014152166228810633,6.494063112909896e-5,0.0,0.0,0.0,0.0,0.0,0.0,0.0,0.0,1.2445945572115567e-5,1.078019717541174e-5,-1.0454215149995491e-5,1.2420281062519185e-5,-1.0454215149943363e-5,1.242028106549602e-5,-1.2390433876485993e-5,-1.013320040042531e-5,1.6740252196402002e-11,3.3456280138541015e-7,0.017095705260235624
6,0.029088820866572156,8,7,74,9.22182652732999,0.009303602865195333,-0.26825205991610523,-0.0002706308371593945,3.1479496855221857e-5,0.0,0.0,0.0,0.0,0.0,0.0,0.0,0.0,6.279906372696359e-6,4.926253084284029e-6,-4.769026975419587e-6,6.259801095058048e-6,-4.769026975596754e-6,6.2598010950341685e-6,-6.237787705919828e-6,-4.614304405519755e-6,1.6740252196402002e-11,3.3456280138541015e-7,0.017095705260235624
6,0.029088820866572156,8,9,75,9.221826527329037,0.009303602865337407,0.26825205991607753,0.00027063083716352725,3.147949683734284e-5,-6.237787710210966e-6,-4.614304392480834e-6,4.769026962182115e-6,-6.259801098745713e-6,4.769026962707537e-6,-6.259801100015247e-6,6.279906377070624e-6,4.926253071194994e-6,0.0,0.0,0.0,0.0,0.0,0.0,0.0,0.0,1.6740252196402002e-11,3.3456280138541015e-7,0.017095705260235624
6,0.029088820866572156,8,7,76,9.22602500529063,0.013484893419657432,-0.26837418868941454,-0.00039225964908923267,2.9259266060231557e-5,0.0,0.0,0.0,0.0,0.0,0.0,0.0,0.0,-6.158095771585823e-6,-3.753282322138291e-6,3.8946869403607876e-6,-6.191333039772211e-6,3.894686943193013e-6,-6.19133304217794e-6,6.223011940351365e-6,4.0385677829713655e-6,1.6740252196402002e-11,3.3456280138541015e-7,0.017095705260235624
6,0.029088820866572156,8,9,77,9.226025005290616,0.013484893418885792,0.26837418868941415,0.00039225964906678654,2.9259266011826582e-5,6.223011928622228e-6,4.038567778958316e-6,-3.894686936636788e-6,6.191333027703394e-6,-3.894686938929728e-6,6.191333030675628e-6,-6.15809575974445e-6,-3.753282318169728e-6,0.0,0.0,0.0,0.0,0.0,0.0,0.0,0.0,1.6740252196402002e-11,3.3456280138541015e-7,0.017095705260235624
6,0.029088820866572156,8,7,78,11.868961044102791,0.025455520435342653,-0.34525408168422933,-0.0007404710740090492,2.837828158328072e-5,0.0,0.0,0.0,0.0,0.0,0.0,0.0,0.0,-6.939158070665413e-6,-8.789495798652252e-7,9.909149684678432e-7,-7.024669702486346e-6,9.909149655069868e-7,-7.024669708191066e-6,7.109784412050408e-6,1.1056901425631633e-6,1.6740252196402002e-11,3.3456280138541015e-7,0.017095705260235624
6,0.029088820866572156,8,9,79,11.868961044102832,0.02545552043525496,0.3452540816842305,0.0007404710740064983,2.837828144753958e-5,7.109784378501923e-6,1.1056901369729769e-6,-9.90914963157167e-7,7.024669668519535e-6,-9.90914959642575e-7,7.024669675189394e-6,-6.939158037241651e-6,-8.789495742917177e-7,0.0,0.0,0.0,0.0,0.0,0.0,0.0,0.0,1.6740252196402002e-11,3.3456280138541015e-7,0.017095705260235624
7,0.01679443855772424,9,10,0,1.5175465197347782,0.062467930955745175,0.02548634178417399,0.0010491138282644225,41.39244926577833,7.177875750911443,-7.6565182899156214,7.648344849658391,6.9696157458609935,7.648344849515192,6.969615745437236,-6.76441452063413,7.637382951202764,0.0,0.0,0.0,0.0,0.0,0.0,0.0,0.0,2.956242506465189e-11,6.824931059691107e-5,0.017126406174654253
7,0.01679443855772424,9,8,1,1.5175465197351201,0.062467930956000076,-0.02548634178417973,-0.0010491138282687034,41.39244926570953,0.0,0.0,0.0,0.0,0.0,0.0,0.0,0.0,-6.764414520616431,7.63738295119541,-7.648344849649664,-6.9696157458430195,-7.648344849509785,-6.96961574541964,7.1778757508935795,-7.6565182899088455,2.956242506465189e-11,6.824931059691107e-5,0.017126406174654253
7,0.01679443855772424,9,8,2,2.6719274769845582,0.07997098506357388,-0.04487352184291231,-0.0013430677950508744,34.38660811297306,0.0,0.0,0.0,0.0,0.0,0.0,0.0,0.0,-5.56818188178403,6.389817790627794,-6.400298218112626,-5.738573013985661,-6.40029821799183,-5.738573013636102,5.911523805935997,-6.408482704338367,2.956242506465189e-11,6.824931059691107e-5,0.017126406174654253
7,0.01679443855772424,9,10,3,2.671927476983982,0.07997098506328709,0.04487352184290263,0.001343067795046058,34.38660811297193,5.911523805934958,-6.408482704338799,6.400298218112838,5.738573013985323,6.400298217992581,5.73857301363452,-5.568181881783145,6.389817790628325,0.0,0.0,0.0,0.0,0.0,0.0,0.0,0.0,2.956242506465189e-11,6.824931059691107e-5,0.017126406174654253
7,0.01679443855772424,9,8,4,7.071428638033664,0.09780031242750764,-0.11876067377678798,-0.0016425013379900114,5.18527609125637,0.0,0.0,0.0,0.0,0.0,0.0,0.0,0.0,-0.6495648161161872,1.1006747323756636,-1.1069207200167153,-0.6745380064035355,-1.1069207199867461,-0.6745380063524549,0.6999539109469735,-1.1128968038822495,2.956242506465189e-11,6.824931059691107e-5,0.017126406174654253
7,0.01679443855772424,9,10,5,7.071428638028754,0.09780031243338536,0.11876067377670552,0.0016425013380887243,5.185276091239896,0.6999539109450764,-1.1128968038785123,1.1069207200123539,0.6745380064014632,1.1069207199837034,0.6745380063508487,-0.6495648161144044,1.1006747323719968,0.0,0.0,0.0,0.0,0.0,0.0,0.0,0.0,2.956242506465189e-11,6.824931059691107e-5,0.017126406174654253
7,0.01679443855772424,9,10,6,2.1443618049190523,0.07101710921060089,0.036013352578243674,0.0011926924771846288,4.208425741388238,1.0195950485300616,0.3146315104528691,-0.295965109022353,1.0095652221093165,-0.2959651089909829,1.0095652220763196,-0.9994169288513644,-0.27770250995590545,0.0,0.0,0.0,0.0,0.0,0.0,0.0,0.0,2.956242506465189e-11,6.824931059691107e-5,0.017126406174654253
7,0.01679443855772424,9,8,7,2.144361804918968,0.0710171092105336,-0.03601335257824226,-0.0011926924771834988,4.208425741381545,0.0,0.0,0.0,0.0,0.0,0.0,0.0,0.0,-0.9994169288508962,-0.27770250995151347,0.29596510901759876,-1.0095652221090048,0.2959651089869399,-1.0095652220757232,1.0195950485296204,0.31463151044846427,2.956242506465189e-11,6.824931059691107e-5,0.017126406174654253
7,0.01679443855772424,9,10,8,6.7466932597600024,0.044940055764042405,0.11330692541885162,0.0007547430053099113,2.562108191287871,0.6354106907128695,-0.13511091021368193,0.142060764340857,0.6245419281274851,0.14206076435124632,0.6245419280902684,-0.6137299398448474,0.14876079035235482,0.0,0.0,0.0,0.0,0.0,0.0,0.0,0.0,2.956242506465189e-11,6.824931059691107e-5,0.017126406174654253
7,0.01679443855772424,9,8,9,6.746693259756073,0.04494005577149606,-0.11330692541878563,-0.0007547430054350912,2.562108191251733,0.0,0.0,0.0,0.0,0.0,0.0,0.0,0.0,-0.6137299398267679,0.14876079039141418,-0.1420607643809069,-0.6245419281099702,-0.1420607643892416,-0.6245419280715089,0.6354106906946559,-0.13511091025266128,2.956242506465189e-11,6.824931059691107e-5,0.017126406174654253
7,0.01679443855772424,9,8,10,6.676163806548186,-0.001129575868419705,-0.1121224228503759,1.8970592518462734e-5,1.734770699781405,0.0,0.0,0.0,0.0,0.0,0.0,0.0,0.0,0.30793166075870204,-0.31407570469757856,0.31392853538720916,0.2991979382972156,0.3139285353801238,0.2991979382640435,-0.29058976327571967,0.31366166178496035,2.956242506465189e-11,6.824931059691107e-5,0.017126406174654253
7,0.01679443855772424,9,10,11,6.6761638065475015,-0.0011295758688836671,0.11212242285036439,-1.897059252625472e-5,1.734770699711605,-0.2905897632943731,0.3136616617431124,-0.3139285353442019,-0.2991979383152154,-0.31392853533940623,-0.29919793828329083,0.3079316607773116,-0.31407570465570944,0.0,0.0,0.0,0.0,0.0,0.0,0.0,0.0,2.956242506465189e-11,6.824931059691107e-5,0.017126406174654253
7,0.01679443855772424,9,8,12,2.0722510202215427,-0.0008265480873252337,-0.03480229243529207,1.3881411067588127e-5,0.875473473163602,0.0,0.0,0.0,0.0,0.0,0.0,0.0,0.0,0.15327163958228873,-0.16056269591716849,0.16042958980949631,0.14886544292012674,0.16042958980505698,0.14886544290879242,-0.14452340617072454,0.1602369246882196,2.956242506465189e-11,6.824931059691107e-5,0.017126406174654253
7,0.01679443855772424,9,10,13,2.072251020221442,-0.0008265480873063807,0.03480229243529038,-1.3881411067271503e-5,0.8754734731475166,-0.14452340616944562,0.1602369246839247,-0.16042958980501404,-0.1488654429188324,-0.1604295898009509,-0.14886544290751702,0.1532716395809995,-0.16056269591287475,0.0,0.0,0.0,0.0,0.0,0.0,0.0,0.0,2.956242506465189e-11,6.824931059691107e-5,0.017126406174654253
7,0.01679443855772424,9,10,14,6.940511858143014,0.08126196472980776,0.11656199996073935,0.0013647490737347108,0.021631225595949224,-0.0010239470099541311,-0.0053881154886116665,0.005297649065531259,-0.0010846016086796745,0.005297649065290189,-0.0010846016087742195,0.0011431370611900867,0.005207616059023502,0.0,0.0,0.0,0.0,0.0,0.0,0.0,0.0,2.956242506465189e-11,6.824931059691107e-5,0.017126406174654253
7,0.01679443855772424,9,8,15,6.940511858142667,0.08126196472971509,-0.11656199996073352,-0.0013647490737331543,0.021631225594030003,0.0,0.0,0.0,0.0,0.0,0.0,0.0,0.0,0.0011431370604799642,0.005207616058695644,-0.005297649065185561,0.0010846016079604109,-0.005297649064949599,0.001084601608061508,-0.0010239470092324138,-0.005388115488252922,2.956242506465189e-11,6.824931059691107e-5,0.017126406174654253
7,0.01679443855772424,9,8,16,10.156239107002085,0.05101045175567731,-0.17056833366010263,-0.0008566918978124792,0.011940713965970705,0.0,0.0,0.0,0.0,0.0,0.0,0.0,0.0,-0.00170817034973194,0.002396681206121177,-0.002406067782142649,-0.001766702443989378,-0.0024060677820831556,-0.001766702443868138,0.001826196823863476,-0.0024147474846696296,2.956242506465189e-11,6.824931059691107e-5,0.017126406174654253
7,0.01679443855772424,9,10,17,10.15623910700183,0.05101045175490637,0.17056833366009835,0.0008566918977995317,0.011940713965765652,0.0018261968238562241,-0.002414747484610284,0.0024060677820807925,0.0017667024439800925,0.0024060677820278813,0.0017667024438637181,-0.001708170349725477,0.002396681206063379,0.0,0.0,0.0,0.0,0.0,0.0,0.0,0.0,2.956242506465189e-11,6.824931059691107e-5,0.017126406174654253
7,0.01679443855772424,9,8,18,6.614296279291207,0.036705043388568184,-0.11108339246514022,-0.0006164405959479107,0.010617085945008283,0.0,0.0,0.0,0.0,0.0,0.0,0.0,0.0,0.001657423355346586,0.002121196655952183,-0.002068091284702699,0.0016635658101633324,-0.00206809128420981,0.001663565810128406,-0.0016688808953790996,-0.002015651173809442,2.956242506465189e-11,6.824931059691107e-5,0.017126406174654253
7,0.01679443855772424,9,10,19,6.614296279290815,0.03670504338791615,0.11108339246513364,0.0006164405959369602,0.010617085944836277,-0.001668880895090713,-0.002015651173985019,0.0020680912848923655,-0.001663565809888236,0.0020680912843729134,-0.0016635658098276013,0.0016574233550591304,0.0021211966561295293,0.0,0.0,0.0,0.0,0.0,0.0,0.0,0.0,2.956242506465189e-11,6.824931059691107e-5,0.017126406174654253
7,0.01679443855772424,9,10,20,6.651344993595708,0.0658256354585244,0.11170560482116984,0.0011055045902313423,0.008665973393017468,0.0015357719644815933,0.0015713869022604334,-0.0015277522084471765,0.0015359678883771564,-0.0015277522085323095,0.0015359678881306925,-0.0015355525882887995,-0.0014847317796292023,0.0,0.0,0.0,0.0,0.0,0.0,0.0,0.0,2.956242506465189e-11,6.824931059691107e-5,0.017126406174654253
7,0.01679443855772424,9,8,21,6.651344993596362,0.06582563545835639,-0.11170560482118083,-0.0011055045902285206,0.00866597339182789,0.0,0.0,0.0,0.0,0.0,0.0,0.0,0.0,-0.0015355525878767075,-0.0014847317796115958,0.0015277522084503768,-0.0015359678879740698,0.001527752208503753,-0.0015359678877198218,0.0015357719640797223,0.0015713869022531365,2.956242506465189e-11,6.824931059691107e-5,0.017126406174654253
7,0.01679443855772424,9,8,22,5.537499894046087,0.05917956506495464,-0.0929992017339615,-0.0009938875693562246,0.008488350605340115,0.0,0.0,0.0,0.0,0.0,0.0,0.0,0.0,-0.0015022636418389765,0.001456175032509072,-0.0014552164544091991,-0.001544393358779234,-0.0014552164543891123,-0.0015443933586971174,0.0015871050386442116,-0.0014536400025530049,2.956242506465189e-11,6.824931059691107e-5,0.017126406174654253
7,0.01679443855772424,9,10,23,5.537499894046249,0.05917956506497463,0.09299920173396421,0.0009938875693565603,0.008488350605301464,0.001587105038667751,-0.0014536400025136717,0.0014552164543712534,0.0015443933588030609,0.0014552164543484224,0.0015443933587208224,-0.0015022636418629775,0.0014561750324697848,0.0,0.0,0.0,0.0,0.0,0.0,0.0,0.0,2.956242506465189e-11,6.824931059691107e-5,0.017126406174654253
7,0.01679443855772424,9,8,24,10.378304972030277,0.035324076396929124,-0.17429780518608648,-0.0005932480306565833,0.003935606550053245,0.0,0.0,0.0,0.0,0.0,0.0,0.0,0.0,0.0005968885632417384,-0.0007996601835791281,0.0007966761127439399,0.0005772978600864249,0.0007966761127520045,0.0005772978600092011,-0.000558025781101884,0.0007934610590479685,2.956242506465189e-11,6.824931059691107e-5,0.017126406174654253
7,0.01679443855772424,9,10,25,10.378304972029682,0.03532407639700724,0.1742978051860765,0.0005932480306578952,0.003935606549909129,-0.0005580257808738487,0.0007934610591685293,-0.0007966761128394807,-0.0005772978598641058,-0.0007966761128975374,-0.0005772978597761106,0.0005968885630143226,-0.000799660183699539,0.0,0.0,0.0,0.0,0.0,0.0,0.0,0.0,2.956242506465189e-11,6.824931059691107e-5,0.017126406174654253
7,0.01679443855772424,9,10,26,11.180572733670644,0.036740960213913446,0.18777144181579858,0.0006170437988643603,0.002963985708929225,-0.0005335089712280141,0.0004990782950687553,-0.0004984824595681455,-0.0005482116812126898,-0.0004984824595988124,-0.0005482116812565081,0.0005631137403595693,-0.0004976672995560845,0.0,0.0,0.0,0.0,0.0,0.0,0.0,0.0,2.956242506465189e-11,6.824931059691107e-5,0.017126406174654253
7,0.01679443855772424,9,8,27,11.18057273367094,0.03674096021432717,-0.18777144181580355,-0.0006170437988713085,0.002963985708160616,0.0,0.0,0.0,0.0,0.0,0.0,0.0,0.0,0.000563113740316769,-0.0004976672993173869,0.000498482459340373,0.0005482116811710492,0.0004984824593493402,0.0005482116812126145,-0.0005335089711853714,0.0004990782948301913,2.956242506465189e-11,6.824931059691107e-5,0.017126406174654253
7,0.01679443855772424,9,10,28,5.792304200033692,0.03160181231548733,0.0972784969951139,0.0005307346952451851,0.002628469500656392,-0.00032995690264336447,0.0005575379575494701,-0.0005606885432729542,-0.0003426199521216291,-0.0005606885432445463,-0.0003426199521213304,0.00035550724959827155,-0.0005637020361375399,0.0,0.0,0.0,0.0,0.0,0.0,0.0,0.0,2.956242506465189e-11,6.824931059691107e-5,0.017126406174654253
7,0.01679443855772424,9,8,29,5.792304200034175,0.03160181231567698,-0.097278496995122,-0.0005307346952483702,0.00262846950063751,0.0,0.0,0.0,0.0,0.0,0.0,0.0,0.0,0.00035550724958712,-0.0005637020361388512,0.000560688543279685,0.0003426199521066103,0.0005606885432402711,0.00034261995211422796,-0.0003299569026323941,0.0005575379575506145,2.956242506465189e-11,6.824931059691107e-5,0.017126406174654253
7,0.01679443855772424,9,8,30,11.616517198609298,0.07722727946495234,-0.19509288434679076,-0.0012969887999543408,0.0024969552333788674,0.0,0.0,0.0,0.0,0.0,0.0,0.0,0.0,-0.0004328960570395204,0.0004374595719907324,-0.00043743566683066937,-0.000445292228318512,-0.00043743566682045006,-0.00044529222829616004,0.00045786333821144987,-0.00043723360978131835,2.956242506465189e-11,6.824931059691107e-5,0.017126406174654253
7,0.01679443855772424,9,10,31,11.616517198609696,0.07722727946381736,0.19509288434679745,0.0012969887999352795,0.002496955233207415,0.00045786333820787114,-0.0004372336097234474,0.0004374356667718173,0.0004452922283114338,0.00043743566676428914,0.00044529222829603997,-0.00043289605703591413,0.0004374595719335784,0.0,0.0,0.0,0.0,0.0,0.0,0.0,0.0,2.956242506465189e-11,6.824931059691107e-5,0.017126406174654253
7,0.01679443855772424,9,10,32,11.216904443360068,0.055653598102991905,0.18838161248187468,0.0009346709338569759,0.0024708596494548447,0.0005683765134929835,-0.00026348859445276445,0.0002676884394347708,0.0005566654863420934,0.0002676884394546464,0.0005566654864741763,-0.0005450614901613264,0.00027166559683612873,0.0,0.0,0.0,0.0,0.0,0.0,0.0,0.0,2.956242506465189e-11,6.824931059691107e-5,0.017126406174654253
7,0.01679443855772424,9,8,33,11.216904443360562,0.055653598102901713,-0.18838161248188298,-0.0009346709338554611,0.0024708596490021703,0.0,0.0,0.0,0.0,0.0,0.0,0.0,0.0,-0.0005450614901929176,0.0002716655965091997,-0.00026768843911697523,-0.0005566654863821852,-0.00026768843911824966,-0.0005566654864974424,0.0005683765135248808,-0.00026348859412550474,2.956242506465189e-11,6.824931059691107e-5,0.017126406174654253
7,0.01679443855772424,9,8,34,10.204339669406927,0.07886138774188242,-0.17137615560000272,-0.001324432731007912,0.0023311505382657724,0.0,0.0,0.0,0.0,0.0,0.0,0.0,0.0,-0.0005649206548452714,-0.00010489005629456941,0.00011447656573747972,-0.0005714040483169472,0.00011447656575302304,-0.0005714040482551415,0.0005778416053900724,0.00012429162764806802,2.956242506465189e-11,6.824931059691107e-5,0.017126406174654253
7,0.01679443855772424,9,10,35,10.204339669408203,0.0788613877419286,0.17137615560002414,0.0013244327310086876,0.002331150537930252,0.0005778416053041907,0.00012429162765003227,-0.00011447656573355459,0.0005714040482287352,-0.00011447656576030188,0.0005714040481715746,-0.0005649206547593678,-0.00010489005629600113,0.0,0.0,0.0,0.0,0.0,0.0,0.0,0.0,2.956242506465189e-11,6.824931059691107e-5,0.017126406174654253
7,0.01679443855772424,9,8,36,10.409991498710848,0.06218374753945987,-0.17482996261153103,-0.0010443411273404948,0.0021839792059374996,0.0,0.0,0.0,0.0,0.0,0.0,0.0,0.0,-0.00031592037410119406,0.00043584704307661324,-0.00043747826599695215,-0.00032663938172338347,-0.000437478266007407,-0.00032663938174174557,0.00033753335453210224,-0.0004389787981822397,2.956242506465189e-11,6.824931059691107e-5,0.017126406174654253
7,0.01679443855772424,9,10,37,10.409991498709708,0.062183747541075404,0.17482996261151187,0.0010443411273676267,0.00218397920579031,0.000337533354269151,-0.0004389787983328109,0.0004374782661251433,0.0003266393814617036,0.0004374782661793853,0.0003266393814784783,-0.0003159203738391402,0.000435847043226134,0.0,0.0,0.0,0.0,0.0,0.0,0.0,0.0,2.956242506465189e-11,6.824931059691107e-5,0.017126406174654253
7,0.01679443855772424,9,10,38,11.41213653311614,0.09234952017641146,0.19166042581777915,0.0015509583424380574,0.0012678939764533613,0.00011121388371826833,-0.00030162135967833656,0.0002989072123230582,0.0001054354277919829,0.00029890721232039917,0.00010543542778958397,-9.977652630858204e-5,0.00029615086688316027,0.0,0.0,0.0,0.0,0.0,0.0,0.0,0.0,2.956242506465189e-11,6.824931059691107e-5,0.017126406174654253
7,0.01679443855772424,9,8,39,11.41213653311619,0.0923495201761238,-0.19166042581777998,-0.0015509583424332262,0.0012678939764403658,0.0,0.0,0.0,0.0,0.0,0.0,0.0,0.0,-9.977652631977828e-5,0.00029615086687559487,-0.0002989072123167867,-0.00010543542780398109,-0.00029890721231177293,-0.00010543542780027158,0.00011121388372976854,-0.0003016213596710078,2.956242506465189e-11,6.824931059691107e-5,0.017126406174654253
7,0.01679443855772424,9,8,40,5.829082546697234,0.0784206209336898,-0.09789616867840943,-0.0013170302999294368,0.0009245980742080126,0.0,0.0,0.0,0.0,0.0,0.0,0.0,0.0,3.8592849828561254e-7,0.00022789212601246548,-0.0002311200505856411,-2.8775576021524053e-6,-0.00023112005057925115,-2.877557596204594e-6,6.233491482952663e-6,-0.00023434680563982064,2.956242506465189e-11,6.824931059691107e-5,0.017126406174654253
7,0.01679443855772424,9,10,41,5.829082546696915,0.07842062093363635,0.09789616867840407,0.0013170302999285389,0.000924598074172381,6.233491479973221e-6,-0.00023434680563107544,0.00023112005057612225,2.8775575986392108e-6,0.00023112005057103312,2.8775575930952107e-6,3.8592850191245854e-7,0.00022789212600346696,0.0,0.0,0.0,0.0,0.0,0.0,0.0,0.0,2.956242506465189e-11,6.824931059691107e-5,0.017126406174654253
7,0.01679443855772424,9,8,42,11.677700281051685,0.08681587578772894,-0.1961204198656416,-0.0014580238917520332,0.0007728925874368462,0.0,0.0,0.0,0.0,0.0,0.0,0.0,0.0,0.00010964859637587096,-0.00016241771413877772,0.0001616500870724088,0.0001058333650484933,0.00016165008705991646,0.00010583336502729416,-0.00010208278526550547,0.0001608401137171219,2.956242506465189e-11,6.824931059691107e-5,0.017126406174654253
7,0.01679443855772424,9,10,43,11.677700281051703,0.08681587578727284,0.1961204198656419,0.0014580238917443734,0.000772892587428115,-0.0001020827852488449,0.00016084011372565448,-0.00016165008708562923,-0.00010583336503264336,-0.00016165008706328152,-0.00010583336500985295,0.00010964859635923034,-0.0001624177141468167,0.0,0.0,0.0,0.0,0.0,0.0,0.0,0.0,2.956242506465189e-11,6.824931059691107e-5,0.017126406174654253
7,0.01679443855772424,9,10,44,10.52906658102853,0.07603810984645484,0.1768297617652713,0.0012770173638617724,0.0007611155352574652,5.4958832301640746e-5,-0.0001849877042630384,0.00018313832821094354,5.160219544655541e-5,0.0001831383282115849,5.160219544590918e-5,-4.8318809790970114e-5,0.0001812682966311202,0.0,0.0,0.0,0.0,0.0,0.0,0.0,0.0,2.956242506465189e-11,6.824931059691107e-5,0.017126406174654253
7,0.01679443855772424,9,8,45,10.529066581028138,0.07603810984828045,-0.1768297617652647,-0.0012770173638924325,0.0007611155351791814,0.0,0.0,0.0,0.0,0.0,0.0,0.0,0.0,-4.831880980862674e-5,0.00018126829660566486,-0.00018313832818661523,-5.160219546398473e-5,-0.0001831383281852956,-5.160219546376613e-5,5.4958832319284625e-5,-0.0001849877042378877,2.956242506465189e-11,6.824931059691107e-5,0.017126406174654253
7,0.01679443855772424,9,10,46,11.103068543685652,0.07288064337017539,0.18646980245912945,0.001223989487127823,0.0006585881160511727,0.00016588520072724573,-1.912028419128038e-5,2.1163068138862886e-5,0.00016327295690003342,2.1163068138489907e-5,0.00016327295690203518,-0.0001606691652398724,2.3140541212890122e-5,0.0,0.0,0.0,0.0,0.0,0.0,0.0,0.0,2.956242506465189e-11,6.824931059691107e-5,0.017126406174654253
7,0.01679443855772424,9,8,47,11.103068543686248,0.07288064337008915,-0.18646980245913947,-0.0012239894871263748,0.0006585881159908923,0.0,0.0,0.0,0.0,0.0,0.0,0.0,0.0,-0.00016066916522448346,2.3140541214552008e-5,-2.1163068140622255e-5,-0.0001632729568846031,-2.1163068140303594e-5,-0.00016327295688660964,0.0001658852007117805,-1.9120284193189964e-5,2.956242506465189e-11,6.824931059691107e-5,0.017126406174654253
7,0.01679443855772424,9,8,48,11.045412812703255,0.018290884252868955,-0.18550150682764488,-0.00030718513175125354,0.0004994379614244406,0.0,0.0,0.0,0.0,0.0,0.0,0.0,0.0,8.912694963061176e-5,-8.995488835666602e-5,8.992573043852164e-5,8.661233572266724e-5,8.99257304386368e-5,8.661233571421897e-5,-8.413368516800082e-5,8.986192039351082e-5,2.956242506465189e-11,6.824931059691107e-5,0.017126406174654253
7,0.01679443855772424,9,10,49,11.045412812702704,0.018290884253292256,0.18550150682763564,0.0003071851317583626,0.0004994379613800515,-8.413368516445871e-5,8.986192038160537e-5,-8.992573042697021e-5,-8.661233571958899e-5,-8.992573042638115e-5,-8.66123357100192e-5,8.912694962687796e-5,-8.995488834476572e-5,0.0,0.0,0.0,0.0,0.0,0.0,0.0,0.0,2.956242506465189e-11,6.824931059691107e-5,0.017126406174654253
7,0.01679443855772424,9,10,50,11.667205690049322,0.0780760172000945,0.195944169101864,0.001311242873698808,0.0002986154843336661,1.609631118561811e-5,-7.398247699259525e-5,7.316081188647562e-5,1.483707784659106e-5,7.316081186610773e-5,1.4837077823947053e-5,-1.360710762154518e-5,7.23332060760348e-5,0.0,0.0,0.0,0.0,0.0,0.0,0.0,0.0,2.956242506465189e-11,6.824931059691107e-5,0.017126406174654253
7,0.01679443855772424,9,8,51,11.667205690049364,0.07807601719953527,-0.19594416910186468,-0.0013112428736894162,0.0002986154840404361,0.0,0.0,0.0,0.0,0.0,0.0,0.0,0.0,-1.3607107665493612e-5,7.233320599252252e-5,-7.316081179737074e-5,-1.4837077890112046e-5,-7.316081178763584e-5,-1.483707786898746e-5,1.6096311230266686e-5,-7.398247690853074e-5,2.956242506465189e-11,6.824931059691107e-5,0.017126406174654253
7,0.01679443855772424,9,8,52,10.199313400296607,0.06415811249622737,-0.17129174223225485,-0.0010774994782974502,0.0002763356243191958,0.0,0.0,0.0,0.0,0.0,0.0,0.0,0.0,2.4735015235659088e-5,-6.555287155346586e-5,6.49708618322374e-5,2.3471174745518002e-5,6.497086179706468e-5,2.3471174708896153e-5,-2.223332068479569e-5,6.437945840860699e-5,2.956242506465189e-11,6.824931059691107e-5,0.017126406174654253
7,0.01679443855772424,9,10,53,10.19931340029698,0.06415811249672934,0.17129174223226112,0.0010774994783058806,0.0002763356240985111,-2.2233320658526596e-5,6.437945835954567e-5,-6.497086178600026e-5,-2.3471174719205733e-5,-6.497086174496821e-5,-2.3471174682639982e-5,2.473501520937603e-5,-6.555287150418009e-5,0.0,0.0,0.0,0.0,0.0,0.0,0.0,0.0,2.956242506465189e-11,6.824931059691107e-5,0.017126406174654253
7,0.01679443855772424,9,8,54,10.336730017492272,0.07077724513528846,-0.17359957716655777,-0.001188664094709589,0.00012061460682202781,0.0,0.0,0.0,0.0,0.0,0.0,0.0,0.0,-2.557341051144644e-5,1.5159159787551233e-5,-1.5006678350256428e-5,-2.615246474618958e-5,-1.5006678349839935e-5,-2.615246474468841e-5,2.6737519558324577e-5,-1.4843734726513264e-5,2.956242506465189e-11,6.824931059691107e-5,0.017126406174654253
7,0.01679443855772424,9,10,55,10.336730017491384,0.0707772451347623,0.17359957716654284,0.0011886640947007523,0.00012061460681819493,2.673751955756491e-5,-1.4843734726037058e-5,1.5006678349732841e-5,2.615246474538044e-5,1.5006678349082076e-5,2.615246474402219e-5,-2.55734105107349e-5,1.5159159786750964e-5,0.0,0.0,0.0,0.0,0.0,0.0,0.0,0.0,2.956242506465189e-11,6.824931059691107e-5,0.017126406174654253
7,0.01679443855772424,9,10,56,10.892058734574071,0.06856984472354184,0.18292601118492788,0.001151592044122215,2.357733177782175e-6,-5.883793520041155e-7,-1.0569727767989669e-7,9.599819985878451e-8,-5.815335062414163e-7,9.599819982225378e-8,-5.81533506246964e-7,5.746492146820837e-7,8.653172771370844e-8,0.0,0.0,0.0,0.0,0.0,0.0,0.0,0.0,2.956242506465189e-11,6.824931059691107e-5,0.017126406174654253
7,0.01679443855772424,9,8,57,10.89205873457343,0.06856984472371014,-0.1829260111849171,-0.0011515920441250416,2.357733175535151e-6,0.0,0.0,0.0,0.0,0.0,0.0,0.0,0.0,5.746492141867508e-7,8.653172730812326e-8,-9.599819942908062e-8,5.815335057474643e-7,-9.599819941980935e-8,5.815335057396771e-7,-5.883793514981936e-7,-1.056972772530838e-7,2.956242506465189e-11,6.824931059691107e-5,0.017126406174654253
7,0.01679443855772424,9,10,58,10.855213661594306,0.031862899854912585,0.18230721887061432,0.0005351195138842501,8.566382790473502e-7,-1.3685256693725048e-8,2.1069793002931465e-7,-2.1348088841424988e-7,-1.690107108119411e-8,-2.1348088841536232e-7,-1.6901070982143056e-8,2.020227636931829e-8,-2.1625706929313252e-7,0.0,0.0,0.0,0.0,0.0,0.0,0.0,0.0,2.956242506465189e-11,6.824931059691107e-5,0.017126406174654253
7,0.01679443855772424,9,8,59,10.855213661593975,0.031862899854239284,-0.1823072188706088,-0.0005351195138729423,8.566382780584238e-7,0.0,0.0,0.0,0.0,0.0,0.0,0.0,0.0,2.0202276379479495e-8,-2.1625706904305666e-7,2.1348088815488683e-7,1.690107108698816e-8,2.134808881765284e-7,1.6901071003802165e-8,-1.3685256710987474e-8,2.106979297812707e-7,2.956242506465189e-11,6.824931059691107e-5,0.017126406174654253
7,0.01679443855772424,9,8,60,11.501632440612951,0.08665050759810261,-0.19316345933740212,-0.0014552466258519517,1.1381575130680437e-13,0.0,0.0,0.0,0.0,0.0,0.0,0.0,0.0,-3.550168799636568e-15,2.7827453788623983e-14,-2.8170010434743614e-14,-3.999543921997041e-15,-2.817000658967974e-14,-3.999519508266822e-15,4.4601622929992096e-15,-2.8510961178062933e-14,2.956242506465189e-11,6.824931059691107e-5,0.017126406174654253
7,0.01679443855772424,9,10,61,11.501632440613047,0.08665050759703743,0.19316345933740373,0.0014552466258340626,1.138154250610113e-13,4.460292423510811e-15,-2.85108552890258e-14,2.816990470404225e-14,3.9996536079632254e-15,2.8169910661479567e-14,3.999669952999995e-15,-3.5502987016045174e-15,2.7827357925752392e-14,0.0,0.0,0.0,0.0,0.0,0.0,0.0,0.0,2.956242506465189e-11,6.824931059691107e-5,0.017126406174654253
7,0.01679443855772424,9,8,62,10.501455058310146,0.05735558295039084,-0.17636604174349219,-0.0009632548138027949,1.5329023829486852e-14,0.0,0.0,0.0,0.0,0.0,0.0,0.0,0.0,1.1574746500666481e-15,3.596592833310906e-15,-3.664051808436408e-15,1.122252416609106e-15,-3.664049853685171e-15,1.1222510668748564e-15,-1.085563172150318e-15,-3.7319574373971105e-15,2.956242506465189e-11,6.824931059691107e-5,0.017126406174654253
7,0.01679443855772424,9,10,63,10.501455058310082,0.05735558295068881,0.1763660417434911,0.0009632548138077991,1.5328924377489672e-14,-1.0855898771024269e-15,-3.731923937237783e-15,3.664015223840723e-15,-1.1222778795379464e-15,3.6640182062374974e-15,-1.1222785630050576e-15,1.1575008800161401e-15,3.596558114783204e-15,0.0,0.0,0.0,0.0,0.0,0.0,0.0,0.0,2.956242506465189e-11,6.824931059691107e-5,0.017126406174654253
7,0.01679443855772424,9,8,64,10.666695254547282,0.07903000399499736,-0.17914115806646305,-0.0013272645463106845,1.1431417486987388e-14,0.0,0.0,0.0,0.0,0.0,0.0,0.0,0.0,-2.6040540632864176e-15,1.0759603602089813e-15,-1.0538225993580693e-15,-2.6563053500156254e-15,-1.0538190399330675e-15,-2.656312369353162e-15,2.7089849525413584e-15,-1.0306186695590816e-15,2.956242506465189e-11,6.824931059691107e-5,0.017126406174654253
7,0.01679443855772424,9,10,65,10.666695254547289,0.07903000399418053,0.17914115806646316,0.0013272645462969663,1.1431386782939415e-14,2.7089763710341595e-15,-1.030622720333606e-15,1.0538232920780324e-15,2.6563036060141023e-15,1.0538252421762238e-15,2.6562948445499008e-15,-2.6040434210363394e-15,1.075963188688446e-15,0.0,0.0,0.0,0.0,0.0,0.0,0.0,0.0,2.956242506465189e-11,6.824931059691107e-5,0.017126406174654253
7,0.01679443855772424,9,10,66,10.456721221115501,0.023202913329089688,0.17561476206327548,0.00038967990226559756,3.620959062602421e-15,-8.040302633590093e-16,-3.8737968188800906e-16,4.043939385351952e-16,-8.098427872144156e-16,4.043892827781616e-16,-8.098417838927014e-16,8.154924454498289e-16,4.2172746949402995e-16,0.0,0.0,0.0,0.0,0.0,0.0,0.0,0.0,2.956242506465189e-11,6.824931059691107e-5,0.017126406174654253
7,0.01679443855772424,9,8,67,10.456721221115718,0.023202913328685966,-0.1756147620632791,-0.0003896799022588173,3.620946906967556e-15,0.0,0.0,0.0,0.0,0.0,0.0,0.0,0.0,8.155027470969856e-16,4.217003256957244e-16,-4.0436616946629014e-16,8.098535873263893e-16,-4.0436418745737337e-16,8.098505910524895e-16,-8.040395921467611e-16,-3.8735395115041376e-16,2.956242506465189e-11,6.824931059691107e-5,0.017126406174654253
7,0.01679443855772424,9,10,68,6.194060244243842,0.0710029730102734,0.10402576419479562,0.0011924550676367892,3.499758477613555e-15,8.669821063131395e-16,-1.8905587509729397e-16,1.9847297622031778e-16,8.520893626854175e-16,1.9847101297221195e-16,8.5208394979963e-16,-8.3727052888116e-16,2.075472638019182e-16,0.0,0.0,0.0,0.0,0.0,0.0,0.0,0.0,2.956242506465189e-11,6.824931059691107e-5,0.017126406174654253
7,0.01679443855772424,9,8,69,6.194060244244096,0.07100297301044435,-0.10402576419479988,-0.0011924550676396602,3.4996483787942276e-15,0.0,0.0,0.0,0.0,0.0,0.0,0.0,0.0,-8.37236331148392e-16,2.0757283350749636e-16,-1.9849729542830647e-16,-8.52051499196709e-16,-1.9849787688849853e-16,-8.520533714465468e-16,8.669478516107821e-16,-1.8908147607939136e-16,2.956242506465189e-11,6.824931059691107e-5,0.017126406174654253
7,0.01679443855772424,9,10,70,11.310717830536156,0.040010290932044786,0.18995715564869547,0.0006719503727348975,1.7520489179753904e-15,-4.2110764952386124e-16,-9.567649324756277e-17,1.0306985861427227e-16,-4.2569072822664846e-16,1.0307068156677758e-16,-4.256894417432023e-16,4.3023125700442596e-16,1.1063433819367037e-16,0.0,0.0,0.0,0.0,0.0,0.0,0.0,0.0,2.956242506465189e-11,6.824931059691107e-5,0.017126406174654253
7,0.01679443855772424,9,8,71,11.310717830536314,0.04001029093184613,-0.18995715564869814,-0.0006719503727315612,1.7519621367477176e-15,0.0,0.0,0.0,0.0,0.0,0.0,0.0,0.0,4.302150957377717e-16,1.1060989039843323e-16,-1.0304694297358508e-16,4.256728909803405e-16,-1.0304588469437907e-16,4.256741845684631e-16,-4.210907342302442e-16,-9.565322907245638e-17,2.956242506465189e-11,6.824931059691107e-5,0.017126406174654253
7,0.01679443855772424,9,8,72,11.343561630111171,0.062111624754818996,-0.1905087488226603,-0.0010431298656652316,1.3947201789281136e-15,0.0,0.0,0.0,0.0,0.0,0.0,0.0,0.0,9.518369811056974e-17,-3.3032672995912185e-16,3.3363281752630096e-16,1.012681929803867e-16,3.336316166548203e-16,1.0126735803473445e-16,-1.0748529503119891e-16,3.3689717393343844e-16,2.956242506465189e-11,6.824931059691107e-5,0.017126406174654253
7,0.01679443855772424,9,10,73,11.343561630110862,0.06211162475597521,0.1905087488226551,0.0010431298656846495,1.3946352463063534e-15,-1.074858074682416e-16,3.368747254353964e-16,-3.336097177852572e-16,-1.0126789542603737e-16,-3.3361010195447916e-16,-1.0126842192710636e-16,9.518396057818057e-17,-3.3030455674176285e-16,0.0,0.0,0.0,0.0,0.0,0.0,0.0,0.0,2.956242506465189e-11,6.824931059691107e-5,0.017126406174654253
7,0.01679443855772424,9,8,74,6.821639385796214,0.14401984218414712,-0.11456560352770624,-0.0024187323906548004,3.2765656593927265e-20,0.0,0.0,0.0,0.0,0.0,0.0,0.0,0.0,-2.310825860830829e-21,-7.633369515858804e-21,7.908339527420154e-21,-2.272061876393905e-21,7.851254934702393e-21,-2.193030689765771e-21,2.147355454572953e-21,8.131383225173385e-21,2.956242506465189e-11,6.824931059691107e-5,0.017126406174654253
7,0.01679443855772424,9,10,75,6.82163938579701,0.1440198421864997,0.1145656035277196,0.002418732390694311,2.781280349097499e-20,9.824157226798903e-22,7.076860070591046e-21,-6.893279161792293e-21,1.0970386955332006e-21,-6.83978290474295e-21,1.0755277038567176e-21,-1.183381409753595e-21,-6.659904179528544e-21,0.0,0.0,0.0,0.0,0.0,0.0,0.0,0.0,2.956242506465189e-11,6.824931059691107e-5,0.017126406174654253
7,0.01679443855772424,9,8,76,10.199765805014776,0.06509463466577523,-0.17129934011549738,-0.0010932278423318683,4.7105844115173714e-21,0.0,0.0,0.0,0.0,0.0,0.0,0.0,0.0,-9.31043570520907e-22,6.217695726582219e-22,-7.968886834532511e-22,-9.287818207640499e-22,-6.430648502449812e-22,-9.303545731874835e-22,9.252402134962389e-22,-8.1990766648345565e-22,2.956242506465189e-11,6.824931059691107e-5,0.017126406174654253
7,0.01679443855772424,9,10,77,10.199765805014696,0.06509463466671989,0.17129934011549602,0.0010932278423477334,4.091053525157247e-21,4.41471817895951e-22,-1.0325982536696821e-21,1.0181199394507812e-21,4.497146059662348e-22,8.0633047346208e-22,4.667061527421804e-22,-4.720487770522205e-22,7.935833593216639e-22,0.0,0.0,0.0,0.0,0.0,0.0,0.0,0.0,2.956242506465189e-11,6.824931059691107e-5,0.017126406174654253
7,0.01679443855772424,9,10,78,11.656585305292195,0.0662565283297922,0.19576580570260102,0.0011127411940828106,3.2228063478827653e-21,-7.418100983821382e-22,-3.4169425412221264e-22,3.2726148762399017e-22,-7.366114366078768e-22,3.2750544761691035e-22,-7.356857678185189e-22,7.303778383502711e-22,3.1334160436820365e-22,0.0,0.0,0.0,0.0,0.0,0.0,0.0,0.0,2.956242506465189e-11,6.824931059691107e-5,0.017126406174654253
7,0.01679443855772424,9,10,79,10.442421347968839,0.09947950694590313,0.1753746037223306,0.0016707024671556718,2.7464330166526023e-21,3.5557090519310798e-22,5.987809673496977e-22,-5.819743204135393e-22,3.5705822919609416e-22,-5.888238265897657e-22,3.6043266957798396e-22,-3.616834295572416e-22,-5.721441039388971e-22,0.0,0.0,0.0,0.0,0.0,0.0,0.0,0.0,2.956242506465189e-11,6.824931059691107e-5,0.017126406174654253
8,0.009696273622190719,10,11,0,2.8434956261227615,0.10149038712678657,0.027571311634388817,0.000984078563603385,41.864454310708055,7.49218604625099,-7.519150758390195,7.5173025257468735,7.281397164760201,7.517302525754267,7.281397164405958,-7.073614621292366,7.512541132976934,0.0,0.0,0.0,0.0,0.0,0.0,0.0,0.0,3.213019065289567e-9,0.00010361936244420233,0.011739803523716936
8,0.009696273622190719,10,9,1,2.8434956261232585,0.10149038712728853,-0.027571311634393633,-0.0009840785636082523,41.86445430975275,0.0,0.0,0.0,0.0,0.0,0.0,0.0,0.0,-7.073614621199368,7.512541132734435,-7.517302525421316,-7.281397164589645,-7.517302525595301,-7.281397164390131,7.492186046157706,-7.519150758148145,3.213019065289567e-9,0.00010361936244420233,0.011739803523716936
8,0.009696273622190719,10,9,2,4.74355501655587,0.14109466066956233,-0.04599480738244115,-0.0013680924364822275,29.226750888674545,0.0,0.0,0.0,0.0,0.0,0.0,0.0,0.0,-4.744241628324278,5.420877588909695,-5.429476037601496,-4.88908354001554,-5.429476037475462,-4.88908353970303,5.03609685059514,-5.436118418470841,3.213019065289567e-9,0.00010361936244420233,0.011739803523716936
8,0.009696273622190719,10,11,3,4.743555016554847,0.14109466066915682,0.045994807382431224,0.0013680924364782956,29.22675088851469,5.0360968505516475,-5.436118418456127,5.429476037577055,4.8890835399643375,5.429476037470642,4.8890835396672845,-4.7442416282808235,5.420877588895129,0.0,0.0,0.0,0.0,0.0,0.0,0.0,0.0,3.213019065289567e-9,0.00010361936244420233,0.011739803523716936
8,0.009696273622190719,10,11,4,3.9410474484104503,0.1145871753059518,0.038213474417824286,0.0011110686053604443,5.23894566637902,1.30565432799075,0.2443511019512577,-0.22268958530594357,1.2905995998994755,-0.22268958527142135,1.2905995998569524,-1.2754556926870122,-0.20154429063021212,0.0,0.0,0.0,0.0,0.0,0.0,0.0,0.0,3.213019065289567e-9,0.00010361936244420233,0.011739803523716936
8,0.009696273622190719,10,9,5,3.9410474484102456,0.11458717530588827,-0.0382134744178223,-0.0011110686053598282,5.2389456663697285,0.0,0.0,0.0,0.0,0.0,0.0,0.0,0.0,-1.275455692685461,-0.20154429062545198,0.22268958530090172,-1.2905995998980522,0.22268958526691046,-1.2905995998553104,1.3056543279892352,0.2443511019464656,3.213019065289567e-9,0.00010361936244420233,0.011739803523716936
8,0.009696273622190719,10,11,6,0.277322252682486,0.238137314349143,0.0026889924435316986,0.002309044559582935,2.9409910405085173,0.499107746906549,-0.5540146930552626,0.5531405819099605,0.48432501346973,0.5531405818993264,0.48432501344018614,-0.4697634974812202,0.5520726965050822,0.0,0.0,0.0,0.0,0.0,0.0,0.0,0.0,3.213019065289567e-9,0.00010361936244420233,0.011739803523716936
8,0.009696273622190719,10,9,7,0.2773222526824664,0.2381373143491778,-0.0026889924435315083,-0.002309044559583272,2.9409910405056543,0.0,0.0,0.0,0.0,0.0,0.0,0.0,0.0,-0.469763497480242,0.5520726965049643,-0.5531405819097814,-0.4843250134687783,-0.5531405818992967,-0.48432501343920265,0.49910774690559273,-0.5540146930551718,3.213019065289567e-9,0.00010361936244420233,0.011739803523716936
8,0.009696273622190719,10,9,8,11.697956062820207,0.06943903630822379,-0.11342658280546958,-0.0006732998961057739,2.7776728686965715,0.0,0.0,0.0,0.0,0.0,0.0,0.0,0.0,-0.6465924951768327,0.22503550436624653,-0.21894261189703768,-0.6589632632001848,-0.21894261190559214,-0.6589632631595548,0.671421555506956,-0.21258611662629745,3.213019065289567e-9,0.00010361936244420233,0.011739803523716936
8,0.009696273622190719,10,11,9,11.697956062822291,0.06943903629352938,0.11342658280548978,0.0006732998959632928,2.7776728686860976,0.6714215555133597,-0.21258611659907492,0.21894261186888023,0.6589632632057008,0.21894261187901515,0.6589632631666982,-0.6465924951831055,0.22503550433873934,0.0,0.0,0.0,0.0,0.0,0.0,0.0,0.0,3.213019065289567e-9,0.00010361936244420233,0.011739803523716936
8,0.009696273622190719,10,9,10,11.566308143144923,-0.0043417749836207,-0.11215008855450583,4.209903824716894e-5,1.7445328888136191,0.0,0.0,0.0,0.0,0.0,0.0,0.0,0.0,0.31212793740343026,-0.3134088941126845,0.3133296674962423,0.30334417754259,0.3133296674914415,0.3033441775084107,-0.29468572524189907,0.31312907814250596,3.213019065289567e-9,0.00010361936244420233,0.011739803523716936
8,0.009696273622190719,10,11,11,11.566308143143234,-0.004341774981886264,0.11215008855448945,-4.2099038230351364e-5,1.7445328887287754,-0.2946857252502581,0.31312907810493507,-0.3133296674577219,-0.3033441775501059,-0.3133296674549198,-0.30334417751740617,0.31212793741159645,-0.31340889407522093,0.0,0.0,0.0,0.0,0.0,0.0,0.0,0.0,3.213019065289567e-9,0.00010361936244420233,0.011739803523716936
8,0.009696273622190719,10,9,12,0.03208070630431614,-0.007027477000813749,-0.0003110633063197881,6.81403398735423e-5,0.9269764151134717,0.0,0.0,0.0,0.0,0.0,0.0,0.0,0.0,0.09026194160284284,-0.21700958543897306,0.2151996938786422,0.08595959555541546,0.21519969387210267,0.08595959554729646,-0.08174332249719628,0.21335540125892744,3.213019065289567e-9,0.00010361936244420233,0.011739803523716936
8,0.009696273622190719,10,11,13,0.03208070630427862,-0.0070274770007931545,0.00031106330631942424,-6.814033987334261e-5,0.9269764151106407,-0.08174332249699613,0.2133554012582451,-0.21519969387783142,-0.08595959555524332,-0.21519969387155377,-0.08595959554705629,0.09026194160263085,-0.21700958543829585,0.0,0.0,0.0,0.0,0.0,0.0,0.0,0.0,3.213019065289567e-9,0.00010361936244420233,0.011739803523716936
8,0.009696273622190719,10,11,14,2.845167836390813,0.1031114600153604,0.02758752584270168,0.000999796929892512,0.9133099926119153,0.17804726140051405,0.13774532069147682,-0.14224699146552067,0.17858899085812605,-0.14224699158652634,0.17858899078624432,-0.17907380716254784,-0.14682008657463474,0.0,0.0,0.0,0.0,0.0,0.0,0.0,0.0,3.213019065289567e-9,0.00010361936244420233,0.011739803523716936
8,0.009696273622190719,10,9,15,2.845167836391623,0.10311146001581734,-0.027587525842709536,-0.0009997969298969427,0.9133099923193634,0.0,0.0,0.0,0.0,0.0,0.0,0.0,0.0,-0.1790738072535442,-0.14682008634298058,0.14224699114970718,-0.1785889910271043,0.14224699143906186,-0.17858899079931476,0.17804726149147415,0.13774532045981722,3.213019065289567e-9,0.00010361936244420233,0.011739803523716936
8,0.009696273622190719,10,9,16,3.7955491387359896,-0.0027343575417129286,-0.03680268299565448,2.6513078905349328e-5,0.7853096487896711,0.0,0.0,0.0,0.0,0.0,0.0,0.0,0.0,0.13375485505925602,-0.14749847413346515,0.1472779497750693,0.12980679764161893,0.14727794977147138,0.12980679763152353,-0.12591764100687283,0.14700549091385032,3.213019065289567e-9,0.00010361936244420233,0.011739803523716936
8,0.009696273622190719,10,11,17,3.795549138735872,-0.002734357541748689,0.03680268299565334,-2.6513078905696073e-5,0.7853096487749514,-0.12591764100553307,0.1470054909101284,-0.14727794977120875,-0.12980679764021522,-0.14727794976789174,-0.12980679763023686,0.13375485505790682,-0.1474984741297465,0.0,0.0,0.0,0.0,0.0,0.0,0.0,0.0,3.213019065289567e-9,0.00010361936244420233,0.011739803523716936
8,0.009696273622190719,10,11,18,4.730298203615869,0.12841604530629366,0.0458662656968167,0.0012451571127694635,0.6730740250137996,0.1297393842290576,0.103390841138861,-0.10671379995041799,0.13009083098588092,-0.10671379993398682,0.13009083098664845,-0.13039958181793018,-0.11008878653869689,0.0,0.0,0.0,0.0,0.0,0.0,0.0,0.0,3.213019065289567e-9,0.00010361936244420233,0.011739803523716936
8,0.009696273622190719,10,9,19,4.730298203616689,0.12841604530674547,-0.04586626569682465,-0.0012451571127738443,0.6730740249171585,0.0,0.0,0.0,0.0,0.0,0.0,0.0,0.0,-0.1303995817748318,-0.11008878655313571,0.1067137999742923,-0.1300908309344982,0.10671379993897187,-0.1300908309518468,0.1297393841859771,0.10339084115329857,3.213019065289567e-9,0.00010361936244420233,0.011739803523716936
8,0.009696273622190719,10,11,20,3.958101963647001,0.10665627361989452,0.03837883966405171,0.001034168412541739,0.06469951988503017,-0.00860654869446496,0.013425087822452646,-0.013491463671904708,-0.008920817971744524,-0.01349146367145048,-0.008920817972589512,0.009240483121465618,-0.01355427011453917,0.0,0.0,0.0,0.0,0.0,0.0,0.0,0.0,3.213019065289567e-9,0.00010361936244420233,0.011739803523716936
8,0.009696273622190719,10,9,21,3.958101963646852,0.10665627361990257,-0.038378839664050264,-0.0010341684125418171,0.06469951988497352,0.0,0.0,0.0,0.0,0.0,0.0,0.0,0.0,0.009240483120910125,-0.013554270114888613,0.013491463672165515,0.00892081797110186,0.01349146367188846,0.00892081797212426,-0.008606548693912364,0.013425087822801815,3.213019065289567e-9,0.00010361936244420233,0.011739803523716936
8,0.009696273622190719,10,9,22,6.414380190202939,0.08581158349971446,-0.06219558544096745,-0.0008320525935666976,0.04880146769048413,0.0,0.0,0.0,0.0,0.0,0.0,0.0,0.0,-0.0076349689665229994,0.009294674522814614,-0.009316583024458897,-0.00787625242423265,-0.009316583024477828,-0.0078762524240082,0.008121261884677435,-0.009335340279951199,3.213019065289567e-9,0.00010361936244420233,0.011739803523716936
8,0.009696273622190719,10,11,23,6.414380190202905,0.08581158349970813,0.06219558544096712,0.0008320525935666363,0.04880146769018735,0.008121261884678184,-0.009335340279851891,0.009316583024358336,0.007876252424238714,0.009316583024381013,0.007876252424005754,-0.007634968966525859,0.00929467452271656,0.0,0.0,0.0,0.0,0.0,0.0,0.0,0.0,3.213019065289567e-9,0.00010361936244420233,0.011739803523716936
8,0.009696273622190719,10,11,24,11.73268588206295,0.0745210301898383,0.11376333263569643,0.0007225762993282074,0.02780386801974895,-0.0014224558876247744,0.006703770632096291,-0.00677815770201087,-0.0015387299819441475,-0.006778157702487462,-0.001538729983642159,0.0016577152178623169,-0.006851928738185795,0.0,0.0,0.0,0.0,0.0,0.0,0.0,0.0,3.213019065289567e-9,0.00010361936244420233,0.011739803523716936
8,0.009696273622190719,10,9,25,11.732685882053476,0.07452103018900794,-0.11376333263560456,-0.000722576299320156,0.02780386800191368,0.0,0.0,0.0,0.0,0.0,0.0,0.0,0.0,0.0016577152165593366,-0.006851928733950637,0.00677815769754803,0.0015387299807749291,0.006778157698363915,0.0015387299823484343,-0.0014224558864660852,0.006703770627748204,3.213019065289567e-9,0.00010361936244420233,0.011739803523716936
8,0.009696273622190719,10,9,26,4.0541366108355845,0.23139084750182126,-0.03931001788040276,-0.002243628971048265,0.012086782891755368,0.0,0.0,0.0,0.0,0.0,0.0,0.0,0.0,0.0022829539346197504,0.0019139656005434265,-0.0019737763011296937,0.002287780430124683,-0.001973776300997319,0.002287780430060873,-0.002291817232054152,-0.0020345019558168707,3.213019065289567e-9,0.00010361936244420233,0.011739803523716936
8,0.009696273622190719,10,11,27,4.054136610835865,0.23139084750160546,0.03931001788040548,0.0022436289710461724,0.012086782891660354,-0.002291817232035037,-0.002034501955802893,0.0019737763011148947,-0.0022877804301010434,0.00197377630098503,-0.0022877804300451324,0.0022829539345995084,0.0019139656005303276,0.0,0.0,0.0,0.0,0.0,0.0,0.0,0.0,3.213019065289567e-9,0.00010361936244420233,0.011739803523716936
8,0.009696273622190719,10,9,28,6.453214005748851,0.12338656295553246,-0.0625721287422943,-0.001196389875718504,0.010056716719653006,0.0,0.0,0.0,0.0,0.0,0.0,0.0,0.0,0.0004973886484952733,-0.002500875071680918,0.0024724482782530234,0.00045548270250697815,0.002472448278341122,0.0004554827027203746,-0.00041456569956508163,0.002443839094043663,3.213019065289567e-9,0.00010361936244420233,0.011739803523716936
8,0.009696273622190719,10,11,29,6.4532140057488405,0.12338656295545428,0.06257212874229419,0.0011963898757177459,0.010056716719549998,-0.000414565699699995,0.002443839093992357,-0.0024724482781929348,-0.0004554827026658053,-0.0024724482782990664,-0.0004554827028315369,0.0004973886486303801,-0.002500875071630138,0.0,0.0,0.0,0.0,0.0,0.0,0.0,0.0,3.213019065289567e-9,0.00010361936244420233,0.011739803523716936
8,0.009696273622190719,10,9,30,8.210555138923619,0.05335338280885751,-0.07961178921708754,-0.0005173289983841688,0.009141039393907341,0.0,0.0,0.0,0.0,0.0,0.0,0.0,0.0,0.0012846090663129427,-0.001929109455252825,0.0019197446620086783,0.0012395446277687142,0.0019197446619351151,0.0012395446276909122,-0.0011952479878169844,0.0019098838972798897,3.213019065289567e-9,0.00010361936244420233,0.011739803523716936
8,0.009696273622190719,10,11,31,8.210555138923315,0.0533533828085082,0.07961178921708459,0.0005173289983807819,0.009141039393653589,-0.0011952479878022317,0.0019098838972138028,-0.0019197446619390417,-0.0012395446277557996,-0.001919744661872926,-0.0012395446276740674,0.0012846090662979644,-0.0019291094551870886,0.0,0.0,0.0,0.0,0.0,0.0,0.0,0.0,3.213019065289567e-9,0.00010361936244420233,0.011739803523716936
8,0.009696273622190719,10,9,32,6.89245660013766,0.05502088924442348,-0.06683114512400912,-0.0005334975970501804,0.008180860702153656,0.0,0.0,0.0,0.0,0.0,0.0,0.0,0.0,0.0012171327338261102,-0.0016795988087361631,0.0016728212021951854,0.0011765016547010227,0.0016728212021126939,0.001176501654670072,-0.0011365396098787846,0.0016655728611026813,3.213019065289567e-9,0.00010361936244420233,0.011739803523716936
8,0.009696273622190719,10,11,33,6.892456600137043,0.055020889244320435,0.06683114512400314,0.0005334975970491813,0.008180860701975313,-0.0011365396099582133,0.001665572860992429,-0.0016728212020699121,-0.001176501654803707,-0.0016728212020172455,-0.0011765016547261662,0.0012171327339055012,-0.0016795988086257235,0.0,0.0,0.0,0.0,0.0,0.0,0.0,0.0,3.213019065289567e-9,0.00010361936244420233,0.011739803523716936
8,0.009696273622190719,10,9,34,8.709766395432958,0.11109934074773647,-0.08445227815547973,-0.0010772496071350557,0.007573728589452953,0.0,0.0,0.0,0.0,0.0,0.0,0.0,0.0,-0.0010576140271443039,0.0015382511930625196,-0.0015448313378705087,-0.0010946337316265144,-0.0015448313378513643,-0.0010946337315798128,0.0011322712810017052,-0.0015509735055975547,3.213019065289567e-9,0.00010361936244420233,0.011739803523716936
8,0.009696273622190719,10,11,35,8.70976639543299,0.1110993407477869,0.08445227815548004,0.0010772496071355447,0.00757372858934703,0.0011322712809897551,-0.0015509735055737085,0.001544831337847554,0.0010946337316090657,0.0015448313378265684,0.0010946337315730368,-0.0010576140271320441,0.001538251193038607,0.0,0.0,0.0,0.0,0.0,0.0,0.0,0.0,3.213019065289567e-9,0.00010361936244420233,0.011739803523716936
8,0.009696273622190719,10,11,36,12.050729268645746,0.10667641547950635,0.1168471683357314,0.0010343637135237951,0.00701213387426467,0.0016471431093473027,-0.0006692417138519364,0.0006827467860404504,0.00161452033887319,0.0006827467860286685,0.0016145203388399187,-0.0015821705379075912,0.0006956059954876565,0.0,0.0,0.0,0.0,0.0,0.0,0.0,0.0,3.213019065289567e-9,0.00010361936244420233,0.011739803523716936
8,0.009696273622190719,10,9,37,12.050729268646743,0.10667641547941059,-0.11684716833574106,-0.0010343637135228666,0.007012133873964061,0.0,0.0,0.0,0.0,0.0,0.0,0.0,0.0,-0.0015821705379417347,0.0006956059952226212,-0.0006827467857786326,-0.0016145203389067327,-0.0006827467857565303,-0.0016145203388689717,0.0016471431093757261,-0.0006692417135830547,3.213019065289567e-9,0.00010361936244420233,0.011739803523716936
8,0.009696273622190719,10,11,38,11.969269193307584,0.05564873821792706,0.11605730915596832,0.0005395853924906827,0.006615220534124505,-0.0009718238732223011,0.0013092343224300482,-0.0013138067705851185,-0.0010043454304375873,-0.0013138067706742044,-0.0010043454303341308,0.0010373924298884576,-0.0013179773755688977,0.0,0.0,0.0,0.0,0.0,0.0,0.0,0.0,3.213019065289567e-9,0.00010361936244420233,0.011739803523716936
8,0.009696273622190719,10,9,39,11.969269193308035,0.055648738218763115,-0.11605730915597269,-0.0005395853924987893,0.006615220534015712,0.0,0.0,0.0,0.0,0.0,0.0,0.0,0.0,0.0010373924300778022,-0.0013179773753897264,0.0013138067704063284,0.0010043454306296175,0.001313806770494083,0.0010043454305219473,-0.0009718238734128645,0.0013092343222504078,3.213019065289567e-9,0.00010361936244420233,0.011739803523716936
8,0.009696273622190719,10,9,40,8.747549816099122,0.14663162876499258,-0.08481863654064119,-0.0014217803941728594,0.004045688316972671,0.0,0.0,0.0,0.0,0.0,0.0,0.0,0.0,0.00034739579452426346,-0.0009651581540171678,0.0009563549418005935,0.00032902518635672924,0.0009563549417702584,0.00032902518635685994,-0.0003110370938287075,0.0009474200429758362,3.213019065289567e-9,0.00010361936244420233,0.011739803523716936
8,0.009696273622190719,10,11,41,8.747549816099239,0.14663162876493482,0.08481863654064233,0.0014217803941722995,0.0040456883169419245,-0.00031103709386018716,0.0009474200429568048,-0.0009563549417779383,-0.00032902518638963294,-0.0009563549417550634,-0.0003290251863866908,0.0003473957945555262,-0.0009651581539983678,0.0,0.0,0.0,0.0,0.0,0.0,0.0,0.0,3.213019065289567e-9,0.00010361936244420233,0.011739803523716936
8,0.009696273622190719,10,9,42,8.346179095452031,0.18873510377624314,-0.08092683620931113,-0.0018300272083270144,0.0038920229059471404,0.0,0.0,0.0,0.0,0.0,0.0,0.0,0.0,-0.0003971574431110555,0.00087322022491435,-0.0008798706078643457,-0.0004152989339248803,-0.0008798706078388403,-0.0004152989338824877,0.00043379233970142005,-0.000886354800832161,3.213019065289567e-9,0.00010361936244420233,0.011739803523716936
8,0.009696273622190719,10,11,43,8.346179095451399,0.18873510377614292,0.08092683620930499,0.0018300272083260425,0.003892022905872098,0.0004337923397094253,-0.0008863548008076832,0.0008798706078406756,0.00041529893392980316,0.000879870607813493,0.00041529893389349697,-0.00039715744311899395,0.0008732202248898137,0.0,0.0,0.0,0.0,0.0,0.0,0.0,0.0,3.213019065289567e-9,0.00010361936244420233,0.011739803523716936
8,0.009696273622190719,10,9,44,10.233007350421689,0.09605176241855987,-0.09922203924757757,-0.0009313441703040119,0.003259357610791173,0.0,0.0,0.0,0.0,0.0,0.0,0.0,0.0,-0.0005814337130931562,0.0005543631146890031,-0.0005538615603185567,-0.0005976070973636973,-0.0005538615603272625,-0.0005976070973295183,0.0006140019784067121,-0.0005531209188184667,3.213019065289567e-9,0.00010361936244420233,0.011739803523716936
8,0.009696273622190719,10,11,45,10.23300735042215,0.09605176241847521,0.09922203924758204,0.000931344170303191,0.0032593576107773055,0.0006140019784185143,-0.0005531209188003054,0.0005538615603018867,0.0005976070973760558,0.0005538615603078678,0.0005976070973411292,-0.0005814337131053216,0.000554363114671106,0.0,0.0,0.0,0.0,0.0,0.0,0.0,0.0,3.213019065289567e-9,0.00010361936244420233,0.011739803523716936
8,0.009696273622190719,10,11,46,7.002401245582288,0.16507526204270384,0.06789719848953497,0.00160061490902089,0.002043302950036464,0.0004466651705704273,-0.00026247216789125085,0.0002649892110230616,0.00043668932175618255,0.00026498921101858616,0.00043668932172421187,-0.00042681943365492755,0.00026733155722952196,0.0,0.0,0.0,0.0,0.0,0.0,0.0,0.0,3.213019065289567e-9,0.00010361936244420233,0.011739803523716936
8,0.009696273622190719,10,9,47,7.002401245582505,0.16507526204310152,-0.06789719848953708,-0.001600614909024746,0.0020433029499675073,0.0,0.0,0.0,0.0,0.0,0.0,0.0,0.0,-0.00042681943363991537,0.0002673315572212504,-0.00026498921101393374,-0.00043668932173805686,-0.0002649892110105133,-0.0004366893217124456,0.0004466651705555432,-0.00026247216788230433,3.213019065289567e-9,0.00010361936244420233,0.011739803523716936
8,0.009696273622190719,10,9,48,11.827290230778857,0.23344836091399604,-0.11468064228669501,-0.0022635791840740385,0.0014875332986886074,0.0,0.0,0.0,0.0,0.0,0.0,0.0,0.0,0.00033984032512238187,-0.00013760741894648903,0.00013467842743975964,0.0003466195345839426,0.00013467842746445934,0.00034661953453764456,-0.00035345258763820505,0.00013161077737523265,3.213019065289567e-9,0.00010361936244420233,0.011739803523716936
8,0.009696273622190719,10,11,49,11.827290230771574,0.23344836091721874,0.11468064228662439,0.002263579184105287,0.0014875332968754724,-0.0003534525866811326,0.00013161077863046614,-0.00013467842866373594,-0.0003466195336209945,-0.0001346784286898918,-0.00034661953357632006,0.0003398403241556867,-0.00013760742014100205,0.0,0.0,0.0,0.0,0.0,0.0,0.0,0.0,3.213019065289567e-9,0.00010361936244420233,0.011739803523716936
8,0.009696273622190719,10,11,50,10.64028989239671,0.055983491379691726,0.10317116221610875,0.0005428312507430464,0.001139354265204485,-0.00014231296800415696,0.00024209438239374296,-0.0002434762169289558,-0.00014779793357546376,-0.00024347621691266807,-0.0001477979335875022,0.00015338027781782278,-0.0002447989127987385,0.0,0.0,0.0,0.0,0.0,0.0,0.0,0.0,3.213019065289567e-9,0.00010361936244420233,0.011739803523716936
8,0.009696273622190719,10,9,51,10.640289892397652,0.05598349138006283,-0.10317116221611787,-0.0005428312507466447,0.0011393542651679314,0.0,0.0,0.0,0.0,0.0,0.0,0.0,0.0,0.00015338027781198517,-0.0002447989127917333,0.00024347621692344797,0.00014779793356975635,0.0002434762169039217,0.0001477979335814652,-0.00014231296799825739,0.00024209438238649415,3.213019065289567e-9,0.00010361936244420233,0.011739803523716936
8,0.009696273622190719,10,9,52,7.788545292356623,0.15397925644071325,-0.07551986627351523,-0.0014930250025906283,0.0004155560527502708,0.0,0.0,0.0,0.0,0.0,0.0,0.0,0.0,-6.719816406035218e-5,-7.730016985097428e-5,7.935709994062952e-5,-6.703953088041121e-5,7.935709993625943e-5,-6.703953087903399e-5,6.684914949721892e-5,8.144083948861809e-5,3.213019065289567e-9,0.00010361936244420233,0.011739803523716936
8,0.009696273622190719,10,11,53,7.788545292356612,0.15397925644072458,0.07551986627351512,0.0014930250025907382,0.0004155560527370154,6.68491494932593e-5,8.144083948757511e-5,-7.93570999393927e-5,6.703953087621315e-5,-7.935709993542793e-5,6.70395308754098e-5,-6.719816405648806e-5,-7.73001698499489e-5,0.0,0.0,0.0,0.0,0.0,0.0,0.0,0.0,3.213019065289567e-9,0.00010361936244420233,0.011739803523716936
8,0.009696273622190719,10,9,54,10.703281295297367,0.1285012671077463,-0.10378194409447918,-0.0012459834466749242,0.0003716192931734462,0.0,0.0,0.0,0.0,0.0,0.0,0.0,0.0,5.821107419776742e-6,9.141056723017374e-5,-9.278660972369168e-5,4.592201098453393e-6,-9.278660972134298e-5,4.592201103362393e-6,-3.3261797722675357e-6,-9.416448167229108e-5,3.213019065289567e-9,0.00010361936244420233,0.011739803523716936
8,0.009696273622190719,10,11,55,10.70328129529703,0.12850126710728654,0.1037819440944759,0.0012459834466704664,0.0003716192931676361,-3.326179777645653e-6,-9.416448167073296e-5,9.27866097220754e-5,-4.592201103908946e-6,9.278660971949672e-5,-4.592201109072442e-6,5.821107425552968e-6,9.141056722826639e-5,0.0,0.0,0.0,0.0,0.0,0.0,0.0,0.0,3.213019065289567e-9,0.00010361936244420233,0.011739803523716936
8,0.009696273622190719,10,11,56,12.071139251056161,0.10244417447016496,0.11704506910980689,0.0009933267466621645,0.00015369279833259288,3.6309453767112414e-6,3.770737518505755e-5,-3.829263969820572e-5,3.1414025867294503e-6,-3.829263969632641e-5,3.1414025867841517e-6,-2.6365424902369226e-6,-3.8879157707029495e-5,0.0,0.0,0.0,0.0,0.0,0.0,0.0,0.0,3.213019065289567e-9,0.00010361936244420233,0.011739803523716936
8,0.009696273622190719,10,9,57,12.071139251057243,0.10244417446973456,-0.11704506910981738,-0.0009933267466579912,0.0001536927983172744,0.0,0.0,0.0,0.0,0.0,0.0,0.0,0.0,-2.6365424726155253e-6,-3.887915770460184e-5,3.8292639696144206e-5,-3.1414025690518643e-6,3.82926396936201e-5,-3.1414025688611938e-6,3.6309453587375157e-6,3.770737518272811e-5,3.213019065289567e-9,0.00010361936244420233,0.011739803523716936
8,0.009696273622190719,10,9,58,7.703323241445868,0.07222406412966714,-0.07469352994924028,-0.0007003042879079024,0.0001247963139834619,0.0,0.0,0.0,0.0,0.0,0.0,0.0,0.0,2.5791404913379265e-5,1.8330519027890202e-5,-1.7711682534696588e-5,2.5682318518492613e-5,-1.771168253351689e-5,2.568231851722319e-5,-2.556614539501841e-5,-1.710311755038207e-5,3.213019065289567e-9,0.00010361936244420233,0.011739803523716936
8,0.009696273622190719,10,11,59,7.703323241445822,0.0722240641297158,0.07469352994923983,0.0007003042879083742,0.00012479631397743405,-2.556614539359656e-5,-1.710311754981626e-5,1.771168253407822e-5,-2.5682318516805822e-5,1.7711682532925384e-5,-2.5682318516083198e-5,2.5791404911975454e-5,1.8330519027245847e-5,0.0,0.0,0.0,0.0,0.0,0.0,0.0,0.0,3.213019065289567e-9,0.00010361936244420233,0.011739803523716936
8,0.009696273622190719,10,11,60,12.121085484973788,0.18360835156411498,0.11752936146027014,0.0017803168160850482,9.961184010205031e-5,-1.0721352810659324e-5,-2.2867790595991942e-5,2.2394937507369455e-5,-1.0888626644122699e-5,2.239493751311949e-5,-1.0888626640503488e-5,1.1046941628240637e-5,2.1926438083400773e-5,0.0,0.0,0.0,0.0,0.0,0.0,0.0,0.0,3.213019065289567e-9,0.00010361936244420233,0.011739803523716936
8,0.009696273622190719,10,9,61,12.121085484974532,0.18360835156437302,-0.11752936146027736,-0.0017803168160875503,9.96118400521829e-5,0.0,0.0,0.0,0.0,0.0,0.0,0.0,0.0,1.1046941600393819e-5,2.1926438083585416e-5,-2.2394937507913518e-5,1.0888626615851693e-5,-2.2394937512153758e-5,1.0888626612620164e-5,-1.0721352782356561e-5,-2.2867790595379127e-5,3.213019065289567e-9,0.00010361936244420233,0.011739803523716936
8,0.009696273622190719,10,11,62,10.235023905145763,0.09762626910748237,0.09924159231395631,0.000946611017979774,3.778390257938025e-5,9.273546799171646e-6,8.549674947789589e-7,-1.0000788411439454e-6,9.392410634810993e-6,-1.0000788528543415e-6,9.392410636074271e-6,-9.51087368879042e-6,-1.148947083305753e-6,0.0,0.0,0.0,0.0,0.0,0.0,0.0,0.0,3.213019065289567e-9,0.00010361936244420233,0.011739803523716936
8,0.009696273622190719,10,9,63,10.235023905145521,0.0976262691073489,-0.09924159231395396,-0.0009466110179784798,3.7783902571646376e-5,0.0,0.0,0.0,0.0,0.0,0.0,0.0,0.0,-9.510873686881236e-6,-1.148947083080408e-6,1.0000788407172547e-6,-9.39241063295218e-6,1.0000788528418613e-6,-9.392410634090705e-6,9.273546797238875e-6,8.549674945660568e-7,3.213019065289567e-9,0.00010361936244420233,0.011739803523716936
8,0.009696273622190719,10,11,64,10.750295478251395,0.16390743741746125,0.10423780647652517,0.0015892913619118057,4.047948676234505e-6,-1.0017924789058453e-6,2.2316366013741123e-7,-2.3397736515962633e-7,-9.845152280298755e-7,-2.3397736542734152e-7,-9.845152279144169e-7,9.673314892182707e-7,-2.443972456568642e-7,0.0,0.0,0.0,0.0,0.0,0.0,0.0,0.0,3.213019065289567e-9,0.00010361936244420233,0.011739803523716936
8,0.009696273622190719,10,9,65,10.750295478252024,0.1639074374178905,-0.10423780647653126,-0.0015892913619159675,4.047948675119793e-6,0.0,0.0,0.0,0.0,0.0,0.0,0.0,0.0,9.67331488733828e-7,-2.443972464923159e-7,2.3397736600074042e-7,9.84515227532522e-7,2.3397736626079076e-7,9.845152274410887e-7,-1.0017924784192916e-6,2.231636609764087e-7,3.213019065289567e-9,0.00010361936244420233,0.011739803523716936
8,0.009696273622190719,10,11,66,10.699992168191663,0.12335944822184625,0.10375005181808411,0.0011961269638414895,2.6176756495542966e-7,3.720147986797574e-8,-5.2714801003589195e-8,5.2926559368754017e-8,3.848366242051071e-8,5.292655933184234e-8,3.84836625035042e-8,-3.978701260075773e-8,5.312291999839345e-8,0.0,0.0,0.0,0.0,0.0,0.0,0.0,0.0,3.213019065289567e-9,0.00010361936244420233,0.011739803523716936
8,0.009696273622190719,10,9,67,10.699992168192527,0.12335944822174713,-0.10375005181809248,-0.0011961269638405285,2.617675641686643e-7,0.0,0.0,0.0,0.0,0.0,0.0,0.0,0.0,-3.978701252361038e-8,5.3122919811568216e-8,-5.29265591735793e-8,-3.8483662327229964e-8,-5.2926559152846007e-8,-3.848366244240913e-8,3.720147979082977e-8,-5.271480081622021e-8,3.213019065289567e-9,0.00010361936244420233,0.011739803523716936
8,0.009696273622190719,10,11,68,8.19102900195632,0.04970907992086126,0.07942245845026824,0.00048199284042001737,6.235860202774342e-14,-4.353424773227879e-15,1.4740556804652026e-14,-1.4886540476364164e-14,-4.626422320935802e-15,-1.4886541049030742e-14,-4.626427803705275e-15,4.905379601874492e-15,-1.5030672927711707e-14,0.0,0.0,0.0,0.0,0.0,0.0,0.0,0.0,3.213019065289567e-9,0.00010361936244420233,0.011739803523716936
8,0.009696273622190719,10,9,69,8.191029001956524,0.04970907992104523,-0.07942245845027021,-0.00048199284042180115,6.235839738117954e-14,0.0,0.0,0.0,0.0,0.0,0.0,0.0,0.0,4.905241993553418e-15,-1.5030663555593903e-14,1.488652841518835e-14,4.626294453089463e-15,1.4886529362910667e-14,4.626287302875162e-15,-4.353293990258606e-15,1.4740542541494042e-14,3.213019065289567e-9,0.00010361936244420233,0.011739803523716936
8,0.009696273622190719,10,11,70,8.333689735273207,0.19211090004203055,0.08080573595565116,0.0018627598526128586,5.942828802943584e-14,1.1809229730270763e-14,-9.358622951866332e-15,9.390966015385701e-15,1.1511741757883813e-14,9.390958466362376e-15,1.1511754816082301e-14,-1.1218022292404766e-14,9.418696106292125e-15,0.0,0.0,0.0,0.0,0.0,0.0,0.0,0.0,3.213019065289567e-9,0.00010361936244420233,0.011739803523716936
8,0.009696273622190719,10,9,71,8.33368973527347,0.19211090004208492,-0.08080573595565371,-0.001862759852613386,5.94272658449567e-14,0.0,0.0,0.0,0.0,0.0,0.0,0.0,0.0,-1.1217767538322384e-14,9.41860703192872e-15,-9.390871029601763e-15,-1.1511498194355053e-14,-9.390878174314778e-15,-1.1511481807451024e-14,1.1808967888139319e-14,-9.358536786461439e-15,3.213019065289567e-9,0.00010361936244420233,0.011739803523716936
8,0.009696273622190719,10,9,72,11.225772079199348,0.11628202049481845,-0.10884815770026571,-0.0011275022880589487,1.4297729665298237e-14,0.0,0.0,0.0,0.0,0.0,0.0,0.0,0.0,-3.2164002500433143e-15,1.4400747706479744e-15,-1.4143004701377931e-15,-3.2825346278443588e-15,-1.4142957917673976e-15,-3.282539799188647e-15,3.349239575816444e-15,-1.3872082859340924e-15,3.213019065289567e-9,0.00010361936244420233,0.011739803523716936
8,0.009696273622190719,10,11,73,11.225772079198629,0.11628202049477668,0.10884815770025873,0.0011275022880585437,1.4297609058957127e-14,3.3492415244944834e-15,-1.3871283113759342e-15,1.4142166995706295e-15,3.2825475887649823e-15,1.4142186391087988e-15,3.282530485022477e-15,-3.2164019967575553e-15,1.439993833475774e-15,0.0,0.0,0.0,0.0,0.0,0.0,0.0,0.0,3.213019065289567e-9,0.00010361936244420233,0.011739803523716936
8,0.009696273622190719,10,11,74,6.833330669588513,0.057201022070820416,0.06625784392323794,0.0005546367614676452,1.8126323516362415e-15,-3.0421649870063065e-16,3.2719753088531253e-16,-3.274611615198257e-16,-3.132112615093534e-16,-3.2745914195561666e-16,-3.132121450928833e-16,3.2233786695025015e-16,-3.2759745124814303e-16,0.0,0.0,0.0,0.0,0.0,0.0,0.0,0.0,3.213019065289567e-9,0.00010361936244420233,0.011739803523716936
8,0.009696273622190719,10,9,75,6.833330669588782,0.05720102207088889,-0.06625784392324055,-0.000554636761468309,1.8125888105832506e-15,0.0,0.0,0.0,0.0,0.0,0.0,0.0,0.0,3.2233273071588694e-16,-3.2758701006405976e-16,3.2744891671303155e-16,3.13207832450023e-16,3.2745032851080304e-16,3.132060957453147e-16,-3.042121518972279e-16,3.271869254116472e-16,3.213019065289567e-9,0.00010361936244420233,0.011739803523716936
8,0.009696273622190719,10,11,76,11.223868399371437,0.11436814473146037,0.10882969909976523,0.0011089448249785496,1.251848073366757e-15,-1.008404852952643e-16,-2.91608314063702e-16,2.9717896559524044e-16,-9.808448463720781e-17,2.971775881502943e-16,-9.808383873116762e-17,9.520897452849872e-17,3.027874735013124e-16,0.0,0.0,0.0,0.0,0.0,0.0,0.0,0.0,3.213019065289567e-9,0.00010361936244420233,0.011739803523716936
8,0.009696273622190719,10,9,77,11.223868399371455,0.11436814473201559,-0.1088296990997654,-0.0011089448249839333,1.2517530378467625e-15,0.0,0.0,0.0,0.0,0.0,0.0,0.0,0.0,9.522148804153894e-17,3.0275826631616653e-16,-2.9714930547869557e-16,9.809598720491602e-17,-2.9714898281257084e-16,9.809726447213198e-17,-1.0085289197719735e-16,-2.915792502957937e-16,3.213019065289567e-9,0.00010361936244420233,0.011739803523716936
8,0.009696273622190719,10,9,78,6.938706318838657,0.16277726814403254,-0.06727959505148333,-0.0015783329313972484,2.4657839470632556e-18,0.0,0.0,0.0,0.0,0.0,0.0,0.0,0.0,-3.8605357083824754e-19,4.693874280662953e-19,-4.704492955420894e-19,-3.9823014320491684e-19,-4.705449025701734e-19,-3.982623435122219e-19,4.1062739601412407e-19,-4.714476935864381e-19,3.213019065289567e-9,0.00010361936244420233,0.011739803523716936
8,0.009696273622190719,10,11,79,6.938706318838497,0.1627772681437953,0.06727959505148179,0.0015783329313949481,2.4650407882819943e-18,4.1008762912093793e-19,-4.716496618803737e-19,4.707644733533112e-19,3.977131553828316e-19,4.706495790567522e-19,3.9770774262510597e-19,-3.855213408369195e-19,4.696049854786286e-19,0.0,0.0,0.0,0.0,0.0,0.0,0.0,0.0,3.213019065289567e-9,0.00010361936244420233,0.011739803523716936
