iteration,scale,ground_charge,charge,support_rank,energy_real,energy_imag,energy_abs,physical_gap_abs,addition_weight_abs,removal_weight_abs,total_weight_abs,addition_residue_real,addition_residue_imag,removal_residue_real,removal_residue_imag,max_residual,biorth_error,min_pair_overlap
0,0.7853981633974483,2,3,0,0.22116977335050067,0.000640752048990944,0.22117070151152507,0.17370706276447703,35.45943398277212,0.0,35.45943398277212,0.5014449596848394,0.0014485250031430752,0.0,0.0,1.434105139198842e-14,3.4926705935633424e-12,9.999999955539362e-5
0,0.7853981633974483,2,1,1,0.22116977335048385,0.0006407520490094939,0.2211707015115083,0.17370706276446385,0.0,35.45943398272934,35.45943398272934,0.0,0.0,0.5014449596848447,0.0014485250031377461,1.434105139198842e-14,3.4926705935633424e-12,9.999999955539362e-5
0,0.7853981633974483,2,3,2,0.219891907443648,-0.0006370498895191247,0.2198928302418421,0.17270342501620967,35.25455854489887,0.0,35.25455854489887,0.4985477161619887,-0.0014485248547391194,0.0,0.0,1.434105139198842e-14,3.4926705935633424e-12,9.999999955539362e-5
0,0.7853981633974483,2,1,3,0.2198919074436656,-0.0006370498895376654,0.21989283024185977,0.17270342501622354,0.0,35.25455854486747,35.25455854486747,0.0,0.0,0.4985477161619869,-0.0014485248547391194,1.434105139198842e-14,3.4926705935633424e-12,9.999999955539362e-5
0,0.7853981633974483,2,3,4,0.6622311668516228,0.0006398332787890336,0.6622314759480151,0.5201153849535525,0.00026021615954875405,0.0,0.00026021615954875405,3.679785979706737e-6,1.76328622867965e-8,0.0,0.0,1.434105139198842e-14,3.4926705935633424e-12,9.999999955539362e-5
0,0.7853981633974483,2,1,5,0.6622311668516176,0.000639833278793606,0.66223147594801,0.5201153849535485,0.0,0.00026021615954856887,0.00026021615954856887,0.0,0.0,3.679785979590023e-6,1.763286233897373e-8,1.434105139198842e-14,3.4926705935633424e-12,9.999999955539362e-5
0,0.7853981633974483,2,3,6,0.660962490006198,-0.0006287802109545121,0.6609627890885742,0.5191189606242211,0.0002577116282233057,0.0,0.0002577116282233057,3.6443671971501896e-6,-1.778126814639216e-8,0.0,0.0,1.434105139198842e-14,3.4926705935633424e-12,9.999999955539362e-5
0,0.7853981633974483,2,1,7,0.6609624900062028,-0.0006287802109590599,0.660962789088579,0.5191189606242249,0.0,0.00025771162822327254,0.00025771162822327254,0.0,0.0,3.6443671972482557e-6,-1.7781268177806918e-8,1.434105139198842e-14,3.4926705935633424e-12,9.999999955539362e-5
1,0.4534498410585544,3,2,0,0.004284543384865724,0.002005726464644945,0.004730776962378775,0.0021451700616741264,0.0,64.2923568112287,64.2923568112287,0.0,0.0,0.9091857696855463,-2.910726674798525e-6,5.821612723478176e-13,1.708371749988922e-9,0.014141428537698928
1,0.4534498410585544,3,4,1,0.004284543384869721,0.002005726464660836,0.004730776962389132,0.0021451700616788227,64.29235681118747,0.0,64.29235681118747,0.9091857696844947,-2.9107269092776278e-6,0.0,0.0,5.821612723478176e-13,1.708371749988922e-9,0.014141428537698928
1,0.4534498410585544,3,2,2,1.2677477978161589,0.00010765365656090361,1.267747802386985,0.57486003949471,0.0,3.2324414935044095,3.2324414935044095,0.0,0.0,0.045710708736839356,0.00024033112937704715,5.821612723478176e-13,1.708371749988922e-9,0.014141428537698928
1,0.4534498410585544,3,4,3,1.2677477978167693,0.00010765365653944443,1.2677478023875954,0.5748600394949868,3.2324414928695306,0.0,3.2324414928695306,0.04571070873710492,0.00024033112950361257,0.0,0.0,5.821612723478176e-13,1.708371749988922e-9,0.014141428537698928
1,0.4534498410585544,3,2,4,1.2673266021356389,-9.947677224119615e-5,1.2673266060397739,0.5746690480780127,0.0,3.1886727576827507,3.1886727576827507,0.0,0.0,0.045092152240199024,-0.00014583712724403064,5.821612723478176e-13,1.708371749988922e-9,0.014141428537698928
1,0.4534498410585544,3,4,5,1.2673266021355747,-9.947677206729923e-5,1.2673266060397097,0.5746690480779836,3.188672756840563,0.0,3.188672756840563,0.0450921522396559,-0.00014583712728732934,0.0,0.0,5.821612723478176e-13,1.708371749988922e-9,0.014141428537698928
1,0.4534498410585544,3,4,6,1.2715720103355461,0.0039044659190956323,1.2715780048124832,0.5765968441757742,0.006525699177142486,0.0,0.006525699177142486,1.1340992944982187e-5,-9.158318646799741e-5,0.0,0.0,5.821612723478176e-13,1.708371749988922e-9,0.014141428537698928
1,0.4534498410585544,3,2,7,1.2715720103363064,0.0039044659190623963,1.2715780048132435,0.576596844176119,0.0,0.0065256991735282615,0.0065256991735282615,0.0,0.0,1.1340992991982785e-5,-9.158318634599994e-5,5.821612723478176e-13,1.708371749988922e-9,0.014141428537698928
1,0.4534498410585544,3,4,8,2.538921187263136,0.0020063627526449392,2.5389219800193046,1.151273768299824,9.95239316888215e-7,0.0,9.95239316888215e-7,1.4074020466541768e-8,4.897773287381569e-11,0.0,0.0,5.821612723478176e-13,1.708371749988922e-9,0.014141428537698928
1,0.4534498410585544,3,2,9,2.5389211872631376,0.0020063627526435753,2.5389219800193064,1.1512737682998246,0.0,9.952393125414854e-7,9.952393125414854e-7,0.0,0.0,1.4074020384679474e-8,4.897771233453727e-11,5.821612723478176e-13,1.708371749988922e-9,0.014141428537698928
1,0.4534498410585544,3,4,10,2.5391533831456017,0.0018061100925243039,2.539154025492235,1.1513789892826425,6.539121294579179e-7,0.0,6.539121294579179e-7,9.246808437064946e-9,-9.055353122832358e-11,0.0,0.0,5.821612723478176e-13,1.708371749988922e-9,0.014141428537698928
1,0.4534498410585544,3,2,11,2.539153383145705,0.001806110092610971,2.5391540254923384,1.1513789892826893,0.0,6.539121274040974e-7,6.539121274040974e-7,0.0,0.0,9.246808391821422e-9,-9.055348506918371e-11,5.821612723478176e-13,1.708371749988922e-9,0.014141428537698928
1,0.4534498410585544,3,4,12,2.539353656841247,0.002006383813896854,2.5393544494790445,1.1514698715076057,3.268410593231015e-7,0.0,3.268410593231015e-7,4.621757955460025e-9,-4.723483937959645e-11,0.0,0.0,5.821612723478176e-13,1.708371749988922e-9,0.014141428537698928
1,0.4534498410585544,3,2,13,2.539353656841274,0.002006383813949553,2.5393544494790716,1.151469871507618,0.0,3.268410580635398e-7,3.268410580635398e-7,0.0,0.0,4.621757934858146e-9,-4.7234820738412984e-11,5.821612723478176e-13,1.708371749988922e-9,0.014141428537698928
1,0.4534498410585544,3,4,14,3.802828892208268,0.00010896251663312429,3.80282889376932,1.7243921574525765,1.4307106598841101e-8,0.0,1.4307106598841101e-8,2.0231900005645412e-10,1.2584356812636894e-12,0.0,0.0,5.821612723478176e-13,1.708371749988922e-9,0.014141428537698928
1,0.4534498410585544,3,2,15,3.802828892207426,0.00010896251674127606,3.802828893768478,1.7243921574521948,0.0,1.4307106488042986e-8,1.4307106488042986e-8,0.0,0.0,2.0231900524361358e-10,1.2584415669027291e-12,5.821612723478176e-13,1.708371749988922e-9,0.014141428537698928
1,0.4534498410585544,3,4,16,3.802407960323462,-9.801560818056701e-5,3.8024079615867485,1.724201285821293,1.4158698516369358e-8,0.0,1.4158698516369358e-8,2.0022234653629604e-10,-8.687918510134948e-13,0.0,0.0,5.821612723478176e-13,1.708371749988922e-9,0.014141428537698928
1,0.4534498410585544,3,2,17,3.802407960323354,-9.801560816486473e-5,3.80240796158664,1.7242012858212439,0.0,1.415869774899582e-8,1.415869774899582e-8,0.0,0.0,2.0022233359414298e-10,-8.687954120607734e-13,5.821612723478176e-13,1.708371749988922e-9,0.014141428537698928
1,0.4534498410585544,3,2,18,3.8066517662839687,0.0039044558759913453,3.806653768669873,1.726126546368301,0.0,2.6292896179052903e-11,2.6292896179052903e-11,0.0,0.0,1.4256391629712453e-14,-3.715460850398313e-13,5.821612723478176e-13,1.708371749988922e-9,0.014141428537698928
1,0.4534498410585544,3,4,19,3.8066517662832577,0.0039044558760895154,3.806653768669162,1.7261265463679787,2.6292884517188828e-11,0.0,2.6292884517188828e-11,1.4256231464045532e-14,-3.7154598218986284e-13,0.0,0.0,5.821612723478176e-13,1.708371749988922e-9,0.014141428537698928
1,0.4534498410585544,3,4,20,1.2715378816440652,0.004111590187683972,1.2715445291572562,0.5765816646452322,2.765225519177235e-19,0.0,2.765225519177235e-19,-6.34105514749182e-21,4.059992510195941e-21,0.0,0.0,5.821612723478176e-13,1.708371749988922e-9,0.014141428537698928
1,0.4534498410585544,3,2,21,1.2715378816440186,0.0041115901876960315,1.2715445291572096,0.5765816646452111,0.0,1.3041301793719147e-19,1.3041301793719147e-19,0.0,0.0,-3.774234041605162e-21,2.225450672809253e-21,5.821612723478176e-13,1.708371749988922e-9,0.014141428537698928
1,0.4534498410585544,3,2,22,5.0744455039305665,0.002007025297254657,5.074445900836039,2.301006687194335,0.0,3.0864513419267583e-21,3.0864513419267583e-21,0.0,0.0,2.108217236873443e-24,4.3418315560655586e-23,5.821612723478176e-13,1.708371749988922e-9,0.014141428537698928
1,0.4534498410585544,3,4,23,5.0744455039306136,0.002007025297256351,5.0744459008360865,2.301006687194356,2.99031629193111e-21,0.0,2.99031629193111e-21,-2.3896760095109232e-24,4.380342985265443e-23,0.0,0.0,5.821612723478176e-13,1.708371749988922e-9,0.014141428537698928
1,0.4534498410585544,3,2,24,3.8066176162858487,0.00411142785764246,3.806619836607904,1.7261111598801944,0.0,3.655297648856627e-24,3.655297648856627e-24,0.0,0.0,8.881269235102562e-26,1.783242744638848e-25,5.821612723478176e-13,1.708371749988922e-9,0.014141428537698928
1,0.4534498410585544,3,4,25,3.8066176162858527,0.004111427857644502,3.806619836607908,1.7261111598801961,2.1627358653262394e-24,0.0,2.1627358653262394e-24,-2.629666281087393e-26,-1.0152525231639204e-25,0.0,0.0,5.821612723478176e-13,1.708371749988922e-9,0.014141428537698928
1,0.4534498410585544,3,4,26,2.5395539305358215,0.0022066414647708673,2.539554889221041,1.1515607608767557,1.1212830258485906e-24,0.0,1.1212830258485906e-24,2.1058789499158135e-25,5.56272111477195e-26,0.0,0.0,5.821612723478176e-13,1.708371749988922e-9,0.014141428537698928
1,0.4534498410585544,3,2,27,2.539553930535762,0.0022066414647962823,2.5395548892209816,1.1515607608767289,0.0,7.527498448050761e-25,7.527498448050761e-25,0.0,0.0,1.4661141478682037e-25,1.7201874456165594e-25,5.821612723478176e-13,1.708371749988922e-9,0.014141428537698928
1,0.4534498410585544,3,2,28,2.5396039919964952,0.0020063795370851983,2.539604784552782,1.1515833859070033,0.0,3.501037540012828e-26,3.501037540012828e-26,0.0,0.0,3.0127610913890157e-27,7.370526625185729e-27,5.821612723478176e-13,1.708371749988922e-9,0.014141428537698928
1,0.4534498410585544,3,4,29,2.539603991996495,0.0020063795370848484,2.5396047845527816,1.151583385907003,2.5273546939281884e-26,0.0,2.5273546939281884e-26,2.924975995006847e-27,7.45975884726406e-27,0.0,0.0,5.821612723478176e-13,1.708371749988922e-9,0.014141428537698928
2,0.2617993877991494,4,5,0,0.2806028119825761,0.0018143990443927117,0.2806086779421143,0.0734631800963742,33.33267072566703,0.0,33.33267072566703,0.4713619276042227,0.0030166300967717774,0.0,0.0,2.324810405061837e-12,5.599899325240288e-9,0.014141428541823278
2,0.2617993877991494,4,3,1,0.2806028119866868,0.0018143990437507113,0.2806086779462208,0.07346318009744929,0.0,33.33267063567253,33.33267063567253,0.0,0.0,0.47136192760280515,0.00301663009083164,2.324810405061837e-12,5.599899325240288e-9,0.014141428541823278
2,0.2617993877991494,4,5,2,0.2769970599542184,-0.0017911681974782097,0.2770028510806207,0.07251917683152546,32.90592255350201,0.0,32.90592255350201,0.4653269679561376,-0.0030175057998267363,0.0,0.0,2.324810405061837e-12,5.599899325240288e-9,0.014141428541823278
2,0.2617993877991494,4,3,3,0.2769970599484719,-0.0017911682013163595,0.27700285107489914,0.07251917683002755,0.0,32.905922464058875,32.905922464058875,0.0,0.0,0.4653269679581946,-0.0030175058050883052,2.324810405061837e-12,5.599899325240288e-9,0.014141428541823278
2,0.2617993877991494,4,3,4,2.40142590712617,0.00012217455924195143,2.4014259102340367,0.6286918331442859,0.0,2.2443792456130125,2.2443792456130125,0.0,0.0,0.031738574760591276,9.836675895658065e-5,2.324810405061837e-12,5.599899325240288e-9,0.014141428541823278
2,0.2617993877991494,4,5,5,2.4014259071982726,0.000122174628115639,2.4014259103061426,0.6286918331631632,2.244379068104972,0.0,2.244379068104972,0.03173857476117503,9.836676082597418e-5,0.0,0.0,2.324810405061837e-12,5.599899325240288e-9,0.014141428541823278
2,0.2617993877991494,4,3,6,2.4011823018234875,-0.00012142065853939675,2.4011823048934287,0.6286280574152502,0.0,2.230528951606641,2.230528951606641,0.0,0.0,0.031542713608364914,-9.748785355856437e-5,2.324810405061837e-12,5.599899325240288e-9,0.014141428541823278
2,0.2617993877991494,4,5,7,2.4011823018285137,-0.00012142065764555012,2.401182304898455,0.628628057416566,2.23052877359322,0.0,2.23052877359322,0.03154271361386274,-9.748784900298624e-5,0.0,0.0,2.324810405061837e-12,5.599899325240288e-9,0.014141428541823278
2,0.2617993877991494,4,5,8,0.8381994282590164,0.001810494271511995,0.8382013835727361,0.21944060907174232,0.0010452793526155566,0.0,0.0010452793526155566,1.4780944716962202e-5,1.536479755373456e-7,0.0,0.0,2.324810405061837e-12,5.599899325240288e-9,0.014141428541823278
2,0.2617993877991494,4,3,9,0.8381994282732087,0.0018104942774597494,0.8382013835869413,0.21944060907546123,0.0,0.0010452793497166277,0.0010452793497166277,0.0,0.0,1.478094477195093e-5,1.5364801127557655e-7,2.324810405061837e-12,5.599899325240288e-9,0.014141428541823278
2,0.2617993877991494,4,5,10,0.8346472596775185,-0.0017414968374988274,0.8346490764976776,0.21851061725421742,0.0010233181790222931,0.0,0.0010233181790222931,1.4470331150561225e-5,-1.5681992603517854e-7,0.0,0.0,2.324810405061837e-12,5.599899325240288e-9,0.014141428541823278
2,0.2617993877991494,4,3,11,0.8346472596695059,-0.0017414968416260765,0.8346490764896736,0.21851061725212198,0.0,0.0010233181736345313,0.0010233181736345313,0.0,0.0,1.4470331097649395e-5,-1.5681992423421031e-7,2.324810405061837e-12,5.599899325240288e-9,0.014141428541823278
2,0.2617993877991494,4,5,12,2.960847622732784,0.0001434389690265444,2.960847626207251,0.7751480959076231,9.786280202828377e-6,0.0,9.786280202828377e-6,1.3839004825376866e-7,7.315720162528868e-10,0.0,0.0,2.324810405061837e-12,5.599899325240288e-9,0.014141428541823278
2,0.2617993877991494,4,3,13,2.9608476227370595,0.00014343896673603505,2.960847626211527,0.7751480959087425,0.0,9.786279790995627e-6,9.786279790995627e-6,0.0,0.0,1.3839004758741038e-7,7.315735923796078e-10,2.324810405061837e-12,5.599899325240288e-9,0.014141428541823278
2,0.2617993877991494,4,5,14,2.9606075794174127,-9.659456693829815e-5,2.960607580993189,0.7750852522175375,9.681324754319235e-6,0.0,9.681324754319235e-6,1.3690569328339872e-7,-7.525841499955655e-10,0.0,0.0,2.324810405061837e-12,5.599899325240288e-9,0.014141428541823278
2,0.2617993877991494,4,3,15,2.9606075794159175,-9.659456452599125e-5,2.960607580991694,0.7750852522171461,0.0,9.681324593785702e-6,9.681324593785702e-6,0.0,0.0,1.3690569540636694e-7,-7.525809906744806e-10,2.324810405061837e-12,5.599899325240288e-9,0.014141428541823278
2,0.2617993877991494,4,3,16,2.9604262808121975,0.0034751494980858138,2.960428320494785,0.7750383219287988,0.0,6.921697063863588e-6,6.921697063863588e-6,0.0,0.0,9.784072223010609e-8,-2.8659313248449523e-9,2.324810405061837e-12,5.599899325240288e-9,0.014141428541823278
2,0.2617993877991494,4,5,17,2.9604262806045294,0.0034751492130653864,2.9604283202867827,0.775038321874344,6.921696786343151e-6,0.0,6.921696786343151e-6,9.784071519160662e-8,-2.865929689910428e-9,0.0,0.0,2.324810405061837e-12,5.599899325240288e-9,0.014141428541823278
2,0.2617993877991494,4,5,18,2.9534989915048597,-0.0034277718127914323,2.953500980605868,0.7732247485868037,6.24851563884755e-6,0.0,6.24851563884755e-6,8.82988333452616e-8,3.3651908190579686e-9,0.0,0.0,2.324810405061837e-12,5.599899325240288e-9,0.014141428541823278
2,0.2617993877991494,4,3,19,2.9534989915788703,-0.003427771799566474,2.953500980679863,0.7732247486061755,0.0,6.248515131908155e-6,6.248515131908155e-6,0.0,0.0,8.82988266515757e-8,3.3651907473333362e-9,2.324810405061837e-12,5.599899325240288e-9,0.014141428541823278
2,0.2617993877991494,4,3,20,2.9567062339883576,-0.00010335141991055013,2.9567062357946776,0.7740638824329741,0.0,3.554085105306991e-6,3.554085105306991e-6,0.0,0.0,5.005562034644188e-8,-4.526227146445088e-9,2.324810405061837e-12,5.599899325240288e-9,0.014141428541823278
2,0.2617993877991494,4,5,21,2.956706234027709,-0.00010335141574193156,2.956706235834029,0.7740638824432762,3.554084767544693e-6,0.0,3.554084767544693e-6,5.00556138922467e-8,-4.526228077046094e-9,0.0,0.0,2.324810405061837e-12,5.599899325240288e-9,0.014141428541823278
2,0.2617993877991494,4,3,22,2.956935968868123,0.0001503891621724312,2.9569359726925044,0.77412402741218,0.0,3.0419644782080024e-6,3.0419644782080024e-6,0.0,0.0,4.2829480992158106e-8,4.019962003165018e-9,2.324810405061837e-12,5.599899325240288e-9,0.014141428541823278
2,0.2617993877991494,4,5,23,2.95693596895758,0.00015038930331632205,2.9569359727819684,0.7741240274356016,3.041964099853169e-6,0.0,3.041964099853169e-6,4.282947355567343e-8,4.019947173160347e-9,0.0,0.0,2.324810405061837e-12,5.599899325240288e-9,0.014141428541823278
2,0.2617993877991494,4,3,24,5.082937584692257,0.0018128913907504009,5.082937907987107,1.330710032532114,0.0,1.8507383505605451e-7,1.8507383505605451e-7,0.0,0.0,2.617065983045647e-9,2.729129081971073e-11,2.324810405061837e-12,5.599899325240288e-9,0.014141428541823278
2,0.2617993877991494,4,5,25,5.082937584691184,0.0018128913987388484,5.082937907986037,1.3307100325318337,1.8507380831765522e-7,0.0,1.8507380831765522e-7,2.6170659636222683e-9,2.7291872227321186e-11,0.0,0.0,2.324810405061837e-12,5.599899325240288e-9,0.014141428541823278
2,0.2617993877991494,4,3,26,5.079336328777585,-0.0017881800427389243,5.079336643541913,1.329767223705059,0.0,1.8122851753821242e-7,1.8122851753821242e-7,0.0,0.0,2.56268740084034e-9,-2.7050783747463168e-11,2.324810405061837e-12,5.599899325240288e-9,0.014141428541823278
2,0.2617993877991494,4,5,27,5.07933632878368,-0.0017881800465937795,5.079336643548008,1.329767223706655,1.8122844321510863e-7,0.0,1.8122844321510863e-7,2.562686528504282e-9,-2.7051922470155383e-11,0.0,0.0,2.324810405061837e-12,5.599899325240288e-9,0.014141428541823278
2,0.2617993877991494,4,3,28,5.083107149611339,0.001566306612661435,5.083107390931882,1.3307544030632983,0.0,1.2708365453441544e-7,1.2708365453441544e-7,0.0,0.0,1.7957090702860676e-9,-7.180680330913294e-11,2.324810405061837e-12,5.599899325240288e-9,0.014141428541823278
2,0.2617993877991494,4,5,29,5.0831071496023865,0.0015663066152824348,5.08310739092293,1.3307544030609546,1.270836111113388e-7,0.0,1.270836111113388e-7,1.7957088254070161e-9,-7.180702229796062e-11,0.0,0.0,2.324810405061837e-12,5.599899325240288e-9,0.014141428541823278
2,0.2617993877991494,4,3,30,5.079975421942411,-0.0015410637134026268,5.079975655691309,1.3299345166945673,0.0,1.1721382734193684e-7,1.1721382734193684e-7,0.0,0.0,1.6555900740995673e-9,8.10099682155278e-11,2.324810405061837e-12,5.599899325240288e-9,0.014141428541823278
2,0.2617993877991494,4,5,31,5.079975421950876,-0.0015410637172286754,5.0799756556997755,1.3299345166967838,1.1721381119767444e-7,0.0,1.1721381119767444e-7,1.6555900572795046e-9,8.100993560588429e-11,0.0,0.0,2.324810405061837e-12,5.599899325240288e-9,0.014141428541823278
2,0.2617993877991494,4,3,32,5.083207179602244,0.001808414217682156,5.083207501285166,1.3307806118925005,0.0,6.630938021628003e-8,6.630938021628003e-8,0.0,0.0,9.342774333135438e-10,-8.015199600956512e-11,2.324810405061837e-12,5.599899325240288e-9,0.014141428541823278
2,0.2617993877991494,4,5,33,5.083207179609362,0.001808414219427091,5.083207501292285,1.3307806118943641,6.630932901896493e-8,0.0,6.630932901896493e-8,9.342767685858401e-10,-8.01527660099778e-11,0.0,0.0,2.324810405061837e-12,5.599899325240288e-9,0.014141428541823278
2,0.2617993877991494,4,3,34,5.079590196691056,-0.001784191511014829,5.079590510037126,1.3298336857980886,0.0,5.6243020237245686e-8,5.6243020237245686e-8,0.0,0.0,7.922096095019382e-10,7.068591424377741e-11,2.324810405061837e-12,5.599899325240288e-9,0.014141428541823278
2,0.2617993877991494,4,5,35,5.079590196688029,-0.0017841915100200233,5.079590510034099,1.329833685797296,5.6243004721813695e-8,0.0,5.6243004721813695e-8,7.922093586696447e-10,7.068571283779199e-11,0.0,0.0,2.324810405061837e-12,5.599899325240288e-9,0.014141428541823278
2,0.2617993877991494,4,3,36,7.204034281755408,0.00012286950650969557,7.204034282803218,1.886011764921967,0.0,4.026106459364359e-9,4.026106459364359e-9,0.0,0.0,5.6934426392566516e-11,2.3490277122278245e-13,2.324810405061837e-12,5.599899325240288e-9,0.014141428541823278
2,0.2617993877991494,4,5,37,7.20403428181163,0.0001228695792637193,7.204034282859441,1.8860117649366859,4.0261064283214225e-9,0.0,4.0261064283214225e-9,5.6934412756640115e-11,2.3488165106752914e-13,0.0,0.0,2.324810405061837e-12,5.599899325240288e-9,0.014141428541823278
2,0.2617993877991494,4,5,38,7.20379079366789,-0.0001206084994426729,7.203790794677526,1.8859480198797243,3.993126838510526e-9,0.0,3.993126838510526e-9,5.64680267158893e-11,-2.3149260800402997e-13,0.0,0.0,2.324810405061837e-12,5.599899325240288e-9,0.014141428541823278
2,0.2617993877991494,4,3,39,7.2037907936480154,-0.00012060849979389542,7.203790794657651,1.885948019874521,0.0,3.9931265298444444e-9,3.9931265298444444e-9,0.0,0.0,5.64680327244389e-11,-2.314910530271079e-13,2.324810405061837e-12,5.599899325240288e-9,0.014141428541823278
2,0.2617993877991494,4,3,40,5.640533623020117,0.0018126015324323916,5.6405339142624396,1.4766883256142467,0.0,1.4134921629092705e-12,1.4134921629092705e-12,0.0,0.0,1.9985055596180644e-14,3.4901390200846256e-16,2.324810405061837e-12,5.599899325240288e-9,0.014141428541823278
2,0.2617993877991494,4,5,41,5.640533623016408,0.0018126015384974854,5.640533914258733,1.4766883256132763,1.4133892254306362e-12,0.0,1.4133892254306362e-12,1.9983921099440147e-14,3.485531936354591e-16,0.0,0.0,2.324810405061837e-12,5.599899325240288e-9,0.014141428541823278
2,0.2617993877991494,4,3,42,5.636978698679688,-0.0017421450629310376,5.636978967890334,1.4757576428303705,0.0,1.364100120680776e-12,1.364100120680776e-12,0.0,0.0,1.9287399706572546e-14,-3.4716029951728324e-16,2.324810405061837e-12,5.599899325240288e-9,0.014141428541823278
2,0.2617993877991494,4,5,43,5.636978698686287,-0.0017421450628997887,5.636978967896932,1.475757642832098,1.36392176121275e-12,0.0,1.36392176121275e-12,1.9285025295716733e-14,-3.5057122306204355e-16,0.0,0.0,2.324810405061837e-12,5.599899325240288e-9,0.014141428541823278
2,0.2617993877991494,4,5,44,5.640703461829857,0.0015642948459102996,5.640703678737051,1.4767327698497699,9.713902250888455e-13,0.0,9.713902250888455e-13,1.3729995900431273e-14,-4.254576804909129e-16,0.0,0.0,2.324810405061837e-12,5.599899325240288e-9,0.014141428541823278
2,0.2617993877991494,4,3,45,5.640703461838052,0.0015642948405193637,5.640703678745244,1.4767327698519148,0.0,9.71365501144444e-13,9.71365501144444e-13,0.0,0.0,1.3729711960664981e-14,-4.2592820057131094e-16,2.324810405061837e-12,5.599899325240288e-9,0.014141428541823278
2,0.2617993877991494,4,5,46,5.637621867241783,-0.001493314797077296,5.637622065019241,1.4759260052650138,8.794430869420513e-13,0.0,8.794430869420513e-13,1.242635402844167e-14,4.8961607878774105e-16,0.0,0.0,2.324810405061837e-12,5.599899325240288e-9,0.014141428541823278
2,0.2617993877991494,4,3,47,5.637621867234194,-0.0014933147909679482,5.637622065011651,1.4759260052630265,0.0,8.793841006616073e-13,8.793841006616073e-13,0.0,0.0,1.2426056389807684e-14,4.895928017202252e-16,2.324810405061837e-12,5.599899325240288e-9,0.014141428541823278
2,0.2617993877991494,4,3,48,5.640803857151015,0.001804600773613161,5.6408041458141165,1.4767590720690396,0.0,5.049742114934022e-13,5.049742114934022e-13,0.0,0.0,7.117897718011293e-15,-5.68704482338156e-16,2.324810405061837e-12,5.599899325240288e-9,0.014141428541823278
2,0.2617993877991494,4,5,49,5.6408038571577,0.001804600772273042,5.640804145820801,1.4767590720707895,5.04971451260593e-13,0.0,5.04971451260593e-13,7.11799447405587e-15,-5.683746598329667e-16,0.0,0.0,2.324810405061837e-12,5.599899325240288e-9,0.014141428541823278
2,0.2617993877991494,4,5,50,5.637240625845403,-0.001734625902691106,5.637240892724818,1.4758262145916878,4.22970592998886e-13,0.0,4.22970592998886e-13,5.961447258760872e-15,4.933304340296037e-16,0.0,0.0,2.324810405061837e-12,5.599899325240288e-9,0.014141428541823278
2,0.2617993877991494,4,3,51,5.637240625847965,-0.00173462590511683,5.637240892727379,1.4758262145923584,0.0,4.2293246293756113e-13,4.2293246293756113e-13,0.0,0.0,5.960884198339927e-15,4.930076327519469e-16,2.324810405061837e-12,5.599899325240288e-9,0.014141428541823278
2,0.2617993877991494,4,5,52,3.516407516700963,-7.385109359111727e-5,3.516407517476468,0.9205933353276661,4.096575420278275e-15,0.0,4.096575420278275e-15,5.8396868830188395e-18,5.763821108363753e-17,0.0,0.0,2.324810405061837e-12,5.599899325240288e-9,0.014141428541823278
2,0.2617993877991494,4,3,53,3.5164075166791275,-7.385110476353356e-5,3.516407517454633,0.9205933353219496,0.0,4.094777677780629e-15,4.094777677780629e-15,0.0,0.0,5.894368594289295e-18,5.76375956089047e-17,2.324810405061837e-12,5.599899325240288e-9,0.014141428541823278
2,0.2617993877991494,4,5,54,3.5166475032793247,0.00016612580155161375,3.5166475072032015,0.920656164491203,3.3984051471183937e-15,0.0,3.3984051471183937e-15,-5.337030439282467e-18,4.7751929279172515e-17,0.0,0.0,2.324810405061837e-12,5.599899325240288e-9,0.014141428541823278
2,0.2617993877991494,4,3,55,3.516647503229995,0.00016612573679472336,3.5166475071538685,0.9206561644782877,0.0,3.3814853902407525e-15,3.3814853902407525e-15,0.0,0.0,-5.256228621593856e-18,4.7548226167048986e-17,2.324810405061837e-12,5.599899325240288e-9,0.014141428541823278
2,0.2617993877991494,4,3,56,7.763214170354214,-9.753185796586902e-5,7.763214170966877,2.0324047173128097,0.0,1.488425105540311e-15,1.488425105540311e-15,0.0,0.0,2.1047533564854215e-17,9.006390399802972e-20,2.324810405061837e-12,5.599899325240288e-9,0.014141428541823278
2,0.2617993877991494,4,5,57,7.763214170353248,-9.753187115920693e-5,7.76321417096591,2.0324047173125566,1.4870836362316839e-15,0.0,1.4870836362316839e-15,2.1030260134314042e-17,7.519204654300165e-20,0.0,0.0,2.324810405061837e-12,5.599899325240288e-9,0.014141428541823278
2,0.2617993877991494,4,3,58,7.763457573149362,0.000145860956549036,7.76345757451959,2.032468440213898,0.0,1.4758890032633777e-15,1.4758890032633777e-15,0.0,0.0,2.0874508339203502e-17,-8.295007893564548e-20,2.324810405061837e-12,5.599899325240288e-9,0.014141428541823278
2,0.2617993877991494,4,5,59,7.763457573150772,0.00014586096841893818,7.763457574521,2.0324684402142674,1.4751214944878174e-15,0.0,1.4751214944878174e-15,2.0863831229514868e-17,-9.390757402607038e-20,0.0,0.0,2.324810405061837e-12,5.599899325240288e-9,0.014141428541823278
2,0.2617993877991494,4,5,60,7.763033788299488,0.0034750838539478264,7.763034566101537,2.032357696869018,1.0597489261387749e-15,0.0,1.0597489261387749e-15,1.4989116884703565e-17,-4.23211552795905e-19,0.0,0.0,2.324810405061837e-12,5.599899325240288e-9,0.014141428541823278
2,0.2617993877991494,4,3,61,7.7630337885069025,0.0034750841390456867,7.76303456630908,2.0323576969233526,0.0,1.0577828067589467e-15,1.0577828067589467e-15,0.0,0.0,1.4949442707903925e-17,-4.778505562456468e-19,2.324810405061837e-12,5.599899325240288e-9,0.014141428541823278
2,0.2617993877991494,4,5,62,7.756108126053294,-0.0034262220856875166,7.7561088828115174,2.0305445572236,9.587139002136415e-16,0.0,9.587139002136415e-16,1.3542604835503414e-17,5.294829485819822e-19,0.0,0.0,2.324810405061837e-12,5.599899325240288e-9,0.014141428541823278
2,0.2617993877991494,4,3,63,7.756108126126851,-0.00342622207248705,7.756108882885068,2.0305445572428553,0.0,9.574682604376542e-16,9.574682604376542e-16,0.0,0.0,1.3524272807790491e-17,5.228330273858973e-19,2.324810405061837e-12,5.599899325240288e-9,0.014141428541823278
2,0.2617993877991494,4,3,64,7.7593146613458766,-0.000102547479979136,7.759314662023513,2.0313838282587198,0.0,5.362669518567308e-16,5.362669518567308e-16,0.0,0.0,7.544708006753064e-18,-7.973308607366311e-19,2.324810405061837e-12,5.599899325240288e-9,0.014141428541823278
2,0.2617993877991494,4,5,65,7.7593146613851305,-0.00010254747572012142,7.759314662062767,2.0313838282689964,5.35391528240122e-16,0.0,5.35391528240122e-16,7.52906829417639e-18,-8.120612566919623e-19,0.0,0.0,2.324810405061837e-12,5.599899325240288e-9,0.014141428541823278
2,0.2617993877991494,4,5,66,7.759544284722689,0.00015107000663830417,7.759544286193274,2.031443943725787,4.738358301597031e-16,0.0,4.738358301597031e-16,6.662404061231615e-18,7.34690333984092e-19,0.0,0.0,2.324810405061837e-12,5.599899325240288e-9,0.014141428541823278
2,0.2617993877991494,4,3,67,7.759544284633395,0.00015106986571503372,7.759544286103978,2.0314439437024094,0.0,4.732074024163769e-16,4.732074024163769e-16,0.0,0.0,6.655857945738089e-18,7.260517555263601e-19,2.324810405061837e-12,5.599899325240288e-9,0.014141428541823278
2,0.2617993877991494,4,3,68,2.960378978051531,0.003722660928322305,2.9603813186638326,0.77502601687823,0.0,1.0509263428220304e-19,1.0509263428220304e-19,0.0,0.0,-1.3095888870416658e-21,-5.716732262258474e-23,2.324810405061837e-12,5.599899325240288e-9,0.014141428541823278
2,0.2617993877991494,4,3,69,5.083361575033681,0.0018156155515442235,5.08336189927382,1.3308210331914074,0.0,5.16697962711123e-20,5.16697962711123e-20,0.0,0.0,-5.495346318262237e-22,2.2588439118094842e-22,2.324810405061837e-12,5.599899325240288e-9,0.014141428541823278
2,0.2617993877991494,4,3,70,2.961030738610642,-9.78942535832172e-5,2.9610307402288765,0.775196035046382,0.0,4.2959012529353456e-20,4.2959012529353456e-20,0.0,0.0,-7.452083438039793e-23,1.151515581450026e-22,2.324810405061837e-12,5.599899325240288e-9,0.014141428541823278
2,0.2617993877991494,4,5,71,2.9610307386106562,-9.789425359935143e-5,2.9610307402288907,0.7751960350463858,4.030093596482249e-20,0.0,4.030093596482249e-20,-3.648583359355239e-22,6.392544557300262e-23,0.0,0.0,2.324810405061837e-12,5.599899325240288e-9,0.014141428541823278
2,0.2617993877991494,4,5,72,5.083361575033628,0.0018156155515530246,5.083361899273767,1.3308210331913934,3.8746534683499017e-20,0.0,3.8746534683499017e-20,-4.931304894260672e-22,1.8322997185162045e-22,0.0,0.0,2.324810405061837e-12,5.599899325240288e-9,0.014141428541823278
2,0.2617993877991494,4,5,73,2.9603789780515464,0.003722660928346473,2.960381318663848,0.775026016878234,3.728931247363645e-20,0.0,3.728931247363645e-20,3.732994528151142e-22,-3.7182600677058104e-22,0.0,0.0,2.324810405061837e-12,5.599899325240288e-9,0.014141428541823278
2,0.2617993877991494,4,5,74,2.9529801450531643,-0.003675799949569828,2.9529824328267646,0.7730889930956898,3.56405064646508e-20,0.0,3.56405064646508e-20,-3.869007544513667e-22,2.3497295064277517e-22,0.0,0.0,2.324810405061837e-12,5.599899325240288e-9,0.014141428541823278
2,0.2617993877991494,4,5,75,5.079754890373616,-0.0017908841572920541,5.0797552060646325,1.3298768031172628,3.255431709621793e-20,0.0,3.255431709621793e-20,-3.730561945664854e-22,2.8143901052719406e-22,0.0,0.0,2.324810405061837e-12,5.599899325240288e-9,0.014141428541823278
2,0.2617993877991494,4,3,76,2.9529801450532576,-0.0036757999497616417,2.952982432826858,0.7730889930957142,0.0,2.6910899266961063e-20,2.6910899266961063e-20,0.0,0.0,2.7655581583024284e-22,2.3970596005942982e-22,2.324810405061837e-12,5.599899325240288e-9,0.014141428541823278
2,0.2617993877991494,4,3,77,5.079754890373587,-0.001790884157279947,5.079755206064603,1.3298768031172552,0.0,2.494210207812901e-20,2.494210207812901e-20,0.0,0.0,-3.629584020035458e-22,2.455304283084222e-22,2.324810405061837e-12,5.599899325240288e-9,0.014141428541823278
2,0.2617993877991494,4,5,78,5.637409212100056,-0.0017394223442137864,5.63740948044939,1.4758703507547712,1.5096742762400013e-20,0.0,1.5096742762400013e-20,-1.428290157696184e-22,1.438707956443887e-22,0.0,0.0,2.324810405061837e-12,5.599899325240288e-9,0.014141428541823278
2,0.2617993877991494,4,3,79,5.63740921209999,-0.0017394223441849037,5.637409480449325,1.4758703507547541,0.0,1.3422156991679991e-20,1.3422156991679991e-20,0.0,0.0,-1.3619368299046125e-22,1.471593685713445e-22,2.324810405061837e-12,5.599899325240288e-9,0.014141428541823278
3,0.15114994701951814,5,4,0,0.011878321850282703,0.00571539049937517,0.013181813932052425,0.0019924304774508704,0.0,61.042489460057354,61.042489460057354,0.0,0.0,0.8632280023758803,-9.17612685924496e-6,9.800980956198754e-12,1.5355103638004582e-8,0.01414142854173886
3,0.15114994701951814,5,6,1,0.011878321846213957,0.005715390495693823,0.013181813926789857,0.0019924304766554333,61.04248945946976,0.0,61.04248945946976,0.863228002367336,-9.176120023823842e-6,0.0,0.0,9.800980956198754e-12,1.5355103638004582e-8,0.01414142854173886
3,0.15114994701951814,5,4,2,2.0807300219529288,0.00030410447844442245,2.080730044175786,0.3145022359390897,0.0,3.063152488252505,3.063152488252505,0.0,0.0,0.0433161395443169,0.00032402330083503017,9.800980956198754e-12,1.5355103638004582e-8,0.01414142854173886
3,0.15114994701951814,5,6,3,2.080730021948164,0.00030410447223871984,2.0807300441710206,0.3145022359383694,3.063152408664573,0.0,3.063152408664573,0.04331613954611524,0.00032402329923608697,0.0,0.0,9.800980956198754e-12,1.5355103638004582e-8,0.01414142854173886
3,0.15114994701951814,5,4,4,2.079568183254236,-0.0002803755440376329,2.0795682021549013,0.31432662357918795,0.0,2.9945270060925315,2.9945270060925315,0.0,0.0,0.042346247432224704,-0.0002331191235798169,9.800980956198754e-12,1.5355103638004582e-8,0.01414142854173886
3,0.15114994701951814,5,6,5,2.0795681832526487,-0.0002803755376366065,2.0795682021533133,0.3143266235789479,2.9945269261316936,0.0,2.9945269261316936,0.04234624742834092,-0.000233119120240044,0.0,0.0,9.800980956198754e-12,1.5355103638004582e-8,0.01414142854173886
3,0.15114994701951814,5,6,6,4.29519593349237,0.0001762273551232929,4.295195937107581,0.6492186383322606,1.8177424205242425,0.0,1.8177424205242425,0.025705298719155167,9.523221627394385e-5,0.0,0.0,9.800980956198754e-12,1.5355103638004582e-8,0.01414142854173886
3,0.15114994701951814,5,4,7,4.295195933371015,0.0001762272373704854,4.295195936986221,0.6492186383139169,0.0,1.8177424143540497,1.8177424143540497,0.0,0.0,0.025705298719787106,9.523221672880222e-5,9.800980956198754e-12,1.5355103638004582e-8,0.01414142854173886
3,0.15114994701951814,5,6,8,4.294498501622181,-0.00016806710252870692,4.294498504910871,0.649113221492678,1.7950558563944754,0.0,1.7950558563944754,0.025384537655915196,-7.709756199991702e-5,0.0,0.0,9.800980956198754e-12,1.5355103638004582e-8,0.01414142854173886
3,0.15114994701951814,5,4,9,4.294498501517401,-0.00016806705607150165,4.294498504806089,0.6491132214768403,0.0,1.7950558517716169,1.7950558517716169,0.0,0.0,0.025384537659595918,-7.709756377782817e-5,9.800980956198754e-12,1.5355103638004582e-8,0.01414142854173886
3,0.15114994701951814,5,6,10,2.0916254166676977,0.011129964435378656,2.091655028860795,0.31615354679541785,0.005997095189963761,0.0,0.005997095189963761,1.661698217864018e-5,-8.316361349995595e-5,0.0,0.0,9.800980956198754e-12,1.5355103638004582e-8,0.01414142854173886
3,0.15114994701951814,5,4,11,2.0916254166928105,0.01112996446577031,2.091655028886069,0.316153546799238,0.0,0.0059970950927963895,0.0059970950927963895,0.0,0.0,1.6616982738702595e-5,-8.316361296951654e-5,9.800980956198754e-12,1.5355103638004582e-8,0.01414142854173886
3,0.15114994701951814,5,4,12,4.306300059234311,0.01125571485041385,4.3063147691823715,0.650899249211284,0.0,0.0012010389411165486,0.0012010389411165486,0.0,0.0,3.1051540941228156e-6,-1.669814546670606e-5,9.800980956198754e-12,1.5355103638004582e-8,0.01414142854173886
3,0.15114994701951814,5,6,13,4.306300059118295,0.011255714872838204,4.306314769066415,0.6508992491937572,0.0012010389288580922,0.0,0.0012010389288580922,3.1051550807857696e-6,-1.6698145444601128e-5,0.0,0.0,9.800980956198754e-12,1.5355103638004582e-8,0.01414142854173886
3,0.15114994701951814,5,4,14,6.385991149100471,0.005827463544715809,6.385993807992686,0.9652426257450655,0.0,9.585199061158104e-7,9.585199061158104e-7,0.0,0.0,1.353624206769797e-8,-7.098219168720812e-10,9.800980956198754e-12,1.5355103638004582e-8,0.01414142854173886
3,0.15114994701951814,5,6,15,6.385991149082706,0.005827463598559048,6.38599380797497,0.9652426257423876,9.585197499595087e-7,0.0,9.585197499595087e-7,1.353624121675279e-8,-7.09820639724009e-10,0.0,0.0,9.800980956198754e-12,1.5355103638004582e-8,0.01414142854173886
3,0.15114994701951814,5,4,16,6.386440929535019,0.005264394460257241,6.3864430992759305,0.9653105360987242,0.0,9.309208620405821e-7,9.309208620405821e-7,0.0,0.0,1.3163559179883685e-8,-1.6155507405349537e-10,9.800980956198754e-12,1.5355103638004582e-8,0.01414142854173886
3,0.15114994701951814,5,6,17,6.386440929485897,0.005264394517357121,6.386443099226855,0.9653105360913063,9.309206131770011e-7,0.0,9.309206131770011e-7,1.3163558774626277e-8,-1.615552219682649e-10,0.0,0.0,9.800980956198754e-12,1.5355103638004582e-8,0.01414142854173886
3,0.15114994701951814,5,4,18,6.385768236913606,0.00560738480805156,6.385770698853748,0.9652089028105354,0.0,4.899932856576299e-7,4.899932856576299e-7,0.0,0.0,6.8838898874395605e-9,7.911511339408059e-10,9.800980956198754e-12,1.5355103638004582e-8,0.01414142854173886
3,0.15114994701951814,5,6,19,6.385768236964881,0.005607385035147154,6.3857706989052225,0.9652089028183157,4.89992978433273e-7,0.0,4.89992978433273e-7,6.883886898992497e-9,7.911524821732859e-10,0.0,0.0,9.800980956198754e-12,1.5355103638004582e-8,0.01414142854173886
3,0.15114994701951814,5,4,20,6.386795748281637,0.005602277916762878,6.386798205344071,0.96536421036211,0.0,4.5775130656612443e-7,4.5775130656612443e-7,0.0,0.0,6.467731689770169e-9,-2.6742455714109706e-10,9.800980956198754e-12,1.5355103638004582e-8,0.01414142854173886
3,0.15114994701951814,5,6,21,6.386795748200701,0.005602277851168205,6.386798205263077,0.9653642103498677,4.577512303867551e-7,0.0,4.577512303867551e-7,6.467731558661168e-9,-2.6742582872511575e-10,0.0,0.0,9.800980956198754e-12,1.5355103638004582e-8,0.01414142854173886
3,0.15114994701951814,5,4,22,8.600859672680482,0.005716405589486535,8.600861572332988,1.3000197709803407,0.0,2.3080140384190399e-7,2.3080140384190399e-7,0.0,0.0,3.2638428524437983e-9,1.0768134932631123e-11,9.800980956198754e-12,1.5355103638004582e-8,0.01414142854173886
3,0.15114994701951814,5,6,23,8.60085967274135,0.005716405533462141,8.60086157239382,1.3000197709895354,2.308012644475819e-7,0.0,2.308012644475819e-7,3.263842824656181e-9,1.0770508726716284e-11,0.0,0.0,9.800980956198754e-12,1.5355103638004582e-8,0.01414142854173886
3,0.15114994701951814,5,4,24,8.601228612497025,0.005378199585462233,8.601230293944482,1.300075503232383,0.0,1.520899500988441e-7,1.520899500988441e-7,0.0,0.0,2.150681288975221e-9,-1.934092153434313e-11,9.800980956198754e-12,1.5355103638004582e-8,0.01414142854173886
3,0.15114994701951814,5,6,25,8.601228612471921,0.005378199584468219,8.601230293919377,1.3000755032285882,1.5208982422639754e-7,0.0,1.5208982422639754e-7,2.1506814742789445e-9,-1.9341021384446455e-11,0.0,0.0,9.800980956198754e-12,1.5355103638004582e-8,0.01414142854173886
3,0.15114994701951814,5,4,26,8.601566847904046,0.005716432064154078,8.601568747417966,1.3001266604569686,0.0,7.602335303622641e-8,7.602335303622641e-8,0.0,0.0,1.0750316960717158e-9,-1.0040607633746591e-11,9.800980956198754e-12,1.5355103638004582e-8,0.01414142854173886
3,0.15114994701951814,5,6,27,8.601566847908696,0.005716432064056242,8.601568747422617,1.3001266604576716,7.602331364794468e-8,0.0,7.602331364794468e-8,1.0750311885249383e-9,-1.0042756597391712e-11,0.0,0.0,9.800980956198754e-12,1.5355103638004582e-8,0.01414142854173886
3,0.15114994701951814,5,6,28,6.3870291107553925,0.0058327215724449915,6.387031774015044,0.965399514254353,7.587435512680395e-8,0.0,7.587435512680395e-8,1.0561801910416811e-9,1.8908265284652034e-10,0.0,0.0,9.800980956198754e-12,1.5355103638004582e-8,0.01414142854173886
3,0.15114994701951814,5,4,29,6.387029110734611,0.0058327216603769215,6.387031773994343,0.9653995142512238,0.0,7.587434320106545e-8,7.587434320106545e-8,0.0,0.0,1.0561800502675317e-9,1.8908302031675614e-10,9.800980956198754e-12,1.5355103638004582e-8,0.01414142854173886
3,0.15114994701951814,5,6,30,4.170997269642996,0.0057184223330216995,4.171001189609433,0.6304466088278129,4.9591125513516015e-8,0.0,4.9591125513516015e-8,5.787712026846341e-10,-3.9601920654509823e-10,0.0,0.0,9.800980956198754e-12,1.5355103638004582e-8,0.01414142854173886
3,0.15114994701951814,5,4,31,4.170997269640814,0.005718422328124646,4.171001189607245,0.6304466088274823,0.0,4.959078491727765e-8,4.959078491727765e-8,0.0,0.0,5.787684494813499e-10,-3.960182101272929e-10,9.800980956198754e-12,1.5355103638004582e-8,0.01414142854173886
3,0.15114994701951814,5,4,32,6.241044671516224,0.0003102665802734439,6.241044679228503,0.9433335726118339,0.0,4.4205052861265676e-8,4.4205052861265676e-8,0.0,0.0,6.250942308293267e-10,5.970208981176979e-12,9.800980956198754e-12,1.5355103638004582e-8,0.01414142854173886
3,0.15114994701951814,5,6,33,6.2410446715473435,0.000310266577182583,6.241044679259622,0.9433335726165375,4.420504972781507e-8,0.0,4.420504972781507e-8,6.250941188074427e-10,5.970321858776073e-12,0.0,0.0,9.800980956198754e-12,1.5355103638004582e-8,0.01414142854173886
3,0.15114994701951814,5,6,34,6.38541430176633,0.005269783614329823,6.385416476301396,0.9651553620905142,4.358688908524545e-8,0.0,4.358688908524545e-8,6.162450491349758e-10,-1.2942534317716595e-11,0.0,0.0,9.800980956198754e-12,1.5355103638004582e-8,0.01414142854173886
3,0.15114994701951814,5,4,35,6.385414301844131,0.005269783634457809,6.385416476379213,0.9651553621022763,0.0,4.358685187533279e-8,4.358685187533279e-8,0.0,0.0,6.162442056541571e-10,-1.2942299815533417e-11,9.800980956198754e-12,1.5355103638004582e-8,0.01414142854173886
3,0.15114994701951814,5,4,36,6.2398841493049035,-0.0002735172631884719,6.239884155299541,0.9431581594814564,0.0,4.2986450647903737e-8,4.2986450647903737e-8,0.0,0.0,6.078732148951741e-10,-4.494248791877034e-12,9.800980956198754e-12,1.5355103638004582e-8,0.01414142854173886
3,0.15114994701951814,5,6,37,6.239884149301307,-0.0002735172808785531,6.239884155295946,0.943158159480913,4.298642358564019e-8,0.0,4.298642358564019e-8,6.07872980084489e-10,-4.4942076430594695e-12,0.0,0.0,9.800980956198754e-12,1.5355103638004582e-8,0.01414142854173886
3,0.15114994701951814,5,6,38,4.171593062201126,0.005151602455512727,4.171596243119943,0.6305365511344003,3.019896304566892e-8,0.0,3.019896304566892e-8,3.561084262300567e-10,-2.3572013229866135e-10,0.0,0.0,9.800980956198754e-12,1.5355103638004582e-8,0.01414142854173886
3,0.15114994701951814,5,4,39,4.171593062188089,0.005151602421579563,4.1715962431068645,0.6305365511324235,0.0,3.019888293530401e-8,3.019888293530401e-8,0.0,0.0,3.561083462217498e-10,-2.357200654074041e-10,9.800980956198754e-12,1.5355103638004582e-8,0.01414142854173886
3,0.15114994701951814,5,6,40,8.454808288420978,-0.00016133142655786002,8.45480828996021,1.2779438250876687,1.986554626873313e-8,0.0,1.986554626873313e-8,2.8092641500896874e-10,6.6234217466399e-13,0.0,0.0,9.800980956198754e-12,1.5355103638004582e-8,0.01414142854173886
3,0.15114994701951814,5,4,41,8.454808288363099,-0.00016133137111508204,8.45480828990233,1.27794382507892,0.0,1.9865491678324204e-8,1.9865491678324204e-8,0.0,0.0,2.809256583402508e-10,6.62937102566373e-13,9.800980956198754e-12,1.5355103638004582e-8,0.01414142854173886
3,0.15114994701951814,5,4,42,8.455505157537885,0.00018253997995007053,8.455505159508249,1.2780491568829342,0.0,1.98413258128975e-8,1.98413258128975e-8,0.0,0.0,2.805845134275394e-10,-3.521500589603656e-13,9.800980956198754e-12,1.5355103638004582e-8,0.01414142854173886
3,0.15114994701951814,5,6,43,8.455505157634338,0.0001825399691821059,8.455505159604702,1.278049156897513,1.984130967519132e-8,0.0,1.984130967519132e-8,2.805843032400987e-10,-3.51791098560183e-13,0.0,0.0,9.800980956198754e-12,1.5355103638004582e-8,0.01414142854173886
3,0.15114994701951814,5,6,44,8.45594720700343,0.0004376058643800196,8.455947218326756,1.278115974049931,1.4693375817885943e-8,0.0,1.4693375817885943e-8,2.0747553924570493e-10,-1.1341794796899777e-11,0.0,0.0,9.800980956198754e-12,1.5355103638004582e-8,0.01414142854173886
3,0.15114994701951814,5,4,45,8.455947206599186,0.0004376055564019911,8.455947217922496,1.278115973988827,0.0,1.4693367597070728e-8,1.4693367597070728e-8,0.0,0.0,2.074754112031613e-10,-1.1341844273617893e-11,9.800980956198754e-12,1.5355103638004582e-8,0.01414142854173886
3,0.15114994701951814,5,4,46,4.172159995608611,0.005718586704930954,4.1721639147079,0.6306223546648445,0.0,1.4508254329483376e-8,1.4508254329483376e-8,0.0,0.0,1.6035342851493612e-10,-1.2798624009692105e-10,9.800980956198754e-12,1.5355103638004582e-8,0.01414142854173886
3,0.15114994701951814,5,6,47,4.1721599955935424,0.005718586682400266,4.1721639146928,0.6306223546625621,1.4508236861559482e-8,0.0,1.4508236861559482e-8,1.6035281624102776e-10,-1.2798646875873182e-10,0.0,0.0,9.800980956198754e-12,1.5355103638004582e-8,0.01414142854173886
3,0.15114994701951814,5,4,48,8.454318915711156,-0.0003816762799836856,8.45431892432668,1.2778698574980873,0.0,1.2121944121916853e-8,1.2121944121916853e-8,0.0,0.0,1.7073028079798103e-10,1.537979440401556e-11,9.800980956198754e-12,1.5355103638004582e-8,0.01414142854173886
3,0.15114994701951814,5,6,49,8.454318916319206,-0.00038167691610466875,8.454318924934759,1.2778698575899983,1.2121932613582649e-8,0.0,1.2121932613582649e-8,1.7073008690420095e-10,1.538013504547372e-11,0.0,0.0,9.800980956198754e-12,1.5355103638004582e-8,0.01414142854173886
3,0.15114994701951814,5,4,50,8.454750774795473,-0.00013330552612947008,8.454750775846383,1.2779351318324108,0.0,7.663523331492237e-9,7.663523331492237e-9,0.0,0.0,1.0662444348264143e-10,-1.9389897325896556e-11,9.800980956198754e-12,1.5355103638004582e-8,0.01414142854173886
3,0.15114994701951814,5,6,51,8.454750774513425,-0.00013330519283373098,8.45475077556433,1.2779351317897785,7.663450355169453e-9,0.0,7.663450355169453e-9,1.0662353083062747e-10,-1.938939860099738e-11,0.0,0.0,9.800980956198754e-12,1.5355103638004582e-8,0.01414142854173886
3,0.15114994701951814,5,4,52,8.455444573408336,0.00021908006814693425,8.455444576246512,1.2780399997261322,0.0,5.8097645579694325e-9,5.8097645579694325e-9,0.0,0.0,8.055804841920716e-11,1.6137203521508505e-11,9.800980956198754e-12,1.5355103638004582e-8,0.01414142854173886
3,0.15114994701951814,5,6,53,8.45544457318439,0.00021907987943997013,8.455444576022561,1.2780399996922822,5.809760367348029e-9,0.0,5.809760367348029e-9,8.055798856157295e-11,1.6136826252552793e-11,0.0,0.0,9.800980956198754e-12,1.5355103638004582e-8,0.01414142854173886
3,0.15114994701951814,5,6,54,6.251933895202752,0.011130069371818008,6.251943802404919,0.9449809745025084,8.876460390593386e-11,0.0,8.876460390593386e-11,2.891725087266879e-13,-1.2214941790412077e-12,0.0,0.0,9.800980956198754e-12,1.5355103638004582e-8,0.01414142854173886
3,0.15114994701951814,5,4,55,6.251933895119629,0.011130069274197437,6.251943802321622,0.944980974489918,0.0,8.876403668320916e-11,8.876403668320916e-11,0.0,0.0,2.8916475839240715e-13,-1.2214893218232608e-12,9.800980956198754e-12,1.5355103638004582e-8,0.01414142854173886
3,0.15114994701951814,5,6,56,8.466614253435779,0.011220635337638226,8.466621688674845,1.279729419677506,3.0565341621660154e-11,0.0,3.0565341621660154e-11,3.8046157254453563e-14,-4.3056003776956006e-13,0.0,0.0,9.800980956198754e-12,1.5355103638004582e-8,0.01414142854173886
3,0.15114994701951814,5,4,57,8.46661425348934,0.011220635441557967,8.466621688728543,1.2797294196856224,0.0,3.056452377000063e-11,3.056452377000063e-11,0.0,0.0,3.8039502427080215e-14,-4.305485591953262e-13,9.800980956198754e-12,1.5355103638004582e-8,0.01414142854173886
3,0.15114994701951814,5,6,58,8.466641405456636,0.010999138134852808,8.466648550024528,1.2797334797690876,2.1659684444153707e-11,0.0,2.1659684444153707e-11,9.628180569218431e-14,-2.9077167942556505e-13,0.0,0.0,9.800980956198754e-12,1.5355103638004582e-8,0.01414142854173886
3,0.15114994701951814,5,4,59,8.46664140536193,0.010999137941476288,8.46664854992957,1.2797334797547346,0.0,2.165924376217667e-11,2.165924376217667e-11,0.0,0.0,9.627628806799636e-14,-2.907676674886421e-13,9.800980956198754e-12,1.5355103638004582e-8,0.01414142854173886
3,0.15114994701951814,5,4,60,8.466602929489575,0.011255678087241552,8.466610411252585,1.279727715095729,0.0,1.1156948292654493e-11,1.1156948292654493e-11,0.0,0.0,4.469172766446555e-15,-1.5771205215783968e-13,9.800980956198754e-12,1.5355103638004582e-8,0.01414142854173886
3,0.15114994701951814,5,6,61,8.466602929607863,0.011255678227443543,8.46661041137106,1.2797277151136364,1.1156841034534925e-11,0.0,1.1156841034534925e-11,4.4688052667280205e-15,-1.577104424870618e-13,0.0,0.0,9.800980956198754e-12,1.5355103638004582e-8,0.01414142854173886
3,0.15114994701951814,5,6,62,8.466639181851768,0.010658016215854691,8.466645890137206,1.2797330777272597,5.093580125629943e-12,0.0,5.093580125629943e-12,2.6163738778663807e-14,-6.710833077307156e-14,0.0,0.0,9.800980956198754e-12,1.5355103638004582e-8,0.01414142854173886
3,0.15114994701951814,5,4,63,8.466639181861321,0.010658016215482211,8.466645890146758,1.2797330777287035,0.0,5.093294397166904e-12,5.093294397166904e-12,0.0,0.0,2.6162514019897723e-14,-6.710862269867905e-14,9.800980956198754e-12,1.5355103638004582e-8,0.01414142854173886
3,0.15114994701951814,5,6,64,10.546310979120502,0.0058391726306608015,10.546312595606802,1.5940745900772448,5.377176760835223e-15,0.0,5.377176760835223e-15,7.592738553791056e-17,4.226951568192596e-18,0.0,0.0,9.800980956198754e-12,1.5355103638004582e-8,0.01414142854173886
3,0.15114994701951814,5,4,65,10.546310978997873,0.005839172672574641,10.546312595484196,1.594074590058713,0.0,5.373121056068656e-15,5.373121056068656e-15,0.0,0.0,7.586815365821162e-17,4.286439002910351e-18,9.800980956198754e-12,1.5355103638004582e-8,0.01414142854173886
3,0.15114994701951814,5,6,66,10.54675518748077,0.005269826512602214,10.546756504050142,1.5941416868149374,5.326628349569316e-15,0.0,5.326628349569316e-15,7.509545639745921e-17,6.456657068602264e-18,0.0,0.0,9.800980956198754e-12,1.5355103638004582e-8,0.01414142854173886
3,0.15114994701951814,5,4,67,10.546755187460494,0.005269826532745444,10.546756504029878,1.5941416868118743,0.0,5.3231800626746746e-15,5.3231800626746746e-15,0.0,0.0,7.504755286842758e-17,6.4740565576261155e-18,9.800980956198754e-12,1.5355103638004582e-8,0.01414142854173886
3,0.15114994701951814,5,6,68,10.54607089906246,0.00560197544515995,10.54607238692116,1.5940382825471366,2.742426898894775e-15,0.0,2.742426898894775e-15,3.787631486248834e-17,8.313834359487574e-18,0.0,0.0,9.800980956198754e-12,1.5355103638004582e-8,0.01414142854173886
3,0.15114994701951814,5,4,69,10.546070899292541,0.005601975527335879,10.546072387151284,1.59403828258192,0.0,2.7380322801608034e-15,2.7380322801608034e-15,0.0,0.0,3.782913421756064e-17,8.253675121246851e-18,9.800980956198754e-12,1.5355103638004582e-8,0.01414142854173886
3,0.15114994701951814,5,4,70,4.30626719482415,0.01160000205802796,4.306282818541578,0.6508944198736207,0.0,4.2694632057838265e-16,4.2694632057838265e-16,0.0,0.0,5.982124892818566e-18,2.0349398368789634e-18,9.800980956198754e-12,1.5355103638004582e-8,0.01414142854173886
3,0.15114994701951814,5,4,71,10.545716339932984,0.005264521297845816,10.545717653982303,1.5939846646822222,0.0,2.716035259521669e-16,2.716035259521669e-16,0.0,0.0,3.7839880718171485e-18,6.534041342344986e-19,9.800980956198754e-12,1.5355103638004582e-8,0.01414142854173886
3,0.15114994701951814,5,6,72,10.545716339792222,0.005264521366427461,10.545717653841576,1.5939846646609515,2.708370345196932e-16,0.0,2.708370345196932e-16,3.777368432824658e-18,6.608121895082146e-19,0.0,0.0,9.800980956198754e-12,1.5355103638004582e-8,0.01414142854173886
3,0.15114994701951814,5,6,73,4.3062671948921825,0.0116000022319721,4.306282818610079,0.6508944198839747,6.494326645729108e-17,0.0,6.494326645729108e-17,-1.0466913897171525e-18,1.3334366988363517e-19,0.0,0.0,9.800980956198754e-12,1.5355103638004582e-8,0.01414142854173886
3,0.15114994701951814,5,6,74,2.091563578276145,0.011714397414567502,2.0915963829281448,0.31614468246580485,4.074245378871503e-17,0.0,4.074245378871503e-17,-1.3672844309665506e-19,-4.967618524650907e-19,0.0,0.0,9.800980956198754e-12,1.5355103638004582e-8,0.01414142854173886
3,0.15114994701951814,5,4,75,2.091563578236806,0.011714397375357606,2.0915963828885866,0.31614468245982563,0.0,2.3090878098411115e-17,2.3090878098411115e-17,0.0,0.0,1.809967110424498e-19,4.0543787547198763e-19,9.800980956198754e-12,1.5355103638004582e-8,0.01414142854173886
3,0.15114994701951814,5,6,76,8.332502049271266,0.0057216576262004454,8.332504013708954,1.2594575402120307,5.24531537253857e-19,0.0,5.24531537253857e-19,-6.4892702036364595e-21,-3.442037385845484e-21,0.0,0.0,9.800980956198754e-12,1.5355103638004582e-8,0.01414142854173886
3,0.15114994701951814,5,4,77,8.332502049279489,0.0057216576315457885,8.33250401371718,1.2594575402132742,0.0,5.202426836308526e-19,5.202426836308526e-19,0.0,0.0,-6.499896839700142e-21,-3.269522009856523e-21,9.800980956198754e-12,1.5355103638004582e-8,0.01414142854173886
3,0.15114994701951814,5,6,78,6.3869167550441475,0.005262473941955931,6.386918923040722,0.965382456835563,1.4330967002616302e-19,0.0,1.4330967002616302e-19,-4.439737195846059e-22,-2.7316936468361474e-22,0.0,0.0,9.800980956198754e-12,1.5355103638004582e-8,0.01414142854173886
3,0.15114994701951814,5,4,79,8.454862567307485,-0.00016149922480101185,8.454862568849911,1.2779520293389712,0.0,1.2089649241582798e-19,1.2089649241582798e-19,0.0,0.0,-6.280121765295135e-22,-1.486252999635543e-21,9.800980956198754e-12,1.5355103638004582e-8,0.01414142854173886
4,0.08726646259971647,6,7,0,0.3189351823745802,0.005209996013983038,0.31897773372881755,0.027836058470588176,31.574102392796913,0.0,31.574102392796913,0.4464456018753662,0.00715369755444506,0.0,0.0,9.625456999159455e-12,2.8678802964590387e-9,0.01222782491681794
4,0.08726646259971647,6,5,1,0.31893518237477636,0.005209996055287384,0.31897773372968835,0.027836058470664168,0.0,31.574102308123187,31.574102308123187,0.0,0.0,0.44644560187077786,0.007153697538134551,9.625456999159455e-12,2.8678802964590387e-9,0.01222782491681794
4,0.08726646259971647,6,7,2,0.30868150732115684,-0.005042865143801825,0.30872269668898655,0.02694113766429306,30.561657251433488,0.0,30.561657251433488,0.4321262242412196,-0.0071572120449072685,0.0,0.0,9.625456999159455e-12,2.8678802964590387e-9,0.01222782491681794
4,0.08726646259971647,6,5,3,0.30868150732025446,-0.005042865183727889,0.3087226966887364,0.02694113766427123,0.0,30.561657171798757,30.561657171798757,0.0,0.0,0.4321262242348496,-0.007157212036405625,9.625456999159455e-12,2.8678802964590387e-9,0.01222782491681794
4,0.08726646259971647,6,5,4,3.866228044052961,0.0004166373390082391,3.86622806650206,0.3373920469673761,0.0,2.5233236781628188,2.5233236781628188,0.0,0.0,0.035682891213818624,0.0001908646036348216,9.625456999159455e-12,2.8678802964590387e-9,0.01222782491681794
4,0.08726646259971647,6,7,5,3.8662280441646435,0.00041663734979914893,3.8662280666137434,0.3373920469771224,2.5233236466460403,0.0,2.5233236466460403,0.035682891217061474,0.00019086459279149537,0.0,0.0,9.625456999159455e-12,2.8678802964590387e-9,0.01222782491681794
4,0.08726646259971647,6,5,6,3.8653955752633204,-0.0004121892121292884,3.8653955972403655,0.3373194003196851,0.0,2.4965443474841695,2.4965443474841695,0.0,0.0,0.035304203344910245,-0.0001879631361002554,9.625456999159455e-12,2.8678802964590387e-9,0.01222782491681794
4,0.08726646259971647,6,7,7,3.8653955753053797,-0.0004121892672174308,3.8653955972824305,0.33731940032335594,2.4965443193191907,0.0,2.4965443193191907,0.03530420335016815,-0.00018796312624602685,0.0,0.0,9.625456999159455e-12,2.8678802964590387e-9,0.01222782491681794
4,0.08726646259971647,6,7,8,7.454124815556186,0.00029022551744053125,7.454124821206135,0.6504951049234035,1.7830973437387283,0.0,1.7830973437387283,0.025215420253747234,7.833125494782767e-5,0.0,0.0,9.625456999159455e-12,2.8678802964590387e-9,0.01222782491681794
4,0.08726646259971647,6,5,9,7.454124815306756,0.00029022481661312473,7.454124820956677,0.6504951049016341,0.0,1.7830968135241316,1.7830968135241316,0.0,0.0,0.025215420253276943,7.833125843481614e-5,9.625456999159455e-12,2.8678802964590387e-9,0.01222782491681794
4,0.08726646259971647,6,7,10,7.453523905749501,-0.0002879588033134709,7.453523911311989,0.6504426656426001,1.7720634976620897,0.0,1.7720634976620897,0.025059387386642706,-7.762315810933007e-5,0.0,0.0,9.625456999159455e-12,2.8678802964590387e-9,0.01222782491681794
4,0.08726646259971647,6,5,11,7.4535239055381854,-0.0002879588703576189,7.4535239111006755,0.6504426656241595,0.0,1.7720629655720423,1.7720629655720423,0.0,0.0,0.0250593873872349,-7.762315942771991e-5,9.625456999159455e-12,2.8678802964590387e-9,0.01222782491681794
4,0.08726646259971647,6,5,12,0.9465207284928514,0.005194188755428009,0.9465349803696983,0.08260075946375564,0.0,0.005517012601764761,0.005517012601764761,0.0,0.0,7.799262410978754e-5,2.0068829284145516e-6,9.625456999159455e-12,2.8678802964590387e-9,0.01222782491681794
4,0.08726646259971647,6,7,13,0.9465207284718059,0.005194188711171185,0.9465349803484102,0.0826007594618979,0.0055170125976485955,0.0,0.0055170125976485955,7.799262390378566e-5,2.006882274179205e-6,0.0,0.0,9.625456999159455e-12,2.8678802964590387e-9,0.01222782491681794
4,0.08726646259971647,6,7,14,0.9366212217763401,-0.004704536695686481,0.9366330368651989,0.08173665188125574,0.00522563952686202,0.0,0.00522563952686202,7.386801493715822e-5,-2.105216598928105e-6,0.0,0.0,9.625456999159455e-12,2.8678802964590387e-9,0.01222782491681794
4,0.08726646259971647,6,5,15,0.9366212217593515,-0.004704536728320828,0.9366330368483744,0.08173665187978753,0.0,0.005225639491227507,0.005225639491227507,0.0,0.0,7.386801481527373e-5,-2.1052171167610604e-6,9.625456999159455e-12,2.8678802964590387e-9,0.01222782491681794
4,0.08726646259971647,6,7,16,4.498696873608161,0.0005685896179601392,4.498696909540138,0.39258536560384455,3.9135376600303857e-5,0.0,3.9135376600303857e-5,5.534034068389645e-7,5.440152654101655e-9,0.0,0.0,9.625456999159455e-12,2.8678802964590387e-9,0.01222782491681794
4,0.08726646259971647,6,5,17,4.4986968736269635,0.0005685896624342511,4.498696909558947,0.39258536560548596,0.0,3.913537515246474e-5,3.913537515246474e-5,0.0,0.0,5.534034169956484e-7,5.440167697674461e-9,9.625456999159455e-12,2.8678802964590387e-9,0.01222782491681794
4,0.08726646259971647,6,7,18,4.497827552314529,-0.00023608906774346024,4.497827558510637,0.39250950041474253,3.8167045428296544e-5,0.0,3.8167045428296544e-5,5.397095022343326e-7,-5.405095338283295e-9,0.0,0.0,9.625456999159455e-12,2.8678802964590387e-9,0.01222782491681794
4,0.08726646259971647,6,5,19,4.497827552304204,-0.0002360891186847531,4.4978275585003145,0.39250950041384175,0.0,3.81670443292028e-5,3.81670443292028e-5,0.0,0.0,5.397095038148164e-7,-5.405110145015524e-9,9.625456999159455e-12,2.8678802964590387e-9,0.01222782491681794
4,0.08726646259971647,6,5,20,4.498096427290947,0.009812567838035321,4.498107130304386,0.3925338976562257,0.0,2.7107641364361024e-5,2.7107641364361024e-5,0.0,0.0,3.832422269690426e-7,-8.69191937412898e-9,9.625456999159455e-12,2.8678802964590387e-9,0.01222782491681794
4,0.08726646259971647,6,7,21,4.498096426838311,0.00981256790757099,4.498107129851903,0.39253389761673907,2.7107641361541414e-5,0.0,2.7107641361541414e-5,3.83242221927328e-7,-8.691956817232272e-9,0.0,0.0,9.625456999159455e-12,2.8678802964590387e-9,0.01222782491681794
4,0.08726646259971647,6,7,22,4.47871985250556,-0.009477761103930808,4.478729880801361,0.3908429136371846,2.3548799555835784e-5,0.0,2.3548799555835784e-5,3.328511887855267e-7,1.0401430611070995e-8,0.0,0.0,9.625456999159455e-12,2.8678802964590387e-9,0.01222782491681794
4,0.08726646259971647,6,5,23,4.478719852736118,-0.00947776102433515,4.478729881031749,0.39084291365728974,0.0,2.3548798761991566e-5,2.3548798761991566e-5,0.0,0.0,3.3285117803920275e-7,1.0401391060793676e-8,9.625456999159455e-12,2.8678802964590387e-9,0.01222782491681794
4,0.08726646259971647,6,7,24,8.08932039162958,0.0004503169911954912,8.089320404163722,0.7059263765070768,2.0837445137163597e-5,0.0,2.0837445137163597e-5,2.9466130997998584e-7,2.420311495177851e-9,0.0,0.0,9.625456999159455e-12,2.8678802964590387e-9,0.01222782491681794
4,0.08726646259971647,6,5,25,8.089320391644277,0.00045031705924301196,8.089320404178423,0.7059263765083597,0.0,2.0837441768351583e-5,2.0837441768351583e-5,0.0,0.0,2.946613106812139e-7,2.420303757796152e-9,9.625456999159455e-12,2.8678802964590387e-9,0.01222782491681794
4,0.08726646259971647,6,7,26,8.088018769250747,-0.00012170601861144319,8.088018770166444,0.7058127875125348,1.7929687456009216e-5,0.0,1.7929687456009216e-5,2.535469223444332e-7,-1.5099225820167726e-9,0.0,0.0,9.625456999159455e-12,2.8678802964590387e-9,0.01222782491681794
4,0.08726646259971647,6,5,27,8.088018769372402,-0.00012170604446079189,8.0880187702881,0.7058127875231512,0.0,1.7929686118467465e-5,1.7929686118467465e-5,0.0,0.0,2.5354694018838077e-7,-1.5099380236967576e-9,9.625456999159455e-12,2.8678802964590387e-9,0.01222782491681794
4,0.08726646259971647,6,5,28,4.48757909535318,-0.00025692779359776097,4.4875791027081355,0.3916151539297487,0.0,1.3685919544076082e-5,1.3685919544076082e-5,0.0,0.0,1.9239878689674668e-7,-2.097256061251396e-8,9.625456999159455e-12,2.8678802964590387e-9,0.01222782491681794
4,0.08726646259971647,6,7,29,4.487579095472379,-0.0002569277752498267,4.4875791028273335,0.39161515394015073,1.3685918653599767e-5,0.0,1.3685918653599767e-5,1.923987511106914e-7,-2.0972595962316777e-8,0.0,0.0,9.625456999159455e-12,2.8678802964590387e-9,0.01222782491681794
4,0.08726646259971647,6,5,30,4.488349946002549,0.0005989351134658098,4.488349985964146,0.3916824261845781,0.0,1.1626293394567898e-5,1.1626293394567898e-5,0.0,0.0,1.6338488777661562e-7,1.8352478884489053e-8,9.625456999159455e-12,2.8678802964590387e-9,0.01222782491681794
4,0.08726646259971647,6,7,31,4.488349946208734,0.0005989350422525973,4.488349986170322,0.3916824262025703,1.1626291112834888e-5,0.0,1.1626291112834888e-5,1.6338484675965078e-7,1.8352512300815925e-8,0.0,0.0,9.625456999159455e-12,2.8678802964590387e-9,0.01222782491681794
4,0.08726646259971647,6,5,32,8.086930501201088,0.009905330598552071,8.086936567503837,0.7057183475143531,0.0,5.181766803099175e-6,5.181766803099175e-6,0.0,0.0,7.325065976309183e-8,-1.9863143342263395e-9,9.625456999159455e-12,2.8678802964590387e-9,0.01222782491681794
4,0.08726646259971647,6,7,33,8.086930501244472,0.009905331439590622,8.086936567548252,0.705718347518229,5.181766390432311e-6,0.0,5.181766390432311e-6,7.325065351602627e-8,-1.986320004608784e-9,0.0,0.0,9.625456999159455e-12,2.8678802964590387e-9,0.01222782491681794
4,0.08726646259971647,6,5,34,8.067263399954316,-0.009568206132566754,8.06726907415459,0.7040020349415609,0.0,4.0782751892312985e-6,4.0782751892312985e-6,0.0,0.0,5.763323899046481e-8,2.131405239870037e-9,9.625456999159455e-12,2.8678802964590387e-9,0.01222782491681794
4,0.08726646259971647,6,7,35,8.067263399072848,-0.009568207208931166,8.0672690732744,0.7040020348647498,4.078274969262112e-6,0.0,4.078274969262112e-6,5.7633236595507526e-8,2.1314011814105615e-9,0.0,0.0,9.625456999159455e-12,2.8678802964590387e-9,0.01222782491681794
4,0.08726646259971647,6,5,36,8.076182760430003,-0.00016713814331383373,8.07618276215948,0.7047799009624651,0.0,2.560482301262832e-6,2.560482301262832e-6,0.0,0.0,3.5703769885685015e-8,-6.02686442713676e-9,9.625456999159455e-12,2.8678802964590387e-9,0.01222782491681794
4,0.08726646259971647,6,7,37,8.07618276068347,-0.00016713767787572206,8.076182762412937,0.7047799009845834,2.5604800940517815e-6,0.0,2.5604800940517815e-6,3.570374562968436e-8,-6.026884536094704e-9,0.0,0.0,9.625456999159455e-12,2.8678802964590387e-9,0.01222782491681794
4,0.08726646259971647,6,7,38,8.076660326046992,0.0005019994229826658,8.076660341647711,0.7048215776350133,2.0367926594601154e-6,0.0,2.0367926594601154e-6,2.835923450989038e-8,5.037436790360104e-9,0.0,0.0,9.625456999159455e-12,2.8678802964590387e-9,0.01222782491681794
4,0.08726646259971647,6,5,39,8.076660325774972,0.000501998244239011,8.076660341375618,0.7048215776112686,0.0,2.0367918042233313e-6,2.0367918042233313e-6,0.0,0.0,2.8359200746216366e-8,5.037494589300316e-9,9.625456999159455e-12,2.8678802964590387e-9,0.01222782491681794
4,0.08726646259971647,6,7,40,8.042690530226238,-0.004100278478857938,8.04269157541643,0.7018572435671327,1.343149933285971e-6,0.0,1.343149933285971e-6,1.8643377613320392e-8,3.6330110755142085e-9,0.0,0.0,9.625456999159455e-12,2.8678802964590387e-9,0.01222782491681794
4,0.08726646259971647,6,5,41,8.042690530248004,-0.004100278488281385,8.0426915754382,0.7018572435690325,0.0,1.3431496781398332e-6,1.3431496781398332e-6,0.0,0.0,1.8643374156964334e-8,3.6330101226952636e-9,9.625456999159455e-12,2.8678802964590387e-9,0.01222782491681794
4,0.08726646259971647,6,7,42,11.644364917852446,-0.002914340929107753,11.644365282551723,1.016162567427237,1.2744098494438117e-6,0.0,1.2744098494438117e-6,1.4425465232184825e-8,1.080266316011108e-8,0.0,0.0,9.625456999159455e-12,2.8678802964590387e-9,0.01222782491681794
4,0.08726646259971647,6,5,43,11.644364917941802,-0.0029143409534212825,11.644365282641084,1.0161625674350352,0.0,1.27440964895125e-6,1.27440964895125e-6,0.0,0.0,1.4425464920312058e-8,1.0802663100562017e-8,9.625456999159455e-12,2.8678802964590387e-9,0.01222782491681794
4,0.08726646259971647,6,5,44,8.051363705095653,0.005087172095821877,8.051365312234413,0.702614169896759,0.0,1.2466668534080058e-6,1.2466668534080058e-6,0.0,0.0,1.7299382919676357e-8,-3.3964480949015416e-9,9.625456999159455e-12,2.8678802964590387e-9,0.01222782491681794
4,0.08726646259971647,6,7,45,8.051363705024754,0.0050871720791909065,8.051365312163503,0.7026141698905709,1.2466665699952277e-6,0.0,1.2466665699952277e-6,1.7299381750664216e-8,-3.3964446903662184e-9,0.0,0.0,9.625456999159455e-12,2.8678802964590387e-9,0.01222782491681794
4,0.08726646259971647,6,5,46,8.05110208005345,0.004353971999778676,8.051103257350086,0.7025913012939967,0.0,1.2207568165135242e-6,1.2207568165135242e-6,0.0,0.0,1.7222125587805314e-8,-1.1907820367254466e-9,9.625456999159455e-12,2.8678802964590387e-9,0.01222782491681794
4,0.08726646259971647,6,7,47,8.051102080072617,0.004353972012122613,8.05110325736926,0.7025913012956699,1.2207563842082892e-6,0.0,1.2207563842082892e-6,1.7222122415656656e-8,-1.1907830965205235e-9,0.0,0.0,9.625456999159455e-12,2.8678802964590387e-9,0.01222782491681794
4,0.08726646259971647,6,5,48,8.049748571720855,0.0051972419000405265,8.04975024949503,0.7024732290846164,0.0,9.236104555829881e-7,9.236104555829881e-7,0.0,0.0,1.3056606967852465e-8,3.452330622494495e-10,9.625456999159455e-12,2.8678802964590387e-9,0.01222782491681794
4,0.08726646259971647,6,7,49,8.049748571790932,0.005197241899390265,8.049750249565108,0.7024732290907318,9.23610279422211e-7,0.0,9.23610279422211e-7,1.3056605850074436e-8,3.4522877926742693e-10,0.0,0.0,9.625456999159455e-12,2.8678802964590387e-9,0.01222782491681794
4,0.08726646259971647,6,5,50,8.03951693532187,-0.005021421293081095,8.039518503492543,0.7015803408047605,0.0,9.140418522189775e-7,9.140418522189775e-7,0.0,0.0,1.2918658565181822e-8,-4.3137786108488314e-10,9.625456999159455e-12,2.8678802964590387e-9,0.01222782491681794
4,0.08726646259971647,6,7,51,8.039516935327404,-0.005021421278697834,8.039518503498066,0.7015803408052425,9.140417932945569e-7,0.0,9.140417932945569e-7,1.2918658081054265e-8,-4.3137456412983815e-10,0.0,0.0,9.625456999159455e-12,2.8678802964590387e-9,0.01222782491681794
4,0.08726646259971647,6,5,52,8.040394588100803,-0.004987663729700412,8.040396135088754,0.7016569286096276,0.0,4.7287382416866647e-7,4.7287382416866647e-7,0.0,0.0,6.596552028722893e-9,1.0967910919455151e-9,9.625456999159455e-12,2.8678802964590387e-9,0.01222782491681794
4,0.08726646259971647,6,7,53,8.040394588079389,-0.004987663744667119,8.040396135067349,0.7016569286077596,4.728736285295413e-7,0.0,4.728736285295413e-7,6.5965512347830294e-9,1.096790908459544e-9,0.0,0.0,9.625456999159455e-12,2.8678802964590387e-9,0.01222782491681794
4,0.08726646259971647,6,7,54,11.6422239374414,-0.004191091369043711,11.642224691818159,1.015975765646045,3.0030780325035053e-7,0.0,3.0030780325035053e-7,1.787773105953432e-9,3.85214501757419e-9,0.0,0.0,9.625456999159455e-12,2.8678802964590387e-9,0.01222782491681794
4,0.08726646259971647,6,5,55,11.642223937642507,-0.004191090634943796,11.642224692019001,1.0159757656635717,0.0,3.003077186998587e-7,3.003077186998587e-7,0.0,0.0,1.7877729642548784e-9,3.852143588574108e-9,9.625456999159455e-12,2.8678802964590387e-9,0.01222782491681794
4,0.08726646259971647,6,7,56,11.649704943094125,0.0048650734866608585,11.649705958954145,1.0166286293647662,2.26758331788137e-7,0.0,2.26758331788137e-7,3.2038438947866727e-9,1.3500325922483012e-10,0.0,0.0,9.625456999159455e-12,2.8678802964590387e-9,0.01222782491681794
4,0.08726646259971647,6,5,57,11.649704942482282,0.004865071852074836,11.64970595834162,1.0166286293113131,0.0,2.2675831275639636e-7,2.2675831275639636e-7,0.0,0.0,3.203844223993042e-9,1.3500183392897487e-10,9.625456999159455e-12,2.8678802964590387e-9,0.01222782491681794
4,0.08726646259971647,6,7,58,11.63737820940669,-0.004908615440071252,11.637379244627168,1.0155529206099734,1.9916595685225893e-7,0.0,1.9916595685225893e-7,2.814789377727214e-9,9.789245816144195e-11,0.0,0.0,9.625456999159455e-12,2.8678802964590387e-9,0.01222782491681794
4,0.08726646259971647,6,5,59,11.637378209339094,-0.004908616019597802,11.637379244559817,1.015552920604096,0.0,1.9916591450947134e-7,1.9916591450947134e-7,0.0,0.0,2.8147886853828115e-9,9.789158105309436e-11,9.625456999159455e-12,2.8678802964590387e-9,0.01222782491681794
4,0.08726646259971647,6,5,60,8.670906734747986,-0.00369867051305456,8.670907523602217,0.7566794271140331,0.0,4.871534522983316e-8,4.871534522983316e-8,0.0,0.0,6.727168731552094e-10,1.4846298769128722e-10,9.625456999159455e-12,2.8678802964590387e-9,0.01222782491681794
4,0.08726646259971647,6,7,61,8.670906734747502,-0.0036986705174419194,8.670907523601736,0.756679427113991,4.871534395425227e-8,0.0,4.871534395425227e-8,6.727169363862156e-10,1.4846322029264243e-10,0.0,0.0,9.625456999159455e-12,2.8678802964590387e-9,0.01222782491681794
4,0.08726646259971647,6,7,62,8.679111120966892,0.0050151629073227726,8.67911256995496,0.7573954524847036,3.7600577498060304e-8,0.0,3.7600577498060304e-8,5.173704577939294e-10,-1.2272003569467043e-10,0.0,0.0,9.625456999159455e-12,2.8678802964590387e-9,0.01222782491681794
4,0.08726646259971647,6,5,63,8.679111120980735,0.005015162956014273,8.67911256996883,0.757395452485914,0.0,3.760057460746263e-8,3.760057460746263e-8,0.0,0.0,5.173703106742938e-10,-1.2271929271108498e-10,9.625456999159455e-12,2.8678802964590387e-9,0.01222782491681794
4,0.08726646259971647,6,5,64,11.649854762949719,-0.004300168011263652,11.649855556583832,1.0166416842207222,0.0,2.997689195995368e-8,2.997689195995368e-8,0.0,0.0,5.45509709177858e-11,-4.203915115220871e-10,9.625456999159455e-12,2.8678802964590387e-9,0.01222782491681794
4,0.08726646259971647,6,7,65,11.649854762887582,-0.004300168501577122,11.649855556521876,1.0166416842153154,2.997688897374602e-8,0.0,2.997688897374602e-8,5.4550733449438826e-11,-4.203915196975598e-10,0.0,0.0,9.625456999159455e-12,2.8678802964590387e-9,0.01222782491681794
4,0.08726646259971647,6,7,66,11.601554808194226,0.0004119707802647133,11.60155481550876,1.0124266494061558,1.154845083608764e-8,0.0,1.154845083608764e-8,1.6322516544813082e-10,5.3120034109637026e-12,0.0,0.0,9.625456999159455e-12,2.8678802964590387e-9,0.01222782491681794
4,0.08726646259971647,6,5,67,11.601554808441911,0.0004119709741552003,11.601554815756451,1.012426649427771,0.0,1.1548449902238197e-8,1.1548449902238197e-8,0.0,0.0,1.6322519891132132e-10,5.311962232814314e-12,9.625456999159455e-12,2.8678802964590387e-9,0.01222782491681794
4,0.08726646259971647,6,7,68,8.678885245859812,0.004315863289423865,8.678886318962766,0.7573757083609551,1.0663161770666795e-8,0.0,1.0663161770666795e-8,1.5064079236978748e-10,-6.757948010160223e-12,0.0,0.0,9.625456999159455e-12,2.8678802964590387e-9,0.01222782491681794
4,0.08726646259971647,6,5,69,8.67888524586452,0.004315863290283968,8.678886318967473,0.757375708361366,0.0,1.0663157310367246e-8,1.0663157310367246e-8,0.0,0.0,1.5064072371981396e-10,-6.7578834047297386e-12,9.625456999159455e-12,2.8678802964590387e-9,0.01222782491681794
4,0.08726646259971647,6,5,70,11.599333433308734,-0.0003965960357112507,11.599333440088797,1.0122327978311496,0.0,9.266089461618663e-9,9.266089461618663e-9,0.0,0.0,1.3103449985454722e-10,-5.680912274972552e-13,9.625456999159455e-12,2.8678802964590387e-9,0.01222782491681794
4,0.08726646259971647,6,7,71,11.599333433573989,-0.00039659585607324833,11.599333440354046,1.012232797854297,9.266087276600619e-9,0.0,9.266087276600619e-9,1.3103444795380733e-10,-5.681233504516747e-13,0.0,0.0,9.625456999159455e-12,2.8678802964590387e-9,0.01222782491681794
4,0.08726646259971647,6,5,72,8.677364035826255,0.005210865763779113,8.677365600421185,0.7572430006332216,0.0,7.235902339490353e-9,7.235902339490353e-9,0.0,0.0,1.0230603524852729e-10,-2.012341218955434e-12,9.625456999159455e-12,2.8678802964590387e-9,0.01222782491681794
4,0.08726646259971647,6,7,73,8.677364035830541,0.005210865767653259,8.677365600425475,0.757243000633596,7.235879297718506e-9,0.0,7.235879297718506e-9,1.0230578052334316e-10,-2.012363061040425e-12,0.0,0.0,9.625456999159455e-12,2.8678802964590387e-9,0.01222782491681794
4,0.08726646259971647,6,5,74,8.710554483317031,0.0006145311763348111,8.710554504994674,0.7601392789329096,0.0,6.2512177432030775e-9,6.2512177432030775e-9,0.0,0.0,8.835241008246432e-11,2.93188270224294e-12,9.625456999159455e-12,2.8678802964590387e-9,0.01222782491681794
4,0.08726646259971647,6,7,75,8.710554483528146,0.0006145319429952754,8.710554505205842,0.7601392789513374,6.25117111315245e-9,0.0,6.25117111315245e-9,8.835199456255371e-11,2.930576949442902e-12,0.0,0.0,9.625456999159455e-12,2.8678802964590387e-9,0.01222782491681794
4,0.08726646259971647,6,5,76,8.667424973269206,-0.0047129313768692754,8.667426254602509,0.7563756290830704,0.0,4.937277420424143e-9,4.937277420424143e-9,0.0,0.0,6.979604405075851e-11,1.836018800165959e-12,9.625456999159455e-12,2.8678802964590387e-9,0.01222782491681794
4,0.08726646259971647,6,7,77,8.66742497327349,-0.004712931367151089,8.667426254606788,0.7563756290834439,4.93727123473838e-9,0.0,4.93727123473838e-9,6.979593245103208e-11,1.8362095848557702e-12,0.0,0.0,9.625456999159455e-12,2.8678802964590387e-9,0.01222782491681794
4,0.08726646259971647,6,7,78,8.70991543082978,3.333034140532397e-5,8.709915430893552,0.7600835091967656,1.0575766192261314e-9,0.0,1.0575766192261314e-9,1.4943670295745776e-11,-5.981657600792273e-13,0.0,0.0,9.625456999159455e-12,2.8678802964590387e-9,0.01222782491681794
4,0.08726646259971647,6,5,79,8.70991543079273,3.3330013659387675e-5,8.709915430856501,0.7600835091935323,0.0,1.0575758075178276e-9,1.0575758075178276e-9,0.0,0.0,1.4943710017066686e-11,-5.980521967632777e-13,9.625456999159455e-12,2.8678802964590387e-9,0.01222782491681794
5,0.05038331567317271,7,6,0,0.03222428950257239,0.016052680070778418,0.03600129680164818,0.0018138647014010233,0.0,57.07840548212073,57.07840548212073,0.0,0.0,0.8071701901841912,-5.577753076124736e-5,1.3618391497165995e-11,1.3074403180132877e-8,0.011073517766636476
5,0.05038331567317271,7,8,1,0.03222428949610823,0.016052680065487115,0.03600129679350285,0.0018138647009906346,57.078405481577775,0.0,57.078405481577775,0.8071701901766382,-5.577751555918553e-5,0.0,0.0,1.3618391497165995e-11,1.3074403180132877e-8,0.011073517766636476
5,0.05038331567317271,7,8,2,2.1184424971032167,0.0007964795434762806,2.118442646831057,0.10673416461080068,2.7023015369109538,0.0,2.7023015369109538,0.038208574449090205,0.0006674649943290145,0.0,0.0,1.3618391497165995e-11,1.3074403180132877e-8,0.011073517766636476
5,0.05038331567317271,7,6,3,2.118442497116835,0.0007964795560397864,2.1184426468446804,0.10673416461148706,0.0,2.7023015305710816,2.7023015305710816,0.0,0.0,0.038208574447087695,0.0006674649972846503,1.3618391497165995e-11,1.3074403180132877e-8,0.011073517766636476
5,0.05038331567317271,7,8,4,2.115517961489644,-0.0007148755224651894,2.115518082274957,0.10658681535156411,2.5427341567248423,0.0,2.5427341567248423,0.03595376978829978,-0.0005445430003027107,0.0,0.0,1.3618391497165995e-11,1.3074403180132877e-8,0.011073517766636476
5,0.05038331567317271,7,6,5,2.1155179614807134,-0.0007148755340940956,2.11551808226603,0.10658681535111436,0.0,2.542734150723973,2.542734150723973,0.0,0.0,0.035953769789353496,-0.0005445430037057664,1.3618391497165995e-11,1.3074403180132877e-8,0.011073517766636476
5,0.05038331567317271,7,6,6,6.751143471426817,0.0006901211710366069,6.751143506699895,0.340144994452951,0.0,2.4412377014179563,2.4412377014179563,0.0,0.0,0.03452185886484149,0.00022426646887752089,1.3618391497165995e-11,1.3074403180132877e-8,0.011073517766636476
5,0.05038331567317271,7,8,7,6.7511434713180725,0.0006901212682966108,6.751143506591161,0.3401449944474726,2.441237472666766,0.0,2.441237472666766,0.034521858866104704,0.00022426646346285217,0.0,0.0,1.3618391497165995e-11,1.3074403180132877e-8,0.011073517766636476
5,0.05038331567317271,7,6,8,6.748457655042494,-0.000672518574114659,6.748457688552464,0.34000967402938825,0.0,2.391811397051625,2.391811397051625,0.0,0.0,0.033823175066808764,-0.00017519379264030466,1.3618391497165995e-11,1.3074403180132877e-8,0.011073517766636476
5,0.05038331567317271,7,8,9,6.7484576550858995,-0.0006725184733013465,6.74845768859586,0.34000967403157467,2.3918111707456604,0.0,2.3918111707456604,0.033823175067279165,-0.0001751937901953715,0.0,0.0,1.3618391497165995e-11,1.3074403180132877e-8,0.011073517766636476
5,0.05038331567317271,7,8,10,12.949393274269886,-0.0013796159287990106,12.949393347761363,0.6524333728163435,1.8001532535329585,0.0,1.8001532535329585,0.02545025335521356,0.000574681059013038,0.0,0.0,1.3618391497165995e-11,1.3074403180132877e-8,0.011073517766636476
5,0.05038331567317271,7,6,11,12.949393273748068,-0.0013796152626637803,12.949393347239475,0.6524333727900491,0.0,1.8001531909623067,1.8001531909623067,0.0,0.0,0.0254502533253953,0.000574681086730422,1.3618391497165995e-11,1.3074403180132877e-8,0.011073517766636476
5,0.05038331567317271,7,8,12,12.946178275658323,-0.0008031345874946576,12.946178300570121,0.652271388078803,1.7591216518861632,0.0,1.7591216518861632,0.024876385691239178,-7.389051652118006e-5,0.0,0.0,1.3618391497165995e-11,1.3074403180132877e-8,0.011073517766636476
5,0.05038331567317271,7,6,13,12.9461782756334,-0.0008031345033552295,12.946178300545194,0.6522713880775471,0.0,1.7591215906149946,1.7591215906149946,0.0,0.0,0.02487638569159034,-7.389051583750472e-5,1.3618391497165995e-11,1.3074403180132877e-8,0.011073517766636476
5,0.05038331567317271,7,6,14,13.004166244251527,0.03382120414406455,13.004210225230159,0.6551952288580715,0.0,0.039681411043637635,0.039681411043637635,0.0,0.0,-0.0002739434775262013,-0.0004897411149998631,1.3618391497165995e-11,1.3074403180132877e-8,0.011073517766636476
5,0.05038331567317271,7,8,15,13.004166243944463,0.03382120493750174,13.00421022492516,0.6551952288427046,0.039681410656087435,0.0,0.039681410656087435,-0.0002739435070687919,-0.0004897410865027062,0.0,0.0,1.3618391497165995e-11,1.3074403180132877e-8,0.011073517766636476
5,0.05038331567317271,7,8,16,2.1491289094526262,0.03133489065127721,2.149357332975874,0.10829174900177206,0.005794464037935162,0.0,0.005794464037935162,3.703902040620081e-5,-7.309310654966296e-5,0.0,0.0,1.3618391497165995e-11,1.3074403180132877e-8,0.011073517766636476
5,0.05038331567317271,7,6,17,2.1491289094770276,0.03133489065019598,2.149357333000257,0.10829174900300054,0.0,0.005794464023409593,0.005794464023409593,0.0,0.0,3.703902065363646e-5,-7.309310632991773e-5,1.3618391497165995e-11,1.3074403180132877e-8,0.011073517766636476
5,0.05038331567317271,7,8,18,6.782158470280635,0.03141387688711407,6.782231221925454,0.34171129662271804,0.003037024090124848,0.0,0.003037024090124848,8.37650218338433e-6,-4.212306672939678e-5,0.0,0.0,1.3618391497165995e-11,1.3074403180132877e-8,0.011073517766636476
5,0.05038331567317271,7,6,19,6.782158470476522,0.03141387697123972,6.7822312221217285,0.34171129663260696,0.0,0.0030370240254085795,0.0030370240254085795,0.0,0.0,8.376501551127496e-6,-4.2123066345439806e-5,1.3618391497165995e-11,1.3074403180132877e-8,0.011073517766636476
5,0.05038331567317271,7,6,20,13.129411412803686,0.014654081427739812,13.129419590704007,0.6615036918439781,0.0,2.67609345824364e-5,2.67609345824364e-5,0.0,0.0,3.640069469101816e-7,-1.0350928484578882e-7,1.3618391497165995e-11,1.3074403180132877e-8,0.011073517766636476
5,0.05038331567317271,7,8,21,13.129411412842295,0.01465408130793328,13.129419590742481,0.6615036918459165,2.6760933637795708e-5,0.0,2.6760933637795708e-5,3.6400692749615597e-7,-1.035092961098752e-7,0.0,0.0,1.3618391497165995e-11,1.3074403180132877e-8,0.011073517766636476
5,0.05038331567317271,7,8,22,4.263295024447545,0.016073542066403802,4.263325324700633,0.2148004656518235,1.156660013825064e-5,0.0,1.156660013825064e-5,1.6355929807027066e-7,1.7108169762721512e-9,0.0,0.0,1.3618391497165995e-11,1.3074403180132877e-8,0.011073517766636476
5,0.05038331567317271,7,6,23,4.263295024452646,0.016073542068891142,4.263325324705743,0.214800465652081,0.0,1.156659944617813e-5,1.156659944617813e-5,0.0,0.0,1.635592959941082e-7,1.7108152439186734e-9,1.3618391497165995e-11,1.3074403180132877e-8,0.011073517766636476
5,0.05038331567317271,7,8,24,4.264660332214221,0.014602217541779972,4.264685331172588,0.2148689872872176,7.169006635489601e-6,0.0,7.169006635489601e-6,1.0126587925636658e-7,-4.8087123089910425e-9,0.0,0.0,1.3618391497165995e-11,1.3074403180132877e-8,0.011073517766636476
5,0.05038331567317271,7,6,25,4.264660332166065,0.01460221741091414,4.264685331123984,0.21486898728476878,0.0,7.16900561347488e-6,7.16900561347488e-6,0.0,0.0,1.0126587936395162e-7,-4.808711447676696e-9,1.3618391497165995e-11,1.3074403180132877e-8,0.011073517766636476
5,0.05038331567317271,7,8,26,8.896651238920409,0.016075676549810694,8.896665762765318,0.4482435195641129,5.885739540063508e-6,0.0,5.885739540063508e-6,8.313070115676714e-8,-4.12056956233211e-9,0.0,0.0,1.3618391497165995e-11,1.3074403180132877e-8,0.011073517766636476
5,0.05038331567317271,7,6,27,8.896651238877933,0.016075676580528803,8.896665762722897,0.44824351956197556,0.0,5.885739211949746e-6,5.885739211949746e-6,0.0,0.0,8.313070273780835e-8,-4.120568612403718e-9,1.3618391497165995e-11,1.3074403180132877e-8,0.011073517766636476
5,0.05038331567317271,7,8,28,8.89832083324914,0.014637852283511407,8.898332872968686,0.44832751410375116,4.8615999081921785e-6,0.0,4.8615999081921785e-6,6.872972205781096e-8,-1.6682448512652769e-9,0.0,0.0,1.3618391497165995e-11,1.3074403180132877e-8,0.011073517766636476
5,0.05038331567317271,7,6,29,8.898320833163524,0.014637852208487982,8.898332872882946,0.4483275140994313,0.0,4.861599350946907e-6,4.861599350946907e-6,0.0,0.0,6.872972124254153e-8,-1.6682407748040217e-9,1.3618391497165995e-11,1.3074403180132877e-8,0.011073517766636476
5,0.05038331567317271,7,8,30,10.986084346596614,0.0007642875472672495,10.986084373181859,0.5535153569861313,4.296080518176757e-6,0.0,4.296080518176757e-6,5.88856563880595e-8,-1.4945623614961235e-8,0.0,0.0,1.3618391497165995e-11,1.3074403180132877e-8,0.011073517766636476
5,0.05038331567317271,7,6,31,10.98608434648123,0.0007642874610763514,10.986084373066467,0.5535153569803175,0.0,4.296080393595155e-6,4.296080393595155e-6,0.0,0.0,5.888565919710959e-8,-1.4945614572090218e-8,1.3618391497165995e-11,1.3074403180132877e-8,0.011073517766636476
5,0.05038331567317271,7,6,32,10.983433229280458,-0.0006742009229403004,10.983433249972844,0.5533817846086031,0.0,4.2234585029928165e-6,4.2234585029928165e-6,0.0,0.0,5.97256688986473e-8,8.970518570798807e-11,1.3618391497165995e-11,1.3074403180132877e-8,0.011073517766636476
5,0.05038331567317271,7,8,33,10.983433229106433,-0.000674200956515332,10.983433249798821,0.5533817845998352,4.223458081695167e-6,0.0,4.223458081695167e-6,5.972566241642147e-8,8.969926847367317e-11,0.0,0.0,1.3618391497165995e-11,1.3074403180132877e-8,0.011073517766636476
5,0.05038331567317271,7,8,34,4.26613862254781,0.016077201297437248,4.26616891639275,0.21494373522969307,3.4806346890991123e-6,0.0,3.4806346890991123e-6,4.914985857113748e-8,-2.6481468649679552e-9,0.0,0.0,1.3618391497165995e-11,1.3074403180132877e-8,0.011073517766636476
5,0.05038331567317271,7,6,35,4.266138622552577,0.01607720130433296,4.266168916397542,0.21494373522993454,0.0,3.4806345919119237e-6,3.4806345919119237e-6,0.0,0.0,4.914986162009208e-8,-2.648137615501367e-9,1.3618391497165995e-11,1.3074403180132877e-8,0.011073517766636476
5,0.05038331567317271,7,8,36,10.984674910793085,-0.000693553897664026,10.984674932687998,0.5534443447008066,3.3767146332753122e-6,0.0,3.3767146332753122e-6,4.771282342205176e-8,-1.9232174112564954e-9,0.0,0.0,1.3618391497165995e-11,1.3074403180132877e-8,0.011073517766636476
5,0.05038331567317271,7,6,37,10.98467491096427,-0.0006935538115828734,10.984674932859177,0.5534443447094312,0.0,3.376714131093492e-6,3.376714131093492e-6,0.0,0.0,4.771281743520616e-8,-1.9232182302515933e-9,1.3618391497165995e-11,1.3074403180132877e-8,0.011073517766636476
5,0.05038331567317271,7,8,38,8.899677420781249,0.015992255359357017,8.89969178939333,0.44839598081894744,1.6007908021148512e-6,0.0,1.6007908021148512e-6,2.2360705083014165e-8,-3.528998309148812e-9,0.0,0.0,1.3618391497165995e-11,1.3074403180132877e-8,0.011073517766636476
5,0.05038331567317271,7,6,39,8.899677420848064,0.015992255494156338,8.899691789460388,0.448395980822326,0.0,1.6007904506802148e-6,1.6007904506802148e-6,0.0,0.0,2.236070232252283e-8,-3.5289947126260597e-9,1.3618391497165995e-11,1.3074403180132877e-8,0.011073517766636476
5,0.05038331567317271,7,6,40,10.987259491758863,0.0007693416480500648,10.987259518693994,0.5535745647134311,0.0,8.638081579839536e-7,8.638081579839536e-7,0.0,0.0,1.1620821461094357e-8,3.764902840563809e-9,1.3618391497165995e-11,1.3074403180132877e-8,0.011073517766636476
5,0.05038331567317271,7,8,41,10.987259492041073,0.0007693417237137901,10.98725951897621,0.5535745647276501,8.638081223043261e-7,0.0,8.638081223043261e-7,1.162082045466172e-8,3.764903887574353e-9,0.0,0.0,1.3618391497165995e-11,1.3074403180132877e-8,0.011073517766636476
5,0.05038331567317271,7,6,42,11.018101640128393,0.03140430040696522,11.018146395028705,0.5551307479539611,0.0,8.523517917010096e-7,8.523517917010096e-7,0.0,0.0,1.1475865652729548e-8,-3.68655593543174e-9,1.3618391497165995e-11,1.3074403180132877e-8,0.011073517766636476
5,0.05038331567317271,7,8,43,11.018101640601024,0.031404300235838914,11.018146395500846,0.5551307479777492,8.523517200949991e-7,0.0,8.523517200949991e-7,1.1475864722170073e-8,-3.6865549617335386e-9,0.0,0.0,1.3618391497165995e-11,1.3074403180132877e-8,0.011073517766636476
5,0.05038331567317271,7,6,44,8.899931411180074,0.01613961545076835,8.899946045392445,0.44840879107921267,0.0,5.663350281304729e-7,5.663350281304729e-7,0.0,0.0,7.963693353222059e-9,8.486690683597148e-10,1.3618391497165995e-11,1.3074403180132877e-8,0.011073517766636476
5,0.05038331567317271,7,8,45,8.899931411168804,0.016139615556375667,8.899946045381368,0.44840879107865456,5.663348484736687e-7,0.0,5.663348484736687e-7,7.963691881565126e-9,8.486674654813905e-10,0.0,0.0,1.3618391497165995e-11,1.3074403180132877e-8,0.011073517766636476
5,0.05038331567317271,7,8,46,11.016191401361011,0.029885552405863994,11.016231939173343,0.555034291320258,1.777951591697035e-7,0.0,1.777951591697035e-7,2.5117657639377818e-9,-1.1235920747610135e-10,0.0,0.0,1.3618391497165995e-11,1.3074403180132877e-8,0.011073517766636476
5,0.05038331567317271,7,6,47,11.01619140143648,0.029885552488578576,11.016231939249035,0.5550342913240717,0.0,1.777951204516262e-7,1.777951204516262e-7,0.0,0.0,2.511765579725738e-9,-1.1235936369351431e-10,1.3618391497165995e-11,1.3074403180132877e-8,0.011073517766636476
5,0.05038331567317271,7,8,48,10.98546091405817,0.0008775015473703619,10.9854609491049,0.5534839468140637,1.44710182761341e-7,0.0,1.44710182761341e-7,1.1191475567926499e-9,1.713270812696452e-9,0.0,0.0,1.3618391497165995e-11,1.3074403180132877e-8,0.011073517766636476
5,0.05038331567317271,7,6,49,10.985460914048303,0.0008775015836249653,10.985460949095037,0.5534839468135667,0.0,1.447095335613238e-7,1.447095335613238e-7,0.0,0.0,1.1191415577895462e-9,1.7132642158599822e-9,1.3618391497165995e-11,1.3074403180132877e-8,0.011073517766636476
5,0.05038331567317271,7,8,50,10.982719796368482,-0.0005892983449442973,10.982719812178434,0.5533458392469941,9.012782219825345e-8,0.0,9.012782219825345e-8,6.78650157250439e-10,1.0788311620599782e-9,0.0,0.0,1.3618391497165995e-11,1.3074403180132877e-8,0.011073517766636476
5,0.05038331567317271,7,6,51,10.982719796302735,-0.0005892983479157746,10.982719812112688,0.5533458392436816,0.0,9.012749458146939e-8,9.012749458146939e-8,0.0,0.0,6.786490269644994e-10,1.0788260967905294e-9,1.3618391497165995e-11,1.3074403180132877e-8,0.011073517766636476
5,0.05038331567317271,7,8,52,6.3524542058453015,0.0008391871489916609,6.352454261275459,0.3200577083452326,7.938209178657894e-8,0.0,7.938209178657894e-8,1.1165003293158307e-9,1.1663802265566707e-10,0.0,0.0,1.3618391497165995e-11,1.3074403180132877e-8,0.011073517766636476
5,0.05038331567317271,7,6,53,6.3524542058296145,0.0008391871494736174,6.352454261259772,0.32005770834444225,0.0,7.938204060736707e-8,7.938204060736707e-8,0.0,0.0,1.1165000307793794e-9,1.166379396186218e-10,1.3618391497165995e-11,1.3074403180132877e-8,0.011073517766636476
5,0.05038331567317271,7,8,54,11.01689761587432,0.03138678774360566,11.016942325759093,0.5550700829518579,7.219438771868938e-8,0.0,7.219438771868938e-8,-8.669124994357874e-10,5.392256909162498e-10,0.0,0.0,1.3618391497165995e-11,1.3074403180132877e-8,0.011073517766636476
5,0.05038331567317271,7,6,55,11.016897615806446,0.031386787825432465,11.016942325691451,0.5550700829484498,0.0,7.219434934024178e-8,7.219434934024178e-8,0.0,0.0,-8.669116318099802e-10,5.392260738578336e-10,1.3618391497165995e-11,1.3074403180132877e-8,0.011073517766636476
5,0.05038331567317271,7,6,56,8.896076676802593,0.016060308592578468,8.896091173828152,0.4482145698683093,0.0,5.989006568479619e-8,5.989006568479619e-8,0.0,0.0,-1.4593372836617105e-10,8.342634625196811e-10,1.3618391497165995e-11,1.3074403180132877e-8,0.011073517766636476
5,0.05038331567317271,7,8,57,8.896076676849717,0.016060308609530782,8.896091173875307,0.4482145698706852,5.988988213683518e-8,0.0,5.988988213683518e-8,-1.4593297015534196e-10,8.342607750384319e-10,0.0,0.0,1.3618391497165995e-11,1.3074403180132877e-8,0.011073517766636476
5,0.05038331567317271,7,8,58,11.01631570028351,0.03126811116527099,11.016360075046967,0.555040747230428,5.252898470505502e-8,0.0,5.252898470505502e-8,6.881549783771124e-10,-2.7972554318392676e-10,0.0,0.0,1.3618391497165995e-11,1.3074403180132877e-8,0.011073517766636476
5,0.05038331567317271,7,6,59,11.016315700139158,0.03126811123370135,11.01636007490281,0.5550407472231649,0.0,5.252885096386925e-8,5.252885096386925e-8,0.0,0.0,6.881531958433332e-10,-2.79725192527874e-10,1.3618391497165995e-11,1.3074403180132877e-8,0.011073517766636476
5,0.05038331567317271,7,8,60,8.894659457169848,0.014683921957573525,8.894671577780995,0.44814304591253706,5.129731956516759e-8,0.0,5.129731956516759e-8,7.252329786416173e-10,-1.6336690908763686e-11,0.0,0.0,1.3618391497165995e-11,1.3074403180132877e-8,0.011073517766636476
5,0.05038331567317271,7,6,61,8.89465945724081,0.01468392201413459,8.894671577852051,0.4481430459161171,0.0,5.12973002755094e-8,5.12973002755094e-8,0.0,0.0,7.252331283858291e-10,-1.6336514839257562e-11,1.3618391497165995e-11,1.3074403180132877e-8,0.011073517766636476
5,0.05038331567317271,7,8,62,6.349537706510918,-0.0006676310274793228,6.349537741610417,0.3199107644142818,2.8868221061706594e-8,0.0,2.8868221061706594e-8,4.0822516606217085e-10,3.1973233457898642e-12,0.0,0.0,1.3618391497165995e-11,1.3074403180132877e-8,0.011073517766636476
5,0.05038331567317271,7,6,63,6.349537706536449,-0.0006676310157480263,6.349537741635947,0.31991076441556804,0.0,2.8868215247378536e-8,2.8868215247378536e-8,0.0,0.0,4.08225235009412e-10,3.1973874107512898e-12,1.3618391497165995e-11,1.3074403180132877e-8,0.011073517766636476
5,0.05038331567317271,7,6,64,6.3831004191458245,0.03133689468832437,6.383177340624989,0.32160563895055194,0.0,7.062847135677721e-9,7.062847135677721e-9,0.0,0.0,9.68586808710451e-11,2.437522497641708e-11,1.3618391497165995e-11,1.3074403180132877e-8,0.011073517766636476
5,0.05038331567317271,7,8,65,6.383100419198257,0.0313368946788372,6.383177340677374,0.3216056389531912,7.062839833981551e-9,0.0,7.062839833981551e-9,9.685857410261944e-11,2.4375355082286646e-11,0.0,0.0,1.3618391497165995e-11,1.3074403180132877e-8,0.011073517766636476
5,0.05038331567317271,7,8,66,8.500255683485232,0.016097842197837803,8.500270926573247,0.4282718334010322,4.004198645937201e-10,0.0,4.004198645937201e-10,1.1585377975412848e-12,-5.542724647325682e-12,0.0,0.0,1.3618391497165995e-11,1.3074403180132877e-8,0.011073517766636476
5,0.05038331567317271,7,6,67,8.500255683484276,0.016097842204483678,8.500270926572304,0.4282718334009847,0.0,4.0041969984124936e-10,4.0041969984124936e-10,0.0,0.0,1.1585382796408478e-12,-5.542718947220617e-12,1.3618391497165995e-11,1.3074403180132877e-8,0.011073517766636476
5,0.05038331567317271,7,6,68,12.994782849840812,0.03314583830774229,12.994825122375214,0.6547223762583056,0.0,3.584278878174744e-16,3.584278878174744e-16,0.0,0.0,-4.78201034789319e-18,9.8984085893549e-20,1.3618391497165995e-11,1.3074403180132877e-8,0.011073517766636476
5,0.05038331567317271,7,8,69,12.994782849913767,0.03314583973647571,12.994825122451815,0.654722376262165,1.0154813367494206e-16,0.0,1.0154813367494206e-16,-1.3673875451390155e-18,-5.35464565333469e-19,0.0,0.0,1.3618391497165995e-11,1.3074403180132877e-8,0.011073517766636476
5,0.05038331567317271,7,6,70,6.7821728446053475,0.03279400639109523,6.782252128972895,0.34171234998908906,0.0,4.8088772628136693e-17,4.8088772628136693e-17,0.0,0.0,-5.478035601400839e-19,-5.753536057472053e-19,1.3618391497165995e-11,1.3074403180132877e-8,0.011073517766636476
5,0.05038331567317271,7,8,71,6.782172844850182,0.03279400628764693,6.782252129217227,0.34171235000139927,3.306301521329109e-17,0.0,3.306301521329109e-17,3.5284177804292107e-19,-4.306112000803143e-19,0.0,0.0,1.3618391497165995e-11,1.3074403180132877e-8,0.011073517766636476
5,0.05038331567317271,7,8,72,2.149086114826207,0.03284503459626045,2.1493370897177644,0.10829072907930845,2.464032435834811e-17,0.0,2.464032435834811e-17,1.5181167450886278e-20,-3.5754406055375495e-19,0.0,0.0,1.3618391497165995e-11,1.3074403180132877e-8,0.011073517766636476
5,0.05038331567317271,7,6,73,2.149086114796522,0.03284503460485914,2.1493370896882147,0.10829072907781964,0.0,1.901086048903999e-17,1.901086048903999e-17,0.0,0.0,-9.557826388763886e-21,-2.8023729103524253e-19,1.3618391497165995e-11,1.3074403180132877e-8,0.011073517766636476
5,0.05038331567317271,7,8,74,10.985696168825577,0.0007155548588199199,10.98569619212946,0.5534957991376299,3.395642585683231e-19,0.0,3.395642585683231e-19,4.024871647028035e-21,-7.016741374703147e-22,0.0,0.0,1.3618391497165995e-11,1.3074403180132877e-8,0.011073517766636476
5,0.05038331567317271,7,6,75,10.985696168828657,0.0007155548640749541,10.98569619213254,0.5534957991377851,0.0,3.2111884384357773e-19,3.2111884384357773e-19,0.0,0.0,4.0988895039325534e-21,-1.0972647504591411e-21,1.3618391497165995e-11,1.3074403180132877e-8,0.011073517766636476
5,0.05038331567317271,7,8,76,10.982743063512775,-0.0006890258776869468,10.98274308512653,0.5533470118152848,2.859649247544781e-19,0.0,2.859649247544781e-19,-8.546392318512763e-22,3.46624654466745e-21,0.0,0.0,1.3618391497165995e-11,1.3074403180132877e-8,0.011073517766636476
5,0.05038331567317271,7,6,77,10.982743063514835,-0.0006890258840258068,10.982743085128591,0.5533470118153886,0.0,2.8328243027369107e-19,2.8328243027369107e-19,0.0,0.0,-6.839504702188253e-23,3.5054294246610754e-21,1.3618391497165995e-11,1.3074403180132877e-8,0.011073517766636476
5,0.05038331567317271,7,6,78,11.016641358123884,0.03145672358943131,11.016686268519434,0.5550571819391218,0.0,1.0925982154753214e-19,1.0925982154753214e-19,0.0,0.0,7.365258558131776e-22,-1.4182933003294255e-21,1.3618391497165995e-11,1.3074403180132877e-8,0.011073517766636476
5,0.05038331567317271,7,8,79,11.016641358102916,0.031456723561635994,11.016686268498386,0.5550571819380613,1.0611793726638216e-19,0.0,1.0611793726638216e-19,9.904706381033059e-22,-1.2947176011223474e-21,0.0,0.0,1.3618391497165995e-11,1.3074403180132877e-8,0.011073517766636476
6,0.029088820866572156,8,9,0,0.3215816402873135,0.015482474147746256,0.3219541246445132,0.009365265859038288,30.364348126426187,0.0,30.364348126426187,0.4289480242797481,0.019592881466707013,0.0,0.0,3.157254206816513e-11,7.658290195776382e-8,0.012365943286163882
6,0.029088820866572156,8,7,1,0.3215816402809869,0.015482474168544973,0.3219541246391941,0.009365265858883563,0.0,30.364348120709828,30.364348120709828,0.0,0.0,0.42894802428758005,0.01959288146238336,3.157254206816513e-11,7.658290195776382e-8,0.012365943286163882
6,0.029088820866572156,8,9,2,0.2920301685492386,-0.01405982856697429,0.292368428737149,0.008504652850576095,27.581449819977806,0.0,27.581449819977806,0.3895477063355415,-0.019612378942930775,0.0,0.0,3.157254206816513e-11,7.658290195776382e-8,0.012365943286163882
6,0.029088820866572156,8,7,3,0.29203016856203257,-0.014059828581005813,0.292368428750603,0.008504652850967454,0.0,27.581449815873732,27.581449815873732,0.0,0.0,0.3895477063335768,-0.01961237892991008,3.157254206816513e-11,7.658290195776382e-8,0.012365943286163882
6,0.029088820866572156,8,7,4,11.695270013069813,0.0011204479943770287,11.69527006674124,0.34020161595761933,0.0,2.427479786505804,2.427479786505804,0.0,0.0,0.03432750382423344,0.00019043521936790153,3.157254206816513e-11,7.658290195776382e-8,0.012365943286163882
6,0.029088820866572156,8,9,5,11.695270013229623,0.0011204480144360734,11.695270066901053,0.34020161596226806,2.4274797047823427,0.0,2.4274797047823427,0.03432750382522365,0.0001904352136460341,0.0,0.0,3.157254206816513e-11,7.658290195776382e-8,0.012365943286163882
6,0.029088820866572156,8,7,6,11.692691118112416,-0.0012390389686948201,11.692691183761013,0.34012659929257166,0.0,2.4010319337635297,2.4010319337635297,0.0,0.0,0.033953516940419703,-0.00018513349739057716,3.157254206816513e-11,7.658290195776382e-8,0.012365943286163882
6,0.029088820866572156,8,9,7,11.692691118056953,-0.0012390390102482822,11.692691183705556,0.34012659929095845,2.4010318547240557,0.0,2.4010318547240557,0.033953516941077844,-0.00018513348944604324,0.0,0.0,3.157254206816513e-11,7.658290195776382e-8,0.012365943286163882
6,0.029088820866572156,8,9,8,3.8658131753339138,0.001135267741892057,3.865813342030125,0.11245195180991893,2.2231826310195015,0.0,2.2231826310195015,0.03143513771958162,0.0004913811144020563,0.0,0.0,3.157254206816513e-11,7.658290195776382e-8,0.012365943286163882
6,0.029088820866572156,8,7,9,3.865813175348391,0.0011352677150955753,3.865813342044594,0.11245195181033983,0.0,2.2231826034236097,2.2231826034236097,0.0,0.0,0.03143513771666906,0.0004913811178436367,3.157254206816513e-11,7.658290195776382e-8,0.012365943286163882
6,0.029088820866572156,8,9,10,3.863570620328601,-0.0011010180825035652,3.8635707772094907,0.11238671824356984,2.15520629360116,0.0,2.15520629360116,0.03047407468270935,-0.00046978113824247547,0.0,0.0,3.157254206816513e-11,7.658290195776382e-8,0.012365943286163882
6,0.029088820866572156,8,7,11,3.8635706203411724,-0.0011010180761246297,3.86357077722206,0.11238671824393547,0.0,2.1552062654191415,2.1552062654191415,0.0,0.0,0.030474074684004315,-0.0004697811425238285,3.157254206816513e-11,7.658290195776382e-8,0.012365943286163882
6,0.029088820866572156,8,7,12,0.9348806088611226,0.015452854534253622,0.9350083120153532,0.027198289296970615,0.0,0.038652025926935896,0.038652025926935896,0.0,0.0,0.000545285166419501,3.7815749008162855e-5,3.157254206816513e-11,7.658290195776382e-8,0.012365943286163882
6,0.029088820866572156,8,9,13,0.934880608856055,0.015452854528838413,0.9350083120101967,0.02719828929682062,0.038652025916145444,0.0,0.038652025916145444,0.0005452851665797183,3.781574875711714e-5,0.0,0.0,3.157254206816513e-11,7.658290195776382e-8,0.012365943286163882
6,0.029088820866572156,8,7,14,0.9079816993330562,-0.011449649042428225,0.9080538864995509,0.02641421684158008,0.0,0.03286343290430824,0.03286343290430824,0.0,0.0,0.0004627511704252997,-4.290454157741298e-5,3.157254206816513e-11,7.658290195776382e-8,0.012365943286163882
6,0.029088820866572156,8,9,15,0.9079816993284605,-0.01144964905554555,0.908053886495121,0.02641421684145122,0.03286343289328565,0.0,0.03286343289328565,0.00046275117017325305,-4.290454133833513e-5,0.0,0.0,3.157254206816513e-11,7.658290195776382e-8,0.012365943286163882
6,0.029088820866572156,8,9,16,4.492110227101209,0.002405217897543891,4.492110871016032,0.13067020843976676,0.0002219784353309615,0.0,0.0002219784353309615,3.138460030293355e-6,6.299796914949857e-8,0.0,0.0,3.157254206816513e-11,7.658290195776382e-8,0.012365943286163882
6,0.029088820866572156,8,7,17,4.49211022712671,0.002405217982255934,4.492110871041578,0.13067020844050986,0.0,0.00022197842974172296,0.00022197842974172296,0.0,0.0,3.1384600334697017e-6,6.299800957562998e-8,3.157254206816513e-11,7.658290195776382e-8,0.012365943286163882
6,0.029088820866572156,8,9,18,4.4900398258640735,0.0003371387562525474,4.49003983852126,0.1306099645465175,0.0002105888065802658,0.0,0.0002105888065802658,2.9765163593528383e-6,-9.483001016612322e-8,0.0,0.0,3.157254206816513e-11,7.658290195776382e-8,0.012365943286163882
6,0.029088820866572156,8,7,19,4.490039825836112,0.0003371386846536123,4.490039838493293,0.13060996454570398,0.0,0.00021058879836906302,0.00021058879836906302,0.0,0.0,2.976516346884134e-6,-9.48300542058056e-8,3.157254206816513e-11,7.658290195776382e-8,0.012365943286163882
6,0.029088820866572156,8,9,20,4.492670284423846,0.0284700204246095,4.492760490679201,0.1306891051097801,0.00017307087898787133,0.0,0.00017307087898787133,2.446819691859185e-6,5.6393086703853583e-8,0.0,0.0,3.157254206816513e-11,7.658290195776382e-8,0.012365943286163882
6,0.029088820866572156,8,7,21,4.492670284412643,0.028470020566061606,4.492760490668895,0.1306891051094803,0.0,0.00017307087839515503,0.00017307087839515503,0.0,0.0,2.446819687016745e-6,5.6393108338457414e-8,3.157254206816513e-11,7.658290195776382e-8,0.012365943286163882
6,0.029088820866572156,8,7,22,4.438284216006635,-0.025719242949461277,4.438358735108229,0.12910662218714905,0.0,0.00013973274854171998,0.00013973274854171998,0.0,0.0,1.9754117727063464e-6,-4.90514677203434e-8,3.157254206816513e-11,7.658290195776382e-8,0.012365943286163882
6,0.029088820866572156,8,9,23,4.438284216021737,-0.025719242921247585,4.438358735123168,0.1291066221875836,0.00013973274705220487,0.0,0.00013973274705220487,1.975411751913307e-6,-4.905145348359658e-8,0.0,0.0,3.157254206816513e-11,7.658290195776382e-8,0.012365943286163882
6,0.029088820866572156,8,9,24,12.320933478843035,0.0001389856852642389,12.320933479626945,0.35840142689781973,0.00010842498294724978,0.0,0.00010842498294724978,1.5332835933549427e-6,1.410219186916042e-9,0.0,0.0,3.157254206816513e-11,7.658290195776382e-8,0.012365943286163882
6,0.029088820866572156,8,7,25,12.320933478805074,0.00013898559179599534,12.320933479588984,0.3584014268967155,0.0,0.00010842498041276438,0.00010842498041276438,0.0,0.0,1.533283579706667e-6,1.410175456732722e-9,3.157254206816513e-11,7.658290195776382e-8,0.012365943286163882
6,0.029088820866572156,8,9,26,4.463369349023185,0.00038538818504834857,4.463369365661294,0.1298341519390672,8.109525767030043e-5,0.0,8.109525767030043e-5,1.1373789740175383e-6,-1.4671664811463918e-7,0.0,0.0,3.157254206816513e-11,7.658290195776382e-8,0.012365943286163882
6,0.029088820866572156,8,7,27,4.463369349057668,0.0003853881998219476,4.463369365695779,0.12983415194007028,0.0,8.10952570232255e-5,8.10952570232255e-5,0.0,0.0,1.1373789701151084e-6,-1.4671665054071773e-7,3.157254206816513e-11,7.658290195776382e-8,0.012365943286163882
6,0.029088820866572156,8,7,28,4.46540664821352,0.0025992402476830816,4.465407404701095,0.12989343609161502,0.0,7.412747896577902e-5,7.412747896577902e-5,0.0,0.0,1.0406164051610243e-6,1.2642894753378517e-7,3.157254206816513e-11,7.658290195776382e-8,0.012365943286163882
6,0.029088820866572156,8,9,29,4.465406648197376,0.00259924029783554,4.4654074046849805,0.12989343609114629,7.412747732675473e-5,0.0,7.412747732675473e-5,1.0406163940266712e-6,1.2642891691161628e-7,0.0,0.0,3.157254206816513e-11,7.658290195776382e-8,0.012365943286163882
6,0.029088820866572156,8,9,30,12.268254192243045,-0.025592096381496177,12.26828088531096,0.35686982501360176,2.541040431719761e-5,0.0,2.541040431719761e-5,3.5874147321976655e-7,-2.0721270243151757e-8,0.0,0.0,3.157254206816513e-11,7.658290195776382e-8,0.012365943286163882
6,0.029088820866572156,8,7,31,12.26825419238966,-0.025592096595836708,12.26828088545802,0.3568698250178796,0.0,2.541040344324995e-5,2.541040344324995e-5,0.0,0.0,3.5874146459115203e-7,-2.0721284614841088e-8,3.157254206816513e-11,7.658290195776382e-8,0.012365943286163882
6,0.029088820866572156,8,7,32,12.293154068123357,0.00022024038812293312,12.293154070096238,0.35759335663020186,0.0,2.4150580833995224e-5,2.4150580833995224e-5,0.0,0.0,3.37755214811881e-7,-5.059528877224147e-8,3.157254206816513e-11,7.658290195776382e-8,0.012365943286163882
6,0.029088820866572156,8,9,33,12.293154068058353,0.00022024039939794182,12.293154070031234,0.357593356628311,2.415057557092213e-5,0.0,2.415057557092213e-5,3.377551410733812e-7,-5.0595340606205837e-8,0.0,0.0,3.157254206816513e-11,7.658290195776382e-8,0.012365943286163882
6,0.029088820866572156,8,7,34,11.594242677778078,-0.0011364069713856867,11.59424273347041,0.33726284995747663,0.0,1.2445284148858787e-5,1.2445284148858787e-5,0.0,0.0,1.7373495724583203e-7,-2.8108574273487212e-8,3.157254206816513e-11,7.658290195776382e-8,0.012365943286163882
6,0.029088820866572156,8,9,35,11.594242677783063,-0.0011364069780577038,11.594242733475395,0.3372628499576217,1.2445282718444427e-5,0.0,1.2445282718444427e-5,1.737349435797546e-7,-2.8108566045055103e-8,0.0,0.0,3.157254206816513e-11,7.658290195776382e-8,0.012365943286163882
6,0.029088820866572156,8,7,36,12.295298959829854,0.0027829110140079605,12.295299274771102,0.3576557581047111,0.0,7.683644828779048e-6,7.683644828779048e-6,0.0,0.0,1.0642715215203201e-7,2.190345178700338e-8,3.157254206816513e-11,7.658290195776382e-8,0.012365943286163882
6,0.029088820866572156,8,9,37,12.295298960081187,0.002782910987945572,12.29529927502243,0.35765575811202194,7.683641349585511e-6,0.0,7.683641349585511e-6,1.0642710247133466e-7,2.1903495076502563e-8,0.0,0.0,3.157254206816513e-11,7.658290195776382e-8,0.012365943286163882
6,0.029088820866572156,8,9,38,8.049072515437118,0.015392582292372524,8.0490872333672,0.23413845667083133,3.536369371776445e-6,0.0,3.536369371776445e-6,4.99252410872064e-8,2.8985912150596308e-9,0.0,0.0,3.157254206816513e-11,7.658290195776382e-8,0.012365943286163882
6,0.029088820866572156,8,7,39,8.049072515435252,0.015392582297139079,8.049087233365343,0.23413845667077735,0.0,3.5363690729251524e-6,3.5363690729251524e-6,0.0,0.0,4.992523840442775e-8,2.898589487525135e-9,3.157254206816513e-11,7.658290195776382e-8,0.012365943286163882
6,0.029088820866572156,8,9,40,8.019564737719703,-0.013913241299112327,8.019576806837176,0.23328003315980333,3.019380385338301e-6,0.0,3.019380385338301e-6,4.259539103840631e-8,-2.9634159927446053e-9,0.0,0.0,3.157254206816513e-11,7.658290195776382e-8,0.012365943286163882
6,0.029088820866572156,8,7,41,8.01956473772324,-0.013913241287688626,8.019576806840691,0.2332800331599056,0.0,3.019380308447669e-6,3.019380308447669e-6,0.0,0.0,4.259539094809248e-8,-2.9634125912239783e-9,3.157254206816513e-11,7.658290195776382e-8,0.012365943286163882
6,0.029088820866572156,8,9,42,8.050048445690749,0.013271701106019142,8.050059385869044,0.23416673544081248,2.2642653123467635e-6,0.0,2.2642653123467635e-6,3.199435308040484e-8,-1.2799489772313267e-9,0.0,0.0,3.157254206816513e-11,7.658290195776382e-8,0.012365943286163882
6,0.029088820866572156,8,7,43,8.050048445647729,0.013271701002764917,8.050059385825854,0.23416673543955613,0.0,2.264265007590096e-6,2.264265007590096e-6,0.0,0.0,3.1994352803405054e-8,-1.279948645927836e-9,3.157254206816513e-11,7.658290195776382e-8,0.012365943286163882
6,0.029088820866572156,8,9,44,8.024723153596037,-0.011781471793094776,8.02473180205656,0.23342998589230807,2.1548832679310026e-6,0.0,2.1548832679310026e-6,3.044577849904481e-8,1.290780743897902e-9,0.0,0.0,3.157254206816513e-11,7.658290195776382e-8,0.012365943286163882
6,0.029088820866572156,8,7,45,8.02472315363859,-0.0117814717032113,8.024731802098982,0.23342998589354205,0.0,2.15488318033341e-6,2.15488318033341e-6,0.0,0.0,3.0445777897183325e-8,1.2907803267516456e-9,3.157254206816513e-11,7.658290195776382e-8,0.012365943286163882
6,0.029088820866572156,8,7,46,8.051040967075927,0.0154456018178529,8.05105578294862,0.23419571945697223,0.0,1.1754363869122992e-6,1.1754363869122992e-6,0.0,0.0,1.6557211050014627e-8,-1.4701472474796045e-9,3.157254206816513e-11,7.658290195776382e-8,0.012365943286163882
6,0.029088820866572156,8,9,47,8.051040967071733,0.015445601805218569,8.0510557829444,0.2341957194568495,1.175436372737523e-6,0.0,1.175436372737523e-6,1.6557208712198346e-8,-1.4701523293435042e-9,0.0,0.0,3.157254206816513e-11,7.658290195776382e-8,0.012365943286163882
6,0.029088820866572156,8,9,48,8.021355347633888,-0.013961705890677472,8.021367498266498,0.2333321222620182,1.0345501895009487e-6,0.0,1.0345501895009487e-6,1.4561758702308809e-8,1.411588706570586e-9,0.0,0.0,3.157254206816513e-11,7.658290195776382e-8,0.012365943286163882
6,0.029088820866572156,8,7,49,8.021355347641334,-0.013961705899053548,8.02136749827396,0.23333212226223526,0.0,1.0345500610084024e-6,1.0345500610084024e-6,0.0,0.0,1.4561757934100483e-8,1.4115851198951212e-9,3.157254206816513e-11,7.658290195776382e-8,0.012365943286163882
6,0.029088820866572156,8,7,50,12.223619493690128,0.0025003611705377293,12.22361974941659,0.3555706852318728,0.0,6.448764975479746e-7,6.448764975479746e-7,0.0,0.0,9.119344167779195e-9,-4.8860272226857826e-11,3.157254206816513e-11,7.658290195776382e-8,0.012365943286163882
6,0.029088820866572156,8,9,51,12.223619493671494,0.0025003611069553573,12.223619749397942,0.35557068523133034,6.448764817042645e-7,0.0,6.448764817042645e-7,9.119343761036092e-9,-4.885877118603418e-11,0.0,0.0,3.157254206816513e-11,7.658290195776382e-8,0.012365943286163882
6,0.029088820866572156,8,9,52,11.59677582203643,0.0010902500444047482,11.59677587328538,0.3373365360077843,6.169749156050957e-7,0.0,6.169749156050957e-7,8.514031502559761e-9,1.9066509269032765e-9,0.0,0.0,3.157254206816513e-11,7.658290195776382e-8,0.012365943286163882
6,0.029088820866572156,8,7,53,11.596775822064627,0.0010902500211531427,11.596775873313574,0.3373365360086044,0.0,6.169743910535697e-7,6.169743910535697e-7,0.0,0.0,8.514025446562656e-9,1.9066478266810568e-9,3.157254206816513e-11,7.658290195776382e-8,0.012365943286163882
6,0.029088820866572156,8,9,54,12.224153157421178,0.028475338532418924,12.224186323064398,0.3555871661912216,4.405408408915843e-7,0.0,4.405408408915843e-7,6.049983083943899e-9,-1.4862942926260856e-9,0.0,0.0,3.157254206816513e-11,7.658290195776382e-8,0.012365943286163882
6,0.029088820866572156,8,7,55,12.224153157281364,0.028475338693612934,12.224186322924961,0.35558716618716557,0.0,4.4054082402558984e-7,4.4054082402558984e-7,0.0,0.0,6.049982858306683e-9,-1.486293688668989e-9,3.157254206816513e-11,7.658290195776382e-8,0.012365943286163882
6,0.029088820866572156,8,9,56,12.193934923330872,0.0004690228743501265,12.19393493235103,0.3547071889057958,2.4026477937593586e-7,0.0,2.4026477937593586e-7,3.382321142892271e-9,-3.227679274290505e-10,0.0,0.0,3.157254206816513e-11,7.658290195776382e-8,0.012365943286163882
6,0.029088820866572156,8,7,57,12.193934923329742,0.0004690229184381098,12.193934932349903,0.35470718890576297,0.0,2.402647356165019e-7,2.402647356165019e-7,0.0,0.0,3.3823209940786936e-9,-3.2276773459881043e-10,3.157254206816513e-11,7.658290195776382e-8,0.012365943286163882
6,0.029088820866572156,8,9,58,12.323138410037904,0.00015838120165967418,12.32313841105569,0.35846556575317357,1.7170061798572675e-7,0.0,1.7170061798572675e-7,2.185161182289184e-9,-1.0586192398472033e-9,0.0,0.0,3.157254206816513e-11,7.658290195776382e-8,0.012365943286163882
6,0.029088820866572156,8,7,59,12.323138410071964,0.0001583811695293827,12.323138411089749,0.35846556575416433,0.0,1.7169984619078338e-7,1.7169984619078338e-7,0.0,0.0,2.1851570866669485e-9,-1.0586224802410542e-9,3.157254206816513e-11,7.658290195776382e-8,0.012365943286163882
6,0.029088820866572156,8,9,60,12.221080540136597,0.00030243888987919326,12.221080543878871,0.3554968227368427,9.179365773829793e-8,0.0,9.179365773829793e-8,1.2963961479092582e-9,6.635581974825519e-11,0.0,0.0,3.157254206816513e-11,7.658290195776382e-8,0.012365943286163882
6,0.029088820866572156,8,7,61,12.221080540098306,0.0003024388548396248,12.22108054384058,0.35549682273572886,0.0,9.179363651813044e-8,9.179363651813044e-8,0.0,0.0,1.296395688583527e-9,6.635667594247257e-11,3.157254206816513e-11,7.658290195776382e-8,0.012365943286163882
6,0.029088820866572156,8,9,62,12.19582993751278,0.002687545645541578,12.19583023363455,0.3547623209853203,4.73395389762846e-9,0.0,4.73395389762846e-9,1.8784320059053275e-11,-6.425541826083106e-11,0.0,0.0,3.157254206816513e-11,7.658290195776382e-8,0.012365943286163882
6,0.029088820866572156,8,7,63,12.195829937566554,0.0026875455702764194,12.195830233688309,0.35476232098688404,0.0,4.733948877382185e-9,4.733948877382185e-9,0.0,0.0,1.8784351109783304e-11,-6.425543975296447e-11,3.157254206816513e-11,7.658290195776382e-8,0.012365943286163882
6,0.029088820866572156,8,7,64,12.167841656189227,-0.02565342610116121,12.167868698681971,0.3539489529039303,0.0,4.7120526714654946e-9,4.7120526714654946e-9,0.0,0.0,6.026994314314228e-11,-2.8421418267159093e-11,3.157254206816513e-11,7.658290195776382e-8,0.012365943286163882
6,0.029088820866572156,8,9,65,12.167841656256474,-0.025653426051626224,12.167868698749116,0.35394895290588346,4.712051366630438e-9,0.0,4.712051366630438e-9,6.026993265631635e-11,-2.84214691173767e-11,0.0,0.0,3.157254206816513e-11,7.658290195776382e-8,0.012365943286163882
6,0.029088820866572156,8,9,66,8.662417266146969,0.015570486991870948,8.662431259923872,0.2519799111889205,3.543084328549234e-9,0.0,3.543084328549234e-9,5.0089274518273954e-11,1.2272902196860696e-12,0.0,0.0,3.157254206816513e-11,7.658290195776382e-8,0.012365943286163882
6,0.029088820866572156,8,7,67,8.662417266144624,0.015570486989904653,8.662431259921524,0.25197991118885216,0.0,3.5430834506710242e-9,3.5430834506710242e-9,0.0,0.0,5.008924055660126e-11,1.2272307792424674e-12,3.157254206816513e-11,7.658290195776382e-8,0.012365943286163882
6,0.029088820866572156,8,9,68,8.635128982321143,-0.011504068522788477,8.635136645410723,0.2511859430367253,2.6159189775299214e-9,0.0,2.6159189775299214e-9,3.5879556253290884e-11,-9.006908748551669e-12,0.0,0.0,3.157254206816513e-11,7.658290195776382e-8,0.012365943286163882
6,0.029088820866572156,8,7,69,8.635128982336864,-0.011504068512137762,8.63513664542643,0.2511859430371822,0.0,2.6159163233289958e-9,2.6159163233289958e-9,0.0,0.0,3.587956234080335e-11,-9.006865675538499e-12,3.157254206816513e-11,7.658290195776382e-8,0.012365943286163882
6,0.029088820866572156,8,9,70,8.663380273584139,0.013339549451056018,8.663390543448122,0.2520078156155176,1.9977027815794143e-9,0.0,1.9977027815794143e-9,2.8246573220530628e-11,-4.606508411954477e-13,0.0,0.0,3.157254206816513e-11,7.658290195776382e-8,0.012365943286163882
6,0.029088820866572156,8,7,71,8.663380273551944,0.013339549356056815,8.663390543415781,0.25200781561457686,0.0,1.9977006259379405e-9,1.9977006259379405e-9,0.0,0.0,2.8246572359513986e-11,-4.606670252118138e-13,3.157254206816513e-11,7.658290195776382e-8,0.012365943286163882
6,0.029088820866572156,8,7,72,12.225006960159467,0.0003552046686654195,12.225006965319807,0.35561103770678476,0.0,9.87231228320112e-10,9.87231228320112e-10,0.0,0.0,1.3949597460519139e-11,-5.606663904274453e-13,3.157254206816513e-11,7.658290195776382e-8,0.012365943286163882
6,0.029088820866572156,8,9,73,12.225006960176339,0.0003552047131411551,12.225006965336679,0.35561103770727553,9.87231073726647e-10,0.0,9.87231073726647e-10,1.3949604820645309e-11,-5.605923906528222e-13,0.0,0.0,3.157254206816513e-11,7.658290195776382e-8,0.012365943286163882
6,0.029088820866572156,8,9,74,8.64052909219177,-0.009266686060312106,8.64053406129985,0.2513429475006665,3.712682794421009e-10,0.0,3.712682794421009e-10,4.813047574792261e-12,-2.0976077766607823e-12,0.0,0.0,3.157254206816513e-11,7.658290195776382e-8,0.012365943286163882
6,0.029088820866572156,8,7,75,8.640529092218776,-0.00926668594500665,8.640534061326731,0.2513429475014485,0.0,3.712680742560141e-10,3.712680742560141e-10,0.0,0.0,4.8130511188220435e-12,-2.0976054770217257e-12,3.157254206816513e-11,7.658290195776382e-8,0.012365943286163882
6,0.029088820866572156,8,9,76,8.664373386611654,0.01541865663700008,8.664387105710178,0.25203680443664095,3.13667745736472e-10,0.0,3.13667745736472e-10,3.758452752597078e-12,-2.3557630131962407e-12,0.0,0.0,3.157254206816513e-11,7.658290195776382e-8,0.012365943286163882
6,0.029088820866572156,8,7,77,8.664373386627851,0.015418656654274436,8.664387105726405,0.25203680443711296,0.0,3.136672587043419e-10,3.136672587043419e-10,0.0,0.0,3.758435005147716e-12,-2.35577614539816e-12,3.157254206816513e-11,7.658290195776382e-8,0.012365943286163882
6,0.029088820866572156,8,7,78,5.091923126965214,0.0015871649562435655,5.091923374326817,0.14811804690210442,0.0,2.7381270171589244e-10,2.7381270171589244e-10,0.0,0.0,2.24568326698331e-12,3.154358989994429e-12,3.157254206816513e-11,7.658290195776382e-8,0.012365943286163882
6,0.029088820866572156,8,9,79,5.09192312692363,0.0015871649230470367,5.091923374285223,0.1481180469008945,2.7381195966660015e-10,0.0,2.7381195966660015e-10,2.2456867344036695e-12,3.15437031138573e-12,0.0,0.0,3.157254206816513e-11,7.658290195776382e-8,0.012365943286163882
7,0.01679443855772424,9,8,0,0.08793341003218114,0.04526450208425088,0.09889974594923309,0.001660965706718932,0.0,53.49387693800012,53.49387693800012,0.0,0.0,0.7564797430533794,-0.00037883648349179566,4.303072888192077e-11,4.766767588107505e-6,0.010150184403531768
7,0.01679443855772424,9,10,1,0.0879334100175333,0.045264502067863505,0.09889974592870926,0.0016609657063742457,53.49387693742721,0.0,53.49387693742721,0.7564797430438652,-0.00037883646328040754,0.0,0.0,4.303072888192077e-11,4.766767588107505e-6,0.010150184403531768
7,0.01679443855772424,9,10,2,2.1179087462028097,0.0021869593268215165,2.117909875333097,0.035569107272079105,2.4910196359529957,0.0,2.4910196359529957,0.03518683556114388,0.001672802875792745,0.0,0.0,4.303072888192077e-11,4.766767588107505e-6,0.010150184403531768
7,0.01679443855772424,9,8,3,2.1179087462007598,0.0021869593358620626,2.1179098753310566,0.035569107272044834,0.0,2.4910196352958796,2.4910196352958796,0.0,0.0,0.03518683556032187,0.0016728028787127425,4.303072888192077e-11,4.766767588107505e-6,0.010150184403531768
7,0.01679443855772424,9,10,4,6.736232603258127,0.0019103489078435565,6.736232874138981,0.11313124911524929,2.1795436634619403,0.0,2.1795436634619403,0.03081776395045288,0.0005025242810565711,0.0,0.0,4.303072888192077e-11,4.766767588107505e-6,0.010150184403531768
7,0.01679443855772424,9,8,5,6.736232603334498,0.0019103489128902904,6.736232874215354,0.11313124911653191,0.0,2.1795436576011107,2.1795436576011107,0.0,0.0,0.030817763948606802,0.0005025242838031518,4.303072888192077e-11,4.766767588107505e-6,0.010150184403531768
7,0.01679443855772424,9,10,6,2.110445085420214,-0.001782514586238737,2.110445838189785,0.035443752958883176,2.10785527272828,0.0,2.10785527272828,0.029782045339344143,-0.0012456676372721853,0.0,0.0,4.303072888192077e-11,4.766767588107505e-6,0.010150184403531768
7,0.01679443855772424,9,8,7,2.1104450854233594,-0.0017825145919658156,2.1104458381929354,0.035443752958936085,0.0,2.1078552725300828,2.1078552725300828,0.0,0.0,0.02978204534053941,-0.0012456676392879062,4.303072888192077e-11,4.766767588107505e-6,0.010150184403531768
7,0.01679443855772424,9,10,8,6.7293215659916985,-0.0017419616170630467,6.729321791455008,0.11301518136174594,2.0585964439311875,0.0,2.0585964439311875,0.029108382034400693,-0.000425677073502273,0.0,0.0,4.303072888192077e-11,4.766767588107505e-6,0.010150184403531768
7,0.01679443855772424,9,8,9,6.729321566007078,-0.0017419615811458539,6.729321791470379,0.11301518136200409,0.0,2.05859643855664,2.05859643855664,0.0,0.0,0.029108382035459512,-0.00042567707687546363,4.303072888192077e-11,4.766767588107505e-6,0.010150184403531768
7,0.01679443855772424,9,8,10,2.204625848130764,0.08856514449019254,2.206404068856124,0.03705531756791694,0.0,0.009976385020954312,0.009976385020954312,0.0,0.0,0.00010606510066948644,-9.302610173056187e-5,4.303072888192077e-11,4.766767588107505e-6,0.010150184403531768
7,0.01679443855772424,9,10,11,2.204625848126388,0.08856514448955279,2.2064040688517257,0.03705531756784307,0.00997638501972151,0.0,0.00997638501972151,0.00010606510054712859,-9.302610179867145e-5,0.0,0.0,4.303072888192077e-11,4.766767588107505e-6,0.010150184403531768
7,0.01679443855772424,9,10,12,6.823330578346667,0.08871819773124993,6.823907319125117,0.11460369219465151,0.0032375109286097788,0.0,0.0032375109286097788,2.2342816030501104e-5,-3.9961035728217076e-5,0.0,0.0,4.303072888192077e-11,4.766767588107505e-6,0.010150184403531768
7,0.01679443855772424,9,8,13,6.823330578317371,0.08871819775494968,6.823907319096132,0.11460369219416473,0.0,0.003237510920090149,0.003237510920090149,0.0,0.0,2.2342816171536345e-5,-3.996103561100398e-5,4.303072888192077e-11,4.766767588107505e-6,0.010150184403531768
7,0.01679443855772424,9,10,14,4.309066414486268,0.045394270566916854,4.309305512986268,0.07237236666431021,7.13485785064617e-5,0.0,7.13485785064617e-5,1.0086404113432772e-6,2.581941510661651e-8,0.0,0.0,4.303072888192077e-11,4.766767588107505e-6,0.010150184403531768
7,0.01679443855772424,9,8,15,4.309066414486367,0.045394270560041354,4.3093055129862945,0.07237236666431066,0.0,7.134857832191996e-5,7.134857832191996e-5,0.0,0.0,1.0086404107031642e-6,2.581941595452021e-8,4.303072888192077e-11,4.766767588107505e-6,0.010150184403531768
7,0.01679443855772424,9,10,16,8.92819526390063,0.045361396822790924,8.928310496765855,0.14994596206221852,3.788855567917462e-5,0.0,3.788855567917462e-5,5.356839048064836e-7,1.107080262477357e-8,0.0,0.0,4.303072888192077e-11,4.766767588107505e-6,0.010150184403531768
7,0.01679443855772424,9,8,17,8.92819526389394,0.04536139680481378,8.928310496759075,0.14994596206210467,0.0,3.788855475712369e-5,3.788855475712369e-5,0.0,0.0,5.356839091893608e-7,1.1070791319084316e-8,4.303072888192077e-11,4.766767588107505e-6,0.010150184403531768
7,0.01679443855772424,9,10,18,4.312189216378927,0.04156131385982814,4.312389497791736,0.07242416045763861,2.847706961754562e-5,0.0,2.847706961754562e-5,3.986685430663066e-7,-5.6884739258593285e-8,0.0,0.0,4.303072888192077e-11,4.766767588107505e-6,0.010150184403531768
7,0.01679443855772424,9,8,19,4.3121892164046365,0.04156131384924401,4.3123894978173425,0.07242416045806865,0.0,2.8477069501565993e-5,2.8477069501565993e-5,0.0,0.0,3.9866854366588057e-7,-5.688473776585696e-8,4.303072888192077e-11,4.766767588107505e-6,0.010150184403531768
7,0.01679443855772424,9,10,20,8.930981846142213,0.041657957780024145,8.93107900097005,0.14999245753597268,2.383665393456946e-5,0.0,2.383665393456946e-5,3.359778663801431e-7,-2.7289473002098917e-8,0.0,0.0,4.303072888192077e-11,4.766767588107505e-6,0.010150184403531768
7,0.01679443855772424,9,8,21,8.930981846071528,0.04165795759423826,8.9310790008985,0.14999245753477106,0.0,2.3836651946864644e-5,2.3836651946864644e-5,0.0,0.0,3.3597786608519183e-7,-2.7289474345669354e-8,4.303072888192077e-11,4.766767588107505e-6,0.010150184403531768
7,0.01679443855772424,9,10,22,4.316053444770119,0.04545406997464609,4.316292785549802,0.07248971398406456,1.3976702271609095e-5,0.0,1.3976702271609095e-5,1.9469957727665924e-7,-3.402659311009165e-8,0.0,0.0,4.303072888192077e-11,4.766767588107505e-6,0.010150184403531768
7,0.01679443855772424,9,8,23,4.316053444782798,0.045454069995824076,4.316292785562704,0.07248971398428124,0.0,1.3976702152185068e-5,1.3976702152185068e-5,0.0,0.0,1.9469957570712837e-7,-3.402659050574655e-8,4.303072888192077e-11,4.766767588107505e-6,0.010150184403531768
7,0.01679443855772424,9,8,24,8.934643177923977,0.04525228080096918,8.934757774318292,0.15005424046893753,0.0,9.091024751698319e-6,9.091024751698319e-6,0.0,0.0,1.2255372114434505e-7,-3.8836588488633514e-8,4.303072888192077e-11,4.766767588107505e-6,0.010150184403531768
7,0.01679443855772424,9,10,25,8.934643177918144,0.0452522806248292,8.934757774311567,0.1500542404688246,9.091023306745184e-6,0.0,9.091023306745184e-6,1.2255368929034758e-7,-3.883660199123824e-8,0.0,0.0,4.303072888192077e-11,4.766767588107505e-6,0.010150184403531768
7,0.01679443855772424,9,10,26,8.934971182178755,0.045517422933809594,8.935087121128442,0.15005977166370477,3.41474430093703e-6,0.0,3.41474430093703e-6,4.295424030672998e-8,2.2063451318998906e-8,0.0,0.0,4.303072888192077e-11,4.766767588107505e-6,0.010150184403531768
7,0.01679443855772424,9,8,27,8.934971182186825,0.04551742281881149,8.935087121135926,0.15005977166383047,0.0,3.414742656252429e-6,3.414742656252429e-6,0.0,0.0,4.2954212718435535e-8,2.206344981117978e-8,4.303072888192077e-11,4.766767588107505e-6,0.010150184403531768
7,0.01679443855772424,9,8,28,10.965367568412018,0.0025093432382553987,10.965367855534332,0.18415719671261574,0.0,8.877678408527375e-7,8.877678408527375e-7,0.0,0.0,1.2511504893870746e-8,-1.0357771892640016e-9,4.303072888192077e-11,4.766767588107505e-6,0.010150184403531768
7,0.01679443855772424,9,10,29,10.965367568412006,0.002509343244392691,10.965367855534321,0.18415719671261557,8.877678207799824e-7,0.0,8.877678207799824e-7,1.2511504480260747e-8,-1.0357777011611635e-9,0.0,0.0,4.303072888192077e-11,4.766767588107505e-6,0.010150184403531768
7,0.01679443855772424,9,10,30,10.95803741242867,-0.001420345574955878,10.958037504478982,0.18403408758221013,6.948545761865121e-7,0.0,6.948545761865121e-7,9.756241066589891e-9,-1.1707595299896304e-9,0.0,0.0,4.303072888192077e-11,4.766767588107505e-6,0.010150184403531768
7,0.01679443855772424,9,8,31,10.958037412384204,-0.001420345632503102,10.958037504434525,0.1840340875814635,0.0,6.948545586255502e-7,6.948545586255502e-7,0.0,0.0,9.756240885871415e-9,-1.170760334682524e-9,4.303072888192077e-11,4.766767588107505e-6,0.010150184403531768
7,0.01679443855772424,9,8,32,10.957560869620014,-0.0014573121733834349,10.957560966528385,0.18402608439487841,0.0,3.728324245049958e-7,3.728324245049958e-7,0.0,0.0,4.9670681013513196e-9,-1.7681227368643073e-9,4.303072888192077e-11,4.766767588107505e-6,0.010150184403531768
7,0.01679443855772424,9,10,33,10.957560869666523,-0.0014573121934389685,10.957560966574897,0.18402608439565954,3.7283235460909636e-7,0.0,3.7283235460909636e-7,4.967067416573026e-9,-1.768121634996998e-9,0.0,0.0,4.303072888192077e-11,4.766767588107505e-6,0.010150184403531768
7,0.01679443855772424,9,8,34,8.927838123562289,0.04535221535867659,8.927953314392395,0.14993996338479357,0.0,3.412639357275657e-7,3.412639357275657e-7,0.0,0.0,-1.5366663077506826e-9,4.574772693432886e-9,4.303072888192077e-11,4.766767588107505e-6,0.010150184403531768
7,0.01679443855772424,9,10,35,8.927838123553656,0.04535221539897884,8.927953314383966,0.14993996338465201,3.4126304694067965e-7,0.0,3.4126304694067965e-7,-1.5366572904411347e-9,4.574761187928612e-9,0.0,0.0,4.303072888192077e-11,4.766767588107505e-6,0.010150184403531768
7,0.01679443855772424,9,10,36,10.964823613465697,0.002220127622140196,10.964823838228392,0.1841480602473968,2.244773003857432e-7,0.0,2.244773003857432e-7,3.027196157207926e-9,9.55555965875421e-10,0.0,0.0,4.303072888192077e-11,4.766767588107505e-6,0.010150184403531768
7,0.01679443855772424,9,8,37,10.964823613493436,0.0022201276665639452,10.964823838256141,0.18414806024786284,0.0,2.2447727237110828e-7,2.2447727237110828e-7,0.0,0.0,3.02719581446912e-9,9.555557096780308e-10,4.303072888192077e-11,4.766767588107505e-6,0.010150184403531768
7,0.01679443855772424,9,8,38,10.957017930481985,-0.00146154078828626,10.95701802795839,0.184016966046424,0.0,1.7163267874356208e-7,1.7163267874356208e-7,0.0,0.0,7.946079311233924e-10,2.29337407189337e-9,4.303072888192077e-11,4.766767588107505e-6,0.010150184403531768
7,0.01679443855772424,9,10,39,10.95701793040418,-0.001461540711185337,10.957018027880578,0.1840169660451172,1.7163258444205486e-7,0.0,1.7163258444205486e-7,7.946084667968221e-10,2.2933724361180067e-9,0.0,0.0,4.303072888192077e-11,4.766767588107505e-6,0.010150184403531768
7,0.01679443855772424,9,8,40,6.432748513281612,0.08858879971641066,6.433358486091225,0.10804464381447292,0.0,1.0506336834691274e-7,1.0506336834691274e-7,0.0,0.0,1.477695411513296e-9,-1.5445937936742234e-10,4.303072888192077e-11,4.766767588107505e-6,0.010150184403531768
7,0.01679443855772424,9,10,41,6.432748513280329,0.0885887997221558,6.433358486090021,0.1080446438144527,1.0506335673852915e-7,0.0,1.0506335673852915e-7,1.4776953271837412e-9,-1.5445951756154914e-10,0.0,0.0,4.303072888192077e-11,4.766767588107505e-6,0.010150184403531768
7,0.01679443855772424,9,10,42,10.96426914892546,0.002481124747559238,10.96426942965461,0.18413874926666854,6.606882026929136e-8,0.0,6.606882026929136e-8,4.576863402766027e-10,8.145266781305563e-10,0.0,0.0,4.303072888192077e-11,4.766767588107505e-6,0.010150184403531768
7,0.01679443855772424,9,8,43,10.964269148956035,0.002481124772202657,10.96426942968519,0.18413874926718213,0.0,6.606881914785337e-8,6.606881914785337e-8,0.0,0.0,4.5768625217187514e-10,8.14526730617158e-10,4.303072888192077e-11,4.766767588107505e-6,0.010150184403531768
7,0.01679443855772424,9,8,44,8.544491931311343,0.045599137954705264,8.544613604232017,0.14350198817576929,0.0,4.946373742465137e-8,4.946373742465137e-8,0.0,0.0,6.994652342751597e-10,5.63262630950727e-12,4.303072888192077e-11,4.766767588107505e-6,0.010150184403531768
7,0.01679443855772424,9,10,45,8.544491931300657,0.04559913793058802,8.544613604221203,0.14350198817558765,4.9463736401734857e-8,0.0,4.9463736401734857e-8,6.994652263223475e-10,5.632631050833749e-12,0.0,0.0,4.303072888192077e-11,4.766767588107505e-6,0.010150184403531768
7,0.01679443855772424,9,10,46,6.346319452769645,0.002497306587803637,6.346319944120577,0.10658288036919296,4.7944478858466386e-8,0.0,4.7944478858466386e-8,6.718122436721757e-10,9.141606679658565e-11,0.0,0.0,4.303072888192077e-11,4.766767588107505e-6,0.010150184403531768
7,0.01679443855772424,9,8,47,6.346319452773468,0.0024973065876142952,6.346319944124399,0.10658288036925716,0.0,4.7944471841637066e-8,4.7944471841637066e-8,0.0,0.0,6.718122012912792e-10,9.141601879931811e-11,4.303072888192077e-11,4.766767588107505e-6,0.010150184403531768
7,0.01679443855772424,9,8,48,6.338906070013636,-0.0014435789437852523,6.338906234389013,0.1064583712766214,0.0,1.0973244402874886e-8,1.0973244402874886e-8,0.0,0.0,1.506780147193803e-10,-3.7096304679821326e-11,4.303072888192077e-11,4.766767588107505e-6,0.010150184403531768
7,0.01679443855772424,9,10,49,6.338906070018524,-0.0014435789471627866,6.338906234393901,0.1064583712767035,1.0973243319980774e-8,0.0,1.0973243319980774e-8,1.5067803005144097e-10,-3.709631490177192e-11,0.0,0.0,4.303072888192077e-11,4.766767588107505e-6,0.010150184403531768
7,0.01679443855772424,9,8,50,8.924314385182562,0.04184024238106106,8.924412465336804,0.14988049681288726,0.0,4.517394460705955e-9,4.517394460705955e-9,0.0,0.0,-5.6438697962123787e-11,-2.9926976257377486e-11,4.303072888192077e-11,4.766767588107505e-6,0.010150184403531768
7,0.01679443855772424,9,10,51,8.924314385109925,0.0418402422865884,8.924412465263725,0.14988049681165994,4.517381878283084e-9,0.0,4.517381878283084e-9,-5.643863228745069e-11,-2.9927021149747013e-11,0.0,0.0,4.303072888192077e-11,4.766767588107505e-6,0.010150184403531768
7,0.01679443855772424,9,10,52,11.051810140302493,0.08859148921552959,11.052165210005432,0.18561490954925366,6.171253423442955e-10,0.0,6.171253423442955e-10,-7.259916543862993e-12,4.8430084434859425e-12,0.0,0.0,4.303072888192077e-11,4.766767588107505e-6,0.010150184403531768
7,0.01679443855772424,9,8,53,11.051810140335974,0.08859148911927406,11.05216521003814,0.18561490954980298,0.0,6.171252221054742e-10,6.171252221054742e-10,0.0,0.0,-7.25990962753804e-12,4.843015618313884e-12,4.303072888192077e-11,4.766767588107505e-6,0.010150184403531768
7,0.01679443855772424,9,8,54,11.051111201777017,0.08473838052493315,11.05143607804775,0.18560266418738988,0.0,5.351292182464962e-10,5.351292182464962e-10,0.0,0.0,7.268208335992251e-12,-2.107140900711938e-12,4.303072888192077e-11,4.766767588107505e-6,0.010150184403531768
7,0.01679443855772424,9,10,55,11.051111201711468,0.08473838052082389,11.051436077982173,0.18560266418628854,5.351285325037318e-10,0.0,5.351285325037318e-10,7.2682094186191876e-12,-2.107140049917542e-12,0.0,0.0,4.303072888192077e-11,4.766767588107505e-6,0.010150184403531768
7,0.01679443855772424,9,10,56,11.051652252363255,0.08870440615878634,11.052008232843377,0.18561227320595056,2.511665767381199e-10,0.0,2.511665767381199e-10,3.5436432589434213e-12,2.4137486591770894e-13,0.0,0.0,4.303072888192077e-11,4.766767588107505e-6,0.010150184403531768
7,0.01679443855772424,9,8,57,11.051652252308173,0.0887044060656931,11.05200823278755,0.18561227320501297,0.0,2.511664038112222e-10,2.511664038112222e-10,0.0,0.0,3.543641387710148e-12,2.413721943666426e-13,4.303072888192077e-11,4.766767588107505e-6,0.010150184403531768
7,0.01679443855772424,9,10,58,8.934510459363011,0.04153968648676603,8.934607025158995,0.15005170872144408,8.47853838955949e-11,0.0,8.47853838955949e-11,1.1636864068179855e-12,2.886745761816126e-13,0.0,0.0,4.303072888192077e-11,4.766767588107505e-6,0.010150184403531768
7,0.01679443855772424,9,8,59,8.934510459358238,0.04153968644225275,8.934607025154016,0.15005170872136048,0.0,8.47801778368078e-11,8.47801778368078e-11,0.0,0.0,1.1636753808952826e-12,2.886506197623622e-13,4.303072888192077e-11,4.766767588107505e-6,0.010150184403531768
7,0.01679443855772424,9,8,60,11.051421483388742,0.0884012996702049,11.051775042647655,0.18560835690753624,0.0,4.2189415583236575e-11,4.2189415583236575e-11,0.0,0.0,5.328289060436062e-13,2.6841496680087804e-13,4.303072888192077e-11,4.766767588107505e-6,0.010150184403531768
7,0.01679443855772424,9,10,61,11.051421483300473,0.08840129966455101,11.051775042559346,0.18560835690605312,4.2189342805652584e-11,0.0,4.2189342805652584e-11,5.328292993843889e-13,2.684136279954986e-13,0.0,0.0,4.303072888192077e-11,4.766767588107505e-6,0.010150184403531768
7,0.01679443855772424,9,10,62,8.93876968978379,0.04555108611597517,8.938885750944786,0.1501235675187589,2.5329780080250747e-11,0.0,2.5329780080250747e-11,3.563374588586421e-13,-3.6475868678678795e-14,0.0,0.0,4.303072888192077e-11,4.766767588107505e-6,0.010150184403531768
7,0.01679443855772424,9,8,63,8.938769689789392,0.04555108608815441,8.938885750950247,0.15012356751885061,0.0,2.5329712569007035e-11,2.5329712569007035e-11,0.0,0.0,3.56335726926786e-13,-3.6476000185051345e-14,4.303072888192077e-11,4.766767588107505e-6,0.010150184403531768
7,0.01679443855772424,9,10,64,8.938284405358345,0.04520939617524532,8.938398738061238,0.15011538841080935,2.7267635339384434e-12,0.0,2.7267635339384434e-12,5.666941045924735e-16,-3.8555747030564943e-14,0.0,0.0,4.303072888192077e-11,4.766767588107505e-6,0.010150184403531768
7,0.01679443855772424,9,8,65,8.938284405367124,0.045209396217319314,8.938398738070228,0.15011538841096034,0.0,2.7264752820712213e-12,2.7264752820712213e-12,0.0,0.0,5.710445002460133e-16,-3.855221709082265e-14,4.303072888192077e-11,4.766767588107505e-6,0.010150184403531768
7,0.01679443855772424,9,10,66,10.958088806173794,-0.0014104194514124105,10.958088896941586,0.18403495068976566,2.438973053227696e-12,0.0,2.438973053227696e-12,2.470445707833887e-14,-2.4068085325507388e-14,0.0,0.0,4.303072888192077e-11,4.766767588107505e-6,0.010150184403531768
7,0.01679443855772424,9,8,67,10.95808880616568,-0.0014104194633010325,10.958088896933472,0.18403495068962938,0.0,2.437510814305963e-12,2.437510814305963e-12,0.0,0.0,2.4666749414369533e-14,-2.407767099591724e-14,4.303072888192077e-11,4.766767588107505e-6,0.010150184403531768
7,0.01679443855772424,9,8,68,11.05178400768963,0.08873202088833002,11.052140205596162,0.1856144896142385,0.0,8.281875243641591e-13,8.281875243641591e-13,0.0,0.0,1.1166950951898914e-14,-3.5304877160454647e-15,4.303072888192077e-11,4.766767588107505e-6,0.010150184403531768
7,0.01679443855772424,9,10,69,11.051784007669145,0.08873202089167428,11.052140205575705,0.18561448961389493,8.281831735699594e-13,0.0,8.281831735699594e-13,1.1167167308413593e-14,-3.5295876382369056e-15,0.0,0.0,4.303072888192077e-11,4.766767588107505e-6,0.010150184403531768
7,0.01679443855772424,9,8,70,10.964992110096942,0.0022340088745924705,10.964992337675564,0.18415089010100935,0.0,4.607023148942129e-13,4.607023148942129e-13,0.0,0.0,-2.2626019879426647e-15,6.1096900214871614e-15,4.303072888192077e-11,4.766767588107505e-6,0.010150184403531768
7,0.01679443855772424,9,10,71,10.964992110082859,0.0022340088596159435,10.964992337661478,0.18415089010077276,4.605564951288555e-13,0.0,4.605564951288555e-13,-2.2608852858122005e-15,6.107777510463361e-15,0.0,0.0,4.303072888192077e-11,4.766767588107505e-6,0.010150184403531768
7,0.01679443855772424,9,8,72,4.320016075201718,0.04544202426710315,4.320255069734974,0.07255625832236066,0.0,4.3969878792277567e-14,4.3969878792277567e-14,0.0,0.0,5.890347637485652e-16,-1.9922087370886263e-16,4.303072888192077e-11,4.766767588107505e-6,0.010150184403531768
7,0.01679443855772424,9,10,73,4.3200160751947845,0.045442024260933765,4.320255069727977,0.07255625832224316,4.396855640229024e-14,0.0,4.396855640229024e-14,5.890025221922573e-16,-1.991298043682421e-16,0.0,0.0,4.303072888192077e-11,4.766767588107505e-6,0.010150184403531768
7,0.01679443855772424,9,10,74,6.823471113678727,0.09236906940663725,6.824096283332399,0.11460686574242032,8.470595746435186e-18,0.0,8.470595746435186e-18,-6.913031922903265e-20,-9.728658748831777e-20,0.0,0.0,4.303072888192077e-11,4.766767588107505e-6,0.010150184403531768
7,0.01679443855772424,9,8,75,6.823471113535064,0.09236906938933907,6.824096283188514,0.11460686574000387,0.0,6.6184271518070345e-18,6.6184271518070345e-18,0.0,0.0,3.2644335547201856e-20,-9.26105463781072e-20,4.303072888192077e-11,4.766767588107505e-6,0.010150184403531768
7,0.01679443855772424,9,8,76,2.204770050070811,0.09251682132479674,2.2067102972337103,0.03706046050158894,0.0,3.64829607412829e-19,3.64829607412829e-19,0.0,0.0,5.0805001538989786e-21,3.893934939474991e-23,4.303072888192077e-11,4.766767588107505e-6,0.010150184403531768
7,0.01679443855772424,9,10,77,2.2047700500737752,0.09251682132337194,2.2067102972366124,0.03706046050163768,2.6976845099392705e-19,0.0,2.6976845099392705e-19,3.615684200486933e-21,-3.4510286568783505e-22,0.0,0.0,4.303072888192077e-11,4.766767588107505e-6,0.010150184403531768
7,0.01679443855772424,9,10,78,8.931360361485735,0.04888743786449465,8.931494157659152,0.14999942985947964,3.2880864169328934e-20,0.0,3.2880864169328934e-20,1.034697181423936e-22,-4.465548528082724e-22,0.0,0.0,4.303072888192077e-11,4.766767588107505e-6,0.010150184403531768
7,0.01679443855772424,9,8,79,8.931360361444455,0.04888743781109861,8.93149415761758,0.14999942985878148,0.0,2.894335556008411e-20,2.894335556008411e-20,0.0,0.0,2.789127102994972e-22,-3.0525005585704384e-22,4.303072888192077e-11,4.766767588107505e-6,0.010150184403531768
8,0.009696273622190719,10,11,0,0.34125015397079794,0.05152710579606433,0.34511840028722335,0.0033463624412376617,31.27240275744634,0.0,31.27240275744634,0.43871862615868196,0.05566905515731513,0.0,0.0,1.2871621051683914e-10,0.009249016186293882,0.010438318989127964
8,0.009696273622190719,10,9,1,0.34125015397738656,0.05152710581757848,0.34511840029695023,0.003346362441331976,0.0,31.272402757317227,31.272402757317227,0.0,0.0,0.43871862618435564,0.05566905516192655,1.2871621051683914e-10,0.009249016186293882,0.010438318989127964
8,0.009696273622190719,10,11,2,0.25149964365451183,-0.03784001826952049,0.2543303712516145,0.0024660568700890025,23.092599428433118,0.0,23.092599428433118,0.32178933683221445,-0.05562901751149951,0.0,0.0,1.2871621051683914e-10,0.009249016186293882,0.010438318989127964
8,0.009696273622190719,10,9,3,0.25149964367098065,-0.037840018270351966,0.25433037126802377,0.0024660568702481113,0.0,23.09259942826062,23.09259942826062,0.0,0.0,0.3217893368480569,-0.05562901749235216,1.2871621051683914e-10,0.009249016186293882,0.010438318989127964
8,0.009696273622190719,10,11,4,11.667530077902807,0.003546233008859506,11.66753061682442,0.11313156935601723,2.152837614028547,0.0,2.152837614028547,0.030439791626629242,0.0005180332333157844,0.0,0.0,1.2871621051683914e-10,0.009249016186293882,0.010438318989127964
8,0.009696273622190719,10,9,5,11.66753007789873,0.003546233012232003,11.667530616820345,0.11313156935597772,0.0,2.152837606370764,2.152837606370764,0.0,0.0,0.030439791624204515,0.0005180332358536432,1.2871621051683914e-10,0.009249016186293882,0.010438318989127964
8,0.009696273622190719,10,11,6,11.660515451778833,-0.0034174976036256827,11.660515952583864,0.11306355325217302,2.0809753434066796,0.0,2.0809753434066796,0.029423843548827655,-0.0004924477916887771,0.0,0.0,1.2871621051683914e-10,0.009249016186293882,0.010438318989127964
8,0.009696273622190719,10,9,7,11.660515451738881,-0.0034174974935343716,11.66051595254388,0.11306355325178531,0.0,2.0809753347634476,2.0809753347634476,0.0,0.0,0.02942384355034955,-0.0004924477953982542,1.2871621051683914e-10,0.009249016186293882,0.010438318989127964
8,0.009696273622190719,10,11,8,3.859312035060479,0.003352319671395293,3.859313491025293,0.037420959602793326,2.006733888931506,0.0,2.006733888931506,0.028344525242166574,0.001379684601106046,0.0,0.0,1.2871621051683914e-10,0.009249016186293882,0.010438318989127964
8,0.009696273622190719,10,9,9,3.85931203502928,0.0033523196402525796,3.859313490994067,0.037420959602490554,0.0,2.0067338845521463,2.0067338845521463,0.0,0.0,0.028344525240557084,0.0013796846015353692,1.2871621051683914e-10,0.009249016186293882,0.010438318989127964
8,0.009696273622190719,10,11,10,3.8528726734512944,-0.003045439953233503,3.8528738770601136,0.03735851934376567,1.8229854216315249,0.0,1.8229854216315249,0.02575156862599537,-0.0012022551562278494,0.0,0.0,1.2871621051683914e-10,0.009249016186293882,0.010438318989127964
8,0.009696273622190719,10,9,11,3.852872673428606,-0.0030454399690288403,3.852873877037438,0.037358519343545796,0.0,1.8229854180459677,1.8229854180459677,0.0,0.0,0.02575156862586303,-0.0012022551575838758,1.2871621051683914e-10,0.009249016186293882,0.010438318989127964
8,0.009696273622190719,10,9,12,0.9308687297320392,0.05200693806164958,0.9323203921396809,0.009040033625734495,0.0,0.31734202536045264,0.31734202536045264,0.0,0.0,0.004434735405682261,0.000687240920538762,1.2871621051683914e-10,0.009249016186293882,0.010438318989127964
8,0.009696273622190719,10,11,13,0.9308687297092776,0.05200693806119844,0.9323203921169296,0.009040033625513894,0.3173420253373698,0.0,0.3173420253373698,0.004434735405522333,0.00068724092058077,0.0,0.0,1.2871621051683914e-10,0.009249016186293882,0.010438318989127964
8,0.009696273622190719,10,9,14,0.861566253412821,-0.017625766031291366,0.8617465269137992,0.008355730117928735,0.0,0.18678621342379947,0.18678621342379947,0.0,0.0,0.00247191736349487,-0.000930991249056129,1.2871621051683914e-10,0.009249016186293882,0.010438318989127964
8,0.009696273622190719,10,11,15,0.8615662534027368,-0.01762576607093931,0.861746526904528,0.00835573011783884,0.18678621339724383,0.0,0.18678621339724383,0.002471917363283803,-0.0009309912493406514,0.0,0.0,1.2871621051683914e-10,0.009249016186293882,0.010438318989127964
8,0.009696273622190719,10,9,16,4.487641955862356,0.0146991999084303,4.487666029295636,0.04351363774506064,0.0,0.0013017568659736845,0.0013017568659736845,0.0,0.0,1.84049011679556e-5,3.740448568972021e-7,1.2871621051683914e-10,0.009249016186293882,0.010438318989127964
8,0.009696273622190719,10,11,17,4.48764195585511,0.014699199883692352,4.487666029288309,0.04351363774498959,0.0013017568659504915,0.0,0.0013017568659504915,1.8404901190111327e-5,3.740448739105026e-7,0.0,0.0,1.2871621051683914e-10,0.009249016186293882,0.010438318989127964
8,0.009696273622190719,10,9,18,4.493838264532422,0.08864618155458738,4.494712503962848,0.043581962291505766,0.0,0.0012768449404348802,0.0012768449404348802,0.0,0.0,1.7927301233304515e-5,2.155427085648201e-6,1.2871621051683914e-10,0.009249016186293882,0.010438318989127964
8,0.009696273622190719,10,11,19,4.493838264498477,0.08864618126495698,4.494712503923197,0.043581962291121296,0.0012768449392051475,0.0,0.0012768449392051475,1.7927301207665194e-5,2.155427129136038e-6,0.0,0.0,1.2871621051683914e-10,0.009249016186293882,0.010438318989127964
8,0.009696273622190719,10,9,20,4.482481052178176,0.00953403069154471,4.482491191388735,0.043463461100764836,0.0,0.0011203986405347484,0.0011203986405347484,0.0,0.0,1.5714732065613593e-5,-2.02007723594397e-6,1.2871621051683914e-10,0.009249016186293882,0.010438318989127964
8,0.009696273622190719,10,11,21,4.482481052154621,0.009534030674330507,4.482491191365143,0.04346346110053609,0.0011203986399583848,0.0,0.0011203986399583848,1.5714732057943784e-5,-2.0200772447089314e-6,0.0,0.0,1.2871621051683914e-10,0.009249016186293882,0.010438318989127964
8,0.009696273622190719,10,11,22,4.340429483194929,-0.06432481208067728,4.340906101269297,0.04209061332614424,0.0007880612307907646,0.0,0.0007880612307907646,1.0904555440474921e-5,-2.299206622189342e-6,0.0,0.0,1.2871621051683914e-10,0.009249016186293882,0.010438318989127964
8,0.009696273622190719,10,9,23,4.3404294832676635,-0.06432481211378974,4.340906101342515,0.04209061332685418,0.0,0.0007880612299919862,0.0007880612299919862,0.0,0.0,1.0904555438918522e-5,-2.299206575312831e-6,1.2871621051683914e-10,0.009249016186293882,0.010438318989127964
8,0.009696273622190719,10,9,24,4.41716153739044,0.017647228187986502,4.417196788922155,0.042830348708451434,0.0,0.0005142530323596912,0.0005142530323596912,0.0,0.0,7.213785937956453e-6,9.204564411306986e-7,1.2871621051683914e-10,0.009249016186293882,0.010438318989127964
8,0.009696273622190719,10,11,25,4.4171615374021185,0.01764722832466238,4.417196788934379,0.042830348708569964,0.0005142530278554209,0.0,0.0005142530278554209,7.213785913594213e-6,9.204562490990325e-7,0.0,0.0,1.2871621051683914e-10,0.009249016186293882,0.010438318989127964
8,0.009696273622190719,10,9,26,4.4119381785937515,0.012008361393887765,4.411954520671821,0.04277951824109528,0.0,0.0004790610222184332,0.0004790610222184332,0.0,0.0,6.566131024492069e-6,-1.6677009593820736e-6,1.2871621051683914e-10,0.009249016186293882,0.010438318989127964
8,0.009696273622190719,10,11,27,4.411938178621785,0.012008361369646212,4.411954520699788,0.04277951824136645,0.00047906101538560037,0.0,0.00047906101538560037,6.566130977805781e-6,-1.6677008925930514e-6,0.0,0.0,1.2871621051683914e-10,0.009249016186293882,0.010438318989127964
8,0.009696273622190719,10,9,28,8.048312618541466,0.050910150524096795,8.04847363474592,0.07804020260348432,0.0,2.62603620970036e-5,2.62603620970036e-5,0.0,0.0,3.674356776607829e-7,5.3838228751726906e-8,1.2871621051683914e-10,0.009249016186293882,0.010438318989127964
8,0.009696273622190719,10,11,29,8.048312618543914,0.05091015052480874,8.04847363474837,0.0780402026035081,2.6260362093584672e-5,0.0,2.6260362093584672e-5,3.674356745670103e-7,5.383823735979749e-8,0.0,0.0,1.2871621051683914e-10,0.009249016186293882,0.010438318989127964
8,0.009696273622190719,10,9,30,7.960248280874298,-0.03681059236565945,7.960333392067981,0.07718557069335273,0.0,1.7717000606794552e-5,1.7717000606794552e-5,0.0,0.0,2.447258897340749e-7,-5.367852114554093e-8,1.2871621051683914e-10,0.009249016186293882,0.010438318989127964
8,0.009696273622190719,10,11,31,7.96024828087983,-0.03681059236751956,7.960333392073521,0.07718557069340645,1.7717000593830967e-5,0.0,1.7717000593830967e-5,2.447258874395711e-7,-5.3678528522231436e-8,0.0,0.0,1.2871621051683914e-10,0.009249016186293882,0.010438318989127964
8,0.009696273622190719,10,11,32,11.57308336615679,0.003643193519175192,11.57308393959337,0.11221578853087825,1.1030522713374791e-5,0.0,1.1030522713374791e-5,1.3848460608534353e-7,7.1791838648608e-8,0.0,0.0,1.2871621051683914e-10,0.009249016186293882,0.010438318989127964
8,0.009696273622190719,10,9,33,11.573083366137316,0.0036431934669238913,11.57308393957388,0.11221578853068927,0.0,1.10305221533235e-5,1.10305221533235e-5,0.0,0.0,1.384845985547175e-7,7.179184587630816e-8,1.2871621051683914e-10,0.009249016186293882,0.010438318989127964
8,0.009696273622190719,10,9,34,8.050455812030147,0.04561273010173142,8.050585028592476,0.07806067525594473,0.0,1.0946735778403813e-5,1.0946735778403813e-5,0.0,0.0,1.5464766421114866e-7,-6.921584425209944e-9,1.2871621051683914e-10,0.009249016186293882,0.010438318989127964
8,0.009696273622190719,10,11,35,8.050455812012022,0.045612730101671925,8.05058502857435,0.07806067525576899,1.09467357782198e-5,0.0,1.09467357782198e-5,1.5464766348138742e-7,-6.9215854335891156e-9,0.0,0.0,1.2871621051683914e-10,0.009249016186293882,0.010438318989127964
8,0.009696273622190719,10,9,36,7.972620315200489,-0.03141235795399323,7.972682197766305,0.07730530809231095,0.0,9.535052515955834e-6,9.535052515955834e-6,0.0,0.0,1.3483446395058456e-7,1.137661406357288e-9,1.2871621051683914e-10,0.009249016186293882,0.010438318989127964
8,0.009696273622190719,10,11,37,7.972620315194015,-0.03141235797286835,7.972682197759906,0.0773053080922489,9.535052478148708e-6,0.0,9.535052478148708e-6,1.348344640739888e-7,1.1376620402949569e-9,0.0,0.0,1.2871621051683914e-10,0.009249016186293882,0.010438318989127964
8,0.009696273622190719,10,11,38,8.053357323478513,0.05156342178232544,8.053522394958053,0.07808915676395399,5.4854827724372045e-6,0.0,5.4854827724372045e-6,7.69797867105192e-8,-9.571566045252592e-9,0.0,0.0,1.2871621051683914e-10,0.009249016186293882,0.010438318989127964
8,0.009696273622190719,10,9,39,8.053357323487525,0.05156342180128437,8.053522394967187,0.07808915676404256,0.0,5.485482714026709e-6,5.485482714026709e-6,0.0,0.0,7.697978725279626e-8,-9.571558275515081e-9,1.2871621051683914e-10,0.009249016186293882,0.010438318989127964
8,0.009696273622190719,10,9,40,7.9636333865378335,-0.037329471184406826,7.963720876863964,0.0772184166728256,0.0,5.090184582817927e-6,5.090184582817927e-6,0.0,0.0,7.188479907563276e-8,3.748770092979815e-9,1.2871621051683914e-10,0.009249016186293882,0.010438318989127964
8,0.009696273622190719,10,11,41,7.963633386520049,-0.03732947118322712,7.963720876846174,0.0772184166726531,5.090184376914951e-6,0.0,5.090184376914951e-6,7.18847963157182e-8,3.748771188973321e-9,0.0,0.0,1.2871621051683914e-10,0.009249016186293882,0.010438318989127964
8,0.009696273622190719,10,11,42,11.56665427646071,-0.002736318366237875,11.566654600125528,0.1121534478961881,4.220873568201378e-6,0.0,4.220873568201378e-6,5.4583917443821836e-8,-2.4153553693379145e-8,0.0,0.0,1.2871621051683914e-10,0.009249016186293882,0.010438318989127964
8,0.009696273622190719,10,9,43,11.566654276431962,-0.002736318359143522,11.566654600096777,0.11215344789590932,0.0,4.220873338413464e-6,4.220873338413464e-6,0.0,0.0,5.458391712656141e-8,-2.4153554915202995e-8,1.2871621051683914e-10,0.009249016186293882,0.010438318989127964
8,0.009696273622190719,10,9,44,12.054405565284013,-0.06388606766704036,12.054574856127948,0.11688445620419691,0.0,1.1376887033301412e-6,1.1376887033301412e-6,0.0,0.0,1.4368985268621001e-8,7.236952976905106e-9,1.2871621051683914e-10,0.009249016186293882,0.010438318989127964
8,0.009696273622190719,10,11,45,12.054405565203012,-0.06388606762156286,12.054574856046708,0.11688445620340918,1.1376886887250223e-6,0.0,1.1376886887250223e-6,1.4368985414174084e-8,7.236952758289741e-9,0.0,0.0,1.2871621051683914e-10,0.009249016186293882,0.010438318989127964
8,0.009696273622190719,10,11,46,5.046159338456675,0.018928019566209764,5.046194837599734,0.04892928589625328,1.5087257482464522e-7,0.0,1.5087257482464522e-7,1.4526915988590937e-9,1.56260604839655e-9,0.0,0.0,1.2871621051683914e-10,0.009249016186293882,0.010438318989127964
8,0.009696273622190719,10,9,47,5.046159338449889,0.018928019577313243,5.0461948375929895,0.048929285896187884,0.0,1.508725291378335e-7,1.508725291378335e-7,0.0,0.0,1.4526918934891812e-9,1.5626056071877418e-9,1.2871621051683914e-10,0.009249016186293882,0.010438318989127964
8,0.009696273622190719,10,9,48,8.63809081011806,0.052814567759721195,8.638252266657517,0.08375885759502047,0.0,5.216993335289784e-8,5.216993335289784e-8,0.0,0.0,7.096392678086289e-10,2.017377341590089e-10,1.2871621051683914e-10,0.009249016186293882,0.010438318989127964
8,0.009696273622190719,10,11,49,8.638090810111368,0.0528145677749224,8.638252266650918,0.08375885759495648,5.216992365007072e-8,0.0,5.216992365007072e-8,7.096390981843487e-10,2.0173780801993779e-10,0.0,0.0,1.2871621051683914e-10,0.009249016186293882,0.010438318989127964
8,0.009696273622190719,10,9,50,8.567561295390329,-0.01801611939701557,8.567580237781758,0.08307360226560576,0.0,5.120048559572431e-8,5.120048559572431e-8,0.0,0.0,6.631268242100195e-10,-2.907031065072202e-10,1.2871621051683914e-10,0.009249016186293882,0.010438318989127964
8,0.009696273622190719,10,11,51,8.567561295386312,-0.018016119391752725,8.567580237777731,0.0830736022655667,5.120048263300941e-8,0.0,5.120048263300941e-8,6.631266279469485e-10,-2.9070356253055847e-10,0.0,0.0,1.2871621051683914e-10,0.009249016186293882,0.010438318989127964
8,0.009696273622190719,10,11,52,5.051151236089593,0.023921251360253346,5.051207878925204,0.04897789371662439,4.93172104823892e-8,0.0,4.93172104823892e-8,-4.023695750538933e-10,5.696381489529589e-10,0.0,0.0,1.2871621051683914e-10,0.009249016186293882,0.010438318989127964
8,0.009696273622190719,10,9,53,5.051151236103333,0.023921251276970826,5.05120787893855,0.0489778937167538,0.0,4.9317169592579024e-8,4.9317169592579024e-8,0.0,0.0,-4.023689303889723e-10,5.696377875016399e-10,1.2871621051683914e-10,0.009249016186293882,0.010438318989127964
8,0.009696273622190719,10,9,54,8.6401770621775,0.046793260032906875,8.640303772146135,0.08377874955357553,0.0,1.4480721599446214e-8,1.4480721599446214e-8,0.0,0.0,2.016507502309648e-10,-3.5651550194385845e-11,1.2871621051683914e-10,0.009249016186293882,0.010438318989127964
8,0.009696273622190719,10,11,55,8.64017706215292,0.04679326005164884,8.640303772121657,0.0837787495533382,1.4480717862617975e-8,0.0,1.4480717862617975e-8,2.0165075973976577e-10,-3.565151311807953e-11,0.0,0.0,1.2871621051683914e-10,0.009249016186293882,0.010438318989127964
8,0.009696273622190719,10,11,56,8.573752674246876,-0.01721981991285198,8.57376996666888,0.08313361957054247,8.252790885873432e-9,0.0,8.252790885873432e-9,1.1618285310363955e-10,-1.1040570401510006e-11,0.0,0.0,1.2871621051683914e-10,0.009249016186293882,0.010438318989127964
8,0.009696273622190719,10,9,57,8.573752674253928,-0.0172198198808986,8.573769966675869,0.08313361957061023,0.0,8.252787488468395e-9,8.252787488468395e-9,0.0,0.0,1.1618281332505535e-10,-1.1040524564811343e-11,1.2871621051683914e-10,0.009249016186293882,0.010438318989127964
8,0.009696273622190719,10,9,58,8.643052982468545,0.05204023659487984,8.64320964942904,0.08380692573482308,0.0,4.466529588495486e-9,4.466529588495486e-9,0.0,0.0,6.194520472645946e-11,-1.23437985169195e-11,1.2871621051683914e-10,0.009249016186293882,0.010438318989127964
8,0.009696273622190719,10,11,59,8.643052982460752,0.052040236574460885,8.643209649421124,0.08380692573474634,4.466528267724963e-9,0.0,4.466528267724963e-9,6.194520528835973e-11,-1.2343742977350892e-11,0.0,0.0,1.2871621051683914e-10,0.009249016186293882,0.010438318989127964
8,0.009696273622190719,10,11,60,8.581384468840984,-0.011952964626772637,8.581392793447263,0.08320753258476023,1.4990635372259086e-9,0.0,1.4990635372259086e-9,1.9439186167707426e-11,-8.456432513897327e-12,0.0,0.0,1.2871621051683914e-10,0.009249016186293882,0.010438318989127964
8,0.009696273622190719,10,9,61,8.581384468829869,-0.011952964567267826,8.581392793436066,0.08320753258465166,0.0,1.4990627432051685e-9,1.4990627432051685e-9,0.0,0.0,1.9439181811911012e-11,-8.456425345929401e-12,1.2871621051683914e-10,0.009249016186293882,0.010438318989127964
8,0.009696273622190719,10,9,62,4.490136309746947,0.009207030308165082,4.4901457492508,0.04353768178825232,0.0,9.364699366896408e-13,9.364699366896408e-13,0.0,0.0,1.0623213912777882e-14,7.909490046516179e-15,1.2871621051683914e-10,0.009249016186293882,0.010438318989127964
8,0.009696273622190719,10,11,63,4.490136309733132,0.009207030309312914,4.490145749236987,0.043537681788118385,9.363861804698544e-13,0.0,9.363861804698544e-13,1.062204545169942e-14,7.906281942368689e-15,0.0,0.0,1.2871621051683914e-10,0.009249016186293882,0.010438318989127964
8,0.009696273622190719,10,9,64,8.577570936207804,-0.016987332102611552,8.577587757355142,0.0831706379136687,0.0,3.6973402021983053e-14,3.6973402021983053e-14,0.0,0.0,4.3450089841843574e-16,-2.907848267182537e-16,1.2871621051683914e-10,0.009249016186293882,0.010438318989127964
8,0.009696273622190719,10,11,65,8.577570936201251,-0.016987332113673932,8.57758775734861,0.08317063791360538,3.697059112860582e-14,0.0,3.697059112860582e-14,4.34800135489746e-16,-2.903854366716992e-16,0.0,0.0,1.2871621051683914e-10,0.009249016186293882,0.010438318989127964
8,0.009696273622190719,10,9,66,7.966073312101368,-0.03777250642396651,7.966162864015222,0.07724209484842606,0.0,2.92710767283688e-14,2.92710767283688e-14,0.0,0.0,3.9730408216508834e-16,-1.163330901183239e-16,1.2871621051683914e-10,0.009249016186293882,0.010438318989127964
8,0.009696273622190719,10,11,67,7.9660733120941805,-0.03777250642398672,7.966162864008035,0.07724209484835638,2.924983776683674e-14,0.0,2.924983776683674e-14,3.9685323229043904e-16,-1.164718471348964e-16,0.0,0.0,1.2871621051683914e-10,0.009249016186293882,0.010438318989127964
8,0.009696273622190719,10,11,68,8.645959210395675,0.05175665335999945,8.646114122482587,0.08383508830027855,1.026071897665696e-14,0.0,1.026071897665696e-14,1.3750998231097684e-16,4.631339407830748e-17,0.0,0.0,1.2871621051683914e-10,0.009249016186293882,0.010438318989127964
8,0.009696273622190719,10,9,69,8.645959210403477,0.05175665336392095,8.646114122490413,0.08383508830035445,0.0,1.0255112979821823e-14,1.0255112979821823e-14,0.0,0.0,1.374341735685752e-16,4.629463353616107e-17,1.2871621051683914e-10,0.009249016186293882,0.010438318989127964
8,0.009696273622190719,10,9,70,4.496000741761607,0.015041959025773738,4.496025904112682,0.043594697378733976,0.0,3.340172249604575e-15,3.340172249604575e-15,0.0,0.0,-9.985417078012494e-18,-4.620784052707348e-17,1.2871621051683914e-10,0.009249016186293882,0.010438318989127964
8,0.009696273622190719,10,11,71,4.496000741754602,0.015041959004657685,4.496025904105606,0.043594697378665365,3.340004748969838e-15,0.0,3.340004748969838e-15,-9.853896349349577e-18,-4.617999288750563e-17,0.0,0.0,1.2871621051683914e-10,0.009249016186293882,0.010438318989127964
8,0.009696273622190719,10,9,72,8.056275281236788,0.052036080623903525,8.05644333193957,0.07811747896815997,0.0,3.1682749098300604e-15,3.1682749098300604e-15,0.0,0.0,1.6423245915228323e-17,-4.1696442836829917e-17,1.2871621051683914e-10,0.009249016186293882,0.010438318989127964
8,0.009696273622190719,10,11,73,8.056275281234155,0.05203608061412053,8.056443331936876,0.07811747896813384,3.1654790179061743e-15,0.0,3.1654790179061743e-15,1.6668483374375508e-17,-4.153373621831878e-17,0.0,0.0,1.2871621051683914e-10,0.009249016186293882,0.010438318989127964
8,0.009696273622190719,10,9,74,4.493977561687253,0.09433883988955531,4.494967646341875,0.04358443622182542,0.0,1.8886206421441514e-19,1.8886206421441514e-19,0.0,0.0,2.7298938417964805e-21,6.190778866599089e-22,1.2871621051683914e-10,0.009249016186293882,0.010438318989127964
8,0.009696273622190719,10,11,75,4.493977561691887,0.0943388398884613,4.494967646346485,0.043584436221870124,6.283633862654761e-20,0.0,6.283633862654761e-20,9.472935910420501e-22,-6.618102138867867e-23,0.0,0.0,1.2871621051683914e-10,0.009249016186293882,0.010438318989127964
8,0.009696273622190719,10,9,76,4.329546231103346,-0.07004939811056064,4.33011287213588,0.04198595922319962,0.0,1.5230253950094318e-20,1.5230253950094318e-20,0.0,0.0,9.912669069139594e-23,-2.117848354634667e-22,1.2871621051683914e-10,0.009249016186293882,0.010438318989127964
8,0.009696273622190719,10,11,77,4.329547138613298,-0.0700493960754192,4.330113779494152,0.041985968021193705,4.336259967037311e-21,0.0,4.336259967037311e-21,-6.038009116630041e-23,-3.2688708708244866e-23,0.0,0.0,1.2871621051683914e-10,0.009249016186293882,0.010438318989127964
8,0.009696273622190719,10,9,78,8.56619120716434,-0.02260140182294064,8.566221023360535,0.08306042295066635,0.0,6.403162836939865e-22,6.403162836939865e-22,0.0,0.0,-9.680577470510781e-24,5.6577455809607145e-24,1.2871621051683914e-10,0.009249016186293882,0.010438318989127964
8,0.009696273622190719,10,9,79,8.645799781036946,0.057346567569112716,8.645989965445857,0.0838338844396783,0.0,5.947349203667016e-22,5.947349203667016e-22,0.0,0.0,-4.548572613607196e-24,-7.11553969725536e-24,1.2871621051683914e-10,0.009249016186293882,0.010438318989127964
