iteration,scale,ground_charge,charge,support_rank,energy_real,energy_imag,energy_abs,physical_gap_abs,addition_weight_abs,removal_weight_abs,total_weight_abs,addition_residue_real,addition_residue_imag,removal_residue_real,removal_residue_imag,max_residual,biorth_error,min_pair_overlap
0,0.7853981633974483,2,3,0,0.2212991795223935,0.0014192601851103044,0.22130373055318697,0.1738115435294768,17.678256116457355,0.0,17.678256116457355,0.49990651787325735,0.003175406124486635,0.0,0.0,5.144004416385328e-15,6.090116791349077e-13,0.000399999971597892
0,0.7853981633974483,2,1,1,0.2212991795223967,0.001419260185107629,0.22130373055319016,0.1738115435294793,0.0,17.678256116455223,17.678256116455223,0.0,0.0,0.49990651787325646,0.003175406124487523,5.144004416385328e-15,6.090116791349077e-13,0.000399999971597892
0,0.7853981633974483,2,3,2,0.2184783461572719,-0.001400991221480253,0.21848283803543792,0.1715960197268951,17.453631221888042,0.0,17.453631221888042,0.4935543098661306,-0.003174977939910839,0.0,0.0,5.144004416385328e-15,6.090116791349077e-13,0.000399999971597892
0,0.7853981633974483,2,1,3,0.21847834615726885,-0.0014009912214775053,0.21848283803543483,0.17159601972689267,0.0,17.453631221885075,17.453631221885075,0.0,0.0,0.49355430986613147,-0.0031749779399126155,5.144004416385328e-15,6.090116791349077e-13,0.000399999971597892
0,0.7853981633974483,2,3,4,0.6646650262467069,0.0011596806357707062,0.6646660379278548,0.5220274854611959,0.11691047654410304,0.0,0.11691047654410304,0.0033058698330172692,3.604971544021035e-5,0.0,0.0,5.144004416385328e-15,6.090116791349077e-13,0.000399999971597892
0,0.7853981633974483,2,1,5,0.6646650262467076,0.0011596806357704425,0.6646660379278556,0.5220274854611965,0.0,0.11691047654409296,0.11691047654409296,0.0,0.0,0.00330586983301652,3.6049715441563435e-5,5.144004416385328e-15,6.090116791349077e-13,0.000399999971597892
0,0.7853981633974483,2,3,6,0.6623923921116159,-0.0011125168662338126,0.6623933263712176,0.5202425019786808,0.11434464396580196,0.0,0.11434464396580196,0.003233302427596556,-3.6477900017067855e-5,0.0,0.0,5.144004416385328e-15,6.090116791349077e-13,0.000399999971597892
0,0.7853981633974483,2,1,7,0.6623923921116154,-0.0011125168662335205,0.6623933263712171,0.5202425019786804,0.0,0.11434464396577125,0.11434464396577125,0.0,0.0,0.003233302427596507,-3.6477900017754805e-5,5.144004416385328e-15,6.090116791349077e-13,0.000399999971597892
1,0.4534498410585544,3,4,0,0.07237321652545292,0.004050003113893574,0.07248644697778088,0.03286896786097407,32.100441459506676,0.0,32.100441459506676,0.9077560282988522,-9.357131908238614e-5,0.0,0.0,3.4945664538421984e-13,8.241554944357808e-11,0.026478495906953853
1,0.4534498410585544,3,2,1,0.07237321652545381,0.004050003113888433,0.07248644697778148,0.03286896786097434,0.0,32.10044145950641,32.10044145950641,0.0,0.0,0.9077560282988841,-9.357131904330629e-5,3.4945664538421984e-13,8.241554944357808e-11,0.026478495906953853
1,0.4534498410585544,3,2,2,1.264106807546728,-0.0001803272611620218,1.264106820408743,0.573209036795379,0.0,1.431436809156887,1.431436809156887,0.0,0.0,0.0404782644191124,-0.0002523108520472439,3.4945664538421984e-13,8.241554944357808e-11,0.026478495906953853
1,0.4534498410585544,3,4,3,1.264106807546723,-0.00018032726116492571,1.2641068204087378,0.5732090367953767,1.4314368091545142,0.0,1.4314368091545142,0.040478264419123555,-0.0002523108520463557,0.0,0.0,3.4945664538421984e-13,8.241554944357808e-11,0.026478495906953853
1,0.4534498410585544,3,4,4,1.2680458837805657,0.002018301971326953,1.2680474900080372,0.5749959327988433,1.3637257102021532,0.0,1.3637257102021532,0.037085461664715824,0.010576947233542244,0.0,0.0,3.4945664538421984e-13,8.241554944357808e-11,0.026478495906953853
1,0.4534498410585544,3,2,5,1.2680458837805515,0.0020183019712943246,1.268047490008023,0.5749959327988369,0.0,1.3637257101963236,1.3637257101963236,0.0,0.0,0.0370854616647146,0.010576947233543688,3.4945664538421984e-13,8.241554944357808e-11,0.026478495906953853
1,0.4534498410585544,3,2,6,1.2824288555187604,0.006086459024140003,1.28244329872732,0.5815237099745114,0.0,0.6321565434801895,0.6321565434801895,0.0,0.0,0.014659383257812422,-0.010230940906762409,3.4945664538421984e-13,8.241554944357808e-11,0.026478495906953853
1,0.4534498410585544,3,4,7,1.28242885551876,0.006086459024136788,1.2824432987273195,0.5815237099745113,0.6321565434781595,0.0,0.6321565434781595,0.014659383257797448,-0.010230940906740593,0.0,0.0,3.4945664538421984e-13,8.241554944357808e-11,0.026478495906953853
1,0.4534498410585544,3,2,8,2.594511740147291,0.004051063564043823,2.5945149028051704,1.1764823703010552,0.0,0.00037376018147194137,0.00037376018147194137,0.0,0.0,1.0569179763250767e-5,7.13160087570375e-8,3.4945664538421984e-13,8.241554944357808e-11,0.026478495906953853
1,0.4534498410585544,3,4,9,2.594511740147296,0.004051063564037243,2.5945149028051757,1.1764823703010576,0.0003737601814691717,0.0,0.0003737601814691717,1.0569179763241307e-5,7.131600881146445e-8,0.0,0.0,3.4945664538421984e-13,8.241554944357808e-11,0.026478495906953853
1,0.4534498410585544,3,4,10,2.607098763578965,0.0036478840055887782,2.607101315659345,1.1821896772092781,0.0002342283535362901,0.0,0.0002342283535362901,6.622441780970996e-6,-1.266901078060431e-7,0.0,0.0,3.4945664538421984e-13,8.241554944357808e-11,0.026478495906953853
1,0.4534498410585544,3,2,11,2.6070987635789704,0.0036478840055717172,2.6071013156593503,1.1821896772092806,0.0,0.00023422835352851238,0.00023422835352851238,0.0,0.0,6.622441781026263e-6,-1.2669010797963743e-7,3.4945664538421984e-13,8.241554944357808e-11,0.026478495906953853
1,0.4534498410585544,3,4,12,2.6075035787956558,0.004053607479583406,2.607506729649178,1.1823735121185306,0.00011694308692021852,0.0,0.00011694308692021852,3.306266644468365e-6,-6.909568814141335e-8,0.0,0.0,3.4945664538421984e-13,8.241554944357808e-11,0.026478495906953853
1,0.4534498410585544,3,2,13,2.607503578795668,0.00405360747957713,2.6075067296491903,1.1823735121185364,0.0,0.0001169430869187057,0.0001169430869187057,0.0,0.0,3.3062666444858476e-6,-6.909568802536306e-8,3.4945664538421984e-13,8.241554944357808e-11,0.026478495906953853
1,0.4534498410585544,3,2,14,3.7996939289967155,-0.00012866771088932034,3.7996939311752302,1.7229706091625618,0.0,6.219948064544185e-6,6.219948064544185e-6,0.0,0.0,1.758857236552404e-7,-1.4277117643251978e-9,3.4945664538421984e-13,8.241554944357808e-11,0.026478495906953853
1,0.4534498410585544,3,4,15,3.799693928996728,-0.0001286677108972515,3.7996939311752427,1.7229706091625676,6.219948064497862e-6,0.0,6.219948064497862e-6,1.758857236596149e-7,-1.42771174886727e-9,0.0,0.0,3.4945664538421984e-13,8.241554944357808e-11,0.026478495906953853
1,0.4534498410585544,3,2,16,3.803582777844471,0.002032614022702551,3.803583320953391,1.7247342523392837,0.0,5.441008329715514e-6,5.441008329715514e-6,0.0,0.0,1.496194519747678e-7,3.5891584156125445e-8,3.4945664538421984e-13,8.241554944357808e-11,0.026478495906953853
1,0.4534498410585544,3,4,17,3.8035827778444586,0.0020326140226425227,3.8035833209533787,1.7247342523392781,5.441008329305888e-6,0.0,5.441008329305888e-6,1.496194519679496e-7,3.5891584148228557e-8,0.0,0.0,3.4945664538421984e-13,8.241554944357808e-11,0.026478495906953853
1,0.4534498410585544,3,2,18,3.817748237184426,0.006077377536038044,3.8177530743936945,1.731159524784628,0.0,1.8322251753311174e-6,1.8322251753311174e-6,0.0,0.0,3.896611217566284e-8,-3.414977872993431e-8,3.4945664538421984e-13,8.241554944357808e-11,0.026478495906953853
1,0.4534498410585544,3,4,19,3.8177482371844222,0.006077377536042863,3.817753074393691,1.7311595247846265,1.8322251751903884e-6,0.0,1.8322251751903884e-6,3.896611217665276e-8,-3.4149778729756114e-8,0.0,0.0,3.4945664538421984e-13,8.241554944357808e-11,0.026478495906953853
1,0.4534498410585544,3,4,20,5.143329208273064,0.004055291363402351,5.14333080698324,2.3322425369381166,3.4463728288045644e-15,0.0,3.4463728288045644e-15,1.0887259555135072e-18,9.745203489217717e-17,0.0,0.0,3.4945664538421984e-13,8.241554944357808e-11,0.026478495906953853
1,0.4534498410585544,3,2,21,5.143329208273046,0.004055291363409162,5.143330806983222,2.3322425369381086,0.0,3.44637047088087e-15,3.44637047088087e-15,0.0,0.0,1.0884706972568616e-18,9.745233117778788e-17,3.4945664538421984e-13,8.241554944357808e-11,0.026478495906953853
1,0.4534498410585544,3,2,22,1.2725731555273376,0.008284314688034821,1.2726001202414905,0.5770603222546011,0.0,7.190728052219793e-22,7.190728052219793e-22,0.0,0.0,3.719938947231889e-23,-7.743856290200124e-24,3.4945664538421984e-13,8.241554944357808e-11,0.026478495906953853
1,0.4534498410585544,3,4,23,1.2725731555273225,0.008284314688063434,1.2726001202414754,0.5770603222545942,6.988546241369963e-22,0.0,6.988546241369963e-22,2.885986069743318e-23,-1.3197971143531336e-23,0.0,0.0,3.4945664538421984e-13,8.241554944357808e-11,0.026478495906953853
1,0.4534498410585544,3,4,24,2.607908393512477,0.004457385006632961,2.607912202746466,1.1825573738300494,9.503717550612507e-25,0.0,9.503717550612507e-25,3.50474153910958e-26,8.503373641690038e-27,0.0,0.0,3.4945664538421984e-13,8.241554944357808e-11,0.026478495906953853
1,0.4534498410585544,3,2,25,2.6079083935124574,0.004457385006622516,2.6079122027464465,1.1825573738300408,0.0,5.48559687518406e-25,5.48559687518406e-25,0.0,0.0,1.1158486255005963e-26,1.5054901148995593e-26,3.4945664538421984e-13,8.241554944357808e-11,0.026478495906953853
1,0.4534498410585544,3,2,26,3.8080622400767874,0.008237949828121566,3.8080711506110294,1.7267692579842377,0.0,6.848168130369849e-26,6.848168130369849e-26,0.0,0.0,5.163322604947135e-27,3.2529802021060476e-27,3.4945664538421984e-13,8.241554944357808e-11,0.026478495906953853
1,0.4534498410585544,3,4,27,3.808062240076775,0.008237949828107025,3.808071150611017,1.726769257984232,5.86763430120479e-26,0.0,5.86763430120479e-26,1.4875001903882496e-27,1.778643098197498e-27,0.0,0.0,3.4945664538421984e-13,8.241554944357808e-11,0.026478495906953853
1,0.4534498410585544,3,2,28,2.6150401044153435,0.004053089759385444,2.6150432453856682,1.1857909439813776,0.0,4.860826266218827e-27,4.860826266218827e-27,0.0,0.0,-4.0987107266454643e-29,-1.5952720139228538e-28,3.4945664538421984e-13,8.241554944357808e-11,0.026478495906953853
1,0.4534498410585544,3,4,29,2.6150401044153444,0.004053089759385175,2.615043245385669,1.1857909439813779,4.549886824884574e-27,0.0,4.549886824884574e-27,2.472489146986201e-29,-1.5697826041953595e-28,0.0,0.0,3.4945664538421984e-13,8.241554944357808e-11,0.026478495906953853
2,0.2617993877991494,4,5,0,0.2796805468730239,0.0044635545466667126,0.2797161625977033,0.07322952012560606,16.353877721267125,0.0,16.353877721267125,0.46241004799131336,0.007130100641702164,0.0,0.0,1.8180535965490285e-12,8.362196128165796e-11,0.027540068935718077
2,0.2617993877991494,4,3,1,0.27968054687324884,0.0044635545466138,0.27971616259792736,0.07322952012566472,0.0,16.353877719972864,16.353877719972864,0.0,0.0,0.4624100479913089,0.007130100641683512,1.8180535965490285e-12,8.362196128165796e-11,0.027540068935718077
2,0.2617993877991494,4,5,2,0.2708958482487205,-0.004318870462563599,0.27093027376147205,0.07092937980700934,15.84931424681113,0.0,15.84931424681113,0.44813995437945486,-0.007129291848285035,0.0,0.0,1.8180535965490285e-12,8.362196128165796e-11,0.027540068935718077
2,0.2617993877991494,4,3,3,0.2708958482485513,-0.0043188704625370875,0.27093027376130246,0.07092937980696494,0.0,15.849314245475547,15.849314245475547,0.0,0.0,0.44813995437969556,-0.00712929184837563,1.8180535965490285e-12,8.362196128165796e-11,0.027540068935718077
2,0.2617993877991494,4,5,4,2.4017813522568474,0.00031630348620905607,2.4017813730846997,0.6287848931009749,1.1321485704409866,0.0,1.1321485704409866,0.03201457436498445,0.0002554888477288575,0.0,0.0,1.8180535965490285e-12,8.362196128165796e-11,0.027540068935718077
2,0.2617993877991494,4,3,5,2.4017813522561853,0.00031630348637778916,2.4017813730840376,0.6287848931008015,0.0,1.1321485703937129,1.1321485703937129,0.0,0.0,0.03201457436507876,0.00025548884770781877,1.8180535965490285e-12,8.362196128165796e-11,0.027540068935718077
2,0.2617993877991494,4,3,6,2.4011534527684555,-0.00031142273300855186,2.4011534729637742,0.6286205092337176,0.0,1.1142772263042633,1.1142772263042633,0.0,0.0,0.031509227198719236,-0.0002497452381526877,1.8180535965490285e-12,8.362196128165796e-11,0.027540068935718077
2,0.2617993877991494,4,5,7,2.401153452767968,-0.0003114227328720907,2.4011534729632866,0.6286205092335899,1.1142772262660863,0.0,1.1142772262660863,0.03150922719878613,-0.000249745238149246,0.0,0.0,1.8180535965490285e-12,8.362196128165796e-11,0.027540068935718077
2,0.2617993877991494,4,5,8,0.84952135505945,0.002970328616688862,0.8495265478807212,0.22240553015429762,0.4620522606204793,0.0,0.4620522606204793,0.013061447879121224,0.0003522953440172616,0.0,0.0,1.8180535965490285e-12,8.362196128165796e-11,0.027540068935718077
2,0.2617993877991494,4,3,9,0.8495213550598316,0.002970328616666685,0.8495265478811027,0.22240553015439748,0.0,0.4620522605429461,0.4620522605429461,0.0,0.0,0.013061447879141264,0.00035229534404646046,1.8180535965490285e-12,8.362196128165796e-11,0.027540068935718077
2,0.2617993877991494,4,5,10,0.8438965377028159,-0.0026538509523268885,0.8439007105528928,0.22093268938601454,0.43687385179553123,0.0,0.43687385179553123,0.012348979637734847,-0.00035868121826881927,0.0,0.0,1.8180535965490285e-12,8.362196128165796e-11,0.027540068935718077
2,0.2617993877991494,4,3,11,0.8438965377025034,-0.002653850952364023,0.8439007105525804,0.22093268938593275,0.0,0.4368738517213867,0.4368738517213867,0.0,0.0,0.012348979637689994,-0.0003586812182657939,1.8180535965490285e-12,8.362196128165796e-11,0.027540068935718077
2,0.2617993877991494,4,3,12,2.9132769490722747,0.006047385604639774,2.9132832256525476,0.7626957649613682,0.0,0.0052710684956214365,0.0052710684956214365,0.0,0.0,0.00014886059058257352,-7.678953772280016e-6,1.8180535965490285e-12,8.362196128165796e-11,0.027540068935718077
2,0.2617993877991494,4,5,13,2.913276949071941,0.006047385604810502,2.913283225652214,0.7626957649612809,0.005271068495506081,0.0,0.005271068495506081,0.000148860590579044,-7.678953772419879e-6,0.0,0.0,1.8180535965490285e-12,8.362196128165796e-11,0.027540068935718077
2,0.2617993877991494,4,3,14,2.9035671764108497,-0.0026384957254919567,2.9035683752221453,0.7601524230661286,0.0,0.0052450233713564574,0.0052450233713564574,0.0,0.0,0.0001454355191787451,-2.9119148496157838e-5,1.8180535965490285e-12,8.362196128165796e-11,0.027540068935718077
2,0.2617993877991494,4,5,15,2.9035671764107365,-0.002638495725528954,2.903568375222032,0.7601524230660989,0.005245023371097016,0.0,0.005245023371097016,0.00014543551918431898,-2.9119148506509367e-5,0.0,0.0,1.8180535965490285e-12,8.362196128165796e-11,0.027540068935718077
2,0.2617993877991494,4,3,16,3.017076886092252,0.0003090983695910486,3.0170769019257566,0.7898688858671175,0.0,0.0036253059825945046,0.0036253059825945046,0.0,0.0,0.00010251324950224269,1.0505545240751483e-6,1.8180535965490285e-12,8.362196128165796e-11,0.027540068935718077
2,0.2617993877991494,4,5,17,3.0170768860921418,0.00030909836956724904,3.0170769019256465,0.7898688858670886,0.003625305976111515,0.0,0.003625305976111515,0.00010251324950270153,1.050554523235759e-6,0.0,0.0,1.8180535965490285e-12,8.362196128165796e-11,0.027540068935718077
2,0.2617993877991494,4,3,18,3.016690759997674,-7.697036775164857e-5,3.016690760979617,0.789767794403814,0.0,0.0035478606783121655,0.0035478606783121655,0.0,0.0,0.00010032213592049677,-1.1376753375521697e-6,1.8180535965490285e-12,8.362196128165796e-11,0.027540068935718077
2,0.2617993877991494,4,5,19,3.016690759997745,-7.697036767542395e-5,3.016690760979688,0.7897677944038324,0.0035478606720256607,0.0,0.0035478606720256607,0.00010032213592200121,-1.1376753363131435e-6,0.0,0.0,1.8180535965490285e-12,8.362196128165796e-11,0.027540068935718077
2,0.2617993877991494,4,5,20,2.8930488060733492,-0.004237781263257826,2.8930519098544476,0.7573992188710543,0.0009381228212995103,0.0,0.0009381228212995103,3.5550544303274622e-6,2.6289533600666723e-5,0.0,0.0,1.8180535965490285e-12,8.362196128165796e-11,0.027540068935718077
2,0.2617993877991494,4,3,21,2.893048806072986,-0.004237781263052532,2.893051909854084,0.7573992188709592,0.0,0.0009381228209059164,0.0009381228209059164,0.0,0.0,3.555054431650785e-6,2.6289533591898997e-5,1.8180535965490285e-12,8.362196128165796e-11,0.027540068935718077
2,0.2617993877991494,4,3,22,2.8976464552713943,0.0013809223312516291,2.897646784322299,0.7586021541937518,0.0,0.0004206033056798014,0.0004206033056798014,0.0,0.0,5.717666541932542e-6,1.0429640723843344e-5,1.8180535965490285e-12,8.362196128165796e-11,0.027540068935718077
2,0.2617993877991494,4,5,23,2.8976464552714365,0.001380922331419278,2.8976467843223417,0.758602154193763,0.00042060330546370985,0.0,0.00042060330546370985,5.717666542520017e-6,1.0429640724352065e-5,0.0,0.0,1.8180535965490285e-12,8.362196128165796e-11,0.027540068935718077
2,0.2617993877991494,4,3,24,5.07627976285594,0.004330406880666787,5.076281609919263,1.3289674177729438,0.0,8.346707107914466e-5,8.346707107914466e-5,0.0,0.0,2.359799460922663e-6,5.019227302673171e-8,1.8180535965490285e-12,8.362196128165796e-11,0.027540068935718077
2,0.2617993877991494,4,5,25,5.076279762856016,0.004330406880630677,5.07628160991934,1.3289674177729638,8.346707107145229e-5,0.0,8.346707107145229e-5,2.359799460822774e-6,5.019227298821204e-8,0.0,0.0,1.8180535965490285e-12,8.362196128165796e-11,0.027540068935718077
2,0.2617993877991494,4,5,26,5.08728996981481,0.0012958320650842585,5.087290134851669,1.3318494428608192,8.097954303225337e-5,0.0,8.097954303225337e-5,2.2532953836344056e-6,-4.083026789386486e-7,0.0,0.0,1.8180535965490285e-12,8.362196128165796e-11,0.027540068935718077
2,0.2617993877991494,4,3,27,5.0872899698146465,0.0012958320651381807,5.087290134851505,1.3318494428607763,0.0,8.097954303129483e-5,8.097954303129483e-5,0.0,0.0,2.2532953835782e-6,-4.0830267890654945e-7,1.8180535965490285e-12,8.362196128165796e-11,0.027540068935718077
2,0.2617993877991494,4,3,28,5.067765699203852,-0.004181437692195199,5.067767424265668,1.3267384091812242,0.0,7.989987626123057e-5,7.989987626123057e-5,0.0,0.0,2.258909472986126e-6,-4.977759549119025e-8,1.8180535965490285e-12,8.362196128165796e-11,0.027540068935718077
2,0.2617993877991494,4,5,29,5.067765699203752,-0.004181437692247914,5.067767424265568,1.326738409181198,7.989987625394145e-5,0.0,7.989987625394145e-5,2.2589094730067733e-6,-4.9777595273729785e-8,0.0,0.0,1.8180535965490285e-12,8.362196128165796e-11,0.027540068935718077
2,0.2617993877991494,4,3,30,5.08989538815155,0.002681546964655065,5.089896094521041,1.3325316815068902,0.0,7.787440085178556e-5,7.787440085178556e-5,0.0,0.0,2.196090682821306e-6,-1.63656405683553e-7,1.8180535965490285e-12,8.362196128165796e-11,0.027540068935718077
2,0.2617993877991494,4,5,31,5.0898953881514135,0.0026815469647529866,5.089896094520904,1.3325316815068542,7.787440083759691e-5,0.0,7.787440083759691e-5,2.1960906827225656e-6,-1.636564056303085e-7,0.0,0.0,1.8180535965490285e-12,8.362196128165796e-11,0.027540068935718077
2,0.2617993877991494,4,3,32,5.074525448918191,-0.0006055035399476728,5.074525485043198,1.328507665355491,0.0,1.4522824338561798e-5,1.4522824338561798e-5,0.0,0.0,3.825344050880401e-8,4.088999147749817e-7,1.8180535965490285e-12,8.362196128165796e-11,0.027540068935718077
2,0.2617993877991494,4,5,33,5.074525448918211,-0.0006055035399279204,5.0745254850432175,1.3285076653554961,1.452282433051161e-5,0.0,1.452282433051161e-5,3.82534405333434e-8,4.0889991471760453e-7,0.0,0.0,1.8180535965490285e-12,8.362196128165796e-11,0.027540068935718077
2,0.2617993877991494,4,3,34,5.070843699576878,-0.003067391371717231,5.070844627320812,1.3275440190571945,0.0,6.61656419666921e-6,6.61656419666921e-6,0.0,0.0,9.389863816506808e-8,1.618399743846664e-7,1.8180535965490285e-12,8.362196128165796e-11,0.027540068935718077
2,0.2617993877991494,4,5,35,5.0708436995768675,-0.003067391371721059,5.070844627320802,1.3275440190571919,6.616564188890628e-6,0.0,6.616564188890628e-6,9.389863818389763e-8,1.6183997431383517e-7,0.0,0.0,1.8180535965490285e-12,8.362196128165796e-11,0.027540068935718077
2,0.2617993877991494,4,3,36,7.204919282551625,0.00031709352783056664,7.2049192895293785,1.8862434591410737,0.0,1.8293950637498734e-6,1.8293950637498734e-6,0.0,0.0,5.1730800504909766e-8,4.5016514826877344e-10,1.8180535965490285e-12,8.362196128165796e-11,0.027540068935718077
2,0.2617993877991494,4,5,37,7.204919282551771,0.00031709352772746596,7.204919289529524,1.886243459141112,1.8293950626643916e-6,0.0,1.8293950626643916e-6,5.1730800508061894e-8,4.5016515024680713e-10,0.0,0.0,1.8180535965490285e-12,8.362196128165796e-11,0.027540068935718077
2,0.2617993877991494,4,3,38,7.20429924499172,-0.00030277069478495434,7.2042992513539,1.8860811335263215,0.0,1.7980767796569007e-6,1.7980767796569007e-6,0.0,0.0,5.084525771077188e-8,-4.3534264947618404e-10,1.8180535965490285e-12,8.362196128165796e-11,0.027540068935718077
2,0.2617993877991494,4,5,39,7.204299244991661,-0.00030277069487845247,7.2042992513538415,1.8860811335263061,1.798076779026221e-6,0.0,1.798076779026221e-6,5.084525771192024e-8,-4.353426528117998e-10,0.0,0.0,1.8180535965490285e-12,8.362196128165796e-11,0.027540068935718077
2,0.2617993877991494,4,3,40,5.64262585450996,0.0030534609185134233,5.642626680687624,1.4772362105831667,0.0,5.697211200118251e-7,5.697211200118251e-7,0.0,0.0,1.6099037908610462e-8,6.187580863200517e-10,1.8180535965490285e-12,8.362196128165796e-11,0.027540068935718077
2,0.2617993877991494,4,5,41,5.642625854509916,0.0030534609184759273,5.64262668068758,1.477236210583155,5.697211190605369e-7,0.0,5.697211190605369e-7,1.6099037897241136e-8,6.187580811757824e-10,0.0,0.0,1.8180535965490285e-12,8.362196128165796e-11,0.027540068935718077
2,0.2617993877991494,4,5,42,5.655480687839116,0.0009700614349190664,5.655480771034448,1.48060140356668,5.269641879365741e-7,0.0,5.269641879365741e-7,1.4669249740892718e-8,-2.6224558437172547e-9,0.0,0.0,1.8180535965490285e-12,8.362196128165796e-11,0.027540068935718077
2,0.2617993877991494,4,3,43,5.655480687838935,0.0009700614350541667,5.6554807710342665,1.4806014035666324,0.0,5.269641857039653e-7,5.269641857039653e-7,0.0,0.0,1.466924975727362e-8,-2.622455838081521e-9,1.8180535965490285e-12,8.362196128165796e-11,0.027540068935718077
2,0.2617993877991494,4,5,44,5.636838755746025,-0.0027328722150077207,5.6368394182263994,1.475721108813785,5.236797140353751e-7,0.0,5.236797140353751e-7,1.4794856362907191e-8,-6.45634904753227e-10,0.0,0.0,1.8180535965490285e-12,8.362196128165796e-11,0.027540068935718077
2,0.2617993877991494,4,3,45,5.636838755746007,-0.002732872214998016,5.636839418226382,1.4757211088137803,0.0,5.23679713368731e-7,5.23679713368731e-7,0.0,0.0,1.4794856359290573e-8,-6.456349015980028e-10,1.8180535965490285e-12,8.362196128165796e-11,0.027540068935718077
2,0.2617993877991494,4,5,46,5.657021164029505,0.0017490851970852267,5.6570214344279055,1.4810047482998916,5.198556382018935e-7,0.0,5.198556382018935e-7,1.4678358706028983e-8,-8.119338896812045e-10,0.0,0.0,1.8180535965490285e-12,8.362196128165796e-11,0.027540068935718077
2,0.2617993877991494,4,3,47,5.657021164029649,0.0017490851967979218,5.657021434428049,1.4810047482999293,0.0,5.198556381299303e-7,5.198556381299303e-7,0.0,0.0,1.4678358699713135e-8,-8.119338920844222e-10,1.8180535965490285e-12,8.362196128165796e-11,0.027540068935718077
2,0.2617993877991494,4,5,48,5.647402361140653,-0.00021015267614798213,5.647402365050782,1.4784864818257633,8.901054665891598e-8,0.0,8.901054665891598e-8,2.7230152221073834e-10,2.5023227354308655e-9,0.0,0.0,1.8180535965490285e-12,8.362196128165796e-11,0.027540068935718077
2,0.2617993877991494,4,3,49,5.647402361140623,-0.00021015267621275063,5.647402365050752,1.4784864818257553,0.0,8.901054577240627e-8,8.901054577240627e-8,0.0,0.0,2.7230151936657376e-10,2.502322730033737e-9,1.8180535965490285e-12,8.362196128165796e-11,0.027540068935718077
2,0.2617993877991494,4,3,50,5.6449871171158925,-0.0018638720371284018,5.644987424824201,1.4778542519528728,0.0,3.835487382927263e-8,3.835487382927263e-8,0.0,0.0,5.461677722624976e-10,9.370737462652563e-10,1.8180535965490285e-12,8.362196128165796e-11,0.027540068935718077
2,0.2617993877991494,4,5,51,5.644987117115816,-0.0018638720371167575,5.644987424824125,1.4778542519528528,3.8354873804579237e-8,0.0,3.8354873804579237e-8,5.461677762454549e-10,9.370737488865503e-10,0.0,0.0,1.8180535965490285e-12,8.362196128165796e-11,0.027540068935718077
2,0.2617993877991494,4,5,52,3.5233775954341806,-1.3716693877063868e-5,3.5233775954608806,0.9224180974768976,2.1525866559677752e-8,0.0,2.1525866559677752e-8,4.442169365443235e-10,4.1618916739333945e-10,0.0,0.0,1.8180535965490285e-12,8.362196128165796e-11,0.027540068935718077
2,0.2617993877991494,4,3,53,3.523377595434039,-1.3716693978040387e-5,3.523377595460739,0.9224180974768605,0.0,2.152586655437081e-8,2.152586655437081e-8,0.0,0.0,4.442169374992142e-10,4.1618917163159206e-10,1.8180535965490285e-12,8.362196128165796e-11,0.027540068935718077
2,0.2617993877991494,4,3,54,3.523784782567676,0.0003934099808031756,3.523784804528639,0.922524704561543,0.0,3.786710275559397e-9,3.786710275559397e-9,0.0,0.0,-6.5692944682112e-11,-8.456472400213007e-11,1.8180535965490285e-12,8.362196128165796e-11,0.027540068935718077
2,0.2617993877991494,4,5,55,3.523784782567533,0.00039340998076166627,3.523784804528496,0.9225247045615056,3.786710258007242e-9,0.0,3.786710258007242e-9,-6.569294358008016e-11,-8.456472427438582e-11,0.0,0.0,1.8180535965490285e-12,8.362196128165796e-11,0.027540068935718077
2,0.2617993877991494,4,5,56,7.716237211345614,0.006011893014480278,7.716239553345422,2.0201067911774135,7.86347471914904e-10,0.0,7.86347471914904e-10,2.2209765878272515e-11,-1.0965240547655715e-12,0.0,0.0,1.8180535965490285e-12,8.362196128165796e-11,0.027540068935718077
2,0.2617993877991494,4,3,57,7.716237211345984,0.006011893014265268,7.716239553345791,2.0201067911775104,0.0,7.863474705232821e-10,7.863474705232821e-10,0.0,0.0,2.2209765755093587e-11,-1.0965240342143725e-12,1.8180535965490285e-12,8.362196128165796e-11,0.027540068935718077
2,0.2617993877991494,4,3,58,7.7065955316624954,-0.0026065599401652708,7.706595972463787,2.01758210760641,0.0,7.694695788031941e-10,7.694695788031941e-10,0.0,0.0,2.123944366873563e-11,-4.728992412361147e-12,1.8180535965490285e-12,8.362196128165796e-11,0.027540068935718077
2,0.2617993877991494,4,5,59,7.706595531662421,-0.002606559940157063,7.706595972463712,2.0175821076063905,7.694695702665227e-10,0.0,7.694695702665227e-10,2.1239443432188755e-11,-4.728992076729357e-12,0.0,0.0,1.8180535965490285e-12,8.362196128165796e-11,0.027540068935718077
2,0.2617993877991494,4,5,60,7.819582542152421,-0.00017569436141735232,7.819582544126217,2.0471619228971587,4.586019038891872e-10,0.0,4.586019038891872e-10,1.2968284930573717e-11,9.409326837236552e-14,0.0,0.0,1.8180535965490285e-12,8.362196128165796e-11,0.027540068935718077
2,0.2617993877991494,4,3,61,7.81958254215262,-0.00017569436131331228,7.8195825441264155,2.0471619228972107,0.0,4.5860189575268826e-10,4.5860189575268826e-10,0.0,0.0,1.2968285022256141e-11,9.409327478239488e-14,1.8180535965490285e-12,8.362196128165796e-11,0.027540068935718077
2,0.2617993877991494,4,3,62,7.820172204815725,0.000413866529113913,7.820172215767242,2.0473162985717814,0.0,4.5128471140207766e-10,4.5128471140207766e-10,0.0,0.0,1.2761209641999078e-11,-1.126580478726996e-13,1.8180535965490285e-12,8.362196128165796e-11,0.027540068935718077
2,0.2617993877991494,4,5,63,7.820172204815917,0.0004138665291211017,7.820172215767434,2.047316298571832,4.5128469692662425e-10,0.0,4.5128469692662425e-10,1.276120962759166e-11,-1.1265810536790433e-13,0.0,0.0,1.8180535965490285e-12,8.362196128165796e-11,0.027540068935718077
2,0.2617993877991494,4,3,64,7.696197287794325,-0.004212448686652588,7.696198440618372,2.014860040134658,0.0,1.46769401814492e-10,1.46769401814492e-10,0.0,0.0,6.128679260614654e-13,4.1049370652074724e-12,1.8180535965490285e-12,8.362196128165796e-11,0.027540068935718077
2,0.2617993877991494,4,5,65,7.696197287794556,-0.004212448686922381,7.696198440618603,2.0148600401347188,1.4676939569222356e-10,0.0,1.4676939569222356e-10,6.128678766346191e-13,4.104937070674361e-12,0.0,0.0,1.8180535965490285e-12,8.362196128165796e-11,0.027540068935718077
2,0.2617993877991494,4,5,66,7.700759173748478,0.0013698548870596508,7.700759295587271,2.0160540691733564,6.839623937370027e-11,0.0,6.839623937370027e-11,8.896232011601711e-13,1.7174137772952717e-12,0.0,0.0,1.8180535965490285e-12,8.362196128165796e-11,0.027540068935718077
2,0.2617993877991494,4,3,67,7.700759173748459,0.0013698548870269443,7.700759295587251,2.0160540691733515,0.0,6.839623665706486e-11,6.839623665706486e-11,0.0,0.0,8.896231585591159e-13,1.7174138096637667e-12,1.8180535965490285e-12,8.362196128165796e-11,0.027540068935718077
2,0.2617993877991494,4,5,68,8.326523848523049,-7.33416406043224e-6,8.326523848526278,2.1798788460391973,2.2258418635662567e-15,0.0,2.2258418635662567e-15,4.5619959596861654e-17,4.336766847461199e-17,0.0,0.0,1.8180535965490285e-12,8.362196128165796e-11,0.027540068935718077
2,0.2617993877991494,4,3,69,8.326523848523172,-7.334164503928174e-6,8.326523848526401,2.1798788460392293,0.0,2.225833599819407e-15,2.225833599819407e-15,0.0,0.0,4.561998268642178e-17,4.336779869706384e-17,1.8180535965490285e-12,8.362196128165796e-11,0.027540068935718077
2,0.2617993877991494,4,3,70,9.877154456891196,-0.004246340354936192,9.877155369674613,2.585833228977895,0.0,8.678532068002694e-16,8.678532068002694e-16,0.0,0.0,1.860801619306385e-17,1.600110823730787e-17,1.8180535965490285e-12,8.362196128165796e-11,0.027540068935718077
2,0.2617993877991494,4,5,71,9.877154456891333,-0.004246340355094847,9.87715536967475,2.585833228977931,8.678505603075295e-16,0.0,8.678505603075295e-16,1.8607998563364962e-17,1.6001204908335712e-17,0.0,0.0,1.8180535965490285e-12,8.362196128165796e-11,0.027540068935718077
2,0.2617993877991494,4,5,72,8.326922249915638,0.00039100922405428847,8.326922259095994,2.1799831496824416,4.083891506621098e-16,0.0,4.083891506621098e-16,-8.38461098745147e-18,-7.942156969807441e-18,0.0,0.0,1.8180535965490285e-12,8.362196128165796e-11,0.027540068935718077
2,0.2617993877991494,4,3,73,8.32692224991559,0.0003910092242973111,8.326922259095946,2.1799831496824287,0.0,4.083822265477553e-16,4.083822265477553e-16,0.0,0.0,-8.38472662925961e-18,-7.94210672983817e-18,1.8180535965490285e-12,8.362196128165796e-11,0.027540068935718077
2,0.2617993877991494,4,3,74,9.885808601027785,0.004405569919877522,9.885809582689788,2.588098896647151,0.0,1.5682977102107594e-16,1.5682977102107594e-16,0.0,0.0,-1.699497275799851e-18,-4.096229020577419e-18,1.8180535965490285e-12,8.362196128165796e-11,0.027540068935718077
2,0.2617993877991494,4,5,75,9.885808601027827,0.004405569919940045,9.88580958268983,2.5880988966471623,1.5682797341410596e-16,0.0,1.5682797341410596e-16,-1.6994804320890974e-18,-4.09625318086452e-18,0.0,0.0,1.8180535965490285e-12,8.362196128165796e-11,0.027540068935718077
2,0.2617993877991494,4,3,76,10.450129382422453,-0.002609527293616681,10.45012970823816,2.7358375600384544,0.0,1.8828039936194966e-18,1.8828039936194966e-18,0.0,0.0,2.0668758018917334e-20,4.906599373004289e-20,1.8180535965490285e-12,8.362196128165796e-11,0.027540068935718077
2,0.2617993877991494,4,5,77,10.450129382422443,-0.002609527293852069,10.45012970823815,2.7358375600384512,1.8826381981893257e-18,0.0,1.8826381981893257e-18,2.066569958031903e-20,4.906551664966435e-20,0.0,0.0,1.8180535965490285e-12,8.362196128165796e-11,0.027540068935718077
2,0.2617993877991494,4,3,78,10.455675171723332,0.002935613658493181,10.455675583835761,2.7372894668747163,0.0,8.326350159929765e-19,8.326350159929765e-19,0.0,0.0,-1.3329854979686492e-20,1.9399893603575747e-20,1.8180535965490285e-12,8.362196128165796e-11,0.027540068935718077
2,0.2617993877991494,4,5,79,10.455675171723419,0.0029356136585300717,10.455675583835848,2.737289466874739,8.325649860572973e-19,0.0,8.325649860572973e-19,-1.332656026904095e-20,1.9399926844513034e-20,0.0,0.0,1.8180535965490285e-12,8.362196128165796e-11,0.027540068935718077
3,0.15114994701951814,5,4,0,0.19621377434888343,0.011656554634170936,0.19655971232725683,0.029709990104436597,0.0,30.37664060447422,30.37664060447422,0.0,0.0,0.8590092850773612,-0.0002840788632756386,2.3615874717814075e-12,2.7452352616260575e-10,0.027409713452300474
3,0.15114994701951814,5,6,1,0.19621377434875598,0.011656554634126301,0.19655971232712693,0.029709990104416963,30.37664060444981,0.0,30.37664060444981,0.8590092850774855,-0.0002840788631921498,0.0,0.0,2.3615874717814075e-12,2.7452352616260575e-10,0.027409713452300474
3,0.15114994701951814,5,4,2,2.0823397948644624,0.0055470156200264735,2.0823471830265143,0.3147466663907005,0.0,1.349771944927053,1.349771944927053,0.0,0.0,0.0363219185837832,0.01173212749098329,2.3615874717814075e-12,2.7452352616260575e-10,0.027409713452300474
3,0.15114994701951814,5,6,3,2.082339794864316,0.005547015619835016,2.0823471830263673,0.3147466663906783,1.3497719447246377,0.0,1.3497719447246377,0.036321918583388624,0.011732127491298538,0.0,0.0,2.3615874717814075e-12,2.7452352616260575e-10,0.027409713452300474
3,0.15114994701951814,5,4,4,2.0711678862472453,-0.0004810725236122377,2.071167942116876,0.31305692471949026,0.0,1.259303941447679,1.259303941447679,0.0,0.0,0.03560943708252845,-0.00037118716103018423,2.3615874717814075e-12,2.7452352616260575e-10,0.027409713452300474
3,0.15114994701951814,5,6,5,2.071167886247232,-0.0004810725236576701,2.0711679421168627,0.3130569247194882,1.2593039411717766,0.0,1.2593039411717766,0.035609437082609885,-0.00037118716100442706,0.0,0.0,2.3615874717814075e-12,2.7452352616260575e-10,0.027409713452300474
3,0.15114994701951814,5,4,6,4.297795949126216,0.0027342274946892293,4.297796818874259,0.6496117614734979,0.0,0.9112098506482005,0.9112098506482005,0.0,0.0,0.025464790546240235,0.003939736310938136,2.3615874717814075e-12,2.7452352616260575e-10,0.027409713452300474
3,0.15114994701951814,5,6,7,4.297795949130645,0.002734227497811062,4.29779681887869,0.6496117614741677,0.911209847135033,0.0,0.911209847135033,0.0254647905446565,0.003939736312873587,0.0,0.0,2.3615874717814075e-12,2.7452352616260575e-10,0.027409713452300474
3,0.15114994701951814,5,4,8,4.289145441389813,-0.0002907202040034057,4.289145451242386,0.6483041077142939,0.0,0.8115498302219364,0.8115498302219364,0.0,0.0,0.02294921835283603,-0.00011476874241889146,2.3615874717814075e-12,2.7452352616260575e-10,0.027409713452300474
3,0.15114994701951814,5,6,9,4.289145441385245,-0.000290720205653126,4.289145451237818,0.6483041077136035,0.8115498263944461,0.0,0.8115498263944461,0.022949218352880274,-0.00011476874243870894,0.0,0.0,2.3615874717814075e-12,2.7452352616260575e-10,0.027409713452300474
3,0.15114994701951814,5,4,10,2.1216114686971395,0.017798646409300393,2.1216861256842954,0.32069274548922794,0.0,0.723444467468614,0.723444467468614,0.0,0.0,0.017170032591242765,-0.011122952024817945,2.3615874717814075e-12,2.7452352616260575e-10,0.027409713452300474
3,0.15114994701951814,5,6,11,2.121611468696868,0.01779864640927951,2.121686125684024,0.32069274548918697,0.7234444674485482,0.0,0.7234444674485482,0.017170032591558707,-0.011122952025142574,0.0,0.0,2.3615874717814075e-12,2.7452352616260575e-10,0.027409713452300474
3,0.15114994701951814,5,6,12,4.327701547577394,0.018450336636518835,4.327740877158171,0.6541378042966606,0.2401266125781486,0.0,0.2401266125781486,0.004727776913966291,-0.004874249760574045,0.0,0.0,2.3615874717814075e-12,2.7452352616260575e-10,0.027409713452300474
3,0.15114994701951814,5,4,13,4.327701547578452,0.018450336636923,4.32774087715923,0.6541378042968206,0.0,0.24012661255717993,0.24012661255717993,0.0,0.0,0.0047277769097874185,-0.004874249758016133,2.3615874717814075e-12,2.7452352616260575e-10,0.027409713452300474
3,0.15114994701951814,5,6,14,4.321532020797131,0.013785726309557848,4.321554009037121,0.6532026595079471,0.06425015479021484,0.0,0.06425015479021484,-0.0014146910812681546,0.0011400852639615114,0.0,0.0,2.3615874717814075e-12,2.7452352616260575e-10,0.027409713452300474
3,0.15114994701951814,5,4,15,4.321532020797372,0.013785726308148885,4.321554009037358,0.653202659507983,0.0,0.06425015478863363,0.06425015478863363,0.0,0.0,-0.0014146910786380605,0.0011400852633663347,2.3615874717814075e-12,2.7452352616260575e-10,0.027409713452300474
3,0.15114994701951814,5,6,16,4.356172390669961,0.010478051545843874,4.35618499226094,0.6584371307874611,0.003442783177106274,0.0,0.003442783177106274,9.483551571277688e-5,-2.2014491168586593e-5,0.0,0.0,2.3615874717814075e-12,2.7452352616260575e-10,0.027409713452300474
3,0.15114994701951814,5,4,17,4.356172390668839,0.010478051545277192,4.356184992259816,0.6584371307872913,0.0,0.003442783173565592,0.003442783173565592,0.0,0.0,9.483551571470579e-5,-2.2014491175014177e-5,2.3615874717814075e-12,2.7452352616260575e-10,0.027409713452300474
3,0.15114994701951814,5,6,18,4.35736915279589,0.011698356936139933,4.357384856228811,0.6586184901626355,0.0013526612489760887,0.0,0.0013526612489760887,3.097292697319196e-5,-2.244652295089783e-5,0.0,0.0,2.3615874717814075e-12,2.7452352616260575e-10,0.027409713452300474
3,0.15114994701951814,5,4,19,4.357369152796065,0.011698356936076675,4.357384856228986,0.6586184901626619,0.0,0.0013526612448506285,0.0013526612448506285,0.0,0.0,3.0972927002382395e-5,-2.2446522954763012e-5,2.3615874717814075e-12,2.7452352616260575e-10,0.027409713452300474
3,0.15114994701951814,5,6,20,6.542656162906036,0.01166007248534969,6.542666552966207,0.9889237028472155,0.0005113105992364292,0.0,0.0005113105992364292,1.4458083671031627e-5,1.7606492412394477e-7,0.0,0.0,2.3615874717814075e-12,2.7452352616260575e-10,0.027409713452300474
3,0.15114994701951814,5,4,21,6.542656162903057,0.011660072483581006,6.542666552963224,0.9889237028467648,0.0,0.0005113105979959874,0.0005113105979959874,0.0,0.0,1.4458083696652327e-5,1.7606491191113913e-7,2.3615874717814075e-12,2.7452352616260575e-10,0.027409713452300474
3,0.15114994701951814,5,6,22,6.5716923498006015,0.010699783837808067,6.571701060288875,0.9933122670907747,0.00031185678323503656,0.0,0.00031185678323503656,8.816358444592345e-6,-2.107925259394193e-7,0.0,0.0,2.3615874717814075e-12,2.7452352616260575e-10,0.027409713452300474
3,0.15114994701951814,5,4,23,6.571692349799687,0.010699783836224878,6.571701060287958,0.993312267090636,0.0,0.0003118567823174851,0.0003118567823174851,0.0,0.0,8.816358444473408e-6,-2.1079252602490865e-7,2.3615874717814075e-12,2.7452352616260575e-10,0.027409713452300474
3,0.15114994701951814,5,6,24,6.572645441323659,0.011525576662575426,6.57265554675354,0.9934565376693397,0.00018204601847194056,0.0,0.00018204601847194056,5.146442892429282e-6,1.2698764289371597e-7,0.0,0.0,2.3615874717814075e-12,2.7452352616260575e-10,0.027409713452300474
3,0.15114994701951814,5,4,25,6.572645441324091,0.011525576663498,6.572655546753974,0.9934565376694052,0.0,0.00018204601741923072,0.00018204601741923072,0.0,0.0,5.146442892854953e-6,1.2698764337484424e-7,2.3615874717814075e-12,2.7452352616260575e-10,0.027409713452300474
3,0.15114994701951814,5,6,26,8.765757871910024,0.011659792404315125,8.765765626556043,1.324945010039459,8.611667234909446e-5,0.0,8.611667234909446e-5,2.43521342300624e-6,1.5100612193573465e-8,0.0,0.0,2.3615874717814075e-12,2.7452352616260575e-10,0.027409713452300474
3,0.15114994701951814,5,4,27,8.765757871908612,0.011659792403169918,8.76576562655463,1.3249450100392457,0.0,8.611667215089485e-5,8.611667215089485e-5,0.0,0.0,2.4352134216266878e-6,1.510061258594962e-8,2.3615874717814075e-12,2.7452352616260575e-10,0.027409713452300474
3,0.15114994701951814,5,4,28,8.785670381101994,0.010959518631551758,8.785677216721629,1.3279546458380618,0.0,5.666940165129356e-5,5.666940165129356e-5,0.0,0.0,1.6022654031434517e-6,-2.9242962001208147e-8,2.3615874717814075e-12,2.7452352616260575e-10,0.027409713452300474
3,0.15114994701951814,5,6,29,8.785670381101532,0.010959518631835564,8.785677216721167,1.327954645837992,5.6669401471175046e-5,0.0,5.6669401471175046e-5,1.6022654030592058e-6,-2.924296196435205e-8,0.0,0.0,2.3615874717814075e-12,2.7452352616260575e-10,0.027409713452300474
3,0.15114994701951814,5,4,30,8.786372198219473,0.011662546906141201,8.786379938327526,1.3280608621715626,0.0,2.8296878850255833e-5,2.8296878850255833e-5,0.0,0.0,8.000390552324088e-7,-1.5876937390658173e-8,2.3615874717814075e-12,2.7452352616260575e-10,0.027409713452300474
3,0.15114994701951814,5,6,31,8.786372198218183,0.011662546907422784,8.786379938326238,1.328060862171368,2.8296878499031192e-5,0.0,2.8296878499031192e-5,8.000390538493209e-7,-1.587693703667294e-8,0.0,0.0,2.3615874717814075e-12,2.7452352616260575e-10,0.027409713452300474
3,0.15114994701951814,5,6,32,6.244492223856906,0.0056005780416185065,6.244494735387625,0.9438550484174995,1.7522780201931265e-5,0.0,1.7522780201931265e-5,4.758107962751209e-7,1.3836226377526155e-7,0.0,0.0,2.3615874717814075e-12,2.7452352616260575e-10,0.027409713452300474
3,0.15114994701951814,5,4,33,6.244492223857128,0.005600578041447456,6.244494735387847,0.9438550484175331,0.0,1.7522780191688892e-5,1.7522780191688892e-5,0.0,0.0,4.7581079625265166e-7,1.383622638258921e-7,2.3615874717814075e-12,2.7452352616260575e-10,0.027409713452300474
3,0.15114994701951814,5,4,34,6.233568626454959,-0.00023554818710480596,6.233568630905295,0.9422035683038656,0.0,1.7436959400171846e-5,1.7436959400171846e-5,0.0,0.0,4.930653006163582e-7,-5.232686060825175e-9,2.3615874717814075e-12,2.7452352616260575e-10,0.027409713452300474
3,0.15114994701951814,5,6,35,6.23356862645559,-0.00023554818724343812,6.233568630905926,0.9422035683039609,1.7436959399373104e-5,0.0,1.7436959399373104e-5,4.930653007688504e-7,-5.232686230449452e-9,0.0,0.0,2.3615874717814075e-12,2.7452352616260575e-10,0.027409713452300474
3,0.15114994701951814,5,6,36,6.541552876721603,0.011021068183729676,6.5415621607448315,0.9887567740214659,1.6816906349773346e-5,0.0,1.6816906349773346e-5,4.7512979422684325e-7,-2.0194845246725527e-8,0.0,0.0,2.3615874717814075e-12,2.7452352616260575e-10,0.027409713452300474
3,0.15114994701951814,5,4,37,6.5415528767220295,0.011021068185533944,6.541562160745261,0.988756774021531,0.0,1.6816904257241645e-5,1.6816904257241645e-5,0.0,0.0,4.751297944636406e-7,-2.019484539867646e-8,2.3615874717814075e-12,2.7452352616260575e-10,0.027409713452300474
3,0.15114994701951814,5,4,38,6.574192232853504,0.011812271707093952,6.574202844777017,0.9936904116836116,0.0,8.856221587601185e-6,8.856221587601185e-6,0.0,0.0,-9.211430893114094e-8,-2.3288621760348472e-7,2.3615874717814075e-12,2.7452352616260575e-10,0.027409713452300474
3,0.15114994701951814,5,6,39,6.574192232852306,0.011812271706390208,6.574202844775818,0.9936904116834303,8.856221514951945e-6,0.0,8.856221514951945e-6,-9.211431061310782e-8,-2.3288621761475767e-7,0.0,0.0,2.3615874717814075e-12,2.7452352616260575e-10,0.027409713452300474
3,0.15114994701951814,5,4,40,8.451359695833553,-6.962751316995537e-5,8.45135969612037,1.277422570311485,0.0,8.632312135720721e-6,8.632312135720721e-6,0.0,0.0,2.441062931615158e-7,1.3147051858222707e-9,2.3615874717814075e-12,2.7452352616260575e-10,0.027409713452300474
3,0.15114994701951814,5,6,41,8.451359695833363,-6.962751312383948e-5,8.45135969612018,1.2774225703114561,8.632312129704632e-6,0.0,8.632312129704632e-6,2.4410629315829286e-7,1.3147051681510459e-9,0.0,0.0,2.3615874717814075e-12,2.7452352616260575e-10,0.027409713452300474
3,0.15114994701951814,5,4,42,8.459987940371947,0.0029028158936287053,8.459988438383288,1.27872680424737,0.0,8.375330036923768e-6,8.375330036923768e-6,0.0,0.0,2.338193612050883e-7,3.7722509423092843e-8,2.3615874717814075e-12,2.7452352616260575e-10,0.027409713452300474
3,0.15114994701951814,5,6,43,8.459987940371391,0.0029028158939748833,8.459988438382732,1.278726804247286,8.375330035939414e-6,0.0,8.375330035939414e-6,2.3381936116147796e-7,3.7722509272246016e-8,0.0,0.0,2.3615874717814075e-12,2.7452352616260575e-10,0.027409713452300474
3,0.15114994701951814,5,6,44,8.445772208638795,3.46486560271822e-5,8.445772208709867,1.276578021885415,8.049357748877723e-6,0.0,8.049357748877723e-6,2.274904290855739e-7,-7.816937447365195e-9,0.0,0.0,2.3615874717814075e-12,2.7452352616260575e-10,0.027409713452300474
3,0.15114994701951814,5,4,45,8.445772208638767,3.4648656888331894e-5,8.445772208709839,1.2765780218854108,0.0,8.049357743513466e-6,8.049357743513466e-6,0.0,0.0,2.2749042893015308e-7,-7.816937388660306e-9,2.3615874717814075e-12,2.7452352616260575e-10,0.027409713452300474
3,0.15114994701951814,5,4,46,6.28266935842601,0.017769998094572817,6.2826944888429335,0.949628939128428,0.0,7.709421397765746e-6,7.709421397765746e-6,0.0,0.0,1.764985224572475e-7,-1.2797421484213978e-7,2.3615874717814075e-12,2.7452352616260575e-10,0.027409713452300474
3,0.15114994701951814,5,6,47,6.282669358426203,0.01776999809458539,6.282694488843126,0.9496289391284571,7.709421384919905e-6,0.0,7.709421384919905e-6,1.7649852243540136e-7,-1.279742147474737e-7,0.0,0.0,2.3615874717814075e-12,2.7452352616260575e-10,0.027409713452300474
3,0.15114994701951814,5,4,48,8.457030042273177,0.0068303649379428165,8.45703280056287,1.2782800597474049,0.0,7.637668853046047e-6,7.637668853046047e-6,0.0,0.0,2.0826148629866724e-7,5.723355218704585e-8,2.3615874717814075e-12,2.7452352616260575e-10,0.027409713452300474
3,0.15114994701951814,5,6,49,8.457030042272589,0.006830364938179423,8.457032800562281,1.278280059747316,7.637668852628388e-6,0.0,7.637668852628388e-6,2.0826148641246442e-7,5.723355223782463e-8,0.0,0.0,2.3615874717814075e-12,2.7452352616260575e-10,0.027409713452300474
3,0.15114994701951814,5,6,50,6.542193695411148,0.01165915344231281,6.542204084567858,0.988853800773307,6.35711119594505e-6,0.0,6.35711119594505e-6,1.6585773685542447e-7,-6.934389693644226e-8,0.0,0.0,2.3615874717814075e-12,2.7452352616260575e-10,0.027409713452300474
3,0.15114994701951814,5,4,51,6.5421936954117195,0.011659153443582376,6.542204084568431,0.9888538007733936,0.0,6.357110471303866e-6,6.357110471303866e-6,0.0,0.0,1.6585770741901955e-7,-6.934388456806674e-8,2.3615874717814075e-12,2.7452352616260575e-10,0.027409713452300474
3,0.15114994701951814,5,4,52,8.499654109413717,0.016462828825177887,8.499670052678892,1.2847246781457995,0.0,4.714418630418487e-6,4.714418630418487e-6,0.0,0.0,1.1620266961446744e-7,-6.534847770413046e-8,2.3615874717814075e-12,2.7452352616260575e-10,0.027409713452300474
3,0.15114994701951814,5,6,53,8.49965410941362,0.016462828824700588,8.499670052678796,1.284724678145785,4.714418622103612e-6,0.0,4.714418622103612e-6,1.1620266952455638e-7,-6.534847763728982e-8,0.0,0.0,2.3615874717814075e-12,2.7452352616260575e-10,0.027409713452300474
3,0.15114994701951814,5,4,54,10.66056302085067,-0.0002474221957751207,10.660563023721895,1.6113435362337987,0.0,2.625433418818913e-6,2.625433418818913e-6,0.0,0.0,7.410444389936537e-8,4.543867478986767e-9,2.3615874717814075e-12,2.7452352616260575e-10,0.027409713452300474
3,0.15114994701951814,5,6,55,10.660563020850235,-0.0002474221959879921,10.66056302372146,1.611343536233733,2.625433418200963e-6,0.0,2.625433418200963e-6,7.41044438888915e-8,4.543867494720616e-9,0.0,0.0,2.3615874717814075e-12,2.7452352616260575e-10,0.027409713452300474
3,0.15114994701951814,5,6,56,8.487689232003014,0.02037743694192457,8.48771369327431,1.2829174750552506,8.76684094565037e-7,0.0,8.76684094565037e-7,6.259506410163832e-9,-2.3988178290371153e-8,0.0,0.0,2.3615874717814075e-12,2.7452352616260575e-10,0.027409713452300474
3,0.15114994701951814,5,4,57,8.487689232002893,0.020377436941942637,8.48771369327419,1.2829174750552323,0.0,8.766840940993855e-7,8.766840940993855e-7,0.0,0.0,6.259506401281262e-9,-2.3988178280936423e-8,2.3615874717814075e-12,2.7452352616260575e-10,0.027409713452300474
3,0.15114994701951814,5,6,58,8.512732785277244,0.018254812914898944,8.51275235818173,1.2867020679294467,3.1300758412534054e-7,0.0,3.1300758412534054e-7,8.35807378258008e-9,-2.9138045992644803e-9,0.0,0.0,2.3615874717814075e-12,2.7452352616260575e-10,0.027409713452300474
3,0.15114994701951814,5,4,59,8.51273278527725,0.018254812914759323,8.512752358181736,1.2867020679294474,0.0,3.1300758384182247e-7,3.1300758384182247e-7,0.0,0.0,8.358073780038095e-9,-2.9138046133397327e-9,2.3615874717814075e-12,2.7452352616260575e-10,0.027409713452300474
3,0.15114994701951814,5,4,60,8.436542510607774,0.0026676669910967628,8.436542932371013,1.275183017255769,0.0,1.7347327303167288e-7,1.7347327303167288e-7,0.0,0.0,-1.6812336452719609e-9,4.608492945029427e-9,2.3615874717814075e-12,2.7452352616260575e-10,0.027409713452300474
3,0.15114994701951814,5,6,61,8.43654251060781,0.002667666991208935,8.436542932371049,1.2751830172557743,1.734732726916062e-7,0.0,1.734732726916062e-7,-1.681233637762094e-9,4.6084929373119376e-9,0.0,0.0,2.3615874717814075e-12,2.7452352616260575e-10,0.027409713452300474
3,0.15114994701951814,5,4,62,8.443156066381245,0.007686091874406943,8.443159564835828,1.2761831209022731,0.0,1.134595549241521e-7,1.134595549241521e-7,0.0,0.0,-8.595669612215843e-10,3.0911943864979905e-9,2.3615874717814075e-12,2.7452352616260575e-10,0.027409713452300474
3,0.15114994701951814,5,6,63,8.443156066380999,0.00768609187461527,8.44315956483558,1.2761831209022358,1.134595544161057e-7,0.0,1.134595544161057e-7,-8.595669547677227e-10,3.0911943805420916e-9,0.0,0.0,2.3615874717814075e-12,2.7452352616260575e-10,0.027409713452300474
3,0.15114994701951814,5,4,64,8.521878021262488,0.011932204889376524,8.521886374904923,1.2880826740732327,0.0,7.7564907189706e-8,7.7564907189706e-8,0.0,0.0,2.1726640280952568e-9,3.010948837572459e-10,2.3615874717814075e-12,2.7452352616260575e-10,0.027409713452300474
3,0.15114994701951814,5,6,65,8.521878021262198,0.011932204889284613,8.521886374904634,1.288082674073189,7.756490692596425e-8,0.0,7.756490692596425e-8,2.17266402974488e-9,3.010948896180025e-10,0.0,0.0,2.3615874717814075e-12,2.7452352616260575e-10,0.027409713452300474
3,0.15114994701951814,5,6,66,8.508421968835856,0.015575990095415129,8.508436225960448,1.2860496847728706,6.931606525071215e-8,0.0,6.931606525071215e-8,-1.417605668295393e-9,-1.35374687079805e-9,0.0,0.0,2.3615874717814075e-12,2.7452352616260575e-10,0.027409713452300474
3,0.15114994701951814,5,4,67,8.508421968835261,0.015575990094590979,8.508436225959851,1.2860496847727805,0.0,6.93160649535429e-8,6.93160649535429e-8,0.0,0.0,-1.4176056622616794e-9,-1.3537468717489503e-9,2.3615874717814075e-12,2.7452352616260575e-10,0.027409713452300474
3,0.15114994701951814,5,4,68,10.661346423831585,0.0068598123222589095,10.66134863073015,1.6114622806914745,0.0,5.16703557595784e-8,5.16703557595784e-8,0.0,0.0,-7.777898572923288e-10,1.2369516320353891e-9,2.3615874717814075e-12,2.7452352616260575e-10,0.027409713452300474
3,0.15114994701951814,5,6,69,10.66134642383179,0.006859812322114342,10.661348630730354,1.6114622806915053,5.167035529071399e-8,0.0,5.167035529071399e-8,-7.777898471198973e-10,1.2369516252516942e-9,0.0,0.0,2.3615874717814075e-12,2.7452352616260575e-10,0.027409713452300474
3,0.15114994701951814,5,6,70,10.654747040494387,0.0023711291313252923,10.65474730433234,1.610464490556187,4.420871390489202e-8,0.0,4.420871390489202e-8,1.727544220974737e-11,1.2500418315158987e-9,0.0,0.0,2.3615874717814075e-12,2.7452352616260575e-10,0.027409713452300474
3,0.15114994701951814,5,4,71,10.654747040494122,0.0023711291314430904,10.654747304332075,1.610464490556147,0.0,4.4208713837444865e-8,4.4208713837444865e-8,0.0,0.0,1.7275434453208592e-11,1.250041839929692e-9,2.3615874717814075e-12,2.7452352616260575e-10,0.027409713452300474
3,0.15114994701951814,5,6,72,4.313050788287302,0.023600967107069402,4.313115359921887,0.6519271581412631,1.0512066989796275e-18,0.0,1.0512066989796275e-18,-1.8611142570013833e-20,2.6803904594518666e-20,0.0,0.0,2.3615874717814075e-12,2.7452352616260575e-10,0.027409713452300474
3,0.15114994701951814,5,4,73,4.313050788287037,0.02360096711009007,4.313115359921638,0.6519271581412255,0.0,7.640415318921808e-19,7.640415318921808e-19,0.0,0.0,-1.2556599704416642e-20,1.816504461918341e-20,2.3615874717814075e-12,2.7452352616260575e-10,0.027409713452300474
3,0.15114994701951814,5,6,74,6.542834511725113,0.012302575270301276,6.5428460780595685,0.9889508380555658,4.083456429380086e-19,0.0,4.083456429380086e-19,1.0920552171677905e-20,3.970028751164656e-21,0.0,0.0,2.3615874717814075e-12,2.7452352616260575e-10,0.027409713452300474
3,0.15114994701951814,5,4,75,6.542834511726545,0.012302575270632525,6.542846078061001,0.9889508380557824,0.0,3.49633646629467e-19,3.49633646629467e-19,0.0,0.0,7.657184292961313e-21,6.387358833309096e-21,2.3615874717814075e-12,2.7452352616260575e-10,0.027409713452300474
3,0.15114994701951814,5,6,76,2.095474527748433,0.023820571342602764,2.095609915051369,0.3167513276335913,2.649816729416839e-19,0.0,2.649816729416839e-19,-7.315142985648457e-21,1.398482481634285e-21,0.0,0.0,2.3615874717814075e-12,2.7452352616260575e-10,0.027409713452300474
3,0.15114994701951814,5,4,77,2.09547452774848,0.02382057134244598,2.0956099150514143,0.3167513276335982,0.0,1.677618840630099e-19,1.677618840630099e-19,0.0,0.0,-4.6625055069784544e-21,1.3167822149384664e-21,2.3615874717814075e-12,2.7452352616260575e-10,0.027409713452300474
3,0.15114994701951814,5,4,78,4.358569900766662,0.012884025903492469,4.358588943453213,0.6588004878828106,0.0,3.3773631666433156e-20,3.3773631666433156e-20,0.0,0.0,7.154006921335889e-22,5.828877772861804e-22,2.3615874717814075e-12,2.7452352616260575e-10,0.027409713452300474
3,0.15114994701951814,5,6,79,4.358569900765791,0.012884025903812478,4.358588943452342,0.6588004878826791,2.5055877303011197e-20,0.0,2.5055877303011197e-20,6.791073256894442e-22,1.958622548541837e-22,0.0,0.0,2.3615874717814075e-12,2.7452352616260575e-10,0.027409713452300474
4,0.08726646259971647,6,5,0,0.30903790672919196,0.015883135006605466,0.30944579779534703,0.027004240139947077,0.0,14.11123382914531,14.11123382914531,0.0,0.0,0.3986479148457125,0.017823340296727608,3.3205281680611966e-12,7.741933518582306e-10,0.0220076795397178
4,0.08726646259971647,6,7,1,0.30903790672937315,0.015883135006593364,0.3094457977955274,0.027004240139962818,14.111233828862417,0.0,14.111233828862417,0.3986479148457498,0.017823340296947876,0.0,0.0,3.3205281680611966e-12,7.741933518582306e-10,0.0220076795397178
4,0.08726646259971647,6,5,2,0.27897015204343734,-0.01416525721659264,0.2793295549045084,0.02437610215606973,0.0,12.840994254063803,12.840994254063803,0.0,0.0,0.36268208087114573,-0.01794054077852625,3.3205281680611966e-12,7.741933518582306e-10,0.0220076795397178
4,0.08726646259971647,6,7,3,0.2789701520433254,-0.014165257216505737,0.2793295549043922,0.024376102156059593,12.840994253885757,0.0,12.840994253885757,0.3626820808712816,-0.01794054077842322,0.0,0.0,3.3205281680611966e-12,7.741933518582306e-10,0.0220076795397178
4,0.08726646259971647,6,7,4,1.0085915181244633,0.006785922852056224,1.008614346111319,0.08801820611246092,2.2218167558992565,0.0,2.2218167558992565,0.06260633912944491,0.005295543928303337,0.0,0.0,3.3205281680611966e-12,7.741933518582306e-10,0.0220076795397178
4,0.08726646259971647,6,5,5,1.0085915181240626,0.006785922852302357,1.00861434611092,0.0880182061124261,0.0,2.221816755779594,2.221816755779594,0.0,0.0,0.06260633912945779,0.005295543928347746,3.3205281680611966e-12,7.741933518582306e-10,0.0220076795397178
4,0.08726646259971647,6,7,6,0.9976616521452841,-0.004154555430995879,0.9976703025008248,0.08706315814003604,1.8464536240930254,0.0,1.8464536240930254,0.05195374900920424,-0.005218239458012697,0.0,0.0,3.3205281680611966e-12,7.741933518582306e-10,0.0220076795397178
4,0.08726646259971647,6,5,7,0.9976616521458648,-0.004154555431411288,0.9976703025014071,0.08706315814008686,0.0,1.8464536239741878,1.8464536239741878,0.0,0.0,0.051953749009254646,-0.005218239458044116,3.3205281680611966e-12,7.741933518582306e-10,0.0220076795397178
4,0.08726646259971647,6,5,8,3.8676503249082157,0.001572150503027444,3.867650644437761,0.3375161903115972,0.0,1.2822927828167512,1.2822927828167512,0.0,0.0,0.03625424280002987,0.0007236497010766896,3.3205281680611966e-12,7.741933518582306e-10,0.0220076795397178
4,0.08726646259971647,6,7,9,3.867650324907858,0.0015721505033474692,3.867650644437404,0.33751619031156604,1.2822927818935566,0.0,1.2822927818935566,0.03625424280004064,0.0007236497010394971,0.0,0.0,3.3205281680611966e-12,7.741933518582306e-10,0.0220076795397178
4,0.08726646259971647,6,5,10,3.8645548041586095,-0.0015156242801864957,3.864555101361908,0.3372460532175424,0.0,1.232392048122526,1.232392048122526,0.0,0.0,0.0348436453651913,-0.0006830931590924294,3.3205281680611966e-12,7.741933518582306e-10,0.0220076795397178
4,0.08726646259971647,6,7,11,3.8645548041585402,-0.0015156242810470295,3.864555101361839,0.3372460532175364,1.2323920470687881,0.0,1.2323920470687881,0.03484364536518675,-0.0006830931590214306,0.0,0.0,3.3205281680611966e-12,7.741933518582306e-10,0.0220076795397178
4,0.08726646259971647,6,5,12,7.45530416372679,0.0010760997712001494,7.455304241388995,0.6505980287506803,0.0,0.8991777092707616,0.8991777092707616,0.0,0.0,0.0254257867554028,0.00029521641716573344,3.3205281680611966e-12,7.741933518582306e-10,0.0220076795397178
4,0.08726646259971647,6,7,13,7.45530416372849,0.0010760997658200606,7.455304241390694,0.6505980287508286,0.8991776998180547,0.0,0.8991776998180547,0.025425786755369995,0.00029521641720570146,0.0,0.0,3.3205281680611966e-12,7.741933518582306e-10,0.0220076795397178
4,0.08726646259971647,6,5,14,7.453097576375971,-0.0010991987287726074,7.453097657432057,0.6504054679743291,0.0,0.878541546249903,0.878541546249903,0.0,0.0,0.02484230520491132,-0.00028486653788101224,3.3205281680611966e-12,7.741933518582306e-10,0.0220076795397178
4,0.08726646259971647,6,7,15,7.4530975763664316,-0.0010991987218377103,7.453097657422517,0.6504054679734965,0.8785415359805939,0.0,0.8785415359805939,0.02484230520498476,-0.00028486653798504014,0.0,0.0,3.3205281680611966e-12,7.741933518582306e-10,0.0220076795397178
4,0.08726646259971647,6,7,16,4.391047138495824,0.017397264351394125,4.391081602213659,0.38319415841188137,0.026149066383146635,0.0,0.026149066383146635,0.0007394150854773875,-8.094226480797814e-6,0.0,0.0,3.3205281680611966e-12,7.741933518582306e-10,0.0220076795397178
4,0.08726646259971647,6,5,17,4.39104713849623,0.01739726435096578,4.391081602214063,0.3831941584119166,0.0,0.026149066381627672,0.026149066381627672,0.0,0.0,0.0007394150854689498,-8.094226468564544e-6,3.3205281680611966e-12,7.741933518582306e-10,0.0220076795397178
4,0.08726646259971647,6,7,18,4.364331219128897,-0.006622525155795141,4.364336243703338,0.3808601855837244,0.024321854391742302,0.0,0.024321854391742302,0.0006751754528678032,-0.0001311142225505213,0.0,0.0,3.3205281680611966e-12,7.741933518582306e-10,0.0220076795397178
4,0.08726646259971647,6,5,19,4.364331219129237,-0.006622525155316082,4.3643362437036775,0.38086018558375406,0.0,0.024321854389909747,0.024321854389909747,0.0,0.0,0.0006751754528411683,-0.0001311142225496418,3.3205281680611966e-12,7.741933518582306e-10,0.0220076795397178
4,0.08726646259971647,6,7,20,4.65479757452134,0.0016425243072754545,4.654797864317617,0.40620774373571344,0.010673969941464051,0.0,0.010673969941464051,0.00030181214519552253,4.45952281225492e-6,0.0,0.0,3.3205281680611966e-12,7.741933518582306e-10,0.0220076795397178
4,0.08726646259971647,6,5,21,4.654797574521597,0.0016425243070453052,4.654797864317874,0.4062077437357358,0.0,0.010673969872002908,0.010673969872002908,0.0,0.0,0.00030181214520057795,4.459522816050061e-6,3.3205281680611966e-12,7.741933518582306e-10,0.0220076795397178
4,0.08726646259971647,6,7,22,4.6536936862411675,0.000538462376837516,4.653693717392953,0.4061113887394076,0.010261886608825781,0.0,0.010261886608825781,0.000290104547050629,-7.1215331227249094e-6,0.0,0.0,3.3205281680611966e-12,7.741933518582306e-10,0.0220076795397178
4,0.08726646259971647,6,5,23,4.653693686240892,0.0005384623764556375,4.653693717392677,0.4061113887393836,0.0,0.010261886538327129,0.010261886538327129,0.0,0.0,0.0002901045470493032,-7.121533124513409e-6,3.3205281680611966e-12,7.741933518582306e-10,0.0220076795397178
4,0.08726646259971647,6,7,24,7.972297649838616,0.018521633951796616,7.972319164995,0.695716092245039,0.0071879269527139345,0.0,0.0071879269527139345,0.00020312183687358574,-7.617440356502692e-6,0.0,0.0,3.3205281680611966e-12,7.741933518582306e-10,0.0220076795397178
4,0.08726646259971647,6,5,25,7.972297649840698,0.018521633948638663,7.9723191649970735,0.69571609224522,0.0,0.00718792695120378,0.00718792695120378,0.0,0.0,0.0002031218368620507,-7.6174403668117195e-6,3.3205281680611966e-12,7.741933518582306e-10,0.0220076795397178
4,0.08726646259971647,6,7,26,7.9441450787128325,-0.004051793396483773,7.944146111991335,0.6932575295687748,0.006382573048499884,0.0,0.006382573048499884,0.0001703058594225888,-5.977183735491427e-5,0.0,0.0,3.3205281680611966e-12,7.741933518582306e-10,0.0220076795397178
4,0.08726646259971647,6,5,27,7.944145078713532,-0.004051793392705165,7.9441461119920325,0.6932575295688358,0.0,0.006382573048455388,0.006382573048455388,0.0,0.0,0.00017030585937728997,-5.977183740158917e-5,3.3205281680611966e-12,7.741933518582306e-10,0.0220076795397178
4,0.08726646259971647,6,5,28,4.329513201633688,-0.010385834574008547,4.3295256586236075,0.37782238896278986,0.0,0.0032377360845107913,0.0032377360845107913,0.0,0.0,8.640014030007487e-6,9.11501202459019e-5,3.3205281680611966e-12,7.741933518582306e-10,0.0220076795397178
4,0.08726646259971647,6,7,29,4.329513201633816,-0.010385834573653267,4.3295256586237345,0.37782238896280096,0.0032377360844150914,0.0,0.0032377360844150914,8.640014002805289e-6,9.115012024019922e-5,0.0,0.0,3.3205281680611966e-12,7.741933518582306e-10,0.0220076795397178
4,0.08726646259971647,6,7,30,8.253181775884357,0.0015685255229996621,8.253181924934285,0.7202259917809338,0.0030876173106702473,0.0,0.0030876173106702473,8.731076474931916e-5,6.966284718645105e-7,0.0,0.0,3.3205281680611966e-12,7.741933518582306e-10,0.0220076795397178
4,0.08726646259971647,6,5,31,8.253181775888105,0.0015685255268910424,8.253181924938033,0.7202259917812609,0.0,0.003087617283308868,0.003087617283308868,0.0,0.0,8.731076475316439e-5,6.966284709461912e-7,3.3205281680611966e-12,7.741933518582306e-10,0.0220076795397178
4,0.08726646259971647,6,7,32,8.252219178472474,0.0006064718988984981,8.252219200757883,0.7201419782476,0.0030100066323143497,0.0,0.0030100066323143497,8.510567330441876e-5,-1.4960326903115315e-6,0.0,0.0,3.3205281680611966e-12,7.741933518582306e-10,0.0220076795397178
4,0.08726646259971647,6,5,33,8.25221917846699,0.0006064718924352723,8.2522192007524,0.7201419782471215,0.0,0.003010006604046292,0.003010006604046292,0.0,0.0,8.510567329730249e-5,-1.4960326905511401e-6,3.3205281680611966e-12,7.741933518582306e-10,0.0220076795397178
4,0.08726646259971647,6,5,34,7.9184299403065594,-0.013235728165015018,7.9184410021192555,0.6910143355595014,0.0,0.0019166475858488135,0.0019166475858488135,0.0,0.0,2.5185214005972066e-5,4.7993334271465786e-5,3.3205281680611966e-12,7.741933518582306e-10,0.0220076795397178
4,0.08726646259971647,6,7,35,7.918429940315409,-0.013235728161897928,7.9184410021281,0.6910143355602733,0.0019166475849008223,0.0,0.0019166475849008223,2.5185213937235816e-5,4.799333426897879e-5,0.0,0.0,3.3205281680611966e-12,7.741933518582306e-10,0.0220076795397178
4,0.08726646259971647,6,5,36,4.342642349827747,0.00540699811014592,4.342645715937005,0.37896732995363563,0.0,0.0016589660088312229,0.0016589660088312229,0.0,0.0,1.9784983285159254e-5,4.253714296922629e-5,3.3205281680611966e-12,7.741933518582306e-10,0.0220076795397178
4,0.08726646259971647,6,7,37,4.342642349826773,0.005406998109238861,4.34264571593603,0.3789673299535505,0.0016589660073646313,0.0,0.0016589660073646313,1.97849832831563e-5,4.2537142972877504e-5,0.0,0.0,3.3205281680611966e-12,7.741933518582306e-10,0.0220076795397178
4,0.08726646259971647,6,7,38,8.02934456331894,0.015058848631610888,8.029358684566379,0.7006937293464206,0.0007927601018811215,0.0,0.0007927601018811215,2.238849424558725e-5,1.1528784548116918e-6,0.0,0.0,3.3205281680611966e-12,7.741933518582306e-10,0.0220076795397178
4,0.08726646259971647,6,5,39,8.029344563319231,0.015058848631078987,8.029358684566668,0.7006937293464458,0.0,0.0007927601016717949,0.0007927601016717949,0.0,0.0,2.2388494245722233e-5,1.1528784588805399e-6,3.3205281680611966e-12,7.741933518582306e-10,0.0220076795397178
4,0.08726646259971647,6,5,40,7.933022824408857,0.0045817310810648375,7.93302414750211,0.6922869550706405,0.0,0.0007258040653618868,0.0007258040653618868,0.0,0.0,1.1841050507097864e-5,1.6764671705270877e-5,3.3205281680611966e-12,7.741933518582306e-10,0.0220076795397178
4,0.08726646259971647,6,7,41,7.933022824426217,0.004581731094392451,7.933024147519478,0.6922869550721562,0.0007258040555425476,0.0,0.0007258040555425476,1.1841050485631311e-5,1.676467173031371e-5,0.0,0.0,3.3205281680611966e-12,7.741933518582306e-10,0.0220076795397178
4,0.08726646259971647,6,5,42,8.000930716595963,-0.013317652921499118,8.00094180029127,0.6982138883776263,0.0,0.0007243507346478668,0.0007243507346478668,0.0,0.0,2.048360170366385e-5,-3.7330686300323344e-8,3.3205281680611966e-12,7.741933518582306e-10,0.0220076795397178
4,0.08726646259971647,6,7,43,8.000930716596795,-0.013317652921365095,8.000941800292102,0.6982138883776989,0.0007243507342696181,0.0,0.0007243507342696181,2.048360170390541e-5,-3.7330680141892374e-8,0.0,0.0,3.3205281680611966e-12,7.741933518582306e-10,0.0220076795397178
4,0.08726646259971647,6,5,44,8.062870628802179,0.0039778305612149165,8.062871610036762,0.7036182838035888,0.0,0.0005935923522293993,0.0005935923522293993,0.0,0.0,1.6607729842800344e-5,-2.4396904126011622e-6,3.3205281680611966e-12,7.741933518582306e-10,0.0220076795397178
4,0.08726646259971647,6,7,45,8.06287062880196,0.003977830561081447,8.062871610036543,0.7036182838035697,0.0005935923518132333,0.0,0.0005935923518132333,1.6607729841930678e-5,-2.4396904111534e-6,0.0,0.0,3.3205281680611966e-12,7.741933518582306e-10,0.0220076795397178
4,0.08726646259971647,6,5,46,8.071400864257384,0.009175072556419524,8.07140607908506,0.7043630567276006,0.0,0.0005780253055161205,0.0005780253055161205,0.0,0.0,1.6316911531758194e-5,-9.706243659489834e-7,3.3205281680611966e-12,7.741933518582306e-10,0.0220076795397178
4,0.08726646259971647,6,7,47,8.071400864257573,0.009175072556611475,8.071406079085248,0.704363056727617,0.0005780253054215466,0.0,0.0005780253054215466,1.6316911533084796e-5,-9.7062436804911e-7,0.0,0.0,3.3205281680611966e-12,7.741933518582306e-10,0.0220076795397178
4,0.08726646259971647,6,7,48,11.608021641885372,-0.010994046783981594,11.608026848157436,1.0129914408012357,0.00013514285412531628,0.0,0.00013514285412531628,3.7822055801327024e-6,-5.476776967583573e-7,0.0,0.0,3.3205281680611966e-12,7.741933518582306e-10,0.0220076795397178
4,0.08726646259971647,6,5,49,11.608021641886015,-0.01099404678304383,11.608026848158078,1.0129914408012917,0.0,0.00013514285380786717,0.00013514285380786717,0.0,0.0,3.782205577974937e-6,-5.476776937253763e-7,3.3205281680611966e-12,7.741933518582306e-10,0.0220076795397178
4,0.08726646259971647,6,7,50,8.012766203428946,-0.00025406078804120213,8.012766207456698,0.699245762563292,7.740741532793147e-5,0.0,7.740741532793147e-5,-2.656131069076758e-8,2.188813359603444e-6,0.0,0.0,3.3205281680611966e-12,7.741933518582306e-10,0.0220076795397178
4,0.08726646259971647,6,5,51,8.012766203429443,-0.00025406078773202237,8.012766207457195,0.6992457625633354,0.0,7.740741530938783e-5,7.740741530938783e-5,0.0,0.0,-2.6561310325960653e-8,2.1888133589004135e-6,3.3205281680611966e-12,7.741933518582306e-10,0.0220076795397178
4,0.08726646259971647,6,7,52,8.000316430062508,-0.009375889314956825,8.000321924049592,0.6981597939707654,4.2305132783659904e-5,0.0,4.2305132783659904e-5,9.129794260424398e-7,7.730946958126207e-7,0.0,0.0,3.3205281680611966e-12,7.741933518582306e-10,0.0220076795397178
4,0.08726646259971647,6,5,53,8.00031643006234,-0.009375889314794219,8.000321924049423,0.6981597939707508,0.0,4.230513277755323e-5,4.230513277755323e-5,0.0,0.0,9.129794253118197e-7,7.730946985709971e-7,3.3205281680611966e-12,7.741933518582306e-10,0.0220076795397178
4,0.08726646259971647,6,7,54,11.607186324916622,-0.0035940079596606615,11.60718688133454,1.0129181398679004,3.206900311851102e-5,0.0,3.206900311851102e-5,-8.19520897819436e-7,-3.883210667840748e-7,0.0,0.0,3.3205281680611966e-12,7.741933518582306e-10,0.0220076795397178
4,0.08726646259971647,6,5,55,11.607186324917635,-0.003594007959213892,11.607186881335553,1.0129181398679887,0.0,3.206900304778382e-5,3.206900304778382e-5,0.0,0.0,-8.195208976105594e-7,-3.8832106797230195e-7,3.3205281680611966e-12,7.741933518582306e-10,0.0220076795397178
4,0.08726646259971647,6,5,56,8.706005689497779,0.007281050481212834,8.706008734159633,0.7597425855923466,0.0,2.4942525831980263e-5,2.4942525831980263e-5,0.0,0.0,7.019356409807902e-7,6.92170365088979e-8,3.3205281680611966e-12,7.741933518582306e-10,0.0220076795397178
4,0.08726646259971647,6,7,57,8.706005689498443,0.007281050481702092,8.706008734160298,0.7597425855924046,2.4942525829774362e-5,0.0,2.4942525829774362e-5,7.019356411308505e-7,6.92170361206756e-8,0.0,0.0,3.3205281680611966e-12,7.741933518582306e-10,0.0220076795397178
4,0.08726646259971647,6,7,58,11.597743146113183,-0.01074800566958368,11.597748126375274,1.0120944531112597,2.2284977196368737e-5,0.0,2.2284977196368737e-5,5.372748674467865e-7,3.2935240204928683e-7,0.0,0.0,3.3205281680611966e-12,7.741933518582306e-10,0.0220076795397178
4,0.08726646259971647,6,5,59,11.597743146113798,-0.010748005669519167,11.597748126375889,1.0120944531113132,0.0,2.228497718893972e-5,2.228497718893972e-5,0.0,0.0,5.372748684109726e-7,3.2935240057071036e-7,3.3205281680611966e-12,7.741933518582306e-10,0.0220076795397178
4,0.08726646259971647,6,7,60,8.6941081908736,-0.004617189836080188,8.694109416901618,0.7587041742678878,1.998669460263757e-5,0.0,1.998669460263757e-5,5.609357839696527e-7,-6.92648378536353e-8,0.0,0.0,3.3205281680611966e-12,7.741933518582306e-10,0.0220076795397178
4,0.08726646259971647,6,5,61,8.694108190873221,-0.004617189836013065,8.69410941690124,0.7587041742678549,0.0,1.9986694590163816e-5,1.9986694590163816e-5,0.0,0.0,5.609357838660318e-7,-6.926483815912282e-8,3.3205281680611966e-12,7.741933518582306e-10,0.0220076795397178
4,0.08726646259971647,6,7,62,8.75114488580579,0.002301000345817105,8.751145188314922,0.7636814842807729,1.8269762179275782e-5,0.0,1.8269762179275782e-5,5.006746436597622e-7,-1.2745771476454864e-7,0.0,0.0,3.3205281680611966e-12,7.741933518582306e-10,0.0220076795397178
4,0.08726646259971647,6,5,63,8.75114488580592,0.0023010003495591395,8.751145188315054,0.7636814842807844,0.0,1.826976157960501e-5,1.826976157960501e-5,0.0,0.0,5.006746432161346e-7,-1.2745771434374267e-7,3.3205281680611966e-12,7.741933518582306e-10,0.0220076795397178
4,0.08726646259971647,6,7,64,8.752166936374776,0.0021369821127935097,8.752167197264022,0.7637706713865061,1.7171982465118858e-5,0.0,1.7171982465118858e-5,4.7219592679671596e-7,-1.1330593669227556e-7,0.0,0.0,3.3205281680611966e-12,7.741933518582306e-10,0.0220076795397178
4,0.08726646259971647,6,5,65,8.752166936381633,0.0021369821077469146,8.752167197270879,0.7637706713871045,0.0,1.717198166324559e-5,1.717198166324559e-5,0.0,0.0,4.721959269565892e-7,-1.1330593723792402e-7,3.3205281680611966e-12,7.741933518582306e-10,0.0220076795397178
4,0.08726646259971647,6,5,66,8.75711235375746,0.002455395384114222,8.757112697990019,0.7642022477406482,0.0,1.1597441103808425e-5,1.1597441103808425e-5,0.0,0.0,2.986949013260791e-7,1.3542094970215906e-7,3.3205281680611966e-12,7.741933518582306e-10,0.0220076795397178
4,0.08726646259971647,6,7,67,8.757112353757803,0.0024553953876442457,8.757112697990362,0.7642022477406781,1.1597440782412571e-5,0.0,1.1597440782412571e-5,2.986949015816976e-7,1.354209488827055e-7,0.0,0.0,3.3205281680611966e-12,7.741933518582306e-10,0.0220076795397178
4,0.08726646259971647,6,7,68,11.621080358551817,0.0010271877433073832,11.6210804039484,1.014130578439461,1.1203465303888065e-5,0.0,1.1203465303888065e-5,-4.2883210402180476e-8,3.139028219717082e-7,0.0,0.0,3.3205281680611966e-12,7.741933518582306e-10,0.0220076795397178
4,0.08726646259971647,6,5,69,11.590400382190278,-0.01004921332018599,11.590404738669177,1.0114536216426504,0.0,1.0261100132231336e-5,1.0261100132231336e-5,0.0,0.0,8.04443041021402e-8,2.7879592980282686e-7,3.3205281680611966e-12,7.741933518582306e-10,0.0220076795397178
4,0.08726646259971647,6,7,70,11.590400382194536,-0.010049213326393622,11.59040473867344,1.0114536216430223,1.0261100123351601e-5,0.0,1.0261100123351601e-5,8.044430289666155e-8,2.787959300329818e-7,0.0,0.0,3.3205281680611966e-12,7.741933518582306e-10,0.0220076795397178
4,0.08726646259971647,6,5,71,11.607900509420293,-0.0006752882979187656,11.607900529062704,1.0129804173806796,0.0,8.599900508121765e-6,8.599900508121765e-6,0.0,0.0,4.2146065052861324e-8,2.3951342248107975e-7,3.3205281680611966e-12,7.741933518582306e-10,0.0220076795397178
4,0.08726646259971647,6,7,72,11.607900509423123,-0.0006752882899855976,11.607900529065533,1.0129804173809265,8.599900431847595e-6,0.0,8.599900431847595e-6,4.214606489238458e-8,2.395134219820177e-7,0.0,0.0,3.3205281680611966e-12,7.741933518582306e-10,0.0220076795397178
4,0.08726646259971647,6,7,73,8.757071241740453,0.0019525700996317619,8.757071459423388,0.7641986489968157,7.587343966556457e-6,0.0,7.587343966556457e-6,2.0741181983981295e-7,5.491946219380365e-8,0.0,0.0,3.3205281680611966e-12,7.741933518582306e-10,0.0220076795397178
4,0.08726646259971647,6,5,74,8.757071241738373,0.0019525701030310462,8.75707145942131,0.7641986489966343,0.0,7.587343910700877e-6,7.587343910700877e-6,0.0,0.0,2.0741182002697293e-7,5.491946155992591e-8,3.3205281680611966e-12,7.741933518582306e-10,0.0220076795397178
4,0.08726646259971647,6,5,75,11.61045400754646,0.0024006219926724116,11.610454255727362,1.0132032720731508,0.0,5.022255968401115e-6,5.022255968401115e-6,0.0,0.0,-1.862905961777647e-8,1.407953579140324e-7,3.3205281680611966e-12,7.741933518582306e-10,0.0220076795397178
4,0.08726646259971647,6,7,76,11.610454007548212,0.0024006219955093645,11.610454255729113,1.0132032720733037,5.0222559533894615e-6,0.0,5.0222559533894615e-6,-1.8629059734044658e-8,1.407953584237785e-7,0.0,0.0,3.3205281680611966e-12,7.741933518582306e-10,0.0220076795397178
4,0.08726646259971647,6,5,77,5.16431080221426,0.000857311560878829,5.164310873374104,0.45067114168461037,0.0,3.353530238905832e-6,3.353530238905832e-6,0.0,0.0,7.253699538772509e-8,6.108779132554389e-8,3.3205281680611966e-12,7.741933518582306e-10,0.0220076795397178
4,0.08726646259971647,6,7,78,5.164310802213679,0.0008573115605803802,5.164310873373523,0.4506711416845597,3.3535302364431864e-6,0.0,3.3535302364431864e-6,7.253699535378236e-8,6.10877913535037e-8,0.0,0.0,3.3205281680611966e-12,7.741933518582306e-10,0.0220076795397178
4,0.08726646259971647,6,7,79,8.731735279937709,0.0017450533854837767,8.731735454313775,0.7619876654544914,1.6065333338705628e-6,0.0,1.6065333338705628e-6,2.3161085624465533e-10,4.5429947447946515e-8,0.0,0.0,3.3205281680611966e-12,7.741933518582306e-10,0.0220076795397178
5,0.05038331567317271,7,6,0,0.513348918500423,0.03346894374812161,0.5144388032809819,0.02591913262023491,0.0,27.678025049560645,27.678025049560645,0.0,0.0,0.7826944392954438,-0.001670076086686123,3.41056500528177e-12,3.35976145591372e-10,0.014731877087287107
5,0.05038331567317271,7,8,1,0.5133489070419213,0.033468759976627994,0.514438779890774,0.02591913144175868,27.67802119413482,0.0,27.67802119413482,0.7826943294149391,-0.0016704768236728285,0.0,0.0,3.41056500528177e-12,3.35976145591372e-10,0.014731877087287107
5,0.05038331567317271,7,6,2,2.1286627615593527,0.01493768759368811,2.1287151728120266,0.10725172853006074,0.0,1.4764698314778348,1.4764698314778348,0.0,0.0,0.037338985457537444,0.018683502920528033,3.41056500528177e-12,3.35976145591372e-10,0.014731877087287107
5,0.05038331567317271,7,8,3,2.1286587153405563,0.014937667054470971,2.128711126548724,0.10725152466589946,1.4764681130925106,0.0,1.4764681130925106,0.03733869378566812,0.018683977227902354,0.0,0.0,3.41056500528177e-12,3.35976145591372e-10,0.014731877087287107
5,0.05038331567317271,7,8,4,2.2311709965375837,0.05253579023216033,2.231789422200453,0.11244495097477314,1.3536223251396395,0.0,1.3536223251396395,0.034488171234443726,-0.01660766621090748,0.0,0.0,3.41056500528177e-12,3.35976145591372e-10,0.014731877087287107
5,0.05038331567317271,7,6,5,2.231171154438985,0.05253589896640291,2.231789582617681,0.11244495905712498,0.0,1.353602964475439,1.353602964475439,0.0,0.0,0.03448761435600314,-0.01660756074642722,3.41056500528177e-12,3.35976145591372e-10,0.014731877087287107
5,0.05038331567317271,7,6,6,6.758897825766317,0.012446615354233616,6.758909286074375,0.34053626016662364,0.0,1.1850802375134504,1.1850802375134504,0.0,0.0,0.03236491066121988,0.00869456108875738,3.41056500528177e-12,3.35976145591372e-10,0.014731877087287107
5,0.05038331567317271,7,8,7,6.75874905391861,0.01242393254264941,6.758760472745393,0.34052876245769315,1.1847906775112516,0.0,1.1847906775112516,0.032354628228400906,0.008701270692314633,0.0,0.0,3.41056500528177e-12,3.35976145591372e-10,0.014731877087287107
5,0.05038331567317271,7,6,8,6.728747091971386,-0.0012446495613216632,6.728747207085871,0.33901659461958666,0.0,1.0218892518103473,1.0218892518103473,0.0,0.0,0.028896142709194605,-0.00029149899335273455,3.41056500528177e-12,3.35976145591372e-10,0.014731877087287107
5,0.05038331567317271,7,8,9,6.728763763680659,-0.0012442573550530342,6.728763878722322,0.33901743459190875,1.0218656371179995,0.0,1.0218656371179995,0.02889547479053939,-0.0002915106521055866,0.0,0.0,3.41056500528177e-12,3.35976145591372e-10,0.014731877087287107
5,0.05038331567317271,7,8,10,12.952460144010095,0.005458069465631456,12.952461294004792,0.6525879461203945,0.8949603764232397,0.0,0.8949603764232397,0.024989339326528304,0.004004989578650475,0.0,0.0,3.41056500528177e-12,3.35976145591372e-10,0.014731877087287107
5,0.05038331567317271,7,6,11,12.952429501984238,0.0054269161407879615,12.952430638891315,0.6525864016141352,0.0,0.8948281328800418,0.8948281328800418,0.0,0.0,0.024985975246116454,0.004002347148109098,3.41056500528177e-12,3.35976145591372e-10,0.014731877087287107
5,0.05038331567317271,7,6,12,2.0975854698793768,-0.0009776381964391317,2.097585697707135,0.10568332235911082,0.0,0.8298638976112755,0.8298638976112755,0.0,0.0,0.02345934130191929,-0.0006150250156454207,3.41056500528177e-12,3.35976145591372e-10,0.014731877087287107
5,0.05038331567317271,7,8,13,2.097585597567976,-0.0009776366080011256,2.0975858253949804,0.10568332879244784,0.8298620374047311,0.0,0.8298620374047311,0.023459288650054644,-0.0006150261815680014,0.0,0.0,3.41056500528177e-12,3.35976145591372e-10,0.014731877087287107
5,0.05038331567317271,7,8,14,12.924737559680379,-0.0021899251512141754,12.924737745207246,0.6511911418097471,0.8014665633927343,0.0,0.8014665633927343,0.022663963433074752,-0.00013485327144036052,0.0,0.0,3.41056500528177e-12,3.35976145591372e-10,0.014731877087287107
5,0.05038331567317271,7,6,15,12.924431409726582,-0.002189510940962397,12.924431595187666,0.6511757169566673,0.0,0.8014528543723425,0.8014528543723425,0.0,0.0,0.022663575603941666,-0.000134859434247514,3.41056500528177e-12,3.35976145591372e-10,0.014731877087287107
5,0.05038331567317271,7,8,16,6.8552123743915345,0.05490815276716582,6.855432269612991,0.3453994081159662,0.4449184267934465,0.0,0.4449184267934465,0.009513162069226283,-0.00823397496650552,0.0,0.0,3.41056500528177e-12,3.35976145591372e-10,0.014731877087287107
5,0.05038331567317271,7,6,17,6.855217877494557,0.05490838649287694,6.855437774411509,0.34539968546596767,0.0,0.44452386811192146,0.44452386811192146,0.0,0.0,0.009503544311005252,-0.008228037695987789,3.41056500528177e-12,3.35976145591372e-10,0.014731877087287107
5,0.05038331567317271,7,8,18,13.061214225030238,0.06200204728125887,13.061361387160195,0.6580746938906811,0.1729143184344986,0.0,0.1729143184344986,0.0030678023112253785,-0.0038076912711710043,0.0,0.0,3.41056500528177e-12,3.35976145591372e-10,0.014731877087287107
5,0.05038331567317271,7,6,19,13.061227102000718,0.061995408975821814,13.061374232475393,0.6580753410802517,0.0,0.17289025209281222,0.17289025209281222,0.0,0.0,0.0030708995524668416,-0.003804319204861073,3.41056500528177e-12,3.35976145591372e-10,0.014731877087287107
5,0.05038331567317271,7,8,20,4.668348256593068,0.03333200469643322,4.668467250326666,0.235212859183077,0.0023216556196130247,0.0,0.0023216556196130247,6.563278746429184e-5,1.6372740995123725e-6,0.0,0.0,3.41056500528177e-12,3.35976145591372e-10,0.014731877087287107
5,0.05038331567317271,7,6,21,4.668348288864102,0.03333213825676993,4.668467283550476,0.23521286085700274,0.0,0.0023215638962370633,0.0023215638962370633,0.0,0.0,6.563033173097679e-5,1.6316974678115721e-6,3.41056500528177e-12,3.35976145591372e-10,0.014731877087287107
5,0.05038331567317271,7,6,22,4.75184514548872,0.029996578187525297,4.751939822999411,0.23941848416209977,0.0,0.0012528420530909276,0.0012528420530909276,0.0,0.0,3.528931164428669e-5,-3.138933311074227e-6,3.41056500528177e-12,3.35976145591372e-10,0.014731877087287107
5,0.05038331567317271,7,8,23,4.751845138969472,0.029996577746525047,4.751939816477509,0.23941848383350472,0.0012528374815877284,0.0,0.0012528374815877284,3.528918519308226e-5,-3.1388957398367106e-6,0.0,0.0,3.41056500528177e-12,3.35976145591372e-10,0.014731877087287107
5,0.05038331567317271,7,8,24,9.305382501233439,0.03437787003494926,9.305446003938211,0.4688392234960824,0.0010377061946246142,0.0,0.0010377061946246142,2.8776845936903748e-5,-5.745951018060452e-6,0.0,0.0,3.41056500528177e-12,3.35976145591372e-10,0.014731877087287107
5,0.05038331567317271,7,6,25,9.305384489198865,0.034380229344412025,9.305448000606559,0.46883932409485407,0.0,0.0010363942260229395,0.0010363942260229395,0.0,0.0,2.874643448923952e-5,-5.708700930972925e-6,3.41056500528177e-12,3.35976145591372e-10,0.014731877087287107
5,0.05038331567317271,7,6,26,9.380829543062287,0.030251096674479304,9.38087831947735,0.47263975366184924,0.0,0.0009808797049173546,0.0009808797049173546,0.0,0.0,2.7692507512316628e-5,-1.5865754844393803e-6,3.41056500528177e-12,3.35976145591372e-10,0.014731877087287107
5,0.05038331567317271,7,8,27,9.380828467382461,0.03025099910271265,9.380877243488472,0.4726396994499619,0.0009808120535317899,0.0,0.0009808120535317899,2.769061197800671e-5,-1.5862138590399958e-6,0.0,0.0,3.41056500528177e-12,3.35976145591372e-10,0.014731877087287107
5,0.05038331567317271,7,6,28,9.303355977436267,0.032480826693220756,9.303412677453462,0.4687367777659347,0.0,0.0008016344206552288,0.0008016344206552288,0.0,0.0,2.1706113655077834e-5,6.537066535647172e-6,3.41056500528177e-12,3.35976145591372e-10,0.014731877087287107
5,0.05038331567317271,7,8,29,9.303356164497789,0.03248264913476488,9.303412870876677,0.4687367875112376,0.0008012475583909609,0.0,0.0008012475583909609,2.168113594415243e-5,6.5818748133227175e-6,0.0,0.0,3.41056500528177e-12,3.35976145591372e-10,0.014731877087287107
5,0.05038331567317271,7,8,30,4.755437979901451,0.033762168425349695,4.7555578289729565,0.23960077129917234,0.0006113087724628099,0.0,0.0006113087724628099,1.7160890797587283e-5,-2.083988223634868e-6,0.0,0.0,3.41056500528177e-12,3.35976145591372e-10,0.014731877087287107
5,0.05038331567317271,7,6,31,4.755441314129858,0.0337619234992737,4.755561161378485,0.23960093919681202,0.0,0.0006108685009285405,0.0006108685009285405,0.0,0.0,1.714763981346099e-5,-2.0898155906835445e-6,3.41056500528177e-12,3.35976145591372e-10,0.014731877087287107
5,0.05038331567317271,7,6,32,9.384222197086508,0.03351182115280094,9.384282033616003,0.47281124406575825,0.0,0.0004953668485327058,0.0004953668485327058,0.0,0.0,1.3963096449889337e-5,-1.1243155001647558e-6,3.41056500528177e-12,3.35976145591372e-10,0.014731877087287107
5,0.05038331567317271,7,8,33,9.384167823494337,0.03351761319568238,9.384227681056165,0.4728085056035783,0.000493918574722045,0.0,0.000493918574722045,1.3922956803882983e-5,-1.1125080194051879e-6,0.0,0.0,3.41056500528177e-12,3.35976145591372e-10,0.014731877087287107
5,0.05038331567317271,7,6,34,11.006608771427075,0.015287299512200477,11.006619387840292,0.5545499791120204,0.0,8.666845535964062e-5,8.666845535964062e-5,0.0,0.0,2.4345174764463648e-6,-2.8259250381391064e-7,3.41056500528177e-12,3.35976145591372e-10,0.014731877087287107
5,0.05038331567317271,7,8,35,11.006637888900883,0.01529021428048365,11.006648509334767,0.5545514463494694,8.53481075309397e-5,0.0,8.53481075309397e-5,2.4032412940901914e-6,-2.225768441185453e-7,0.0,0.0,3.41056500528177e-12,3.35976145591372e-10,0.014731877087287107
5,0.05038331567317271,7,8,36,10.97797558578516,0.0004511513108039836,10.977975595055426,0.5531068098580636,7.895862654032803e-5,0.0,7.895862654032803e-5,2.2325305089286144e-6,-3.721235044155187e-8,0.0,0.0,3.41056500528177e-12,3.35976145591372e-10,0.014731877087287107
5,0.05038331567317271,7,6,37,10.977971622972394,0.00045033145557783066,10.977971632209,0.5531066101967211,0.0,7.869959876996463e-5,7.869959876996463e-5,0.0,0.0,2.2252065335942836e-6,-3.709306338319174e-8,3.41056500528177e-12,3.35976145591372e-10,0.014731877087287107
5,0.05038331567317271,7,6,38,11.00482538059308,0.014063781334049522,11.004834367099352,0.5544600438485465,0.0,3.2854370866448656e-5,3.2854370866448656e-5,0.0,0.0,-2.919494561935457e-7,8.820135702059121e-7,3.41056500528177e-12,3.35976145591372e-10,0.014731877087287107
5,0.05038331567317271,7,8,39,11.004712645255022,0.014068479367738935,11.004721637858339,0.5544543641756109,3.023358702383548e-5,0.0,3.023358702383548e-5,-2.5241233374040004e-7,8.16854584080625e-7,0.0,0.0,3.41056500528177e-12,3.35976145591372e-10,0.014731877087287107
5,0.05038331567317271,7,8,40,11.108280767107093,0.05153256563189464,11.108400299152077,0.5596780388961453,2.055973079001918e-5,0.0,2.055973079001918e-5,4.5928891447135733e-7,-3.5648350027504236e-7,0.0,0.0,3.41056500528177e-12,3.35976145591372e-10,0.014731877087287107
5,0.05038331567317271,7,6,41,11.108280778635896,0.05153256081998862,11.108400310658434,0.5596780394758737,0.0,2.0555198318754392e-5,2.0555198318754392e-5,0.0,0.0,4.592189389052642e-7,-3.563646124433731e-7,3.41056500528177e-12,3.35976145591372e-10,0.014731877087287107
5,0.05038331567317271,7,8,42,6.345944591174819,0.0008534632044697489,6.345944648565758,0.3197297324731696,1.2725198698540608e-5,0.0,1.2725198698540608e-5,3.596701768430328e-7,-1.1406313004619652e-8,0.0,0.0,3.41056500528177e-12,3.35976145591372e-10,0.014731877087287107
5,0.05038331567317271,7,6,43,6.345944497570861,0.0008534652469651023,6.345944554962076,0.3197297277571058,0.0,1.2691424315816128e-5,1.2691424315816128e-5,0.0,0.0,3.5871604647347916e-7,-1.1360830279226962e-8,3.41056500528177e-12,3.35976145591372e-10,0.014731877087287107
5,0.05038331567317271,7,6,44,6.3752542321127335,0.015479824357321485,6.37527302545024,0.3212073933439223,0.0,9.896870732090195e-6,9.896870732090195e-6,0.0,0.0,2.786589441231926e-7,2.6005725422819958e-8,3.41056500528177e-12,3.35976145591372e-10,0.014731877087287107
5,0.05038331567317271,7,8,45,6.375250859855124,0.015479667498125255,6.375269652821703,0.321207223419714,9.546411143962076e-6,0.0,9.546411143962076e-6,2.690535557000044e-7,2.2095276887679923e-8,0.0,0.0,3.41056500528177e-12,3.35976145591372e-10,0.014731877087287107
5,0.05038331567317271,7,8,46,9.38926543029664,0.03372858721119171,9.389326010857157,0.4730653763633476,6.530158208561045e-6,0.0,6.530158208561045e-6,-1.6256191162128082e-7,-8.760340364752469e-8,0.0,0.0,3.41056500528177e-12,3.35976145591372e-10,0.014731877087287107
5,0.05038331567317271,7,6,47,9.389265398692402,0.033730707014572876,9.389325986868178,0.47306537515470326,0.0,6.425264134483808e-6,6.425264134483808e-6,0.0,0.0,-1.5639204508527223e-7,-9.249614977243345e-8,3.41056500528177e-12,3.35976145591372e-10,0.014731877087287107
5,0.05038331567317271,7,8,48,9.302518474393718,0.03208989250244828,9.302573822745899,0.4686945134843996,3.469393409157309e-6,0.0,3.469393409157309e-6,9.109167993683756e-8,-3.6439074775912306e-8,0.0,0.0,3.41056500528177e-12,3.35976145591372e-10,0.014731877087287107
5,0.05038331567317271,7,6,49,9.30252149080075,0.03209008196831455,9.30257683978856,0.4686946654930124,0.0,3.45025078242235e-6,3.45025078242235e-6,0.0,0.0,9.052942163518706e-8,-3.638680309687841e-8,3.41056500528177e-12,3.35976145591372e-10,0.014731877087287107
5,0.05038331567317271,7,6,50,11.096869626030564,0.05426844912687294,11.09700232322632,0.5591037710770427,0.0,3.4229049448815657e-6,3.4229049448815657e-6,0.0,0.0,1.6715861626459242e-8,-9.534072752574509e-8,3.41056500528177e-12,3.35976145591372e-10,0.014731877087287107
5,0.05038331567317271,7,8,51,11.096866417780562,0.05426780146121393,11.096999111847376,0.5591036092771235,3.393794550061119e-6,0.0,3.393794550061119e-6,1.633054521588848e-8,-9.45722034384903e-8,0.0,0.0,3.41056500528177e-12,3.35976145591372e-10,0.014731877087287107
5,0.05038331567317271,7,6,52,6.471478363785108,0.05220014481673997,6.471688888385911,0.3260651442021115,0.0,8.877207996892873e-7,8.877207996892873e-7,0.0,0.0,-1.9727415548061735e-8,-1.5524675315736098e-8,3.41056500528177e-12,3.35976145591372e-10,0.014731877087287107
5,0.05038331567317271,7,8,53,6.4714783200383295,0.052200145910166536,6.471688844649375,0.3260651419985198,8.862388909036416e-7,0.0,8.862388909036416e-7,-1.939638508870017e-8,-1.587023873023024e-8,0.0,0.0,3.41056500528177e-12,3.35976145591372e-10,0.014731877087287107
5,0.05038331567317271,7,8,54,11.150452599808592,0.0522570305487447,11.150575051441066,0.5618029427541593,7.530009540276725e-7,0.0,7.530009540276725e-7,2.0063038151488763e-8,-7.1345246932101075e-9,0.0,0.0,3.41056500528177e-12,3.35976145591372e-10,0.014731877087287107
5,0.05038331567317271,7,6,55,11.150455889516127,0.052256966404453514,11.150578340811865,0.5618031084835666,0.0,7.52894074995141e-7,7.52894074995141e-7,0.0,0.0,2.0070387587750466e-8,-7.1047715132696195e-9,3.41056500528177e-12,3.35976145591372e-10,0.014731877087287107
5,0.05038331567317271,7,6,56,10.974496366786695,0.00028155300748022166,10.974496370398347,0.552931514983868,0.0,5.439120051072018e-7,5.439120051072018e-7,0.0,0.0,7.808804904421618e-10,1.5361243303454618e-8,3.41056500528177e-12,3.35976145591372e-10,0.014731877087287107
5,0.05038331567317271,7,8,57,10.974504131639106,0.0002803871007751313,10.974504135220904,0.5529319062013741,5.407404728630578e-7,0.0,5.407404728630578e-7,6.50905544587998e-10,1.52775319976361e-8,0.0,0.0,3.41056500528177e-12,3.35976145591372e-10,0.014731877087287107
5,0.05038331567317271,7,6,58,11.137904363846012,0.04411011849446633,11.137991709492947,0.5611689522645638,0.0,4.0109360241269715e-7,4.0109360241269715e-7,0.0,0.0,1.0300982192941263e-8,-4.7475427151841595e-9,3.41056500528177e-12,3.35976145591372e-10,0.014731877087287107
5,0.05038331567317271,7,8,59,11.137893017840806,0.0441033930527133,11.137980336943755,0.5611683792778278,3.796617920176723e-7,0.0,3.796617920176723e-7,9.760276698571019e-9,-4.472733676734089e-9,0.0,0.0,3.41056500528177e-12,3.35976145591372e-10,0.014731877087287107
5,0.05038331567317271,7,8,60,10.939902756532963,0.008930756128691632,10.93990640183007,0.5511887576783674,1.6927739797970414e-8,0.0,1.6927739797970414e-8,-4.0241706411960065e-10,2.5924415308537387e-10,0.0,0.0,3.41056500528177e-12,3.35976145591372e-10,0.014731877087287107
5,0.05038331567317271,7,6,61,10.939902812803926,0.008930960343601291,10.939906458267727,0.5511887605218837,0.0,1.6761750337173013e-8,1.6761750337173013e-8,0.0,0.0,-3.993873297902081e-10,2.55274152427183e-10,3.41056500528177e-12,3.35976145591372e-10,0.014731877087287107
5,0.05038331567317271,7,8,62,10.958836395533654,0.023434247111946513,10.958861451264486,0.5521437759176222,9.48365381726038e-9,0.0,9.48365381726038e-9,-2.5321321219982214e-10,-8.835181576370518e-11,0.0,0.0,3.41056500528177e-12,3.35976145591372e-10,0.014731877087287107
5,0.05038331567317271,7,6,63,10.958836016482206,0.023435076023314162,10.958861073986466,0.5521437569091046,0.0,9.0808171984235e-9,9.0808171984235e-9,0.0,0.0,-2.3310869746249964e-10,-1.0771695706884581e-10,3.41056500528177e-12,3.35976145591372e-10,0.014731877087287107
5,0.05038331567317271,7,8,64,9.003141844368425,0.03371921942455197,9.003204987979352,0.4536113189796468,2.5495896338479527e-9,0.0,2.5495896338479527e-9,7.184153122134543e-11,6.0861119490195726e-12,0.0,0.0,3.41056500528177e-12,3.35976145591372e-10,0.014731877087287107
5,0.05038331567317271,7,6,65,9.003141856200486,0.03371933650321327,9.00320500024982,0.45361131959787365,0.0,2.3980421881060903e-9,2.3980421881060903e-9,0.0,0.0,6.776946736523152e-11,2.4381901788904694e-12,3.41056500528177e-12,3.35976145591372e-10,0.014731877087287107
5,0.05038331567317271,7,6,66,10.981839588377348,0.0006179798600655026,10.981839605765105,0.5533014915294138,0.0,1.0634712872788254e-9,1.0634712872788254e-9,0.0,0.0,3.0073389005565055e-11,-8.008066098121781e-14,3.41056500528177e-12,3.35976145591372e-10,0.014731877087287107
5,0.05038331567317271,7,8,67,10.981968327006882,0.0006203420704140247,10.981968344527615,0.5533079778151248,1.021718861450392e-9,0.0,1.021718861450392e-9,2.88927877865745e-11,-2.18857108303565e-14,0.0,0.0,3.41056500528177e-12,3.35976145591372e-10,0.014731877087287107
5,0.05038331567317271,7,6,68,9.424198069493867,0.02914791038325619,9.424243144875435,0.47482461734899295,0.0,4.488362063581798e-12,4.488362063581798e-12,0.0,0.0,1.2660181547851252e-13,9.048365991222314e-15,3.41056500528177e-12,3.35976145591372e-10,0.014731877087287107
5,0.05038331567317271,7,8,69,9.424238381567294,0.029148255696126484,9.424283457824062,0.47482664844900935,4.411246508495423e-12,0.0,4.411246508495423e-12,1.243959475473645e-13,9.313341020476846e-15,0.0,0.0,3.41056500528177e-12,3.35976145591372e-10,0.014731877087287107
5,0.05038331567317271,7,8,70,13.004098041982553,0.07073134414858033,13.004290400038732,0.6551992683307608,1.0537327925290986e-18,0.0,1.0537327925290986e-18,-1.7596367361850476e-20,2.6489392569822082e-20,0.0,0.0,3.41056500528177e-12,3.35976145591372e-10,0.014731877087287107
5,0.05038331567317271,7,6,71,13.00408076073175,0.07074640711662572,13.004273200981036,0.6551984017852077,0.0,4.915056395149961e-19,4.915056395149961e-19,0.0,0.0,-8.719379733585527e-21,1.2362546568600136e-20,3.41056500528177e-12,3.35976145591372e-10,0.014731877087287107
5,0.05038331567317271,7,8,72,9.30536586620358,0.03488000970700461,9.305431237668884,0.4688384795224736,2.2957894420770507e-19,0.0,2.2957894420770507e-19,-5.511993008985843e-21,-3.451536752948152e-21,0.0,0.0,3.41056500528177e-12,3.35976145591372e-10,0.014731877087287107
5,0.05038331567317271,7,6,73,9.305368815559964,0.03488323959117618,9.30543419911184,0.46883862872978893,0.0,2.1752207715571695e-19,2.1752207715571695e-19,0.0,0.0,-1.821006524590827e-21,-5.852494755418765e-21,3.41056500528177e-12,3.35976145591372e-10,0.014731877087287107
5,0.05038331567317271,7,8,74,6.798840467226438,0.06852942874111559,6.799185832244873,0.34256552610655694,1.8177581983671878e-19,0.0,1.8177581983671878e-19,-5.87902978886586e-21,4.379122857125829e-22,0.0,0.0,3.41056500528177e-12,3.35976145591372e-10,0.014731877087287107
5,0.05038331567317271,7,6,75,6.798879099027731,0.06851291348195568,6.79922429564652,0.342567464020264,0.0,1.572148393020438e-19,1.572148393020438e-19,0.0,0.0,-4.247779278339941e-21,-3.6319614657227076e-22,3.41056500528177e-12,3.35976145591372e-10,0.014731877087287107
5,0.05038331567317271,7,8,76,4.759033275937598,0.037186966421749096,4.759178562730442,0.23978319587104427,2.3919992725010832e-20,0.0,2.3919992725010832e-20,1.3835599189750603e-22,-6.708976460917555e-22,0.0,0.0,3.41056500528177e-12,3.35976145591372e-10,0.014731877087287107
5,0.05038331567317271,7,6,77,4.759034138025694,0.03718639941604415,4.759179420361822,0.23978323908135682,0.0,1.869781678951791e-20,1.869781678951791e-20,0.0,0.0,9.153266128403469e-23,-5.344813658603971e-22,3.41056500528177e-12,3.35976145591372e-10,0.014731877087287107
5,0.05038331567317271,7,8,78,9.38758362990188,0.0369021289914147,9.387656159847667,0.4729812437328093,1.43949819010492e-20,0.0,1.43949819010492e-20,1.4382460364319575e-23,-2.968795379661121e-22,0.0,0.0,3.41056500528177e-12,3.35976145591372e-10,0.014731877087287107
5,0.05038331567317271,7,6,79,9.387603048970679,0.03689483182098808,9.387675550084731,0.47298222067724427,0.0,3.46666424817419e-21,3.46666424817419e-21,0.0,0.0,1.219060039949379e-22,4.5635437438725774e-23,3.41056500528177e-12,3.35976145591372e-10,0.014731877087287107
6,0.029088820866572156,8,9,0,1.2784170026258657,0.022871753562293415,1.2786215819052629,0.03719359415217531,10.495241092318386,0.0,10.495241092318386,0.28654767670891257,0.07729979403740828,0.0,0.0,1.1894339363126685e-11,2.224356910940616e-7,0.019935098483017097
6,0.029088820866572156,8,7,1,1.2784170598221558,0.02287200337560663,1.2786216435610416,0.03719359594566921,0.0,10.4952408593217,10.4952408593217,0.0,0.0,0.28654763562318664,0.07729992106137962,1.1894339363126685e-11,2.224356910940616e-7,0.019935098483017097
6,0.029088820866572156,8,7,2,0.2739210175331109,0.0698398142570866,0.28268414087429666,0.008222948335713264,0.0,8.550434374591765,8.550434374591765,0.0,0.0,0.24050373606480546,0.024950070317607764,1.1894339363126685e-11,2.224356910940616e-7,0.019935098483017097
6,0.029088820866572156,8,9,3,0.2739209786875121,0.06983989564237733,0.2826841233399262,0.008222947825659103,8.550433081160989,0.0,8.550433081160989,0.24050371548630256,0.024949914234861925,0.0,0.0,1.1894339363126685e-11,2.224356910940616e-7,0.019935098483017097
6,0.029088820866572156,8,9,4,0.16715748998319535,-0.03678347379524306,0.17115680063008712,0.0049787495136242085,5.986287649855969,0.0,5.986287649855969,0.16483495802793424,-0.03855494698844186,0.0,0.0,1.1894339363126685e-11,2.224356910940616e-7,0.019935098483017097
6,0.029088820866572156,8,7,5,0.1671576136724473,-0.036783345272005497,0.17115689380818616,0.00497875222406524,0.0,5.986286148107968,5.986286148107968,0.0,0.0,0.16483490493895747,-0.03855498749501285,1.1894339363126685e-11,2.224356910940616e-7,0.019935098483017097
6,0.029088820866572156,8,9,6,1.2676249798565138,0.011975621742389246,1.267681547184601,0.0368753614419119,4.515108684018279,0.0,4.515108684018279,0.11006132316542916,-0.06472208526646339,0.0,0.0,1.1894339363126685e-11,2.224356910940616e-7,0.019935098483017097
6,0.029088820866572156,8,7,7,1.2676248286712346,0.011975807577875537,1.2676813977616455,0.03687535709537431,0.0,4.515107758302966,4.515107758302966,0.0,0.0,0.11006129768947936,-0.06472207695143695,1.1894339363126685e-11,2.224356910940616e-7,0.019935098483017097
6,0.029088820866572156,8,9,8,3.8768799159244445,0.012223798749316908,3.8768991866895623,0.11277442595937195,1.262382019382231,0.0,1.262382019382231,0.035266115606346626,0.005538768149894957,0.0,0.0,1.1894339363126685e-11,2.224356910940616e-7,0.019935098483017097
6,0.029088820866572156,8,7,9,3.8768829136798875,0.012224479322727848,3.8769021865759994,0.11277451322253115,0.0,1.2623769403326175,1.2623769403326175,0.0,0.0,0.035266016374851605,0.005538474241219837,1.1894339363126685e-11,2.224356910940616e-7,0.019935098483017097
6,0.029088820866572156,8,7,10,11.700977044678115,0.01198978851704846,11.700983187540817,0.3403678039051473,0.0,1.214823847805163,1.214823847805163,0.0,0.0,0.03430183458997926,0.0018840359136905738,1.1894339363126685e-11,2.224356910940616e-7,0.019935098483017097
6,0.029088820866572156,8,9,11,11.700867193041454,0.01193665336696944,11.700873281635324,0.34036460687195025,1.2147624228139713,0.0,1.2147624228139713,0.034299991668711505,0.0018859160628810212,0.0,0.0,1.1894339363126685e-11,2.224356910940616e-7,0.019935098483017097
6,0.029088820866572156,8,7,12,11.676266776951767,-0.009530766354487769,11.676270666700686,0.3396489458132673,0.0,1.0959538796269,1.0959538796269,0.0,0.0,0.03097031345360185,-0.001160753426735217,1.1894339363126685e-11,2.224356910940616e-7,0.019935098483017097
6,0.029088820866572156,8,9,13,11.676293678240292,-0.009515029918310804,11.676297555146004,0.3396497279664365,1.0959099688493248,0.0,1.0959099688493248,0.030969075689136705,-0.0011606253113905507,0.0,0.0,1.1894339363126685e-11,2.224356910940616e-7,0.019935098483017097
6,0.029088820866572156,8,7,14,3.853140994406159,-0.008737312129010084,3.8531509006781093,0.11208361632169668,0.0,0.9148928613392107,0.9148928613392107,0.0,0.0,0.025664872769736946,-0.003266447807527939,1.1894339363126685e-11,2.224356910940616e-7,0.019935098483017097
6,0.029088820866572156,8,9,15,3.8531424680340054,-0.008736726560851157,3.8531523729743915,0.1120836591490595,0.914892114352297,0.0,0.914892114352297,0.025664849715009874,-0.0032664616486882125,0.0,0.0,1.1894339363126685e-11,2.224356910940616e-7,0.019935098483017097
6,0.029088820866572156,8,9,16,4.300772354425907,0.06250719218672199,4.301226568511502,0.12511760915797193,0.3094968873224478,0.0,0.3094968873224478,0.008740067749662725,0.0004595973722497232,0.0,0.0,1.1894339363126685e-11,2.224356910940616e-7,0.019935098483017097
6,0.029088820866572156,8,7,17,4.300773004954815,0.06250703765531977,4.301227216726002,0.1251176280137674,0.0,0.3094930113528775,0.3094930113528775,0.0,0.0,0.00873995633011293,0.00045962895962320394,1.1894339363126685e-11,2.224356910940616e-7,0.019935098483017097
6,0.029088820866572156,8,7,18,4.23586935137036,0.014478059652470635,4.2358940940597245,0.12321716451187427,0.0,0.1842496609838959,0.1842496609838959,0.0,0.0,0.004210731896615711,-0.0030687499624908743,1.1894339363126685e-11,2.224356910940616e-7,0.019935098483017097
6,0.029088820866572156,8,9,19,4.235869857429085,0.014477779598760863,4.235894599158295,0.1232171792045961,0.18424680704577806,0.0,0.18424680704577806,0.00421068453853294,-0.003068677917085025,0.0,0.0,1.1894339363126685e-11,2.224356910940616e-7,0.019935098483017097
6,0.029088820866572156,8,9,20,12.133280599812267,0.062377639727357034,12.133440941617454,0.3529474900458427,0.10164796547592277,0.0,0.10164796547592277,0.0028741393587552733,4.318034941251658e-5,0.0,0.0,1.1894339363126685e-11,2.224356910940616e-7,0.019935098483017097
6,0.029088820866572156,8,7,21,12.133297957496033,0.06236650717040404,12.133458241844904,0.35294799328905996,0.0,0.10155442047893398,0.10155442047893398,0.0,0.0,0.0028714873545657507,4.3602709973306064e-5,1.1894339363126685e-11,2.224356910940616e-7,0.019935098483017097
6,0.029088820866572156,8,7,22,12.068001386203523,0.012935412536678147,12.06800831878681,0.3510441322014921,0.0,0.06518710682120783,0.06518710682120783,0.0,0.0,0.0015260033787842433,-0.001034137974509887,1.1894339363126685e-11,2.224356910940616e-7,0.019935098483017097
6,0.029088820866572156,8,9,23,12.068007456274078,0.012938180882823253,12.068014391821519,0.35104430885891086,0.06515398394304789,0.0,0.06515398394304789,0.001525016221146442,-0.0010339249245393534,0.0,0.0,1.1894339363126685e-11,2.224356910940616e-7,0.019935098483017097
6,0.029088820866572156,8,7,24,4.138192667679275,-0.016384522812836286,4.13822510352232,0.12037608874191277,0.0,0.039049405259220585,0.039049405259220585,0.0,0.0,0.000592007108126149,0.0009321612487240413,1.1894339363126685e-11,2.224356910940616e-7,0.019935098483017097
6,0.029088820866572156,8,9,25,4.138187023564015,-0.016385159572050743,4.13821946197248,0.12037592463588008,0.03904880048983268,0.0,0.03904880048983268,0.0005920626687478704,0.000932105700029503,0.0,0.0,1.1894339363126685e-11,2.224356910940616e-7,0.019935098483017097
6,0.029088820866572156,8,7,26,4.976168363131138,0.01702618673344438,4.9761974909826385,0.14475171741187978,0.0,0.028906375524076603,0.028906375524076603,0.0,0.0,0.0008174140238820741,-5.465622988051408e-6,1.1894339363126685e-11,2.224356910940616e-7,0.019935098483017097
6,0.029088820866572156,8,9,27,4.9761679376954,0.017026036456508305,4.976197065035217,0.14475170502157153,0.02890630284812733,0.0,0.02890630284812733,0.0008174119901642723,-5.4620645299745946e-6,0.0,0.0,1.1894339363126685e-11,2.224356910940616e-7,0.019935098483017097
6,0.029088820866572156,8,9,28,4.975922718959717,0.016772970837302163,4.975950988264472,0.14474454693846792,0.02448752651537498,0.0,0.02448752651537498,0.0006830417265259615,-0.0001139007113737326,0.0,0.0,1.1894339363126685e-11,2.224356910940616e-7,0.019935098483017097
6,0.029088820866572156,8,7,29,4.975922124867798,0.01677290722252356,4.975950393961495,0.14474452965089507,0.0,0.024487104554499553,0.024487104554499553,0.0,0.0,0.0006830283463678567,-0.00011390841755032181,1.1894339363126685e-11,2.224356910940616e-7,0.019935098483017097
6,0.029088820866572156,8,7,30,4.171537898326035,0.03658502893322746,4.17169832340648,0.1213497852389505,0.0,0.01976273200456091,0.01976273200456091,0.0,0.0,0.00038016423600525234,0.00040963723569839095,1.1894339363126685e-11,2.224356910940616e-7,0.019935098483017097
6,0.029088820866572156,8,9,31,4.171533809904886,0.03658634288196834,4.171694246665862,0.12134966665137295,0.019760054125266237,0.0,0.019760054125266237,0.0003800817290895656,0.0004096104912306277,0.0,0.0,1.1894339363126685e-11,2.224356910940616e-7,0.019935098483017097
6,0.029088820866572156,8,9,32,11.959720312470818,-0.015086367280810167,11.959729827676076,0.34789443856986924,0.012233931985029029,0.0,0.012233931985029029,0.0001537036967189766,0.00030993961515966774,0.0,0.0,1.1894339363126685e-11,2.224356910940616e-7,0.019935098483017097
6,0.029088820866572156,8,7,33,11.959918387729521,-0.015026661414322469,11.959927827612672,0.3479001981545565,0.0,0.012199272294891674,0.012199272294891674,0.0,0.0,0.00015146756086829253,0.00030994799979190105,1.1894339363126685e-11,2.224356910940616e-7,0.019935098483017097
6,0.029088820866572156,8,7,34,12.802277976709357,0.01861705619934636,12.802291513151815,0.3724035645077101,0.0,0.008270633287408648,0.008270633287408648,0.0,0.0,0.0002337006814277301,-9.209151689943632e-6,1.1894339363126685e-11,2.224356910940616e-7,0.019935098483017097
6,0.029088820866572156,8,9,35,12.802272397701817,0.01861164869471381,12.802285926287732,0.3724034019924216,0.008266848743481095,0.0,0.008266848743481095,0.00023359115498537784,-9.270362323723566e-6,0.0,0.0,1.1894339363126685e-11,2.224356910940616e-7,0.019935098483017097
6,0.029088820866572156,8,9,36,12.79862585946771,0.015213557911793005,12.798634901542426,0.372297197987626,0.0074840548041867445,0.0,0.0074840548041867445,0.00020973969090020642,-2.8287887596313826e-5,0.0,0.0,1.1894339363126685e-11,2.224356910940616e-7,0.019935098483017097
6,0.029088820866572156,8,7,37,12.798613522184853,0.015216573454334269,12.798622567853178,0.37229683921514883,0.0,0.007480010842877618,0.007480010842877618,0.0,0.0,0.00020962334906798408,-2.8294917909290132e-5,1.1894339363126685e-11,2.224356910940616e-7,0.019935098483017097
6,0.029088820866572156,8,7,38,11.99379374231926,0.03751596466553732,11.993852416171437,0.34888702443411457,0.0,0.005570039316085348,0.005570039316085348,0.0,0.0,0.00011418214947728125,0.000108502449127919,1.1894339363126685e-11,2.224356910940616e-7,0.019935098483017097
6,0.029088820866572156,8,9,39,11.993625384980241,0.03754894219713331,11.993684162854322,0.3488821301435128,0.005504024024590215,0.0,0.005504024024590215,0.00011258350856676062,0.0001074741190429118,0.0,0.0,1.1894339363126685e-11,2.224356910940616e-7,0.019935098483017097
6,0.029088820866572156,8,9,40,8.006356531639195,0.06628011877460377,8.00663087483533,0.23290345126285084,0.0010791995913343535,0.0,0.0010791995913343535,3.0474099230150254e-5,1.6413655401797565e-6,0.0,0.0,1.1894339363126685e-11,2.224356910940616e-7,0.019935098483017097
6,0.029088820866572156,8,7,41,8.006356593161662,0.06628014952102015,8.006630936610213,0.23290345305980933,0.0,0.0010791748406662597,0.0010791748406662597,0.0,0.0,3.0473462300563815e-5,1.6401768744290753e-6,1.1894339363126685e-11,2.224356910940616e-7,0.019935098483017097
6,0.029088820866572156,8,9,42,11.623703714267789,0.012491750116844107,11.623710426576523,0.33812003040359145,0.0009904645503425328,0.0,0.0009904645503425328,2.7594702088560663e-5,4.799436002218317e-6,0.0,0.0,1.1894339363126685e-11,2.224356910940616e-7,0.019935098483017097
6,0.029088820866572156,8,9,43,11.602030988126776,-0.007024805957035599,11.602033114818829,0.3374894629650031,0.0009854383613829727,0.0,0.0009854383613829727,2.7794495368484227e-5,-2.006581849945809e-6,0.0,0.0,1.1894339363126685e-11,2.224356910940616e-7,0.019935098483017097
6,0.029088820866572156,8,7,44,11.602029884932602,-0.007026051126908635,11.602032012378851,0.33748943089632405,0.0,0.0009772781827726896,0.0009772781827726896,0.0,0.0,2.757216005476378e-5,-1.8784465146402286e-6,1.1894339363126685e-11,2.224356910940616e-7,0.019935098483017097
6,0.029088820866572156,8,7,45,11.623707938409577,0.012492826503469147,11.62371465187269,0.3381201533124748,0.0,0.0009712570350979579,0.0009712570350979579,0.0,0.0,2.7088573476541735e-5,4.536471503345562e-6,1.1894339363126685e-11,2.224356910940616e-7,0.019935098483017097
6,0.029088820866572156,8,9,46,8.071080548176333,0.030743191301247863,8.071139099220243,0.2347799194464042,0.0009619812060999594,0.0,0.0009619812060999594,2.662090170510808e-5,-5.599804304437842e-6,0.0,0.0,1.1894339363126685e-11,2.224356910940616e-7,0.019935098483017097
6,0.029088820866572156,8,7,47,8.071080624078338,0.030743386041835963,8.071139175863472,0.23477992167586534,0.0,0.0009619605999199694,0.0009619605999199694,0.0,0.0,2.6619812248426854e-5,-5.602152115994719e-6,1.1894339363126685e-11,2.224356910940616e-7,0.019935098483017097
6,0.029088820866572156,8,7,48,8.103015255023667,0.04803323462448472,8.103157620013,0.23571130046215732,0.0,0.0008898534508645199,0.0008898534508645199,0.0,0.0,2.4902279784610993e-5,-3.6186278108673036e-6,1.1894339363126685e-11,2.224356910940616e-7,0.019935098483017097
6,0.029088820866572156,8,9,49,8.103015273852579,0.04803322976576398,8.10315763881278,0.23571130100902074,0.0008898516150556333,0.0,0.0008898516150556333,2.4902137828551672e-5,-3.6192436583065376e-6,0.0,0.0,1.1894339363126685e-11,2.224356910940616e-7,0.019935098483017097
6,0.029088820866572156,8,9,50,7.906673046281657,-0.03321227279014625,7.906742800664554,0.22999782496659024,0.0008500879023975985,0.0,0.0008500879023975985,2.368340440769045e-5,-4.121252130242516e-6,0.0,0.0,1.1894339363126685e-11,2.224356910940616e-7,0.019935098483017097
6,0.029088820866572156,8,7,51,7.906664726894301,-0.03321257905500774,7.906734482637066,0.22999758300497866,0.0,0.0008500613138375947,0.0008500613138375947,0.0,0.0,2.3683311117406126e-5,-4.117400738432389e-6,1.1894339363126685e-11,2.224356910940616e-7,0.019935098483017097
6,0.029088820866572156,8,9,52,5.369135727506503,0.01575060136509953,5.369158830005883,0.15618249941021528,0.0005625255127466494,0.0,0.0005625255127466494,1.2527621276313405e-5,9.80333785714096e-6,0.0,0.0,1.1894339363126685e-11,2.224356910940616e-7,0.019935098483017097
6,0.029088820866572156,8,7,53,5.369133912350516,0.015750605244640774,5.369157014869088,0.15618244661002617,0.0,0.0005624195670157369,0.0005624195670157369,0.0,0.0,1.2525057824343884e-5,9.801752190470713e-6,1.1894339363126685e-11,2.224356910940616e-7,0.019935098483017097
6,0.029088820866572156,8,9,54,8.904752761710201,0.024051881833959926,8.904785243912691,0.25902970281547133,0.00032051190895415814,0.0,0.00032051190895415814,8.57835363251498e-6,2.9259684494380243e-6,0.0,0.0,1.1894339363126685e-11,2.224356910940616e-7,0.019935098483017097
6,0.029088820866572156,8,7,55,8.90475278544635,0.02405201155543986,8.904785267999133,0.2590297035161175,0.0,0.00032047915481678497,0.00032047915481678497,0.0,0.0,8.577998750287588e-6,2.9241392719563277e-6,1.1894339363126685e-11,2.224356910940616e-7,0.019935098483017097
6,0.029088820866572156,8,9,56,9.026506364189018,0.01730820946869869,9.026522958307915,0.2625709093822199,0.0002156898961626528,0.0,0.0002156898961626528,6.070371781815757e-6,5.944815512845536e-7,0.0,0.0,1.1894339363126685e-11,2.224356910940616e-7,0.019935098483017097
6,0.029088820866572156,8,7,57,9.02650705341094,0.017307739099701937,9.026523646626657,0.2625709294046005,0.0,0.0002156590375727736,0.0002156590375727736,0.0,0.0,6.069392217161783e-6,5.955297230925426e-7,1.1894339363126685e-11,2.224356910940616e-7,0.019935098483017097
6,0.029088820866572156,8,9,58,9.028745018636135,0.02001118454575055,9.028767194864077,0.2626361915773843,0.00015634895829501282,0.0,0.00015634895829501282,4.366339160448212e-6,-6.95168729445542e-7,0.0,0.0,1.1894339363126685e-11,2.224356910940616e-7,0.019935098483017097
6,0.029088820866572156,8,7,59,9.02874787219747,0.020011223128568068,9.028770048503919,0.2626362745864025,0.0,0.00015621396679972672,0.00015621396679972672,0.0,0.0,4.362163701891584e-6,-6.971111251676313e-7,1.1894339363126685e-11,2.224356910940616e-7,0.019935098483017097
6,0.029088820866572156,8,7,60,7.919838579717466,0.0082382343114525,7.919842864431449,0.23037889037484613,0.0,0.0001486975697030711,0.0001486975697030711,0.0,0.0,5.412325533660637e-7,4.169984094760285e-6,1.1894339363126685e-11,2.224356910940616e-7,0.019935098483017097
6,0.029088820866572156,8,9,61,7.9198359748853795,0.008238610906003523,7.919840259992515,0.2303788146147885,0.00014856971260375268,0.0,0.00014856971260375268,5.407195434401285e-7,4.166404729963384e-6,0.0,0.0,1.1894339363126685e-11,2.224356910940616e-7,0.019935098483017097
6,0.029088820866572156,8,7,62,8.89163706017509,0.010788233263427816,8.891643604860468,0.258647428031188,0.0,0.0001141198963016753,0.0001141198963016753,0.0,0.0,2.5662635139514014e-6,-1.956733438829987e-6,1.1894339363126685e-11,2.224356910940616e-7,0.019935098483017097
6,0.029088820866572156,8,9,63,8.89163937548902,0.010787946820778105,8.891645919825159,0.25864749537078124,0.00011408280386286158,0.0,0.00011408280386286158,2.5657161271359543e-6,-1.955721340544707e-6,0.0,0.0,1.1894339363126685e-11,2.224356910940616e-7,0.019935098483017097
6,0.029088820866572156,8,7,64,5.374015845311044,0.020614055116968406,5.374055381638948,0.15632493432353342,0.0,9.971636108128119e-5,9.971636108128119e-5,0.0,0.0,-2.79814988439861e-6,-3.490821296640819e-7,1.1894339363126685e-11,2.224356910940616e-7,0.019935098483017097
6,0.029088820866572156,8,9,65,5.374015582163121,0.02061405502772168,5.374055118492619,0.15632492666891698,9.971524367599335e-5,0.0,9.971524367599335e-5,-2.7980932446213097e-6,-3.492808072776207e-7,0.0,0.0,1.1894339363126685e-11,2.224356910940616e-7,0.019935098483017097
6,0.029088820866572156,8,9,66,12.041050985667313,0.061423245322857895,12.041207649339238,0.3502645323288275,6.544444649753535e-5,0.0,6.544444649753535e-5,1.832376114239812e-6,-2.5963055652768576e-7,0.0,0.0,1.1894339363126685e-11,2.224356910940616e-7,0.019935098483017097
6,0.029088820866572156,8,7,67,12.041051565196218,0.06142277712252338,12.041208226472282,0.3502645491169472,0.0,6.46521558605905e-5,6.46521558605905e-5,0.0,0.0,1.811192098285697e-6,-2.4933304074007713e-7,1.1894339363126685e-11,2.224356910940616e-7,0.019935098483017097
6,0.029088820866572156,8,9,68,7.876922787134779,-0.020131817283290256,7.87694851351399,0.2291311442848203,5.379085012756033e-5,0.0,5.379085012756033e-5,9.708957190543538e-7,1.1709826097416699e-6,0.0,0.0,1.1894339363126685e-11,2.224356910940616e-7,0.019935098483017097
6,0.029088820866572156,8,7,69,7.876924964933798,-0.020131890956150762,7.876950691494189,0.22913120763969613,0.0,5.377951963379097e-5,5.377951963379097e-5,0.0,0.0,9.704160146172345e-7,1.170964071878978e-6,1.1894339363126685e-11,2.224356910940616e-7,0.019935098483017097
6,0.029088820866572156,8,9,70,11.978309450961463,0.01480721005268646,11.978318603062045,0.34843516412720066,5.1974092371463716e-5,0.0,5.1974092371463716e-5,1.177895844007204e-6,-8.79057562475951e-7,0.0,0.0,1.1894339363126685e-11,2.224356910940616e-7,0.019935098483017097
6,0.029088820866572156,8,7,71,11.978308214614717,0.014807848488896984,11.978317367505475,0.34843512818631694,0.0,5.18860499282095e-5,5.18860499282095e-5,0.0,0.0,1.1767346802585396e-6,-8.764496259569123e-7,1.1894339363126685e-11,2.224356910940616e-7,0.019935098483017097
6,0.029088820866572156,8,9,72,11.88566888159647,-0.01550361241895367,11.885678993012924,0.34574038710533267,1.1848598827597593e-5,0.0,1.1848598827597593e-5,1.4682418167558624e-7,3.011796507302913e-7,0.0,0.0,1.1894339363126685e-11,2.224356910940616e-7,0.019935098483017097
6,0.029088820866572156,8,7,73,11.88567601930476,-0.015502305379927975,11.88568612901032,0.34574059468308266,0.0,1.093625726507946e-5,1.093625726507946e-5,0.0,0.0,1.2640727912687114e-7,2.8224867565348347e-7,1.1894339363126685e-11,2.224356910940616e-7,0.019935098483017097
6,0.029088820866572156,8,7,74,12.723555298140669,0.02200807293042578,12.723574331928807,0.3701137745239926,0.0,4.843276662142769e-6,4.843276662142769e-6,0.0,0.0,1.35300634271949e-7,2.1262566725269483e-8,1.1894339363126685e-11,2.224356910940616e-7,0.019935098483017097
6,0.029088820866572156,8,9,75,12.72355459315829,0.022008093635482784,12.723573626983297,0.37011375401795893,4.81208882945796e-6,0.0,4.81208882945796e-6,1.3446147440190586e-7,2.0920389902738532e-8,0.0,0.0,1.1894339363126685e-11,2.224356910940616e-7,0.019935098483017097
6,0.029088820866572156,8,7,76,11.917751084065454,0.03564373344774806,11.917804385769948,0.34667487690051,0.0,3.5233799844364433e-6,3.5233799844364433e-6,0.0,0.0,8.47054245637434e-8,5.246317492929441e-8,1.1894339363126685e-11,2.224356910940616e-7,0.019935098483017097
6,0.029088820866572156,8,9,77,11.917745820365814,0.03564521637670219,11.917799126529083,0.3466747239153946,3.2823429168472347e-6,0.0,3.2823429168472347e-6,7.87951191055767e-8,4.906019275669545e-8,0.0,0.0,1.1894339363126685e-11,2.224356910940616e-7,0.019935098483017097
6,0.029088820866572156,8,7,78,12.71368699078448,0.012143808833009424,12.7136927905206,0.3698263321360836,0.0,2.7342457248531573e-6,2.7342457248531573e-6,0.0,0.0,7.366521095709592e-8,-2.349307875170294e-8,1.1894339363126685e-11,2.224356910940616e-7,0.019935098483017097
6,0.029088820866572156,8,9,79,12.713687021478448,0.012143933948569843,12.713692821334062,0.36982633303241086,2.721687782151036e-6,0.0,2.721687782151036e-6,7.334318310347677e-8,-2.3333992592477854e-8,0.0,0.0,1.1894339363126685e-11,2.224356910940616e-7,0.019935098483017097
7,0.01679443855772424,9,8,0,1.275177652988008,0.09144716015866501,1.2784524354785707,0.021470890876617767,0.0,20.220000611294367,20.220000611294367,0.0,0.0,0.5714697900935821,-0.01924110235311094,1.7189517490257276e-11,9.161999037493478e-6,0.02258094300752374
7,0.01679443855772424,9,10,1,1.2751776704073405,0.09144668478608961,1.2784524188501731,0.021470890597353166,20.219993272632802,0.0,20.219993272632802,0.5714695723185326,-0.019241403250975786,0.0,0.0,1.7189517490257276e-11,9.161999037493478e-6,0.02258094300752374
7,0.01679443855772424,9,10,2,2.497454875556216,0.13874123773047087,2.5013056563495986,0.042008024159651436,6.365063923565474,0.0,6.365063923565474,0.17347269743986748,-0.04801554950881615,0.0,0.0,1.7189517490257276e-11,9.161999037493478e-6,0.02258094300752374
7,0.01679443855772424,9,8,3,2.497454949554613,0.13874144802625193,2.50130574189867,0.04200802559640006,0.0,6.3650585737599625,6.3650585737599625,0.0,0.0,0.1734725847908567,-0.0480153893710793,1.7189517490257276e-11,9.161999037493478e-6,0.02258094300752374
7,0.01679443855772424,9,10,4,2.1741897714672245,0.06662374221961409,2.175210308310451,0.03653143587304827,2.8516301525145487,0.0,2.8516301525145487,0.0455045830900116,0.066574522272829,0.0,0.0,1.7189517490257276e-11,9.161999037493478e-6,0.02258094300752374
7,0.01679443855772424,9,8,5,2.1741900791689446,0.06662351406313778,2.175210608879697,0.03653144092094001,0.0,2.851626201579681,2.851626201579681,0.0,0.0,0.0455045848676956,0.06657438572503843,1.7189517490257276e-11,9.161999037493478e-6,0.02258094300752374
7,0.01679443855772424,9,8,6,6.770569754309161,0.03406978291763367,6.7706554740345535,0.1137093573541926,0.0,1.3361323822102804,1.3361323822102804,0.0,0.0,0.03492915286424114,0.014407738788902724,1.7189517490257276e-11,9.161999037493478e-6,0.02258094300752374
7,0.01679443855772424,9,10,7,6.770559429318647,0.03406968462273874,6.770645148680141,0.11370918394566233,1.3361316645941215,0.0,1.3361316645941215,0.03492889263941923,0.014408316428831003,0.0,0.0,1.7189517490257276e-11,9.161999037493478e-6,0.02258094300752374
7,0.01679443855772424,9,10,8,7.0340789066855836,0.16445719255664845,7.0360011536143645,0.11816568906645332,0.8934084908979383,0.0,0.8934084908979383,0.021807275281284996,-0.012756581704683467,0.0,0.0,1.7189517490257276e-11,9.161999037493478e-6,0.02258094300752374
7,0.01679443855772424,9,8,9,7.0340797288238885,0.16445749910642438,7.03600198269326,0.11816570299036788,0.0,0.8933885447388696,0.8933885447388696,0.0,0.0,0.0218067831252544,-0.012756305943871782,1.7189517490257276e-11,9.161999037493478e-6,0.02258094300752374
7,0.01679443855772424,9,8,10,6.686296513664983,-0.0024859658352391484,6.686296975806163,0.112292603738874,0.0,0.6881064404191495,0.6881064404191495,0.0,0.0,0.019452088198050943,-0.0005071136350363881,1.7189517490257276e-11,9.161999037493478e-6,0.02258094300752374
7,0.01679443855772424,9,10,11,6.686297613317887,-0.002485993550176549,6.6862980754692956,0.11229262220709892,0.6881052091147785,0.0,0.6881052091147785,0.019452053414930087,-0.0005071117786857593,0.0,0.0,1.7189517490257276e-11,9.161999037493478e-6,0.02258094300752374
7,0.01679443855772424,9,10,12,2.0778956046197106,-0.0014529067076385488,2.0778961125705524,0.03489709859190019,0.3933220395478172,0.0,0.3933220395478172,0.011104035187350425,-0.0006424108198211098,0.0,0.0,1.7189517490257276e-11,9.161999037493478e-6,0.02258094300752374
7,0.01679443855772424,9,8,13,2.07789563827915,-0.0014528666192854256,2.077896146201953,0.034897099156720686,0.0,0.3933219915388553,0.3933219915388553,0.0,0.0,0.011104033715621658,-0.0006424127515937683,1.7189517490257276e-11,9.161999037493478e-6,0.02258094300752374
7,0.01679443855772424,9,8,14,5.329240676711419,0.08657134553752938,5.329943788463792,0.08951341347147912,0.0,0.003631776115332522,0.003631776115332522,0.0,0.0,0.00010261319580961797,4.260348340325189e-6,1.7189517490257276e-11,9.161999037493478e-6,0.02258094300752374
7,0.01679443855772424,9,10,15,5.329240719660618,0.08657148008735115,5.329943833592746,0.08951341422939456,0.003631756223563464,0.0,0.003631756223563464,0.0001026126435781532,4.260089032865136e-6,0.0,0.0,1.7189517490257276e-11,9.161999037493478e-6,0.02258094300752374
7,0.01679443855772424,9,10,16,9.948489517049653,0.0792348666203695,9.948805045578851,0.16708459506075093,0.0033874164230893403,0.0,0.0033874164230893403,9.491235155568468e-5,-1.294784112803064e-5,0.0,0.0,1.7189517490257276e-11,9.161999037493478e-6,0.02258094300752374
7,0.01679443855772424,9,8,17,9.94848579955585,0.07923416869733949,9.948801322644531,0.16708453253615924,0.0,0.003387305397937137,0.003387305397937137,0.0,0.0,9.490964130945303e-5,-1.294448004113811e-5,1.7189517490257276e-11,9.161999037493478e-6,0.02258094300752374
7,0.01679443855772424,9,10,18,10.132405497030962,0.07186718336164792,10.132660363809082,0.17017234190627936,0.001714417261368366,0.0,0.001714417261368366,4.7725883706598385e-5,-8.525312104168685e-6,0.0,0.0,1.7189517490257276e-11,9.161999037493478e-6,0.02258094300752374
7,0.01679443855772424,9,8,19,10.132401693334147,0.07186689518183301,10.132656558163992,0.17017227799260673,0.0,0.001714323662163013,0.001714323662163013,0.0,0.0,4.772306239687668e-5,-8.526053706947004e-6,1.7189517490257276e-11,9.161999037493478e-6,0.02258094300752374
7,0.01679443855772424,9,8,20,5.53635835496797,0.06862481916591626,5.536783651221095,0.09298717283784476,0.0,0.0013519658613532293,0.0013519658613532293,0.0,0.0,3.676704132681301e-5,-1.0480900257160914e-5,1.7189517490257276e-11,9.161999037493478e-6,0.02258094300752374
7,0.01679443855772424,9,10,21,5.5363584929073575,0.06862422166352457,5.536783781744267,0.09298717502990815,0.0013519565293167025,0.0,0.0013519565293167025,3.676682418440668e-5,-1.0480699363520757e-5,0.0,0.0,1.7189517490257276e-11,9.161999037493478e-6,0.02258094300752374
7,0.01679443855772424,9,10,22,9.978520934945157,0.10411898438317552,9.979064125059411,0.16759277931190047,0.0012393977355441613,0.0,0.0012393977355441613,3.1027495943252163e-5,1.6299952811804066e-5,0.0,0.0,1.7189517490257276e-11,9.161999037493478e-6,0.02258094300752374
7,0.01679443855772424,9,8,23,9.978522166927766,0.10411905418028211,9.979065357703204,0.16759280001346094,0.0,0.0012393698809394958,0.0012393698809394958,0.0,0.0,3.102849298557608e-5,1.6296360828798082e-5,1.7189517490257276e-11,9.161999037493478e-6,0.02258094300752374
7,0.01679443855772424,9,10,24,10.153782793230013,0.08988410349505267,10.154180624952216,0.17053376260979392,0.0009391376316556872,0.0,0.0009391376316556872,2.5679242785471383e-5,-6.773324284334965e-6,0.0,0.0,1.7189517490257276e-11,9.161999037493478e-6,0.02258094300752374
7,0.01679443855772424,9,8,25,10.153782636538267,0.08988525272689656,10.154180478439596,0.17053376014919672,0.0,0.000939021584172738,0.000939021584172738,0.0,0.0,2.5675942582159582e-5,-6.772968796166495e-6,1.7189517490257276e-11,9.161999037493478e-6,0.02258094300752374
7,0.01679443855772424,9,8,26,11.103833840540894,0.0480576881501919,11.103937837530047,0.18648440176118775,0.0,0.0005245918580358518,0.0005245918580358518,0.0,0.0,1.379761314960172e-5,5.449323303719023e-6,1.7189517490257276e-11,9.161999037493478e-6,0.02258094300752374
7,0.01679443855772424,9,10,27,11.103835889813201,0.04805768141952116,11.103939886754032,0.18648443617675406,0.000524585361692917,0.0,0.000524585361692917,1.379750941212448e-5,5.449085862597422e-6,0.0,0.0,1.7189517490257276e-11,9.161999037493478e-6,0.02258094300752374
7,0.01679443855772424,9,10,28,5.562663231088452,0.10374639999647428,5.563630607617264,0.09343805239750212,0.000519630520183052,0.0,0.000519630520183052,1.1393545408133862e-5,-9.279732829875617e-6,0.0,0.0,1.7189517490257276e-11,9.161999037493478e-6,0.02258094300752374
7,0.01679443855772424,9,8,29,5.5626630578694956,0.10374677729735499,5.563630441464062,0.09343804960705238,0.0,0.0005196266594967218,0.0005196266594967218,0.0,0.0,1.1393528711286778e-5,-9.279580450282027e-6,1.7189517490257276e-11,9.161999037493478e-6,0.02258094300752374
7,0.01679443855772424,9,10,30,11.040982280643831,0.025273657295785006,11.041011207278261,0.1854275843357795,0.0005129680427637383,0.0,0.0005129680427637383,1.4459803209527567e-5,1.1570993198068574e-6,0.0,0.0,1.7189517490257276e-11,9.161999037493478e-6,0.02258094300752374
7,0.01679443855772424,9,8,31,11.040982327327832,0.025273673420032713,11.041011253999049,0.1854275851204289,0.0,0.0005129452646165972,0.0005129452646165972,0.0,0.0,1.4459159872851806e-5,1.1570636021753411e-6,1.7189517490257276e-11,9.161999037493478e-6,0.02258094300752374
7,0.01679443855772424,9,10,32,11.40221840398251,0.13112186556346844,11.40297230882134,0.19150651781593092,0.0003501641984971499,0.0,0.0003501641984971499,9.617299743440382e-6,-2.3580270159490957e-6,0.0,0.0,1.7189517490257276e-11,9.161999037493478e-6,0.02258094300752374
7,0.01679443855772424,9,8,33,11.4022202139208,0.13112097341376985,11.402974108381247,0.1915065480385292,0.0,0.00035016320581891575,0.00035016320581891575,0.0,0.0,9.61723726678841e-6,-2.3581639435853174e-6,1.7189517490257276e-11,9.161999037493478e-6,0.02258094300752374
7,0.01679443855772424,9,8,34,6.761078076854348,0.13874869447564755,6.762501605289214,0.11357241770654124,0.0,0.00032351839174795267,0.00032351839174795267,0.0,0.0,-7.916756680050009e-6,-4.58506262928423e-6,1.7189517490257276e-11,9.161999037493478e-6,0.02258094300752374
7,0.01679443855772424,9,10,35,6.761077951959646,0.13874876738028172,6.762501481916613,0.11357241563456767,0.000323461243730075,0.0,0.000323461243730075,-7.914100844654681e-6,-4.586423052621363e-6,0.0,0.0,1.7189517490257276e-11,9.161999037493478e-6,0.02258094300752374
7,0.01679443855772424,9,8,36,11.08068882598737,0.07628746918911762,11.080951431908572,0.18609835798431495,0.0,0.0002250598000611149,0.0002250598000611149,0.0,0.0,4.9842114671643005e-6,3.957646066556708e-6,1.7189517490257276e-11,9.161999037493478e-6,0.02258094300752374
7,0.01679443855772424,9,10,37,11.080689465019118,0.07628754161854913,11.080952071423821,0.18609836872461452,0.0002250542979424024,0.0,0.0002250542979424024,4.983705864675984e-6,3.958032555602581e-6,0.0,0.0,1.7189517490257276e-11,9.161999037493478e-6,0.02258094300752374
7,0.01679443855772424,9,8,38,11.314351282875242,0.15674337880943104,11.3154369530788,0.1900364106622843,0.0,0.00010361737029658729,0.00010361737029658729,0.0,0.0,1.8881808246159461e-6,-2.2406663915809402e-6,1.7189517490257276e-11,9.161999037493478e-6,0.02258094300752374
7,0.01679443855772424,9,10,39,11.31435150721134,0.15674340015585086,11.315437177689068,0.19003641443448763,0.00010361354851829498,0.0,0.00010361354851829498,1.8881767611868028e-6,-2.240528483309854e-6,0.0,0.0,1.7189517490257276e-11,9.161999037493478e-6,0.02258094300752374
7,0.01679443855772424,9,8,40,10.992872822028804,0.01338776135790453,10.992880974223896,0.184619264093979,0.0,7.583406710104252e-5,7.583406710104252e-5,0.0,0.0,2.141099267002799e-6,-1.204106251580204e-7,1.7189517490257276e-11,9.161999037493478e-6,0.02258094300752374
7,0.01679443855772424,9,10,41,10.992871143642443,0.013387465770579726,10.992879295478799,0.1846192359003976,7.582350170367999e-5,0.0,7.582350170367999e-5,2.1407985021083844e-6,-1.20437609884787e-7,0.0,0.0,1.7189517490257276e-11,9.161999037493478e-6,0.02258094300752374
7,0.01679443855772424,9,10,42,11.482919795114974,0.14064620754255047,11.483781101045919,0.1928636561118705,7.212806589374995e-5,0.0,7.212806589374995e-5,1.8975990812943217e-6,-7.479436256086459e-7,0.0,0.0,1.7189517490257276e-11,9.161999037493478e-6,0.02258094300752374
7,0.01679443855772424,9,8,43,11.482919191191593,0.1406460314920826,11.483780495011677,0.19286364593386568,0.0,7.211871032768212e-5,7.211871032768212e-5,0.0,0.0,1.8973069561904755e-6,-7.479632859889575e-7,1.7189517490257276e-11,9.161999037493478e-6,0.02258094300752374
7,0.01679443855772424,9,10,44,6.517097605661009,0.06706617865350659,6.517442678998538,0.10945679062593063,5.4357859580884046e-5,0.0,5.4357859580884046e-5,-1.501340536093554e-6,-3.2992852327754753e-7,0.0,0.0,1.7189517490257276e-11,9.161999037493478e-6,0.02258094300752374
7,0.01679443855772424,9,8,45,6.517097548831011,0.06706624632870146,6.517442622867944,0.1094567896832488,0.0,5.434895105651599e-5,5.434895105651599e-5,0.0,0.0,-1.5010243105746593e-6,-3.3019362681241576e-7,1.7189517490257276e-11,9.161999037493478e-6,0.02258094300752374
7,0.01679443855772424,9,8,46,10.196947673982773,0.10373273253180405,10.197475292725215,0.17126087224758463,0.0,4.370928414671707e-5,4.370928414671707e-5,0.0,0.0,-4.5796110709888787e-7,-1.1480686528167586e-6,1.7189517490257276e-11,9.161999037493478e-6,0.02258094300752374
7,0.01679443855772424,9,10,47,10.196949895378642,0.10373328830757272,10.197477519659733,0.17126090964769958,4.368036610566213e-5,0.0,4.368036610566213e-5,-4.5821966294102277e-7,-1.1470849362883368e-6,0.0,0.0,1.7189517490257276e-11,9.161999037493478e-6,0.02258094300752374
7,0.01679443855772424,9,10,48,9.906530000008628,0.09875736107207764,9.9070222396761,0.16638287629424786,4.341734830068639e-5,0.0,4.341734830068639e-5,9.705785978180634e-7,7.519488158987546e-7,0.0,0.0,1.7189517490257276e-11,9.161999037493478e-6,0.02258094300752374
7,0.01679443855772424,9,8,49,9.906529745238714,0.09875771782119323,9.907021988475078,0.16638287207546773,0.0,4.341622453629396e-5,4.341622453629396e-5,0.0,0.0,9.704757476535211e-7,7.520296713262893e-7,1.7189517490257276e-11,9.161999037493478e-6,0.02258094300752374
7,0.01679443855772424,9,10,50,9.972239826031982,0.09277002471450808,9.972671328454775,0.16748541588211188,3.9063032231910475e-5,0.0,3.9063032231910475e-5,8.368607422137112e-7,-7.210494484286302e-7,0.0,0.0,1.7189517490257276e-11,9.161999037493478e-6,0.02258094300752374
7,0.01679443855772424,9,8,51,9.972238441774877,0.09276983250111497,9.972669942469516,0.16748539260526762,0.0,3.906242810535413e-5,3.906242810535413e-5,0.0,0.0,8.36853782440689e-7,-7.210313624863303e-7,1.7189517490257276e-11,9.161999037493478e-6,0.02258094300752374
7,0.01679443855772424,9,10,52,6.445287682783287,0.026106499039866303,6.445340554472671,0.10824587592569956,3.5610196036871015e-5,0.0,3.5610196036871015e-5,7.731316105851807e-7,-6.452369134041352e-7,0.0,0.0,1.7189517490257276e-11,9.161999037493478e-6,0.02258094300752374
7,0.01679443855772424,9,8,53,6.44528766595368,0.026106410625387044,6.445340537285085,0.1082458756370437,0.0,3.560962820869702e-5,3.560962820869702e-5,0.0,0.0,7.731340125481281e-7,-6.452089743019553e-7,1.7189517490257276e-11,9.161999037493478e-6,0.02258094300752374
7,0.01679443855772424,9,10,54,11.457276506668606,0.12344178560605072,11.457941474134609,0.19242969408535399,2.9161822820105708e-5,0.0,2.9161822820105708e-5,5.949203953526897e-7,-5.710754653819633e-7,0.0,0.0,1.7189517490257276e-11,9.161999037493478e-6,0.02258094300752374
7,0.01679443855772424,9,8,55,11.45727635683329,0.12344187916610985,11.457941325315955,0.19242969158602827,0.0,2.9148785962582627e-5,2.9148785962582627e-5,0.0,0.0,5.945742828459495e-7,-5.709036518145447e-7,1.7189517490257276e-11,9.161999037493478e-6,0.02258094300752374
7,0.01679443855772424,9,8,56,10.943224438543549,0.07905363387521826,10.943509975751182,0.1837901058935955,0.0,1.738786349690694e-6,1.738786349690694e-6,0.0,0.0,-3.410963355911377e-8,-3.541564674164777e-8,1.7189517490257276e-11,9.161999037493478e-6,0.02258094300752374
7,0.01679443855772424,9,10,57,10.943216661608679,0.07905375614094676,10.94350219990245,0.18378997530258176,1.738441392197449e-6,0.0,1.738441392197449e-6,-3.4106144997490424e-8,-3.5405462808952967e-8,0.0,0.0,1.7189517490257276e-11,9.161999037493478e-6,0.02258094300752374
7,0.01679443855772424,9,8,58,10.890591488391003,0.03364921852664504,10.890643472124227,0.1829022426466709,0.0,6.588090601120824e-7,6.588090601120824e-7,0.0,0.0,-4.727483994541662e-9,-1.802042017760448e-8,1.7189517490257276e-11,9.161999037493478e-6,0.02258094300752374
7,0.01679443855772424,9,10,59,10.890586029895065,0.03364837470291874,10.890638011047182,0.18290215093094803,6.582976298779081e-7,0.0,6.582976298779081e-7,-4.728643768014479e-9,-1.8005163293773542e-8,0.0,0.0,1.7189517490257276e-11,9.161999037493478e-6,0.02258094300752374
7,0.01679443855772424,9,8,60,10.21918160129657,0.05984421163147624,10.21935682564926,0.17162836030782633,0.0,7.361402728893856e-12,7.361402728893856e-12,0.0,0.0,2.0792539105459347e-13,1.0096694616882896e-14,1.7189517490257276e-11,9.161999037493478e-6,0.02258094300752374
7,0.01679443855772424,9,10,61,11.152024288500327,0.054406986184512326,11.152157004429542,0.18729421559698595,1.586600416729696e-12,0.0,1.586600416729696e-12,3.960006163442684e-14,-2.1091937322313962e-14,0.0,0.0,1.7189517490257276e-11,9.161999037493478e-6,0.02258094300752374
7,0.01679443855772424,9,8,62,10.315595986679462,0.10632003460353909,10.31614387793014,0.1732538445105408,0.0,1.1579218221624008e-12,1.1579218221624008e-12,0.0,0.0,3.2567871924917063e-14,-3.395465290601911e-15,1.7189517490257276e-11,9.161999037493478e-6,0.02258094300752374
7,0.01679443855772424,9,8,63,10.252038498048606,0.0840990693312531,10.252383431131177,0.17218302360436258,0.0,9.073778275376386e-13,9.073778275376386e-13,0.0,0.0,7.930792764624833e-15,-2.440298820243763e-14,1.7189517490257276e-11,9.161999037493478e-6,0.02258094300752374
7,0.01679443855772424,9,8,64,11.152026714612706,0.05440673754384726,11.152159429300033,0.18729425632132443,0.0,7.815299262393037e-13,7.815299262393037e-13,0.0,0.0,2.1204591110350925e-14,-6.229044627448009e-15,1.7189517490257276e-11,9.161999037493478e-6,0.02258094300752374
7,0.01679443855772424,9,10,65,10.219185650697652,0.05984401194120725,10.219360873811532,0.17162842829443886,3.326089685330159e-13,0.0,3.326089685330159e-13,7.668717577455603e-15,5.4459485934880435e-15,0.0,0.0,1.7189517490257276e-11,9.161999037493478e-6,0.02258094300752374
7,0.01679443855772424,9,10,66,11.090455094201229,0.028961724459295013,11.090492909604047,0.1862586017452215,2.851162936827985e-13,0.0,2.851162936827985e-13,7.852709224478736e-15,1.8279620942446233e-15,0.0,0.0,1.7189517490257276e-11,9.161999037493478e-6,0.02258094300752374
7,0.01679443855772424,9,10,67,10.252038293958172,0.08409826054251389,10.252383220413245,0.17218302006547323,1.1509384919165135e-13,0.0,1.1509384919165135e-13,2.719157815259028e-15,-1.7886420798982585e-15,0.0,0.0,1.7189517490257276e-11,9.161999037493478e-6,0.02258094300752374
7,0.01679443855772424,9,8,68,5.7507597309342815,0.09880220515381848,5.751608414928696,0.0965950341326097,0.0,7.296458228329832e-14,7.296458228329832e-14,0.0,0.0,1.3061293218966416e-15,1.5973126746786995e-15,1.7189517490257276e-11,9.161999037493478e-6,0.02258094300752374
7,0.01679443855772424,9,10,69,11.34899846377835,0.1519137082704242,11.350015150016489,0.19061713206619119,3.0326312638914455e-14,0.0,3.0326312638914455e-14,8.122023321658488e-16,-2.752791586529815e-16,0.0,0.0,1.7189517490257276e-11,9.161999037493478e-6,0.02258094300752374
7,0.01679443855772424,9,10,70,5.7507598652457474,0.0988020585054772,5.751608546701193,0.09659503634565479,2.435890917495673e-14,0.0,2.435890917495673e-14,6.802322387442952e-16,1.0854768410009369e-16,0.0,0.0,1.7189517490257276e-11,9.161999037493478e-6,0.02258094300752374
7,0.01679443855772424,9,10,71,10.315597780556232,0.10632066245806071,10.316145678182437,0.1732538747447674,1.871432556616237e-14,0.0,1.871432556616237e-14,-3.5317204095875453e-16,-3.9412782307124056e-16,0.0,0.0,1.7189517490257276e-11,9.161999037493478e-6,0.02258094300752374
7,0.01679443855772424,9,8,72,11.090454571260022,0.028961651583249974,11.090492386474315,0.18625859295955136,0.0,7.718351361048762e-15,7.718351361048762e-15,0.0,0.0,-2.0159180491904676e-16,8.367691001075176e-17,1.7189517490257276e-11,9.161999037493478e-6,0.02258094300752374
7,0.01679443855772424,9,8,73,11.348997747077963,0.1519140413099037,11.350014437837856,0.1906171201055509,0.0,6.564658036454671e-15,6.564658036454671e-15,0.0,0.0,-1.5647076129470121e-16,-9.989406340957811e-17,1.7189517490257276e-11,9.161999037493478e-6,0.02258094300752374
7,0.01679443855772424,9,10,74,9.9712106562967,0.09204749719826373,9.971635507477464,0.16746801985035165,1.273509573635604e-19,0.0,1.273509573635604e-19,-8.54466114548287e-22,-3.520459322174104e-21,0.0,0.0,1.7189517490257276e-11,9.161999037493478e-6,0.02258094300752374
7,0.01679443855772424,9,8,75,9.971212579878138,0.09204789693998114,9.971637434666942,0.16746805221641692,0.0,1.0483178143334242e-19,1.0483178143334242e-19,0.0,0.0,-7.88721387893062e-22,-2.8851290513546853e-21,1.7189517490257276e-11,9.161999037493478e-6,0.02258094300752374
7,0.01679443855772424,9,10,76,10.176938609365084,0.11728410595259534,10.17761440713367,0.17092731982481543,4.317335429672181e-21,0.0,4.317335429672181e-21,-8.237202404477261e-23,-9.301610745045242e-23,0.0,0.0,1.7189517490257276e-11,9.161999037493478e-6,0.02258094300752374
7,0.01679443855772424,9,8,77,6.889555596368833,0.20067670136178642,6.8924775990877585,0.11575529154837005,0.0,2.8459822232347524e-21,2.8459822232347524e-21,0.0,0.0,9.485224268321381e-23,1.8193443777107104e-23,1.7189517490257276e-11,9.161999037493478e-6,0.02258094300752374
7,0.01679443855772424,9,10,78,6.8895528548547205,0.20067853052336157,6.892474911992777,0.11575524642011849,2.5336496550820442e-21,0.0,2.5336496550820442e-21,8.801327027012763e-23,-1.7058218282884558e-23,0.0,0.0,1.7189517490257276e-11,9.161999037493478e-6,0.02258094300752374
7,0.01679443855772424,9,8,79,2.279104110041916,0.1996845266620575,2.287835102143116,0.03842290605314733,0.0,1.9717081669067284e-21,1.9717081669067284e-21,0.0,0.0,3.4694467734763647e-23,-4.901463366328937e-23,1.7189517490257276e-11,9.161999037493478e-6,0.02258094300752374
8,0.009696273622190719,10,9,0,2.408223488052263,0.15151304727627712,2.412984992058913,0.02339696272924292,0.0,19.388752344934346,19.388752344934346,0.0,0.0,0.5482859398623772,-0.0011120242932038948,1.4171968073752036e-9,0.008137833536665784,0.012140212799482434
8,0.009696273622190719,10,11,1,2.408223489885365,0.15151220728246,2.412984941144733,0.0233969622355651,19.388746362915036,0.0,19.388746362915036,0.548285770087606,-0.0011123188255348637,0.0,0.0,1.4171968073752036e-9,0.008137833536665784,0.012140212799482434
8,0.009696273622190719,10,11,2,4.517730383788477,0.2560706307790767,4.524981766654223,0.043875461344903305,4.447352529476767,0.0,4.447352529476767,0.12017382068778992,-0.037082081379178344,0.0,0.0,1.4171968073752036e-9,0.008137833536665784,0.012140212799482434
8,0.009696273622190719,10,9,3,4.517730600306398,0.25607094989292284,4.524982000883967,0.04387546361605899,0.0,4.447348187307625,4.447348187307625,0.0,0.0,0.12017374794627755,-0.03708190066846018,1.4171968073752036e-9,0.008137833536665784,0.012140212799482434
8,0.009696273622190719,10,11,4,3.9715745357022407,0.08934926328363411,3.972579462199315,0.03851921745137981,3.013628025534551,0.0,3.013628025534551,0.06178978572861715,0.05869139615317742,0.0,0.0,1.4171968073752036e-9,0.008137833536665784,0.012140212799482434
8,0.009696273622190719,10,9,5,3.9715749342288693,0.08934891243795352,3.972579852734101,0.03851922123811196,0.0,3.013622685011186,3.013622685011186,0.0,0.0,0.061789748916112774,0.05869121562035262,1.4171968073752036e-9,0.008137833536665784,0.012140212799482434
8,0.009696273622190719,10,9,6,0.378867973657849,0.3290909637195831,0.5018384240624552,0.004865962673838545,0.0,1.7722046374690335,1.7722046374690335,0.0,0.0,0.05006765682381087,-0.0021891519538296267,1.4171968073752036e-9,0.008137833536665784,0.012140212799482434
8,0.009696273622190719,10,11,7,0.3788679665518275,0.3290909907988644,0.501838436455494,0.00486596279400484,1.7722034307789611,0.0,1.7722034307789611,0.050067620857244366,-0.0021891933617053105,0.0,0.0,1.4171968073752036e-9,0.008137833536665784,0.012140212799482434
8,0.009696273622190719,10,11,8,11.730357235832757,0.051574079339295684,11.73047061144239,0.11374185276561229,1.3278297395697063,0.0,1.3278297395697063,0.03567676090449967,0.011709403223761461,0.0,0.0,1.4171968073752036e-9,0.008137833536665784,0.012140212799482434
8,0.009696273622190719,10,9,9,11.730374332745365,0.051575294879293826,11.730487713534043,0.11374201859217246,0.0,1.3278279646584439,1.3278279646584439,0.0,0.0,0.03567688499799648,0.011708864162509658,1.4171968073752036e-9,0.008137833536665784,0.012140212799482434
8,0.009696273622190719,10,9,10,11.585340248965645,-0.006009667048362004,11.585341807663742,0.11233464417371328,0.0,0.6932420396214811,0.6932420396214811,0.0,0.0,0.019596839479471856,-0.0005270238319409759,1.4171968073752036e-9,0.008137833536665784,0.012140212799482434
8,0.009696273622190719,10,11,11,11.585342848529972,-0.006009415512176102,11.585344407097242,0.11233466937853176,0.6932408005479551,0.0,0.6932408005479551,0.01959680607623518,-0.0005269625210591045,0.0,0.0,1.4171968073752036e-9,0.008137833536665784,0.012140212799482434
8,0.009696273622190719,10,11,12,0.03987773721101617,-0.009595851678986049,0.04101602485024559,0.00039770259984255534,0.5090651207294652,0.0,0.5090651207294652,0.012977213073126104,-0.006231121261830702,0.0,0.0,1.4171968073752036e-9,0.008137833536665784,0.012140212799482434
8,0.009696273622190719,10,9,13,0.039877797429705986,-0.009595799867515268,0.04101607127629451,0.0003977030500022289,0.0,0.5090649453396743,0.5090649453396743,0.0,0.0,0.012977211362846838,-0.0062311133652985795,1.4171968073752036e-9,0.008137833536665784,0.012140212799482434
8,0.009696273622190719,10,9,14,3.804208544288729,-0.003772207378151065,3.8042104145259725,0.03688666509563141,0.0,0.35175260362019933,0.35175260362019933,0.0,0.0,0.009910406507096431,-0.0008533314252924806,1.4171968073752036e-9,0.008137833536665784,0.012140212799482434
8,0.009696273622190719,10,11,15,3.8042085230560794,-0.0037722546658556615,3.804210393340224,0.036886664890208594,0.3517525846022477,0.0,0.3517525846022477,0.00991040637810875,-0.0008533266550367347,0.0,0.0,1.4171968073752036e-9,0.008137833536665784,0.012140212799482434
8,0.009696273622190719,10,11,16,2.4046967244874162,0.14793698450766757,2.409242969927635,0.023360679058757754,0.3371919469698434,0.0,0.3371919469698434,-0.0020466487946884104,-0.009313086583963695,0.0,0.0,1.4171968073752036e-9,0.008137833536665784,0.012140212799482434
8,0.009696273622190719,10,9,17,2.4046966229701616,0.14793777726525262,2.409242917280506,0.023360678548276788,0.0,0.33719194295949506,0.33719194295949506,0.0,0.0,-0.002046650789907456,-0.009313086028248,1.4171968073752036e-9,0.008137833536665784,0.012140212799482434
8,0.009696273622190719,10,11,18,4.467098179436167,0.22506101271850437,4.472764089930052,0.043369144463470635,0.09550897700030805,0.0,0.09550897700030805,-0.0010657560728324286,-0.0024816964856293477,0.0,0.0,1.4171968073752036e-9,0.008137833536665784,0.012140212799482434
8,0.009696273622190719,10,9,19,4.4670982594977975,0.2250613555008839,4.472764187138435,0.04336914540602972,0.0,0.09550887464304299,0.09550887464304299,0.0,0.0,-0.0010657545866236406,-0.002481693973637223,1.4171968073752036e-9,0.008137833536665784,0.012140212799482434
8,0.009696273622190719,10,11,20,4.024977086193311,0.09212907132472642,4.026031334970501,0.039037501435387756,0.03532302050473324,0.0,0.03532302050473324,0.0008772722105155374,-0.0004776682129899422,0.0,0.0,1.4171968073752036e-9,0.008137833536665784,0.012140212799482434
8,0.009696273622190719,10,9,21,4.0249776193472595,0.09212870507284082,4.026031859603788,0.039037506522375656,0.0,0.03532297984574509,0.03532297984574509,0.0,0.0,0.0008772711726634987,-0.0004776677146144104,1.4171968073752036e-9,0.008137833536665784,0.012140212799482434
8,0.009696273622190719,10,9,22,6.024998644679217,0.13401603507605894,6.026488941833703,0.05843448576112619,0.0,0.020049305984891883,0.020049305984891883,0.0,0.0,0.0005617817114542244,-7.650127777165949e-5,1.4171968073752036e-9,0.008137833536665784,0.012140212799482434
8,0.009696273622190719,10,11,23,6.0249986510018605,0.13401590362554436,6.026488945231611,0.05843448579407324,0.020049265033036563,0.0,0.020049265033036563,0.0005617803673162473,-7.650256570547811e-5,0.0,0.0,1.4171968073752036e-9,0.008137833536665784,0.012140212799482434
8,0.009696273622190719,10,11,24,11.798542453379914,0.0547309929652228,11.798669395563175,0.11440312683714814,0.011897187804886498,0.0,0.011897187804886498,0.0002041162373319327,-0.00026744296883183735,0.0,0.0,1.4171968073752036e-9,0.008137833536665784,0.012140212799482434
8,0.009696273622190719,10,9,25,11.798560467933813,0.0547313425322824,11.798687411544808,0.11440330152503561,0.0,0.011895828517074741,0.011895828517074741,0.0,0.0,0.00020412231259091013,-0.0002673899745932167,1.4171968073752036e-9,0.008137833536665784,0.012140212799482434
8,0.009696273622190719,10,9,26,11.843728016071992,0.09473543225476487,11.844106894182149,0.11484370125646562,0.0,0.009645820519337604,0.009645820519337604,0.0,0.0,0.00027184035837582313,2.2506363580023555e-5,1.4171968073752036e-9,0.008137833536665784,0.012140212799482434
8,0.009696273622190719,10,11,27,11.84372803240972,0.09473537584552781,11.844106910068163,0.11484370141050075,0.009643518389294264,0.0,0.009643518389294264,0.00027177331885286414,2.252707163718148e-5,0.0,0.0,1.4171968073752036e-9,0.008137833536665784,0.012140212799482434
8,0.009696273622190719,10,11,28,6.05642169134109,0.16490633595589085,6.0586663386413075,0.05874648660502253,0.005400353785739095,0.0,0.005400353785739095,0.00012451517341388022,-8.841774898421528e-5,0.0,0.0,1.4171968073752036e-9,0.008137833536665784,0.012140212799482434
8,0.009696273622190719,10,9,29,6.056421643268024,0.1649064984696766,6.058666295009396,0.05874648618195558,0.0,0.005400348635583557,0.005400348635583557,0.0,0.0,0.000124514708212172,-8.841815256325873e-5,1.4171968073752036e-9,0.008137833536665784,0.012140212799482434
8,0.009696273622190719,10,9,30,4.15955887614031,0.3206604393524308,4.171900425638576,0.04045188805152556,0.0,0.004619705290584822,0.004619705290584822,0.0,0.0,-3.0645456479648503e-6,-0.00013060291922343962,1.4171968073752036e-9,0.008137833536665784,0.012140212799482434
8,0.009696273622190719,10,11,31,4.159558681917532,0.32066061334016444,4.171900245363401,0.04045188630352813,0.0046196610253942064,0.0,0.0046196610253942064,-3.0634995649954713e-6,-0.0001306016916627639,0.0,0.0,1.4171968073752036e-9,0.008137833536665784,0.012140212799482434
8,0.009696273622190719,10,11,32,6.444606194853293,0.11991506813750374,6.4457217307534975,0.062499481593886644,0.004225768712093507,0.0,0.004225768712093507,0.00011341004619342993,-3.765827317715829e-5,0.0,0.0,1.4171968073752036e-9,0.008137833536665784,0.012140212799482434
8,0.009696273622190719,10,9,33,6.444606076523118,0.11991563277677911,6.445721622948276,0.06249948054857772,0.0,0.004225763514244729,0.004225763514244729,0.0,0.0,0.00011340997031428451,-3.765803526797548e-5,1.4171968073752036e-9,0.008137833536665784,0.012140212799482434
8,0.009696273622190719,10,11,34,11.71530202356055,0.03603819810411112,11.715357453145188,0.11359531144746714,0.0035340135312027197,0.0,0.0035340135312027197,8.99023667438859e-5,-4.364596453642635e-5,0.0,0.0,1.4171968073752036e-9,0.008137833536665784,0.012140212799482434
8,0.009696273622190719,10,9,35,11.715301976650588,0.036038033004846544,11.715357405727579,0.11359531098769302,0.0,0.003533856709646917,0.003533856709646917,0.0,0.0,8.98981950758713e-5,-4.364440318065056e-5,1.4171968073752036e-9,0.008137833536665784,0.012140212799482434
8,0.009696273622190719,10,9,36,8.398807312865252,0.18820619471300828,8.400915774507395,0.08145757802660196,0.0,0.00189391504459621,0.00189391504459621,0.0,0.0,5.087879202702678e-5,-1.6725201153720186e-5,1.4171968073752036e-9,0.008137833536665784,0.012140212799482434
8,0.009696273622190719,10,11,37,8.398807293103062,0.18820620873785773,8.400915755064364,0.08145757783807703,0.0018939147227111247,0.0,0.0018939147227111247,5.0878694394897075e-5,-1.6725469003068898e-5,0.0,0.0,1.4171968073752036e-9,0.008137833536665784,0.012140212799482434
8,0.009696273622190719,10,11,38,7.950678606409065,0.03168935819724793,7.950741758970275,0.07709256759435372,0.0016463418960681233,0.0,0.0016463418960681233,4.468975668086108e-5,-1.3050357634634383e-5,0.0,0.0,1.4171968073752036e-9,0.008137833536665784,0.012140212799482434
8,0.009696273622190719,10,9,39,7.950678603744728,0.031689263382951825,7.950741755928058,0.07709256756485555,0.0,0.0016463362737513957,0.0016463362737513957,0.0,0.0,4.468959091958902e-5,-1.3050358076506616e-5,1.4171968073752036e-9,0.008137833536665784,0.012140212799482434
8,0.009696273622190719,10,9,40,9.85955587185234,0.14448331983547433,9.860614454479428,0.09561121583356141,0.0,0.0015414610357992724,0.0015414610357992724,0.0,0.0,4.353556456011365e-5,2.185441793257502e-6,1.4171968073752036e-9,0.008137833536665784,0.012140212799482434
8,0.009696273622190719,10,11,41,9.859555959173452,0.14448355153956835,9.860614545186229,0.09561121671307936,0.0015414498808400839,0.0,0.0015414498808400839,4.3535255842424864e-5,2.185299813617326e-6,0.0,0.0,1.4171968073752036e-9,0.008137833536665784,0.012140212799482434
8,0.009696273622190719,10,9,42,8.220428715615038,0.2995824755249374,8.225885844585369,0.07976043993400514,0.0,0.0012999194232617434,0.0012999194232617434,0.0,0.0,3.52620450013749e-5,-1.0386529262560893e-5,1.4171968073752036e-9,0.008137833536665784,0.012140212799482434
8,0.009696273622190719,10,11,43,8.220428315779058,0.29958240508163003,8.225885442449135,0.07976043603478218,0.00129991518313777,0.0,0.00129991518313777,3.5261930701710226e-5,-1.038649294096694e-5,0.0,0.0,1.4171968073752036e-9,0.008137833536665784,0.012140212799482434
8,0.009696273622190719,10,11,44,8.47871144828762,0.24023847832280912,8.48211426177403,0.08224490077684722,0.0010509411450966,0.0,0.0010509411450966,2.505920604042942e-5,-1.597700474808639e-5,0.0,0.0,1.4171968073752036e-9,0.008137833536665784,0.012140212799482434
8,0.009696273622190719,10,9,45,8.478711422608475,0.2402384679784442,8.482114235812205,0.08224490052511427,0.0,0.001050936040267509,0.001050936040267509,0.0,0.0,2.5059077331839275e-5,-1.5976938099789375e-5,1.4171968073752036e-9,0.008137833536665784,0.012140212799482434
8,0.009696273622190719,10,9,46,10.177864934288582,0.11968979753463044,10.178568674831201,0.09869418695342251,0.0,0.0006502102598586351,0.0006502102598586351,0.0,0.0,1.7790588525631336e-5,-4.645256904661831e-6,1.4171968073752036e-9,0.008137833536665784,0.012140212799482434
8,0.009696273622190719,10,11,47,10.17786514390267,0.11968877965709451,10.178568872461625,0.09869418886970119,0.0006501987438721584,0.0,0.0006501987438721584,1.7790280662053688e-5,-4.645146949660672e-6,0.0,0.0,1.4171968073752036e-9,0.008137833536665784,0.012140212799482434
8,0.009696273622190719,10,9,48,11.944151904391543,0.3230031343183781,11.948518558380348,0.11585610532187965,0.0,0.0005235462934620577,0.0005235462934620577,0.0,0.0,-1.240944606722993e-5,-8.074560972010859e-6,1.4171968073752036e-9,0.008137833536665784,0.012140212799482434
8,0.009696273622190719,10,11,49,11.944147088472485,0.3230069441945272,11.948513847213956,0.11585605964112124,0.0005229959816073157,0.0,0.0005229959816073157,-1.2396848458709074e-5,-8.065387744867448e-6,0.0,0.0,1.4171968073752036e-9,0.008137833536665784,0.012140212799482434
8,0.009696273622190719,10,11,50,6.513640886522684,0.1902078195131993,6.516417467687593,0.06318496680312205,0.0004353906828433692,0.0,0.0004353906828433692,1.134315787489003e-5,4.787918257692791e-6,0.0,0.0,1.4171968073752036e-9,0.008137833536665784,0.012140212799482434
8,0.009696273622190719,10,9,51,6.513640694547415,0.1902079659162276,6.516417280067484,0.06318496498390615,0.0,0.0004353901799578415,0.0004353901799578415,0.0,0.0,1.134319350541921e-5,4.7877972759911375e-6,1.4171968073752036e-9,0.008137833536665784,0.012140212799482434
8,0.009696273622190719,10,11,52,7.881629915094485,0.16591910925197564,7.883376133949671,0.07643937206142405,0.00036610327330740395,0.0,0.00036610327330740395,-1.357333751579766e-9,1.0352893515966387e-5,0.0,0.0,1.4171968073752036e-9,0.008137833536665784,0.012140212799482434
8,0.009696273622190719,10,9,53,7.881629930572627,0.16591912958312813,7.883376149852289,0.07643937221562018,0.0,0.0003661021102015792,0.0003661021102015792,0.0,0.0,-1.401932426864285e-9,1.0352860619207313e-5,1.4171968073752036e-9,0.008137833536665784,0.012140212799482434
8,0.009696273622190719,10,11,54,10.215888407471708,0.16973277563501496,10.217298330235815,0.09906972028951881,0.00023828561728859483,0.0,0.00023828561728859483,5.323763189370624e-6,-4.130787906419514e-6,0.0,0.0,1.4171968073752036e-9,0.008137833536665784,0.012140212799482434
8,0.009696273622190719,10,9,55,10.21588815577695,0.16973345057744,10.217298089788155,0.09906971795807251,0.0,0.0002382839516785124,0.0002382839516785124,0.0,0.0,5.3237778211879546e-6,-4.130692212991262e-6,1.4171968073752036e-9,0.008137833536665784,0.012140212799482434
8,0.009696273622190719,10,9,56,11.900061733786627,0.09508181553212107,11.900441580864875,0.11538993779296171,0.0,0.00012143161311307894,0.00012143161311307894,0.0,0.0,1.259441930972424e-6,-3.1946201560770213e-6,1.4171968073752036e-9,0.008137833536665784,0.012140212799482434
8,0.009696273622190719,10,11,57,11.900061791227158,0.09508171855181245,11.900441637528722,0.11538993834238988,0.00012140924529060664,0.0,0.00012140924529060664,1.25934701546083e-6,-3.1939776605380448e-6,0.0,0.0,1.4171968073752036e-9,0.008137833536665784,0.012140212799482434
8,0.009696273622190719,10,11,58,7.754159910495611,0.06662057311161813,7.754446093583927,0.07518923111191769,9.424696108744123e-5,0.0,9.424696108744123e-5,1.4062607682945646e-6,2.2639745369962063e-6,0.0,0.0,1.4171968073752036e-9,0.008137833536665784,0.012140212799482434
8,0.009696273622190719,10,9,59,7.754159948090064,0.06662061304486389,7.75444613152007,0.07518923147975692,0.0,9.424526874999718e-5,9.424526874999718e-5,0.0,0.0,1.4061986278957606e-6,2.263956797370288e-6,1.4171968073752036e-9,0.008137833536665784,0.012140212799482434
8,0.009696273622190719,10,9,60,12.006178975946328,0.29261475878286153,12.009744252044387,0.11644976640035459,0.0,3.164462731591313e-5,3.164462731591313e-5,0.0,0.0,4.16108895610659e-8,-8.93898272674088e-7,1.4171968073752036e-9,0.008137833536665784,0.012140212799482434
8,0.009696273622190719,10,11,61,12.00617847700215,0.29261455420020727,12.009743748263718,0.11644976151555939,3.1627047849051544e-5,0.0,3.1627047849051544e-5,4.157593754427035e-8,-8.934022384051829e-7,0.0,0.0,1.4171968073752036e-9,0.008137833536665784,0.012140212799482434
8,0.009696273622190719,10,9,62,9.855719708450934,0.1402340557027604,9.856717331948147,0.0955734282671589,0.0,1.2860346923691427e-5,1.2860346923691427e-5,0.0,0.0,-2.75860688418136e-7,-2.3697845594651305e-7,1.4171968073752036e-9,0.008137833536665784,0.012140212799482434
8,0.009696273622190719,10,11,63,9.85571976417153,0.14023428882319802,9.856717390979771,0.09557342883954568,1.2860189085186176e-5,0.0,1.2860189085186176e-5,-2.7585844084268194e-7,-2.36974222502254e-7,0.0,0.0,1.4171968073752036e-9,0.008137833536665784,0.012140212799482434
8,0.009696273622190719,10,9,64,10.246681814256648,0.18967492969393793,10.248437187277498,0.09937165116767725,0.0,9.44196988502062e-6,9.44196988502062e-6,0.0,0.0,-1.6686239266935e-7,-2.0844437407756727e-7,1.4171968073752036e-9,0.008137833536665784,0.012140212799482434
8,0.009696273622190719,10,11,65,10.246682095491312,0.1896745799577785,10.24843746199119,0.09937165383137637,9.441964174194098e-6,0.0,9.441964174194098e-6,-1.668636524522147e-7,-2.084431586738859e-7,0.0,0.0,1.4171968073752036e-9,0.008137833536665784,0.012140212799482434
8,0.009696273622190719,10,9,66,10.209871058571514,0.1637478894748684,10.211184084324582,0.09901043488817014,0.0,4.445229750905512e-6,4.445229750905512e-6,0.0,0.0,-7.70071527070425e-8,-9.935608096589505e-8,1.4171968073752036e-9,0.008137833536665784,0.012140212799482434
8,0.009696273622190719,10,11,67,10.209871396246644,0.1637472358125968,10.2111844114741,0.09901043806030138,4.445209197526978e-6,0.0,4.445209197526978e-6,-7.7006780633816e-8,-9.935563399968189e-8,0.0,0.0,1.4171968073752036e-9,0.008137833536665784,0.012140212799482434
8,0.009696273622190719,10,11,68,8.22260381386708,0.3027634809898792,8.22817593426651,0.07978264527017283,3.2921281949971452e-12,0.0,3.2921281949971452e-12,-4.372155169282293e-14,-8.21915038111713e-14,0.0,0.0,1.4171968073752036e-9,0.008137833536665784,0.012140212799482434
8,0.009696273622190719,10,9,69,8.222604013967475,0.30276349956900833,8.228176134915033,0.07978264721571582,0.0,9.257996145135227e-13,9.257996145135227e-13,0.0,0.0,-8.153280856713531e-15,-2.48783756016722e-14,1.4171968073752036e-9,0.008137833536665784,0.012140212799482434
8,0.009696273622190719,10,9,70,7.946605409431978,0.028228522679594054,7.946655547002541,0.07705294656503629,0.0,3.923062322307137e-13,3.923062322307137e-13,0.0,0.0,1.1003841529521999e-14,-1.4104880573997197e-15,1.4171968073752036e-9,0.008137833536665784,0.012140212799482434
8,0.009696273622190719,10,11,71,7.946605383746507,0.028228551118932958,7.946655521418256,0.07705294631696408,2.533810040868827e-13,0.0,2.533810040868827e-13,-6.946753384167217e-15,1.756023552796791e-15,0.0,0.0,1.4171968073752036e-9,0.008137833536665784,0.012140212799482434
8,0.009696273622190719,10,9,72,6.340020537077015,0.11953310903809913,6.341147260134765,0.06148549891287167,0.0,9.500204841010062e-14,9.500204841010062e-14,0.0,0.0,-1.2285626020914137e-15,-2.3891478219663874e-15,1.4171968073752036e-9,0.008137833536665784,0.012140212799482434
8,0.009696273622190719,10,9,73,6.408385467676079,0.18915925446203,6.411176610098227,0.062164522651701554,0.0,8.997733279627942e-14,8.997733279627942e-14,0.0,0.0,1.2789787109882135e-15,2.199633619996244e-15,1.4171968073752036e-9,0.008137833536665784,0.012140212799482434
8,0.009696273622190719,10,9,74,10.481114920479019,0.1624854304490102,10.482374325094296,0.10163996966634106,0.0,6.873691557025984e-14,6.873691557025984e-14,0.0,0.0,1.3735934509085718e-15,1.3753368610027603e-15,1.4171968073752036e-9,0.008137833536665784,0.012140212799482434
8,0.009696273622190719,10,11,75,6.408385577435035,0.18915912053674752,6.411176715857986,0.06216452367717712,5.154494730360174e-14,0.0,5.154494730360174e-14,8.055809509769733e-16,1.2147874696309912e-15,0.0,0.0,1.4171968073752036e-9,0.008137833536665784,0.012140212799482434
8,0.009696273622190719,10,11,76,6.3400206576822935,0.1195327389893075,6.34114737374306,0.06148550001444879,3.4359766021838954e-14,0.0,3.4359766021838954e-14,-9.713367143742609e-16,-2.44483758029067e-17,0.0,0.0,1.4171968073752036e-9,0.008137833536665784,0.012140212799482434
8,0.009696273622190719,10,11,77,10.481115123628285,0.16248517746333446,10.482374524297672,0.1016399715978715,2.1051575016054692e-14,0.0,2.1051575016054692e-14,5.885973562604568e-16,-8.915371652588537e-17,0.0,0.0,1.4171968073752036e-9,0.008137833536665784,0.012140212799482434
8,0.009696273622190719,10,11,78,10.476451921345761,0.15774031167971103,10.477639374696865,0.10159405829170008,8.28708738605061e-16,0.0,8.28708738605061e-16,-2.2626580059530954e-17,-6.1006687333532535e-18,0.0,0.0,1.4171968073752036e-9,0.008137833536665784,0.012140212799482434
8,0.009696273622190719,10,9,79,10.476451690787648,0.15774055471092502,10.477639147823707,0.10159405609187586,0.0,1.9986530307723775e-17,1.9986530307723775e-17,0.0,0.0,-5.583896405359429e-19,8.729485292310463e-20,1.4171968073752036e-9,0.008137833536665784,0.012140212799482434
