iteration,scale,ground_charge,charge,matrix_rank,energy_real,energy_imag,pole_real,pole_imag,matrix_support_abs,add11_real,add11_imag,add12_real,add12_imag,add21_real,add21_imag,add22_real,add22_imag,rem11_real,rem11_imag,rem12_real,rem12_imag,rem21_real,rem21_imag,rem22_real,rem22_imag,max_residual,biorth_error,min_pair_overlap
0,0.7853981633974483,2,1,0,0.22255742368920317,0.002090209960666935,-0.17479619181596792,-0.0016416470642228633,22.566812158811334,0.0,0.0,0.0,0.0,0.0,0.0,0.0,0.0,-3.7739684103231674,3.952359613409438,-3.954039671740218,-4.022248992369682,-3.9540396717402184,-4.022248992369682,4.278429601361637,-3.947667332059292,3.3178200215560285e-15,1.0916449291348812e-13,0.0009999995556021239
0,0.7853981633974483,2,3,1,0.22255742368920658,0.0020902099606640826,0.1747961918159706,0.0016416470642206232,22.566812158807547,4.278429601367025,-3.9476673320524656,3.954039671733387,4.0222489923750615,3.9540396717333866,4.022248992375062,-3.7739684103285542,3.952359613402612,0.0,0.0,0.0,0.0,0.0,0.0,0.0,0.0,3.3178200215560285e-15,1.0916449291348812e-13,0.0009999995556021239
0,0.7853981633974483,2,1,2,0.2184138593668813,-0.00205126377086071,-0.17154184400729713,0.0016110587982777259,22.14675334837155,0.0,0.0,0.0,0.0,0.0,0.0,0.0,0.0,4.125302113171375,-3.9523461419006196,3.953877813749336,3.8738169494286336,3.953877813749336,3.873816949428633,-3.6302317857794666,3.947653951699079,3.3178200215560285e-15,1.0916449291348812e-13,0.0009999995556021239
0,0.7853981633974483,2,3,3,0.21841385936687785,-0.0020512637708579007,0.17154184400729441,-0.0016110587982755193,22.146753348368875,-3.630231785784893,3.9476539516928333,-3.9538778137430852,-3.873816949434053,-3.953877813743084,-3.8738169494340524,4.1253021131768,-3.952346141894374,0.0,0.0,0.0,0.0,0.0,0.0,0.0,0.0,3.3178200215560285e-15,1.0916449291348812e-13,0.0009999995556021239
0,0.7853981633974483,2,3,4,0.663688077286994,0.0020107761008985653,0.5212593969699888,0.0015792598566492153,0.010645444545626215,0.0020295496939909978,-0.00184992738292226,0.001853668147255754,0.0019087221013308943,0.0018536681472557648,0.001908722101330889,-0.0017915980238175813,0.001853587763871449,0.0,0.0,0.0,0.0,0.0,0.0,0.0,0.0,3.3178200215560285e-15,1.0916449291348812e-13,0.0009999995556021239
0,0.7853981633974483,2,1,5,0.6636880772869954,0.0020107761008977686,-0.5212593969699899,-0.0015792598566485897,0.010645444545625049,0.0,0.0,0.0,0.0,0.0,0.0,0.0,0.0,-0.0017915980238184376,0.001853587763870312,-0.0018536681472545234,-0.001908722101331682,-0.0018536681472545262,-0.0019087221013316896,0.002029549693991722,-0.0018499273829209273,3.3178200215560285e-15,1.0916449291348812e-13,0.0009999995556021239
0,0.7853981633974483,2,3,6,0.6597769542525398,-0.0018984111875235154,0.518187608121907,-0.0014910086600541377,0.010313555882857655,-0.0016780383537641525,0.0018498331743704282,-0.0018535022424513502,-0.0017914515945492418,-0.0018535022424513675,-0.0017914515945492608,0.0019085682532126401,-0.0018535847039253084,0.0,0.0,0.0,0.0,0.0,0.0,0.0,0.0,3.3178200215560285e-15,1.0916449291348812e-13,0.0009999995556021239
0,0.7853981633974483,2,1,7,0.6597769542525385,-0.0018984111875227669,-0.518187608121906,0.0014910086600535498,0.010313555882855863,0.0,0.0,0.0,0.0,0.0,0.0,0.0,0.0,0.00190856825321351,-0.0018535847039239627,0.0018535022424499387,0.0017914515945500712,0.0018535022424499372,0.001791451594550077,-0.0016780383537649383,0.0018498331743689357,3.3178200215560285e-15,1.0916449291348812e-13,0.0009999995556021239
1,0.4534498410585544,3,2,0,0.024589365834861265,0.006356654754140555,-0.011150044029548488,-0.002882424087929139,40.664342800154394,0.0,0.0,0.0,0.0,0.0,0.0,0.0,0.0,-6.733564702514329,7.185299870593632,-7.192514122823657,-7.180906804056928,-7.192514122823792,-7.180906804056478,7.642619557660584,-7.18535219079373,1.2921244312013842e-13,2.8750067281158714e-11,0.04469900725397985
1,0.4534498410585544,3,4,1,0.024589365834865706,0.006356654754140441,0.011150044029550502,0.002882424087929087,40.66434280015362,7.642619557660416,-7.185352190793625,7.192514122823547,7.180906804056773,7.192514122823664,7.180906804056319,-6.733564702514183,7.1852998705935,0.0,0.0,0.0,0.0,0.0,0.0,0.0,0.0,1.2921244312013842e-13,2.8750067281158714e-11,0.04469900725397985
1,0.4534498410585544,3,4,2,1.2686540314934605,0.0004668457400587283,0.5752709689390039,0.00021169112662849354,2.104368465750864,0.4051460973959904,-0.36130954437360235,0.36230844797270967,0.3812706029931594,0.36230844797283723,0.38127060299306115,-0.35811896222117673,0.3625440865123522,0.0,0.0,0.0,0.0,0.0,0.0,0.0,0.0,1.2921244312013842e-13,2.8750067281158714e-11,0.04469900725397985
1,0.4534498410585544,3,2,3,1.2686540314934494,0.000466845740036091,-0.5752709689389989,-0.00021169112661822867,2.1043684657487316,0.0,0.0,0.0,0.0,0.0,0.0,0.0,0.0,-0.35811896222274264,0.36254408650992903,-0.3623084479702611,-0.3812706029946979,-0.362308447970446,-0.38127060299464643,0.4051460973975533,-0.36130954437118923,1.2921244312013842e-13,2.8750067281158714e-11,0.04469900725397985
1,0.4534498410585544,3,4,4,1.266333051761784,-0.0003051742938868828,0.5742185210485751,-0.00013838123505816356,1.952442650447908,-0.3198192803736069,0.34822417592829996,-0.34878640573872427,-0.34129323185806815,-0.34878640573883035,-0.3412932318583204,0.3634640728709631,-0.3486653521960371,0.0,0.0,0.0,0.0,0.0,0.0,0.0,0.0,1.2921244312013842e-13,2.8750067281158714e-11,0.04469900725397985
1,0.4534498410585544,3,2,5,1.2663330517617775,-0.0003051742938921364,-0.5742185210485722,0.00013838123506054582,1.9524426504433694,0.0,0.0,0.0,0.0,0.0,0.0,0.0,0.0,0.36346407287181676,-0.34866535219361666,0.34878640573624126,0.34129323185902244,0.34878640573647723,0.34129323185905974,-0.3198192803744518,0.34822417592588545,1.2921244312013842e-13,2.8750067281158714e-11,0.04469900725397985
1,0.4534498410585544,3,2,6,1.2809997706499254,0.012254349576189955,-0.5808691423972533,-0.005556732867599299,0.035302937703831666,0.0,0.0,0.0,0.0,0.0,0.0,0.0,0.0,0.003845697119156286,0.0076351647897148645,-0.008001969443188452,0.00371795242056375,-0.008001969443186844,0.0037179524205635606,-0.0035741963631914517,-0.008376193990142588,1.2921244312013842e-13,2.8750067281158714e-11,0.04469900725397985
1,0.4534498410585544,3,4,7,1.2809997706499108,0.012254349576170068,0.5808691423972466,0.005556732867590281,0.03530293770355009,-0.00357419636311457,-0.008376193990104058,0.008001969443144914,-0.003717952420488951,0.008001969443145603,-0.003717952420486273,0.003845697119080722,0.007635164789668957,0.0,0.0,0.0,0.0,0.0,0.0,0.0,0.0,1.2921244312013842e-13,2.8750067281158714e-11,0.04469900725397985
1,0.4534498410585544,3,2,8,2.5561465019992546,0.006362106363909419,-1.159084225053942,-0.0028848961195123437,3.880948875643812e-5,0.0,0.0,0.0,0.0,0.0,0.0,0.0,0.0,-6.500597823067847e-6,6.78727701457206e-6,-6.789520072176268e-6,-6.927584587368905e-6,-6.789520072176231e-6,-6.9275845873675476e-6,7.3681365230786735e-6,-6.777894395435228e-6,1.2921244312013842e-13,2.8750067281158714e-11,0.04469900725397985
1,0.4534498410585544,3,4,9,2.556146501999253,0.006362106363910351,1.159084225053941,0.002884896119512766,3.880948875598394e-5,7.36813652319035e-6,-6.777894395145321e-6,6.789520071901616e-6,6.927584587470241e-6,6.789520071914743e-6,6.9275845874736435e-6,-6.500597823163323e-6,6.787277014324193e-6,0.0,0.0,0.0,0.0,0.0,0.0,0.0,0.0,1.2921244312013842e-13,2.8750067281158714e-11,0.04469900725397985
1,0.4534498410585544,3,4,10,2.5589726884606385,0.005729498960872325,1.1603657588556582,0.002598040393152708,2.4569960629095392e-5,-3.9335696419232365e-6,4.464088666973059e-6,-4.47672794198032e-6,-4.203599456740668e-6,-4.476727941980388e-6,-4.203599456740981e-6,4.482574311300319e-6,-4.480951073033989e-6,0.0,0.0,0.0,0.0,0.0,0.0,0.0,0.0,1.2921244312013842e-13,2.8750067281158714e-11,0.04469900725397985
1,0.4534498410585544,3,2,11,2.5589726884606456,0.005729498960867669,-1.1603657588556615,-0.002598040393150597,2.456996062904079e-5,0.0,0.0,0.0,0.0,0.0,0.0,0.0,0.0,4.482574311164659e-6,-4.480951073146628e-6,4.47672794208381e-6,4.20359945661257e-6,4.476727942085418e-6,4.203599456607238e-6,-3.933569641797061e-6,4.46408866706949e-6,1.2921244312013842e-13,2.8750067281158714e-11,0.04469900725397985
1,0.4534498410585544,3,2,12,2.559606592100096,0.00636379203819671,-1.1606532023602167,-0.002885660488249992,1.2267875884890348e-5,0.0,0.0,0.0,0.0,0.0,0.0,0.0,0.0,-1.9592633660858243e-6,2.2331422115063586e-6,-2.239742088722997e-6,-2.0940764521059512e-6,-2.2397420887309586e-6,-2.0940764521004697e-6,2.2333648296677257e-6,-2.2421493377517217e-6,1.2921244312013842e-13,2.8750067281158714e-11,0.04469900725397985
1,0.4534498410585544,3,4,13,2.5596065921001,0.006363792038195194,1.1606532023602185,0.0028856604882493047,1.2267875884659194e-5,2.2333648297497756e-6,-2.2421493376008113e-6,2.239742088574608e-6,2.0940764521816578e-6,2.2397420885720396e-6,2.094076452183776e-6,-1.959263366163404e-6,2.2331422113501462e-6,0.0,0.0,0.0,0.0,0.0,0.0,0.0,0.0,1.2921244312013842e-13,2.8750067281158714e-11,0.04469900725397985
1,0.4534498410585544,3,4,14,3.803776402419378,0.0004893735503497861,1.7248218050993467,0.000221906358624371,5.878657734177752e-7,1.1321248466006876e-7,-1.0089669703507024e-7,1.0117792092913799e-7,1.0654283818493928e-7,1.0117792092903272e-7,1.0654283818471353e-7,-1.0007533426347674e-7,1.0124585700420444e-7,0.0,0.0,0.0,0.0,0.0,0.0,0.0,0.0,1.2921244312013842e-13,2.8750067281158714e-11,0.04469900725397985
1,0.4534498410585544,3,2,15,3.8037764024193637,0.00048937355034791,-1.7248218050993402,-0.00022190635862352027,5.878657734057732e-7,0.0,0.0,0.0,0.0,0.0,0.0,0.0,0.0,-1.000753342586617e-7,1.0124585700493319e-7,-1.011779209289833e-7,-1.0654283818011578e-7,-1.0117792093024238e-7,-1.0654283818026325e-7,1.1321248465560631e-7,-1.0089669703536223e-7,1.2921244312013842e-13,2.8750067281158714e-11,0.04469900725397985
1,0.4534498410585544,3,4,16,3.801466119743207,-0.0002781295421538186,1.7237742077870368,-0.00012611779668333754,5.646649683335724e-7,-9.216017017597215e-8,1.0101603014191251e-7,-1.0119923415587576e-7,-9.83700674187073e-8,-1.0119923415596458e-7,-9.837006741731073e-8,1.0478216618606746e-7,-1.0118549583344944e-7,0.0,0.0,0.0,0.0,0.0,0.0,0.0,0.0,1.2921244312013842e-13,2.8750067281158714e-11,0.04469900725397985
1,0.4534498410585544,3,2,17,3.8014661197432047,-0.00027812954214016024,-1.7237742077870357,0.00012611779667714418,5.64664968323801e-7,0.0,0.0,0.0,0.0,0.0,0.0,0.0,0.0,1.0478216617075655e-7,-1.0118549584531212e-7,1.011992341647924e-7,9.837006740450752e-8,1.0119923416696951e-7,9.837006740401954e-8,-9.216017016378766e-8,1.0101603015015718e-7,1.2921244312013842e-13,2.8750067281158714e-11,0.04469900725397985
1,0.4534498410585544,3,2,18,3.816086910911813,0.012244816155957287,-1.7304040032185914,-0.005552409939710051,7.3669067406136804e-9,0.0,0.0,0.0,0.0,0.0,0.0,0.0,0.0,1.1301294058573765e-9,1.3803533262000206e-9,-1.460864517011938e-9,1.120775612966092e-9,-1.4608645170280446e-9,1.1207756131163126e-9,-1.1084978525662319e-9,-1.5436143350925418e-9,1.2921244312013842e-13,2.8750067281158714e-11,0.04469900725397985
1,0.4534498410585544,3,4,19,3.8160869109117974,0.012244816155948766,1.7304040032185843,0.005552409939706187,7.3669067308840785e-9,-1.108497852477415e-9,-1.543614332274458e-9,1.460864514098963e-9,-1.1207756128899267e-9,1.46086451411965e-9,-1.1207756127815013e-9,1.1301294055314617e-9,1.380353323210077e-9,0.0,0.0,0.0,0.0,0.0,0.0,0.0,0.0,1.2921244312013842e-13,2.8750067281158714e-11,0.04469900725397985
1,0.4534498410585544,3,4,20,5.094805932898181,0.006369659276923423,2.31023894049686,0.002888320986718073,7.186577147725835e-17,1.2937818221495109e-17,1.3277785211372076e-17,-1.2461718948010004e-17,1.2935904110004812e-17,-1.2461712575979357e-17,1.2935895012124616e-17,-1.2909032124464262e-17,-1.1671492711588172e-17,0.0,0.0,0.0,0.0,0.0,0.0,0.0,0.0,1.2921244312013842e-13,2.8750067281158714e-11,0.04469900725397985
1,0.4534498410585544,3,2,21,5.094805932898188,0.006369659276922286,-2.3102389404968635,-0.0028883209867175573,7.186573079142895e-17,0.0,0.0,0.0,0.0,0.0,0.0,0.0,0.0,-1.2908997259833203e-17,-1.1671497783974326e-17,1.2461734131225854e-17,-1.2935865506906474e-17,1.2461730018634449e-17,-1.2935873383232256e-17,1.2937792428426222e-17,1.327781385754156e-17,1.2921244312013842e-13,2.8750067281158714e-11,0.04469900725397985
1,0.4534498410585544,3,4,22,1.2796708247657178,0.01302587170066544,0.580266532097284,0.005906579452315866,2.498489433872132e-23,4.710417601105771e-24,5.073335585891416e-24,-4.563505664241345e-24,4.171673489806841e-24,-4.49666463418701e-24,4.376568373351061e-24,-3.877510190571837e-24,-4.046180697388309e-24,0.0,0.0,0.0,0.0,0.0,0.0,0.0,0.0,1.2921244312013842e-13,2.8750067281158714e-11,0.04469900725397985
1,0.4534498410585544,3,2,23,1.279670824765722,0.013025871700674598,-0.5802665320972858,-0.005906579452320018,1.418560423713898e-23,0.0,0.0,0.0,0.0,0.0,0.0,0.0,0.0,-2.277679024474282e-25,-3.2341896155618218e-24,3.6013064921547054e-24,-1.3637487422262504e-25,3.4509221359537415e-24,-4.157876732874466e-25,3.3744103727104704e-25,3.848872520598713e-24,1.2921244312013842e-13,2.8750067281158714e-11,0.04469900725397985
1,0.4534498410585544,3,4,24,3.814762795767696,0.013011832601407869,1.7298035834169485,0.005900213424988914,1.6110348732282083e-26,3.800691089596393e-27,1.1120614214589709e-27,-1.1062983709050846e-27,3.7431660885801435e-27,-1.2369838465851763e-27,3.964851287508924e-27,-3.904635392992796e-27,-1.2298684663680238e-27,0.0,0.0,0.0,0.0,0.0,0.0,0.0,0.0,1.2921244312013842e-13,2.8750067281158714e-11,0.04469900725397985
1,0.4534498410585544,3,4,25,2.560240494914273,0.0069967986648841645,1.1609406454905518,0.00317269724251043,1.2488426413623629e-26,-3.4056740012184215e-27,-1.0725355591218072e-27,1.0345867606947683e-27,-2.7601170116409536e-27,1.368341828385168e-27,-2.970360442462591e-27,2.3881968089752535e-27,1.2592083520582428e-27,0.0,0.0,0.0,0.0,0.0,0.0,0.0,0.0,1.2921244312013842e-13,2.8750067281158714e-11,0.04469900725397985
1,0.4534498410585544,3,2,26,3.8147627957676935,0.01301183260139779,-1.7298035834169472,-0.005900213424984344,6.408067869196396e-27,0.0,0.0,0.0,0.0,0.0,0.0,0.0,0.0,-1.4817646273192802e-27,5.63130898027543e-28,-6.289391594561635e-28,-1.4790868700805799e-27,-6.828922211875022e-28,-1.4432985227513824e-27,1.4353947326981692e-27,-7.4876180229856755e-28,1.2921244312013842e-13,2.8750067281158714e-11,0.04469900725397985
1,0.4534498410585544,3,4,27,2.5616097664468027,0.006363449681963229,1.1615615414493434,0.002885505246870335,6.1108648168874656e-27,-1.030538997806646e-27,-1.1070800967515449e-27,1.1460671960601216e-27,-1.030003835721282e-27,1.129228486743352e-27,-1.0092517078225725e-27,1.0079253132306372e-27,1.168248748399793e-27,0.0,0.0,0.0,0.0,0.0,0.0,0.0,0.0,1.2921244312013842e-13,2.8750067281158714e-11,0.04469900725397985
1,0.4534498410585544,3,2,28,2.5616097664468027,0.006363449681962765,-1.1615615414493434,-0.0028855052468701246,6.0124413099841926e-27,0.0,0.0,0.0,0.0,0.0,0.0,0.0,0.0,1.0567651153470481e-27,1.0832832156250895e-27,-1.072838898155698e-27,1.0787349532017495e-27,-1.0376142192385084e-27,1.06220479742671e-27,-1.08350824146239e-27,-1.0268498107970384e-27,1.2921244312013842e-13,2.8750067281158714e-11,0.04469900725397985
1,0.4534498410585544,3,2,29,2.560240494914267,0.006996798664875517,-1.160940645490549,-0.0031726972425065087,2.657299538988401e-27,0.0,0.0,0.0,0.0,0.0,0.0,0.0,0.0,-2.247164476472767e-28,4.276474284432692e-28,-4.664672843194295e-28,-1.2003947674616164e-28,-6.966432060139088e-28,4.82684880195293e-28,-6.280333247548e-28,-5.653561113132744e-28,1.2921244312013842e-13,2.8750067281158714e-11,0.04469900725397985
2,0.2617993877991494,4,5,0,0.2845575131779424,0.006134804523975659,0.07449698274363371,0.0016060880686442796,21.36178584713898,4.093359088033488,-3.689289079099278,3.698154422812722,3.850945095975529,3.698154422806791,3.8509450959359626,-3.615919703443551,3.6993104877278467,0.0,0.0,0.0,0.0,0.0,0.0,0.0,0.0,3.977083642011857e-13,2.541054873687218e-10,0.04469900725406041
2,0.2617993877991494,4,3,1,0.28455751317819955,0.00613480452373593,-0.07449698274370103,-0.0016060880685815188,21.361785846626432,0.0,0.0,0.0,0.0,0.0,0.0,0.0,0.0,-3.6159197036203707,3.6993104873589706,-3.6981544224391145,-3.850945096140198,-3.698154422442189,-3.8509450961242804,4.093359088210392,-3.689289078730291,3.977083642011857e-13,2.541054873687218e-10,0.04469900725406041
2,0.2617993877991494,4,5,2,0.27254024467719207,-0.005875806933399027,0.07135086920711928,-0.0015382826579898629,20.46373516061966,-3.308692332259647,3.6891269947685803,-3.697679040601509,-3.5336774879088435,-3.697679040599055,-3.533677487868863,3.7660509268545894,-3.699156343172003,0.0,0.0,0.0,0.0,0.0,0.0,0.0,0.0,3.977083642011857e-13,2.541054873687218e-10,0.04469900725406041
2,0.2617993877991494,4,3,3,0.2725402446770344,-0.00587580693318396,-0.071350869207078,0.0015382826579335583,20.46373516002079,0.0,0.0,0.0,0.0,0.0,0.0,0.0,0.0,3.766050927027731,-3.6991563427998755,3.697679040224894,3.5336774880695274,3.6976790402309474,3.5336774880533923,-3.3086923324324773,3.689126994396324,3.977083642011857e-13,2.541054873687218e-10,0.04469900725406041
2,0.2617993877991494,4,5,4,2.4017232724337862,0.0004116425053441678,0.628769682386135,0.00010776775589121122,1.4304892221652472,0.27148011074917927,-0.24994119655993516,0.2503629531536554,0.2552415134633534,0.2503629532102656,0.25524151335194567,-0.23950313098564907,0.25027372656081615,0.0,0.0,0.0,0.0,0.0,0.0,0.0,0.0,3.977083642011857e-13,2.541054873687218e-10,0.04469900725406041
2,0.2617993877991494,4,3,5,2.4017232724333315,0.0004116425041117075,-0.6287696823860159,-0.00010776775556855386,1.4304892217937752,0.0,0.0,0.0,0.0,0.0,0.0,0.0,0.0,-0.23950313082637983,0.25027372659035463,-0.2503629531813977,-0.25524151329226097,-0.25036295324201235,-0.25524151320463195,0.27148011058998833,-0.24994119658956784,3.977083642011857e-13,2.541054873687218e-10,0.04469900725406041
2,0.2617993877991494,4,5,6,2.400908041057577,-0.00040321655521315114,0.6285562553109287,-0.0001055618473052849,1.401165297212077,-0.22946884472566043,0.24994679822504307,-0.2503532785485316,-0.2448794904007886,-0.2503532786062033,-0.24487949028872383,0.2607903522582111,-0.25026949973128976,0.0,0.0,0.0,0.0,0.0,0.0,0.0,0.0,3.977083642011857e-13,2.541054873687218e-10,0.04469900725406041
2,0.2617993877991494,4,3,7,2.400908041057589,-0.0004032165550492701,-0.628556255310932,0.00010556184726238093,1.401165296856036,0.0,0.0,0.0,0.0,0.0,0.0,0.0,0.0,0.26079035209491996,-0.25026949976633284,0.2503532785814798,0.24487949022552738,0.2503532786436795,0.24487949013753765,-0.22946884456243138,0.24994679826009944,3.977083642011857e-13,2.541054873687218e-10,0.04469900725406041
2,0.2617993877991494,4,5,8,0.842481557572025,0.005685812660402988,0.22056115600443,0.001488542273634155,0.04330398622200456,0.008393257059806421,-0.007371684552683978,0.007395962766410764,0.007902113704179583,0.00739596276646569,0.00790211370391923,-0.007425746454814037,0.007404421976675911,0.0,0.0,0.0,0.0,0.0,0.0,0.0,0.0,3.977083642011857e-13,2.541054873687218e-10,0.04469900725406041
2,0.2617993877991494,4,3,9,0.8424815575724058,0.005685812660258385,-0.2205611560045297,-0.0014885422735962982,0.04330398621969958,0.0,0.0,0.0,0.0,0.0,0.0,0.0,0.0,-0.007425746455037227,0.007404421975581881,-0.007395962765310977,-0.00790211370436795,-0.007395962765390784,-0.007902113704185644,0.008393257060040987,-0.007371684551603848,3.977083642011857e-13,2.541054873687218e-10,0.04469900725406041
2,0.2617993877991494,4,5,10,0.8318207995885402,-0.00497013326496301,0.21777017609087876,-0.0013011778460475035,0.04028185277128469,-0.0063921962988559445,0.007368421732600189,-0.0073925667493941714,-0.006834730111423144,-0.007392566749444877,-0.0068347301112602656,0.007292035373088004,-0.007403027534564401,0.0,0.0,0.0,0.0,0.0,0.0,0.0,0.0,3.977083642011857e-13,2.541054873687218e-10,0.04469900725406041
2,0.2617993877991494,4,3,11,0.8318207995882928,-0.004970133264751044,-0.217770176090814,0.001301177845992011,0.040281852770395025,0.0,0.0,0.0,0.0,0.0,0.0,0.0,0.0,0.007292035373640216,-0.007403027533735346,0.007392566748552029,0.006834730111970682,0.007392566748642759,0.006834730111834882,-0.006392196299426475,0.007368421731786207,3.977083642011857e-13,2.541054873687218e-10,0.04469900725406041
2,0.2617993877991494,4,3,12,2.9740286325999934,0.0006080015010864401,-0.7785988753118197,-0.0001591744207653939,0.000382268491841956,0.0,0.0,0.0,0.0,0.0,0.0,0.0,0.0,-6.436979177994942e-5,6.652675938630452e-5,-6.652742788066996e-5,-6.857561469078299e-5,-6.65274279073156e-5,-6.85756146554802e-5,7.291435513670258e-5,-6.639081225442452e-5,3.977083642011857e-13,2.541054873687218e-10,0.04469900725406041
2,0.2617993877991494,4,5,13,2.9740286326000316,0.0006080015012786596,0.7785988753118297,0.00015917442081571684,0.0003822684916428119,7.29143551268237e-5,-6.639081219284631e-5,6.652742782829624e-5,6.857561468132814e-5,6.65274278371098e-5,6.857561464504584e-5,-6.436979177004544e-5,6.652675932526549e-5,0.0,0.0,0.0,0.0,0.0,0.0,0.0,0.0,3.977083642011857e-13,2.541054873687218e-10,0.04469900725406041
2,0.2617993877991494,4,3,14,2.9733061428418353,-0.0001141989596530283,-0.7784097279354427,2.9897217724462572e-5,0.000369456536474792,0.0,0.0,0.0,0.0,0.0,0.0,0.0,0.0,6.824413388514613e-5,-6.652876791976875e-5,6.651789833377858e-5,6.404874475015016e-5,6.651789836871133e-5,6.404874471472723e-5,-5.998626314463667e-5,6.637879838543392e-5,3.977083642011857e-13,2.541054873687218e-10,0.04469900725406041
2,0.2617993877991494,4,5,15,2.9733061428417003,-0.0001141989598717353,0.7784097279354074,-2.989721778171993e-5,0.0003694565362634615,-5.9986263121166e-5,6.637879833390766e-5,-6.651789829142483e-5,-6.404874472708484e-5,-6.651789830909886e-5,-6.404874469125771e-5,6.824413386223501e-5,-6.652876786929798e-5,0.0,0.0,0.0,0.0,0.0,0.0,0.0,0.0,3.977083642011857e-13,2.541054873687218e-10,0.04469900725406041
2,0.2617993877991494,4,3,16,2.954615070424347,0.01107911904493953,-0.7735164166192346,-0.0029005065833190655,0.0003189704586784508,0.0,0.0,0.0,0.0,0.0,0.0,0.0,0.0,-4.98005931281007e-5,5.9044426370450664e-5,-5.928430076383807e-5,-5.330178619363153e-5,-5.9284300760949684e-5,-5.3301786193742185e-5,5.6921441138788685e-5,-5.941745312004864e-5,3.977083642011857e-13,2.541054873687218e-10,0.04469900725406041
2,0.2617993877991494,4,5,17,2.954615070425424,0.011079119039214512,0.7735164166195168,0.0029005065818202597,0.0003189704586108138,5.692144114857347e-5,-5.941745308679906e-5,5.928430073154341e-5,5.330178620400559e-5,5.928430072842226e-5,5.3301786204886855e-5,-4.980059313978548e-5,5.904442633890584e-5,0.0,0.0,0.0,0.0,0.0,0.0,0.0,0.0,3.977083642011857e-13,2.541054873687218e-10,0.04469900725406041
2,0.2617993877991494,4,5,18,2.9324804143816023,-0.010557287722555597,0.7677215772180994,-0.0027638914625845315,0.00024354065839895015,-4.473097907662807e-5,3.843572842315549e-5,-3.8189913420547014e-5,-4.73991810516105e-5,-3.8189913421822524e-5,-4.739918105295129e-5,5.014366798010336e-5,-3.784922377216234e-5,0.0,0.0,0.0,0.0,0.0,0.0,0.0,0.0,3.977083642011857e-13,2.541054873687218e-10,0.04469900725406041
2,0.2617993877991494,4,3,19,2.9324804143822085,-0.010557287725068506,-0.7677215772182582,0.0027638914632424094,0.00024354065833898615,0.0,0.0,0.0,0.0,0.0,0.0,0.0,0.0,5.014366798565824e-5,-3.7849223739362306e-5,3.818991338874284e-5,4.7399181057955614e-5,3.818991339005456e-5,4.7399181059327915e-5,-4.473097908374503e-5,3.843572839238141e-5,3.977083642011857e-13,2.541054873687218e-10,0.04469900725406041
2,0.2617993877991494,4,3,20,2.9421571709235836,-0.00023930753068226486,-0.7702549461566716,6.26505650283431e-5,0.00016935284056331494,0.0,0.0,0.0,0.0,0.0,0.0,0.0,0.0,2.439051541174718e-5,-3.62443619978141e-5,3.584652206722263e-5,2.2509012409441927e-5,3.584652207354356e-5,2.250901240263079e-5,-2.069915735468112e-5,3.540359247030703e-5,3.977083642011857e-13,2.541054873687218e-10,0.04469900725406041
2,0.2617993877991494,4,5,21,2.942157170923843,-0.00023930753210178735,0.7702549461567395,-6.265056539997322e-5,0.00016935284050864088,-2.069915737742494e-5,3.5403592441134955e-5,-3.584652203691571e-5,-2.2509012431582992e-5,-3.58465220433798e-5,-2.250901242536994e-5,2.4390515433856676e-5,-3.624436196651309e-5,0.0,0.0,0.0,0.0,0.0,0.0,0.0,0.0,3.977083642011857e-13,2.541054873687218e-10,0.04469900725406041
2,0.2617993877991494,4,5,22,2.942672988316402,0.0007633096252264038,0.7703899868343276,0.0001998339925854707,0.00011465125876731467,2.5815361739226714e-5,-1.4432671431862278e-5,1.476774824551066e-5,2.455728489821523e-5,1.4767748237436844e-5,2.4557284895640633e-5,-2.3328694407176116e-5,1.505368099492297e-5,0.0,0.0,0.0,0.0,0.0,0.0,0.0,0.0,3.977083642011857e-13,2.541054873687218e-10,0.04469900725406041
2,0.2617993877991494,4,3,23,2.9426729883173373,0.0007633096228484154,-0.7703899868345724,-0.00019983399196291479,0.00011465125867699997,0.0,0.0,0.0,0.0,0.0,0.0,0.0,0.0,-2.3328694413523622e-5,1.5053680943301223e-5,-1.4767748192327476e-5,-2.45572849042821e-5,-1.4767748184293113e-5,-2.45572849008045e-5,2.581536174406994e-5,-1.4432671377117104e-5,3.977083642011857e-13,2.541054873687218e-10,0.04469900725406041
2,0.2617993877991494,4,3,24,5.085088988358958,0.006084587690167773,-1.3312731840565712,-0.0015929413322961635,7.669778890792587e-6,0.0,0.0,0.0,0.0,0.0,0.0,0.0,0.0,-1.3137814993463695e-6,1.3128640671565515e-6,-1.3114576663165362e-6,-1.398154792830603e-6,-1.311457666022853e-6,-1.3981547930659841e-6,1.4851482029674083e-6,-1.3072523354791553e-6,3.977083642011857e-13,2.541054873687218e-10,0.04469900725406041
2,0.2617993877991494,4,5,25,5.085088988358847,0.0060845876900453705,1.3312731840565422,0.0015929413322641186,7.66977888835905e-6,1.4851482028995546e-6,-1.3072523344465097e-6,1.3114576654272535e-6,1.3981547928901278e-6,1.3114576651256524e-6,1.3981547930188078e-6,-1.3137814994153527e-6,1.3128640663983709e-6,0.0,0.0,0.0,0.0,0.0,0.0,0.0,0.0,3.977083642011857e-13,2.541054873687218e-10,0.04469900725406041
2,0.2617993877991494,4,5,26,5.073186549411506,-0.005811275969008146,1.3281571328268116,-0.0015213884910182413,7.172159263248026e-6,-1.143763347410382e-6,1.3070317745354366e-6,-1.310991576782105e-6,-1.2225739971675475e-6,-1.3109915770587393e-6,-1.2225739971887454e-6,1.304004182323951e-6,-1.3125036117824037e-6,0.0,0.0,0.0,0.0,0.0,0.0,0.0,0.0,3.977083642011857e-13,2.541054873687218e-10,0.04469900725406041
2,0.2617993877991494,4,3,27,5.0731865494113215,-0.005811275969183938,-1.3281571328267632,0.0015213884910642637,7.1721592595454564e-6,0.0,0.0,0.0,0.0,0.0,0.0,0.0,0.0,1.3040041840981299e-6,-1.312503608658086e-6,1.3109915737768368e-6,1.2225739990051783e-6,1.310991574178139e-6,1.2225739989493887e-6,-1.143763349227729e-6,1.3070317717675742e-6,3.977083642011857e-13,2.541054873687218e-10,0.04469900725406041
2,0.2617993877991494,4,3,28,5.087650365959152,0.005229218174022356,-1.3319437511442245,-0.0013690061166272388,5.448447436379169e-6,0.0,0.0,0.0,0.0,0.0,0.0,0.0,0.0,9.371379213745999e-7,-1.0474801892136102e-6,1.043099747446696e-6,8.754227563006216e-7,1.0430997477426006e-6,8.754227564197924e-7,-8.157920379152827e-7,1.0369663760228754e-6,3.977083642011857e-13,2.541054873687218e-10,0.04469900725406041
2,0.2617993877991494,4,5,29,5.087650365958893,0.005229218173927411,1.3319437511441568,0.0013690061166023823,5.448447436022962e-6,-8.157920369898827e-7,1.0369663766767977e-6,-1.043099748094588e-6,-8.754227552799132e-7,-1.043099748425373e-6,-8.754227555793815e-7,9.371379204378882e-7,-1.0474801898895453e-6,0.0,0.0,0.0,0.0,0.0,0.0,0.0,0.0,3.977083642011857e-13,2.541054873687218e-10,0.04469900725406041
2,0.2617993877991494,4,3,30,5.076972758210487,-0.004926704172595101,-1.3291483599724645,0.0012898081362529123,4.458147155546281e-6,0.0,0.0,0.0,0.0,0.0,0.0,0.0,0.0,-8.432136941799402e-7,6.741668700109865e-7,-6.679412689851392e-7,-8.918667598469324e-7,-6.679412690580836e-7,-8.918667599506445e-7,9.418539230794621e-7,-6.599306004169111e-7,3.977083642011857e-13,2.541054873687218e-10,0.04469900725406041
2,0.2617993877991494,4,5,31,5.076972758210788,-0.004926704172511475,1.3291483599725433,-0.0012898081362310192,4.458147155319394e-6,9.418539235251413e-7,-6.59930599727127e-7,6.679412683781666e-7,8.918667603197349e-7,6.67941268302319e-7,8.918667603556561e-7,-8.43213694613297e-7,6.741668693379906e-7,0.0,0.0,0.0,0.0,0.0,0.0,0.0,0.0,3.977083642011857e-13,2.541054873687218e-10,0.04469900725406041
2,0.2617993877991494,4,5,32,5.0872371894972295,0.005989317950599628,1.33183558179944,0.0015679997728014388,3.056847418755188e-6,4.503133157098199e-7,-6.47333195164002e-7,6.406779566604787e-7,4.162449195894943e-7,6.406779567397327e-7,4.162449199185309e-7,-3.8345704594528003e-7,6.331889478778631e-7,0.0,0.0,0.0,0.0,0.0,0.0,0.0,0.0,3.977083642011857e-13,2.541054873687218e-10,0.04469900725406041
2,0.2617993877991494,4,3,33,5.087237189497026,0.0059893179505290245,-1.3318355817993868,-0.0015679997727829549,3.0568474160968245e-6,0.0,0.0,0.0,0.0,0.0,0.0,0.0,0.0,-3.8345704703795613e-7,6.331889464916325e-7,-6.406779552029913e-7,-4.162449207301813e-7,-6.406779552304819e-7,-4.1624492090650465e-7,4.5031331674060424e-7,-6.473331935813676e-7,3.977083642011857e-13,2.541054873687218e-10,0.04469900725406041
2,0.2617993877991494,4,3,34,5.074984022303626,-0.005741516564774128,-1.328627710129554,0.001503125521696542,2.0126188185590425e-6,0.0,0.0,0.0,0.0,0.0,0.0,0.0,0.0,4.4927750912747923e-7,-2.60194709616722e-7,2.657413177563722e-7,4.271062734758611e-7,2.6574131782098145e-7,4.271062735522471e-7,-4.0546566578799686e-7,2.7043318279067966e-7,3.977083642011857e-13,2.541054873687218e-10,0.04469900725406041
2,0.2617993877991494,4,5,35,5.074984022303479,-0.005741516564811803,1.3286277101295156,-0.0015031255217064052,2.0126188144152565e-6,-4.0546566576949374e-7,2.704331809411742e-7,-2.6574131589603534e-7,-4.2710627345523023e-7,-2.65741315903426e-7,-4.271062734824165e-7,4.492775090550712e-7,-2.6019470768742497e-7,0.0,0.0,0.0,0.0,0.0,0.0,0.0,0.0,3.977083642011857e-13,2.541054873687218e-10,0.04469900725406041
2,0.2617993877991494,4,3,36,7.204367484334346,0.00041854602745772587,-1.88609899687883,-0.00010957509375419861,1.6453394441129854e-7,0.0,0.0,0.0,0.0,0.0,0.0,0.0,0.0,-2.763008451137979e-8,2.8707059276016892e-8,-2.87121212589706e-8,-2.9440325086661147e-8,-2.8712121277879973e-8,-2.9440325078678037e-8,3.130793095823074e-8,-2.8658245245592534e-8,3.977083642011857e-13,2.541054873687218e-10,0.04469900725406041
2,0.2617993877991494,4,5,37,7.204367484334186,0.00041854602874958485,1.886098996878788,0.00010957509409240651,1.645339441643285e-7,3.130793092074317e-8,-2.8658245199786488e-8,2.871212121112034e-8,2.9440325047962806e-8,2.8712121227135324e-8,2.9440325040864762e-8,-2.7630084472709236e-8,2.870705922333172e-8,0.0,0.0,0.0,0.0,0.0,0.0,0.0,0.0,3.977083642011857e-13,2.541054873687218e-10,0.04469900725406041
2,0.2617993877991494,4,3,38,7.203555210702921,-0.0003933550773611745,-1.8858863441393974,0.00010298011844084254,1.602667294575961e-7,0.0,0.0,0.0,0.0,0.0,0.0,0.0,0.0,2.9752353165815948e-8,-2.870622469997321e-8,2.8710911599613667e-8,2.7932433198443e-8,2.871091159412501e-8,2.7932433195216117e-8,-2.6169879129198435e-8,2.8659676261340497e-8,3.977083642011857e-13,2.541054873687218e-10,0.04469900725406041
2,0.2617993877991494,4,5,39,7.203555210703255,-0.0003933550775324455,1.885886344139485,-0.00010298011848568118,1.6026672934987597e-7,-2.6169879154159758e-8,2.8659676202098417e-8,-2.87109115378999e-8,-2.7932433223224274e-8,-2.8710911532670572e-8,-2.793243321977844e-8,2.9752353190150913e-8,-2.8706224635965483e-8,0.0,0.0,0.0,0.0,0.0,0.0,0.0,0.0,3.977083642011857e-13,2.541054873687218e-10,0.04469900725406041
2,0.2617993877991494,4,3,40,5.642836988817554,0.005727509672865484,-1.4772912691228313,-0.0014994585259698902,3.817826757879389e-9,0.0,0.0,0.0,0.0,0.0,0.0,0.0,0.0,-6.686879994110804e-10,6.384415563365476e-10,-6.367847584739058e-10,-7.106600916277161e-10,-6.367847497699622e-10,-7.106600939547208e-10,7.53904333272938e-10,-6.33705359471403e-10,3.977083642011857e-13,2.541054873687218e-10,0.04469900725406041
2,0.2617993877991494,4,5,41,5.642836988817244,0.0057275096729777555,1.4772912691227502,0.001499458525999283,3.8178266937201656e-9,7.539043282511421e-10,-6.337053388063053e-10,6.367847393930266e-10,7.106600868520185e-10,6.367847302072886e-10,7.106600903182981e-10,-6.686879959271886e-10,6.384415383146934e-10,0.0,0.0,0.0,0.0,0.0,0.0,0.0,0.0,3.977083642011857e-13,2.541054873687218e-10,0.04469900725406041
2,0.2617993877991494,4,5,42,5.632105795140407,-0.004998804380296378,1.4744818491878002,-0.0013086839264892982,3.3926055977873417e-9,-5.235016831484665e-10,6.331665028382555e-10,-6.360828347735706e-10,-5.607139604795863e-10,-6.36082843309752e-10,-5.607139551288939e-10,5.991972752936437e-10,-6.378764763937225e-10,0.0,0.0,0.0,0.0,0.0,0.0,0.0,0.0,3.977083642011857e-13,2.541054873687218e-10,0.04469900725406041
2,0.2617993877991494,4,3,43,5.632105795140247,-0.004998804380291466,-1.4744818491877583,0.0013086839264880121,3.3926054993208853e-9,0.0,0.0,0.0,0.0,0.0,0.0,0.0,0.0,5.991973072488691e-10,-6.378764116754878e-10,6.360827731717721e-10,5.60713992062076e-10,6.360827819363841e-10,5.607139886119138e-10,-5.235017161476881e-10,6.331664444782792e-10,3.977083642011857e-13,2.541054873687218e-10,0.04469900725406041
2,0.2617993877991494,4,3,44,5.6454769334781725,0.0048396053721047345,-1.4779824050188048,-0.0012670057236064943,2.7051187022361925e-9,0.0,0.0,0.0,0.0,0.0,0.0,0.0,0.0,4.801439234934838e-10,-5.063790643552484e-10,5.050921808089974e-10,4.4945262789890444e-10,5.050921897855529e-10,4.494526264468212e-10,-4.197706151905998e-10,5.029053917245286e-10,3.977083642011857e-13,2.541054873687218e-10,0.04469900725406041
2,0.2617993877991494,4,5,45,5.645476933477893,0.00483960537184621,1.4779824050187316,0.0012670057235388127,2.705118553328725e-9,-4.197706125147559e-10,5.029053447623114e-10,-5.050921340512528e-10,-4.494526238782717e-10,-5.050921418607335e-10,-4.494526248159747e-10,4.801439205803341e-10,-5.063790166120496e-10,0.0,0.0,0.0,0.0,0.0,0.0,0.0,0.0,3.977083642011857e-13,2.541054873687218e-10,0.04469900725406041
2,0.2617993877991494,4,5,46,5.636091458376718,-0.004085023478407975,1.47552529338304,-0.0010694566457923596,2.0709940465639994e-9,4.2677581106823857e-10,-3.21367727626515e-10,3.2429167213538254e-10,4.0344089288828323e-10,3.242916664230742e-10,4.034408916249155e-10,-3.8075374923279697e-10,3.264080812965624e-10,0.0,0.0,0.0,0.0,0.0,0.0,0.0,0.0,3.977083642011857e-13,2.541054873687218e-10,0.04469900725406041
2,0.2617993877991494,4,3,47,5.636091458376442,-0.004085023478617483,-1.4755252933829677,0.0010694566458472087,2.070993949166426e-9,0.0,0.0,0.0,0.0,0.0,0.0,0.0,0.0,-3.807537433335308e-10,3.2640805031956434e-10,-3.242916416525373e-10,-4.034408854683968e-10,-3.242916345072047e-10,-4.034408866928749e-10,4.267758046470851e-10,-3.2136769619455506e-10,3.977083642011857e-13,2.541054873687218e-10,0.04469900725406041
2,0.2617993877991494,4,3,48,5.645157091806427,0.005557218193787888,-1.477898670664949,-0.001454876320999964,1.4942813102504459e-9,0.0,0.0,0.0,0.0,0.0,0.0,0.0,0.0,-1.933651741795542e-10,3.058591525161731e-10,-3.092110127038069e-10,-2.0946035549264132e-10,-3.0921100988680686e-10,-2.0946035876055673e-10,2.2617354267077027e-10,-3.1214333129022843e-10,3.977083642011857e-13,2.541054873687218e-10,0.04469900725406041
2,0.2617993877991494,4,5,49,5.645157091806712,0.005557218193894382,1.477898670665024,0.001454876321027844,1.4942812836459034e-9,2.2617355151891588e-10,-3.1214331576554113e-10,3.092109985702473e-10,2.0946036603636274e-10,3.092109950484997e-10,2.0946036730194437e-10,-1.9336518433850664e-10,3.0585913906396584e-10,0.0,0.0,0.0,0.0,0.0,0.0,0.0,0.0,3.977083642011857e-13,2.541054873687218e-10,0.04469900725406041
2,0.2617993877991494,4,5,50,5.634287137471243,-0.00485128775277918,1.4750529232745933,-0.0012700641637151007,9.373670170929325e-10,-1.8561787166321552e-10,1.3065998874004966e-10,-1.2872881933638354e-10,-1.957486177150102e-10,-1.2872882051404997e-10,-1.9574861894479855e-10,2.061364308346364e-10,-1.2640589689555548e-10,0.0,0.0,0.0,0.0,0.0,0.0,0.0,0.0,3.977083642011857e-13,2.541054873687218e-10,0.04469900725406041
2,0.2617993877991494,4,3,51,5.634287137471317,-0.00485128775266106,-1.4750529232746126,0.001270064163684177,9.373669693118655e-10,0.0,0.0,0.0,0.0,0.0,0.0,0.0,0.0,2.0613642750951703e-10,-1.2640587853293488e-10,1.287288009640649e-10,1.9574861552917433e-10,1.287288033674541e-10,1.9574861590628778e-10,-1.8561786971772358e-10,1.306599715839839e-10,3.977083642011857e-13,2.541054873687218e-10,0.04469900725406041
2,0.2617993877991494,4,5,52,3.516661949819711,0.00010148839881552602,0.9206599455593634,2.656960067862063e-5,1.2254076121211777e-10,-2.5934235573382504e-11,-1.4422020350676553e-11,1.5724387122620677e-11,-2.6282880442731786e-11,1.5724391967679576e-11,-2.6282877539424396e-11,2.660002110287147e-11,1.70792930572469e-11,0.0,0.0,0.0,0.0,0.0,0.0,0.0,0.0,3.977083642011857e-13,2.541054873687218e-10,0.04469900725406041
2,0.2617993877991494,4,3,53,3.516661949819306,0.00010148839952612426,-0.9206599455592573,-2.6569600864654818e-5,1.2254072390498047e-10,0.0,0.0,0.0,0.0,0.0,0.0,0.0,0.0,2.6600013540318976e-11,1.707928795132722e-11,-1.572438255694665e-11,2.628287204016406e-11,-1.5724386871157276e-11,2.6282869972813182e-11,-2.5934227200832876e-11,-1.4422015817849657e-11,3.977083642011857e-13,2.541054873687218e-10,0.04469900725406041
2,0.2617993877991494,4,5,54,3.517385514293199,0.0008247798268157611,0.9208493742955558,0.00021592685372945474,7.692355968058451e-11,8.69614088219003e-12,1.7836551342470493e-11,-1.7006407777014537e-11,8.96797055601219e-12,-1.700641020497542e-11,8.967968147053178e-12,-9.205767094211567e-12,-1.6194168621099074e-11,0.0,0.0,0.0,0.0,0.0,0.0,0.0,0.0,3.977083642011857e-13,2.541054873687218e-10,0.04469900725406041
2,0.2617993877991494,4,3,55,3.5173855142936956,0.0008247798250203362,-0.9208493742956858,-0.00021592685325941358,7.692353744427863e-11,0.0,0.0,0.0,0.0,0.0,0.0,0.0,0.0,-9.20577332961965e-12,-1.6194158962136894e-11,1.700639768415361e-11,-8.967977712815532e-12,1.7006400577105177e-11,-8.967974562581764e-12,8.696148247562208e-12,1.7836541290419213e-11,3.977083642011857e-13,2.541054873687218e-10,0.04469900725406041
2,0.2617993877991494,4,5,56,7.775898885897787,-0.00014927663089862007,2.0357255679161286,-3.908053058197833e-5,3.641641173751514e-12,-6.102008604519239e-13,6.366601609849048e-13,-6.368564645641432e-13,-6.502667387036712e-13,-6.368564576220106e-13,-6.502666800858495e-13,6.916049685580559e-13,-6.357509553757947e-13,0.0,0.0,0.0,0.0,0.0,0.0,0.0,0.0,3.977083642011857e-13,2.541054873687218e-10,0.04469900725406041
2,0.2617993877991494,4,3,57,7.775898885897971,-0.00014927663125927082,-2.0357255679161765,3.908053067639647e-5,3.641640128173985e-12,0.0,0.0,0.0,0.0,0.0,0.0,0.0,0.0,6.916050692531047e-13,-6.357504656031237e-13,6.368560061292776e-13,6.502668264212702e-13,6.368559586016899e-13,6.502667979694885e-13,-6.102009654907001e-13,6.36659692957498e-13,3.977083642011857e-13,2.541054873687218e-10,0.04469900725406041
2,0.2617993877991494,4,3,58,7.776706443043642,0.0006579445279231572,-2.0359369858825263,-0.0001722494746160829,3.5493246516792432e-12,0.0,0.0,0.0,0.0,0.0,0.0,0.0,0.0,-5.786080647996349e-13,6.355823135999931e-13,-6.367759518213651e-13,-6.176404722293427e-13,-6.367759702526832e-13,-6.176404394436655e-13,6.579451621224673e-13,-6.367330559851947e-13,3.977083642011857e-13,2.541054873687218e-10,0.04469900725406041
2,0.2617993877991494,4,5,59,7.776706443043893,0.0006579445276156011,2.035936985882592,0.00017224947453556492,3.549322951329984e-12,6.57944839418647e-13,-6.367327717067853e-13,6.367756606142582e-13,6.176401370901287e-13,6.367756910427632e-13,6.176401414777131e-13,-5.786077546363007e-13,6.35582027289027e-13,0.0,0.0,0.0,0.0,0.0,0.0,0.0,0.0,3.977083642011857e-13,2.541054873687218e-10,0.04469900725406041
2,0.2617993877991494,4,3,60,7.75723259157059,0.011066448267741405,-2.03083874348879,-0.0028971893816056573,3.1868610478727167e-12,0.0,0.0,0.0,0.0,0.0,0.0,0.0,0.0,-4.960157296931185e-13,5.912186027984634e-13,-5.93706806127834e-13,-5.30990053577852e-13,-5.93706785686975e-13,-5.309900375762968e-13,5.67150711937467e-13,-5.951318236044547e-13,3.977083642011857e-13,2.541054873687218e-10,0.04469900725406041
2,0.2617993877991494,4,5,61,7.757232591571671,0.011066448262055585,2.0308387434890727,0.0028971893801171132,3.186860211942443e-12,5.671508363755104e-13,-5.951313900271905e-13,5.937063994789413e-13,5.309901991837156e-13,5.937063949909027e-13,5.309901572543245e-13,-4.960158687134544e-13,5.912182375943743e-13,0.0,0.0,0.0,0.0,0.0,0.0,0.0,0.0,3.977083642011857e-13,2.541054873687218e-10,0.04469900725406041
2,0.2617993877991494,4,5,62,7.735139917712147,-0.010529888893148893,2.025054894997803,-0.002756718465819443,2.4516783010970646e-12,-4.5106921304194165e-13,3.860264304114037e-13,-3.8349828179171666e-13,-4.779245128737635e-13,-3.834982962010851e-13,-4.779245215414797e-13,5.055458614018001e-13,-3.80013532280187e-13,0.0,0.0,0.0,0.0,0.0,0.0,0.0,0.0,3.977083642011857e-13,2.541054873687218e-10,0.04469900725406041
2,0.2617993877991494,4,3,63,7.735139917712763,-0.010529888895640925,-2.025054894997964,0.0027567184664718555,2.4516772058837776e-12,0.0,0.0,0.0,0.0,0.0,0.0,0.0,0.0,5.055457163678468e-13,-3.8001326015436133e-13,3.8349801339775516e-13,4.779243871981684e-13,3.834980324130693e-13,4.779243721964428e-13,-4.5106908274555395e-13,3.8602617017023794e-13,3.977083642011857e-13,2.541054873687218e-10,0.04469900725406041
2,0.2617993877991494,4,3,64,7.744799904173021,-0.0002299890454974217,-2.027583873539408,6.0210991311735716e-5,1.6226113970718979e-12,0.0,0.0,0.0,0.0,0.0,0.0,0.0,0.0,2.152555728191794e-13,-3.589854873438536e-13,3.542383603375173e-13,1.9745184393498007e-13,3.5423835566753477e-13,1.9745186746098452e-13,-1.8035621924044385e-13,3.490956171323288e-13,3.977083642011857e-13,2.541054873687218e-10,0.04469900725406041
2,0.2617993877991494,4,5,65,7.744799904173297,-0.00022998904694916666,2.02758387353948,-6.021099169180166e-5,1.6226110293527192e-12,-1.8035588739502054e-13,3.4909568436595724e-13,-3.5423844638773087e-13,-1.9745150182874958e-13,-3.542384355004052e-13,-1.974515341911982e-13,2.1525522978390992e-13,-3.589855866873563e-13,0.0,0.0,0.0,0.0,0.0,0.0,0.0,0.0,3.977083642011857e-13,2.541054873687218e-10,0.04469900725406041
2,0.2617993877991494,4,5,66,7.74531372357288,0.0007687489123576717,2.0277183911437304,0.00020125799462650043,1.2173462623529688e-12,2.810393217698735e-13,-1.4011719014459937e-13,1.443023422123361e-13,2.6786437428987133e-13,1.443023441348716e-13,2.6786436529063665e-13,-2.5497748672194167e-13,1.4795147944224656e-13,0.0,0.0,0.0,0.0,0.0,0.0,0.0,0.0,3.977083642011857e-13,2.541054873687218e-10,0.04469900725406041
2,0.2617993877991494,4,3,67,7.745313723573783,0.0007687489100179218,-2.0277183911439667,-0.0002012579940139553,1.2173457845328077e-12,0.0,0.0,0.0,0.0,0.0,0.0,0.0,0.0,-2.549772427033765e-13,1.4795166706776393e-13,-1.443025463067307e-13,-2.678641240926053e-13,-1.4430254494455655e-13,-2.678641260124455e-13,2.8103907683206864e-13,-1.4011740791629184e-13,3.977083642011857e-13,2.541054873687218e-10,0.04469900725406041
2,0.2617993877991494,4,3,68,9.877848780457636,-0.005836593271204847,-2.586014763496384,0.0015280165452340637,4.515931496462008e-18,0.0,0.0,0.0,0.0,0.0,0.0,0.0,0.0,9.87365286476668e-19,6.182320481038605e-19,-5.6843291236823e-19,9.751141102373302e-19,-5.684385757014449e-19,9.751131706943029e-19,-9.61722959667321e-19,-5.20588426039002e-19,3.977083642011857e-13,2.541054873687218e-10,0.04469900725406041
2,0.2617993877991494,4,5,69,9.877848780457773,-0.005836593270673804,2.5860147634964195,-0.001528016545095037,4.515908041089036e-18,-9.617519828637584e-19,-5.205247684592465e-19,5.683601284531536e-19,-9.751438422734978e-19,5.683742875699346e-19,-9.751498000041592e-19,9.87403076514352e-19,6.181585325907014e-19,0.0,0.0,0.0,0.0,0.0,0.0,0.0,0.0,3.977083642011857e-13,2.541054873687218e-10,0.04469900725406041
2,0.2617993877991494,4,3,70,9.88981909535559,0.006127087740701618,-2.589148584608431,-0.001604067819507357,2.6774483959035773e-18,0.0,0.0,0.0,0.0,0.0,0.0,0.0,0.0,-3.0269602365688382e-19,-5.733798514263303e-19,6.013779026721094e-19,-2.9353844348636085e-19,6.013807162034328e-19,-2.9353841513377706e-19,2.831772888913613e-19,6.299644167385089e-19,3.977083642011857e-13,2.541054873687218e-10,0.04469900725406041
2,0.2617993877991494,4,5,71,9.889819095355488,0.0061270877401946415,2.5891485846084046,0.001604067819374631,2.6768656367268515e-18,2.831635976152813e-19,6.2980633563675245e-19,-6.012248054942233e-19,2.935152634880181e-19,-6.012329620142417e-19,2.935138044502646e-19,-3.02662732996145e-19,-5.732372586683965e-19,0.0,0.0,0.0,0.0,0.0,0.0,0.0,0.0,3.977083642011857e-13,2.541054873687218e-10,0.04469900725406041
2,0.2617993877991494,4,5,72,8.319309169495153,0.00010961979103778045,2.177990047485681,2.8698394184361606e-5,9.323575399357947e-19,-1.997983870082689e-19,-1.0515107003522521e-19,1.1498353498311744e-19,-2.0269350942893013e-19,1.1500985445845704e-19,-2.026669531728108e-19,2.053317456012185e-19,1.2524756246384727e-19,0.0,0.0,0.0,0.0,0.0,0.0,0.0,0.0,3.977083642011857e-13,2.541054873687218e-10,0.04469900725406041
2,0.2617993877991494,4,3,73,8.319309169495073,0.00010961979236824397,-2.17799004748566,-2.869839453267614e-5,9.318249702514406e-19,0.0,0.0,0.0,0.0,0.0,0.0,0.0,0.0,2.0531658253157251e-19,1.2501569081167492e-19,-1.1475542928848e-19,2.0266932457872078e-19,-1.1479031050715682e-19,2.0263874261432142e-19,-1.9976189784253998e-19,-1.0493550338488573e-19,3.977083642011857e-13,2.541054873687218e-10,0.04469900725406041
2,0.2617993877991494,4,3,74,8.32002967314964,0.000829851090610784,-2.178178674901333,-0.00021725450748635972,6.481806288927858e-19,0.0,0.0,0.0,0.0,0.0,0.0,0.0,0.0,-7.552574568788526e-20,-1.3759092932554273e-19,1.4439422834325305e-19,-7.343366842086415e-20,1.4442609264537973e-19,-7.341572914750893e-20,7.103458359628106e-20,1.5137660517958004e-19,3.977083642011857e-13,2.541054873687218e-10,0.04469900725406041
2,0.2617993877991494,4,5,75,8.320029673149644,0.0008298510928960723,2.178178674901334,0.0002172545080846468,6.481428494455382e-19,7.104668038054437e-20,1.5135571802620276e-19,-1.4437739568387063e-19,7.344933910690556e-20,-1.4440707495347327e-19,7.34291702365709e-20,-7.554274533828957e-20,-1.3757560619267021e-19,0.0,0.0,0.0,0.0,0.0,0.0,0.0,0.0,3.977083642011857e-13,2.541054873687218e-10,0.04469900725406041
2,0.2617993877991494,4,3,76,10.437126380628829,-0.0049356332476995874,-2.7324332968309797,0.0012921457626488796,1.5496043158234607e-21,0.0,0.0,0.0,0.0,0.0,0.0,0.0,0.0,3.0706822360325064e-22,2.558825600962495e-22,-2.3834209637241672e-22,3.052314610474618e-22,-2.383992659663637e-22,3.052911654819415e-22,-3.0297262701772894e-22,-2.2146635822527824e-22,3.977083642011857e-13,2.541054873687218e-10,0.04469900725406041
2,0.2617993877991494,4,5,77,10.437126380629017,-0.004935633247323753,2.732433296831029,-0.0012921457625504863,1.5478207542437286e-21,-3.017100706314384e-22,-2.224098132768395e-22,2.391947613489868e-22,-3.0396234115723146e-22,2.39385359665613e-22,-3.039845863651517e-22,3.057569315246355e-22,2.5677735165245194e-22,0.0,0.0,0.0,0.0,0.0,0.0,0.0,0.0,3.977083642011857e-13,2.541054873687218e-10,0.04469900725406041
2,0.2617993877991494,4,5,78,10.447746091559733,0.005679273130485388,2.735213530651294,0.0014868302287052335,1.4336524311771164e-21,2.2064379245176845e-22,2.967354708207588e-22,-2.806908993087358e-22,2.228551495496111e-22,-2.805675478358936e-22,2.2276186703052383e-22,-2.2441085045933047e-22,-2.649632314703336e-22,0.0,0.0,0.0,0.0,0.0,0.0,0.0,0.0,3.977083642011857e-13,2.541054873687218e-10,0.04469900725406041
2,0.2617993877991494,4,3,79,10.447746091559829,0.00567927313072945,-2.7352135306513192,-0.0014868302287691286,1.429030518072581e-21,0.0,0.0,0.0,0.0,0.0,0.0,0.0,0.0,-2.247723651350111e-22,-2.6316074534946313e-22,2.7882838153956955e-22,-2.2338527811243264e-22,2.78716884895636e-22,-2.231814373898652e-22,2.2123893732333226e-22,2.9482789905243496e-22,3.977083642011857e-13,2.541054873687218e-10,0.04469900725406041
3,0.15114994701951814,5,4,0,0.06746988121930153,0.01816076622753327,-0.010198068971710609,-0.002744998853125508,38.59699326667754,0.0,0.0,0.0,0.0,0.0,0.0,0.0,0.0,-6.390339875077623,6.820842048295398,-6.8277452278611115,-6.814938484516883,-6.8277452278489745,-6.814938484583831,7.253178940960553,-6.8210048885991155,1.2543105233502889e-12,4.840284427342778e-10,0.04300339976308861
3,0.15114994701951814,5,6,1,0.06746988121879838,0.01816076622748154,0.010198068971634557,0.002744998853117689,38.59699326666881,7.253178940961248,-6.821004888595362,6.82774522785757,6.81493848451755,6.827745227845054,6.81493848458445,-6.390339875078224,6.820842048291687,0.0,0.0,0.0,0.0,0.0,0.0,0.0,0.0,1.2543105233502889e-12,4.840284427342778e-10,0.04300339976308861
3,0.15114994701951814,5,6,2,2.083261227830908,0.0013091822339758759,0.31488482421445807,0.00019788282530434806,2.0335163450753453,0.3944856069385588,-0.3457735923693816,0.3469367261922071,0.3714231065303807,0.346936726204219,0.37142310656123123,-0.34905373606628093,0.3473563206844554,0.0,0.0,0.0,0.0,0.0,0.0,0.0,0.0,1.2543105233502889e-12,4.840284427342778e-10,0.04300339976308861
3,0.15114994701951814,5,4,3,2.0832612278307296,0.0013091822335700304,-0.3148848242144311,-0.00019788282524300452,2.0335163450272744,0.0,0.0,0.0,0.0,0.0,0.0,0.0,0.0,-0.34905373602748957,0.347356320708341,-0.34693672621219857,-0.37142310649386456,-0.34693672623199745,-0.3714231065202884,0.39448560689984324,-0.34577359239318345,1.2543105233502889e-12,4.840284427342778e-10,0.04300339976308861
3,0.15114994701951814,5,6,4,2.0768986881917186,-0.0008449139109614374,0.313923126685085,-0.00012770869287787514,1.796238949214801,-0.29198424129289074,0.32241507101144956,-0.32307049953896294,-0.3117360840025406,-0.32307049955101347,-0.3117360840336808,0.3321334436249077,-0.32310181039401864,0.0,0.0,0.0,0.0,0.0,0.0,0.0,0.0,1.2543105233502889e-12,4.840284427342778e-10,0.04300339976308861
3,0.15114994701951814,5,4,5,2.076898688191581,-0.0008449139109139685,-0.31392312668506417,0.00012770869287070022,1.796238949171999,0.0,0.0,0.0,0.0,0.0,0.0,0.0,0.0,0.33213344358292435,-0.3231018104196424,0.32307049956068096,0.31173608396274133,0.32307049958058337,0.3117360839895674,-0.2919842412509114,0.32241507103703126,1.2543105233502889e-12,4.840284427342778e-10,0.04300339976308861
3,0.15114994701951814,5,4,6,4.2967874989222485,0.000684013006699756,-0.6494592028162257,-0.00010338852972332943,1.1827102741164328,0.0,0.0,0.0,0.0,0.0,0.0,0.0,0.0,-0.19906781035931928,0.20591350644645207,-0.2059211075998282,-0.2120803113701283,-0.20592110781378123,-0.21208031145413248,0.2255042301047953,-0.20550413692878022,1.2543105233502889e-12,4.840284427342778e-10,0.04300339976308861
3,0.15114994701951814,5,6,7,4.2967874989303025,0.0006840130029810328,0.6494592028174431,0.00010338852916124461,1.1827102724948082,0.2255042304359191,-0.20550413600630316,0.20592110671740202,0.21208031175645742,0.20592110685065967,0.21208031172809233,-0.19906781069033158,0.20591350552403626,0.0,0.0,0.0,0.0,0.0,0.0,0.0,0.0,1.2543105233502889e-12,4.840284427342778e-10,0.04300339976308861
3,0.15114994701951814,5,4,8,4.292888396175635,-0.0005167509627118198,-0.6488698536426515,7.810688063617656e-5,1.1025957623856892,0.0,0.0,0.0,0.0,0.0,0.0,0.0,0.0,0.20536866589656474,-0.19678479325116016,0.1968602114997255,0.19284824885344903,0.19686021171397972,0.19284824893762323,-0.18072116622437112,0.19654954013253012,1.2543105233502889e-12,4.840284427342778e-10,0.04300339976308861
3,0.15114994701951814,5,6,9,4.292888396172022,-0.0005167509753981128,0.6488698536421054,-7.810688255370908e-5,1.1025957606657177,-0.1807211665522176,0.19654953920990345,-0.19686021061717032,-0.1928482492365345,-0.1968602107506238,-0.1928482492083676,0.20536866622439337,-0.19678479232853002,0.0,0.0,0.0,0.0,0.0,0.0,0.0,0.0,1.2543105233502889e-12,4.840284427342778e-10,0.04300339976308861
3,0.15114994701951814,5,6,10,2.1184263463711055,0.03505626029708556,0.320200030018744,0.005298751886606921,0.03870737255473303,-0.0025005174103516106,-0.009666951161732294,0.009284843112632526,-0.002717758915718647,0.009284843112523087,-0.00271775891550061,0.002916425317701573,0.008908152006147032,0.0,0.0,0.0,0.0,0.0,0.0,0.0,0.0,1.2543105233502889e-12,4.840284427342778e-10,0.04300339976308861
3,0.15114994701951814,5,4,11,2.1184263463711965,0.03505626029795894,-0.32020003001875774,-0.005298751886738931,0.038707372553275415,0.0,0.0,0.0,0.0,0.0,0.0,0.0,0.0,0.002916425317557982,0.008908152005821417,-0.009284843112270784,0.0027177589155634417,-0.009284843112223991,0.002717758915319662,-0.002500517410157132,-0.009666951161395444,1.2543105233502889e-12,4.840284427342778e-10,0.04300339976308861
3,0.15114994701951814,5,6,12,4.332275981110382,0.03566047424677499,0.6548232850187653,0.00539007879309093,0.0075228450038396615,-0.0005382504817017174,-0.0018644865147119849,0.001789073193926151,-0.0005783816804716995,0.0017890731939312033,-0.0005783816801520562,0.0006149335793497016,0.001714813057206368,0.0,0.0,0.0,0.0,0.0,0.0,0.0,0.0,1.2543105233502889e-12,4.840284427342778e-10,0.04300339976308861
3,0.15114994701951814,5,4,13,4.332275981103425,0.03566047424133341,-0.6548232850177137,-0.005390078792268436,0.007522845000727095,0.0,0.0,0.0,0.0,0.0,0.0,0.0,0.0,0.0006149335765281537,0.0017148130573497492,-0.001789073194088588,0.0005783816775970776,-0.0017890731939965146,0.0005783816772575417,-0.0005382504787521786,-0.0018644865147962031,1.2543105233502889e-12,4.840284427342778e-10,0.04300339976308861
3,0.15114994701951814,5,6,14,6.434823900025915,0.018434562545467294,0.9726232915688462,0.002786383152075375,4.15183350507336e-5,6.896781019320837e-6,-8.194127166288765e-6,8.14655445182813e-6,6.427721396628455e-6,8.146554452555518e-6,6.427721397101788e-6,-5.974942011595979e-6,8.086110015050692e-6,0.0,0.0,0.0,0.0,0.0,0.0,0.0,0.0,1.2543105233502889e-12,4.840284427342778e-10,0.04300339976308861
3,0.15114994701951814,5,4,15,6.434823900034108,0.018434562540665205,-0.9726232915700845,-0.0027863831513495396,4.1518334908372104e-5,0.0,0.0,0.0,0.0,0.0,0.0,0.0,0.0,-5.974942037901505e-6,8.086109952584618e-6,-8.14655438698645e-6,-6.427721421505635e-6,-8.146554387365844e-6,-6.427721422134371e-6,6.8967810428038955e-6,-8.194127098700615e-6,1.2543105233502889e-12,4.840284427342778e-10,0.04300339976308861
3,0.15114994701951814,5,4,16,6.441186265755535,0.016732521382344098,-0.9735849628117971,-0.002529119720444265,3.425643468739655e-5,0.0,0.0,0.0,0.0,0.0,0.0,0.0,0.0,6.201096020719943e-6,-6.295855220207579e-6,6.28694767835199e-6,5.812195411532289e-6,6.286947683529045e-6,5.812195406298193e-6,-5.4358570553089854e-6,6.266403188516482e-6,1.2543105233502889e-12,4.840284427342778e-10,0.04300339976308861
3,0.15114994701951814,5,6,17,6.441186265758439,0.016732521388080967,0.973584962812236,0.0025291197213113924,3.4256434566297015e-5,-5.43585709797103e-6,6.266403107979069e-6,-6.286947600786564e-6,-5.812195450804122e-6,-6.286947599826801e-6,-5.812195452124616e-6,6.201096063311756e-6,-6.295855139561195e-6,0.0,0.0,0.0,0.0,0.0,0.0,0.0,0.0,1.2543105233502889e-12,4.840284427342778e-10,0.04300339976308861
3,0.15114994701951814,5,4,18,4.225847103527842,0.01639195749848736,-0.6387365658108175,-0.002477643507442558,2.388812043565886e-5,0.0,0.0,0.0,0.0,0.0,0.0,0.0,0.0,5.4613906358327926e-6,2.8542773087528935e-6,-2.596709695569242e-6,5.3762840193680284e-6,-2.5967096845623545e-6,5.376284026376603e-6,-5.285973243258674e-6,-2.3498894348200754e-6,1.2543105233502889e-12,4.840284427342778e-10,0.04300339976308861
3,0.15114994701951814,5,6,19,4.225847103529684,0.016391957499723612,0.638736565811096,0.002477643507629417,2.3888120264340674e-5,-5.285973218361197e-6,-2.3498893882898125e-6,2.596709648152256e-6,-5.3762839947340056e-6,2.596709640736581e-6,-5.376283999970909e-6,5.461390609494203e-6,2.854277264105431e-6,0.0,0.0,0.0,0.0,0.0,0.0,0.0,0.0,1.2543105233502889e-12,4.840284427342778e-10,0.04300339976308861
3,0.15114994701951814,5,4,20,4.218329481764116,0.018182564161762088,-0.6376002776795177,-0.002748293609729329,2.0428153695019014e-5,0.0,0.0,0.0,0.0,0.0,0.0,0.0,0.0,-3.793755403495072e-6,-3.174775492715373e-6,3.3989448851612694e-6,-3.8099854179381274e-6,3.3989448894432763e-6,-3.8099854120566364e-6,3.8194099236410675e-6,3.6307274472950868e-6,1.2543105233502889e-12,4.840284427342778e-10,0.04300339976308861
3,0.15114994701951814,5,6,21,4.218329481764576,0.0181825641620962,0.637600277679587,0.0027482936097798297,2.0428153447891368e-5,3.819409874374832e-6,3.630727406483651e-6,-3.398944842563839e-6,3.8099853692810207e-6,-3.3989448518577576e-6,3.809985366702723e-6,-3.793755358575416e-6,-3.1747754532576355e-6,0.0,0.0,0.0,0.0,0.0,0.0,0.0,0.0,1.2543105233502889e-12,4.840284427342778e-10,0.04300339976308861
3,0.15114994701951814,5,4,22,6.442380122355138,0.017798220923992122,-0.9737654141735759,-0.0026902001497030887,1.7904913822711786e-5,0.0,0.0,0.0,0.0,0.0,0.0,0.0,0.0,-2.6531896932238615e-6,3.429332599269213e-6,-3.451075493441064e-6,-2.8489808830563204e-6,-3.451075501086949e-6,-2.848980878179776e-6,3.051668513897064e-6,-3.4671135370275867e-6,1.2543105233502889e-12,4.840284427342778e-10,0.04300339976308861
3,0.15114994701951814,5,6,23,6.442380122353663,0.017798220927273536,0.973765414173353,0.002690200150199074,1.790491357017319e-5,3.051668545034369e-6,-3.4671134289232704e-6,3.451075388506387e-6,2.8489809114213735e-6,3.451075389445841e-6,2.8489809136463495e-6,-2.653189726087768e-6,3.4293324909237892e-6,0.0,0.0,0.0,0.0,0.0,0.0,0.0,0.0,1.2543105233502889e-12,4.840284427342778e-10,0.04300339976308861
3,0.15114994701951814,5,6,24,6.434256173319659,0.017921230529331537,0.972537479707274,0.002708793045033033,1.547941732664663e-5,3.692964913140099e-6,-1.5189267771195045e-6,1.5841049824674693e-6,3.5297173388804864e-6,1.5841049797925952e-6,3.5297173391218658e-6,-3.369630912201661e-6,1.6422205892760971e-6,0.0,0.0,0.0,0.0,0.0,0.0,0.0,0.0,1.2543105233502889e-12,4.840284427342778e-10,0.04300339976308861
3,0.15114994701951814,5,4,25,6.434256173301229,0.017921230526946046,-0.9725374797044883,-0.002708793044672466,1.547941716429247e-5,0.0,0.0,0.0,0.0,0.0,0.0,0.0,0.0,-3.369630849443395e-6,1.642220626108002e-6,-1.5841050235444638e-6,-3.529717276331085e-6,-1.5841050197336761e-6,-3.5297172763220252e-6,3.692964850714284e-6,-1.5189268214055972e-6,1.2543105233502889e-12,4.840284427342778e-10,0.04300339976308861
3,0.15114994701951814,5,6,26,4.227647041423445,0.018196775065158283,0.6390086263283764,0.002750441587024763,1.3182509896508817e-5,2.9555339935480353e-6,1.6819641507740138e-6,-1.538237329726383e-6,2.913685279206343e-6,-1.5382373325741016e-6,2.9136852733704185e-6,-2.868754260105896e-6,-1.4003347999298104e-6,0.0,0.0,0.0,0.0,0.0,0.0,0.0,0.0,1.2543105233502889e-12,4.840284427342778e-10,0.04300339976308861
3,0.15114994701951814,5,4,27,4.227647041424775,0.018196775065645418,-0.6390086263285774,-0.002750441587098394,1.3182509817148769e-5,0.0,0.0,0.0,0.0,0.0,0.0,0.0,0.0,-2.868754240827816e-6,-1.4003347954961416e-6,1.538237325625069e-6,-2.9136852583145354e-6,1.538237327342177e-6,-2.9136852543286206e-6,2.95553397285375e-6,1.6819641458542279e-6,1.2543105233502889e-12,4.840284427342778e-10,0.04300339976308861
3,0.15114994701951814,5,6,28,8.651523800213539,0.01817027082381258,1.3076773640403767,0.0027464354723495676,8.98555988942313e-6,1.705129352518436e-6,-1.5701713260508524e-6,1.572810053343547e-6,1.603126990755304e-6,1.572810052956722e-6,1.6031269908939796e-6,-1.5042670398377282e-6,1.5722393838651946e-6,0.0,0.0,0.0,0.0,0.0,0.0,0.0,0.0,1.2543105233502889e-12,4.840284427342778e-10,0.04300339976308861
3,0.15114994701951814,5,4,29,8.6515238002169,0.018170270825145662,-1.3076773640408847,-0.002746435472551063,8.98555973954892e-6,0.0,0.0,0.0,0.0,0.0,0.0,0.0,0.0,-1.5042670122409598e-6,1.5722393595936038e-6,-1.572810029329369e-6,-1.6031269616689905e-6,-1.5728100290669479e-6,-1.603126962010282e-6,1.7051293221265474e-6,-1.570171302470761e-6,1.2543105233502889e-12,4.840284427342778e-10,0.04300339976308861
3,0.15114994701951814,5,6,30,8.6560659885338,0.01709582730166194,1.308363915564337,0.002584033390901034,5.786091842554719e-6,-9.285616130832601e-7,1.0493016664511263e-6,-1.0521432801232703e-6,-9.92158331931788e-7,-1.0521432806308362e-6,-9.921583319932085e-7,1.0578573509559545e-6,-1.0529984753694175e-6,0.0,0.0,0.0,0.0,0.0,0.0,0.0,0.0,1.2543105233502889e-12,4.840284427342778e-10,0.04300339976308861
3,0.15114994701951814,5,4,31,8.65606598853455,0.017095827301239947,-1.3083639155644502,-0.00258403339083725,5.786091793207911e-6,0.0,0.0,0.0,0.0,0.0,0.0,0.0,0.0,1.0578573546049433e-6,-1.052998454974119e-6,1.0521432598909505e-6,9.921583357668284e-7,1.0521432600725808e-6,9.92158335418075e-7,-9.285616167346666e-7,1.0493016460629603e-6,1.2543105233502889e-12,4.840284427342778e-10,0.04300339976308861
3,0.15114994701951814,5,4,32,8.657141960726278,0.018172264754928648,-1.3085265487042244,-0.002746736854932122,2.8891620544490846e-6,0.0,0.0,0.0,0.0,0.0,0.0,0.0,0.0,-4.6261463702075074e-7,5.248675289875573e-7,-5.263495781408873e-7,-4.943674236589991e-7,-5.263495781455514e-7,-4.943674230034867e-7,5.271719190409473e-7,-5.268418407753862e-7,1.2543105233502889e-12,4.840284427342778e-10,0.04300339976308861
3,0.15114994701951814,5,6,33,8.65714196072766,0.01817226475642052,1.3085265487044333,0.0027467368551576184,2.8891619629902633e-6,5.271718863722547e-7,-5.268418391271457e-7,5.263495759328614e-7,4.943673920893723e-7,5.263495764269531e-7,4.943673920055217e-7,-4.626146070587693e-7,5.248675267507938e-7,0.0,0.0,0.0,0.0,0.0,0.0,0.0,0.0,1.2543105233502889e-12,4.840284427342778e-10,0.04300339976308861
3,0.15114994701951814,5,4,34,6.443217334476893,0.018569913685413036,-0.9738919587414233,-0.0028068414697072054,2.0956749462226626e-6,0.0,0.0,0.0,0.0,0.0,0.0,0.0,0.0,-4.848112992195643e-7,1.5001404001369268e-7,-1.3892681168797785e-7,-5.050278133651469e-7,-1.3892681216926245e-7,-5.050278136023171e-7,5.2552117106433e-7,-1.2682925138099797e-7,1.2543105233502889e-12,4.840284427342778e-10,0.04300339976308861
3,0.15114994701951814,5,6,35,6.443217334470022,0.018569913679947377,0.9738919587403847,0.002806841468881071,2.095674914969322e-6,5.255211612583785e-7,-1.2682925684262195e-7,1.3892681707554653e-7,5.050278038440095e-7,1.3892681734585322e-7,5.050278040203763e-7,-4.848112899073671e-7,1.5001404512385217e-7,0.0,0.0,0.0,0.0,0.0,0.0,0.0,0.0,1.2543105233502889e-12,4.840284427342778e-10,0.04300339976308861
3,0.15114994701951814,5,6,36,6.243741336913871,0.0014147467840995714,0.9437411722781069,0.0002138389014626839,1.8784244895151928e-6,3.6596605682605874e-7,-3.1760553381050157e-7,3.187847557002142e-7,3.446680268591824e-7,3.1878475579243425e-7,3.446680268960372e-7,-3.240068764674805e-7,3.19274004748206e-7,0.0,0.0,0.0,0.0,0.0,0.0,0.0,0.0,1.2543105233502889e-12,4.840284427342778e-10,0.04300339976308861
3,0.15114994701951814,5,4,37,6.243741336914612,0.0014147467853296535,-0.943741172278219,-0.00021383890164861072,1.878424488457454e-6,0.0,0.0,0.0,0.0,0.0,0.0,0.0,0.0,-3.2400687560037245e-7,3.192740052840551e-7,-3.1878475629668964e-7,-3.446680259593147e-7,-3.187847563344349e-7,-3.44668026023345e-7,3.659660559204114e-7,-3.1760553441473756e-7,1.2543105233502889e-12,4.840284427342778e-10,0.04300339976308861
3,0.15114994701951814,5,6,38,6.237432817977253,-0.000718265246325716,0.9427876399750655,-0.00010856575392809312,1.6557900866214737e-6,-2.681906286855355e-7,2.9807473567241223e-7,-2.9873783485550515e-7,-2.863960139314198e-7,-2.987378348082944e-7,-2.863960140116967e-7,3.0519830153931756e-7,-2.988275450581424e-7,0.0,0.0,0.0,0.0,0.0,0.0,0.0,0.0,1.2543105233502889e-12,4.840284427342778e-10,0.04300339976308861
3,0.15114994701951814,5,4,39,6.237432817977069,-0.0007182652483754548,-0.9427876399750378,0.00010856575423791103,1.655790086575839e-6,0.0,0.0,0.0,0.0,0.0,0.0,0.0,0.0,3.0519830146304897e-7,-2.9882754514185247e-7,2.987378349050398e-7,2.863960138609595e-7,2.9873783486996617e-7,2.863960139324831e-7,-2.681906286136049e-7,2.9807473570161993e-7,1.2543105233502889e-12,4.840284427342778e-10,0.04300339976308861
3,0.15114994701951814,5,6,40,6.433105245177121,0.016866273374802433,0.9723635169795061,0.002549336327018097,1.6326692121055485e-6,-2.5047234252859103e-7,3.059080092879303e-7,-3.0739706455937797e-7,-2.683735933989449e-7,-3.0739706310395286e-7,-2.6837359413094534e-7,2.8688910177462944e-7,-3.083487568991664e-7,0.0,0.0,0.0,0.0,0.0,0.0,0.0,0.0,1.2543105233502889e-12,4.840284427342778e-10,0.04300339976308861
3,0.15114994701951814,5,4,41,6.433105245182491,0.016866273382536767,-0.9723635169803178,-0.0025493363281871412,1.6326692014175333e-6,0.0,0.0,0.0,0.0,0.0,0.0,0.0,0.0,2.868891041543981e-7,-3.0834875127369265e-7,3.073970591314186e-7,2.6837359611041216e-7,3.0739705719448795e-7,2.6837359626956335e-7,-2.504723450094509e-7,3.059080035864306e-7,1.2543105233502889e-12,4.840284427342778e-10,0.04300339976308861
3,0.15114994701951814,5,6,42,8.45723731595423,0.0007967087029677952,1.2783109722379735,0.00012042247824357127,7.975227546728036e-7,1.500848988182519e-7,-1.4071354956053457e-7,1.4086656881024129e-7,1.4102983661205256e-7,1.4086656888586857e-7,1.4102983666553028e-7,-1.3225622525655676e-7,1.407372470115565e-7,0.0,0.0,0.0,0.0,0.0,0.0,0.0,0.0,1.2543105233502889e-12,4.840284427342778e-10,0.04300339976308861
3,0.15114994701951814,5,4,43,8.457237315955432,0.0007967087073258092,-1.2783109722381554,-0.00012042247890228485,7.975227496132172e-7,0.0,0.0,0.0,0.0,0.0,0.0,0.0,0.0,-1.3225622375368132e-7,1.4073724673169765e-7,-1.4086656857272803e-7,-1.4102983506039302e-7,-1.4086656866615217e-7,-1.410298350988274e-7,1.5008489720302864e-7,-1.4071354938695906e-7,1.2543105233502889e-12,4.840284427342778e-10,0.04300339976308861
3,0.15114994701951814,5,4,44,8.45335624244673,-0.0003945096702594811,-1.2777243481829363,5.963011575840814e-5,7.912549336808407e-7,0.0,0.0,0.0,0.0,0.0,0.0,0.0,0.0,1.4970943296172538e-7,-1.3874506737453626e-7,1.3894878411628367e-7,1.4072656254051847e-7,1.3894878403764304e-7,1.4072656253465997e-7,-1.320213079517988e-7,1.3887077003708936e-7,1.2543105233502889e-12,4.840284427342778e-10,0.04300339976308861
3,0.15114994701951814,5,6,45,8.453356242446592,-0.00039450966807036414,1.2777243481829152,-5.963011542752323e-5,7.912549325146278e-7,-1.3202130728343556e-7,1.3887077031998405e-7,-1.3894878438978415e-7,-1.4072656184307194e-7,-1.3894878435480476e-7,-1.4072656183088136e-7,1.4970943222700876e-7,-1.387450676838355e-7,0.0,0.0,0.0,0.0,0.0,0.0,0.0,0.0,1.2543105233502889e-12,4.840284427342778e-10,0.04300339976308861
3,0.15114994701951814,5,4,46,8.459323148181852,0.0020182930130721623,-1.2786262456686703,-0.00030506488199572094,7.207597842639854e-7,0.0,0.0,0.0,0.0,0.0,0.0,0.0,0.0,-1.104513240724626e-7,1.3514662077394246e-7,-1.3581114283180307e-7,-1.1835342918590118e-7,-1.3581114284627277e-7,-1.1835342915269185e-7,1.2652691957343916e-7,-1.3623868666023106e-7,1.2543105233502889e-12,4.840284427342778e-10,0.04300339976308861
3,0.15114994701951814,5,6,47,8.459323148182774,0.0020182929935687426,1.2786262456688098,0.0003050648790477801,7.207597824423443e-7,1.265269188920979e-7,-1.3623868664582943e-7,1.3581114279720407e-7,1.1835342852909327e-7,1.3581114281891842e-7,1.1835342849478722e-7,-1.1045132343865978e-7,1.3514662072758956e-7,0.0,0.0,0.0,0.0,0.0,0.0,0.0,0.0,1.2543105233502889e-12,4.840284427342778e-10,0.04300339976308861
3,0.15114994701951814,5,6,48,8.45045948340523,-0.0009128226189313061,1.277286503207285,-0.00013797309048968473,4.196943365662183e-7,-8.92155918445661e-8,4.868204038759995e-8,-4.730772316272881e-8,-9.362392616200417e-8,-4.730772314608117e-8,-9.362392617605364e-8,9.812668859754278e-8,-4.57460636406382e-8,0.0,0.0,0.0,0.0,0.0,0.0,0.0,0.0,1.2543105233502889e-12,4.840284427342778e-10,0.04300339976308861
3,0.15114994701951814,5,4,49,8.450459483415457,-0.0009128226130838378,-1.277286503208831,0.0001379730896058402,4.196943330761299e-7,0.0,0.0,0.0,0.0,0.0,0.0,0.0,0.0,9.812668770049093e-8,-4.574606344161463e-8,4.730772293575598e-8,9.362392529264923e-8,4.730772293059083e-8,9.362392531419181e-8,-8.921559101021388e-8,4.868204014576551e-8,1.2543105233502889e-12,4.840284427342778e-10,0.04300339976308861
3,0.15114994701951814,5,6,50,8.45250223009393,1.910268959046113e-5,1.2775952642610566,2.8873705195285007e-6,3.961417562758646e-7,-3.098431696289709e-8,9.078838081887872e-8,-9.264558684652392e-8,-3.492728069284512e-8,-9.264558683765929e-8,-3.492728071196076e-8,3.905546557598401e-8,-9.443275308207856e-8,0.0,0.0,0.0,0.0,0.0,0.0,0.0,0.0,1.2543105233502889e-12,4.840284427342778e-10,0.04300339976308861
3,0.15114994701951814,5,4,51,8.452502230088074,1.9102686883824133e-5,-1.2775952642601713,-2.887370110420462e-6,3.9614175532959276e-7,0.0,0.0,0.0,0.0,0.0,0.0,0.0,0.0,3.9055464512637466e-8,-9.443275326389518e-8,9.264558698096829e-8,3.492727967680146e-8,9.264558697553273e-8,3.4927279664273676e-8,-3.0984315963032726e-8,9.078838091212471e-8,1.2543105233502889e-12,4.840284427342778e-10,0.04300339976308861
3,0.15114994701951814,5,4,52,8.456279772287154,0.00153374526693862,-1.2781662395634261,-0.00023182551583920914,1.9109877362283096e-7,0.0,0.0,0.0,0.0,0.0,0.0,0.0,0.0,-4.484173760210659e-8,1.1434308670453046e-8,-1.0331685958105288e-8,-4.66319382987466e-8,-1.0331685941358554e-8,-4.663193827586317e-8,4.8442709060384756e-8,-9.135778783353633e-9,1.2543105233502889e-12,4.840284427342778e-10,0.04300339976308861
3,0.15114994701951814,5,6,53,8.45627977228374,0.0015337452774683812,1.27816623956291,0.00023182551743078196,1.9109877156593156e-7,4.844270857889183e-8,-9.135778463005863e-9,1.033168563044504e-8,4.6631937843158724e-8,1.0331685626410082e-8,4.663193782076075e-8,-4.484173717196435e-8,1.1434308348941655e-8,0.0,0.0,0.0,0.0,0.0,0.0,0.0,0.0,1.2543105233502889e-12,4.840284427342778e-10,0.04300339976308861
3,0.15114994701951814,5,6,54,6.278740349737024,0.03501305727895497,0.949031271212062,0.005292221752705398,3.487636691101574e-8,-1.7552372190247928e-9,-8.823973697163978e-9,8.491343974493363e-9,-1.9701953213744953e-9,8.491343967067015e-9,-1.9701953196274915e-9,2.1681668103453124e-9,8.162637648716341e-9,0.0,0.0,0.0,0.0,0.0,0.0,0.0,0.0,1.2543105233502889e-12,4.840284427342778e-10,0.04300339976308861
3,0.15114994701951814,5,4,55,6.278740349737805,0.035013057277335946,-0.94903127121218,-0.005292221752460682,3.4876366537484265e-8,0.0,0.0,0.0,0.0,0.0,0.0,0.0,0.0,2.168166849005492e-9,8.162637545752406e-9,-8.491343868151401e-9,1.9701953635231484e-9,-8.491343862555696e-9,1.970195360240117e-9,-1.7552372632487883e-9,-8.82397358920993e-9,1.2543105233502889e-12,4.840284427342778e-10,0.04300339976308861
3,0.15114994701951814,5,6,56,8.493099618199743,0.03494807098064609,1.2837315573223809,0.005282399077159016,1.4755613903718196e-8,-1.7253445007550434e-9,-3.3929365001167634e-9,3.2328438589696105e-9,-1.774805084540951e-9,3.2328438585965876e-9,-1.7748050845597934e-9,1.8177964373907319e-9,3.0762943584445964e-9,0.0,0.0,0.0,0.0,0.0,0.0,0.0,0.0,1.2543105233502889e-12,4.840284427342778e-10,0.04300339976308861
3,0.15114994701951814,5,4,57,8.493099618200906,0.03494807098866792,-1.2837315573225567,-0.005282399078371516,1.4755613747709658e-8,0.0,0.0,0.0,0.0,0.0,0.0,0.0,0.0,1.817796388436255e-9,3.0762943431459914e-9,-3.2328438417769204e-9,1.774805034658275e-9,-3.232843841858603e-9,1.7748050341784853e-9,-1.7253444494450875e-9,-3.3929364814024484e-9,1.2543105233502889e-12,4.840284427342778e-10,0.04300339976308861
3,0.15114994701951814,5,6,58,8.494308348969534,0.03431477253371158,1.2839142569141957,0.005186676050457322,6.017144199470923e-9,2.7406621752265593e-10,-1.5278207715018458e-9,1.4879407427521731e-9,2.1858340071191923e-10,1.4879407411440823e-9,2.1858339904307681e-10,-1.6607602346435267e-10,1.4476205702093671e-9,0.0,0.0,0.0,0.0,0.0,0.0,0.0,0.0,1.2543105233502889e-12,4.840284427342778e-10,0.04300339976308861
3,0.15114994701951814,5,4,59,8.494308348965124,0.03431477251927109,-1.2839142569135291,-0.005186676048274642,6.017143770794057e-9,0.0,0.0,0.0,0.0,0.0,0.0,0.0,0.0,-1.6607602569479282e-10,1.4476204648360186e-9,-1.4879406349383256e-9,-2.1858340140603668e-10,-1.4879406320507138e-9,-2.1858340040618108e-10,2.740662172899163e-10,-1.5278206598492935e-9,1.2543105233502889e-12,4.840284427342778e-10,0.04300339976308861
3,0.15114994701951814,5,6,60,8.492563575194247,0.03561118005685156,1.2836505344505,0.005382627978895634,3.1090660791704113e-9,-4.782692302678445e-10,-6.438221286633892e-10,6.088200618099185e-10,-4.828867822176048e-10,6.088200605529403e-10,-4.828867814025355e-10,4.86285728674784e-10,5.747825486549529e-10,0.0,0.0,0.0,0.0,0.0,0.0,0.0,0.0,1.2543105233502889e-12,4.840284427342778e-10,0.04300339976308861
3,0.15114994701951814,5,4,61,8.492563575194783,0.035611180053852685,-1.283650534450581,-0.005382627978442355,3.109066004261401e-9,0.0,0.0,0.0,0.0,0.0,0.0,0.0,0.0,4.862857256062724e-10,5.747825277456286e-10,-6.088200397322971e-10,4.828867796899427e-10,-6.088200389546523e-10,4.828867787489615e-10,-4.782692282026086e-10,-6.438221058742439e-10,1.2543105233502889e-12,4.840284427342778e-10,0.04300339976308861
3,0.15114994701951814,5,6,62,8.495991757432755,0.03330793042686865,1.2841687040142238,0.005034491919350993,2.420607979053187e-9,1.2815443739421222e-11,5.860360091248197e-10,-6.04971977184674e-10,-5.911619384603435e-12,-6.049719736076499e-10,-5.911619331116825e-12,2.5848613302663875e-11,-6.238949085531456e-10,0.0,0.0,0.0,0.0,0.0,0.0,0.0,0.0,1.2543105233502889e-12,4.840284427342778e-10,0.04300339976308861
3,0.15114994701951814,5,4,63,8.495991757433039,0.033307930427065396,-1.2841687040142666,-0.005034491919380731,2.420607683283903e-9,0.0,0.0,0.0,0.0,0.0,0.0,0.0,0.0,2.584858234369568e-11,-6.238948343250986e-10,6.049719043390064e-10,5.911589168395324e-12,6.049718991596925e-10,5.911589409405149e-12,1.2815472864640118e-11,5.860359360215016e-10,1.2543105233502889e-12,4.840284427342778e-10,0.04300339976308861
3,0.15114994701951814,5,4,64,10.601660432304488,0.016822996756431275,-1.602440412661745,-0.002542795068444113,4.3973689157352786e-11,0.0,0.0,0.0,0.0,0.0,0.0,0.0,0.0,1.0945226124266887e-11,-2.979951879396164e-12,3.221217114132501e-12,1.0508031386240305e-11,3.2212183066726936e-12,1.0508032034933917e-11,-1.0077258709776719e-11,3.4414610750120704e-12,1.2543105233502889e-12,4.840284427342778e-10,0.04300339976308861
3,0.15114994701951814,5,6,65,10.601660432301223,0.016822996749989914,1.6024404126612517,0.0025427950674705014,4.3973682123810246e-11,-1.0077257978801436e-11,3.44145743681249e-12,-3.2212134931860195e-12,-1.0508030708445661e-11,-3.2212146045923198e-12,-1.0508031274687529e-11,1.0945225423891235e-11,-2.979948190561846e-12,0.0,0.0,0.0,0.0,0.0,0.0,0.0,0.0,1.2543105233502889e-12,4.840284427342778e-10,0.04300339976308861
3,0.15114994701951814,5,4,66,10.595413372157013,0.018682655236633344,-1.6014961698514267,-0.0028238823492010533,3.9223630937767956e-11,0.0,0.0,0.0,0.0,0.0,0.0,0.0,0.0,-8.735149876242748e-12,3.730572779625243e-12,-3.563279823638165e-12,-9.132953509524659e-12,-3.5632796502736578e-12,-9.132953549197018e-12,9.537865470375377e-12,-3.3777136761211394e-12,1.2543105233502889e-12,4.840284427342778e-10,0.04300339976308861
3,0.15114994701951814,5,6,67,10.5954133721412,0.01868265523216593,1.6014961698490364,0.002823882348525804,3.922362435848916e-11,9.537862239383535e-12,-3.3777177113885586e-12,3.5632835959256773e-12,9.132950283651916e-12,3.5632834453437867e-12,9.132950292390654e-12,-8.7351466330061e-12,3.730576320484147e-12,0.0,0.0,0.0,0.0,0.0,0.0,0.0,0.0,1.2543105233502889e-12,4.840284427342778e-10,0.04300339976308861
3,0.15114994701951814,5,6,68,10.594402788477389,0.017735134383541906,1.6013434201817927,0.002680664622456394,1.4933842190608044e-11,3.8482758439371505e-12,1.7812900268312753e-13,-5.456422590031515e-14,3.732129252641581e-12,-5.4564055375427796e-14,3.7321292900681395e-12,-3.6158661087836445e-12,6.153658950529463e-14,0.0,0.0,0.0,0.0,0.0,0.0,0.0,0.0,1.2543105233502889e-12,4.840284427342778e-10,0.04300339976308861
3,0.15114994701951814,5,4,69,10.594402788467825,0.017735134378781273,-1.601343420180347,-0.0026806646217368245,1.4933818791216642e-11,0.0,0.0,0.0,0.0,0.0,0.0,0.0,0.0,-3.6158603532948128e-12,6.153397854766063e-14,5.4566801137044984e-14,-3.732123372928279e-12,5.456677396731185e-14,-3.732123390098292e-12,3.848269813903625e-12,1.7813169110431808e-13,1.2543105233502889e-12,4.840284427342778e-10,0.04300339976308861
3,0.15114994701951814,5,6,70,10.593201065571611,0.01667565442936394,1.601161779828252,0.0025205242835141524,2.6472680179919356e-12,-6.399778778815928e-13,3.730640707184934e-14,-1.759208353160376e-14,-6.614177303714502e-13,-1.7592348878979148e-14,-6.614178720171063e-13,6.828915844745315e-13,3.444840191018814e-15,0.0,0.0,0.0,0.0,0.0,0.0,0.0,0.0,1.2543105233502889e-12,4.840284427342778e-10,0.04300339976308861
3,0.15114994701951814,5,4,71,10.59320106556977,0.01667565442272081,-1.601161779827974,-0.002520524282510044,2.647265111696151e-12,0.0,0.0,0.0,0.0,0.0,0.0,0.0,0.0,6.828908760374912e-13,3.4463770449699337e-15,1.759063188526011e-14,6.614170767884572e-13,1.7590711451494917e-14,6.614171529335846e-13,-6.399772157447642e-13,3.730485541144707e-14,1.2543105233502889e-12,4.840284427342778e-10,0.04300339976308861
3,0.15114994701951814,5,4,72,8.388284957218293,0.018220508315580634,-1.267888826868166,-0.0027540288665687026,1.3728379956251157e-13,0.0,0.0,0.0,0.0,0.0,0.0,0.0,0.0,3.3071837649139416e-14,-3.3862200407273416e-15,2.413535885275173e-15,3.422738543624279e-14,2.413551161051197e-15,3.422739117521539e-14,-3.538769769847897e-14,1.3724079097102862e-15,1.2543105233502889e-12,4.840284427342778e-10,0.04300339976308861
3,0.15114994701951814,5,6,73,8.388284957217754,0.018220508315209213,1.2678888268680846,0.002754028866512562,1.372836857582016e-13,-3.5387671263389755e-14,1.372386228707009e-15,-2.4135141108090898e-15,-3.422735775831623e-14,-2.4135305011298266e-15,-3.422736475062205e-14,3.3071810035784744e-14,-3.386199170349451e-15,0.0,0.0,0.0,0.0,0.0,0.0,0.0,0.0,1.2543105233502889e-12,4.840284427342778e-10,0.04300339976308861
3,0.15114994701951814,5,6,74,4.330284971841033,0.03685966036377662,0.6545223440731878,0.005571335711142269,3.6917209532341594e-19,6.802574972961275e-20,6.655839555105753e-20,-6.213487671110316e-20,6.787449776651691e-20,-6.235925438979819e-20,6.834961915167282e-20,-6.805263302276416e-20,-5.806660243690714e-20,0.0,0.0,0.0,0.0,0.0,0.0,0.0,0.0,1.2543105233502889e-12,4.840284427342778e-10,0.04300339976308861
3,0.15114994701951814,5,4,75,4.330284971855022,0.036859660357037416,-0.6545223440753022,-0.005571335710123639,1.3468419045759333e-19,0.0,0.0,0.0,0.0,0.0,0.0,0.0,0.0,1.0617954866103003e-20,3.1014139236510936e-20,-3.199790879094589e-20,9.739199967047496e-21,-3.2413030503409175e-20,9.874084229070644e-21,-8.93159248651821e-21,-3.339827524772047e-20,1.2543105233502889e-12,4.840284427342778e-10,0.04300339976308861
3,0.15114994701951814,5,6,76,6.435732062133336,0.019492376710199728,0.972760560223268,0.0029462717070311783,6.071061962031477e-21,2.7626825549118017e-22,-1.539646379381817e-21,1.5020330994134604e-21,2.203855276682381e-22,1.5007015510611287e-21,2.1981907284012083e-22,-1.6683259420579543e-22,1.4625105086402527e-21,0.0,0.0,0.0,0.0,0.0,0.0,0.0,0.0,1.2543105233502889e-12,4.840284427342778e-10,0.04300339976308861
3,0.15114994701951814,5,4,77,2.1149698103418544,0.03720651694691998,-0.31967757478105163,-0.00562376306530776,4.052865270015558e-21,0.0,0.0,0.0,0.0,0.0,0.0,0.0,0.0,-4.95811147521552e-22,8.108758574407685e-22,-8.244387950424953e-22,-5.51346153478209e-22,-8.458558558173817e-22,-5.926812762118388e-22,6.5383168132013435e-22,-8.568030118269972e-22,1.2543105233502889e-12,4.840284427342778e-10,0.04300339976308861
3,0.15114994701951814,5,4,78,6.435732062138183,0.01949237670640814,-0.9727605602240007,-0.00294627170645808,2.6750001672527104e-21,0.0,0.0,0.0,0.0,0.0,0.0,0.0,0.0,9.560806913043586e-23,6.419288343998789e-22,-6.639637204091878e-22,7.753629860316295e-23,-6.643105329064459e-22,7.674374533762104e-23,-5.738750532777318e-23,-6.863913130957421e-22,1.2543105233502889e-12,4.840284427342778e-10,0.04300339976308861
3,0.15114994701951814,5,4,79,8.6602110483918,0.01817161364765688,-1.3089904411422661,-0.00274663844010249,1.0188103858649829e-21,0.0,0.0,0.0,0.0,0.0,0.0,0.0,0.0,-2.2052066165852403e-22,1.101719489373357e-22,-1.068381625570311e-22,-2.328606440382358e-22,-1.0447974356755887e-22,-2.3050267902985153e-22,2.4303311911345776e-22,-1.0058137188709671e-22,1.2543105233502889e-12,4.840284427342778e-10,0.04300339976308861
4,0.08726646259971647,6,7,0,0.3305134936706129,0.019299499588420338,0.028842743434108167,0.0016841990590261268,20.59554264007273,4.06337520247408,-3.422866957273884,3.439232349513135,3.830073600350441,3.4392323495154504,3.83007360037215,-3.603642795929608,3.447930723756571,0.0,0.0,0.0,0.0,0.0,0.0,0.0,0.0,2.6983992164215072e-12,3.299438511332954e-10,0.029311936563154662
4,0.08726646259971647,6,5,1,0.3305134936712816,0.019299499588597745,-0.028842743434166523,-0.0016841990590416086,20.595542639941236,0.0,0.0,0.0,0.0,0.0,0.0,0.0,0.0,-3.603642796025343,3.447930723601087,-3.4392323493613435,-3.8300736004412994,-3.4392323493556645,-3.830073600472454,4.063375202569804,-3.4228669571179693,2.6983992164215072e-12,3.299438511332954e-10,0.029311936563154662
4,0.08726646259971647,6,7,2,0.29403000548444314,-0.017141766090372393,0.025658958476802586,-0.0014959012894185705,18.339319022127253,-2.8332093442302906,3.4199355298827365,-3.4355044949856546,-3.034382019827222,-3.4355044949950586,-3.0343820198484446,3.2424196288064984,-3.444997831125217,0.0,0.0,0.0,0.0,0.0,0.0,0.0,0.0,2.6983992164215072e-12,3.299438511332954e-10,0.029311936563154662
4,0.08726646259971647,6,5,3,0.294030005484228,-0.0171417660903437,-0.02565895847678381,0.0014959012894160666,18.33931902189685,0.0,0.0,0.0,0.0,0.0,0.0,0.0,0.0,3.24241962890458,-3.4449978309618166,3.4355044948269597,3.0343820199202622,3.4355044948272724,3.0343820199507068,-2.8332093443278388,3.419935529719819,2.6983992164215072e-12,3.299438511332954e-10,0.029311936563154662
4,0.08726646259971647,6,7,4,3.867340661180368,0.0015310049067182967,0.3374891391692593,0.00013360538243211464,1.6190624297403065,0.3098286768646554,-0.28008241092578373,0.2807269522415606,0.29145454154356476,0.2807269522922884,0.2914545415098145,-0.27364127662400833,0.2807880236554873,0.0,0.0,0.0,0.0,0.0,0.0,0.0,0.0,2.6983992164215072e-12,3.299438511332954e-10,0.029311936563154662
4,0.08726646259971647,6,5,5,3.867340661176756,0.0015310049071376626,-0.3374891391689442,-0.00013360538246871124,1.6190624287986535,0.0,0.0,0.0,0.0,0.0,0.0,0.0,0.0,-0.27364127651254083,0.28078802343182563,-0.28072695201283127,-0.2914545414162705,-0.28072695207386034,-0.2914545414138174,0.30982867675327946,-0.2800824107020599,2.6983992164215072e-12,3.299438511332954e-10,0.029311936563154662
4,0.08726646259971647,6,7,6,3.864329908091337,-0.001472971746814506,0.33722640139741844,-0.00012854103385382713,1.5575730965073227,-0.25261010752671986,0.28009844610438495,-0.2807021788229154,-0.26973631651835367,-0.28070217887460436,-0.26973631648431945,0.28742338980087623,-0.28076587809672426,0.0,0.0,0.0,0.0,0.0,0.0,0.0,0.0,2.6983992164215072e-12,3.299438511332954e-10,0.029311936563154662
4,0.08726646259971647,6,5,7,3.864329908094152,-0.0014729717462497946,-0.33722640139766413,0.00012854103380454676,1.5575730955372449,0.0,0.0,0.0,0.0,0.0,0.0,0.0,0.0,0.2874233896832713,-0.2807658778732423,0.2807021785944683,0.26973631638488454,0.28070217865632785,0.26973631638237017,-0.2526101074093454,0.2800984458809147,2.6983992164215072e-12,3.299438511332954e-10,0.029311936563154662
4,0.08726646259971647,6,7,8,7.454886419154297,0.001059478130278204,0.6505615668822627,9.245690863114043e-5,1.137204712002607,0.21599857201199335,-0.19850334757234192,0.19885022853133577,0.20308958194227844,0.198850228575495,0.20308958194540508,-0.19057788576104914,0.1987905330850486,0.0,0.0,0.0,0.0,0.0,0.0,0.0,0.0,2.6983992164215072e-12,3.299438511332954e-10,0.029311936563154662
4,0.08726646259971647,6,5,9,7.454886419147762,0.001059478128888701,-0.6505615668816924,-9.245690850988341e-5,1.1372047079031025,0.0,0.0,0.0,0.0,0.0,0.0,0.0,0.0,-0.19057788441024345,0.19879053299866598,-0.198850228324337,-0.2030895806033999,-0.19885022861246984,-0.20308958058258386,0.2159985706612733,-0.1985033474859974,2.6983992164215072e-12,3.299438511332954e-10,0.029311936563154662
4,0.08726646259971647,6,7,10,7.452773878303106,-0.0010321054686342895,0.6503772129150819,-9.006819327753707e-5,1.1118993677878057,-0.1819218922488534,0.1985055954189125,-0.19883887502593386,-0.19415077381942075,-0.19883887507059736,-0.19415077382233464,0.2067769444488564,-0.19878345584925858,0.0,0.0,0.0,0.0,0.0,0.0,0.0,0.0,2.6983992164215072e-12,3.299438511332954e-10,0.029311936563154662
4,0.08726646259971647,6,5,11,7.452773878319117,-0.001032105465804553,-0.6503772129164791,9.006819303059599e-5,1.111899363773612,0.0,0.0,0.0,0.0,0.0,0.0,0.0,0.0,0.2067769430968565,-0.19878345576571846,0.19883887482164014,0.19415077247932497,0.19883887511053205,0.1941507724584061,-0.18192189089698838,0.19850559533539314,2.6983992164215072e-12,3.299438511332954e-10,0.029311936563154662
4,0.08726646259971647,6,7,12,0.9598675369905514,0.016434480795681036,0.08376424451746792,0.0014341790037020578,0.23719937316684941,0.04799926734298515,-0.037949398703144614,0.03822120450628982,0.04531947354579096,0.038221204506544273,0.04531947354601466,-0.04271603144253584,0.0384022950109206,0.0,0.0,0.0,0.0,0.0,0.0,0.0,0.0,2.6983992164215072e-12,3.299438511332954e-10,0.029311936563154662
4,0.08726646259971647,6,5,13,0.9598675369919625,0.016434480796311726,-0.08376424451759107,-0.0014341790037570958,0.23719937316060474,0.0,0.0,0.0,0.0,0.0,0.0,0.0,0.0,-0.0427160314428688,0.03840229500803799,-0.038221204503479496,-0.04531947354615504,-0.03822120450361481,-0.045319473546400826,0.04799926734341191,-0.037949398700286,2.6983992164215072e-12,3.299438511332954e-10,0.029311936563154662
4,0.08726646259971647,6,7,14,0.9323236318031102,-0.011117531550545533,0.08136058534557794,-0.0009701876512568496,0.1937200231622001,-0.027905024235021145,0.037709240414274786,-0.03798977784644139,-0.030017841801231408,-0.037989777846710135,-0.03001784180156941,0.03220657881187398,-0.038210203675842165,0.0,0.0,0.0,0.0,0.0,0.0,0.0,0.0,2.6983992164215072e-12,3.299438511332954e-10,0.029311936563154662
4,0.08726646259971647,6,5,15,0.9323236318025324,-0.011117531550273778,-0.08136058534552752,0.0009701876512331345,0.1937200231557939,0.0,0.0,0.0,0.0,0.0,0.0,0.0,0.0,0.03220657881218373,-0.038210203673531944,0.037989777844151786,0.030017841801575965,0.03798977784438227,0.030017841801899064,-0.027905024235388248,0.03770924041196987,2.6983992164215072e-12,3.299438511332954e-10,0.029311936563154662
4,0.08726646259971647,6,7,16,4.533502490615636,0.0030622326449424656,0.39562272554303085,0.0002672302105815025,0.0013931409145379083,0.0002669957783535239,-0.00024055677572884103,0.0002411376513240835,0.0002511864855743616,0.0002411376514581789,0.00025118648538584776,-0.0002358589650528305,0.00024121567231150763,0.0,0.0,0.0,0.0,0.0,0.0,0.0,0.0,2.6983992164215072e-12,3.299438511332954e-10,0.029311936563154662
4,0.08726646259971647,6,5,17,4.5335024906162715,0.0030622326448312767,-0.39562272554308636,-0.00026723021057179945,0.0013931409133564135,0.0,0.0,0.0,0.0,0.0,0.0,0.0,0.0,-0.000235858965016148,0.0002412156719242592,-0.00024113765090839223,-0.000251186485493347,-0.00024113765109929486,-0.00025118648539102146,0.0002669957783150812,-0.00024055677534149075,2.6983992164215072e-12,3.299438511332954e-10,0.029311936563154662
4,0.08726646259971647,6,5,18,4.485511543049602,0.03215721138262834,-0.39143472531213463,-0.0028062460844333124,0.0013800548210594595,0.0,0.0,0.0,0.0,0.0,0.0,0.0,0.0,-0.00022375391994546254,0.00024823478141279315,-0.0002487737375575987,-0.0002389280938703257,-0.0002487737375495513,-0.00023892809387452945,0.0002545993369211592,-0.00024883434043745565,2.6983992164215072e-12,3.299438511332954e-10,0.029311936563154662
4,0.08726646259971647,6,7,19,4.485511543038766,0.032157211381790826,0.391434725311189,0.002806246084360226,0.0013800548208404353,0.0002545993368917132,-0.000248834340384554,0.0002487737375067227,0.00023892809384513827,0.0002487737374991445,0.00023892809384718503,-0.00022375391992214135,0.0002482347813644102,0.0,0.0,0.0,0.0,0.0,0.0,0.0,0.0,2.6983992164215072e-12,3.299438511332954e-10,0.029311936563154662
4,0.08726646259971647,6,7,20,4.5310864159616235,0.0007107316043349944,0.39541188325459836,6.202303296813628e-5,0.0013129457873859215,-0.0002086231733301789,0.0002399263938758641,-0.0002406967866747702,-0.0002230480059081493,-0.0002406967868129305,-0.00022304800573248602,0.00023795378530523843,-0.00024102060265458066,0.0,0.0,0.0,0.0,0.0,0.0,0.0,0.0,2.6983992164215072e-12,3.299438511332954e-10,0.029311936563154662
4,0.08726646259971647,6,5,21,4.531086415960315,0.0007107316040373679,-0.39541188325448423,-6.202303294216347e-5,0.0013129457868633274,0.0,0.0,0.0,0.0,0.0,0.0,0.0,0.0,0.0002379537853872574,-0.00024102060240098204,0.0002406967863900437,0.0002230480059554493,0.00024069678658890625,0.00022304800584931238,-0.00020862317341281743,0.00023992639362093766,2.6983992164215072e-12,3.299438511332954e-10,0.029311936563154662
4,0.08726646259971647,6,7,22,4.4233137906782325,-0.028261012680692324,0.3860069474810321,-0.0024662386061297496,0.0009333719091178895,-0.0001671138337013011,0.0001521864509652676,-0.00015153956729706998,-0.00017736265316502516,-0.0001515395672981668,-0.00017736265317092864,0.00018791419674128837,-0.00015053765559938783,0.0,0.0,0.0,0.0,0.0,0.0,0.0,0.0,2.6983992164215072e-12,3.299438511332954e-10,0.029311936563154662
4,0.08726646259971647,6,5,23,4.423313790668143,-0.02826101267859797,-0.3860069474801516,0.002466238605946983,0.0009333719089902641,0.0,0.0,0.0,0.0,0.0,0.0,0.0,0.0,0.00018791419669734064,-0.00015053765560227298,0.00015153956729775688,0.0001773626531225669,0.0001515395672997345,0.0001773626531275313,-0.00016711383365943354,0.00015218645096472537,2.6983992164215072e-12,3.299438511332954e-10,0.029311936563154662
4,0.08726646259971647,6,7,24,4.450043159156616,0.0006164983840161765,0.388339524915665,5.3799633171533316e-5,0.0006920432599349799,-7.620734128661314e-5,0.00014925615821086545,-0.0001514844591231518,-8.34880303442883e-5,-0.00015148445911339098,-8.348803033850658e-5,9.107152103552711e-5,-0.00015354548116357843,0.0,0.0,0.0,0.0,0.0,0.0,0.0,0.0,2.6983992164215072e-12,3.299438511332954e-10,0.029311936563154662
4,0.08726646259971647,6,5,25,4.450043159160234,0.0006164983844479874,-0.3883395249159807,-5.379963320921592e-5,0.0006920432598955705,0.0,0.0,0.0,0.0,0.0,0.0,0.0,0.0,9.107152117838074e-5,-0.00015354548107197386,0.00015148445903213626,8.348803048837186e-5,0.00015148445902283297,8.348803048279077e-5,-7.6207341432162e-5,0.0001492561581212084,2.6983992164215072e-12,3.299438511332954e-10,0.029311936563154662
4,0.08726646259971647,6,5,26,4.451651487289809,0.003972494022862816,-0.38847987802254835,-0.00034666550107375515,0.0004624929436555673,0.0,0.0,0.0,0.0,0.0,0.0,0.0,0.0,-9.682111808532606e-5,5.629508493608295e-5,-5.491303139904178e-5,-0.00010171831113692482,-5.491303136951694e-5,-0.00010171831112869505,0.00010672512669672385,-5.332743158808873e-5,2.6983992164215072e-12,3.299438511332954e-10,0.029311936563154662
4,0.08726646259971647,6,7,27,4.451651487294209,0.003972494023968563,0.38847987802293227,0.00034666550117024985,0.000462492943272608,0.00010672512657408823,-5.332743160624255e-5,5.4913031416545574e-5,0.00010171831101732801,5.4913031389417684e-5,0.00010171831101065154,-9.682111797001872e-5,5.6295084955294267e-5,0.0,0.0,0.0,0.0,0.0,0.0,0.0,0.0,2.6983992164215072e-12,3.299438511332954e-10,0.029311936563154662
4,0.08726646259971647,6,5,28,8.125704894500155,0.0027406852269203433,-0.7091015222722309,-0.0002391699048526396,0.0004395236836203303,0.0,0.0,0.0,0.0,0.0,0.0,0.0,0.0,-7.363921336027382e-5,7.684889385193406e-5,-7.687310762027527e-5,-7.847491293268459e-5,-7.687310780021486e-5,-7.847491308662468e-5,8.346420177220086e-5,-7.67402181581004e-5,2.6983992164215072e-12,3.299438511332954e-10,0.029311936563154662
4,0.08726646259971647,6,7,29,8.125704894502602,0.002740685231416677,0.7091015222724445,0.00023916990524501874,0.0004395236797648738,8.34642016710352e-5,-7.674021688374889e-5,7.687310641826894e-5,7.847491282856338e-5,7.687310645827165e-5,7.847491298239575e-5,-7.363921325560812e-5,7.684889258188107e-5,0.0,0.0,0.0,0.0,0.0,0.0,0.0,0.0,2.6983992164215072e-12,3.299438511332954e-10,0.029311936563154662
4,0.08726646259971647,6,5,30,8.1232746256927,0.0010061836179148867,-0.7088894413102378,-8.780608506121687e-5,0.00041272150979060633,0.0,0.0,0.0,0.0,0.0,0.0,0.0,0.0,7.55626364424113e-5,-7.500391826900269e-5,7.494951975982047e-5,7.08762488042303e-5,7.494951993627858e-5,7.087624898010811e-5,-6.633961848193335e-5,7.475321917714001e-5,2.6983992164215072e-12,3.299438511332954e-10,0.029311936563154662
4,0.08726646259971647,6,7,31,8.123274625691696,0.0010061836163738971,0.7088894413101502,8.780608492674017e-5,0.00041272150609736536,-6.633961836713716e-5,7.475321801656908e-5,-7.494951865833605e-5,-7.087624868188265e-5,-7.494951871442214e-5,-7.087624887005349e-5,7.556263632703132e-5,-7.500391710593999e-5,0.0,0.0,0.0,0.0,0.0,0.0,0.0,0.0,2.6983992164215072e-12,3.299438511332954e-10,0.029311936563154662
4,0.08726646259971647,6,5,32,8.07357362921331,0.03263050936079629,-0.7045522111598006,-0.0028475491247436278,0.00038770125383388724,0.0,0.0,0.0,0.0,0.0,0.0,0.0,0.0,-6.399201093735682e-5,6.869937891265809e-5,-6.878103116060412e-5,-6.825682506067366e-5,-6.878103114951692e-5,-6.825682506428162e-5,7.265906459877556e-5,-6.872603232191304e-5,2.6983992164215072e-12,3.299438511332954e-10,0.029311936563154662
4,0.08726646259971647,6,7,33,8.073573629234566,0.0326305093887652,0.7045522111616555,0.002847549127184376,0.0003877012537571153,7.265906452637198e-5,-6.872603236921293e-5,6.878103120353135e-5,6.825682498986106e-5,6.878103119421097e-5,6.825682499233179e-5,-6.39920108670599e-5,6.86993789531196e-5,0.0,0.0,0.0,0.0,0.0,0.0,0.0,0.0,2.6983992164215072e-12,3.299438511332954e-10,0.029311936563154662
4,0.08726646259971647,6,7,34,8.010756650959413,-0.02880320839644765,0.6990703956763796,-0.0025135541082804383,0.00025703109117025967,-4.5374918171070326e-5,4.26061788419763e-5,-4.247111954822753e-5,-4.8199617841083515e-5,-4.247111954704459e-5,-4.819961784381602e-5,5.110916326884022e-5,-4.223957617184456e-5,0.0,0.0,0.0,0.0,0.0,0.0,0.0,0.0,2.6983992164215072e-12,3.299438511332954e-10,0.029311936563154662
4,0.08726646259971647,6,5,35,8.010756650986309,-0.028803208422589523,-0.6990703956787268,0.002513554110561747,0.000257031091035722,0.0,0.0,0.0,0.0,0.0,0.0,0.0,0.0,5.11091632756368e-5,-4.223957611037297e-5,4.24711194881501e-5,4.819961784956072e-5,4.247111948805245e-5,4.819961785058922e-5,-4.5374918179471734e-5,4.2606178784323526e-5,2.6983992164215072e-12,3.299438511332954e-10,0.029311936563154662
4,0.08726646259971647,6,7,36,8.038683953740616,0.0011238679055040716,0.7015075126000464,9.807597654269275e-5,0.00019339801422941968,-2.2022198032215965e-5,4.133267429651485e-5,-4.191975863924692e-5,-2.40674221634734e-5,-4.1919758593933034e-5,-2.4067422150173374e-5,2.619643757836777e-5,-4.245862430043125e-5,0.0,0.0,0.0,0.0,0.0,0.0,0.0,0.0,2.6983992164215072e-12,3.299438511332954e-10,0.029311936563154662
4,0.08726646259971647,6,5,37,8.038683953757609,0.0011238678991562709,-0.7015075126015293,-9.807597598874264e-5,0.00019339801257005137,0.0,0.0,0.0,0.0,0.0,0.0,0.0,0.0,2.619643764564852e-5,-4.245862377633637e-5,4.191975812323985e-5,2.4067422226245285e-5,4.191975806775992e-5,2.406742223561248e-5,-2.2022198113541817e-5,4.133267377881937e-5,2.6983992164215072e-12,3.299438511332954e-10,0.029311936563154662
4,0.08726646259971647,6,7,38,8.039852275913896,0.0034630362144017837,0.7016094679432854,0.000302206920285557,0.00012801674209819835,2.9575127692456178e-5,-1.4692814617026506e-5,1.5134894496630508e-5,2.819026964691588e-5,1.5134894444440542e-5,2.8190269640214944e-5,-2.683562497152038e-5,1.552056357075663e-5,0.0,0.0,0.0,0.0,0.0,0.0,0.0,0.0,2.6983992164215072e-12,3.299438511332954e-10,0.029311936563154662
4,0.08726646259971647,6,5,39,8.039852275916529,0.0034630362034254666,-0.7016094679435151,-0.0003022069193276926,0.00012801674166938986,0.0,0.0,0.0,0.0,0.0,0.0,0.0,0.0,-2.683562515219392e-5,1.552056302242266e-5,-1.5134893948101158e-5,-2.8190269814385474e-5,-1.5134893883624065e-5,-2.8190269824524424e-5,2.9575127863988952e-5,-1.4692814056262235e-5,2.6983992164215072e-12,3.299438511332954e-10,0.029311936563154662
4,0.08726646259971647,6,7,40,8.020401894388577,-0.01670815822444815,0.6999121019513559,-0.0014580618648039495,5.3744102879229935e-5,-6.997273467663467e-6,1.0973642317183192e-5,-1.1091951593263544e-5,-7.5766242567547905e-6,-1.1091951593757927e-5,-7.576624256502715e-6,8.178143773405357e-6,-1.1195085452591187e-5,0.0,0.0,0.0,0.0,0.0,0.0,0.0,0.0,2.6983992164215072e-12,3.299438511332954e-10,0.029311936563154662
4,0.08726646259971647,6,5,41,8.020401894388378,-0.016708158225236247,-0.6999121019513386,0.001458061864872724,5.374410285327633e-5,0.0,0.0,0.0,0.0,0.0,0.0,0.0,0.0,8.17814375336101e-6,-1.1195085458895755e-5,1.1091951598891903e-5,7.576624236885605e-6,1.1091951599743244e-5,7.576624236370963e-6,-6.997273447723583e-6,1.0973642322487248e-5,2.6983992164215072e-12,3.299438511332954e-10,0.029311936563154662
4,0.08726646259971647,6,5,42,8.05600488397269,0.018945489293201438,-0.7030190489103361,-0.0016533058328384923,4.505254648626726e-5,0.0,0.0,0.0,0.0,0.0,0.0,0.0,0.0,-8.966255444115234e-6,6.215577602209107e-6,-6.119261064501268e-6,-9.45248818056436e-6,-6.119261062127257e-6,-9.452488182031053e-6,9.950940523426545e-6,-6.004027328433288e-6,2.6983992164215072e-12,3.299438511332954e-10,0.029311936563154662
4,0.08726646259971647,6,7,43,8.056004883973472,0.01894548929397643,0.7030190489104042,0.0016533058329061229,4.5052546468493674e-5,9.950940521049657e-6,-6.004027323355783e-6,6.119261060070245e-6,9.452488178528066e-6,6.119261056833645e-6,9.452488179781717e-6,-8.966255442188484e-6,6.215577597558421e-6,0.0,0.0,0.0,0.0,0.0,0.0,0.0,0.0,2.6983992164215072e-12,3.299438511332954e-10,0.029311936563154662
4,0.08726646259971647,6,5,44,8.064578856216748,0.016088906508409807,-0.7037672691385031,-0.0014040219580864794,4.266124559941774e-5,0.0,0.0,0.0,0.0,0.0,0.0,0.0,0.0,7.659750934304907e-6,-7.90188903451585e-6,7.886933391468985e-6,7.17553750447476e-6,7.886933393370799e-6,7.175537501819906e-6,-6.70708357187016e-6,7.85761091585512e-6,2.6983992164215072e-12,3.299438511332954e-10,0.029311936563154662
4,0.08726646259971647,6,7,45,8.06457885621764,0.016088906509971086,0.7037672691385809,0.0014040219582227267,4.2661245531551366e-5,-6.707083573053244e-6,7.857610892015497e-6,-7.886933368664086e-6,-7.175537505278841e-6,-7.886933368700868e-6,-7.175537502741865e-6,7.659750934883575e-6,-7.901889010908837e-6,0.0,0.0,0.0,0.0,0.0,0.0,0.0,0.0,2.6983992164215072e-12,3.299438511332954e-10,0.029311936563154662
4,0.08726646259971647,6,7,46,8.032816354736878,-0.013602357876760965,0.7009954679910366,-0.0011870296549203196,3.64002668701195e-5,7.374084541255917e-6,-5.813288063910863e-6,5.855577621422522e-6,6.962906430431205e-6,5.85557762252116e-6,6.962906428148892e-6,-6.563425535030599e-6,5.8839296699897144e-6,0.0,0.0,0.0,0.0,0.0,0.0,0.0,0.0,2.6983992164215072e-12,3.299438511332954e-10,0.029311936563154662
4,0.08726646259971647,6,5,47,8.03281635473694,-0.013602357876823973,-0.7009954679910421,0.001187029654925818,3.640026677820465e-5,0.0,0.0,0.0,0.0,0.0,0.0,0.0,0.0,-6.563425518255409e-6,5.883929654950663e-6,-5.855577606359478e-6,-6.962906412564188e-6,-5.855577606973688e-6,-6.962906411713598e-6,7.374084523717551e-6,-5.8132880483115e-6,2.6983992164215072e-12,3.299438511332954e-10,0.029311936563154662
4,0.08726646259971647,6,5,48,8.063182994925652,0.018609998356220916,-0.7036454572613493,-0.0016240287255339376,3.601786215656781e-5,0.0,0.0,0.0,0.0,0.0,0.0,0.0,0.0,-3.143931945649792e-6,8.135779347005016e-6,-8.290215722688146e-6,-3.5088785003978843e-6,-8.290215721761814e-6,-3.50887849877588e-6,3.890398450662289e-6,-8.437617766978564e-6,2.6983992164215072e-12,3.299438511332954e-10,0.029311936563154662
4,0.08726646259971647,6,7,49,8.063182994924768,0.018609998355931585,0.7036454572612721,0.0016240287255086887,3.6017862146651526e-5,3.890398467568793e-6,-8.437617756961949e-6,8.290215713250627e-6,3.5088785175054693e-6,8.290215711464721e-6,3.508878515533712e-6,-3.143931962616295e-6,8.13577933731253e-6,0.0,0.0,0.0,0.0,0.0,0.0,0.0,0.0,2.6983992164215072e-12,3.299438511332954e-10,0.029311936563154662
4,0.08726646259971647,6,5,50,8.025149330472129,-0.016563106068603367,-0.7003263939047857,0.0014454036762709128,1.2706218968113105e-5,0.0,0.0,0.0,0.0,0.0,0.0,0.0,0.0,3.2528568053946328e-6,-4.0319132749778993e-7,4.901390514671631e-7,3.137710018576205e-6,4.901390517728811e-7,3.1377100196834367e-6,-3.0235372345516646e-6,5.708103817089854e-7,2.6983992164215072e-12,3.299438511332954e-10,0.029311936563154662
4,0.08726646259971647,6,7,51,8.02514933047184,-0.01656310606818709,0.7003263939047606,-0.0014454036762345855,1.2706218951041684e-5,-3.0235372302982476e-6,5.708103808141595e-7,-4.901390506208313e-7,-3.1377100147096194e-6,-4.901390507904492e-7,-3.1377100151917505e-6,3.252856801294755e-6,-4.031913265489306e-7,0.0,0.0,0.0,0.0,0.0,0.0,0.0,0.0,2.6983992164215072e-12,3.299438511332954e-10,0.029311936563154662
4,0.08726646259971647,6,5,52,11.623674837646448,-0.016781961534099818,-1.0143569854907393,0.0014645024185654023,1.144421034894727e-5,0.0,0.0,0.0,0.0,0.0,0.0,0.0,0.0,2.1921987736538375e-6,-1.9773031110925816e-6,1.98200341806456e-6,2.062327847291463e-6,1.9820034182649233e-6,2.0623278474317217e-6,-1.936416799294284e-6,1.9825751096619246e-6,2.6983992164215072e-12,3.299438511332954e-10,0.029311936563154662
4,0.08726646259971647,6,7,53,11.623674837641616,-0.016781961519159,1.0143569854903176,-0.0014645024172615698,1.1444210344118236e-5,-1.9364167999638408e-6,1.982575107389657e-6,-1.982003415805679e-6,-2.06232784768262e-6,-1.982003415964684e-6,-2.062327848074666e-6,2.1921987740130015e-6,-1.977303108816454e-6,0.0,0.0,0.0,0.0,0.0,0.0,0.0,0.0,2.6983992164215072e-12,3.299438511332954e-10,0.029311936563154662
4,0.08726646259971647,6,5,54,11.635580754170686,-0.01547191882527781,-1.015395972709817,0.0013501796255119553,5.861429823276451e-6,0.0,0.0,0.0,0.0,0.0,0.0,0.0,0.0,1.2016971335592708e-6,-9.177067649044253e-7,9.255349747082497e-7,1.1355989850088462e-6,9.255349747521536e-7,1.135598985467087e-6,-1.0713496338286565e-6,9.310901377914491e-7,2.6983992164215072e-12,3.299438511332954e-10,0.029311936563154662
4,0.08726646259971647,6,7,55,11.635580754199953,-0.015471918834891244,1.015395972712371,-0.0013501796263508856,5.861429800009773e-6,-1.071349623549804e-6,9.310901410270785e-7,-9.255349781806458e-7,-1.1355989749539726e-6,-9.255349780552776e-7,-1.1355989749957523e-6,1.2016971233154758e-6,-9.177067684319132e-7,0.0,0.0,0.0,0.0,0.0,0.0,0.0,0.0,2.6983992164215072e-12,3.299438511332954e-10,0.029311936563154662
4,0.08726646259971647,6,5,56,11.6309013382146,-0.013397930264054156,-1.0149876166322966,0.0011691899803016916,5.636133989255408e-6,0.0,0.0,0.0,0.0,0.0,0.0,0.0,0.0,-1.2653792805810218e-6,5.114989484854194e-7,-4.863511444518905e-7,-1.3220614165882475e-6,-4.863511441647724e-7,-1.3220614170703708e-6,1.3797136102714187e-6,-4.585582472240041e-7,2.6983992164215072e-12,3.299438511332954e-10,0.029311936563154662
4,0.08726646259971647,6,7,57,11.630901338218493,-0.013397930262105864,1.0149876166326364,-0.0011691899801316709,5.636133984060941e-6,1.37971361292966e-6,-4.585582362534446e-7,4.863511338601683e-7,1.3220614189711119e-6,4.863511327025996e-7,1.3220614200204912e-6,-1.2653792832797906e-6,5.114989374119533e-7,0.0,0.0,0.0,0.0,0.0,0.0,0.0,0.0,2.6983992164215072e-12,3.299438511332954e-10,0.029311936563154662
4,0.08726646259971647,6,7,58,11.63900637623642,-0.017066390761151212,1.0156949146296972,-0.001489323551070149,4.535720276670281e-6,-7.130289836773008e-7,8.354719164457282e-7,-8.385933094466438e-7,-7.628345087049087e-7,-8.385933094514587e-7,-7.628345085458031e-7,8.14315692846352e-7,-8.401873577654049e-7,0.0,0.0,0.0,0.0,0.0,0.0,0.0,0.0,2.6983992164215072e-12,3.299438511332954e-10,0.029311936563154662
4,0.08726646259971647,6,5,59,11.639006376215772,-0.017066390749104005,-1.0156949146278953,0.001489323550018832,4.5357202687323285e-6,0.0,0.0,0.0,0.0,0.0,0.0,0.0,0.0,8.14315692547709e-7,-8.401873553100621e-7,8.385933068791654e-7,7.62834508438963e-7,8.385933069081398e-7,7.628345085297472e-7,-7.130289836948854e-7,8.354719138058269e-7,2.6983992164215072e-12,3.299438511332954e-10,0.029311936563154662
4,0.08726646259971647,6,7,60,11.598423331187593,-0.0013558301569822073,1.0121533758467611,-0.00011831850168585551,7.545784637451591e-7,-1.3006464481456842e-7,1.2834783173071547e-7,-1.2815721966056587e-7,-1.383645358866812e-7,-1.2815721971359368e-7,-1.383645358260806e-7,1.469204643485274e-7,-1.2768962253322858e-7,0.0,0.0,0.0,0.0,0.0,0.0,0.0,0.0,2.6983992164215072e-12,3.299438511332954e-10,0.029311936563154662
4,0.08726646259971647,6,5,61,11.598423331189576,-0.0013558301578564282,-1.012153375846934,0.00011831850176214567,7.545784607583159e-7,0.0,0.0,0.0,0.0,0.0,0.0,0.0,0.0,1.4692046419151776e-7,-1.2768962161030032e-7,1.2815721875256262e-7,1.3836453572668088e-7,1.2815721874270096e-7,1.383645356892966e-7,-1.3006464467705858e-7,1.2834783077607067e-7,2.6983992164215072e-12,3.299438511332954e-10,0.029311936563154662
4,0.08726646259971647,6,7,62,11.620701826744092,-0.016342726241433257,1.0140975413460203,-0.0014261719083254404,6.326323604967413e-7,-1.4840231834131486e-7,3.8034085230906157e-8,-3.439107594604865e-8,-1.5433321886021639e-7,-3.439107586060811e-8,-1.5433321888241916e-7,1.6033259282218424e-7,-3.043933166957971e-8,0.0,0.0,0.0,0.0,0.0,0.0,0.0,0.0,2.6983992164215072e-12,3.299438511332954e-10,0.029311936563154662
4,0.08726646259971647,6,5,63,11.620701826777943,-0.016342726230898157,-1.0140975413489741,0.0014261719074060793,6.326323427702269e-7,0.0,0.0,0.0,0.0,0.0,0.0,0.0,0.0,1.6033258833114782e-7,-3.0439330506667565e-8,3.439107471865727e-8,1.5433321464989473e-7,3.439107476728357e-8,1.5433321453329583e-7,-1.4840231426191366e-7,3.803408407726352e-8,2.6983992164215072e-12,3.299438511332954e-10,0.029311936563154662
4,0.08726646259971647,6,5,64,11.602758203906848,0.0014421310417335187,-1.0125316648547904,-0.00012584967461732826,4.501889952189014e-7,0.0,0.0,0.0,0.0,0.0,0.0,0.0,0.0,-5.81930033261388e-8,9.218739804927908e-8,-9.320054271998099e-8,-6.304138110230069e-8,-9.320054271130788e-8,-6.304138113449709e-8,6.807603372798044e-8,-9.408741834433382e-8,2.6983992164215072e-12,3.299438511332954e-10,0.029311936563154662
4,0.08726646259971647,6,7,65,11.60275820391059,0.0014421310398591153,1.012531664855117,0.0001258496744537557,4.5018899303847164e-7,6.80760336828864e-8,-9.408741769519085e-8,9.320054207817779e-8,6.304138107231424e-8,9.320054208031489e-8,6.304138110024728e-8,-5.819300330665532e-8,9.218739742556692e-8,0.0,0.0,0.0,0.0,0.0,0.0,0.0,0.0,2.6983992164215072e-12,3.299438511332954e-10,0.029311936563154662
4,0.08726646259971647,6,7,66,8.684206443106564,0.016762357475023484,0.7578399767755758,0.0014627916416772148,2.6143042791283575e-7,5.296577452890528e-8,-4.17461122111945e-8,4.20501477027856e-8,5.001268303367884e-8,4.2050147635717967e-8,5.001268304738717e-8,-4.714359173744376e-8,4.225407375943043e-8,0.0,0.0,0.0,0.0,0.0,0.0,0.0,0.0,2.6983992164215072e-12,3.299438511332954e-10,0.029311936563154662
4,0.08726646259971647,6,5,67,8.684206443106099,0.016762357475231422,-0.7578399767755353,-0.0014627916416953609,2.614304267779302e-7,0.0,0.0,0.0,0.0,0.0,0.0,0.0,0.0,-4.7143591140184734e-8,4.225407400548272e-8,-4.2050147971786124e-8,-5.001268245026727e-8,-4.2050147900842455e-8,-5.001268244028386e-8,5.296577393659987e-8,-4.174611249924865e-8,2.6983992164215072e-12,3.299438511332954e-10,0.029311936563154662
4,0.08726646259971647,6,5,68,8.670575020565316,-0.007859030761749593,-0.756650410750199,0.0006858298140402422,2.602404609555671e-7,0.0,0.0,0.0,0.0,0.0,0.0,0.0,0.0,-5.190910580642229e-8,3.5734669250454155e-8,-3.51691655893473e-8,-5.471594245552795e-8,-3.516916558607386e-8,-5.471594244135503e-8,5.7593007919853154e-8,-3.4494159811504434e-8,2.6983992164215072e-12,3.299438511332954e-10,0.029311936563154662
4,0.08726646259971647,6,7,69,8.67057502056516,-0.007859030762019999,0.7566504107501854,-0.0006858298140638394,2.6024046074883746e-7,5.759300786788329e-8,-3.449415979353088e-8,3.516916558470814e-8,5.4715942393152685e-8,3.5169165559394136e-8,5.4715942401034154e-8,-5.190910575555277e-8,3.57346692369011e-8,0.0,0.0,0.0,0.0,0.0,0.0,0.0,0.0,2.6983992164215072e-12,3.299438511332954e-10,0.029311936563154662
4,0.08726646259971647,6,7,70,8.692858076926996,0.01569643730730949,0.7585949742547929,0.001369772559227118,2.2741796301190344e-7,3.0953259902582035e-8,-4.983531504232662e-8,4.920912549361698e-8,2.844785914346274e-8,4.920912544389068e-8,2.8447859175700672e-8,-2.6040819673531172e-8,4.852594181482154e-8,0.0,0.0,0.0,0.0,0.0,0.0,0.0,0.0,2.6983992164215072e-12,3.299438511332954e-10,0.029311936563154662
4,0.08726646259971647,6,5,71,8.692858076927966,0.015696437308564848,-0.7585949742548775,-0.0013697725593366686,2.2741796286063413e-7,0.0,0.0,0.0,0.0,0.0,0.0,0.0,0.0,-2.604081978631373e-8,4.8525941717070086e-8,-4.9209125374575774e-8,-2.8447859270531433e-8,-4.920912534433791e-8,-2.8447859275917425e-8,3.0953260016594715e-8,-4.9835314920924406e-8,2.6983992164215072e-12,3.299438511332954e-10,0.029311936563154662
4,0.08726646259971647,6,7,72,8.693626632773082,0.013562151616691616,0.7586620434047913,0.0011835209968297032,2.2523098354119948e-7,-3.560422826340003e-8,4.131801948205876e-8,-4.1461235405668704e-8,-3.807813946110035e-8,-4.146123544086643e-8,-3.807813948820504e-8,4.063489691909196e-8,-4.1528212238843195e-8,0.0,0.0,0.0,0.0,0.0,0.0,0.0,0.0,2.6983992164215072e-12,3.299438511332954e-10,0.029311936563154662
4,0.08726646259971647,6,5,73,8.693626632771934,0.013562151615463314,-0.7586620434046911,-0.0011835209967225135,2.2523098312455885e-7,0.0,0.0,0.0,0.0,0.0,0.0,0.0,0.0,4.0634896750538014e-8,-4.1528212254631155e-8,4.146123542001373e-8,3.807813929522076e-8,4.146123544714114e-8,3.807813932369429e-8,-3.560422810166656e-8,4.1318019487115204e-8,2.6983992164215072e-12,3.299438511332954e-10,0.029311936563154662
4,0.08726646259971647,6,5,74,8.656039752045054,-0.01137772954929462,-0.7553819692834988,0.0009928942101832079,1.9040820447910192e-7,0.0,0.0,0.0,0.0,0.0,0.0,0.0,0.0,3.104823334881172e-8,-3.806092278847147e-8,3.7809714991881584e-8,2.8900675029502532e-8,3.780971506465184e-8,2.890067502486292e-8,-2.6828678259570095e-8,3.750063035695933e-8,2.6983992164215072e-12,3.299438511332954e-10,0.029311936563154662
4,0.08726646259971647,6,7,75,8.656039752045846,-0.011377729548672954,0.7553819692835678,-0.0009928942101289572,1.9040820250161036e-7,-2.682867780746478e-8,3.750063009126637e-8,-3.780971473514783e-8,-2.8900674559624984e-8,-3.78097147923081e-8,-2.8900674559157855e-8,3.1048232864936195e-8,-3.806092252523342e-8,0.0,0.0,0.0,0.0,0.0,0.0,0.0,0.0,2.6983992164215072e-12,3.299438511332954e-10,0.029311936563154662
4,0.08726646259971647,6,5,76,8.663698722734917,-0.01061900587004308,-0.7560503405627581,0.0009266830786042842,4.487189199683939e-8,0.0,0.0,0.0,0.0,0.0,0.0,0.0,0.0,1.0284326849438667e-8,-5.312356693711337e-9,5.459664353986764e-9,9.796536762021691e-9,5.459664374256827e-9,9.796536765325794e-9,-9.319646401720334e-9,5.587368061800931e-9,2.6983992164215072e-12,3.299438511332954e-10,0.029311936563154662
4,0.08726646259971647,6,7,77,8.66369872273359,-0.010619005870201762,0.7560503405626423,-0.0009266830786181317,4.487189137475932e-8,-9.319646366009398e-9,5.5873678115722175e-9,-5.459664106789653e-9,-9.796536727652864e-9,-5.459664117443172e-9,-9.796536724271785e-9,1.0284326809998188e-8,-5.312356439857095e-9,0.0,0.0,0.0,0.0,0.0,0.0,0.0,0.0,2.6983992164215072e-12,3.299438511332954e-10,0.029311936563154662
4,0.08726646259971647,6,7,78,5.123191724029143,0.002156534501350775,0.44708281897616614,0.00018819313740712563,2.5725072226068948e-8,-6.065002523337496e-9,-1.4225605308471266e-9,1.6655115584784502e-9,-6.210203113118991e-9,1.6655115993712373e-9,-6.210203104695248e-9,6.352060253410341e-9,1.9208796896335778e-9,0.0,0.0,0.0,0.0,0.0,0.0,0.0,0.0,2.6983992164215072e-12,3.299438511332954e-10,0.029311936563154662
4,0.08726646259971647,6,5,79,5.123191724030256,0.0021565345021638607,-0.4470828189762633,-0.00018819313747808072,2.5725071469698265e-8,0.0,0.0,0.0,0.0,0.0,0.0,0.0,0.0,6.352060082098644e-9,1.920879580249276e-9,-1.6655114574852192e-9,6.210202951785317e-9,-1.6655114879451208e-9,6.210202931562412e-9,-6.065002359917815e-9,-1.422560427699763e-9,2.6983992164215072e-12,3.299438511332954e-10,0.029311936563154662
5,0.05038331567317271,7,6,0,0.18070394368391618,0.05133774671574093,-0.009104463838013973,-0.0025865658987285606,36.00843734286046,0.0,0.0,0.0,0.0,0.0,0.0,0.0,0.0,-5.955148977641614,6.369584463584122,-6.3764362359241,-6.35126444192191,-6.376436235900408,-6.351264441967549,6.760120063450844,-6.370572739199424,1.843364811168888e-12,1.1238215843981158e-9,0.036517614440034166
5,0.05038331567317271,7,8,1,0.18070394368270648,0.051337746715297713,0.009104463837953025,0.00258656589870623,36.00843734285341,6.760120063452013,-6.37057273919585,6.376436235920912,6.35126444192287,6.376436235896617,6.3512644419685955,-5.955148977642463,6.369584463580704,0.0,0.0,0.0,0.0,0.0,0.0,0.0,0.0,1.843364811168888e-12,1.1238215843981158e-9,0.036517614440034166
5,0.05038331567317271,7,8,2,2.125294527739144,0.003556243658583702,0.10707938508954781,0.0001791753468611413,1.9581326880571477,0.3928980244368469,-0.3174673654511125,0.31947632329236897,0.3707531776940314,0.3194763232924785,0.37075317769653354,-0.34924654145595185,0.32074313656790887,0.0,0.0,0.0,0.0,0.0,0.0,0.0,0.0,1.843364811168888e-12,1.1238215843981158e-9,0.036517614440034166
5,0.05038331567317271,7,6,3,2.125294527738771,0.0035562436585306473,-0.10707938508952902,-0.00017917534685846822,1.9581326879784848,0.0,0.0,0.0,0.0,0.0,0.0,0.0,0.0,-0.3492465414525599,0.3207431365416778,-0.3194763232679445,-0.3707531776899368,-0.31947632326438374,-0.37075317769392674,0.3928980244335922,-0.3174673654248111,1.843364811168888e-12,1.1238215843981158e-9,0.036517614440034166
5,0.05038331567317271,7,6,4,6.7570797596420675,0.002913200136163016,-0.3404440825588523,-0.00014677668207943096,1.6157197688772804,0.0,0.0,0.0,0.0,0.0,0.0,0.0,0.0,-0.2755114524157098,0.277814364601039,-0.27759827677551674,-0.2932867317289406,-0.2775982767862738,-0.29328673174245373,0.3116166204818232,-0.2767950608881161,1.843364811168888e-12,1.1238215843981158e-9,0.036517614440034166
5,0.05038331567317271,7,8,5,6.757079759647652,0.002913200134533972,0.34044408255913367,0.0001467766819973543,1.6157197687413274,0.3116166204242785,-0.2767950608994305,0.277598276799397,0.29328673167046226,0.2775982767850539,0.29328673168592856,-0.27551145235822877,0.27781436461227443,0.0,0.0,0.0,0.0,0.0,0.0,0.0,0.0,1.843364811168888e-12,1.1238215843981158e-9,0.036517614440034166
5,0.05038331567317271,7,6,6,6.742109576667412,-0.0020699557716388,-0.339689835104355,0.00010429123507198345,1.4416957445795286,0.0,0.0,0.0,0.0,0.0,0.0,0.0,0.0,0.2667891674667449,-0.25910906320785054,0.2590973539922747,0.2504178413107053,0.2590973540032691,0.2504178413244456,-0.23456420852367385,0.25858429141196154,1.843364811168888e-12,1.1238215843981158e-9,0.036517614440034166
5,0.05038331567317271,7,8,7,6.7421095766544035,-0.002069955773765092,0.33968983510369966,-0.0001042912351791131,1.4416957444571927,-0.23456420846792747,0.2585842914232108,-0.25909735401616035,-0.25041784125409483,-0.25909735400195777,-0.2504178412697281,0.266789167411144,-0.2591090632190584,0.0,0.0,0.0,0.0,0.0,0.0,0.0,0.0,1.843364811168888e-12,1.1238215843981158e-9,0.036517614440034166
5,0.05038331567317271,7,8,8,2.1092599094920264,-0.001995623765399454,0.10627150785670446,-0.00010054614213700625,1.4021636481189086,-0.22064513787260762,0.2580875760549295,-0.25903935192672517,-0.23604273935383258,-0.25903935192741234,-0.23604273935593614,0.25195794693814566,-0.2595185247144519,0.0,0.0,0.0,0.0,0.0,0.0,0.0,0.0,1.843364811168888e-12,1.1238215843981158e-9,0.036517614440034166
5,0.05038331567317271,7,6,9,2.109259909492221,-0.001995623765679605,-0.10627150785671426,0.00010054614215112118,1.4021636480326158,0.0,0.0,0.0,0.0,0.0,0.0,0.0,0.0,0.2519579469354193,-0.25951852468772685,0.2590393519019118,0.2360427393503541,0.2590393518987987,0.2360427393539484,-0.22064513786991935,0.25808757602822263,1.843364811168888e-12,1.1238215843981158e-9,0.036517614440034166
5,0.05038331567317271,7,6,10,12.950073084365204,0.000755401471560023,-0.6524676202002294,-3.805963080158783e-5,1.1590747470124614,0.0,0.0,0.0,0.0,0.0,0.0,0.0,0.0,-0.19548993582841678,0.2014106901365858,-0.20139281611905005,-0.20824238200065884,-0.20139281635329934,-0.20824238203421602,0.22139719694992918,-0.20095805520613766,1.843364811168888e-12,1.1238215843981158e-9,0.036517614440034166
5,0.05038331567317271,7,8,11,12.95007308436779,0.0007554014808189777,0.6524676202003598,3.805963126808467e-5,1.1590747459733803,0.2213971973692937,-0.20095805439947434,0.20139281536233353,0.20824238246737314,0.20139281549582289,0.20824238240444615,-0.19548993624761718,0.20141068932988895,0.0,0.0,0.0,0.0,0.0,0.0,0.0,0.0,1.843364811168888e-12,1.1238215843981158e-9,0.036517614440034166
5,0.05038331567317271,7,6,12,12.939357761468559,-0.0025495181988950052,-0.6519277467041877,0.00012845318022942578,1.0822112513871727,0.0,0.0,0.0,0.0,0.0,0.0,0.0,0.0,0.2015838050172185,-0.19313422120023155,0.19320900499570975,0.18929486689176495,0.19320900523031667,0.18929486692529152,-0.17739196783242273,0.19290481325610925,1.843364811168888e-12,1.1238215843981158e-9,0.036517614440034166
5,0.05038331567317271,7,8,13,12.93935776146998,-0.002549518204657056,0.6519277467042593,-0.000128453180519737,1.0822112502414072,-0.1773919682481453,0.19290481244829355,-0.19320900423791493,-0.18929486735480403,-0.1932090043717251,-0.1892948672920273,0.2015838054328881,-0.1931342203924948,0.0,0.0,0.0,0.0,0.0,0.0,0.0,0.0,1.843364811168888e-12,1.1238215843981158e-9,0.036517614440034166
5,0.05038331567317271,7,6,14,2.224358099909815,0.09958186281646245,-0.11207053631793486,-0.005017264429604407,0.06659621995680232,0.0,0.0,0.0,0.0,0.0,0.0,0.0,0.0,-0.0006216691228602004,0.0161150004493164,-0.01660390752442032,-0.0011674105242806005,-0.016603907524389776,-0.0011674105243981237,0.0017463573728393501,-0.017090446572994838,1.843364811168888e-12,1.1238215843981158e-9,0.036517614440034166
5,0.05038331567317271,7,8,15,2.224358099909092,0.09958186281618998,0.11207053631789843,0.0050172644295906794,0.06659621995604137,0.0017463573726969068,-0.017090446572809875,0.016603907524249242,0.001167410524159673,0.01660390752419773,0.0011674105242611543,-0.0006216691227440511,0.01611500044913859,0.0,0.0,0.0,0.0,0.0,0.0,0.0,0.0,1.843364811168888e-12,1.1238215843981158e-9,0.036517614440034166
5,0.05038331567317271,7,8,16,6.857035047344848,0.1000221114668209,0.34548016137238424,0.005039445616330105,0.020656406691527858,-0.0011637619006268799,-0.005199978303251177,0.004999993601140391,-0.0012863479709315294,0.004999993601026188,-0.0012863479708140032,0.0013989314912253507,0.004802571592301945,0.0,0.0,0.0,0.0,0.0,0.0,0.0,0.0,1.843364811168888e-12,1.1238215843981158e-9,0.036517614440034166
5,0.05038331567317271,7,6,17,6.857035047344773,0.10002211146863502,-0.34548016137238047,-0.005039445616421507,0.020656406690798983,0.0,0.0,0.0,0.0,0.0,0.0,0.0,0.0,0.001398931491184215,0.004802571592120521,-0.004999993600998222,0.0012863479708797403,-0.004999993600822396,0.0012863479707470246,-0.0011637619005471665,-0.005199978303086054,1.843364811168888e-12,1.1238215843981158e-9,0.036517614440034166
5,0.05038331567317271,7,8,18,13.079400733830552,0.1018554712650871,0.6589835759885114,0.0051318163617886554,0.00870258260366674,-0.0011999400767724903,-0.0018973573218541585,0.0018006268307757683,-0.0012201692342514395,0.0018006268307431495,-0.0012201692339245177,0.0012367947010073085,0.0017063330744420432,0.0,0.0,0.0,0.0,0.0,0.0,0.0,0.0,1.843364811168888e-12,1.1238215843981158e-9,0.036517614440034166
5,0.05038331567317271,7,6,19,13.079400733819313,0.10185547125127054,-0.6589835759879452,-0.005131816361092531,0.008702582598607548,0.0,0.0,0.0,0.0,0.0,0.0,0.0,0.0,0.0012367946986659238,0.0017063330745689343,-0.0018006268309171403,0.0012201692318313836,-0.001800626830803283,0.0012201692315363711,-0.00119994007430352,-0.0018973573219278651,1.843364811168888e-12,1.1238215843981158e-9,0.036517614440034166
5,0.05038331567317271,7,8,20,4.392139736538352,0.05141474377009905,0.22129056282669743,0.0025904452656241904,0.00039604328779105553,7.717815031190923e-5,-6.694188868155033e-5,6.719176055277243e-5,7.268778520905135e-5,6.719176055253192e-5,7.268778520803305e-5,-6.833165811644015e-5,6.729612261531517e-5,0.0,0.0,0.0,0.0,0.0,0.0,0.0,0.0,1.843364811168888e-12,1.1238215843981158e-9,0.036517614440034166
5,0.05038331567317271,7,6,21,4.392139736538183,0.05141474376953899,-0.22129056282668888,-0.0025904452655959725,0.0003960432877796527,0.0,0.0,0.0,0.0,0.0,0.0,0.0,0.0,-6.833165811850203e-5,6.729612260920283e-5,-6.719176054695875e-5,-7.26877852104071e-5,-6.719176054603328e-5,-7.26877852102939e-5,7.717815031345782e-5,-6.694188867536798e-5,1.843364811168888e-12,1.1238215843981158e-9,0.036517614440034166
5,0.05038331567317271,7,8,22,9.02648751237654,0.05149379359999595,0.4547843697560187,0.0025944280581577965,0.0002433625417585088,4.2647457373331456e-5,-4.6069234429089905e-5,4.592043903351041e-5,3.9887936651193014e-5,4.592043902812085e-5,3.988793665013573e-5,-3.722017693840299e-5,4.5691775998228186e-5,0.0,0.0,0.0,0.0,0.0,0.0,0.0,0.0,1.843364811168888e-12,1.1238215843981158e-9,0.036517614440034166
5,0.05038331567317271,7,6,23,9.026487512374665,0.05149379360063963,-0.4547843697559242,-0.002594428058190227,0.00024336254153990976,0.0,0.0,0.0,0.0,0.0,0.0,0.0,0.0,-3.722017689880038e-5,4.569177596173499e-5,-4.592043899650613e-5,-3.988793660905997e-5,-4.592043899205351e-5,-3.988793660974326e-5,4.264745733037348e-5,-4.6069234392533034e-5,1.843364811168888e-12,1.1238215843981158e-9,0.036517614440034166
5,0.05038331567317271,7,6,24,4.410127603306086,0.04682710971161537,-0.22219685119634314,-0.0023593050506626086,0.0002109018178139336,0.0,0.0,0.0,0.0,0.0,0.0,0.0,0.0,3.385990404875708e-5,-4.258430843698129e-5,4.227632932046887e-5,3.148487102319959e-5,4.227632931967792e-5,3.1484871019956145e-5,-2.919432759888755e-5,4.190529597166135e-5,1.843364811168888e-12,1.1238215843981158e-9,0.036517614440034166
5,0.05038331567317271,7,8,25,4.410127603307962,0.046827109710769955,0.22219685119643764,0.0023593050506200137,0.00021090181778132122,-2.9194327564345665e-5,4.190529598728076e-5,-4.22763293358187e-5,-3.148487098924438e-5,-4.2276329335809796e-5,-3.148487098439818e-5,3.38599040137456e-5,-4.2584308452795076e-5,0.0,0.0,0.0,0.0,0.0,0.0,0.0,0.0,1.843364811168888e-12,1.1238215843981158e-9,0.036517614440034166
5,0.05038331567317271,7,8,26,9.043285795519926,0.04696220479220172,0.45563072295839924,0.0023661115887536836,0.0001386320351342768,-2.060854697351473e-5,2.65012319801718e-5,-2.666582257402829e-5,-2.2124908276970542e-5,-2.6665822574300164e-5,-2.2124908267237113e-5,2.3694556912675156e-5,-2.6786110064256734e-5,0.0,0.0,0.0,0.0,0.0,0.0,0.0,0.0,1.843364811168888e-12,1.1238215843981158e-9,0.036517614440034166
5,0.05038331567317271,7,6,27,9.043285795513803,0.04696220479152315,-0.45563072295809076,-0.002366111588719495,0.00013863203510545787,0.0,0.0,0.0,0.0,0.0,0.0,0.0,0.0,2.3694556964636806e-5,-2.6786110011712865e-5,2.666582251998654e-5,2.2124908324697e-5,2.666582252337858e-5,2.2124908323333825e-5,-2.0608547025474285e-5,2.6501231927849097e-5,1.843364811168888e-12,1.1238215843981158e-9,0.036517614440034166
5,0.05038331567317271,7,6,28,4.414870244146742,0.05166550790907502,-0.22243580116694237,-0.0026030795943977284,0.00010375614594623902,0.0,0.0,0.0,0.0,0.0,0.0,0.0,0.0,-1.372048291607231e-5,2.1048685763093615e-5,-2.1265857578375857e-5,-1.4841188526275963e-5,-2.126585757996929e-5,-1.4841188526223144e-5,1.600439612673389e-5,-2.1453304516362744e-5,1.843364811168888e-12,1.1238215843981158e-9,0.036517614440034166
5,0.05038331567317271,7,8,29,4.414870244145609,0.051665507908342186,0.2224358011668853,0.0026030795943608053,0.0001037561459333326,1.600439609784864e-5,-2.1453304532132187e-5,2.1265857594062266e-5,1.4841188498766054e-5,2.1265857595930807e-5,1.4841188497182627e-5,-1.3720482888336411e-5,2.104868577894916e-5,0.0,0.0,0.0,0.0,0.0,0.0,0.0,0.0,1.843364811168888e-12,1.1238215843981158e-9,0.036517614440034166
5,0.05038331567317271,7,8,30,9.047924809362401,0.05137422321894385,0.4558644518572369,0.0025884037059040873,6.412467901908834e-5,9.00422082949522e-6,-1.3876507957743961e-5,1.3713957394808965e-5,8.294421116204252e-6,1.37139574002357e-5,8.294421102793402e-6,-7.612032687888037e-6,1.3534790583795603e-5,0.0,0.0,0.0,0.0,0.0,0.0,0.0,0.0,1.843364811168888e-12,1.1238215843981158e-9,0.036517614440034166
5,0.05038331567317271,7,6,31,9.04792480936316,0.05137422321881883,-0.4558644518572751,-0.002588403705897788,6.412467900054771e-5,0.0,0.0,0.0,0.0,0.0,0.0,0.0,0.0,-7.6120327425103015e-6,1.3534790544708413e-5,-1.3713957355107098e-5,-8.294421167192199e-6,-1.3713957362505306e-5,-8.294421161749243e-6,9.004220884947388e-6,-1.3876507919509575e-5,1.843364811168888e-12,1.1238215843981158e-9,0.036517614440034166
5,0.05038331567317271,7,8,32,9.025350276153365,0.051352975758575115,0.45472707202439144,0.002587333188401076,2.3359949351730876e-5,3.864580241505133e-6,4.623641270094431e-6,-4.3590982861347784e-6,3.8841576556099e-6,-4.359098285692177e-6,3.8841576562229845e-6,-3.89500911417721e-6,-4.102314891090973e-6,0.0,0.0,0.0,0.0,0.0,0.0,0.0,0.0,1.843364811168888e-12,1.1238215843981158e-9,0.036517614440034166
5,0.05038331567317271,7,6,33,9.025350276151428,0.05135297575847046,-0.4547270720242939,-0.002587333188395803,2.335994933078484e-5,0.0,0.0,0.0,0.0,0.0,0.0,0.0,0.0,-3.895009131383476e-6,-4.10231486812372e-6,4.359098263094964e-6,-3.8841576737852056e-6,4.359098262459248e-6,-3.884157674252485e-6,3.8645802605251225e-6,4.623641246799719e-6,1.843364811168888e-12,1.1238215843981158e-9,0.036517614440034166
5,0.05038331567317271,7,8,34,10.979651144718003,-0.001363961260239674,0.5531912296056393,-6.872089074063397e-5,1.2693808806348282e-5,-1.9112432324052393e-6,2.407543608495187e-6,-2.421221915433223e-6,-2.0502325663241867e-6,-2.4212219153826113e-6,-2.0502325665803417e-6,2.19406023903069e-6,-2.4307949188529394e-6,0.0,0.0,0.0,0.0,0.0,0.0,0.0,0.0,1.843364811168888e-12,1.1238215843981158e-9,0.036517614440034166
5,0.05038331567317271,7,6,35,10.979651144707184,-0.001363961256272854,-0.5531912296050941,6.872089054077242e-5,1.2693808783820234e-5,0.0,0.0,0.0,0.0,0.0,0.0,0.0,0.0,2.1940602342725733e-6,-2.4307949153563696e-6,2.421221911877363e-6,2.0502325617725492e-6,2.4212219118841425e-6,2.0502325620351434e-6,-1.9112432280621965e-6,2.4075436049432068e-6,1.843364811168888e-12,1.1238215843981158e-9,0.036517614440034166
5,0.05038331567317271,7,8,36,10.995124346444596,0.004033658265961464,0.5539708208127049,0.00020322907773163886,1.1185571394437816e-5,2.0687779937869077e-6,-2.011500321756993e-6,2.0113375844251103e-6,1.9417591449659147e-6,2.0113375842626574e-6,1.941759144934406e-6,-1.8187590837351723e-6,2.0072873098530196e-6,0.0,0.0,0.0,0.0,0.0,0.0,0.0,0.0,1.843364811168888e-12,1.1238215843981158e-9,0.036517614440034166
5,0.05038331567317271,7,6,37,10.995124346454087,0.004033658267153628,-0.553970820813183,-0.00020322907779170407,1.1185571390407983e-5,0.0,0.0,0.0,0.0,0.0,0.0,0.0,0.0,-1.8187590834942911e-6,2.0072873086323355e-6,-2.0113375832671006e-6,-1.941759144730263e-6,-2.011337583000151e-6,-1.941759144772824e-6,2.068777993636409e-6,-2.0115003205544805e-6,1.843364811168888e-12,1.1238215843981158e-9,0.036517614440034166
5,0.05038331567317271,7,6,38,9.048957912404024,0.05170012328910731,-0.45591650301390585,-0.0026048236320170416,9.530601218735872e-6,0.0,0.0,0.0,0.0,0.0,0.0,0.0,0.0,-2.2940389120374716e-6,-2.52900853926315e-7,3.357842966226188e-7,-2.3582697175479868e-6,3.3578429673727434e-7,-2.358269718129209e-6,2.421824239185455e-6,4.233836025736885e-7,1.843364811168888e-12,1.1238215843981158e-9,0.036517614440034166
5,0.05038331567317271,7,8,39,9.048957912402424,0.051700123289906544,0.45591650301382525,0.0026048236320573097,9.530601192712143e-6,2.42182423301772e-6,4.233835992874694e-7,-3.3578429396564584e-7,2.358269711095302e-6,-3.357842935447862e-7,2.358269712272702e-6,-2.2940389059113426e-6,-2.5290085135156247e-7,0.0,0.0,0.0,0.0,0.0,0.0,0.0,0.0,1.843364811168888e-12,1.1238215843981158e-9,0.036517614440034166
5,0.05038331567317271,7,6,40,6.360473357995835,0.00429656085427009,-0.320461737026709,-0.00021647498182968656,1.288708220538344e-6,0.0,0.0,0.0,0.0,0.0,0.0,0.0,0.0,-2.2288821001981117e-7,2.1842922845842022e-7,-2.1805464992944608e-7,-2.3706198294608418e-7,-2.18054650088253e-7,-2.3706198318269603e-7,2.5167139084526793e-7,-2.1720551196192174e-7,1.843364811168888e-12,1.1238215843981158e-9,0.036517614440034166
5,0.05038331567317271,7,8,41,6.360473357994709,0.004296560854497894,0.3204617370266523,0.00021647498184116406,1.288708220128963e-6,2.51671391042385e-7,-2.1720551160097874e-7,2.1805464950376432e-7,2.370619830903971e-7,2.180546497753076e-7,2.3706198343894068e-7,-2.228882102242523e-7,2.184292280818621e-7,0.0,0.0,0.0,0.0,0.0,0.0,0.0,0.0,1.843364811168888e-12,1.1238215843981158e-9,0.036517614440034166
5,0.05038331567317271,7,8,42,6.344735020528908,-0.001124468559752248,0.31966878740194193,-5.6654454410555384e-5,1.0537213395731927e-6,-1.6675710580862334e-7,1.9314176842484915e-7,-1.9380063829367743e-7,-1.783317000296694e-7,-1.9380063824950355e-7,-1.7833169986029516e-7,1.9029353830793434e-7,-1.9410245747081452e-7,0.0,0.0,0.0,0.0,0.0,0.0,0.0,0.0,1.843364811168888e-12,1.1238215843981158e-9,0.036517614440034166
5,0.05038331567317271,7,6,43,6.344735020527595,-0.0011244685597576395,-0.31966878740187576,5.6654454410827024e-5,1.0537213346124998e-6,0.0,0.0,0.0,0.0,0.0,0.0,0.0,0.0,1.902935362853626e-7,-1.9410245760672604e-7,1.938006384519787e-7,1.78331698089638e-7,1.9380063832819667e-7,1.7833169788245565e-7,-1.6675710391022655e-7,1.931417685270076e-7,1.843364811168888e-12,1.1238215843981158e-9,0.036517614440034166
5,0.05038331567317271,7,8,44,10.97813868517514,-0.0013070450972893707,0.5531150268790482,-6.585326573580311e-5,7.096874091719288e-7,-1.6292219233649974e-7,5.4696144230613205e-8,-5.11056005442153e-8,-1.6985584983396915e-7,-5.110560055308287e-8,-1.6985584976147673e-7,1.7689137864612254e-7,-4.717524329511073e-8,0.0,0.0,0.0,0.0,0.0,0.0,0.0,0.0,1.843364811168888e-12,1.1238215843981158e-9,0.036517614440034166
5,0.05038331567317271,7,6,45,10.97813868517117,-0.0013070450969218383,-0.5531150268788483,6.58532657172856e-5,7.096874045626943e-7,0.0,0.0,0.0,0.0,0.0,0.0,0.0,0.0,1.768913771176288e-7,-4.717524444562446e-8,5.110560162170879e-8,1.6985584830660336e-7,5.110560159405412e-8,1.6985584824509575e-7,-1.6292219082428554e-7,5.469614520171023e-8,1.843364811168888e-12,1.1238215843981158e-9,0.036517614440034166
5,0.05038331567317271,7,6,46,10.974718761375744,0.00014869174715875094,-0.5529427197786851,-7.49158323509493e-6,2.536428016083964e-7,0.0,0.0,0.0,0.0,0.0,0.0,0.0,0.0,5.718015160228929e-8,3.180588289983388e-8,-2.9048445917691902e-8,5.634799480273806e-8,-2.9048445915904643e-8,5.634799480157082e-8,-5.545762847245688e-8,-2.6403646714062316e-8,1.843364811168888e-12,1.1238215843981158e-9,0.036517614440034166
5,0.05038331567317271,7,8,47,10.974718761379702,0.0001486917469836202,0.5529427197788845,7.491583226271263e-6,2.536427914793874e-7,-5.5457625540794103e-8,-2.640364714510625e-8,2.9048446265239453e-8,-5.6347991773705626e-8,2.904844627078108e-8,-5.634799177172415e-8,5.7180148474798145e-8,3.180588316586216e-8,0.0,0.0,0.0,0.0,0.0,0.0,0.0,0.0,1.843364811168888e-12,1.1238215843981158e-9,0.036517614440034166
5,0.05038331567317271,7,6,48,10.989989880767641,0.005812430281635708,-0.5537121294076898,-0.00029284950970796006,2.2301110645571519e-7,0.0,0.0,0.0,0.0,0.0,0.0,0.0,0.0,-5.09151064540226e-8,-1.8003906866294473e-8,2.0234993470759703e-8,-5.193615988194412e-8,2.0234993491252335e-8,-5.193615983975564e-8,5.2916639448469876e-8,2.2569911842485046e-8,1.843364811168888e-12,1.1238215843981158e-9,0.036517614440034166
5,0.05038331567317271,7,8,49,10.989989880771596,0.005812430282352912,0.553712129407889,0.00029284950974409516,2.2301110171819795e-7,5.291663812897939e-8,2.2569911771435698e-8,-2.0234993452688454e-8,5.193615861434312e-8,-2.02349934716076e-8,5.1936158581140504e-8,-5.0915105246873245e-8,-1.8003906895433383e-8,0.0,0.0,0.0,0.0,0.0,0.0,0.0,0.0,1.843364811168888e-12,1.1238215843981158e-9,0.036517614440034166
5,0.05038331567317271,7,8,50,9.021450064007555,0.047665741795382306,0.4545305664046568,0.0024015581156726887,2.1352719794075506e-7,-5.295507881834515e-10,5.170518345909044e-8,-5.3321677861884954e-8,-2.2342751083816577e-9,-5.332167775962003e-8,-2.2342754677950683e-9,4.0456385711185316e-9,-5.493359697354294e-8,0.0,0.0,0.0,0.0,0.0,0.0,0.0,0.0,1.843364811168888e-12,1.1238215843981158e-9,0.036517614440034166
5,0.05038331567317271,7,6,51,9.021450064012686,0.04766574179543412,-0.45453056640491535,-0.0024015581156752995,2.135271940012712e-7,0.0,0.0,0.0,0.0,0.0,0.0,0.0,0.0,4.0456389348161355e-9,-5.4933595962483995e-8,5.332167687463415e-8,2.2342754785306584e-9,5.332167674310679e-8,2.2342758543566327e-9,-5.295511816442547e-10,5.1705182467468236e-8,1.843364811168888e-12,1.1238215843981158e-9,0.036517614440034166
5,0.05038331567317271,7,8,52,11.093435302641748,0.09950811180018687,0.5589240527529175,0.005013548608870178,1.5084568329835758e-7,3.800242565237919e-8,8.367813126429416e-9,-6.9387496427946585e-9,3.7057991559761174e-8,-6.938749658227902e-9,3.705799155036125e-8,-3.609960585615309e-8,-5.583788206091285e-9,0.0,0.0,0.0,0.0,0.0,0.0,0.0,0.0,1.843364811168888e-12,1.1238215843981158e-9,0.036517614440034166
5,0.05038331567317271,7,6,53,11.093435302631008,0.09950811180201692,-0.5589240527523763,-0.005013548608962382,1.508456820149494e-7,0.0,0.0,0.0,0.0,0.0,0.0,0.0,0.0,-3.609960557287871e-8,-5.583787987049592e-9,6.938749414466882e-9,-3.705799128134749e-8,6.938749422642368e-9,-3.70579912628592e-8,3.80024253701301e-8,8.367812881331969e-9,1.843364811168888e-12,1.1238215843981158e-9,0.036517614440034166
5,0.05038331567317271,7,8,54,11.098761053696169,0.09408118851197755,0.559192381749489,0.004740122219706235,1.3157301732445864e-7,-2.324044597578565e-8,2.1795798657006953e-8,-2.1725784577405697e-8,-2.4686354330235766e-8,-2.172578459561357e-8,-2.468635432567556e-8,2.6175664833255276e-8,-2.1606354405379455e-8,0.0,0.0,0.0,0.0,0.0,0.0,0.0,0.0,1.843364811168888e-12,1.1238215843981158e-9,0.036517614440034166
5,0.05038331567317271,7,6,55,11.098761053695952,0.09408118851316627,-0.5591923817494782,-0.0047401222197661266,1.3157301709027653e-7,0.0,0.0,0.0,0.0,0.0,0.0,0.0,0.0,2.6175664876626774e-8,-2.1606354268301526e-8,2.1725784439590505e-8,2.4686354379933042e-8,2.1725784454751306e-8,2.4686354365021553e-8,-2.324044602178623e-8,2.1795798515712947e-8,1.843364811168888e-12,1.1238215843981158e-9,0.036517614440034166
5,0.05038331567317271,7,6,56,10.993189067628037,0.0037295450653861764,-0.5538733150491746,-0.00018790684634667528,1.0345637256220074e-7,0.0,0.0,0.0,0.0,0.0,0.0,0.0,0.0,8.374131259386891e-9,-2.3612075477276517e-8,2.4084784882337894e-8,9.409588271147628e-9,2.4084784885151955e-8,9.4095882943166e-9,-1.0493196008774553e-8,2.4538626962771415e-8,1.843364811168888e-12,1.1238215843981158e-9,0.036517614440034166
5,0.05038331567317271,7,8,57,10.993189067621849,0.003729545065969113,0.5538733150488627,0.00018790684637604556,1.034563713546068e-7,-1.0493194610948046e-8,2.4538627221016263e-8,-2.4084785090027732e-8,-9.40958691464802e-9,-2.4084785093879793e-8,-9.40958692618237e-9,8.374129932984994e-9,-2.3612075638065387e-8,0.0,0.0,0.0,0.0,0.0,0.0,0.0,0.0,1.843364811168888e-12,1.1238215843981158e-9,0.036517614440034166
5,0.05038331567317271,7,8,58,11.092269098619356,0.0996019727798193,0.558865295527518,0.0050182776362363915,8.89918150641025e-8,-2.2891726617934582e-8,1.7259620175016614e-9,-2.37297221023382e-9,-2.21154525684196e-8,-2.3729722121666475e-9,-2.2115452568702518e-8,2.1343880227961134e-8,-2.975746798133175e-9,0.0,0.0,0.0,0.0,0.0,0.0,0.0,0.0,1.843364811168888e-12,1.1238215843981158e-9,0.036517614440034166
5,0.05038331567317271,7,6,59,11.092269098615834,0.09960197278126312,-0.5588652955273404,-0.005018277636309136,8.899181415183207e-8,0.0,0.0,0.0,0.0,0.0,0.0,0.0,0.0,2.134388003420983e-8,-2.975746578054273e-9,2.3729719903496074e-9,2.2115452363416573e-8,2.3729719923153475e-9,2.2115452362205742e-8,-2.28917263998826e-8,1.7259617982272612e-9,1.843364811168888e-12,1.1238215843981158e-9,0.036517614440034166
5,0.05038331567317271,7,8,60,11.092679429186388,0.09756971356161426,0.5588859693420071,0.004915885678515851,4.7732533606327917e-8,5.498788071993072e-9,-1.1017272213264568e-8,1.08376444606572e-8,4.987385639810055e-9,1.0837644461624848e-8,4.987385648692476e-9,-4.497648508838146e-9,1.0648020272458398e-8,0.0,0.0,0.0,0.0,0.0,0.0,0.0,0.0,1.843364811168888e-12,1.1238215843981158e-9,0.036517614440034166
5,0.05038331567317271,7,6,61,11.092679429185864,0.09756971356027892,-0.5588859693419806,-0.0049158856784485725,4.77325325516628e-8,0.0,0.0,0.0,0.0,0.0,0.0,0.0,0.0,-4.497648515307436e-9,1.0648019991078669e-8,-1.0837644174754749e-8,-4.9873856369405154e-9,-1.0837644169781142e-8,-4.987385645812807e-9,5.49878805927577e-9,-1.1017271917029072e-8,1.843364811168888e-12,1.1238215843981158e-9,0.036517614440034166
5,0.05038331567317271,7,8,62,6.458453247395021,0.09930028824801262,0.3253982887239308,0.005003077769236662,1.0484909282087212e-8,-1.5322330351139439e-9,-2.2288633205170723e-9,2.1114736205225415e-9,-1.5521212108853862e-9,2.111473616768324e-9,-1.5521212226674456e-9,1.5677833507444054e-9,1.9971839329957916e-9,0.0,0.0,0.0,0.0,0.0,0.0,0.0,0.0,1.843364811168888e-12,1.1238215843981158e-9,0.036517614440034166
5,0.05038331567317271,7,6,63,6.45845324739369,0.09930028824805168,-0.32539828872386367,-0.00500307776923863,1.048490892150461e-8,0.0,0.0,0.0,0.0,0.0,0.0,0.0,0.0,1.567783257025316e-9,1.997183885924741e-9,-2.1114735735763666e-9,1.5521211182361503e-9,-2.111473575366818e-9,1.5521211307678053e-9,-1.5322329440828593e-9,-2.228863279708044e-9,1.843364811168888e-12,1.1238215843981158e-9,0.036517614440034166
5,0.05038331567317271,7,8,64,8.65020769753485,0.05180318486701346,0.4358261450634068,0.0026100162160304628,3.085235685634489e-11,-3.3432072442028645e-12,-7.222569362233282e-12,6.891878230305905e-12,-3.4589082976684356e-12,6.89187857147669e-12,-3.4589078084988008e-12,3.5608182006148855e-12,6.568091464046806e-12,0.0,0.0,0.0,0.0,0.0,0.0,0.0,0.0,1.843364811168888e-12,1.1238215843981158e-9,0.036517614440034166
5,0.05038331567317271,7,6,65,8.65020769753589,0.051803184868168164,-0.43582614506345924,-0.0026100162160886406,3.085235682534399e-11,0.0,0.0,0.0,0.0,0.0,0.0,0.0,0.0,3.560817516109397e-12,6.568091815103418e-12,-6.891878603655335e-12,3.4589075907882813e-12,-6.891878877448763e-12,3.458907126558508e-12,-3.343206540684202e-12,-7.2225696905671585e-12,1.843364811168888e-12,1.1238215843981158e-9,0.036517614440034166
5,0.05038331567317271,7,6,66,13.074312911373466,0.10529669033439783,-0.6587272346235671,-0.005305196388458279,5.67194062288283e-19,0.0,0.0,0.0,0.0,0.0,0.0,0.0,0.0,1.368910922446871e-19,-1.1857112794987316e-20,7.733395903129114e-21,1.4140001582010965e-19,7.45418425459032e-21,1.417206965093965e-19,-1.462308908549517e-19,3.039846139710851e-21,1.843364811168888e-12,1.1238215843981158e-9,0.036517614440034166
5,0.05038331567317271,7,8,67,13.074312911342586,0.10529669037794441,0.6587272346220112,0.0053051963906523,1.2200873411355867e-19,3.103799205613322e-20,-3.5546225781567174e-21,4.454492303191394e-21,2.9914797407196445e-20,4.585112101040649e-21,3.04082007722272e-20,-2.9271732552811285e-20,5.430951659078196e-21,0.0,0.0,0.0,0.0,0.0,0.0,0.0,0.0,1.843364811168888e-12,1.1238215843981158e-9,0.036517614440034166
5,0.05038331567317271,7,6,68,6.849680546835513,0.10499693882018302,-0.34510961725160394,-0.005290093913294083,5.350153819813452e-20,0.0,0.0,0.0,0.0,0.0,0.0,0.0,0.0,1.2141773499756807e-20,4.402569570322125e-21,-4.981974677328694e-21,1.2347225699551453e-20,-5.123774595032604e-21,1.24124594059953e-20,-1.2599593162009742e-20,-5.734942621885199e-21,1.843364811168888e-12,1.1238215843981158e-9,0.036517614440034166
5,0.05038331567317271,7,8,69,6.849680546841935,0.1049969388235989,0.34510961725192746,0.005290093913466186,2.965676867929645e-20,1.9480517254826557e-21,-7.488689083528626e-21,7.115583861621856e-21,1.6993742108182556e-21,7.325426999733287e-21,1.6382089530056693e-21,-1.4095930370008625e-21,6.955385603422151e-21,0.0,0.0,0.0,0.0,0.0,0.0,0.0,0.0,1.843364811168888e-12,1.1238215843981158e-9,0.036517614440034166
5,0.05038331567317271,7,8,70,9.029222667830398,0.05523833474514929,0.4549221759566656,0.0027830904567252407,1.7993242487759286e-21,4.115545898152672e-22,-2.14639936506974e-22,2.2062885088934506e-22,3.9199112708166725e-22,2.209508319662744e-22,3.9158704886378666e-22,-3.724554541482096e-22,2.2612395424330875e-22,0.0,0.0,0.0,0.0,0.0,0.0,0.0,0.0,1.843364811168888e-12,1.1238215843981158e-9,0.036517614440034166
5,0.05038331567317271,7,8,71,2.2163856612434945,0.10505730635306808,0.11166885842392461,0.0052931354297598415,1.754397564628329e-21,-1.06963734736907e-22,4.419251108529617e-22,-4.308939469088193e-22,-9.993890741668195e-23,-4.261878049888807e-22,-8.506452314229345e-23,7.878217426182556e-23,-4.153810702196527e-22,0.0,0.0,0.0,0.0,0.0,0.0,0.0,0.0,1.843364811168888e-12,1.1238215843981158e-9,0.036517614440034166
5,0.05038331567317271,7,6,72,9.029222667829789,0.055238334743564765,-0.4549221759566349,-0.0027830904566454075,1.019382918651524e-21,0.0,0.0,0.0,0.0,0.0,0.0,0.0,0.0,-2.2830608371794086e-22,9.399674466529209e-23,-9.001913286895375e-23,-2.387124906029049e-22,-8.940177171964662e-23,-2.3822072754412347e-22,2.488105582465093e-22,-8.496646294753197e-23,1.843364811168888e-12,1.1238215843981158e-9,0.036517614440034166
5,0.05038331567317271,7,6,73,2.216385661242877,0.10505730635340049,-0.11166885842389351,-0.00529313542977659,5.437449987244036e-22,0.0,0.0,0.0,0.0,0.0,0.0,0.0,0.0,-1.4126226317953922e-23,1.2753024385713589e-22,-1.3102749087631554e-22,-2.2014428784272835e-23,-1.3696957435046177e-22,-2.2602620059438625e-23,3.132627784521313e-23,-1.4029392113830676e-22,1.843364811168888e-12,1.1238215843981158e-9,0.036517614440034166
5,0.05038331567317271,7,8,74,10.978706830242725,-0.0012200380109240946,0.5531436519113365,-6.146956023765839e-5,2.2089743785478637e-22,-5.2717770438913586e-23,1.0094179197752349e-23,-8.576195261384129e-24,-5.4486578297393e-23,-8.981533127391552e-24,-5.453466648757169e-23,5.631481607330439e-23,-7.37172888990134e-24,0.0,0.0,0.0,0.0,0.0,0.0,0.0,0.0,1.843364811168888e-12,1.1238215843981158e-9,0.036517614440034166
5,0.05038331567317271,7,6,75,10.97870683024259,-0.001220038010864892,-0.5531436519113297,6.146956023467558e-5,2.0971779901175523e-22,0.0,0.0,0.0,0.0,0.0,0.0,0.0,0.0,5.26873740504274e-23,-1.1263780902859148e-23,1.2235144738450654e-23,5.113804197606732e-23,1.26576079815414e-23,5.0701970931379914e-23,-4.9168033443656915e-23,1.3548089990778858e-23,1.843364811168888e-12,1.1238215843981158e-9,0.036517614440034166
5,0.05038331567317271,7,8,76,9.05275107501719,0.0560477278477148,0.45610761512324466,0.0028238703649154876,1.6515447597809653e-22,-3.066907208353222e-23,2.992199773250081e-23,-2.958142950553662e-23,-2.8711238885549255e-23,-3.0037024844257926e-23,-2.83813921571696e-23,2.6508061120531926e-23,-2.963207363640437e-23,0.0,0.0,0.0,0.0,0.0,0.0,0.0,0.0,1.843364811168888e-12,1.1238215843981158e-9,0.036517614440034166
5,0.05038331567317271,7,6,77,9.052751075018183,0.056047727849426084,-0.4561076151232947,-0.0028238703650017077,9.241331211396588e-23,0.0,0.0,0.0,0.0,0.0,0.0,0.0,0.0,-6.612841039864041e-24,-2.1954088248252837e-23,2.1892059164491823e-23,-4.3391228931408286e-24,2.3156127085275086e-23,-5.9231711789816096e-24,3.557766421134777e-24,2.299165761751564e-23,1.843364811168888e-12,1.1238215843981158e-9,0.036517614440034166
5,0.05038331567317271,7,6,78,11.09265397534497,0.09967743969106349,-0.5588846868930798,-0.005022079909448487,8.598040586540619e-23,0.0,0.0,0.0,0.0,0.0,0.0,0.0,0.0,3.6084967172833725e-25,-2.0794193280442448e-23,2.149303279022273e-23,1.0009667305110081e-24,2.143818615809324e-23,1.0187523515674686e-24,-1.700767410434842e-24,2.2139143173348173e-23,1.843364811168888e-12,1.1238215843981158e-9,0.036517614440034166
5,0.05038331567317271,7,8,79,11.09265397534503,0.09967743969022731,0.5588846868930828,0.005022079909406357,8.551622987961957e-23,-5.402903465305611e-24,2.1442161718071287e-23,-2.0880994124276038e-23,-4.608987414019386e-24,-2.086540680555608e-23,-4.57995551357181e-24,3.8300142559521805e-24,-2.0299943756017492e-23,0.0,0.0,0.0,0.0,0.0,0.0,0.0,0.0,1.843364811168888e-12,1.1238215843981158e-9,0.036517614440034166
6,0.029088820866572156,8,7,0,0.35843044435828064,0.07417375799121988,-0.010426318989063883,-0.00215762715920707,20.705113781604727,0.0,0.0,0.0,0.0,0.0,0.0,0.0,0.0,-3.951120591278439,3.0868250719950723,-3.0553725446843654,-4.176742187066598,-3.0553725446667976,-4.176742187090721,4.408466168381595,-3.015560430596522,5.282680999029066e-12,4.8223952746774045e-8,0.03414993481749849
6,0.029088820866572156,8,9,1,0.3584304443573854,0.07417375799060165,0.010426318989037843,0.0021576271591890865,20.70511378157194,4.408466168371698,-3.0155604305955226,3.055372544683162,4.17674218705819,3.055372544666333,4.176742187080048,-3.9511205912692264,3.086825071994396,0.0,0.0,0.0,0.0,0.0,0.0,0.0,0.0,5.282680999029066e-12,4.8223952746774045e-8,0.03414993481749849
6,0.029088820866572156,8,7,2,0.23584470711878236,-0.04724145870151231,-0.006860444437707435,0.0013741983296438579,13.869392594232808,0.0,0.0,0.0,0.0,0.0,0.0,0.0,0.0,1.974267334971453,-2.9837840926758483,2.9500007339783565,1.820437959050372,2.9500007339739964,1.8204379590695614,-1.6725049378442671,2.9125706030037724,5.282680999029066e-12,4.8223952746774045e-8,0.03414993481749849
6,0.029088820866572156,8,9,3,0.23584470711847205,-0.04724145870136137,0.006860444437698408,-0.0013741983296394675,13.869392594221743,-1.672504937827528,2.91257060301104,-2.9500007339849956,-1.8204379590341544,-2.95000073398218,-1.820437959051263,1.974267334953637,-2.983784092683413,0.0,0.0,0.0,0.0,0.0,0.0,0.0,0.0,5.282680999029066e-12,4.8223952746774045e-8,0.03414993481749849
6,0.029088820866572156,8,9,4,0.9818032948284254,0.05383775756080436,0.028559500169474394,0.0015660768855441788,1.9113286514166876,0.4231286256492571,-0.253110118717805,0.2580792291991407,0.40200081335260957,0.258079229197913,0.40200081335423665,-0.3813883549990204,0.2622438226986192,0.0,0.0,0.0,0.0,0.0,0.0,0.0,0.0,5.282680999029066e-12,4.8223952746774045e-8,0.03414993481749849
6,0.029088820866572156,8,7,5,0.981803294830122,0.053837757561600835,-0.028559500169523747,-0.0015660768855673473,1.9113286514091898,0.0,0.0,0.0,0.0,0.0,0.0,0.0,0.0,-0.3813883549981454,0.2622438226965318,-0.2580792291969354,-0.40200081335192656,-0.25807922919573,-0.40200081335327975,0.42312862564849296,-0.2531101187154918,5.282680999029066e-12,4.8223952746774045e-8,0.03414993481749849
6,0.029088820866572156,8,9,6,11.699427726087373,0.005549492203519038,0.3403225573655632,0.0001614281846086041,1.5647455961101209,0.3010805544314051,-0.2688539725802752,0.26958523390689904,0.2833269721027039,0.26958523388470057,0.283326972074933,-0.26611199302333105,0.26974930266388936,0.0,0.0,0.0,0.0,0.0,0.0,0.0,0.0,5.282680999029066e-12,4.8223952746774045e-8,0.03414993481749849
6,0.029088820866572156,8,7,7,11.699427726079717,0.005549492201973608,-0.3403225573653405,-0.00016142818456364933,1.5647455956535685,0.0,0.0,0.0,0.0,0.0,0.0,0.0,0.0,-0.2661119928793166,0.2697493026496096,-0.2695852338803398,-0.2833269719531593,-0.2695852338828745,-0.28332697193643214,0.301080554287399,-0.2688539725658775,5.282680999029066e-12,4.8223952746774045e-8,0.03414993481749849
6,0.029088820866572156,8,7,8,3.8702062400707216,0.005532644695133537,-0.11257973603410697,-0.0001609381104551302,1.4933238685942793,0.0,0.0,0.0,0.0,0.0,0.0,0.0,0.0,-0.2660360628027235,0.2449428166710025,-0.24399739048989616,-0.2824387984105481,-0.24399739048915914,-0.2824387984075058,0.29932896343164617,-0.2424865992821381,5.282680999029066e-12,4.8223952746774045e-8,0.03414993481749849
6,0.029088820866572156,8,9,9,3.870206240071989,0.005532644695939823,0.11257973603414384,0.00016093811047858408,1.4933238684510157,0.2993289633614615,-0.24248659930851932,0.243997390512072,0.28243879834197494,0.24399739051977687,0.2824387983358745,-0.26603606273265057,0.24494281669728146,0.0,0.0,0.0,0.0,0.0,0.0,0.0,0.0,5.282680999029066e-12,4.8223952746774045e-8,0.03414993481749849
6,0.029088820866572156,8,9,10,11.68774511967843,-0.005540820067662447,0.3399827241204788,-0.00016117592240214113,1.4852219590520706,-0.23945994889948172,0.26835790347344457,-0.26901996439044035,-0.25578735143567655,-0.26901996436895254,-0.2557873514078314,0.27265228176241363,-0.26916991305530835,0.0,0.0,0.0,0.0,0.0,0.0,0.0,0.0,5.282680999029066e-12,4.8223952746774045e-8,0.03414993481749849
6,0.029088820866572156,8,7,11,11.687745119688454,-0.005540820052335416,-0.3399827241207704,0.00016117592195629587,1.4852219586052295,0.0,0.0,0.0,0.0,0.0,0.0,0.0,0.0,0.2726522816137268,-0.2691699130424859,0.2690199643654173,0.2557873512814521,0.26901996436847325,0.2557873512646978,-0.23945994875083929,0.26835790346047356,5.282680999029066e-12,4.8223952746774045e-8,0.03414993481749849
6,0.029088820866572156,8,7,12,3.859531328483319,-0.004788462265729029,-0.11226921544317452,0.00013929072107413197,1.2879297151048639,0.0,0.0,0.0,0.0,0.0,0.0,0.0,0.0,0.22579631562312288,-0.24371963781781628,0.242937948734755,0.21119199669904226,0.24293794873509522,0.2111919966954827,-0.1970731307997848,0.24173339020592854,5.282680999029066e-12,4.8223952746774045e-8,0.03414993481749849
6,0.029088820866572156,8,9,13,3.8595313284815047,-0.00478846226663053,0.11226921544312175,-0.00013929072110035556,1.287929715005685,-0.19707313073209934,0.24173339023187332,-0.2429379487564409,-0.21119199663278052,-0.242937948765366,-0.21119199662647797,0.22579631555548926,-0.24371963784368902,0.0,0.0,0.0,0.0,0.0,0.0,0.0,0.0,5.282680999029066e-12,4.8223952746774045e-8,0.03414993481749849
6,0.029088820866572156,8,9,14,0.9237518667586313,-0.005257001948441586,0.026870852577303456,-0.0001529199879734381,0.8948465830785312,-0.053241514707893525,0.21005425263058025,-0.21495340712901218,-0.061781371892122974,-0.2149534071295643,-0.06178137189285419,0.07075101189883667,-0.2197285691014021,0.0,0.0,0.0,0.0,0.0,0.0,0.0,0.0,5.282680999029066e-12,4.8223952746774045e-8,0.03414993481749849
6,0.029088820866572156,8,7,15,0.923751866760167,-0.005257001948266671,-0.026870852577348125,0.00015291998796835,0.8948465830731992,0.0,0.0,0.0,0.0,0.0,0.0,0.0,0.0,0.07075101189519864,-0.21972856910107375,0.21495340712863759,0.06178137188861754,0.21495340712925545,0.06178137188909443,-0.05324151470426768,0.21005425263021935,5.282680999029066e-12,4.8223952746774045e-8,0.03414993481749849
6,0.029088820866572156,8,7,16,4.471021595896961,0.10469957782741503,-0.13005674629362224,-0.003045587264227406,0.011531939896305226,0.0,0.0,0.0,0.0,0.0,0.0,0.0,0.0,-0.0020701632314359436,0.0018742843481050276,-0.0018659245322558812,-0.0021967650930402273,-0.0018659245322364423,-0.002196765093052372,0.0023270944064633786,-0.0018531674587496712,5.282680999029066e-12,4.8223952746774045e-8,0.03414993481749849
6,0.029088820866572156,8,9,17,4.4710215958940305,0.10469957782593801,0.130056746293537,0.003045587264184441,0.011531939896031712,0.0023270944063197552,-0.0018531674588152921,0.0018659245323175105,0.002196765092901626,0.0018659245322969152,0.002196765092907911,-0.0020701632312965347,0.001874284348161644,0.0,0.0,0.0,0.0,0.0,0.0,0.0,0.0,5.282680999029066e-12,4.8223952746774045e-8,0.03414993481749849
6,0.029088820866572156,8,9,18,4.590670069577804,0.021588140315969936,0.13353717931148307,0.0006279735464936739,0.007083295724611059,0.001332163275994886,-0.0012506536042830266,0.0012519590086286887,0.0012517387469781135,0.0012519590088564518,0.0012517387468102205,-0.0011738156298328197,0.0012507584343023177,0.0,0.0,0.0,0.0,0.0,0.0,0.0,0.0,5.282680999029066e-12,4.8223952746774045e-8,0.03414993481749849
6,0.029088820866572156,8,7,19,4.590670069580896,0.021588140317493176,-0.13353717931157302,-0.0006279735465379832,0.007083295721663638,0.0,0.0,0.0,0.0,0.0,0.0,0.0,0.0,-0.0011738156298715726,0.0012507584332216812,-0.0012519590075548833,-0.0012517387470037267,-0.0012519590077659875,-0.0012517387468632861,0.0013321632760369833,-0.0012506536031992675,5.282680999029066e-12,4.8223952746774045e-8,0.03414993481749849
6,0.029088820866572156,8,9,20,4.585451172191101,0.01635041635083183,0.13338536774028026,0.00047561433232321947,0.005957698425739438,-0.000795798600878739,0.0012033896942328496,-0.001215434430930093,-0.0008602306998894466,-0.0012154344311689803,-0.0008602306997080318,0.0009270919446912988,-0.0012257562773263623,0.0,0.0,0.0,0.0,0.0,0.0,0.0,0.0,5.282680999029066e-12,4.8223952746774045e-8,0.03414993481749849
6,0.029088820866572156,8,7,21,4.585451172190391,0.016350416351166228,-0.13338536774025958,-0.0004756143323329467,0.005957698422611168,0.0,0.0,0.0,0.0,0.0,0.0,0.0,0.0,0.0009270919447433819,-0.001225756276328494,0.0012154344299396757,0.0008602306999261835,0.0012154344301668041,0.0008602306997775441,-0.0007957986009346726,0.0012033896932382492,5.282680999029066e-12,4.8223952746774045e-8,0.03414993481749849
6,0.029088820866572156,8,7,22,4.296218212302785,-0.06623539934826303,-0.12497192198138057,0.0019267096666674933,0.005613924582412102,0.0,0.0,0.0,0.0,0.0,0.0,0.0,0.0,0.0008400555286512388,-0.0011796461966792626,0.001168114071626594,0.0007773577489546735,0.001168114071622716,0.0007773577489771251,-0.0007169946403732698,0.0011550248964008073,5.282680999029066e-12,4.8223952746774045e-8,0.03414993481749849
6,0.029088820866572156,8,9,23,4.2962182123066555,-0.0662353993479064,0.12497192198149316,-0.0019267096666571195,0.00561392458241057,-0.0007169946404771146,0.0011550248963356634,-0.0011681140715588839,-0.0007773577490570485,-0.0011681140715509458,-0.0007773577490829493,0.0008400555287554507,-0.0011796461966048291,0.0,0.0,0.0,0.0,0.0,0.0,0.0,0.0,5.282680999029066e-12,4.8223952746774045e-8,0.03414993481749849
6,0.029088820866572156,8,7,24,4.373958104435564,0.025249599848669257,-0.12723328377781762,-0.0007344810869505675,0.004270026498900994,0.0,0.0,0.0,0.0,0.0,0.0,0.0,0.0,0.0003769569765011613,-0.0010350054359265465,0.0010138516274380205,0.000333325857121127,0.0010138516274886009,0.00033332585712554126,-0.0002917217723209992,0.0009920291402503807,5.282680999029066e-12,4.8223952746774045e-8,0.03414993481749849
6,0.029088820866572156,8,9,25,4.373958104433177,0.025249599848963508,0.12723328377774817,0.0007344810869591268,0.0042700264984662315,-0.00029172177230378965,0.0009920291401370952,-0.0010138516273315258,-0.00033332585710703415,-0.0010138516273758287,-0.0003333258571098772,0.0003769569764892322,-0.0010350054358206004,0.0,0.0,0.0,0.0,0.0,0.0,0.0,0.0,5.282680999029066e-12,4.8223952746774045e-8,0.03414993481749849
6,0.029088820866572156,8,7,26,4.376944271389542,0.03230316664622465,-0.12732014785341958,-0.0009396610279950573,0.003636002109661888,0.0,0.0,0.0,0.0,0.0,0.0,0.0,0.0,-0.0007252309974067672,0.0004993141566718448,-0.0004914152718049757,-0.0007644477177597761,-0.0004914152718136276,-0.0007644477177764459,0.0008046457387955995,-0.00048198651020932385,5.282680999029066e-12,4.8223952746774045e-8,0.03414993481749849
6,0.029088820866572156,8,9,27,4.376944271391168,0.0323031666467275,0.12732014785346688,0.0009396610280096846,0.0036360021093850697,0.0008046457388999608,-0.0004819865099140353,0.0004914152715144218,0.0007644477178654345,0.000491415271515675,0.0007644477178842616,-0.0007252309975162322,0.0004993141563789267,0.0,0.0,0.0,0.0,0.0,0.0,0.0,0.0,5.282680999029066e-12,4.8223952746774045e-8,0.03414993481749849
6,0.029088820866572156,8,7,28,12.302908173961061,0.10425139846780794,-0.35787709201023965,-0.0030325502551197003,0.0036280449325868575,0.0,0.0,0.0,0.0,0.0,0.0,0.0,0.0,-0.0006312526364371369,0.0006110688690124143,-0.0006097692754207971,-0.000671148221938206,-0.0006097692753980875,-0.0006711482219323748,0.0007122620024688454,-0.000607126167167535,5.282680999029066e-12,4.8223952746774045e-8,0.03414993481749849
6,0.029088820866572156,8,9,29,12.302908173965491,0.10425139847193,0.35787709201036855,0.003032550255239606,0.0036280449321483173,0.0007122620026080106,-0.0006071261668283607,0.0006097692750926544,0.0006711482220852473,0.0006097692750774517,0.0006711482220786395,-0.0006312526365905469,0.0006110688687026244,0.0,0.0,0.0,0.0,0.0,0.0,0.0,0.0,5.282680999029066e-12,4.8223952746774045e-8,0.03414993481749849
6,0.029088820866572156,8,9,30,12.42081922052334,0.022327567119778208,0.3613069853218798,0.0006494826003335947,0.0022253308537178384,0.00039364995409202157,-0.0004178272315876747,0.000416687857936934,0.00036840567070223104,0.0004166878580065234,0.0003684056703477246,-0.00034399402502909693,0.0004148108403757172,0.0,0.0,0.0,0.0,0.0,0.0,0.0,0.0,5.282680999029066e-12,4.8223952746774045e-8,0.03414993481749849
6,0.029088820866572156,8,7,31,12.420819220522963,0.022327567120746808,-0.3613069853218689,-0.0006494826003617701,0.0022253308493017524,0.0,0.0,0.0,0.0,0.0,0.0,0.0,0.0,-0.0003439940249339751,0.00041481083898825186,-0.0004166878565616595,-0.00036840567056538196,-0.00041668785660210295,-0.00036840567029297074,0.0003936499539981982,-0.0004178272301950493,5.282680999029066e-12,4.8223952746774045e-8,0.03414993481749849
6,0.029088820866572156,8,9,32,12.413866796344127,0.01544023485868054,0.36110474750034227,0.0004491382259419613,0.002082995205996658,-0.0002989960278526954,0.0004062517443232304,-0.00040932733698935577,-0.00032170640089764657,-0.00040932733710717,-0.00032170640054036894,0.0003452347840286259,-0.00041175869895956137,0.0,0.0,0.0,0.0,0.0,0.0,0.0,0.0,5.282680999029066e-12,4.8223952746774045e-8,0.03414993481749849
6,0.029088820866572156,8,7,33,12.413866796341985,0.015440234858128676,-0.36110474750028,-0.0004491382259259082,0.0020829952028091725,0.0,0.0,0.0,0.0,0.0,0.0,0.0,0.0,0.000345234784160348,-0.00041175869784048654,0.00040932733587153937,0.0003217064010036184,0.00040932733598225175,0.0003217064007069692,-0.00029899602799555715,0.00040625174320031666,5.282680999029066e-12,4.8223952746774045e-8,0.03414993481749849
6,0.029088820866572156,8,9,34,12.126335857683534,-0.06592685947765792,0.35274081153204695,-0.001917734605641266,0.0017930683441118615,-0.00024505041244500384,0.00035845391702773555,-0.0003617803261678001,-0.00026449577942416194,-0.00036178032617045,-0.00026449577942920966,0.00028466417734614304,-0.00036457702072031423,0.0,0.0,0.0,0.0,0.0,0.0,0.0,0.0,5.282680999029066e-12,4.8223952746774045e-8,0.03414993481749849
6,0.029088820866572156,8,7,35,12.126335857662696,-0.06592685944101763,-0.35274081153144077,0.0019177346045754432,0.0017930683431123609,0.0,0.0,0.0,0.0,0.0,0.0,0.0,0.0,0.0002846641778165054,-0.0003645770200255938,0.0003617803255072472,0.0002644957799042921,0.0003617803255145143,0.0002644957799032485,-0.0002450504129274676,0.0003584539164050264,5.282680999029066e-12,4.8223952746774045e-8,0.03414993481749849
6,0.029088820866572156,8,9,36,12.203493191668768,0.02460473957570418,0.3549852273988857,0.0007157228619863174,0.0015554820141540076,-0.00010685381793633665,0.000361202892679634,-0.00036912779495851136,-0.00012202218810618215,-0.0003691277950337149,-0.0001220221881622328,0.0001379285691346429,-0.00037680791492686517,0.0,0.0,0.0,0.0,0.0,0.0,0.0,0.0,5.282680999029066e-12,4.8223952746774045e-8,0.03414993481749849
6,0.029088820866572156,8,7,37,12.203493191684496,0.024604739587028523,-0.3549852273993432,-0.0007157228623157293,0.001555482012539394,0.0,0.0,0.0,0.0,0.0,0.0,0.0,0.0,0.00013792856810336367,-0.0003768079148586495,0.0003691277948906445,0.00012202218710504786,0.0003691277949136987,0.0001220221871604241,-0.00010685381696455914,0.0003612028925614261,5.282680999029066e-12,4.8223952746774045e-8,0.03414993481749849
6,0.029088820866572156,8,9,38,12.206498128931354,0.032965442315835314,0.35507263748063234,0.000958925846312651,0.0009773877518015526,0.00021396953836698651,-0.0001333682558947793,0.00013571122555172045,0.00020312082658859173,0.0001357112256087582,0.0002031208266342126,-0.00019254313078965072,0.00013764768259750328,0.0,0.0,0.0,0.0,0.0,0.0,0.0,0.0,5.282680999029066e-12,4.8223952746774045e-8,0.03414993481749849
6,0.029088820866572156,8,7,39,12.20649812892634,0.032965442310994575,-0.3550726374804865,-0.0009589258461718396,0.0009773877515385292,0.0,0.0,0.0,0.0,0.0,0.0,0.0,0.0,-0.0001925431307707885,0.00013764768250673995,-0.00013571122548011798,-0.00020312082657242183,-0.0001357112254841004,-0.00020312082662321394,0.0002139695383587187,-0.00013336825578842712,5.282680999029066e-12,4.8223952746774045e-8,0.03414993481749849
6,0.029088820866572156,8,9,40,8.075465800617566,0.07151421762158007,0.23490577808829408,0.0020802642658072005,0.00016099970104574613,3.4792456033363485e-5,-2.268049693066908e-5,2.303005842015964e-5,3.299793592939673e-5,2.3030058419954673e-5,3.2997935929619636e-5,-3.1249409900614995e-5,2.3313578043522206e-5,0.0,0.0,0.0,0.0,0.0,0.0,0.0,0.0,5.282680999029066e-12,4.8223952746774045e-8,0.03414993481749849
6,0.029088820866572156,8,7,41,8.075465800617573,0.07151421762157208,-0.2349057780882943,-0.002080264265806968,0.00016099970099836067,0.0,0.0,0.0,0.0,0.0,0.0,0.0,0.0,-3.124940989065953e-5,2.3313578037745712e-5,-2.3030058415134856e-5,-3.2997935918604955e-5,-2.303005841371148e-5,-3.2997935919391937e-5,3.4792456022285e-5,-2.268049692520186e-5,5.282680999029066e-12,4.8223952746774045e-8,0.03414993481749849
6,0.029088820866572156,8,7,42,7.958134993867171,-0.044491146018760336,-0.23149276326860144,0.0012941949766882243,0.00010108790657961161,0.0,0.0,0.0,0.0,0.0,0.0,0.0,0.0,1.3297015131417036e-5,-2.2432172835809464e-5,2.2130821949335366e-5,1.2189362008667744e-5,2.2130821949458518e-5,1.2189362008494546e-5,-1.1125946106685125e-5,2.1805048101749802e-5,5.282680999029066e-12,4.8223952746774045e-8,0.03414993481749849
6,0.029088820866572156,8,9,43,7.958134993867089,-0.04449114601850708,0.23149276326859905,-0.0012941949766808575,0.00010108790652978958,-1.1125946096276056e-5,2.1805048093640207e-5,-2.2130821940909188e-5,-1.2189361997894432e-5,-2.2130821941518845e-5,-1.2189361997367037e-5,1.3297015119902317e-5,-2.2432172827561898e-5,0.0,0.0,0.0,0.0,0.0,0.0,0.0,0.0,5.282680999029066e-12,4.8223952746774045e-8,0.03414993481749849
6,0.029088820866572156,8,7,44,8.092718233076408,0.06492581114034694,-0.23540763100560194,-0.0018886152898784472,9.523013748262287e-5,0.0,0.0,0.0,0.0,0.0,0.0,0.0,0.0,1.6281257670486773e-5,-1.8395848460490186e-5,1.8313502078657166e-5,1.5203001476114603e-5,1.831350207705713e-5,1.5203001475871496e-5,-1.4161341843027984e-5,1.820071309577934e-5,5.282680999029066e-12,4.8223952746774045e-8,0.03414993481749849
6,0.029088820866572156,8,9,45,8.092718233077882,0.0649258111400333,0.23540763100564485,0.0018886152898693236,9.523013742091088e-5,-1.416134182634872e-5,1.8200713089541766e-5,-1.831350207180917e-5,-1.5203001459749673e-5,-1.8313502071661063e-5,-1.5203001458678872e-5,1.6281257653621483e-5,-1.8395848454462665e-5,0.0,0.0,0.0,0.0,0.0,0.0,0.0,0.0,5.282680999029066e-12,4.8223952746774045e-8,0.03414993481749849
6,0.029088820866572156,8,9,46,7.984497663879273,-0.03713411909754061,0.232259622254148,-0.0010801877384663148,7.226528368544674e-5,1.4390410921655172e-5,-1.1850519468618369e-5,1.1917057941383648e-5,1.357249679455721e-5,1.1917057941666067e-5,1.3572496794758324e-5,-1.2778389614737098e-5,1.1956427613908005e-5,0.0,0.0,0.0,0.0,0.0,0.0,0.0,0.0,5.282680999029066e-12,4.8223952746774045e-8,0.03414993481749849
6,0.029088820866572156,8,7,47,7.984497663881067,-0.03713411909731716,-0.23225962225420022,0.001080187738459815,7.226528365503199e-5,0.0,0.0,0.0,0.0,0.0,0.0,0.0,0.0,-1.2778389612718673e-5,1.1956427604813312e-5,-1.1917057932628629e-5,-1.3572496792174492e-5,-1.1917057932187454e-5,-1.3572496792904537e-5,1.4390410919447968e-5,-1.1850519459479773e-5,5.282680999029066e-12,4.8223952746774045e-8,0.03414993481749849
6,0.029088820866572156,8,7,48,8.088782596292738,0.07271487110535156,-0.2352931479722059,-0.002115189859919455,5.350892953504818e-5,0.0,0.0,0.0,0.0,0.0,0.0,0.0,0.0,-6.328269866879743e-6,1.1307366484123953e-5,-1.1458061395434416e-5,-6.8973763702181845e-6,-1.1458061394154037e-5,-6.897376370161045e-6,7.489385178590931e-6,-1.1594938650484028e-5,5.282680999029066e-12,4.8223952746774045e-8,0.03414993481749849
6,0.029088820866572156,8,9,49,8.0887825962923,0.07271487110499252,0.23529314797219314,0.002115189859909011,5.350892945130737e-5,7.489385159576384e-6,-1.1594938637129386e-5,1.1458061381958253e-5,6.897376351808786e-6,1.1458061380881031e-5,6.897376351836937e-6,-6.328269849148062e-6,1.1307366470734354e-5,0.0,0.0,0.0,0.0,0.0,0.0,0.0,0.0,5.282680999029066e-12,4.8223952746774045e-8,0.03414993481749849
6,0.029088820866572156,8,7,50,11.591555595242177,-0.004323355535273424,-0.3371846842749119,0.0001257613147080718,3.952478013045735e-5,0.0,0.0,0.0,0.0,0.0,0.0,0.0,0.0,5.633083732207482e-6,-8.498607110086852e-6,8.402684953558367e-6,5.19462575316235e-6,8.402684955668575e-6,5.194625756070848e-6,-4.77296274091764e-6,8.29635675269339e-6,5.282680999029066e-12,4.8223952746774045e-8,0.03414993481749849
6,0.029088820866572156,8,9,51,11.591555595242403,-0.004323355535923543,0.33718468427491843,-0.00012576131472698298,3.952478005678716e-5,-4.772962735111769e-6,8.296356735347396e-6,-8.402684936330367e-6,-5.194625746499053e-6,-8.402684938463865e-6,-5.194625748393458e-6,5.633083723630295e-6,-8.498607093084273e-6,0.0,0.0,0.0,0.0,0.0,0.0,0.0,0.0,5.282680999029066e-12,4.8223952746774045e-8,0.03414993481749849
6,0.029088820866572156,8,9,52,7.964822774355051,-0.04510513279508313,0.23168730291720835,-0.0013120551280391222,3.539650854887332e-5,-6.7776728326796525e-6,5.247496361707551e-6,-5.192039852497401e-6,-7.163146220349849e-6,-5.192039852584993e-6,-7.163146220491384e-6,7.558989351193658e-6,-5.122246681197015e-6,0.0,0.0,0.0,0.0,0.0,0.0,0.0,0.0,5.282680999029066e-12,4.8223952746774045e-8,0.03414993481749849
6,0.029088820866572156,8,7,53,7.964822774355385,-0.045105132795131175,-0.23168730291721806,0.0013120551280405197,3.53965084711695e-5,0.0,0.0,0.0,0.0,0.0,0.0,0.0,0.0,7.558989336242134e-6,-5.122246667790557e-6,5.192039839056964e-6,7.163146205940168e-6,5.192039839156442e-6,7.163146206398321e-6,-6.777672819112757e-6,5.2474963482615435e-6,5.282680999029066e-12,4.8223952746774045e-8,0.03414993481749849
6,0.029088820866572156,8,7,54,11.60203970465106,0.005808422039752473,-0.33748965465545244,-0.00016896014823180932,3.511041601152779e-5,0.0,0.0,0.0,0.0,0.0,0.0,0.0,0.0,-6.226222661210733e-6,5.790019433023178e-6,-5.769708487870259e-6,-6.611982772955318e-6,-5.769708488059448e-6,-6.611982768528437e-6,7.009269061756375e-6,-5.736162051013295e-6,5.282680999029066e-12,4.8223952746774045e-8,0.03414993481749849
6,0.029088820866572156,8,9,55,11.602039704650178,0.005808422040457076,0.33748965465542674,0.0001689601482523054,3.511041596252264e-5,7.009269049830348e-6,-5.736162045267754e-6,5.769708483685993e-6,6.6119827634167044e-6,5.769708481461864e-6,6.611982754973151e-6,-6.2262226500090035e-6,5.790019427964933e-6,0.0,0.0,0.0,0.0,0.0,0.0,0.0,0.0,5.282680999029066e-12,4.8223952746774045e-8,0.03414993481749849
6,0.029088820866572156,8,9,56,5.112354678918351,0.02529667772830814,0.14871236946143793,0.0007358505269581609,5.962458545038435e-6,-1.4011381861094202e-6,-3.4868520041455385e-7,4.0544518368992805e-7,-1.4340280614324541e-6,4.054451840974045e-7,-1.4340280609743203e-6,1.466104178687446e-6,4.650724097397734e-7,0.0,0.0,0.0,0.0,0.0,0.0,0.0,0.0,5.282680999029066e-12,4.8223952746774045e-8,0.03414993481749849
6,0.029088820866572156,8,7,57,5.112354678920097,0.025296677727921504,-0.14871236946148872,-0.0007358505269469142,5.962458544199834e-6,0.0,0.0,0.0,0.0,0.0,0.0,0.0,0.0,1.466104178343059e-6,4.650724099668882e-7,-4.05445183819883e-7,1.4340280611710932e-6,-4.054451844294568e-7,1.4340280606708275e-6,-1.4011381858857364e-6,-3.486852006460563e-7,5.282680999029066e-12,4.8223952746774045e-8,0.03414993481749849
6,0.029088820866572156,8,9,58,8.691670229841257,0.05608616087780445,0.2528304383471704,0.0016314802868682009,5.1539762205327675e-6,1.1791305916044933e-6,-6.142726989707096e-7,6.309978516520812e-7,1.1230447304631664e-6,6.309978515913112e-7,1.1230447304552067e-6,-1.0682186176708394e-6,6.454756550642442e-7,0.0,0.0,0.0,0.0,0.0,0.0,0.0,0.0,5.282680999029066e-12,4.8223952746774045e-8,0.03414993481749849
6,0.029088820866572156,8,7,59,8.691670229840843,0.056086160877413235,-0.25283043834715835,-0.001631480286856821,5.153976216778874e-6,0.0,0.0,0.0,0.0,0.0,0.0,0.0,0.0,-1.068218617160163e-6,6.454756541819917e-7,-6.309978507642387e-7,-1.1230447299150599e-6,-6.309978506680098e-7,-1.1230447298691196e-6,1.1791305909776735e-6,-6.142726980429153e-7,5.282680999029066e-12,4.8223952746774045e-8,0.03414993481749849
6,0.029088820866572156,8,9,60,5.117574431115727,0.030520050044371708,0.1488642058980753,0.0008877922685795462,4.567732117912937e-6,6.777067442827235e-7,9.639144112137408e-7,-9.126853594556814e-7,6.85831762277967e-7,-9.126853598414109e-7,6.858317619999212e-7,-6.921300394426043e-7,-8.628261448668041e-7,0.0,0.0,0.0,0.0,0.0,0.0,0.0,0.0,5.282680999029066e-12,4.8223952746774045e-8,0.03414993481749849
6,0.029088820866572156,8,7,61,5.117574431114333,0.030520050043875716,-0.14886420589803473,-0.0008877922685651184,4.567732108629474e-6,0.0,0.0,0.0,0.0,0.0,0.0,0.0,0.0,-6.921300380545009e-7,-8.628261430455128e-7,9.126853577738409e-7,-6.858317608751922e-7,9.126853578678385e-7,-6.858317605402342e-7,6.777067428022077e-7,9.63914409379139e-7,5.282680999029066e-12,4.8223952746774045e-8,0.03414993481749849
6,0.029088820866572156,8,7,62,8.712310161695566,0.04761185324627229,-0.2534308296275786,-0.0013849726702063365,3.019497308576499e-6,0.0,0.0,0.0,0.0,0.0,0.0,0.0,0.0,6.033678742029756e-7,-4.926123306128165e-7,4.955368594437349e-7,5.692045973309909e-7,4.955368595196265e-7,5.692045971707317e-7,-5.360312546137779e-7,4.97321989222953e-7,5.282680999029066e-12,4.8223952746774045e-8,0.03414993481749849
6,0.029088820866572156,8,9,63,8.7123101616969,0.0476118532450103,0.2534308296276174,0.0013849726701696268,3.0194973076731224e-6,-5.360312539118558e-7,4.973219896804462e-7,-4.955368599528697e-7,-5.692045966507588e-7,-4.955368599343827e-7,-5.692045964485727e-7,6.033678735018522e-7,-4.926123310780309e-7,0.0,0.0,0.0,0.0,0.0,0.0,0.0,0.0,5.282680999029066e-12,4.8223952746774045e-8,0.03414993481749849
6,0.029088820866572156,8,7,64,8.629703541292605,-0.0067313023691149415,-0.25102790044428397,0.0001958056488139173,1.9857693015378698e-6,0.0,0.0,0.0,0.0,0.0,0.0,0.0,0.0,8.464896419982638e-8,-5.052149444065858e-7,4.918443256420738e-7,6.649099820856461e-8,4.918443257268517e-7,6.649099819539565e-8,-4.9316586889047765e-8,4.783397414104415e-7,5.282680999029066e-12,4.8223952746774045e-8,0.03414993481749849
6,0.029088820866572156,8,9,65,8.629703541292567,-0.006731302368191527,0.25102790044428286,-0.00019580564878705626,1.98576930091713e-6,-4.931658680365657e-8,4.783397412758245e-7,-4.918443254997049e-7,-6.649099810230043e-8,-4.918443255828109e-7,-6.649099810595197e-8,8.464896408843334e-8,-5.052149442548787e-7,0.0,0.0,0.0,0.0,0.0,0.0,0.0,0.0,5.282680999029066e-12,4.8223952746774045e-8,0.03414993481749849
6,0.029088820866572156,8,9,66,8.71234427968106,0.053190460798470895,0.253431822079547,0.0015472477859771485,1.5616728428409542e-6,2.674605539419551e-7,-3.0125989976898764e-7,2.999367982828939e-7,2.4977623758677997e-7,2.9993679816954625e-7,2.497762375766793e-7,-2.326912946614819e-7,2.981135448369006e-7,0.0,0.0,0.0,0.0,0.0,0.0,0.0,0.0,5.282680999029066e-12,4.8223952746774045e-8,0.03414993481749849
6,0.029088820866572156,8,7,67,8.7123442796828,0.053190460799444686,-0.2534318220795976,-0.0015472477860054748,1.5616728425498266e-6,0.0,0.0,0.0,0.0,0.0,0.0,0.0,0.0,-2.326912955042058e-7,2.981135440605646e-7,-2.999367974759933e-7,-2.4977623835890455e-7,-2.999367973924363e-7,-2.497762384781045e-7,2.6746055477304037e-7,-3.012598989623976e-7,5.282680999029066e-12,4.8223952746774045e-8,0.03414993481749849
6,0.029088820866572156,8,9,68,8.664994434322065,0.0019006142157947659,0.2520544709098393,5.528662645971446e-5,1.1224858623899657e-6,1.1790313668953905e-7,-2.6447023564985394e-7,2.5972628154681897e-7,1.0607231354820771e-7,2.597262815855787e-7,1.0607231355622668e-7,-9.476073032014698e-8,2.5476966361850996e-7,0.0,0.0,0.0,0.0,0.0,0.0,0.0,0.0,5.282680999029066e-12,4.8223952746774045e-8,0.03414993481749849
6,0.029088820866572156,8,7,69,8.66499443432605,0.0019006142176665186,-0.2520544709099552,-5.528662651416154e-5,1.1224858619048191e-6,0.0,0.0,0.0,0.0,0.0,0.0,0.0,0.0,-9.476073017624099e-8,2.547696635513815e-7,-2.597262814749744e-7,-1.0607231340549103e-7,-2.5972628151782763e-7,-1.0607231339970432e-7,1.1790313653379938e-7,-2.644702355772897e-7,5.282680999029066e-12,4.8223952746774045e-8,0.03414993481749849
6,0.029088820866572156,8,9,70,8.653435883616869,-0.004113301288388466,0.2517182462988986,-0.00011965108434817253,4.865340289711401e-7,-5.0717621811683674e-8,1.0634443342248567e-7,-1.0804895738242072e-7,-5.5791969416007726e-8,-1.080489574448076e-7,-5.579196942278672e-8,6.108230313965943e-8,-1.0964168148017561e-7,0.0,0.0,0.0,0.0,0.0,0.0,0.0,0.0,5.282680999029066e-12,4.8223952746774045e-8,0.03414993481749849
6,0.029088820866572156,8,7,71,8.653435883617739,-0.0041133012873437735,-0.2517182462989239,0.00011965108431778367,4.865340289684479e-7,0.0,0.0,0.0,0.0,0.0,0.0,0.0,0.0,6.108230301928501e-8,-1.0964168154900061e-7,1.0804895745623442e-7,5.579196928087505e-8,1.0804895749913561e-7,5.579196930667027e-8,-5.0717621681305994e-8,1.0634443348154381e-7,5.282680999029066e-12,4.8223952746774045e-8,0.03414993481749849
6,0.029088820866572156,8,7,72,12.202692859494158,0.10428088371040493,-0.3549619466796247,-0.0030334079460598113,7.131104274226992e-8,0.0,0.0,0.0,0.0,0.0,0.0,0.0,0.0,8.379673599815401e-9,1.5099343368535448e-8,-1.585001973299394e-8,8.151514574603067e-9,-1.5850019724326205e-8,8.151514578408455e-9,-7.891639243109665e-9,-1.661696740108092e-8,5.282680999029066e-12,4.8223952746774045e-8,0.03414993481749849
6,0.029088820866572156,8,9,73,12.202692859494501,0.10428088370929627,0.3549619466796347,0.0030334079460275615,7.131104230463984e-8,-7.891639192369368e-9,-1.6616967311121477e-8,1.5850019631184775e-8,-8.151514511902955e-9,1.5850019639203467e-8,-8.151514525592597e-9,8.379673535097096e-9,1.5099343272318348e-8,0.0,0.0,0.0,0.0,0.0,0.0,0.0,0.0,5.282680999029066e-12,4.8223952746774045e-8,0.03414993481749849
6,0.029088820866572156,8,7,74,12.105648433572771,0.0256770430793654,-0.35213903875789815,-0.0007469149065189164,3.9298973946585174e-8,0.0,0.0,0.0,0.0,0.0,0.0,0.0,0.0,-8.577011357317877e-9,5.404479132487294e-9,-5.496552526563298e-9,-8.140349277169283e-9,-5.49655252548612e-9,-8.140349283337336e-9,7.71466401588009e-9,-5.572334245476691e-9,5.282680999029066e-12,4.8223952746774045e-8,0.03414993481749849
6,0.029088820866572156,8,9,75,12.105648433573574,0.025677043079470246,0.3521390387579215,0.0007469149065219662,3.929897271611682e-8,7.71466383948375e-9,-5.5723339566006655e-9,5.4965522423051316e-9,8.140349102639265e-9,5.496552226711082e-9,8.1403491088287e-9,-8.577011185205876e-9,5.4044788376573e-9,0.0,0.0,0.0,0.0,0.0,0.0,0.0,0.0,5.282680999029066e-12,4.8223952746774045e-8,0.03414993481749849
6,0.029088820866572156,8,9,76,12.027447785542085,-0.06516025740441471,0.34986427411568366,-0.0018954350552567514,3.46595793742489e-8,-3.5832251536974584e-9,7.589868309913516e-9,-7.712713590850015e-9,-3.944230433987671e-9,-7.712713591030024e-9,-3.944230440037257e-9,4.32065324302521e-9,-7.827654993542932e-9,0.0,0.0,0.0,0.0,0.0,0.0,0.0,0.0,5.282680999029066e-12,4.8223952746774045e-8,0.03414993481749849
6,0.029088820866572156,8,7,77,12.027447785540701,-0.06516025740496174,-0.3498642741156434,0.001895435055272664,3.465957907674404e-8,0.0,0.0,0.0,0.0,0.0,0.0,0.0,0.0,4.320653139330064e-9,-7.827654959161871e-9,7.712713566915734e-9,3.944230336277891e-9,7.712713554248034e-9,3.944230330086922e-9,-3.5832250495671843e-9,7.589868283116984e-9,5.282680999029066e-12,4.8223952746774045e-8,0.03414993481749849
6,0.029088820866572156,8,9,78,12.316078989880348,0.015074392801250405,0.3582602155151824,0.00043849631186791785,3.312629640233201e-8,-7.214968302151631e-9,3.5064089906412155e-9,-3.3816613934891854e-9,-7.557419008076898e-9,-3.3816613823017285e-9,-7.557419023131504e-9,7.906617930649217e-9,-3.2417921988462023e-9,0.0,0.0,0.0,0.0,0.0,0.0,0.0,0.0,5.282680999029066e-12,4.8223952746774045e-8,0.03414993481749849
6,0.029088820866572156,8,7,79,12.316078989880426,0.015074392802557623,-0.35826021551518467,-0.0004384963119059433,3.312629638539086e-8,0.0,0.0,0.0,0.0,0.0,0.0,0.0,0.0,7.906617875642633e-9,-3.2417923046223644e-9,3.381661501014081e-9,7.557418959785058e-9,3.3816614857508293e-9,7.557418967960869e-9,-7.214968253304854e-9,3.506409095945262e-9,5.282680999029066e-12,4.8223952746774045e-8,0.03414993481749849
7,0.01679443855772424,9,10,0,0.48709089315022425,0.14553149695637993,0.008180418077038464,0.002444119783847555,33.24134009453863,6.192084279204139,-5.932116218191903,5.9344266644021975,5.814615754834759,5.934426664378954,5.81461575487629,-5.449004442747159,5.925096021867407,0.0,0.0,0.0,0.0,0.0,0.0,0.0,0.0,4.906282454355345e-12,2.1252034413742904e-6,0.03969306958695875
7,0.01679443855772424,9,8,1,0.48709089315359044,0.1455314969574224,-0.008180418077094997,-0.0024441197838650625,33.241340094537804,0.0,0.0,0.0,0.0,0.0,0.0,0.0,0.0,-5.449004442743521,5.925096021870792,-5.934426664405396,-5.814615754830939,-5.93442666438286,-5.814615754872282,6.192084279199936,-5.932116218195644,4.906282454355345e-12,2.1252034413742904e-6,0.03969306958695875
7,0.01679443855772424,9,8,2,2.138930141168334,0.01218527405132977,-0.03592213083511602,-0.00020464483636408934,2.3741842357340968,0.0,0.0,0.0,0.0,0.0,0.0,0.0,0.0,-0.47229622293120566,0.32784982696607035,-0.32279043342898894,-0.49792299588789174,-0.32279043342539687,-0.4979229958904932,0.5241943532235058,-0.31673454931217954,4.906282454355345e-12,2.1252034413742904e-6,0.03969306958695875
7,0.01679443855772424,9,10,3,2.1389301411682,0.012185274051222356,0.03592213083511377,0.0002046448363622854,2.374184235723778,0.5241943532195185,-0.3167345493134919,0.32279043342965447,0.49792299588448297,0.32279043342716507,0.4979229958861798,-0.47229622292746637,0.3278498269671977,0.0,0.0,0.0,0.0,0.0,0.0,0.0,0.0,4.906282454355345e-12,2.1252034413742904e-6,0.03969306958695875
7,0.01679443855772424,9,10,4,6.7527740491753665,0.008235602922822952,0.11340904886307042,0.00013831232727316422,1.571112628965896,0.31326825717083195,-0.2571451207577707,0.2586198923238965,0.29548837798596483,0.2586198923247139,0.29548837798589955,-0.27822514709244794,0.25950317048670296,0.0,0.0,0.0,0.0,0.0,0.0,0.0,0.0,4.906282454355345e-12,2.1252034413742904e-6,0.03969306958695875
7,0.01679443855772424,9,8,5,6.752774049171975,0.008235602925272492,-0.11340904886301346,-0.00013831232731430289,1.5711126289480395,0.0,0.0,0.0,0.0,0.0,0.0,0.0,0.0,-0.278225147084796,0.25950317048860655,-0.2586198923289029,-0.2954883779767673,-0.2586198923235063,-0.29548837797991145,0.3132682571632973,-0.25714512075964613,4.906282454355345e-12,2.1252034413742904e-6,0.03969306958695875
7,0.01679443855772424,9,10,6,6.7144856891826485,-0.00496134369129618,0.1127660173536967,-8.332298178722648e-5,1.145142904059992,-0.18040251432532936,0.21060625546953746,-0.21137149442494566,-0.19297843040176568,-0.21137149442636122,-0.192978430401349,0.20597670308759,-0.2117503541644747,0.0,0.0,0.0,0.0,0.0,0.0,0.0,0.0,4.906282454355345e-12,2.1252034413742904e-6,0.03969306958695875
7,0.01679443855772424,9,8,7,6.7144856891877645,-0.004961343692559891,-0.11276601735378261,8.332298180844979e-5,1.145142904044477,0.0,0.0,0.0,0.0,0.0,0.0,0.0,0.0,0.20597670308018037,-0.2117503541659479,0.21137149442963357,0.19297843039277401,0.21137149442464725,0.1929784303955856,-0.18040251431797863,0.21060625547102485,4.906282454355345e-12,2.1252034413742904e-6,0.03969306958695875
7,0.01679443855772424,9,8,8,2.0967914293928933,-0.00408076063912817,-0.035214434829301734,6.853408382261755e-5,0.9402871246817035,0.0,0.0,0.0,0.0,0.0,0.0,0.0,0.0,0.15631536438214189,-0.18547520583907912,0.18440469693456496,0.14569163242262861,0.18440469693267467,0.14569163242386954,-0.13543641810648138,0.18304243624568964,4.906282454355345e-12,2.1252034413742904e-6,0.03969306958695875
7,0.01679443855772424,9,10,9,2.096791429392825,-0.0040807606390698,0.03521443482930058,-6.853408382163726e-5,0.9402871246794845,-0.1354364181043763,0.18304243624666033,-0.1844046969349793,-0.14569163242092015,-0.18440469693420405,-0.14569163242133187,0.15631536437999766,-0.18547520584004915,0.0,0.0,0.0,0.0,0.0,0.0,0.0,0.0,4.906282454355345e-12,2.1252034413742904e-6,0.03969306958695875
7,0.01679443855772424,9,8,10,2.4200265850365295,0.2857295269148813,-0.04064298779045521,-0.004798666983899589,0.2054511034150923,0.0,0.0,0.0,0.0,0.0,0.0,0.0,0.0,-0.009658122313838884,0.04880574080875674,-0.05003260280384468,-0.011556635167969476,-0.05003260280383949,-0.011556635168273663,0.01355519001469988,-0.05123625148659968,4.906282454355345e-12,2.1252034413742904e-6,0.03969306958695875
7,0.01679443855772424,9,10,11,2.420026585036214,0.2857295269146714,0.04064298779044991,0.004798666983896064,0.20545110341309092,0.013555190014262317,-0.051236251486177956,0.050032602803432975,0.0115566351675555,0.050032602803416426,0.01155663516785674,-0.009658122313444723,0.04880574080834396,0.0,0.0,0.0,0.0,0.0,0.0,0.0,0.0,4.906282454355345e-12,2.1252034413742904e-6,0.03969306958695875
7,0.01679443855772424,9,8,12,7.03799028507588,0.28741894192253464,-0.11819909541256697,-0.00482703976044412,0.04082324125852125,0.0,0.0,0.0,0.0,0.0,0.0,0.0,0.0,-0.0008736399382437013,0.009847105661544266,-0.010129733608768177,-0.0012227184840502047,-0.010129733608729203,-0.0012227184841202689,0.0015920540314492229,-0.010409895861981575,4.906282454355345e-12,2.1252034413742904e-6,0.03969306958695875
7,0.01679443855772424,9,10,13,7.037990285077292,0.287418941923754,0.11819909541259069,0.004827039760464598,0.04082324125803647,0.0015920540312270048,-0.010409895861885805,0.010129733608680238,0.0012227184838448212,0.010129733608623924,0.0012227184839050118,-0.0008736399380447758,0.009847105661447177,0.0,0.0,0.0,0.0,0.0,0.0,0.0,0.0,4.906282454355345e-12,2.1252034413742904e-6,0.03969306958695875
7,0.01679443855772424,9,10,14,4.662081563648746,0.1442826121388847,0.07829704237179781,0.002423145464514457,0.001687502221366205,0.00033985907378937367,-0.000272020341137731,0.0002738399699111277,0.0003207830507959885,0.0002738399699090665,0.0003207830507983399,-0.00030225406563162856,0.0002750174855430618,0.0,0.0,0.0,0.0,0.0,0.0,0.0,0.0,4.906282454355345e-12,2.1252034413742904e-6,0.03969306958695875
7,0.01679443855772424,9,8,15,4.662081563647596,0.14428261213881158,-0.0782970423717785,-0.0024231454645132285,0.0016875022213583978,0.0,0.0,0.0,0.0,0.0,0.0,0.0,0.0,-0.00030225406563235834,0.00027501748553926316,-0.0002738399699077126,-0.0003207830507966054,-0.0002738399699053445,-0.00032078305079867917,0.00033985907378960705,-0.00027202034113442484,4.906282454355345e-12,2.1252034413742904e-6,0.03969306958695875
7,0.01679443855772424,9,10,16,9.280059261997106,0.1427801532368549,0.15585338508765015,0.002397912510798811,0.0006279458339412849,0.00014115697401574038,-7.946489010467341e-5,8.127975989492386e-5,0.00013426108991667295,8.127975989368237e-5,0.00013426108991634742,-0.00012752749665259476,8.282594521328093e-5,0.0,0.0,0.0,0.0,0.0,0.0,0.0,0.0,4.906282454355345e-12,2.1252034413742904e-6,0.03969306958695875
7,0.01679443855772424,9,8,17,9.28005926199748,0.14278015323581217,-0.15585338508765642,-0.0023979125107812995,0.0006279458338839559,0.0,0.0,0.0,0.0,0.0,0.0,0.0,0.0,-0.00012752749663759701,8.282594521153736e-5,-8.12797598935673e-5,-0.00013426108990060787,-8.127975989210412e-5,-0.00013426108990070298,0.00014115697399899504,-7.946489010352451e-5,4.906282454355345e-12,2.1252034413742904e-6,0.03969306958695875
7,0.01679443855772424,9,10,18,4.705389876490123,0.13383564468564843,0.07902438117085103,0.002247694511506535,0.0005969225848087892,-5.185556951542644e-5,0.00013492978277818908,-0.00013750039773362857,-5.789908480750474e-5,-0.00013750039772896536,-5.7899084805600485e-5,6.421748482013103e-5,-0.00013995493963010497,0.0,0.0,0.0,0.0,0.0,0.0,0.0,0.0,4.906282454355345e-12,2.1252034413742904e-6,0.03969306958695875
7,0.01679443855772424,9,8,19,4.70538987649282,0.1338356446856016,-0.07902438117089632,-0.002247694511505749,0.0005969225847952685,0.0,0.0,0.0,0.0,0.0,0.0,0.0,0.0,6.421748483458395e-5,-0.00013995493962017834,0.0001375003977243086,5.789908482183036e-5,0.0001375003977187516,5.789908482020897e-5,-5.185556952991533e-5,0.00013492978276860132,4.906282454355345e-12,2.1252034413742904e-6,0.03969306958695875
7,0.01679443855772424,9,10,20,9.285085032635353,0.14792312440323951,0.1559377900838394,0.002484285824056805,0.0005796807215412449,9.873202837681319e-5,-0.0001123087674457338,0.00011178559459901941,9.217022515681479e-5,0.00011178559459680159,9.217022515770962e-5,-8.583180856292854e-5,0.00011107785791313233,0.0,0.0,0.0,0.0,0.0,0.0,0.0,0.0,4.906282454355345e-12,2.1252034413742904e-6,0.03969306958695875
7,0.01679443855772424,9,8,21,9.285085032632875,0.14792312440129599,-0.1559377900837978,-0.0024842858240241646,0.0005796807215392523,0.0,0.0,0.0,0.0,0.0,0.0,0.0,0.0,-8.583180858046917e-5,0.00011107785789762571,-0.00011178559458350789,-9.217022517532472e-5,-0.00011178559458113475,-9.217022517539403e-5,9.873202839552984e-5,-0.00011230876743005567,4.906282454355345e-12,2.1252034413742904e-6,0.03969306958695875
7,0.01679443855772424,9,8,22,9.32245662568397,0.13417009143719724,-0.15656542500709866,-0.0022533113569262525,0.0005197119831857046,0.0,0.0,0.0,0.0,0.0,0.0,0.0,0.0,7.23855219479354e-5,-0.00011284642939592859,0.00011149883893935952,6.663979186449028e-5,0.00011149883893674579,6.663979185681613e-5,-6.111692594876634e-5,0.0001100177460325149,4.906282454355345e-12,2.1252034413742904e-6,0.03969306958695875
7,0.01679443855772424,9,10,23,9.322456625686618,0.13417009143612457,0.15656542500714316,0.0022533113569082374,0.0005197119831774954,-6.111692592475157e-5,0.00011001774604424996,-0.00011149883895012595,-6.663979183810146e-5,-0.0001114988389499395,-6.663979183515376e-5,7.238552192388847e-5,-0.0001128464294081211,0.0,0.0,0.0,0.0,0.0,0.0,0.0,0.0,4.906282454355345e-12,2.1252034413742904e-6,0.03969306958695875
7,0.01679443855772424,9,8,24,4.718817633334868,0.14948019792558442,-0.07924989280814815,-0.002510435999657686,0.00027226901177601723,0.0,0.0,0.0,0.0,0.0,0.0,0.0,0.0,-9.404838722112253e-6,6.525864093062142e-5,-6.701365108442265e-5,-1.1832477421190344e-5,-6.701365108457761e-5,-1.1832477420818514e-5,1.4394119623083201e-5,-6.874486228004436e-5,4.906282454355345e-12,2.1252034413742904e-6,0.03969306958695875
7,0.01679443855772424,9,10,25,4.71881763333112,0.14948019792468714,0.0792498928080852,0.0025104359996426166,0.0002722690117716834,1.439411960686005e-5,-6.874486228216328e-5,6.7013651085957e-5,1.1832477405546605e-5,6.701365108640224e-5,1.1832477405003241e-5,-9.404838706868984e-6,6.525864093188797e-5,0.0,0.0,0.0,0.0,0.0,0.0,0.0,0.0,4.906282454355345e-12,2.1252034413742904e-6,0.03969306958695875
7,0.01679443855772424,9,8,26,9.33491241906477,0.14665926830793763,-0.15677461306372023,-0.0024630600705184526,0.00021546472599219272,0.0,0.0,0.0,0.0,0.0,0.0,0.0,0.0,-7.549836593107312e-6,5.1627981874706614e-5,-5.301284923553767e-5,-9.47386796652092e-6,-5.3012849235656434e-5,-9.473867962015363e-6,1.150390598021541e-5,-5.437866285415029e-5,4.906282454355345e-12,2.1252034413742904e-6,0.03969306958695875
7,0.01679443855772424,9,10,27,9.334912419059318,0.14665926830542594,0.15677461306362866,0.00246306007047627,0.00021546472591998396,1.1503905975945314e-5,-5.4378662835490095e-5,5.301284921629464e-5,9.473867961865698e-6,5.3012849219347106e-5,9.473867960522869e-6,-7.549836591136303e-6,5.162798185782474e-5,0.0,0.0,0.0,0.0,0.0,0.0,0.0,0.0,4.906282454355345e-12,2.1252034413742904e-6,0.03969306958695875
7,0.01679443855772424,9,8,28,9.337838471175605,0.14873021942667736,-0.15682375446611235,-0.002497840531838177,5.6735502720095564e-5,0.0,0.0,0.0,0.0,0.0,0.0,0.0,0.0,-1.3427122910215636e-5,2.911268439672084e-6,-2.5649106422282636e-6,-1.3946436271910679e-5,-2.5649106424901467e-6,-1.3946436271776719e-5,1.4470851556766342e-5,-2.1906548705605605e-6,4.906282454355345e-12,2.1252034413742904e-6,0.03969306958695875
7,0.01679443855772424,9,10,29,9.337838471173791,0.14873021942482528,0.15682375446608188,0.0024978405318070726,5.673550265791669e-5,1.4470851538420504e-5,-2.190654886302794e-6,2.5649106572178897e-6,1.3946436252842448e-5,2.56491065691458e-6,1.3946436253824286e-5,-1.3427122891585255e-5,2.911268453362786e-6,0.0,0.0,0.0,0.0,0.0,0.0,0.0,0.0,4.906282454355345e-12,2.1252034413742904e-6,0.03969306958695875
7,0.01679443855772424,9,8,30,10.952128674450822,0.0017826559112922719,-0.18393485209935417,-2.9938705171761973e-5,3.090415055240828e-5,0.0,0.0,0.0,0.0,0.0,0.0,0.0,0.0,5.033869493804628e-6,-6.181872957711482e-6,6.1407958848694815e-6,4.685346436384244e-6,6.140795884754044e-6,4.685346436309986e-6,-4.349095587699299e-6,6.090335846828552e-6,4.906282454355345e-12,2.1252034413742904e-6,0.03969306958695875
7,0.01679443855772424,9,10,31,10.952128674454425,0.0017826559111766421,0.18393485209941465,2.9938705169820035e-5,3.0904150546154753e-5,-4.3490955868337645e-6,6.090335845586519e-6,-6.140795883647014e-6,-4.685346435467005e-6,-6.140795883469214e-6,-4.6853464353600236e-6,5.0338694928004056e-6,-6.181872956448058e-6,0.0,0.0,0.0,0.0,0.0,0.0,0.0,0.0,4.906282454355345e-12,2.1252034413742904e-6,0.03969306958695875
7,0.01679443855772424,9,8,32,10.99334642337341,0.01688120237605907,-0.18462708105112227,-0.00028351031608523253,2.899809683453654e-5,0.0,0.0,0.0,0.0,0.0,0.0,0.0,0.0,-6.045980438888296e-6,3.5717508722136902e-6,-3.4872312691667012e-6,-6.353626608744205e-6,-3.487231269063025e-6,-6.353626608886688e-6,6.668234527062669e-6,-3.389997451048658e-6,4.906282454355345e-12,2.1252034413742904e-6,0.03969306958695875
7,0.01679443855772424,9,10,33,10.993346423369756,0.01688120237648924,0.1846270810510609,0.00028351031609245695,2.8998096828326677e-5,6.668234526696064e-6,-3.3899974481800273e-6,3.487231266365803e-6,6.353626608500654e-6,3.4872312662510444e-6,6.353626608670816e-6,-6.045980438788592e-6,3.5717508694733625e-6,0.0,0.0,0.0,0.0,0.0,0.0,0.0,0.0,4.906282454355345e-12,2.1252034413742904e-6,0.03969306958695875
7,0.01679443855772424,9,10,34,10.988572579741358,0.014224847386903758,0.1845469070275596,0.00023889832543235937,2.5518145718243077e-5,5.137293120508012e-6,-4.1159503155001886e-6,4.143326043466198e-6,4.848815112962168e-6,4.143326043468804e-6,4.8488151130615684e-6,-4.568614051691015e-6,4.160995864263964e-6,0.0,0.0,0.0,0.0,0.0,0.0,0.0,0.0,4.906282454355345e-12,2.1252034413742904e-6,0.03969306958695875
7,0.01679443855772424,9,8,35,10.988572579745028,0.014224847387870623,-0.18454690702762122,-0.00023889832544859733,2.551814569616029e-5,0.0,0.0,0.0,0.0,0.0,0.0,0.0,0.0,-4.568614048822806e-6,4.160995859425538e-6,-4.143326038612336e-6,-4.848815109863274e-6,-4.1433260385710844e-6,-4.84881510997212e-6,5.137293117180945e-6,-4.115950310593181e-6,4.906282454355345e-12,2.1252034413742904e-6,0.03969306958695875
7,0.01679443855772424,9,8,36,6.3753048669655845,0.017732159933392694,-0.10706966587501382,-0.00029780167049710314,6.0174427852727606e-6,0.0,0.0,0.0,0.0,0.0,0.0,0.0,0.0,-1.0413205691430406e-6,1.0193374085773759e-6,-1.017551028726569e-6,-1.107502022856954e-6,-1.017551028855191e-6,-1.107502022887827e-6,1.1757163616155873e-6,-1.0135476120680856e-6,4.906282454355345e-12,2.1252034413742904e-6,0.03969306958695875
7,0.01679443855772424,9,10,37,6.375304866965213,0.017732159933410763,0.10706966587500759,0.0002978016704974066,6.0174427841491764e-6,1.1757163629127806e-6,-1.0135476102477006e-6,1.0175510269097426e-6,1.107502024113688e-6,1.0175510270598106e-6,1.1075020241836568e-6,-1.0413205704023065e-6,1.0193374067859908e-6,0.0,0.0,0.0,0.0,0.0,0.0,0.0,0.0,4.906282454355345e-12,2.1252034413742904e-6,0.03969306958695875
7,0.01679443855772424,9,8,38,6.335169284506529,0.0026339742032369384,-0.10639561130142673,-4.423611791889342e-5,4.975191734980827e-6,0.0,0.0,0.0,0.0,0.0,0.0,0.0,0.0,8.485288039179611e-7,-9.62896130945195e-7,9.5847299190243e-7,7.922058932373298e-7,9.584729918803848e-7,7.922058931519372e-7,-7.377983421327333e-7,9.524635256922654e-7,4.906282454355345e-12,2.1252034413742904e-6,0.03969306958695875
7,0.01679443855772424,9,10,39,6.3351692845066605,0.0026339742031900593,0.10639561130142895,4.4236117918106114e-5,4.975191732672459e-6,-7.37798342796902e-7,9.524635244452294e-7,-9.584729906415896e-7,-7.922058938425695e-7,-9.584729905737467e-7,-7.922058938408068e-7,8.485288045470412e-7,-9.628961296248365e-7,0.0,0.0,0.0,0.0,0.0,0.0,0.0,0.0,4.906282454355345e-12,2.1252034413742904e-6,0.03969306958695875
7,0.01679443855772424,9,10,40,10.950182949683164,0.000391051433161399,0.1839021747442935,6.567489267139123e-6,4.817462732691571e-6,-9.021693144241673e-7,7.396258537399465e-7,-7.335439352716694e-7,-9.548222668333466e-7,-7.335439353021124e-7,-9.548222668192804e-7,1.0089403959884763e-6,-7.255509071229574e-7,0.0,0.0,0.0,0.0,0.0,0.0,0.0,0.0,4.906282454355345e-12,2.1252034413742904e-6,0.03969306958695875
7,0.01679443855772424,9,8,41,10.95018294968153,0.0003910514347597871,-0.18390217474426604,-6.567489293983154e-6,4.8174627235695674e-6,0.0,0.0,0.0,0.0,0.0,0.0,0.0,0.0,1.00894039203956e-6,-7.255509085954229e-7,7.335439365884543e-7,9.548222629679605e-7,7.335439365666082e-7,9.548222629511765e-7,-9.021693106429272e-7,7.396258548575536e-7,4.906282454355345e-12,2.1252034413742904e-6,0.03969306958695875
7,0.01679443855772424,9,10,42,10.983323076365467,0.019024558919465556,0.18445874456565461,0.00031950678586076893,2.096630800816311e-6,-1.360776453817555e-7,5.234574461581499e-7,-5.110864713202143e-7,-1.1573546283087262e-7,-5.1108647136148e-7,-1.157354628997716e-7,9.641522079684072e-8,-4.984830036578547e-7,0.0,0.0,0.0,0.0,0.0,0.0,0.0,0.0,4.906282454355345e-12,2.1252034413742904e-6,0.03969306958695875
7,0.01679443855772424,9,8,43,10.983323076363213,0.01902455891803717,-0.18445874456561676,-0.00031950678583678003,2.096630797745108e-6,0.0,0.0,0.0,0.0,0.0,0.0,0.0,0.0,9.641521827402347e-8,-4.984830033733661e-7,5.110864711345466e-7,1.1573546024102349e-7,5.110864711484792e-7,1.1573546029684611e-7,-1.3607764271312573e-7,5.23457446048931e-7,4.906282454355345e-12,2.1252034413742904e-6,0.03969306958695875
7,0.01679443855772424,9,8,44,10.943861205498735,0.00343839934805025,-0.18379600460001044,-5.774598658774901e-5,1.3084610266005384e-6,0.0,0.0,0.0,0.0,0.0,0.0,0.0,0.0,4.2398476335996496e-8,3.348626128971053e-7,-3.229815782786335e-7,5.132104059229314e-8,-3.229815782871422e-7,5.132104059238289e-8,-5.9597539695682954e-8,-3.1120253968488536e-7,4.906282454355345e-12,2.1252034413742904e-6,0.03969306958695875
7,0.01679443855772424,9,10,45,10.943861205499607,0.003438399351444771,0.18379600460002507,5.774598664475808e-5,1.3084610228923353e-6,-5.95975379221783e-8,-3.112025391162386e-7,3.229815776238943e-7,-5.13210387906676e-8,3.2298157763972963e-7,-5.132103877816381e-8,4.239847449557087e-8,3.348626121597646e-7,0.0,0.0,0.0,0.0,0.0,0.0,0.0,0.0,4.906282454355345e-12,2.1252034413742904e-6,0.03969306958695875
7,0.01679443855772424,9,10,46,11.268903043100291,0.2841081311293703,0.18925489977029955,0.00477143655200207,1.0359499233294453e-6,3.120500412242642e-8,-2.6540983462195043e-7,2.579791973538952e-7,2.2085049805266872e-8,2.579791973598085e-7,2.2085049785892516e-8,-1.3481009177702119e-8,2.505038740786672e-7,0.0,0.0,0.0,0.0,0.0,0.0,0.0,0.0,4.906282454355345e-12,2.1252034413742904e-6,0.03969306958695875
7,0.01679443855772424,9,8,47,11.268903043099725,0.28410813113072353,-0.18925489977029003,-0.004771436552024798,1.0359499226102588e-6,0.0,0.0,0.0,0.0,0.0,0.0,0.0,0.0,-1.348100913554284e-8,2.505038739048061e-7,-2.5797919717823287e-7,-2.2085049760505774e-8,-2.579791971824864e-7,-2.2085049738498726e-8,3.120500407236726e-8,-2.654098344428179e-7,4.906282454355345e-12,2.1252034413742904e-6,0.03969306958695875
7,0.01679443855772424,9,8,48,9.274738812571716,0.13856961798007017,-0.15576403112667597,-0.0023271989351336085,8.617060713740183e-7,0.0,0.0,0.0,0.0,0.0,0.0,0.0,0.0,-1.6275281366479083e-7,1.514069138557319e-7,-1.516102495538314e-7,-1.5296973141643764e-7,-1.5161024922222716e-7,-1.5296973109329438e-7,1.4348956308384424e-7,-1.5150734255503902e-7,4.906282454355345e-12,2.1252034413742904e-6,0.03969306958695875
7,0.01679443855772424,9,10,49,9.274738812568394,0.13856961797947437,0.15576403112662018,0.0023271989351236026,8.617060712699328e-7,1.4348956364292678e-7,-1.5150734199526885e-7,1.5161024893889496e-7,1.5296973186979138e-7,1.516102486673172e-7,1.529697317262812e-7,-1.627528141905935e-7,1.5140691324622073e-7,0.0,0.0,0.0,0.0,0.0,0.0,0.0,0.0,4.906282454355345e-12,2.1252034413742904e-6,0.03969306958695875
7,0.01679443855772424,9,10,50,6.648714874440584,0.28382358946351954,0.11166143344661962,0.004766657834477828,5.82612119183347e-7,-1.5016708892789113e-7,6.15208381679062e-9,-1.0559769204638825e-8,-1.4523326371688982e-7,-1.0559769208709261e-8,-1.4523326373014136e-7,1.4032026757104478e-7,-1.4676967240614789e-8,0.0,0.0,0.0,0.0,0.0,0.0,0.0,0.0,4.906282454355345e-12,2.1252034413742904e-6,0.03969306958695875
7,0.01679443855772424,9,8,51,6.648714874440552,0.2838235894635397,-0.11166143344661908,-0.004766657834478167,5.826121165246832e-7,0.0,0.0,0.0,0.0,0.0,0.0,0.0,0.0,1.4032026688942622e-7,-1.467696751284679e-8,1.0559769486679508e-8,1.4523326304435005e-7,1.0559769476959533e-8,1.4523326302997577e-7,-1.501670882360878e-7,6.152084093954861e-9,4.906282454355345e-12,2.1252034413742904e-6,0.03969306958695875
7,0.01679443855772424,9,8,52,11.28413405440585,0.2705086242749182,-0.18951069605384277,-0.004543040469719625,2.0851848565346924e-7,0.0,0.0,0.0,0.0,0.0,0.0,0.0,0.0,7.828216220810392e-9,-5.3217622722613236e-8,5.1775851110530476e-8,5.949911910609386e-9,5.177585107664771e-8,5.9499119296377874e-9,-4.175147318227833e-9,5.032207610114011e-8,4.906282454355345e-12,2.1252034413742904e-6,0.03969306958695875
7,0.01679443855772424,9,10,53,11.284134054403896,0.2705086242740583,0.18951069605380996,0.004543040469705184,2.0851848528314096e-7,-4.175147364166266e-9,5.032207600267249e-8,-5.177585100702034e-8,-5.949911961825286e-9,-5.177585098302388e-8,-5.949911971074467e-9,7.828216267748807e-9,-5.321762262400342e-8,0.0,0.0,0.0,0.0,0.0,0.0,0.0,0.0,4.906282454355345e-12,2.1252034413742904e-6,0.03969306958695875
7,0.01679443855772424,9,10,54,11.266034142822605,0.2854676952390609,0.18920671820085772,0.004794269667907557,1.4269075867051857e-7,-2.785215817434271e-8,-2.406589781486064e-8,2.2451844173312293e-8,-2.7709563809665984e-8,2.245184416990339e-8,-2.7709563816300935e-8,2.7522010388925514e-8,2.0893164697064808e-8,0.0,0.0,0.0,0.0,0.0,0.0,0.0,0.0,4.906282454355345e-12,2.1252034413742904e-6,0.03969306958695875
7,0.01679443855772424,9,8,55,11.266034142820224,0.28546769523791793,-0.18920671820081775,-0.004794269667888361,1.426907585849364e-7,0.0,0.0,0.0,0.0,0.0,0.0,0.0,0.0,2.752201036056678e-8,2.089316470041214e-8,-2.245184417572394e-8,2.770956377996151e-8,-2.2451844172618067e-8,2.7709563786797633e-8,-2.7852158143471173e-8,-2.406589781656751e-8,4.906282454355345e-12,2.1252034413742904e-6,0.03969306958695875
7,0.01679443855772424,9,8,56,11.269533889099367,0.28031643662031225,-0.18926549447467042,-0.0047077571715400356,3.6457619408348154e-8,0.0,0.0,0.0,0.0,0.0,0.0,0.0,0.0,7.348909114467008e-9,4.892622782470741e-9,-5.287135996167177e-9,7.421393354178726e-9,-5.2871359960522375e-9,7.421393351704789e-9,-7.483288487346717e-9,-5.69648140726775e-9,4.906282454355345e-12,2.1252034413742904e-6,0.03969306958695875
7,0.01679443855772424,9,10,57,11.269533889099822,0.28031643662094463,0.18926549447467805,0.0047077571715506555,3.645761920137495e-8,-7.483288497262172e-9,-5.696481305989496e-9,5.287135897530345e-9,-7.421393361210959e-9,5.287135896721296e-9,-7.421393358679728e-9,7.348909118686631e-9,4.892622685801501e-9,0.0,0.0,0.0,0.0,0.0,0.0,0.0,0.0,4.906282454355345e-12,2.1252034413742904e-6,0.03969306958695875
7,0.01679443855772424,9,8,58,8.953319915923622,0.14949614999569072,-0.15036598121562803,-0.0025107039057189547,2.03214435512126e-8,0.0,0.0,0.0,0.0,0.0,0.0,0.0,0.0,-2.599892490763595e-9,4.178198271044671e-9,-4.22534382140777e-9,-2.81844741463812e-9,-4.225343821680482e-9,-2.8184474122925573e-9,3.045447378443806e-9,-4.266844032168426e-9,4.906282454355345e-12,2.1252034413742904e-6,0.03969306958695875
7,0.01679443855772424,9,10,59,8.953319915919895,0.14949614999450217,0.15036598121556544,0.0025107039056989936,2.0321443528157683e-8,3.0454473776644886e-9,-4.266844025724035e-9,4.225343814524304e-9,2.8184474137704565e-9,4.225343815647942e-9,2.8184474117412724e-9,-2.599892490132912e-9,4.17819826457707e-9,0.0,0.0,0.0,0.0,0.0,0.0,0.0,0.0,4.906282454355345e-12,2.1252034413742904e-6,0.03969306958695875
7,0.01679443855772424,9,10,60,9.36363462627675,0.14487414777103136,0.15725698640798408,0.0024330799733432483,1.170210479830759e-12,1.9975516833685715e-13,-2.263290048090952e-13,2.252987622821965e-13,1.865066661882656e-13,2.2529882034581695e-13,1.8650670917931695e-13,-1.7370843268280246e-13,2.2389511265513755e-13,0.0,0.0,0.0,0.0,0.0,0.0,0.0,0.0,4.906282454355345e-12,2.1252034413742904e-6,0.03969306958695875
7,0.01679443855772424,9,8,61,9.36363462627825,0.14487414777137125,-0.15725698640800925,-0.002433079973348957,1.1702090776204643e-12,0.0,0.0,0.0,0.0,0.0,0.0,0.0,0.0,-1.737080556748591e-13,2.2389499056442181e-13,-2.2529865018360526e-13,-1.8650622813328064e-13,-2.2529871762110034e-13,-1.865063081455247e-13,1.997547047528139e-13,-2.263289149954532e-13,4.906282454355345e-12,2.1252034413742904e-6,0.03969306958695875
7,0.01679443855772424,9,8,62,11.269100529254363,0.28510299405580175,-0.18925821643938012,-0.004788144716293382,9.202197343033926e-14,0.0,0.0,0.0,0.0,0.0,0.0,0.0,0.0,7.745373878775896e-15,2.0894748818931226e-14,-2.180784090133375e-14,7.307972880576966e-15,-2.180784112829566e-14,7.307972678456825e-15,-6.826941428615395e-15,-2.273550553352401e-14,4.906282454355345e-12,2.1252034413742904e-6,0.03969306958695875
7,0.01679443855772424,9,10,63,11.269100529253718,0.2851029940554911,0.1892582164393693,0.0047881447162881645,9.202196589010401e-14,-6.827063448095056e-15,-2.2735466847030775e-14,2.180779965631668e-14,-7.308089543770518e-15,2.1807800007204375e-14,-7.308089942274809e-15,7.745485870651232e-15,2.0894705372956187e-14,0.0,0.0,0.0,0.0,0.0,0.0,0.0,0.0,4.906282454355345e-12,2.1252034413742904e-6,0.03969306958695875
7,0.01679443855772424,9,8,64,9.348998653532632,0.13135622121693608,-0.15701118346300044,-0.002206053986402666,3.070292550006921e-14,0.0,0.0,0.0,0.0,0.0,0.0,0.0,0.0,-7.863838664959351e-15,9.436360090973668e-16,-1.1548045030053969e-15,-7.586428522715979e-15,-1.1548221479978285e-15,-7.586420055614411e-15,7.311304386117266e-15,-1.3508158145805474e-15,4.906282454355345e-12,2.1252034413742904e-6,0.03969306958695875
7,0.01679443855772424,9,10,65,9.34899865353239,0.131356221216606,0.1570111834629964,0.0022060539863971228,3.0701627964002063e-14,7.310947840089929e-15,-1.3509788366333053e-15,1.1549859935193418e-15,7.586058317766448e-15,1.1549873576038558e-15,7.586081181212862e-15,-7.863486572398493e-15,9.438194842218894e-16,0.0,0.0,0.0,0.0,0.0,0.0,0.0,0.0,4.906282454355345e-12,2.1252034413742904e-6,0.03969306958695875
7,0.01679443855772424,9,10,66,9.36923622132464,0.14967002308786165,0.15735106205184107,0.002513624006682261,3.046797234816054e-14,-7.696801305763454e-15,-1.5916282869944195e-15,1.3054518155406178e-15,-7.502358003538112e-15,1.305452500917272e-15,-7.502361469782283e-15,7.305292219675787e-15,1.0342781841734113e-15,0.0,0.0,0.0,0.0,0.0,0.0,0.0,0.0,4.906282454355345e-12,2.1252034413742904e-6,0.03969306958695875
7,0.01679443855772424,9,8,67,9.36923622132528,0.1496700230880807,-0.15735106205185187,-0.0025136240066859395,3.046777612051362e-14,0.0,0.0,0.0,0.0,0.0,0.0,0.0,0.0,7.305242487673502e-15,1.0342868744791146e-15,-1.3054583236731585e-15,7.502307374059645e-15,-1.3054588741708259e-15,7.502310278149473e-15,-7.696749303638098e-15,-1.5916323621457346e-15,4.906282454355345e-12,2.1252034413742904e-6,0.03969306958695875
7,0.01679443855772424,9,10,68,4.751420994570355,0.14842188922234945,0.07979744795519284,0.0024926622991661013,1.3151449962376415e-14,7.207804965641521e-16,-3.315151409405896e-15,3.232482345374064e-15,5.964059091136204e-16,3.232482073079012e-15,5.964052362135685e-16,-4.784944272681928e-16,3.148613679343876e-15,0.0,0.0,0.0,0.0,0.0,0.0,0.0,0.0,4.906282454355345e-12,2.1252034413742904e-6,0.03969306958695875
7,0.01679443855772424,9,8,69,4.751420994571568,0.1484218892227593,-0.0797974479552132,-0.0024926622991729847,1.3151225670525291e-14,0.0,0.0,0.0,0.0,0.0,0.0,0.0,0.0,-4.784815235832189e-16,3.1485600966878638e-15,-3.2324278896219344e-15,-5.963895130977463e-16,-3.2324284797749118e-15,-5.963892167199321e-16,7.207608567630044e-16,-3.3150971005824128e-15,4.906282454355345e-12,2.1252034413742904e-6,0.03969306958695875
7,0.01679443855772424,9,10,70,10.992576852359488,0.014697555516732713,0.18461415653801314,0.0002468371930745085,6.727805995434996e-15,7.00732950545778e-16,-1.5877812626625392e-15,1.5590815956504529e-15,6.29929458389774e-16,1.5590821658115985e-15,6.299302526999056e-16,-5.622436893248934e-16,1.5291195483640872e-15,0.0,0.0,0.0,0.0,0.0,0.0,0.0,0.0,4.906282454355345e-12,2.1252034413742904e-6,0.03969306958695875
7,0.01679443855772424,9,8,71,10.99257685235931,0.014697555516702113,-0.18461415653801017,-0.0002468371930739946,6.7268593701443804e-15,0.0,0.0,0.0,0.0,0.0,0.0,0.0,0.0,-5.620474463263418e-16,1.5289483153094479e-15,-1.5589102336467985e-15,-6.29721396880007e-16,-1.558911366947935e-15,-6.297220650804206e-16,7.00512543569507e-16,-1.5876107038689396e-15,4.906282454355345e-12,2.1252034413742904e-6,0.03969306958695875
7,0.01679443855772424,9,8,72,10.95544233655523,0.0018585679187945042,-0.1839905031939677,-3.1213604717551716e-5,7.947776491678302e-17,0.0,0.0,0.0,0.0,0.0,0.0,0.0,0.0,6.432934567023928e-18,1.9467032924618834e-17,-1.865464397975946e-17,6.8263087584678506e-18,-1.865488353171677e-17,6.826137842699942e-18,-7.1821928592266e-18,-1.785610905796935e-17,4.906282454355345e-12,2.1252034413742904e-6,0.03969306958695875
7,0.01679443855772424,9,10,73,10.955442336555052,0.0018585679190177423,0.1839905031939647,3.1213604721300874e-5,7.939478022145141e-17,-7.156355704657913e-18,-1.7844770100454304e-17,1.8642371651330623e-17,-6.799753270561874e-18,1.8642231331398894e-17,-6.800027176288458e-18,6.406122436426485e-18,1.9453396527196566e-17,0.0,0.0,0.0,0.0,0.0,0.0,0.0,0.0,4.906282454355345e-12,2.1252034413742904e-6,0.03969306958695875
7,0.01679443855772424,9,8,74,7.0204439323162315,0.3005217850011942,-0.1179044142692329,-0.00504709465346017,4.248917413629505e-21,0.0,0.0,0.0,0.0,0.0,0.0,0.0,0.0,-5.849898796345853e-22,-8.484505330705486e-22,9.003116924796239e-22,-5.670852096302015e-22,8.86751402982328e-22,-5.806744587410958e-22,5.60991672492913e-22,9.396366425135432e-22,4.906282454355345e-12,2.1252034413742904e-6,0.03969306958695875
7,0.01679443855772424,9,10,75,7.020443607132769,0.30052178827155773,0.11790440880795923,0.0050470947083840895,2.324700686653444e-21,-3.844160966829138e-22,-4.613060024836129e-22,4.292069981531375e-22,-3.9513509123394935e-22,4.291577070862806e-22,-3.8813995714857323e-22,3.97207576247685e-22,3.9783301942592544e-22,0.0,0.0,0.0,0.0,0.0,0.0,0.0,0.0,4.906282454355345e-12,2.1252034413742904e-6,0.03969306958695875
7,0.01679443855772424,9,10,76,9.28950262335853,0.1533164093206547,0.15601198103981298,0.0025748630162266356,7.141054971972859e-22,1.6305145594421326e-22,8.574258655501929e-23,-7.80732157567507e-23,1.6051223233869497e-22,-7.793898768060163e-23,1.6055316881917605e-22,-1.578553535271104e-22,-7.059205150211989e-23,0.0,0.0,0.0,0.0,0.0,0.0,0.0,0.0,4.906282454355345e-12,2.1252034413742904e-6,0.03969306958695875
7,0.01679443855772424,9,8,77,9.289502682738746,0.1533164125664218,-0.15601198203707037,-0.0025748630707374716,4.156272108749406e-22,0.0,0.0,0.0,0.0,0.0,0.0,0.0,0.0,-9.999001144237443e-23,1.1630919828467358e-23,-8.685769482329466e-24,-1.0356149795619465e-22,-8.833192376592372e-24,-1.0346072153630261e-22,1.0705001471470106e-22,-5.6838124630033e-24,4.906282454355345e-12,2.1252034413742904e-6,0.03969306958695875
7,0.01679443855772424,9,8,78,2.401515862057474,0.30030531031343044,-0.04033211059072441,-0.005043459082617219,1.2373362422404458e-22,0.0,0.0,0.0,0.0,0.0,0.0,0.0,0.0,-1.2669121649696006e-23,-2.712888968720648e-23,2.866453939474469e-23,-1.2144506051069513e-23,2.821116554766912e-23,-1.2159917875467658e-23,1.1574745060174087e-23,2.976995124154035e-23,4.906282454355345e-12,2.1252034413742904e-6,0.03969306958695875
7,0.01679443855772424,9,10,79,9.347655763792178,0.15981446430815366,0.15698863038376457,0.0026839942014589002,5.622018961724629e-23,7.402529443230877e-24,-1.2667038242626811e-23,1.2502560925778363e-23,6.732916013062612e-24,1.2291113644353476e-23,6.485950945345707e-24,-5.859003258165727e-24,1.2107998364982466e-23,0.0,0.0,0.0,0.0,0.0,0.0,0.0,0.0,4.906282454355345e-12,2.1252034413742904e-6,0.03969306958695875
8,0.009696273622190719,10,11,0,0.5450943265035915,0.390938614981021,0.005285383739682589,0.0037906477803362473,16.050352876197547,3.5585354688298025,-2.116570487185588,2.158743339249459,3.38122019898011,2.1587433392343187,3.3812201989968695,-3.2082156490746523,2.1941494401803157,0.0,0.0,0.0,0.0,0.0,0.0,0.0,0.0,1.1011330780222095e-9,0.0009156717347570203,0.028795730470082572
8,0.009696273622190719,10,9,1,0.5450943266001121,0.3909386149394204,-0.00528538374061848,-0.0037906477799328764,16.050352860220702,0.0,0.0,0.0,0.0,0.0,0.0,0.0,0.0,-3.208215646948961,2.194149436434958,-2.1587433354549326,-3.38122019666486,-2.1587433354401213,-3.3812201966817996,3.5585354663175846,-2.1165704833468584,1.1011330780222095e-9,0.0009156717347570203,0.028795730470082572
8,0.009696273622190719,10,11,2,1.1957870631443956,0.2518566663078499,0.01159467855812391,0.0024420711500936954,15.746536666125548,2.841554925779484,-2.9027149197721718,2.8980726547359046,2.6628037141939145,2.898072654726359,2.6628037142135743,-2.489843316539272,2.888098991447765,0.0,0.0,0.0,0.0,0.0,0.0,0.0,0.0,1.1011330780222095e-9,0.0009156717347570203,0.028795730470082572
8,0.009696273622190719,10,9,3,1.1957870629750544,0.2518566663789462,-0.011594678556481932,-0.0024420711507830645,15.746536595254161,0.0,0.0,0.0,0.0,0.0,0.0,0.0,0.0,-2.4898433096883417,2.888098974694172,-2.898072637676678,-2.66280370657997,-2.8980726376671084,-2.66280370659925,2.841554917368061,-2.902714902422541,1.1011330780222095e-9,0.0009156717347570203,0.028795730470082572
8,0.009696273622190719,10,9,4,0.09322823118287749,-0.04262921132971122,-0.0009039664388620333,0.0004133444973510726,3.8048585439402043,0.0,0.0,0.0,0.0,0.0,0.0,0.0,0.0,0.055483804916449,-0.979947739007265,0.9506817372502163,0.023698573757033492,0.9506817372514438,0.023698573762462483,0.006185343220914574,0.9213664370327262,1.1011330780222095e-9,0.0009156717347570203,0.028795730470082572
8,0.009696273622190719,10,11,5,0.093228231182504,-0.042629211329551484,0.0009039664388584118,-0.0004133444973495238,3.804858543912898,0.006185343223550299,0.9213664370261405,-0.9506817372433951,-0.023698573754236396,-0.9506817372447625,-0.023698573759260655,0.05548380491306548,-0.9799477390003554,0.0,0.0,0.0,0.0,0.0,0.0,0.0,0.0,1.1011330780222095e-9,0.0009156717347570203,0.028795730470082572
8,0.009696273622190719,10,11,6,3.8883029837549223,0.020353067525334265,0.03770204965646832,0.00019734891177656516,1.8763040266033149,0.4213535985362856,-0.23819268513862357,0.2435787887518883,0.40073904387138976,0.24357878875048267,0.40073904387268944,-0.3806108448208561,0.2481629279203954,0.0,0.0,0.0,0.0,0.0,0.0,0.0,0.0,1.1011330780222095e-9,0.0009156717347570203,0.028795730470082572
8,0.009696273622190719,10,9,7,3.8883029831335407,0.02035306749186884,-0.037702049650443235,-0.00019734891145207524,1.8763040005906013,0.0,0.0,0.0,0.0,0.0,0.0,0.0,0.0,-0.3806108423971227,0.24816292010432364,-0.2435787807685754,-0.40073904111532577,-0.2435787807659934,-0.40073904111767467,0.4213535954329757,-0.23819267699242466,1.1011330780222095e-9,0.0009156717347570203,0.028795730470082572
8,0.009696273622190719,10,11,8,11.694549464020382,0.01770991296490078,0.11339355149138544,0.00017172016193286085,1.5407708309062942,0.3106832234686769,-0.24789778487233627,0.2495855504283197,0.2932684296645453,0.24958555043148598,0.29326842966270783,-0.276352219924197,0.2506862805442408,0.0,0.0,0.0,0.0,0.0,0.0,0.0,0.0,1.1011330780222095e-9,0.0009156717347570203,0.028795730470082572
8,0.009696273622190719,10,9,9,11.694549457347314,0.01770988981104285,-0.11339355142668155,-0.00017171993742671896,1.5407708170753731,0.0,0.0,0.0,0.0,0.0,0.0,0.0,0.0,-0.27635222097780493,0.25068627439752394,-0.24958554405756722,-0.29326843054878093,-0.24958554405152172,-0.2932684305513809,0.310683224175238,-0.2478977782665608,1.1011330780222095e-9,0.0009156717347570203,0.028795730470082572
8,0.009696273622190719,10,11,10,11.635557528458568,-0.01210157735178645,0.11282154954267545,-0.00011734020526302756,1.161082635220556,-0.17938388174875478,0.2165114171321423,-0.21749650236026868,-0.1921203937190644,-0.2174965023641999,-0.19212039371681428,0.2052915140166569,-0.21809691219671964,0.0,0.0,0.0,0.0,0.0,0.0,0.0,0.0,1.1011330780222095e-9,0.0009156717347570203,0.028795730470082572
8,0.009696273622190719,10,9,11,11.635557528468267,-0.0121015773559243,-0.11282154954276949,0.00011734020530314929,1.1610826351979386,0.0,0.0,0.0,0.0,0.0,0.0,0.0,0.0,0.20529151401325216,-0.21809691219209001,0.21749650236039253,0.19212039371353257,0.21749650235486662,0.19212039371568834,-0.17938388174550457,0.21651141712755928,1.1011330780222095e-9,0.0009156717347570203,0.028795730470082572
8,0.009696273622190719,10,9,12,3.832825648682707,-0.009161195389718664,-0.03716412623577816,8.882945720506431e-5,0.8291975460477912,0.0,0.0,0.0,0.0,0.0,0.0,0.0,0.0,0.1294680558174782,-0.1702722186596993,0.1688593494213793,0.12015861771710071,0.16885934942026087,0.12015861771871642,-0.11118665766244723,0.16720582546848076,1.1011330780222095e-9,0.0009156717347570203,0.028795730470082572
8,0.009696273622190719,10,11,13,3.8328256486831607,-0.009161195390392542,0.037164126235782566,-8.882945721159841e-5,0.8291975460388928,-0.11118665765995726,0.16720582546752635,-0.16885934941980169,-0.12015861771509569,-0.16885934941993277,-0.12015861771572658,0.12946805581497473,-0.1702722186587434,0.0,0.0,0.0,0.0,0.0,0.0,0.0,0.0,1.1011330780222095e-9,0.0009156717347570203,0.028795730470082572
8,0.009696273622190719,10,9,14,1.130931705756823,0.16945796263643154,-0.010965823267029037,-0.0016431107731818115,0.5406003227009585,0.0,0.0,0.0,0.0,0.0,0.0,0.0,0.0,-0.13334131216634204,-0.04084037057953475,0.0354633725850391,-0.13037933506416916,0.03546337258645321,-0.1303793350648992,0.12734617053008637,0.030347062074576575,1.1011330780222095e-9,0.0009156717347570203,0.028795730470082572
8,0.009696273622190719,10,11,15,1.1309317057513244,0.16945796263475782,0.010965823266975722,0.0016431107731655827,0.5406003226859645,0.1273461705246106,0.030347062080430406,-0.03546337259081026,0.13037933505893667,-0.03546337259239115,0.1303793350591681,-0.1333413121608655,-0.04084037058540135,0.0,0.0,0.0,0.0,0.0,0.0,0.0,0.0,1.1011330780222095e-9,0.0009156717347570203,0.028795730470082572
8,0.009696273622190719,10,11,16,4.56833771829581,0.4389726678853218,0.0442958525151706,0.004256399100479133,0.12058959450733034,0.016473712839429833,-0.026387719312479328,0.026058727589012738,0.015144452407910368,0.026058727588950083,0.015144452408073376,-0.01386727909074047,0.02569939487355344,0.0,0.0,0.0,0.0,0.0,0.0,0.0,0.0,1.1011330780222095e-9,0.0009156717347570203,0.028795730470082572
8,0.009696273622190719,10,9,17,4.568337719218997,0.4389726678050844,-0.04429585252412207,-0.004256399099701129,0.12058959109682875,0.0,0.0,0.0,0.0,0.0,0.0,0.0,0.0,-0.013867278914045867,0.025699394030441983,-0.02605872672503343,-0.015144452198103574,-0.026058726724970036,-0.01514445219826911,0.016473712594785896,-0.026387718428053215,1.1011330780222095e-9,0.0009156717347570203,0.028795730470082572
8,0.009696273622190719,10,11,18,4.861486169935722,0.19555708942034167,0.047138300114192726,0.0018961750477788507,0.018001868353842848,0.0018383948967367375,-0.004264449297877169,0.004186032860677722,0.0016496112247118525,0.004186032860766602,0.0016496112245062834,-0.0014691963106093432,0.004104308832357545,0.0,0.0,0.0,0.0,0.0,0.0,0.0,0.0,1.1011330780222095e-9,0.0009156717347570203,0.028795730470082572
8,0.009696273622190719,10,9,19,4.8614861686787965,0.19555708934203064,-0.04713830010200523,-0.0018961750470195256,0.018001862845960503,0.0,0.0,0.0,0.0,0.0,0.0,0.0,0.0,-0.0014691961438312558,0.004104307475367014,-0.004186031466290371,-0.0016496110083554431,-0.004186031466339794,-0.0016496110081750054,0.001838394628040153,-0.004264447866489769,1.1011330780222095e-9,0.0009156717347570203,0.028795730470082572
8,0.009696273622190719,10,9,20,4.072763709308749,-0.04704332829626255,-0.03949063132398605,0.00045614498325910886,0.011519103532393556,0.0,0.0,0.0,0.0,0.0,0.0,0.0,0.0,-0.001676402379306783,-0.002453483811063493,0.002324577813846596,-0.001698618625164898,0.002324577813861402,-0.001698618625154263,0.0017161823228003404,0.0021990644013466128,1.1011330780222095e-9,0.0009156717347570203,0.028795730470082572
8,0.009696273622190719,10,11,21,4.072763709307847,-0.047043328295349664,0.03949063132397731,-0.0004561449832502572,0.011519103531991053,0.001716182322723814,0.002199064401278988,-0.002324577813780285,0.0016986186250911067,-0.002324577813789943,0.0016986186250754103,-0.001676402379230616,-0.002453483810993434,0.0,0.0,0.0,0.0,0.0,0.0,0.0,0.0,1.1011330780222095e-9,0.0009156717347570203,0.028795730470082572
8,0.009696273622190719,10,11,22,4.855202647539594,0.18845723312455576,0.04707737336172871,0.001827332898456677,0.00980771271980455,0.0002975643270778949,0.002356328202327253,-0.00244049797238191,0.00023004097772734867,-0.002440497972470422,0.00023004097794344458,-0.000157636177450446,-0.0025251229430273497,0.0,0.0,0.0,0.0,0.0,0.0,0.0,0.0,1.1011330780222095e-9,0.0009156717347570203,0.028795730470082572
8,0.009696273622190719,10,9,23,4.855202647542836,0.188457233125301,-0.04707737336176014,-0.001827332898463903,0.009807712718240746,0.0,0.0,0.0,0.0,0.0,0.0,0.0,0.0,-0.00015763617721327526,-0.0025251229426567975,0.002440497972028811,-0.00023004097750411795,0.0024404979720824187,-0.0002300409776929182,0.00029756432684058655,0.002356328201957166,1.1011330780222095e-9,0.0009156717347570203,0.028795730470082572
8,0.009696273622190719,10,9,24,4.366071091076367,0.35735961298145635,-0.04233461995301323,-0.0034650565889883795,0.009144323212023311,0.0,0.0,0.0,0.0,0.0,0.0,0.0,0.0,0.0003781893527992461,0.002181861835646288,-0.0022631509335967475,0.000318909307082686,-0.002263150933595286,0.00031890930707824925,-0.00025510232620248126,-0.0023450733232255666,1.1011330780222095e-9,0.0009156717347570203,0.028795730470082572
8,0.009696273622190719,10,11,25,4.366071085679748,0.3573596133417457,0.04233461990068614,0.0034650565924818433,0.009144322060707262,-0.00025510261415564615,-0.0023450729931488636,0.0022631506051262826,-0.0003189095758316079,0.0022631506051280716,-0.00031890957580399176,0.0003781896029773342,0.002181861509323357,0.0,0.0,0.0,0.0,0.0,0.0,0.0,0.0,1.1011330780222095e-9,0.0009156717347570203,0.028795730470082572
8,0.009696273622190719,10,11,26,4.381055211598037,0.33635927776686425,0.04247991008557923,0.003261431592589967,0.007147186105710265,0.0015482093320840185,0.0007736951934027913,-0.0008486860120021174,0.0015718712907078604,-0.000848686012016586,0.0015718712906880445,-0.0015938327352469773,-0.0009268188726835522,0.0,0.0,0.0,0.0,0.0,0.0,0.0,0.0,1.1011330780222095e-9,0.0009156717347570203,0.028795730470082572
8,0.009696273622190719,10,9,27,4.381055211598321,0.33635927776730273,-0.04247991008558198,-0.003261431592594219,0.007147186105456324,0.0,0.0,0.0,0.0,0.0,0.0,0.0,0.0,-0.0015938327352140928,-0.0009268188726142501,0.0008486860119337269,-0.0015718712906621771,0.0008486860119457057,-0.0015718712906645847,0.0015482093320477138,0.0007736951933330146,1.1011330780222095e-9,0.0009156717347570203,0.028795730470082572
8,0.009696273622190719,10,9,28,11.879900053729964,-0.0495995594100939,-0.11519076152524395,0.00048093089958037494,0.0045458150249122475,0.0,0.0,0.0,0.0,0.0,0.0,0.0,0.0,-0.0006795388382470555,-0.0009556947344365196,0.0009046692777125033,-0.0006873540578164743,0.0009046692777360097,-0.0006873540577917544,0.0006933585659086315,0.0008550167184151402,1.1011330780222095e-9,0.0009156717347570203,0.028795730470082572
8,0.009696273622190719,10,11,29,11.879900053734895,-0.04959955942208269,0.11519076152529177,-0.00048093089969662153,0.004545815022651622,0.0006933585659893642,0.0008550167176451156,-0.000904669276911269,0.0006873540579367325,-0.000904669276950011,0.0006873540578926656,-0.000679538838389336,-0.0009556947336195512,0.0,0.0,0.0,0.0,0.0,0.0,0.0,0.0,1.1011330780222095e-9,0.0009156717347570203,0.028795730470082572
8,0.009696273622190719,10,11,30,8.2424129136193,0.3755977881855377,0.07992069091753096,0.003641898926136606,0.0008065159911915008,0.00017027910620943492,-0.0001195439593262936,0.0001209848196607112,0.00016123467959006742,0.00012098481965934298,0.00016123467959076757,-0.00015243189989973854,0.0001221029689876408,0.0,0.0,0.0,0.0,0.0,0.0,0.0,0.0,1.1011330780222095e-9,0.0009156717347570203,0.028795730470082572
8,0.009696273622190719,10,9,31,8.242412926524178,0.37559778504325586,-0.0799206910426602,-0.0036418988956681817,0.0008065150239085685,0.0,0.0,0.0,0.0,0.0,0.0,0.0,0.0,-0.00015243178360815337,0.0001221027394956468,-0.00012098458671318965,-0.00016123455213221265,-0.0001209845867128559,-0.0001612345521323045,0.00017027896711906945,-0.00011954372317965207,1.1011330780222095e-9,0.0009156717347570203,0.028795730470082572
8,0.009696273622190719,10,9,32,11.612300089443506,0.028670465560021258,-0.11259603905023399,-0.0002779966789455616,0.0007838063722954505,0.0,0.0,0.0,0.0,0.0,0.0,0.0,0.0,-0.00018921842259856945,1.493729919311925e-5,-9.231974983511732e-6,-0.00019568500338561933,-9.231974977076741e-6,-0.00019568500337218878,0.0002021696567217322,-3.1352626877221906e-6,1.1011330780222095e-9,0.0009156717347570203,0.028795730470082572
8,0.009696273622190719,10,11,33,11.612300091325949,0.02867046684462571,0.11259603906848668,0.0002779966914014378,0.0007838060553002059,0.000202169572942238,-3.135390836760406e-6,9.232096509460114e-6,0.0001956849183399518,9.232096510076537e-6,0.00019568491831679883,-0.00018921833651983444,1.4937414273605176e-5,0.0,0.0,0.0,0.0,0.0,0.0,0.0,0.0,1.1011330780222095e-9,0.0009156717347570203,0.028795730470082572
8,0.009696273622190719,10,9,34,5.260048135419527,0.22240965905283017,-0.05100286598692184,-0.0021565449103943886,0.0005993662665041083,0.0,0.0,0.0,0.0,0.0,0.0,0.0,0.0,4.480693442984196e-5,-0.00014798021790721184,0.0001446772120335077,3.885596205614665e-5,0.00014467721203145702,3.885596205652274e-5,-3.319426610576936e-5,0.00014129620495711853,1.1011330780222095e-9,0.0009156717347570203,0.028795730470082572
8,0.009696273622190719,10,11,35,5.260048135418888,0.22240965905254828,0.05100286598691564,0.002156544910391655,0.0005993662664567632,-3.319426611080106e-5,0.000141296204943737,-0.000144677212019626,-3.885596206138492e-5,-0.00014467721201817186,-3.885596206114355e-5,4.480693443467766e-5,-0.0001479802178934299,0.0,0.0,0.0,0.0,0.0,0.0,0.0,0.0,1.1011330780222095e-9,0.0009156717347570203,0.028795730470082572
8,0.009696273622190719,10,9,36,5.275789418691637,0.23687098385358762,-0.051155497776692635,-0.0022967658726019053,0.0005221990222421657,0.0,0.0,0.0,0.0,0.0,0.0,0.0,0.0,-0.00011059266921372673,6.132211296679084e-5,-5.964931110019554e-5,-0.00011608913096431943,-5.964931109850625e-5,-0.00011608913096533833,0.00012170465904083701,-5.774421190359627e-5,1.1011330780222095e-9,0.0009156717347570203,0.028795730470082572
8,0.009696273622190719,10,11,37,5.275789419664994,0.2368709829310276,0.051155497786130565,0.002296765863656511,0.0005221978368333734,0.0001217044568413125,-5.774392469994719e-5,5.96490267750922e-5,0.00011608894395611819,5.964902677344406e-5,0.0001160889439574197,-0.00011059249682886871,6.132183189489363e-5,0.0,0.0,0.0,0.0,0.0,0.0,0.0,0.0,1.1011330780222095e-9,0.0009156717347570203,0.028795730470082572
8,0.009696273622190719,10,9,38,8.847262694811663,0.2618151631192044,-0.0857854798962943,-0.002538631460042302,0.00029995269533134944,0.0,0.0,0.0,0.0,0.0,0.0,0.0,0.0,-4.6448146857653845e-5,5.584503263535167e-5,-5.6093258002957126e-5,-4.973896029098052e-5,-5.609325800278429e-5,-4.973896029113249e-5,5.3141860650488436e-5,-5.6241893362883296e-5,1.1011330780222095e-9,0.0009156717347570203,0.028795730470082572
8,0.009696273622190719,10,11,39,8.8472626903431,0.2618151602001098,0.0857854798529659,0.002538631431737962,0.0002999526828531131,5.3141833478661134e-5,-5.624191460831898e-5,5.6093277744357346e-5,4.973893332663967e-5,5.609327774433098e-5,4.973893332683334e-5,-4.644812014037234e-5,5.584505092674309e-5,0.0,0.0,0.0,0.0,0.0,0.0,0.0,0.0,1.1011330780222095e-9,0.0009156717347570203,0.028795730470082572
8,0.009696273622190719,10,11,40,8.275754868858133,0.36158074454425865,0.08024398363862553,0.003505985835616576,0.000299933136014817,-2.3220378734382727e-5,6.882022931346914e-5,-7.023675005802195e-5,-2.620083466458879e-5,-7.023675005596989e-5,-2.62008346635519e-5,2.9321711551837138e-5,-7.160072871022169e-5,0.0,0.0,0.0,0.0,0.0,0.0,0.0,0.0,1.1011330780222095e-9,0.0009156717347570203,0.028795730470082572
8,0.009696273622190719,10,9,41,8.27575486885927,0.3615807445450269,-0.08024398363863655,-0.0035059858356240254,0.00029993313600713974,0.0,0.0,0.0,0.0,0.0,0.0,0.0,0.0,2.9321711554584608e-5,-7.160072870713393e-5,7.023675005471298e-5,2.6200834667477522e-5,7.023675005313036e-5,2.6200834666150794e-5,-2.32203787371281e-5,6.882022931041282e-5,1.1011330780222095e-9,0.0009156717347570203,0.028795730470082572
8,0.009696273622190719,10,9,42,7.813867910758544,-0.03017094465896853,-0.07576540131037057,0.00029254573485333255,0.0002946721763297564,0.0,0.0,0.0,0.0,0.0,0.0,0.0,0.0,1.2450779139630202e-5,-7.498825170516381e-5,7.300019264429164e-5,9.759208709288878e-6,7.300019264430651e-5,9.759208709621877e-6,-7.213619000159761e-6,7.09924691853018e-5,1.1011330780222095e-9,0.0009156717347570203,0.028795730470082572
8,0.009696273622190719,10,11,43,7.813867910758551,-0.03017094465891782,0.07576540131037064,-0.0002925457348528408,0.0002946721763285781,-7.213618999661885e-6,7.099246918508393e-5,-7.300019264404705e-5,-9.75920870870698e-6,-7.300019264409517e-5,-9.759208709173722e-6,1.2450779139096707e-5,-7.498825170492518e-5,0.0,0.0,0.0,0.0,0.0,0.0,0.0,0.0,1.1011330780222095e-9,0.0009156717347570203,0.028795730470082572
8,0.009696273622190719,10,11,44,11.558777845753468,0.00046871844750003,0.11207707273054182,4.544822318728726e-6,0.00023148520285358915,-4.680887671189431e-5,3.084272201688396e-5,-3.0289146894562558e-5,-4.929485131805623e-5,-3.02891468963299e-5,-4.929485131730978e-5,5.184130556697004e-5,-2.9636921591712902e-5,0.0,0.0,0.0,0.0,0.0,0.0,0.0,0.0,1.1011330780222095e-9,0.0009156717347570203,0.028795730470082572
8,0.009696273622190719,10,9,45,11.558777845752582,0.0004687184482499718,-0.11207707273053322,-4.544822326000367e-6,0.00023148520273647347,0.0,0.0,0.0,0.0,0.0,0.0,0.0,0.0,5.184130555283296e-5,-2.963692155560804e-5,3.0289146860166627e-5,4.929485130510261e-5,3.0289146859495154e-5,4.9294851305318705e-5,-4.680887670102225e-5,3.084272198180399e-5,1.1011330780222095e-9,0.0009156717347570203,0.028795730470082572
8,0.009696273622190719,10,11,46,7.871513069065067,-0.008486787144835167,0.07632434453830512,-8.229021032961252e-5,0.00021050659215764614,3.397607100107365e-5,-4.2361064391779746e-5,4.206369990407303e-5,3.160420873574859e-5,4.206369990390227e-5,3.1604208736270196e-5,-2.9316410578254136e-5,4.1703042934626466e-5,0.0,0.0,0.0,0.0,0.0,0.0,0.0,0.0,1.1011330780222095e-9,0.0009156717347570203,0.028795730470082572
8,0.009696273622190719,10,9,47,7.871513068798702,-0.008486787094777709,-0.07632434453572237,8.22902098442417e-5,0.00021050644267971527,0.0,0.0,0.0,0.0,0.0,0.0,0.0,0.0,-2.9316416996462807e-5,4.1702994175880686e-5,-4.2063649395155475e-5,-3.160421376509794e-5,-4.2063649394845915e-5,-3.160421376544618e-5,3.3976074540363846e-5,-4.236101212258901e-5,1.1011330780222095e-9,0.0009156717347570203,0.028795730470082572
8,0.009696273622190719,10,11,48,8.259378618740195,0.3860106855860385,0.08008519503657657,0.0037428652285316603,0.00017343203637132734,1.1048877153485234e-6,-4.472560730357155e-5,4.334613737693526e-5,-3.0070884612324546e-7,4.3346137376572196e-5,-3.0070884607775005e-7,1.619612618070247e-6,4.196718217483134e-5,0.0,0.0,0.0,0.0,0.0,0.0,0.0,0.0,1.1011330780222095e-9,0.0009156717347570203,0.028795730470082572
8,0.009696273622190719,10,9,49,8.259378619110718,0.3860106856382949,-0.08008519504016927,-0.0037428652290383527,0.00017343200641448177,0.0,0.0,0.0,0.0,0.0,0.0,0.0,0.0,1.6196096650432846e-6,4.196717502897182e-5,-4.334612990909414e-5,3.0070603326866245e-7,-4.334612990839761e-5,3.007060331166467e-7,1.104890373189991e-6,-4.47255995078168e-5,1.1011330780222095e-9,0.0009156717347570203,0.028795730470082572
8,0.009696273622190719,10,11,50,8.904046791216599,0.23906405218017446,0.08633607403242542,0.0023180304631686514,0.00011436472915462453,-8.066698771039702e-6,2.6493803014617416e-5,-2.7067605939710175e-5,-9.186519759365667e-6,-2.706760593817036e-5,-9.186519759116165e-6,1.0360457532173744e-5,-2.7622981706976874e-5,0.0,0.0,0.0,0.0,0.0,0.0,0.0,0.0,1.1011330780222095e-9,0.0009156717347570203,0.028795730470082572
8,0.009696273622190719,10,9,51,8.904046791220555,0.2390640521798471,-0.08633607403246378,-0.0023180304631654773,0.0001143647291522695,0.0,0.0,0.0,0.0,0.0,0.0,0.0,0.0,1.0360457537487073e-5,-2.7622981704501474e-5,2.706760593738216e-5,9.18651976459492e-6,2.7067605935641134e-5,9.18651976452053e-6,-8.066698776361383e-6,2.6493803012243267e-5,1.1011330780222095e-9,0.0009156717347570203,0.028795730470082572
8,0.009696273622190719,10,11,52,8.914832737859498,0.2544518446871261,0.08644065752234932,0.0024672347097575505,5.176233682044542e-5,1.275131264986057e-6,-1.3291804735582405e-5,1.2910861491262559e-5,8.274901495381538e-7,1.2910861490929981e-5,8.274901491796843e-7,-4.0566907591470827e-7,1.2528237446276846e-5,0.0,0.0,0.0,0.0,0.0,0.0,0.0,0.0,1.1011330780222095e-9,0.0009156717347570203,0.028795730470082572
8,0.009696273622190719,10,9,53,8.914832738139504,0.25445184494298084,-0.08644065752506433,-0.002467234712238388,5.176230685763107e-5,0.0,0.0,0.0,0.0,0.0,0.0,0.0,0.0,-4.0567309739760014e-7,1.2528230056423177e-5,-1.2910853736592665e-5,-8.274940567205817e-7,-1.2910853736344364e-5,-8.274940565765581e-7,1.2751350425658203e-6,-1.3291796608383369e-5,1.1011330780222095e-9,0.0009156717347570203,0.028795730470082572
8,0.009696273622190719,10,11,54,8.772192687582733,0.1649289009582055,0.08505758056538276,0.0015991957518979537,4.558415026045738e-6,1.0162422808589617e-6,-4.3102008256060747e-7,4.1146274794576837e-7,1.06242482602098e-6,4.1146274793720063e-7,1.0624248260207e-6,-1.1094281710084578e-6,3.897797428715934e-7,0.0,0.0,0.0,0.0,0.0,0.0,0.0,0.0,1.1011330780222095e-9,0.0009156717347570203,0.028795730470082572
8,0.009696273622190719,10,9,55,8.772192687580906,0.16492890095794643,-0.08505758056536505,-0.0015991957518954416,4.558415024246788e-6,0.0,0.0,0.0,0.0,0.0,0.0,0.0,0.0,-1.1094281705882778e-6,3.8977974269632837e-7,-4.1146274776697575e-7,-1.0624248256106357e-6,-4.1146274775479833e-7,-1.0624248256062771e-6,1.0162422804545731e-6,-4.3102008237468903e-7,1.1011330780222095e-9,0.0009156717347570203,0.028795730470082572
8,0.009696273622190719,10,9,56,11.798205690359268,-0.039078652578210735,-0.11439863062461102,0.0003789173081848601,3.6296559211949627e-6,0.0,0.0,0.0,0.0,0.0,0.0,0.0,0.0,8.348262228765208e-7,4.2398416909499575e-7,-3.85001775409426e-7,8.214393024074662e-7,-3.8500177536441067e-7,8.214393024940558e-7,-8.072807363698388e-7,-3.4766148863418725e-7,1.1011330780222095e-9,0.0009156717347570203,0.028795730470082572
8,0.009696273622190719,10,11,57,11.79820569035806,-0.03907865257722355,0.1143986306245993,-0.00037891730817528807,3.6296559172478726e-6,-8.072807357550955e-7,-3.476614875435495e-7,3.8500177433981723e-7,-8.214393018715647e-7,3.8500177426857286e-7,-8.214393018644447e-7,8.348262223249648e-7,4.239841680239706e-7,0.0,0.0,0.0,0.0,0.0,0.0,0.0,0.0,1.1011330780222095e-9,0.0009156717347570203,0.028795730470082572
8,0.009696273622190719,10,9,58,7.811740645644026,-0.03089965345370009,-0.07574477476575327,0.00029961149471794654,3.360643245863211e-6,0.0,0.0,0.0,0.0,0.0,0.0,0.0,0.0,-7.567299117516021e-7,-4.229891090180691e-7,3.864315356123692e-7,-7.457803425259716e-7,3.864315355857633e-7,-7.457803425395631e-7,7.340564194568105e-7,3.513647485119075e-7,1.1011330780222095e-9,0.0009156717347570203,0.028795730470082572
8,0.009696273622190719,10,11,59,7.811740645643621,-0.030899653453730455,0.07574477476574934,-0.00029961149471824096,3.360643239938573e-6,7.340564181013515e-7,3.513647480365513e-7,-3.86431535070414e-7,7.457803411205599e-7,-3.864315350667776e-7,7.457803411594161e-7,-7.567299103216702e-7,-4.2298910842932913e-7,0.0,0.0,0.0,0.0,0.0,0.0,0.0,0.0,1.1011330780222095e-9,0.0009156717347570203,0.028795730470082572
8,0.009696273622190719,10,11,60,8.871347602159778,0.19112059485819016,0.08601901374810675,0.0018531575825808686,1.0025162790185674e-6,-2.3325767547915817e-7,1.1167671760694562e-7,-1.1529625401715829e-7,-2.224642269452089e-7,-1.1529625403754218e-7,-2.2246422696867813e-7,2.1190092578390422e-7,-1.1847063184637388e-7,0.0,0.0,0.0,0.0,0.0,0.0,0.0,0.0,1.1011330780222095e-9,0.0009156717347570203,0.028795730470082572
8,0.009696273622190719,10,9,61,8.87134760041664,0.19112059448264757,-0.0860190137312048,-0.0018531575789395047,1.0024893723383712e-6,0.0,0.0,0.0,0.0,0.0,0.0,0.0,0.0,2.118918575659267e-7,-1.1847349934424834e-7,1.1529950816207866e-7,2.224549658008976e-7,1.1529950818784218e-7,2.224549658214567e-7,-2.3324822793200544e-7,1.1168037692010168e-7,1.1011330780222095e-9,0.0009156717347570203,0.028795730470082572
8,0.009696273622190719,10,11,62,12.097745891689547,0.33468450479859085,0.11730305437755549,0.00324519253563454,6.848937185514805e-7,1.1072545147788047e-7,1.2348091622828e-7,-1.3099746589854484e-7,1.1019294236649432e-7,-1.30997465888859e-7,1.1019294232903694e-7,-1.0939821816160008e-7,-1.3873413922894936e-7,0.0,0.0,0.0,0.0,0.0,0.0,0.0,0.0,1.1011330780222095e-9,0.0009156717347570203,0.028795730470082572
8,0.009696273622190719,10,9,63,12.097745891689517,0.33468450479874107,-0.1173030543775552,-0.003245192535635996,6.848937168230316e-7,0.0,0.0,0.0,0.0,0.0,0.0,0.0,0.0,-1.093982177599171e-7,-1.387341389971187e-7,1.3099746566262324e-7,-1.1019294197104377e-7,1.3099746566742298e-7,-1.1019294192525862e-7,1.1072545107997185e-7,1.234809160032188e-7,1.1011330780222095e-9,0.0009156717347570203,0.028795730470082572
8,0.009696273622190719,10,11,64,8.848729481618909,0.17537048627535134,0.08579970226252279,0.0017004402201824488,3.527724519381906e-7,1.394258714865253e-8,-8.428216319034267e-8,8.649013785825961e-8,1.7134660621855603e-8,8.649013783638669e-8,1.713466063447558e-8,-2.049967994141832e-8,8.866367023865753e-8,0.0,0.0,0.0,0.0,0.0,0.0,0.0,0.0,1.1011330780222095e-9,0.0009156717347570203,0.028795730470082572
8,0.009696273622190719,10,9,65,8.848729481624712,0.175370486277039,-0.08579970226257905,-0.0017004402201988126,3.5277245177264535e-7,0.0,0.0,0.0,0.0,0.0,0.0,0.0,0.0,-2.0499679859355273e-8,8.866367021492172e-8,-8.649013783266075e-8,-1.7134660544633468e-8,-8.64901378099604e-8,-1.713466054830569e-8,1.3942587067490753e-8,-8.428216316206219e-8,1.1011330780222095e-9,0.0009156717347570203,0.028795730470082572
8,0.009696273622190719,10,9,66,12.082703669611867,0.3549970152100183,-0.11715720087640455,-0.003442148194537338,1.0598898665936376e-7,0.0,0.0,0.0,0.0,0.0,0.0,0.0,0.0,1.0774514505340063e-8,2.3295326323595126e-8,-2.438316276513384e-8,1.0354457842104729e-8,-2.4383162767994512e-8,1.0354457836326935e-8,-9.885614187298087e-9,-2.5491659338140428e-8,1.1011330780222095e-9,0.0009156717347570203,0.028795730470082572
8,0.009696273622190719,10,11,67,12.08270363784118,0.35499701917296866,0.11715720056834728,0.003442148232963189,1.0596744799789808e-7,-9.884052323518825e-9,-2.548630565239606e-8,2.4378026124873108e-8,-1.0352781262096766e-8,2.437802612352472e-8,-1.035278125811717e-8,1.0772733487516716e-8,2.3290403381575867e-8,0.0,0.0,0.0,0.0,0.0,0.0,0.0,0.0,1.1011330780222095e-9,0.0009156717347570203,0.028795730470082572
8,0.009696273622190719,10,11,68,4.937657851712009,0.20606903586502723,0.047876881582958046,0.001998101756808337,7.518606536291174e-14,3.690941570352754e-15,-1.904087748742286e-14,1.8552303468358782e-14,2.9907718447176004e-15,1.8552298606778142e-14,2.990765618556733e-15,-2.3276945766437054e-15,1.8057705643322493e-14,0.0,0.0,0.0,0.0,0.0,0.0,0.0,0.0,1.1011330780222095e-9,0.0009156717347570203,0.028795730470082572
8,0.009696273622190719,10,9,69,4.9376578495349825,0.2060690358641067,-0.047876881561849,-0.001998101756799411,6.157871586763881e-14,0.0,0.0,0.0,0.0,0.0,0.0,0.0,0.0,-1.932081569919966e-15,1.478624723109909e-14,-1.5190383076355175e-14,-2.4758464740074426e-15,-1.5190397222980207e-14,-2.4758489816095507e-15,3.0499896572562603e-15,-1.5589551299276856e-14,1.1011330780222095e-9,0.0009156717347570203,0.028795730470082572
8,0.009696273622190719,10,11,70,4.9120717894368475,0.17990317708884135,0.04762879212222367,0.001744390430554838,4.9626447779590945e-14,-2.002284371569228e-16,1.2015901666993659e-14,-1.2389050581498503e-14,-5.988328548678285e-16,-1.2389048349542644e-14,-5.988243641299012e-16,1.0222057992501026e-15,-1.2760975403652623e-14,0.0,0.0,0.0,0.0,0.0,0.0,0.0,0.0,1.1011330780222095e-9,0.0009156717347570203,0.028795730470082572
8,0.009696273622190719,10,9,71,4.9120717894386985,0.17990317708927572,-0.047628792122241616,-0.00174439043055905,4.962450522655468e-14,0.0,0.0,0.0,0.0,0.0,0.0,0.0,0.0,1.0218647079091742e-15,-1.2760489540698468e-14,1.2388585186911175e-14,5.985094580405173e-16,1.2388572952730419e-14,5.9850520141002735e-16,-1.9992573011879896e-16,1.20154463435149e-14,1.1011330780222095e-9,0.0009156717347570203,0.028795730470082572
8,0.009696273622190719,10,9,72,8.268206600499386,0.3949793589486112,-0.0801707935632454,-0.0038298279394832183,7.595416792296305e-15,0.0,0.0,0.0,0.0,0.0,0.0,0.0,0.0,-1.0267685257997081e-15,1.5260447894608554e-15,-1.5407446588910265e-15,-1.1090324855963975e-15,-1.5407446579045346e-15,-1.1090318630396146e-15,1.194375092345237e-15,-1.5532234098879153e-15,1.1011330780222095e-9,0.0009156717347570203,0.028795730470082572
8,0.009696273622190719,10,11,73,8.268206592386239,0.39497936003010525,0.0801707934845781,0.0038298279499696807,6.809470695625663e-15,1.2484392288230349e-15,-1.2357354112032528e-15,1.2349462053090327e-15,1.1711178257909265e-15,1.234946740271884e-15,1.1711165759926184e-15,-1.0962627391100646e-15,1.2318128033193998e-15,0.0,0.0,0.0,0.0,0.0,0.0,0.0,0.0,1.1011330780222095e-9,0.0009156717347570203,0.028795730470082572
8,0.009696273622190719,10,9,74,8.95235416606201,0.2484087573137171,-0.08680447555689626,-0.0024086392810621707,3.553113774477539e-15,0.0,0.0,0.0,0.0,0.0,0.0,0.0,0.0,7.221930623454978e-17,8.573882526435767e-16,-8.86837978185921e-16,4.6510558576127304e-17,-8.868375944436597e-16,4.651109669655894e-17,-1.9028594235537174e-17,-9.163785853143285e-16,1.1011330780222095e-9,0.0009156717347570203,0.028795730470082572
8,0.009696273622190719,10,11,75,8.952354164323484,0.24840875614553742,0.08680447554003903,0.0024086392697351814,1.946522342067218e-15,-8.600997788676982e-17,-4.947117928178356e-16,4.764430130415439e-16,-9.845339195986103e-17,4.764431020443464e-16,-9.845338666819423e-17,1.0994371356984874e-16,4.583702609852268e-16,0.0,0.0,0.0,0.0,0.0,0.0,0.0,0.0,1.1011330780222095e-9,0.0009156717347570203,0.028795730470082572
8,0.009696273622190719,10,11,76,7.822765676031974,-0.03507983257591517,0.07585167647708778,-0.00034014365527671294,1.9110235792979613e-15,-3.8715717902636216e-16,2.5351505812374263e-16,-2.488859245036867e-16,-4.076670338209572e-16,-2.488865756392993e-16,-4.0766684473585974e-16,4.286736505526223e-16,-2.4344160785387676e-16,0.0,0.0,0.0,0.0,0.0,0.0,0.0,0.0,1.1011330780222095e-9,0.0009156717347570203,0.028795730470082572
8,0.009696273622190719,10,9,77,7.822765676032157,-0.03507983257592166,-0.07585167647708956,0.00034014365527677593,1.9109841953653327e-15,0.0,0.0,0.0,0.0,0.0,0.0,0.0,0.0,4.286698886049926e-16,-2.434278148603362e-16,2.488729408582661e-16,4.0766356987157833e-16,2.488723101081069e-16,4.076638756010436e-16,-3.8715449003644584e-16,2.535016182593655e-16,1.1011330780222095e-9,0.0009156717347570203,0.028795730470082572
8,0.009696273622190719,10,9,78,8.89320493191908,0.1750018474257347,-0.08623094839810339,-0.0016968657970287964,1.30066470449254e-16,0.0,0.0,0.0,0.0,0.0,0.0,0.0,0.0,2.831837873866549e-17,1.799552163612714e-17,-1.6558990140103066e-17,2.7975006708401605e-17,-1.6559079610862678e-17,2.7974996603399173e-17,-2.759845345272697e-17,-1.5178463917669994e-17,1.1011330780222095e-9,0.0009156717347570203,0.028795730470082572
8,0.009696273622190719,10,11,79,8.893204931917186,0.17500184742506797,0.08623094839808502,0.0016968657970223315,1.3005932766312922e-16,-2.759772999685629e-17,-1.5176191990211116e-17,1.655677059421185e-17,-2.7974251702055854e-17,1.6556675722641646e-17,-2.7974339147166983e-17,2.8317688682479824e-17,1.7993170079243534e-17,0.0,0.0,0.0,0.0,0.0,0.0,0.0,0.0,1.1011330780222095e-9,0.0009156717347570203,0.028795730470082572
