iteration,scale,ground_charge,charge,matrix_rank,energy_real,energy_imag,pole_real,pole_imag,matrix_support_abs,add11_real,add11_imag,add12_real,add12_imag,add21_real,add21_imag,add22_real,add22_imag,rem11_real,rem11_imag,rem12_real,rem12_imag,rem21_real,rem21_imag,rem22_real,rem22_imag,max_residual,biorth_error,min_pair_overlap
0,0.7853981633974483,2,3,0,0.22012089069395058,0.000729999440350839,0.17288254327643926,0.000573340219732714,70.12630147879527,12.68529226366216,-12.354455193127563,12.356513690860695,12.436130357675758,12.356513690860696,12.436130357675763,-12.189439505680228,12.356084715416905,0.0,0.0,0.0,0.0,0.0,0.0,0.0,0.0,1.5733431686313702e-14,2.6711459159438425e-12,9.999999955666925e-5
0,0.7853981633974483,2,1,1,0.2201208906939513,0.0007299994403505356,-0.17288254327643982,-0.0005733402197324758,70.126301478786,0.0,0.0,0.0,0.0,0.0,0.0,0.0,0.0,-12.189439505685987,12.356084715407821,-12.356513690851614,-12.43613035768152,-12.356513690851612,-12.436130357681519,12.685292263667922,-12.354455193118481,1.5733431686313702e-14,2.6711459159438425e-12,9.999999955666925e-5
0,0.7853981633974483,2,3,2,0.2186657219525519,-0.0007250936354458368,0.17173965641951136,-0.0005694872095703391,69.66538410622168,-12.02811935815318,12.354453373058735,-12.356495490787195,-12.273180653507074,-12.356495490787191,-12.273180653507076,12.520713002470814,-12.356082725279599,0.0,0.0,0.0,0.0,0.0,0.0,0.0,0.0,1.5733431686313702e-14,2.6711459159438425e-12,9.999999955666925e-5
0,0.7853981633974483,2,1,3,0.21866572195255118,-0.0007250936354455025,-0.17173965641951078,0.0005694872095700766,69.66538410619219,0.0,0.0,0.0,0.0,0.0,0.0,0.0,0.0,12.52071300247589,-12.356082725264173,12.356495490771767,12.273180653512147,12.356495490771765,12.273180653512146,-12.02811935815825,12.354453373043308,1.5733431686313702e-14,2.6711459159438425e-12,9.999999955666925e-5
0,0.7853981633974483,2,1,4,0.6655728341772175,0.0005516776645966856,-0.522739681570021,-0.00043328662456163034,0.8217296754649648,0.0,0.0,0.0,0.0,0.0,0.0,0.0,0.0,-0.14318952081883152,0.14443524897112914,-0.14443317013767526,-0.14608021152320758,-0.14443317013767537,-0.1460802115232075,0.14899978593971752,-0.1444018723735453,1.5733431686313702e-14,2.6711459159438425e-12,9.999999955666925e-5
0,0.7853981633974483,2,3,5,0.6655728341772197,0.0005516776645953759,0.5227396815700227,0.0004332866245606017,0.821729675464109,0.14899978594007113,-0.14440187237288032,0.14443317013701157,0.14608021152356304,0.1444331701370116,0.14608021152356288,-0.14318952081918881,0.1444352489704667,0.0,0.0,0.0,0.0,0.0,0.0,0.0,0.0,1.5733431686313702e-14,2.6711459159438425e-12,9.999999955666925e-5
0,0.7853981633974483,2,1,6,0.6644814601663798,-0.0005396446878988769,-0.5218825184263294,0.0004238359467629671,0.8122640461506483,0.0,0.0,0.0,0.0,0.0,0.0,0.0,0.0,0.14561992454162875,-0.14443518572297553,0.14443268721577174,0.1427338164106197,0.14443268721577157,0.1427338164106195,-0.13987659196208782,0.14440163905691705,1.5733431686313702e-14,2.6711459159438425e-12,9.999999955666925e-5
0,0.7853981633974483,2,3,7,0.6644814601663772,-0.0005396446878975289,0.5218825184263274,-0.0004238359467619084,0.812264046149947,-0.13987659196243654,0.14440163905632308,-0.14443268721517868,-0.14273381641097005,-0.1444326872151788,-0.14273381641097005,0.1456199245419811,-0.14443518572238376,0.0,0.0,0.0,0.0,0.0,0.0,0.0,0.0,1.5733431686313702e-14,2.6711459159438425e-12,9.999999955666925e-5
1,0.4534498410585544,3,2,0,0.09308598079522556,0.0020315095442706133,-0.04220982319637468,-0.0009211876799584458,128.23481340520556,0.0,0.0,0.0,0.0,0.0,0.0,0.0,0.0,-22.214083801378134,22.669238970586886,-22.671535224675505,-22.665184068987863,-22.671535224717125,-22.665184068944914,23.120818190250297,-22.669297988606537,1.3327419141655194e-12,1.189805981422184e-9,0.01403168860808699
1,0.4534498410585544,3,4,1,0.09308598079524422,0.0020315095442694337,0.04220982319638314,0.000921187679957911,128.2348134051946,23.120818190248748,-22.669297988604274,22.671535224673253,22.665184068986267,22.67153522471474,22.6651840689434,-22.214083801376578,22.669238970584505,0.0,0.0,0.0,0.0,0.0,0.0,0.0,0.0,1.3327419141655194e-12,1.189805981422184e-9,0.01403168860808699
1,0.4534498410585544,3,4,2,1.263184978540174,-8.758413276167571e-5,0.5727910277465954,-3.971501108003318e-5,5.543527338404951,-0.9573422685788604,0.982873290023905,-0.9830314010347055,-0.9768427209308729,-0.9830314010385615,-0.9768427209292785,0.9965397600230418,-0.9829941238467943,0.0,0.0,0.0,0.0,0.0,0.0,0.0,0.0,1.3327419141655194e-12,1.189805981422184e-9,0.01403168860808699
1,0.4534498410585544,3,2,3,1.2631849785401672,-8.758413286257417e-5,-0.5727910277465923,3.971501112578557e-5,5.543527338068467,0.0,0.0,0.0,0.0,0.0,0.0,0.0,0.0,0.996539759941484,-0.9829941238092479,0.9830314009969171,0.976842720849949,0.98303140100126,0.9768427208470805,-0.9573422684973036,0.9828732899863454,1.3327419141655194e-12,1.189805981422184e-9,0.01403168860808699
1,0.4534498410585544,3,2,4,1.2837861642715236,0.0024283237953093974,-0.5821326321420935,-0.0011011230390217518,4.125169388334537,0.0,0.0,0.0,0.0,0.0,0.0,0.0,0.0,-0.5673598603538673,0.8488553864484676,-0.8516125350524999,-0.5816071037063338,-0.8516125350540333,-0.5816071037045221,0.5960246579301344,-0.854253345206238,1.3327419141655194e-12,1.189805981422184e-9,0.01403168860808699
1,0.4534498410585544,3,4,5,1.2837861642715,0.002428323795301752,0.5821326321420829,0.001101123039018285,4.125169388317654,0.5960246579321544,-0.8542533451998029,0.8516125350460857,0.5816071037083116,0.8516125350474515,0.5816071037066036,-0.567359860355909,0.8488553864419088,0.0,0.0,0.0,0.0,0.0,0.0,0.0,0.0,1.3327419141655194e-12,1.189805981422184e-9,0.01403168860808699
1,0.4534498410585544,3,4,6,1.2652962274550363,0.001636076286636894,0.5737483732314748,0.0007418785321351695,3.6734409279358538,0.786357345446929,-0.4919567310304094,0.49482305521771897,0.7736236133816555,0.4948230552205888,0.7736236133811567,-0.7609888304538376,0.49753464479059545,0.0,0.0,0.0,0.0,0.0,0.0,0.0,0.0,1.3327419141655194e-12,1.189805981422184e-9,0.01403168860808699
1,0.4534498410585544,3,2,7,1.265296227455103,0.0016360762867590026,-0.573748373231505,-0.0007418785321905396,3.6734409275500353,0.0,0.0,0.0,0.0,0.0,0.0,0.0,0.0,-0.7609888303727685,0.4975346447383163,-0.49482305516593267,-0.7736236133015014,-0.4948230551679508,-0.773623613299102,0.7863573453658002,-0.49195673097824977,1.3327419141655194e-12,1.189805981422184e-9,0.01403168860808699
1,0.4534498410585544,3,2,8,2.6110634325509605,0.002031649664432382,-1.1839862984840366,-0.0009212512174235289,0.002488310207428307,0.0,0.0,0.0,0.0,0.0,0.0,0.0,0.0,-0.00043255537024072555,0.0004384004535020429,-0.00043841499119608114,-0.0004413087685188784,-0.00043841499119698244,-0.0004413087685181862,0.0004501498409675176,-0.00043834125836989874,1.3327419141655194e-12,1.189805981422184e-9,0.01403168860808699
1,0.4534498410585544,3,4,9,2.6110634325509565,0.002031649664434584,1.1839862984840348,0.0009212512174245276,0.002488310207358066,0.0004501498409645369,-0.0004383412583478314,0.00043841499117391576,0.00044130876851589985,0.0004384149911753128,0.00044130876851520553,-0.00043255537023774833,0.00043840045348027176,0.0,0.0,0.0,0.0,0.0,0.0,0.0,0.0,1.3327419141655194e-12,1.189805981422184e-9,0.01403168860808699
1,0.4534498410585544,3,2,10,2.6282001696336037,0.0018281221834007294,-1.1917569491904234,-0.0008289617134986782,0.0015620675151570948,0.0,0.0,0.0,0.0,0.0,0.0,0.0,0.0,0.00027902197521558077,-0.0002787885142447967,0.00027876336222611994,0.0002734717465953279,0.0002787633622283138,0.00027347174659303556,-0.000267977265175294,0.0002786835102855399,1.3327419141655194e-12,1.189805981422184e-9,0.01403168860808699
1,0.4534498410585544,3,4,11,2.6282001696335326,0.001828122183414771,1.191756949190391,0.0008289617135050453,0.0015620675149131203,-0.00026797726520320415,0.00027868351017185203,-0.00027876336211375463,-0.0002734717466228238,-0.0002787633621146324,-0.0002734717466217397,0.000279021975243911,-0.00027878851413245273,0.0,0.0,0.0,0.0,0.0,0.0,0.0,0.0,1.3327419141655194e-12,1.189805981422184e-9,0.01403168860808699
1,0.4534498410585544,3,2,12,2.6284042309101983,0.0020325019557081367,-1.1918494807438613,-0.0009216376887670555,0.0007803537935503998,0.0,0.0,0.0,0.0,0.0,0.0,0.0,0.0,-0.0001337399212046562,0.00013934731260423463,-0.00013938980631214454,-0.00013648473112159523,-0.00013938980631435463,-0.00013648473112053456,0.00013925741626866263,-0.00013940500028846966,1.3327419141655194e-12,1.189805981422184e-9,0.01403168860808699
1,0.4534498410585544,3,4,13,2.6284042309102427,0.002032501955696551,1.1918494807438815,0.000921637688761802,0.000780353793130508,0.00013925741625421637,-0.00013940500015554048,0.00013938980617994706,0.00013648473110722435,0.00013938980618083535,0.0001364847311061755,-0.00013373992119039587,0.00013934731247144464,0.0,0.0,0.0,0.0,0.0,0.0,0.0,0.0,1.3327419141655194e-12,1.189805981422184e-9,0.01403168860808699
1,0.4534498410585544,3,2,14,3.7991142078573117,-5.407433885526187e-5,-1.7227077337161938,2.4520000359264907e-5,4.4199207127923186e-5,0.0,0.0,0.0,0.0,0.0,0.0,0.0,0.0,7.938510252860239e-6,-7.84464076148643e-6,7.844797364265674e-6,7.781463198838081e-6,7.84479736432908e-6,7.781463198853536e-6,-7.625984948661009e-6,7.843397517586267e-6,1.3327419141655194e-12,1.189805981422184e-9,0.01403168860808699
1,0.4534498410585544,3,4,15,3.7991142078573543,-5.407433895924163e-5,1.722707733716213,-2.452000040641451e-5,4.419920712770969e-5,-7.6259849479784264e-6,7.843397518174474e-6,-7.844797364903906e-6,-7.781463198126833e-6,-7.844797364927383e-6,-7.781463198166587e-6,7.938510252144782e-6,-7.844640762135557e-6,0.0,0.0,0.0,0.0,0.0,0.0,0.0,0.0,1.3327419141655194e-12,1.189805981422184e-9,0.01403168860808699
1,0.4534498410585544,3,4,16,3.8011925467111896,0.0016393379271141828,1.7236501561391506,0.0007433575224911862,2.7909799440362982e-5,5.828814615994782e-6,-3.961148889334216e-6,3.979249968137906e-6,5.7313124391345304e-6,3.979249968061057e-6,5.73131243913798e-6,-5.63460599762969e-6,3.996204704801732e-6,0.0,0.0,0.0,0.0,0.0,0.0,0.0,0.0,1.3327419141655194e-12,1.189805981422184e-9,0.01403168860808699
1,0.4534498410585544,3,2,17,3.801192546711146,0.0016393379270763086,-1.7236501561391309,-0.0007433575224740121,2.7909799436423137e-5,0.0,0.0,0.0,0.0,0.0,0.0,0.0,0.0,-5.634605997193318e-6,3.996204703772702e-6,-3.979249967080864e-6,-5.731312438632275e-6,-3.979249966990874e-6,-5.731312438719345e-6,5.8288146155092914e-6,-3.961148888235726e-6,1.3327419141655194e-12,1.189805981422184e-9,0.01403168860808699
1,0.4534498410585544,3,2,18,3.819289286874218,0.0024263765840510892,-1.7318561200897538,-0.0011002400763861645,2.0867550000225934e-5,0.0,0.0,0.0,0.0,0.0,0.0,0.0,0.0,-2.6839806491159614e-6,4.412702161522678e-6,-4.429715611812841e-6,-2.7553900166533056e-6,-4.429715611854253e-6,-2.755390016645099e-6,2.827685272188875e-6,-4.446177895552055e-6,1.3327419141655194e-12,1.189805981422184e-9,0.01403168860808699
1,0.4534498410585544,3,4,19,3.81928928687422,0.0024263765840182084,1.7318561200897546,0.0011002400763712547,2.0867549997849935e-5,2.827685272260731e-6,-4.446177894796237e-6,4.429715611098735e-6,2.7553900167315134e-6,4.4297156110680524e-6,2.7553900167296745e-6,-2.6839806492067354e-6,4.412702160778282e-6,0.0,0.0,0.0,0.0,0.0,0.0,0.0,0.0,1.3327419141655194e-12,1.189805981422184e-9,0.01403168860808699
1,0.4534498410585544,3,2,20,5.164663429108387,0.002032849870903755,-2.341915811050127,-0.0009217954508572106,9.699148235204408e-15,0.0,0.0,0.0,0.0,0.0,0.0,0.0,0.0,-1.7237947570590249e-15,-1.6707541845880827e-15,1.7048721781199043e-15,-1.7241551625792954e-15,1.7048716533546343e-15,-1.7241546254300625e-15,1.7241740126960389e-15,1.7393344279479977e-15,1.3327419141655194e-12,1.189805981422184e-9,0.01403168860808699
1,0.4534498410585544,3,4,21,5.1646634291084075,0.002032849870922528,2.341915811050136,0.0009217954508657231,9.699140958451945e-15,1.724176633103256e-15,1.7393295794737894e-15,-1.7048669918330447e-15,1.724157596674472e-15,-1.704866854645398e-15,1.7241569446800737e-15,-1.7237968910541965e-15,-1.6707490552634758e-15,0.0,0.0,0.0,0.0,0.0,0.0,0.0,0.0,1.3327419141655194e-12,1.189805981422184e-9,0.01403168860808699
1,0.4534498410585544,3,4,22,1.2674244979409208,0.0041517217901029125,0.5747134371450286,0.0018825975858415027,1.6231876678056905e-19,3.353171635162545e-20,-2.5052465322955578e-20,2.510940558781683e-20,3.176155836292157e-20,2.531338354345508e-20,3.180865555695969e-20,-3.0088581839811746e-20,2.531620452412023e-20,0.0,0.0,0.0,0.0,0.0,0.0,0.0,0.0,1.3327419141655194e-12,1.189805981422184e-9,0.01403168860808699
1,0.4534498410585544,3,2,23,1.2674244979409393,0.004151721790163052,-0.574713437145037,-0.001882597585868773,1.3136242396016786e-19,0.0,0.0,0.0,0.0,0.0,0.0,0.0,0.0,-2.222601126873176e-20,2.2682903901000957e-20,-2.2657031114044658e-20,-2.3770537631698354e-20,-2.272804814899153e-20,-2.3682768909270514e-20,2.5277628124647673e-20,-2.2652249212903102e-20,1.3327419141655194e-12,1.189805981422184e-9,0.01403168860808699
1,0.4534498410585544,3,4,24,2.628608292144799,0.0022362285011168835,1.1919420122782571,0.00101401745840206,1.6307878546180105e-23,-9.7867040160761e-25,-3.888012681417577e-24,3.6604307453615104e-24,-1.0996131185586039e-24,4.227876198857023e-24,-9.784733814704127e-25,1.1140767022685855e-24,3.984097023941869e-24,0.0,0.0,0.0,0.0,0.0,0.0,0.0,0.0,1.3327419141655194e-12,1.189805981422184e-9,0.01403168860808699
1,0.4534498410585544,3,2,25,2.6286082921448535,0.002236228501035249,-1.191942012278282,-0.001014017458365043,8.249014093617216e-24,0.0,0.0,0.0,0.0,0.0,0.0,0.0,0.0,1.8863067357271382e-24,1.0883597997649349e-24,-1.165575874143248e-24,1.799986339613489e-24,-1.5706412389219629e-24,1.2032496542382453e-24,-1.1039116339087334e-24,-1.6053372655948506e-24,1.3327419141655194e-12,1.189805981422184e-9,0.01403168860808699
1,0.4534498410585544,3,2,26,3.8032880488063023,0.004119555218391493,-1.7246003612311174,-0.0018680116590115608,2.0573244868236457e-24,0.0,0.0,0.0,0.0,0.0,0.0,0.0,0.0,-3.9433285086607867e-25,3.143487613468268e-25,-2.723355925824493e-25,-4.2059276000161165e-25,-3.0357213644057514e-25,-4.31605259105639e-25,4.563953906020383e-25,-2.5804188208445383e-25,1.3327419141655194e-12,1.189805981422184e-9,0.01403168860808699
1,0.4534498410585544,3,4,27,3.8032880488063734,0.004119555218486988,1.7246003612311496,0.001868011659054863,1.007550422415988e-24,1.8924912938048647e-25,-1.8603451825382642e-25,2.0161317588084566e-25,1.3523212406899937e-25,1.9970880972271484e-25,1.6775138278773363e-25,-1.1344657514200994e-25,2.098976980886353e-25,0.0,0.0,0.0,0.0,0.0,0.0,0.0,0.0,1.3327419141655194e-12,1.189805981422184e-9,0.01403168860808699
1,0.4534498410585544,3,2,28,2.6384805518767718,0.00203232820355663,-1.1964185868846091,-0.0009215589008815712,6.478678762692966e-25,0.0,0.0,0.0,0.0,0.0,0.0,0.0,0.0,5.591826413301374e-26,1.5323901072772055e-25,-1.52171950336212e-25,5.680399035882849e-26,-1.5184024952969825e-25,5.502229234445574e-26,-5.590158530081156e-26,-1.5078576042217488e-25,1.3327419141655194e-12,1.189805981422184e-9,0.01403168860808699
1,0.4534498410585544,3,4,29,2.638480551876772,0.002032328203557728,1.1964185868846093,0.0009215589008820691,6.039623793808548e-25,-6.159445353145705e-26,-1.3662329076142926e-25,1.3779356171369075e-25,-6.243337615550547e-26,1.3797931584299983e-25,-6.059717371968324e-26,6.14292705320518e-26,1.39164248462453e-25,0.0,0.0,0.0,0.0,0.0,0.0,0.0,0.0,1.3327419141655194e-12,1.189805981422184e-9,0.01403168860808699
2,0.2617993877991494,4,3,0,0.27497916068230244,0.0023433909128180164,-0.07198937592415071,-0.0006134983063498466,63.55465041652951,0.0,0.0,0.0,0.0,0.0,0.0,0.0,0.0,-11.102033511198613,11.143762800020271,-11.14305309392321,-11.325605770717791,-11.14305309374372,-11.325605767389241,11.551406410989765,-11.140078043659573,2.2320206177693965e-12,3.3254379321644373e-10,0.014103147851162765
2,0.2617993877991494,4,5,1,0.2749791606823184,0.0023433909128965256,0.0719893759241549,0.0006134983063704003,63.55465039579352,11.551406409228369,-11.140078038058244,11.143053088166283,11.325605769063412,11.143053088298206,11.325605765519875,-11.102033509437382,11.143762794418807,0.0,0.0,0.0,0.0,0.0,0.0,0.0,0.0,2.2320206177693965e-12,3.3254379321644373e-10,0.014103147851162765
2,0.2617993877991494,4,3,2,0.2703337420966134,-0.0023017167041907323,-0.07077320818234654,0.0006025880240442096,62.512271559464395,0.0,0.0,0.0,0.0,0.0,0.0,0.0,0.0,11.179218787198957,-11.14373425809715,11.14298781227196,10.957103548504236,11.142987812195091,10.957103545087252,-10.737216684787674,11.14004972282813,2.2320206177693965e-12,3.3254379321644373e-10,0.014103147851162765
2,0.2617993877991494,4,5,3,0.27033374209661076,-0.002301716704310506,0.07077320818234584,-0.0006025880240755662,62.51227153806262,-10.737216682948677,11.140049717132767,-11.142987806418036,-10.957103546768968,-11.142987806658418,-10.957103543143353,11.179218785359922,-11.143734252401543,0.0,0.0,0.0,0.0,0.0,0.0,0.0,0.0,2.2320206177693965e-12,3.3254379321644373e-10,0.014103147851162765
2,0.2617993877991494,4,3,4,2.401765273709506,0.0001736791154147454,-0.6287806782944052,-4.546908608907816e-5,4.524725001679423,0.0,0.0,0.0,0.0,0.0,0.0,0.0,0.0,-0.7873658058422384,0.7963838565413416,-0.7963941045928917,-0.8032829459225685,-0.7963941050607738,-0.8032829316567459,0.8193593344767454,-0.7962436806177388,2.2320206177693965e-12,3.3254379321644373e-10,0.014103147851162765
2,0.2617993877991494,4,5,5,2.401765273709854,0.00017367911488416505,0.6287806782944964,4.5469085950172545e-5,4.524724973917206,0.819359336994077,-0.7962436682211399,0.7963940917988996,0.803282948616276,0.7963940930611173,0.8032829339952257,-0.7873658083595727,0.7963838441447944,0.0,0.0,0.0,0.0,0.0,0.0,0.0,0.0,2.2320206177693965e-12,3.3254379321644373e-10,0.014103147851162765
2,0.2617993877991494,4,3,6,2.401419338786522,-0.00017222644695817808,-0.6286901127433496,4.50887783764737e-5,4.485316440993577,0.0,0.0,0.0,0.0,0.0,0.0,0.0,0.0,0.8052880540399256,-0.7963828613174033,0.7963925773361153,0.7893509899080419,0.7963925778518366,0.7893509755980528,-0.7735731741789676,0.796244407767226,2.2320206177693965e-12,3.3254379321644373e-10,0.014103147851162765
2,0.2617993877991494,4,5,7,2.401419338786356,-0.00017222644656218235,0.6286901127433062,-4.5088778272802256e-5,4.485316412327087,-0.7735731768174021,0.7962443950621626,-0.7963925642335314,-0.7893509927229677,-0.7963925655438168,-0.7893509780574829,0.8052880566783891,-0.796382848612391,0.0,0.0,0.0,0.0,0.0,0.0,0.0,0.0,2.2320206177693965e-12,3.3254379321644373e-10,0.014103147851162765
2,0.2617993877991494,4,3,8,0.855865274120921,0.0013277134990262807,-0.2240650048034083,-0.00034759458121774684,3.1580622877911924,0.0,0.0,0.0,0.0,0.0,0.0,0.0,0.0,-0.5553472152190766,0.550046739090022,-0.5499373650801306,-0.5664561502942279,-0.5499373650811143,-0.5664561492255608,0.5776750604425265,-0.549714688845372,2.2320206177693965e-12,3.3254379321644373e-10,0.014103147851162765
2,0.2617993877991494,4,5,9,0.8558652741206554,0.001327713499449378,0.22406500480333877,0.00034759458132851344,3.1580622853881426,0.5776750602273589,-0.5497146882044418,0.5499373644080625,0.5664561500911759,0.5499373644715031,0.566456148998212,-0.5553472150039694,0.5500467384492289,0.0,0.0,0.0,0.0,0.0,0.0,0.0,0.0,2.2320206177693965e-12,3.3254379321644373e-10,0.014103147851162765
2,0.2617993877991494,4,3,10,0.8532921844846968,-0.001245322648159884,-0.22339137151189248,0.00032602470690067315,3.063843748339874,0.0,0.0,0.0,0.0,0.0,0.0,0.0,0.0,0.544035146125592,-0.550039582748297,0.5499259499055736,0.5331493935284298,0.5499259499056968,0.5331493924654015,-0.5223736143931541,0.549705676188638,2.2320206177693965e-12,3.3254379321644373e-10,0.014103147851162765
2,0.2617993877991494,4,5,11,0.8532921844848772,-0.001245322648593999,0.22339137151193972,-0.0003260247070143242,3.063843746002364,-0.5223736141880417,0.5497056755734916,-0.54992594926053,-0.5331493933352829,-0.5499259493205914,-0.5331493922482478,0.5440351459205283,-0.5500395821332537,0.0,0.0,0.0,0.0,0.0,0.0,0.0,0.0,2.2320206177693965e-12,3.3254379321644373e-10,0.014103147851162765
2,0.2617993877991494,4,5,12,2.895490077310024,0.0026408881472161786,0.7580375296182761,0.0006913829001872255,0.0409370490059379,0.007344469792145503,-0.007273881145049312,0.007273863476060361,0.007199013650591276,0.007273863475278178,0.0071990136521261055,-0.007055012139271552,0.007272405858092661,0.0,0.0,0.0,0.0,0.0,0.0,0.0,0.0,2.2320206177693965e-12,3.3254379321644373e-10,0.014103147851162765
2,0.2617993877991494,4,3,13,2.8954900773101437,0.002640888147112856,-0.7580375296183074,-0.0006913829001601757,0.04093704900459216,0.0,0.0,0.0,0.0,0.0,0.0,0.0,0.0,-0.007055012138855422,0.007272405858025093,-0.007273863475995323,-0.007199013650204315,-0.007273863475217565,-0.007199013651683434,0.007344469791732134,-0.007273881144991215,2.2320206177693965e-12,3.3254379321644373e-10,0.014103147851162765
2,0.2617993877991494,4,5,14,2.890789988129748,-0.001979658044793173,0.7568070491482785,-0.0005182732641785138,0.040328327974982675,-0.0067773477756837945,0.007327909902494823,-0.0073327271358325195,-0.006919133488156043,-0.007332727137814019,-0.006919133486924116,0.007062385606427401,-0.007336160397816218,0.0,0.0,0.0,0.0,0.0,0.0,0.0,0.0,2.2320206177693965e-12,3.3254379321644373e-10,0.014103147851162765
2,0.2617993877991494,4,3,15,2.8907899881296357,-0.001979658044891552,-0.756807049148249,0.0005182732642042693,0.040328327973756004,0.0,0.0,0.0,0.0,0.0,0.0,0.0,0.0,0.007062385606375638,-0.007336160397441148,0.007332727135452341,0.00691913348812435,0.007332727137450532,0.006919133486850211,-0.0067773477756299895,0.007327909902126132,2.2320206177693965e-12,3.3254379321644373e-10,0.014103147851162765
2,0.2617993877991494,4,5,16,3.0378497480436577,0.00011980733138129912,0.7953072042636299,3.136548600947393e-5,0.02387942851014731,0.004327915236688722,-0.004198387213155598,0.00419925605553861,0.004243072176392067,0.004199256051055345,0.004243072051256899,-0.004159068757158495,0.004199276195233881,0.0,0.0,0.0,0.0,0.0,0.0,0.0,0.0,2.2320206177693965e-12,3.3254379321644373e-10,0.014103147851162765
2,0.2617993877991494,4,3,17,3.0378497480439113,0.0001198073311351809,-0.7953072042636963,-3.136548594504033e-5,0.023879428384121156,0.0,0.0,0.0,0.0,0.0,0.0,0.0,0.0,-0.004159068679826808,0.0041992762285717605,-0.004199256105394713,-0.004243072103785536,-0.0041992560678946874,-0.004243071969210421,0.004327915159360811,-0.004198387246497702,2.2320206177693965e-12,3.3254379321644373e-10,0.014103147851162765
2,0.2617993877991494,4,5,18,3.0376724282118754,-5.750621571540184e-5,0.7952607820402247,-1.5055092068938027e-5,0.023622258400827774,-0.0040690609863250375,0.004198353299108792,-0.004199233076542614,-0.004152155074896331,-0.0041992330733707384,-0.004152154948510149,0.004236088800502586,-0.0041992823360229616,0.0,0.0,0.0,0.0,0.0,0.0,0.0,0.0,2.2320206177693965e-12,3.3254379321644373e-10,0.014103147851162765
2,0.2617993877991494,4,3,19,3.037672428211657,-5.7506215512715016e-5,-0.7952607820401674,1.505509201587474e-5,0.02362225827068837,0.0,0.0,0.0,0.0,0.0,0.0,0.0,0.0,0.0042360887222377295,-0.004199282367649373,0.0041992331246490265,0.004152155001300984,0.004199233088533714,0.004152154865581905,-0.0040690609080599694,0.004198353330736105,2.2320206177693965e-12,3.3254379321644373e-10,0.014103147851162765
2,0.2617993877991494,4,5,20,2.8746882458568566,-0.0015127962110071933,0.7525916228787357,-0.0003960491219065561,0.0007773531460060061,-0.00012728018210441514,-0.00014428257309209063,0.0001470109143151624,-0.0001270955249842155,0.00014701091461263635,-0.00012709552499800243,0.00012688146315292318,0.00014976467200049945,0.0,0.0,0.0,0.0,0.0,0.0,0.0,0.0,2.2320206177693965e-12,3.3254379321644373e-10,0.014103147851162765
2,0.2617993877991494,4,3,21,2.874688245856995,-0.0015127962107478882,-0.752591622878772,0.0003960491218386701,0.0007773531459012779,0.0,0.0,0.0,0.0,0.0,0.0,0.0,0.0,0.00012688146299930816,0.00014976467209619612,-0.0001470109144087177,0.0001270955248339851,-0.00014701091471182036,0.00012709552484522504,-0.00012728018195501273,-0.00014428257318910818,2.2320206177693965e-12,3.3254379321644373e-10,0.014103147851162765
2,0.2617993877991494,4,3,22,2.877127328402996,0.0010054820552655866,-0.7532301731961066,-0.0002632345865115611,0.0006011288166585233,0.0,0.0,0.0,0.0,0.0,0.0,0.0,0.0,-0.00012141846098870612,-8.598838340634398e-5,8.807461926119409e-5,-0.00012176400614947054,8.80746195595085e-5,-0.00012176400615533402,0.00012209193395674593,9.018520645413922e-5,2.2320206177693965e-12,3.3254379321644373e-10,0.014103147851162765
2,0.2617993877991494,4,5,23,2.8771273284028247,0.0010054820551254262,0.7532301731960618,0.00026323458647486715,0.0006011288164662721,0.00012209193391828188,9.018520642486771e-5,-8.807461923129753e-5,0.00012176400611447382,-8.807461953274433e-5,0.00012176400611267893,-0.00012141846094953853,-8.598838337895077e-5,0.0,0.0,0.0,0.0,0.0,0.0,0.0,0.0,2.2320206177693965e-12,3.3254379321644373e-10,0.014103147851162765
2,0.2617993877991494,4,5,24,5.07064942315881,0.0022551918181737867,1.3274929147270864,0.0005904078373675481,0.0005813645199224143,0.00010593913684411066,-0.0001016197912270177,0.00010165254544722037,0.00010387371168513635,0.00010165254540344621,0.00010387371178100779,-0.00010182861505346796,0.00010166452284831069,0.0,0.0,0.0,0.0,0.0,0.0,0.0,0.0,2.2320206177693965e-12,3.3254379321644373e-10,0.014103147851162765
2,0.2617993877991494,4,3,25,5.0706494231588,0.0022551918181108717,-1.327492914727084,-0.000590407837351077,0.0005813645197539029,0.0,0.0,0.0,0.0,0.0,0.0,0.0,0.0,-0.0001018286150341908,0.00010166452280767998,-0.00010165254540689628,-0.00010387371166666089,-0.00010165254536274504,-0.00010387371176088141,0.00010593913682479607,-0.000101619791186622,2.2320206177693965e-12,3.3254379321644373e-10,0.014103147851162765
2,0.2617993877991494,4,3,26,5.089756210723453,-0.00015825570134317575,-1.3324950600143186,4.1431245727368436e-5,0.0005720413381378286,0.0,0.0,0.0,0.0,0.0,0.0,0.0,0.0,-9.724988999124783e-5,0.00010290021038161117,-0.00010294683746032757,-9.926168439951118e-5,-0.00010294683747978425,-9.92616840571485e-5,0.00010129406584700613,-0.00010297361016399403,2.2320206177693965e-12,3.3254379321644373e-10,0.014103147851162765
2,0.2617993877991494,4,5,27,5.089756210723499,-0.0001582557015180671,1.3324950600143304,-4.143124577315489e-5,0.0005720413341127984,0.00010129406537916978,-0.00010297360921714223,0.00010294683651830405,9.926168393604831e-5,0.00010294683652813024,9.926168358503569e-5,-9.724988952369567e-5,0.0001029002094346954,0.0,0.0,0.0,0.0,0.0,0.0,0.0,0.0,2.2320206177693965e-12,3.3254379321644373e-10,0.014103147851162765
2,0.2617993877991494,4,5,28,5.066181252194185,-0.0022126759215682617,1.3263231503039659,-0.0005792772016644897,0.0005687047215891614,-9.740326584887009e-5,0.00010161412636487582,-0.00010164634434750028,-9.940360334247655e-5,-0.00010164634438373348,-9.940360336648733e-5,0.00010142426814074531,-0.00010165867961296746,0.0,0.0,0.0,0.0,0.0,0.0,0.0,0.0,2.2320206177693965e-12,3.3254379321644373e-10,0.014103147851162765
2,0.2617993877991494,4,3,29,5.0661812521941885,-0.0022126759214526354,-1.3263231503039667,0.0005792772016342188,0.0005687047214435895,0.0,0.0,0.0,0.0,0.0,0.0,0.0,0.0,0.00010142426813250104,-0.00010165867957012381,0.0001016463443049243,9.940360333383828e-5,0.00010164634434063795,9.940360335862151e-5,-9.740326584061878e-5,0.00010161412632204608,2.2320206177693965e-12,3.3254379321644373e-10,0.014103147851162765
2,0.2617993877991494,4,3,30,5.0909660621061565,0.0009535392009384748,-1.3328117983656382,-0.0002496359790481828,0.0005678251854465301,0.0,0.0,0.0,0.0,0.0,0.0,0.0,0.0,0.0001007130571248987,-0.00010205152800934143,0.00010202822302562795,9.869561463732742e-5,0.00010202822304266926,9.869561429724869e-5,-9.669857547969425e-5,0.00010198517689671927,2.2320206177693965e-12,3.3254379321644373e-10,0.014103147851162765
2,0.2617993877991494,4,5,31,5.0909660621061885,0.0009535392010903343,1.3328117983656467,0.0002496359790879395,0.0005678251816361806,-9.669857505820548e-5,0.00010198517597893693,-0.00010202822211683196,-9.869561421984669e-5,-0.00010202822211617226,-9.869561387168505e-5,0.0001007130567035297,-0.00010205152709174715,0.0,0.0,0.0,0.0,0.0,0.0,0.0,0.0,2.2320206177693965e-12,3.3254379321644373e-10,0.014103147851162765
2,0.2617993877991494,4,5,32,7.205322317583462,0.00017215607147696944,1.8863489716388988,4.507035411857721e-5,1.300234188039557e-5,2.3546313824715695e-6,-2.287995318301583e-6,2.2884296757300007e-6,2.3084339418330467e-6,2.288429674737211e-6,2.3084339419508106e-6,-2.2626941410645767e-6,2.2884022996091386e-6,0.0,0.0,0.0,0.0,0.0,0.0,0.0,0.0,2.2320206177693965e-12,3.3254379321644373e-10,0.014103147851162765
2,0.2617993877991494,4,3,33,7.205322317583238,0.0001721560718106678,-1.88634897163884,-4.507035420593923e-5,1.3002341763186351e-5,0.0,0.0,0.0,0.0,0.0,0.0,0.0,0.0,-2.2626941393115895e-6,2.2884022597715765e-6,-2.2884296350521086e-6,-2.308433939488972e-6,-2.288429635716471e-6,-2.308433940776033e-6,2.354631380713382e-6,-2.2879952784399718e-6,2.2320206177693965e-12,3.3254379321644373e-10,0.014103147851162765
2,0.2617993877991494,4,5,34,7.2049821839810395,-0.00016794829876079368,1.8862599248700147,-4.3968761797484425e-5,1.2888231465417365e-5,-2.222755848682602e-6,2.287999669201274e-6,-2.288426427118522e-6,-2.268092229039657e-6,-2.28842642393537e-6,-2.2680922313390463e-6,2.3138862516075176e-6,-2.288399517636034e-6,0.0,0.0,0.0,0.0,0.0,0.0,0.0,0.0,2.2320206177693965e-12,3.3254379321644373e-10,0.014103147851162765
2,0.2617993877991494,4,3,35,7.204982183981272,-0.00016794829900292768,-1.8862599248700755,4.396876186087496e-5,1.2888231354786056e-5,0.0,0.0,0.0,0.0,0.0,0.0,0.0,0.0,2.3138862521431186e-6,-2.288399478179387e-6,2.2884263868518316e-6,2.268092228840613e-6,2.288426385297336e-6,2.2680922325645167e-6,-2.2227558491816013e-6,2.2879996297528507e-6,2.2320206177693965e-12,3.3254379321644373e-10,0.014103147851162765
2,0.2617993877991494,4,5,36,5.069156987004185,0.0004792181040525513,1.3271021958554763,0.00012545900626322702,1.0563626263321575e-5,1.5465287567768252e-6,2.173284751553837e-6,-2.1362417242637814e-6,1.5525817620272381e-6,-2.1362417127408193e-6,1.5525817630989423e-6,-1.5582074889701816e-6,-2.0995091590649817e-6,0.0,0.0,0.0,0.0,0.0,0.0,0.0,0.0,2.2320206177693965e-12,3.3254379321644373e-10,0.014103147851162765
2,0.2617993877991494,4,3,37,5.069156987004247,0.0004792181040009988,-1.3271021958554925,-0.0001254590062497306,1.0563626204087279e-5,0.0,0.0,0.0,0.0,0.0,0.0,0.0,0.0,-1.5582074755767285e-6,-2.0995091504593366e-6,2.136241715988056e-6,-1.5525817486915495e-6,2.136241703790966e-6,-1.5525817497562561e-6,1.5465287434913673e-6,2.1732847429375443e-6,2.2320206177693965e-12,3.3254379321644373e-10,0.014103147851162765
2,0.2617993877991494,4,5,38,5.067392489579771,-0.0011872037039628663,1.3266402515099918,-0.000310809202890361,9.537664122377467e-6,-2.044706210812413e-6,-1.1797300972174e-6,1.212179572187368e-6,-2.0532355608010873e-6,1.212179562237887e-6,-2.0532355586832186e-6,2.061522431697083e-6,1.2450396600567387e-6,0.0,0.0,0.0,0.0,0.0,0.0,0.0,0.0,2.2320206177693965e-12,3.3254379321644373e-10,0.014103147851162765
2,0.2617993877991494,4,3,39,5.067392489579682,-0.0011872037039036575,-1.3266402515099682,0.0003108092028748602,9.537664109578931e-6,0.0,0.0,0.0,0.0,0.0,0.0,0.0,0.0,2.0615224281047637e-6,1.2450396599347524e-6,-1.212179572066749e-6,2.0532355572800623e-6,-1.2121795621028262e-6,2.0532355549230305e-6,-2.044706207124352e-6,-1.1797300970854914e-6,2.2320206177693965e-12,3.3254379321644373e-10,0.014103147851162765
2,0.2617993877991494,4,5,40,5.645172734264389,0.0013801576929746663,1.4779027658508674,0.00036132443908705404,6.865515832023396e-6,1.2635937777307368e-6,-1.1868643580960685e-6,1.1875071225541767e-6,1.2392079233001798e-6,1.187507116127938e-6,1.239207931826002e-6,-1.215059554030289e-6,1.1879020152371306e-6,0.0,0.0,0.0,0.0,0.0,0.0,0.0,0.0,2.2320206177693965e-12,3.3254379321644373e-10,0.014103147851162765
2,0.2617993877991494,4,3,41,5.645172734264475,0.0013801576927230342,-1.4779027658508899,-0.00036132443902117694,6.865515818048309e-6,0.0,0.0,0.0,0.0,0.0,0.0,0.0,0.0,-1.2150595524867365e-6,1.1879020117849862e-6,-1.1875071189501404e-6,-1.2392079217256783e-6,-1.1875071128525004e-6,-1.239207930314459e-6,1.2635937761892004e-6,-1.1868643546686574e-6,2.2320206177693965e-12,3.3254379321644373e-10,0.014103147851162765
2,0.2617993877991494,4,3,42,5.642495727928724,-0.001296780467775537,-1.4772019272310557,0.0003394963325735302,6.5698330079996125e-6,0.0,0.0,0.0,0.0,0.0,0.0,0.0,0.0,1.1581664625722217e-6,-1.1877189060822082e-6,1.1873093093611336e-6,1.1348263489215443e-6,1.187309314974597e-6,1.1348263456706414e-6,-1.1117236711889913e-6,1.1866727292495758e-6,2.2320206177693965e-12,3.3254379321644373e-10,0.014103147851162765
2,0.2617993877991494,4,5,43,5.642495727928649,-0.001296780468029148,1.4772019272310362,-0.0003394963326399254,6.569833000164393e-6,-1.1117236697720092e-6,1.1866727278850762e-6,-1.187309307864221e-6,-1.1348263474535545e-6,-1.1873093137717328e-6,-1.1348263442931416e-6,1.1581664611441665e-6,-1.1877189047470507e-6,0.0,0.0,0.0,0.0,0.0,0.0,0.0,0.0,2.2320206177693965e-12,3.3254379321644373e-10,0.014103147851162765
2,0.2617993877991494,4,3,44,5.666073552227501,0.0005128368113163639,-1.4833745871981117,-0.00013426036324349199,6.532072100877705e-6,0.0,0.0,0.0,0.0,0.0,0.0,0.0,0.0,1.1682541275552096e-6,-1.1643297476614354e-6,1.164253900586113e-6,1.1450447194828636e-6,1.1642539063731027e-6,1.145044708057434e-6,-1.1220681278585303e-6,1.1639490270908107e-6,2.2320206177693965e-12,3.3254379321644373e-10,0.014103147851162765
2,0.2617993877991494,4,5,45,5.666073552227632,0.0005128368112568091,1.483374587198146,0.00013426036322790056,6.532072073838536e-6,-1.122068141452913e-6,1.1639490042086042e-6,-1.1642538772821629e-6,-1.1450447328753722e-6,-1.1642538839366104e-6,-1.1450447218876e-6,1.1682541411887328e-6,-1.164329724805796e-6,0.0,0.0,0.0,0.0,0.0,0.0,0.0,0.0,2.2320206177693965e-12,3.3254379321644373e-10,0.014103147851162765
2,0.2617993877991494,4,3,46,5.665483438748453,-2.5007042106910907e-5,-1.4832200958505648,6.546828314256827e-6,6.495145409525945e-6,0.0,0.0,0.0,0.0,0.0,0.0,0.0,0.0,-1.0995334197277042e-6,1.1727623451478512e-6,-1.1733829678630326e-6,-1.1223736967870987e-6,-1.173382962285059e-6,-1.122373697626657e-6,1.145448628825278e-6,-1.1737790867980554e-6,2.2320206177693965e-12,3.3254379321644373e-10,0.014103147851162765
2,0.2617993877991494,4,5,47,5.665483438748536,-2.5007042078353022e-5,1.4832200958505866,-6.54682830678039e-6,6.495145336961128e-6,1.1454486339936723e-6,-1.1737790567400566e-6,1.1733829368184604e-6,1.1223737017787632e-6,1.1733829332248418e-6,1.1223737029766535e-6,-1.0995334249067527e-6,1.172762315102079e-6,0.0,0.0,0.0,0.0,0.0,0.0,0.0,0.0,2.2320206177693965e-12,3.3254379321644373e-10,0.014103147851162765
2,0.2617993877991494,4,3,48,3.528941441176859,-5.015591324740139e-5,-0.9238747088791498,1.3130787382676932e-5,2.401558893306273e-7,0.0,0.0,0.0,0.0,0.0,0.0,0.0,0.0,5.628248429799643e-8,-2.2574157201730155e-8,2.290567316594551e-8,5.549619843742216e-8,2.2905669574195347e-8,5.549620137811629e-8,-5.471449553951738e-8,2.3226085833497956e-8,2.2320206177693965e-12,3.3254379321644373e-10,0.014103147851162765
2,0.2617993877991494,4,5,49,3.5289414411768147,-5.015591342158454e-5,0.9238747088791381,-1.3130787428277974e-5,2.4015588839161077e-7,-5.4714495190083794e-8,2.3226086072257204e-8,-2.2905673374660445e-8,-5.54961981256984e-8,-2.2905669838696453e-8,-5.549620098665191e-8,5.628248394410627e-8,-2.257415743611747e-8,0.0,0.0,0.0,0.0,0.0,0.0,0.0,0.0,2.2320206177693965e-12,3.3254379321644373e-10,0.014103147851162765
2,0.2617993877991494,4,3,50,5.654266346590528,0.00032280952019905036,-1.4802834679907333,-8.451133476384854e-5,1.1323648936707346e-7,0.0,0.0,0.0,0.0,0.0,0.0,0.0,0.0,-1.829750306049185e-8,-2.1229702342750175e-8,2.1626801913124266e-8,-1.8266028315517174e-8,2.162680153610648e-8,-1.826602824376814e-8,1.823022777354167e-8,2.202755387960771e-8,2.2320206177693965e-12,3.3254379321644373e-10,0.014103147851162765
2,0.2617993877991494,4,5,51,5.654266346590383,0.0003228095202239263,1.4802834679906953,8.451133477036104e-5,1.1323648924686178e-7,1.8230228126918237e-8,2.202755354283992e-8,-2.1626801581270446e-8,1.8266028655124777e-8,-2.1626801196564684e-8,1.8266028605995986e-8,-1.8297503408953717e-8,-2.122970200808032e-8,0.0,0.0,0.0,0.0,0.0,0.0,0.0,0.0,2.2320206177693965e-12,3.3254379321644373e-10,0.014103147851162765
2,0.2617993877991494,4,5,52,3.5291383249599035,0.0001467200596372369,0.9239262529330183,3.8411221790883316e-5,9.204953208419799e-8,3.3238761623860692e-9,-2.3004177476401722e-8,2.2807060935380975e-8,3.0628823476398887e-9,2.2807062080892408e-8,3.06288034618207e-9,-2.806447882237877e-9,2.2609332511060933e-8,0.0,0.0,0.0,0.0,0.0,0.0,0.0,0.0,2.2320206177693965e-12,3.3254379321644373e-10,0.014103147851162765
2,0.2617993877991494,4,3,53,3.529138324959808,0.00014672005960207754,-0.9239262529329934,-3.841122178167861e-5,9.204953002007498e-8,0.0,0.0,0.0,0.0,0.0,0.0,0.0,0.0,-2.8064476329446666e-9,2.260933202889617e-8,-2.2807060468174882e-8,-3.062882136476082e-9,-2.280706157413625e-8,-3.062880056052734e-9,3.3238759103586635e-9,-2.3004176984483917e-8,2.2320206177693965e-12,3.3254379321644373e-10,0.014103147851162765
2,0.2617993877991494,4,3,54,5.653248613715394,-0.0006426422777580359,-1.4800170261470802,0.00016824335489090472,8.558530164462262e-8,0.0,0.0,0.0,0.0,0.0,0.0,0.0,0.0,1.7538043920953978e-8,1.26271233948028e-8,-1.2327222007942919e-8,1.7487694428472883e-8,-1.23272214646138e-8,1.748769450761563e-8,-1.743487922109253e-8,-1.2030817369400465e-8,2.2320206177693965e-12,3.3254379321644373e-10,0.014103147851162765
2,0.2617993877991494,4,5,55,5.653248613715464,-0.0006426422777607867,1.4800170261470984,-0.0001682433548916249,8.55853010378707e-8,-1.7434879135613636e-8,-1.203081722656325e-8,1.2327221861578977e-8,-1.7487694359421387e-8,1.2327221324530621e-8,-1.7487694407405866e-8,1.7538043837167348e-8,1.2627123251219279e-8,0.0,0.0,0.0,0.0,0.0,0.0,0.0,0.0,2.2320206177693965e-12,3.3254379321644373e-10,0.014103147851162765
2,0.2617993877991494,4,3,56,7.698761579499232,0.002618362608728387,-2.0155310683245116,-0.0006854857280012755,1.1084836538071554e-8,0.0,0.0,0.0,0.0,0.0,0.0,0.0,0.0,-1.9161302897995943e-9,1.963570332586134e-9,-1.963850187077956e-9,-1.955123668897652e-9,-1.9638501921877006e-9,-1.955123670143822e-9,1.994509780161135e-9,-1.9637389826472126e-9,2.2320206177693965e-12,3.3254379321644373e-10,0.014103147851162765
2,0.2617993877991494,4,5,57,7.698761579498935,0.0026183626089668023,2.015531068324434,0.0006854857280636925,1.1084836466192164e-8,1.9945097686663044e-9,-1.96373896869816e-9,1.9638501723482956e-9,1.9551236571288788e-9,1.963850179239452e-9,1.9551236587729234e-9,-1.9161302781568572e-9,1.9635703188513425e-9,0.0,0.0,0.0,0.0,0.0,0.0,0.0,0.0,2.2320206177693965e-12,3.3254379321644373e-10,0.014103147851162765
2,0.2617993877991494,4,5,58,7.694105463380977,-0.001958160745981712,2.0143120999752306,-0.000512645284510338,1.0822335551118973e-8,-1.8056558750916198e-9,1.9785067426796214e-9,-1.980051829763874e-9,-1.8436954636876324e-9,-1.980051828373194e-9,-1.8436954621375563e-9,1.8821310242391062e-9,-1.98122813679865e-9,0.0,0.0,0.0,0.0,0.0,0.0,0.0,0.0,2.2320206177693965e-12,3.3254379321644373e-10,0.014103147851162765
2,0.2617993877991494,4,3,59,7.694105463380595,-0.0019581607458701005,-2.0143120999751303,0.0005126452844811181,1.0822335499546095e-8,0.0,0.0,0.0,0.0,0.0,0.0,0.0,0.0,1.8821310223352756e-9,-1.9812281210326983e-9,1.9800518126920126e-9,1.8436954613058216e-9,1.980051813655065e-9,1.8436954608172282e-9,-1.8056558732979374e-9,1.978506726658862e-9,2.2320206177693965e-12,3.3254379321644373e-10,0.014103147851162765
2,0.2617993877991494,4,3,60,7.840897551343164,-0.0001250847158157744,-2.05274217873749,3.274710202360032e-5,5.232781701256158e-9,0.0,0.0,0.0,0.0,0.0,0.0,0.0,0.0,9.470248954130383e-10,-9.214132909623362e-10,9.215760888061652e-10,9.284326597345516e-10,9.215761012896409e-10,9.284326694647832e-10,-9.100247304694826e-10,9.215531941995316e-10,2.2320206177693965e-12,3.3254379321644373e-10,0.014103147851162765
2,0.2617993877991494,4,5,61,7.84089755134316,-0.00012508471546069733,2.0527421787374887,-3.274710193064136e-5,5.232781494729493e-9,-9.100246595175132e-10,9.215531925150191e-10,-9.215760878729607e-10,-9.284325938350832e-10,-9.215760985147103e-10,-9.284325935513878e-10,9.47024824549825e-10,-9.214132889200671e-10,0.0,0.0,0.0,0.0,0.0,0.0,0.0,0.0,2.2320206177693965e-12,3.3254379321644373e-10,0.014103147851162765
2,0.2617993877991494,4,5,62,7.84121156729241,0.00018891752878381126,2.052824387920762,4.945849338012998e-5,5.191165024917997e-9,9.32164295735235e-10,-9.215578563971971e-10,9.215720902267394e-10,9.137192325309265e-10,9.215720834125046e-10,9.137192259945962e-10,-8.9545845889382e-10,9.214035549488887e-10,0.0,0.0,0.0,0.0,0.0,0.0,0.0,0.0,2.2320206177693965e-12,3.3254379321644373e-10,0.014103147851162765
2,0.2617993877991494,4,3,63,7.841211567292532,0.00018891752903978142,-2.052824387920794,-4.9458493447142806e-5,5.191164830174509e-9,0.0,0.0,0.0,0.0,0.0,0.0,0.0,0.0,-8.954584112555764e-10,9.214035336135978e-10,-9.21572065905452e-10,-9.137191884983867e-10,-9.215720653965529e-10,-9.137191744299514e-10,9.321642477806669e-10,-9.21557835392155e-10,2.2320206177693965e-12,3.3254379321644373e-10,0.014103147851162765
2,0.2617993877991494,4,3,64,7.678241445901685,-0.0014985761159656448,-2.010158909911117,0.0003923263097302329,2.2954312839965954e-10,0.0,0.0,0.0,0.0,0.0,0.0,0.0,0.0,3.7832091399158595e-11,4.391145291184871e-11,-4.309780287476075e-11,3.7888554620334947e-11,-4.309780649707397e-11,3.7888554865997766e-11,-3.793639776728315e-11,-4.229173331236218e-11,2.2320206177693965e-12,3.3254379321644373e-10,0.014103147851162765
2,0.2617993877991494,4,5,65,7.678241445901661,-0.0014985761160556947,2.0101589099111106,-0.00039232630975380797,2.2954310811755087e-10,-3.7936390820173104e-11,-4.2291732659586455e-11,4.309780220704962e-11,-3.788854781844314e-11,4.309780592388165e-11,-3.7888547718993924e-11,3.7832084396027253e-11,4.391145232521714e-11,0.0,0.0,0.0,0.0,0.0,0.0,0.0,0.0,2.2320206177693965e-12,3.3254379321644373e-10,0.014103147851162765
2,0.2617993877991494,4,5,66,7.680655511551206,0.0009947393712202409,2.010790910820268,0.0002604221584051699,1.8081145202691566e-10,3.64476457403299e-11,2.7496169980098746e-11,-2.6860367738617028e-11,3.635542907648956e-11,-2.6860371120621502e-11,3.6355429113027506e-11,-3.625783964207011e-11,-2.6231839428455483e-11,0.0,0.0,0.0,0.0,0.0,0.0,0.0,0.0,2.2320206177693965e-12,3.3254379321644373e-10,0.014103147851162765
2,0.2617993877991494,4,3,67,7.680655511551051,0.0009947393710813546,-2.0107909108202278,-0.00026042215836880956,1.8081142889001205e-10,0.0,0.0,0.0,0.0,0.0,0.0,0.0,0.0,-3.6257832001740054e-11,-2.6231840074876814e-11,2.6860368292060392e-11,-3.6355421641529525e-11,2.6860371897072023e-11,-3.635542118134311e-11,3.644763801289649e-11,2.7496170664617945e-11,2.2320206177693965e-12,3.3254379321644373e-10,0.014103147851162765
2,0.2617993877991494,4,5,68,8.332504700076765,-4.639033019113864e-5,2.1814446293136323,-1.2144960043840494e-5,4.298021913784101e-14,-9.842759167701128e-15,4.035415270973712e-15,-3.976392854186236e-15,-9.981898708390796e-15,-3.976282802310985e-15,-9.981985462016798e-15,1.0121919927014562e-14,-3.9152636906681555e-15,0.0,0.0,0.0,0.0,0.0,0.0,0.0,0.0,2.2320206177693965e-12,3.3254379321644373e-10,0.014103147851162765
2,0.2617993877991494,4,3,69,8.332504700076576,-4.639032949601933e-5,-2.181444629313583,1.2144959861858684e-5,4.298021773555999e-14,0.0,0.0,0.0,0.0,0.0,0.0,0.0,0.0,1.0121936203540575e-14,-3.915224767907653e-15,3.9763540761691124e-15,9.981908438640095e-15,3.9762416541078155e-15,9.982006799717315e-15,-9.842774002242892e-15,4.035374276991426e-15,2.2320206177693965e-12,3.3254379321644373e-10,0.014103147851162765
2,0.2617993877991494,4,3,70,8.332694954935475,0.00014385727959526952,-2.1814944379191683,-3.7661747728492625e-5,1.5762900914345605e-14,0.0,0.0,0.0,0.0,0.0,0.0,0.0,0.0,-2.7418308881123857e-16,3.891768504920153e-15,-3.927904503282887e-15,-3.1627271325767784e-16,-3.9279308397623586e-15,-3.161877934430914e-16,3.590629884717244e-16,-3.96400367660835e-15,2.2320206177693965e-12,3.3254379321644373e-10,0.014103147851162765
2,0.2617993877991494,4,5,71,8.332694954935604,0.00014385728002681147,2.181494437919202,3.766174784147005e-5,1.576283638522658e-14,3.5908550582552194e-16,-3.963985187759513e-15,3.927884868304816e-15,3.162920426010437e-16,3.927914486046688e-15,3.16213445173423e-16,-2.7420554691071695e-16,3.891750999074312e-15,0.0,0.0,0.0,0.0,0.0,0.0,0.0,0.0,2.2320206177693965e-12,3.3254379321644373e-10,0.014103147851162765
2,0.2617993877991494,4,3,72,9.877337029720204,-0.0022534705030232156,-2.585880787466618,0.0005899571981149191,1.0460355696039965e-14,0.0,0.0,0.0,0.0,0.0,0.0,0.0,0.0,2.4141944727644095e-15,-1.071517895913215e-15,1.0847072681547685e-15,2.3794470233431702e-15,1.0847050577432973e-15,2.3794439094381547e-15,-2.344913347663982e-15,1.0974185125050415e-15,2.2320206177693965e-12,3.3254379321644373e-10,0.014103147851162765
2,0.2617993877991494,4,5,73,9.87733702972015,-0.002253470502678317,2.5858807874666043,-0.0005899571980246249,1.0460331756816811e-14,-2.3449105332984597e-15,1.0974101371035647e-15,-1.0846997876711166e-15,-2.3794423301890665e-15,-1.0846969995622475e-15,-2.379442529849869e-15,2.4141912238790516e-15,-1.0715107486704803e-15,0.0,0.0,0.0,0.0,0.0,0.0,0.0,0.0,2.2320206177693965e-12,3.3254379321644373e-10,0.014103147851162765
2,0.2617993877991494,4,5,74,9.881889783196634,0.002298979601843943,2.587072695539548,0.0006018714523254766,4.4445552293790835e-15,2.642196796702514e-16,-1.090731297675537e-15,1.0824400232378576e-15,2.507789265243837e-16,1.0824413304588197e-15,2.5077826762940393e-16,-2.3755399983300417e-16,1.0740998799435612e-15,0.0,0.0,0.0,0.0,0.0,0.0,0.0,0.0,2.2320206177693965e-12,3.3254379321644373e-10,0.014103147851162765
2,0.2617993877991494,4,3,75,9.881889783196707,0.002298979602083192,-2.5870726955395673,-0.0006018714523881118,4.444529227263385e-15,0.0,0.0,0.0,0.0,0.0,0.0,0.0,0.0,-2.375583589051403e-16,1.0740922604080176e-15,-1.0824321934540307e-15,-2.5078220279078163e-16,-1.0824337585318654e-15,-2.5078386549987364e-16,2.642241961984582e-16,-1.0907235131633792e-15,2.2320206177693965e-12,3.3254379321644373e-10,0.014103147851162765
2,0.2617993877991494,4,3,76,10.460272914120601,-0.001220405659159391,-2.738493045128798,0.00031950145443454596,1.923377161536075e-17,0.0,0.0,0.0,0.0,0.0,0.0,0.0,0.0,4.8475427255053005e-18,2.970347271169326e-19,-2.4613269191014934e-19,4.802150486910966e-18,-2.460134974030792e-19,4.801893613894702e-18,-4.75645191193322e-18,-1.9607159666446338e-19,2.2320206177693965e-12,3.3254379321644373e-10,0.014103147851162765
2,0.2617993877991494,4,5,77,10.460272914120388,-0.0012204056588122738,2.738493045128742,-0.0003195014543436709,1.9232580185871632e-17,-4.756113565341662e-18,-1.9684204888216744e-19,2.468715765958623e-19,-4.801711592521739e-18,2.467861588576136e-19,-4.80165832960743e-18,4.847207372988094e-18,2.9777562538246332e-19,0.0,0.0,0.0,0.0,0.0,0.0,0.0,0.0,2.2320206177693965e-12,3.3254379321644373e-10,0.014103147851162765
2,0.2617993877991494,4,5,78,10.462798454524593,0.0013050785386385386,2.739154230060425,0.000341668762445378,3.542869672860654e-18,-8.346029914540092e-19,3.2207181553101106e-19,-3.2713298889109674e-19,-8.23086390691276e-19,-3.2710410189834175e-19,-8.230601783805328e-19,8.11608815330022e-19,-3.320006625732735e-19,0.0,0.0,0.0,0.0,0.0,0.0,0.0,0.0,2.2320206177693965e-12,3.3254379321644373e-10,0.014103147851162765
2,0.2617993877991494,4,3,79,10.462798454524409,0.001305078538949381,-2.7391542300603766,-0.00034166876252675636,3.54185680704315e-18,0.0,0.0,0.0,0.0,0.0,0.0,0.0,0.0,8.113119213292286e-19,-3.3206076350902084e-19,3.272308973601219e-19,8.227917886397972e-19,3.2712455307023005e-19,8.227627408267206e-19,-8.343078341116772e-19,3.2212997597642163e-19,2.2320206177693965e-12,3.3254379321644373e-10,0.014103147851162765
3,0.15114994701951814,5,4,0,0.25158626959723573,0.005865403776094666,-0.03802725132046039,-0.0008865554700047904,121.05739689094513,0.0,0.0,0.0,0.0,0.0,0.0,0.0,0.0,-20.9677002005907,21.40340159932986,-21.4056298515101,-21.39355167265324,-21.405629850311822,-21.39355167271862,21.82368384283526,-21.403578964089323,8.965012796830006e-12,1.1349065687492175e-9,0.014086814929859621
3,0.15114994701951814,5,6,1,0.25158626959718333,0.005865403775944568,0.03802725132045247,0.0008865554699821032,121.05739689091995,21.823683842883298,-21.403578964032256,21.40562985145365,21.393551672700465,21.405629850254254,21.393551672767657,-20.967700200638937,21.403401599272915,0.0,0.0,0.0,0.0,0.0,0.0,0.0,0.0,8.965012796830006e-12,1.1349065687492175e-9,0.014086814929859621
3,0.15114994701951814,5,4,2,2.1251322560616472,0.007072561232621333,-0.321213627913187,-0.0010690172556030125,4.9448857424270365,0.0,0.0,0.0,0.0,0.0,0.0,0.0,0.0,-0.6951459005834492,1.0073136179169973,-1.010364493583613,-0.7122714541692927,-1.0103644935334584,-0.7122714541830418,0.729599066420002,-1.0132728947034297,8.965012796830006e-12,1.1349065687492175e-9,0.014086814929859621
3,0.15114994701951814,5,6,3,2.12513225606153,0.007072561232593503,0.3212136279131693,0.001069017255598806,4.944885742172296,0.7295990665507264,-1.013272894533278,1.010364493412402,0.7122714543071038,1.0103644933642464,0.7122714543070258,-0.695145900714551,1.007313617746757,0.0,0.0,0.0,0.0,0.0,0.0,0.0,0.0,8.965012796830006e-12,1.1349065687492175e-9,0.014086814929859621
3,0.15114994701951814,5,6,4,2.0688651912877836,-0.00023009290968552688,0.31270886405367376,-3.477853110853416e-5,4.787617274713207,-0.8250612902557786,0.8505397105659991,-0.8507107234776319,-0.8419023649917817,-0.8507107234324942,-0.8419023649338075,0.8589135649750123,-0.8507133388592301,0.0,0.0,0.0,0.0,0.0,0.0,0.0,0.0,8.965012796830006e-12,1.1349065687492175e-9,0.014086814929859621
3,0.15114994701951814,5,4,5,2.0688651912877383,-0.00023009290983659267,-0.31270886405366694,3.4778531131367746e-5,4.787617274305599,0.0,0.0,0.0,0.0,0.0,0.0,0.0,0.0,0.8589135640882835,-0.8507133395933455,0.8507107242237852,0.8419023641032547,0.8507107241546874,0.8419023640490464,-0.8250612893690726,0.8505397113000537,8.965012796830006e-12,1.1349065687492175e-9,0.014086814929859621
3,0.15114994701951814,5,6,6,2.074936077926101,0.0046682735888260735,0.3136264782474169,0.0007056093056236768,3.4057733032038837,0.749868614767974,-0.42102290052842245,0.4242372447430818,0.7382020411574307,0.4242372447064956,0.738202041104954,-0.7266203001787321,0.42730394003019734,0.0,0.0,0.0,0.0,0.0,0.0,0.0,0.0,8.965012796830006e-12,1.1349065687492175e-9,0.014086814929859621
3,0.15114994701951814,5,4,7,2.0749360779261545,0.00466827358922528,-0.313626478247425,-0.0007056093056840169,3.405773301846413,0.0,0.0,0.0,0.0,0.0,0.0,0.0,0.0,-0.7266202994838672,0.4273039405585083,-0.4242372452822277,-0.7382020404665623,-0.42423724522416023,-0.7382020404057247,0.7498686140726313,-0.4210229010567885,8.965012796830006e-12,1.1349065687492175e-9,0.014086814929859621
3,0.15114994701951814,5,6,8,4.287637887026172,-0.00014635029434867733,0.6480762394628846,-2.2120839237093463e-5,3.15525545081057,-0.5450804695100163,0.5592527888731568,-0.5593391699975208,-0.5561797325820138,-0.5593391704202264,-0.5561797323325999,0.5673908521142869,-0.559314304413346,0.0,0.0,0.0,0.0,0.0,0.0,0.0,0.0,8.965012796830006e-12,1.1349065687492175e-9,0.014086814929859621
3,0.15114994701951814,5,4,9,4.2876378870258325,-0.00014635028627829443,-0.6480762394628333,2.2120838017255515e-5,3.155255437898018,0.0,0.0,0.0,0.0,0.0,0.0,0.0,0.0,0.5673908400676231,-0.5593143118384868,0.5593391775537683,0.5561797204485164,0.559339177716636,0.5561797203742695,-0.5450804574633673,0.5592527962982644,8.965012796830006e-12,1.1349065687492175e-9,0.014086814929859621
3,0.15114994701951814,5,6,10,4.293499590652443,0.0037358319086379203,0.6489622356554396,0.000564670795064447,2.567347610911939,0.5723836434724626,-0.30435546296147875,0.3069791606575509,0.56364688343566,0.30697916108387324,0.5636468832130702,-0.5549715077351636,0.3094901232654955,0.0,0.0,0.0,0.0,0.0,0.0,0.0,0.0,8.965012796830006e-12,1.1349065687492175e-9,0.014086814929859621
3,0.15114994701951814,5,4,11,4.293499590653994,0.0037358318950356114,-0.648962235655674,-0.0005646707930084587,2.567347586205538,0.0,0.0,0.0,0.0,0.0,0.0,0.0,0.0,-0.5549714970402825,0.3094901299871451,-0.3069791675131824,-0.5636468726520046,-0.30697916767523126,-0.5636468726074856,0.5723836327767667,-0.3043554696847036,8.965012796830006e-12,1.1349065687492175e-9,0.014086814929859621
3,0.15114994701951814,5,4,12,4.323253950629388,0.007984203909525171,-0.6534596055895545,-0.0012068119979177592,1.8319980356421242,0.0,0.0,0.0,0.0,0.0,0.0,0.0,0.0,-0.16783731531345122,0.42122497691664607,-0.4237416237654167,-0.17377024907228092,-0.42374162375752716,-0.17377024903820312,0.1797879276453231,-0.42622350808170484,8.965012796830006e-12,1.1349065687492175e-9,0.014086814929859621
3,0.15114994701951814,5,6,13,4.323253950628095,0.007984203910976697,0.653459605589359,0.0012068119981371573,1.831998035226163,0.17978792896425957,-0.4262235074291529,0.42374162311344443,0.17377025038935534,0.4237416231024757,0.1737702503597588,-0.16783731663328288,0.4212249762624634,0.0,0.0,0.0,0.0,0.0,0.0,0.0,0.0,8.965012796830006e-12,1.1349065687492175e-9,0.014086814929859621
3,0.15114994701951814,5,6,14,4.367638052210445,0.005881266284983571,0.6601682601920402,0.000888953087382945,0.08634336458445734,0.014618844440991884,-0.01617487398725367,0.016157874744854816,0.014312523429640027,0.016157874737805538,0.014312523436545915,-0.014009433713853235,0.01613801266758482,0.0,0.0,0.0,0.0,0.0,0.0,0.0,0.0,8.965012796830006e-12,1.1349065687492175e-9,0.014086814929859621
3,0.15114994701951814,5,4,15,4.3676380522099345,0.0058812662848430584,-0.6601682601919631,-0.0008889530873617066,0.08634336447670786,0.0,0.0,0.0,0.0,0.0,0.0,0.0,0.0,-0.014009433696264721,0.01613801264718886,-0.016157874724441,-0.014312523411627191,-0.016157874717467578,-0.014312523419312098,0.014618844423337541,-0.016174873966895372,8.965012796830006e-12,1.1349065687492175e-9,0.014086814929859621
3,0.15114994701951814,5,6,16,4.413048879249463,0.005263938859861095,0.6670321042931003,0.0007956440797819872,0.011471858362763177,-0.0018709688393030574,0.0021357504207696948,-0.0021382081127311455,-0.0019112497956961484,-0.0021382081148388914,-0.001911249774396326,0.0019519583341631582,-0.002140283514122688,0.0,0.0,0.0,0.0,0.0,0.0,0.0,0.0,8.965012796830006e-12,1.1349065687492175e-9,0.014086814929859621
3,0.15114994701951814,5,4,17,4.413048879249212,0.005263938860234498,-0.6670321042930623,-0.0007956440798384272,0.01147185821057227,0.0,0.0,0.0,0.0,0.0,0.0,0.0,0.0,0.0019519583200513792,-0.002140283475707345,0.0021382080769585554,0.0019112497812750595,0.002138208073777317,0.0019112497605866632,-0.0018709688251918252,0.0021357503823481185,8.965012796830006e-12,1.1349065687492175e-9,0.014086814929859621
3,0.15114994701951814,5,6,18,4.413654269972412,0.005872300943531643,0.6671236090688001,0.0008875979764974742,0.005515492620574923,0.0008952703421747719,-0.0010668140559902052,0.0010650105516754943,0.0008757560532651389,0.001065010552825878,0.0008757560337194559,-0.0008564547293852533,0.001063031876040803,0.0,0.0,0.0,0.0,0.0,0.0,0.0,0.0,8.965012796830006e-12,1.1349065687492175e-9,0.014086814929859621
3,0.15114994701951814,5,4,19,4.413654269972502,0.005872300944775294,-0.6671236090688137,-0.0008875979766854521,0.005515492498277939,0.0,0.0,0.0,0.0,0.0,0.0,0.0,0.0,-0.0008564547132707459,0.001063031849707793,-0.0010650105279580682,-0.0008757560368150565,-0.0010650105238662558,-0.0008757560179516761,0.0008952703260767033,-0.0010668140296426353,8.965012796830006e-12,1.1349065687492175e-9,0.014086814929859621
3,0.15114994701951814,5,4,20,6.588910411268502,0.005871549909462782,-0.9959134595795857,-0.0008874844577377561,0.0032434317380390567,0.0,0.0,0.0,0.0,0.0,0.0,0.0,0.0,-0.0005402278666880753,0.0005937959016951103,-0.0005942767034954042,-0.0005516275181593597,-0.0005942767025751163,-0.0005516275191811719,0.0005631460149643725,-0.0005946471669916309,8.965012796830006e-12,1.1349065687492175e-9,0.014086814929859621
3,0.15114994701951814,5,6,21,6.588910411269966,0.005871549911136462,0.9959134595798068,0.0008874844579907326,0.0032434317107724285,0.0005631459833544841,-0.0005946471870870924,0.0005942767236279918,0.0005516274864721005,0.000594276722595322,0.0005516274875758937,-0.0005402278350026143,0.000593795921745805,0.0,0.0,0.0,0.0,0.0,0.0,0.0,0.0,8.965012796830006e-12,1.1349065687492175e-9,0.014086814929859621
3,0.15114994701951814,5,6,22,6.628517804051641,0.0053692594731801074,1.0019001149003384,0.0008115632849052192,0.0020388797429210914,-0.0003489165274832228,0.0003645743820549095,-0.0003646955293197893,-0.00035608790203747964,-0.0003646955317525487,-0.0003560879010608915,0.00036333220759242546,-0.0003647454541643845,0.0,0.0,0.0,0.0,0.0,0.0,0.0,0.0,8.965012796830006e-12,1.1349065687492175e-9,0.014086814929859621
3,0.15114994701951814,5,4,23,6.628517804052117,0.0053692594707798105,-1.0019001149004103,-0.0008115632845424143,0.0020388793321608214,0.0,0.0,0.0,0.0,0.0,0.0,0.0,0.0,0.00036333216607897936,-0.00036474535117505944,0.0003646954291566237,0.0003560878610296951,0.0003646954259455658,0.00035608785902145455,-0.0003489164859700398,0.00036457427906578203,8.965012796830006e-12,1.1349065687492175e-9,0.014086814929859621
3,0.15114994701951814,5,6,24,6.629016069848671,0.00583722891701959,1.001975427749161,0.0008822968415483104,0.001087671854329725,0.0002029057405223264,-0.00018509046353916046,0.00018524861340981304,0.00019904429998254632,0.0001852486156819034,0.00019904429907686053,-0.00019521990427258894,0.00018536695300759207,0.0,0.0,0.0,0.0,0.0,0.0,0.0,0.0,8.965012796830006e-12,1.1349065687492175e-9,0.014086814929859621
3,0.15114994701951814,5,4,25,6.629016069848307,0.005837228920766366,-1.001975427749106,-0.0008822968421146353,0.0010876714678329606,0.0,0.0,0.0,0.0,0.0,0.0,0.0,0.0,-0.00019521986434813837,0.00018536685407987793,-0.0001852485172104686,-0.0001990442605296736,-0.00018524851403309026,-0.00019904425865887963,0.00020290570059567915,-0.00018509036461074487,8.965012796830006e-12,1.1349065687492175e-9,0.014086814929859621
3,0.15114994701951814,5,4,26,8.81501641983239,0.005866171174717788,-1.3323892648338482,-0.0008866714622660181,0.0005716951195372251,0.0,0.0,0.0,0.0,0.0,0.0,0.0,0.0,-9.934656439843217e-5,0.00010075711818172418,-0.00010076113797451272,-0.00010135767699017168,-0.0001007611379872174,-0.00010135767697962542,0.00010338893977164529,-0.00010074488422967297,8.965012796830006e-12,1.1349065687492175e-9,0.014086814929859621
3,0.15114994701951814,5,6,27,8.81501641983662,0.005866171176119021,1.3323892648344877,0.0008866714624778145,0.0005716951190502121,0.0001033889396603388,-0.00010074488416761827,0.00010076113791787031,0.00010135767688178563,0.00010076113792137807,0.00010135767686642333,-9.934656428813668e-5,0.00010075711812126907,0.0,0.0,0.0,0.0,0.0,0.0,0.0,0.0,8.965012796830006e-12,1.1349065687492175e-9,0.014086814929859621
3,0.15114994701951814,5,4,28,8.84186211516716,0.005508530428121359,-1.336446990261401,-0.000832614082365947,0.00038182500868571884,0.0,0.0,0.0,0.0,0.0,0.0,0.0,0.0,6.822693003189256e-5,-6.81218178862449e-5,6.811614797667242e-5,6.687025350294657e-5,6.811614846017163e-5,6.687025475334707e-5,-6.552720011028954e-5,6.809710313086533e-5,8.965012796830006e-12,1.1349065687492175e-9,0.014086814929859621
3,0.15114994701951814,5,6,29,8.841862115165927,0.005508530429344357,1.3364469902612146,0.0008326140825508031,0.0003818249951953288,-6.552720158989328e-5,6.809709695211408e-5,-6.811614190966216e-5,-6.687025524458381e-5,-6.81161421698521e-5,-6.68702559698417e-5,6.82269315116628e-5,-6.812181170796524e-5,0.0,0.0,0.0,0.0,0.0,0.0,0.0,0.0,8.965012796830006e-12,1.1349065687492175e-9,0.014086814929859621
3,0.15114994701951814,5,6,30,6.58855623550957,0.005859983826986821,0.9958599259323874,0.0008857362449842911,0.0001968693163528665,4.967518964332927e-5,-1.8788356763830952e-6,2.3518700325610526e-6,4.9159873057506655e-5,2.3518705534759983e-6,4.915987236719139e-5,-4.864502517148506e-5,2.8150728908093917e-6,0.0,0.0,0.0,0.0,0.0,0.0,0.0,0.0,8.965012796830006e-12,1.1349065687492175e-9,0.014086814929859621
3,0.15114994701951814,5,4,31,6.588556235507623,0.00585998382315829,-0.995859925932093,-0.0008857362444056088,0.0001968692701410085,0.0,0.0,0.0,0.0,0.0,0.0,0.0,0.0,-4.8645013223739364e-5,2.8150800663389375e-6,-2.3518773135577878e-6,-4.915986110285048e-5,-2.3518776698649313e-6,-4.9159860500519664e-5,4.967517776948274e-5,-1.8788428955545364e-6,8.965012796830006e-12,1.1349065687492175e-9,0.014086814929859621
3,0.15114994701951814,5,4,32,8.84222022372154,0.005867059918264357,-1.3365011183504227,-0.000886805795805996,0.00019076629173238603,0.0,0.0,0.0,0.0,0.0,0.0,0.0,0.0,-3.271022274206439e-5,3.4049670090419864e-5,-3.405974257262342e-5,-3.3381226687023405e-5,-3.4059743034434565e-5,-3.3381227958830677e-5,3.405904317836236e-5,-3.406313858323594e-5,8.965012796830006e-12,1.1349065687492175e-9,0.014086814929859621
3,0.15114994701951814,5,6,33,8.842220223722501,0.00586705991708111,1.336501118350568,0.0008868057956271483,0.000190766278573656,3.405904471579166e-5,-3.406313247158276e-5,3.405973656619106e-5,3.3381228484234534e-5,3.4059736815829175e-5,3.338122923446456e-5,-3.271022427872448e-5,3.4049663977349074e-5,0.0,0.0,0.0,0.0,0.0,0.0,0.0,0.0,8.965012796830006e-12,1.1349065687492175e-9,0.014086814929859621
3,0.15114994701951814,5,6,34,6.232671004633076,-6.912442506711719e-5,0.9420678921403763,-1.0448153186649415e-5,0.00012268537314150728,-2.114548847216728e-5,2.1792809751094567e-5,-2.1797135991372993e-5,-2.1577051009736267e-5,-2.1797135996068307e-5,-2.1577051002804092e-5,2.2012972535993773e-5,-2.1797146390253792e-5,0.0,0.0,0.0,0.0,0.0,0.0,0.0,0.0,8.965012796830006e-12,1.1349065687492175e-9,0.014086814929859621
3,0.15114994701951814,5,4,35,6.232671004633527,-6.912442614362673e-5,-0.9420678921404445,1.0448153349363775e-5,0.00012268537305233136,0.0,0.0,0.0,0.0,0.0,0.0,0.0,0.0,2.2012972500847252e-5,-2.1797146393529004e-5,2.1797135995086037e-5,2.1577050975007185e-5,2.17971359988826e-5,2.1577050967563696e-5,-2.114548843734074e-5,2.179280975434316e-5,8.965012796830006e-12,1.1349065687492175e-9,0.014086814929859621
3,0.15114994701951814,5,4,36,6.588276263071645,0.005586443225267303,-0.9958176081132281,-0.0008443905975266989,0.00011698841618548852,0.0,0.0,0.0,0.0,0.0,0.0,0.0,0.0,2.065094234941632e-5,-2.112267530503576e-5,2.1115924133088e-5,2.0235317668470913e-5,2.1115923625915405e-5,2.0235318053801363e-5,-1.9823916155737862e-5,2.110512497009411e-5,8.965012796830006e-12,1.1349065687492175e-9,0.014086814929859621
3,0.15114994701951814,5,6,37,6.588276263072301,0.005586443222759529,0.9958176081133273,0.0008443905971476489,0.00011698839992938549,-1.982389622768901e-5,2.1105138436172348e-5,-2.1115937570172493e-5,-2.02352977397064e-5,-2.111593712559463e-5,-2.023529812908204e-5,2.0650922421293205e-5,-2.112268877174292e-5,0.0,0.0,0.0,0.0,0.0,0.0,0.0,0.0,8.965012796830006e-12,1.1349065687492175e-9,0.014086814929859621
3,0.15114994701951814,5,6,38,6.631230259584759,0.005900527902746927,1.002310102410462,0.0008918644798873865,9.655511055087337e-5,5.679953116649184e-6,-2.370990157718353e-5,2.3529055830368433e-5,5.3884120443331525e-6,2.352905594848519e-5,5.388411985409563e-6,-5.101576616101354e-6,2.3347132049628964e-5,0.0,0.0,0.0,0.0,0.0,0.0,0.0,0.0,8.965012796830006e-12,1.1349065687492175e-9,0.014086814929859621
3,0.15114994701951814,5,4,39,6.631230259585658,0.0059005279044394175,-1.0023101024105978,-0.0008918644801432064,9.655509365161843e-5,0.0,0.0,0.0,0.0,0.0,0.0,0.0,0.0,-5.1015752425994115e-6,2.3347128031083018e-5,-2.35290519067094e-5,-5.38841070656767e-6,-2.3529051832426786e-5,-5.388410577400919e-6,5.679951745171721e-6,-2.3709897555687725e-5,8.965012796830006e-12,1.1349065687492175e-9,0.014086814929859621
3,0.15114994701951814,5,4,40,6.286779366724494,0.007068040466030154,-0.950246368203807,-0.001068333941972268,8.970896921015173e-5,0.0,0.0,0.0,0.0,0.0,0.0,0.0,0.0,-1.2122161818783718e-5,1.860243150027361e-5,-1.8665998751852958e-5,-1.243127272829532e-5,-1.8665998747822135e-5,-1.243127273570463e-5,1.2744116596282927e-5,-1.872707937153461e-5,8.965012796830006e-12,1.1349065687492175e-9,0.014086814929859621
3,0.15114994701951814,5,6,41,6.286779366724635,0.007068040465864012,0.9502463682038284,0.0010683339419471558,8.970896911408765e-5,1.2744116652688824e-5,-1.8727079305043457e-5,1.8665998685018135e-5,1.2431272786631134e-5,1.8665998681827985e-5,1.243127279014772e-5,-1.2122161875168589e-5,1.860243143394523e-5,0.0,0.0,0.0,0.0,0.0,0.0,0.0,0.0,8.965012796830006e-12,1.1349065687492175e-9,0.014086814929859621
3,0.15114994701951814,5,4,42,6.238583470469596,0.004679075994413206,-0.9429615610383211,-0.0007072420886558552,8.3322974274054e-5,0.0,0.0,0.0,0.0,0.0,0.0,0.0,0.0,-1.741488358184932e-5,1.10466559956606e-5,-1.098121077466317e-5,-1.7700598689527217e-5,-1.0981210772951894e-5,-1.7700598691661222e-5,1.7988509687425133e-5,-1.0912225212602866e-5,8.965012796830006e-12,1.1349065687492175e-9,0.014086814929859621
3,0.15114994701951814,5,6,43,6.23858347046988,0.004679075993315747,0.942961561038364,0.0007072420884899744,8.332297418857928e-5,1.798850966791628e-5,-1.0912225203533285e-5,1.098121076459964e-5,1.7700598671382992e-5,1.0981210764799163e-5,1.7700598670811794e-5,-1.7414883562366873e-5,1.1046655986511082e-5,0.0,0.0,0.0,0.0,0.0,0.0,0.0,0.0,8.965012796830006e-12,1.1349065687492175e-9,0.014086814929859621
3,0.15114994701951814,5,6,44,8.451100459320944,6.759376899377438e-6,1.2773833866829862,1.0216794602258547e-6,6.144564497427515e-5,-1.067641141160986e-5,1.0830662316845641e-5,-1.0831120943907436e-5,-1.089256522347047e-5,-1.083112094828385e-5,-1.0892565221368207e-5,1.1110885039542608e-5,-1.0829400845701034e-5,0.0,0.0,0.0,0.0,0.0,0.0,0.0,0.0,8.965012796830006e-12,1.1349065687492175e-9,0.014086814929859621
3,0.15114994701951814,5,4,45,8.451100459321957,6.759377101587215e-6,-1.2773833866831392,-1.0216794907898517e-6,6.144564491108041e-5,0.0,0.0,0.0,0.0,0.0,0.0,0.0,0.0,1.1110885025234043e-5,-1.0829400837744323e-5,1.0831120936935698e-5,1.089256520858687e-5,1.0831120939435668e-5,1.089256520742183e-5,-1.0676411397091253e-5,1.0830662308976573e-5,8.965012796830006e-12,1.1349065687492175e-9,0.014086814929859621
3,0.15114994701951814,5,4,46,8.44362280496076,3.969514836843664e-6,-1.2762531396226142,-5.99991957282111e-7,5.5320241664833414e-5,0.0,0.0,0.0,0.0,0.0,0.0,0.0,0.0,9.904792498891913e-6,-9.849855850193785e-6,9.849429453732141e-6,9.708230945763884e-6,9.849429455993174e-6,9.708230943776707e-6,-9.513639082352173e-6,9.847061216379035e-6,8.965012796830006e-12,1.1349065687492175e-9,0.014086814929859621
3,0.15114994701951814,5,6,47,8.4436228049594,3.969515310234088e-6,1.2762531396224084,5.999920288350486e-7,5.5320241639832423e-5,-9.5136390899143e-6,9.847061199978183e-6,-9.849429436739014e-6,-9.708230953542536e-6,-9.84942944027533e-6,-9.708230951372782e-6,9.904792506711262e-6,-9.849855833883536e-6,0.0,0.0,0.0,0.0,0.0,0.0,0.0,0.0,8.965012796830006e-12,1.1349065687492175e-9,0.014086814929859621
3,0.15114994701951814,5,6,48,8.505985332310484,0.0067973513075623975,1.2856792323275281,0.0010274192900111088,4.7802174013273796e-5,7.354236289777578e-6,-9.571225484067104e-6,9.548332768039058e-6,7.185937057443316e-6,9.548332766163556e-6,7.185937061436104e-6,-7.019547351917729e-6,9.524002671768821e-6,0.0,0.0,0.0,0.0,0.0,0.0,0.0,0.0,8.965012796830006e-12,1.1349065687492175e-9,0.014086814929859621
3,0.15114994701951814,5,4,49,8.505985332310004,0.006797351307811898,-1.2856792323274555,-0.0010274192900488206,4.780217399935536e-5,0.0,0.0,0.0,0.0,0.0,0.0,0.0,0.0,-7.019547327249653e-6,9.524002685914366e-6,-9.548332782227636e-6,-7.1859370327168615e-6,-9.548332780324324e-6,-7.185937036923641e-6,7.354236265205389e-6,-9.571225498265553e-6,8.965012796830006e-12,1.1349065687492175e-9,0.014086814929859621
3,0.15114994701951814,5,6,50,8.456819254336422,0.003798629858069718,1.278247782246591,0.0005741627017939976,4.51084309038024e-5,9.760926169917562e-6,-5.870260016318531e-6,5.908202248525397e-6,9.605204156725173e-6,5.908202252577771e-6,9.605204156146524e-6,-9.450663591252988e-6,5.944223325807998e-6,0.0,0.0,0.0,0.0,0.0,0.0,0.0,0.0,8.965012796830006e-12,1.1349065687492175e-9,0.014086814929859621
3,0.15114994701951814,5,4,51,8.456819254335597,0.0037986298579297407,-1.2782477822464664,-0.0005741627017728401,4.510843075433358e-5,0.0,0.0,0.0,0.0,0.0,0.0,0.0,0.0,-9.450663567600222e-6,5.944223293129542e-6,-5.908202216129064e-6,-9.605204133232538e-6,-5.9082022195908226e-6,-9.605204132113211e-6,9.760926146048461e-6,-5.870259983610827e-6,8.965012796830006e-12,1.1349065687492175e-9,0.014086814929859621
3,0.15114994701951814,5,4,52,8.449503430227562,0.004952891222151629,-1.2771419958201329,-0.0007486292458216551,3.6182484202354807e-5,0.0,0.0,0.0,0.0,0.0,0.0,0.0,0.0,-7.456853554017171e-6,4.959278505599542e-6,-4.933547710403969e-6,-7.5815088521805625e-6,-4.9335477048222866e-6,-7.581508856020858e-6,7.707150712078565e-6,-4.9063005091815835e-6,8.965012796830006e-12,1.1349065687492175e-9,0.014086814929859621
3,0.15114994701951814,5,6,53,8.4495034302298,0.004952891220912433,1.277141995820471,0.0007486292456343509,3.618248419207872e-5,7.707150709311105e-6,-4.906300508671543e-6,4.933547708874021e-6,7.5815088490911894e-6,4.933547705357881e-6,7.581508853627478e-6,-7.45685355130121e-6,4.959278505114943e-6,0.0,0.0,0.0,0.0,0.0,0.0,0.0,0.0,8.965012796830006e-12,1.1349065687492175e-9,0.014086814929859621
3,0.15114994701951814,5,6,54,8.486256442691328,0.007943815020284184,1.2826972117068387,0.0012007072194488069,2.0419890871495953e-5,1.5621539309217506e-6,-4.913810352176888e-6,4.880142380763589e-6,1.4978831406295457e-6,4.8801423810072815e-6,1.497883139841651e-6,-1.4345883480532088e-6,4.846174735361612e-6,0.0,0.0,0.0,0.0,0.0,0.0,0.0,0.0,8.965012796830006e-12,1.1349065687492175e-9,0.014086814929859621
3,0.15114994701951814,5,4,55,8.486256442692342,0.007943815020474039,-1.2826972117069921,-0.0012007072194775035,2.0419890826095946e-5,0.0,0.0,0.0,0.0,0.0,0.0,0.0,0.0,-1.4345883468019175e-6,4.846174723825848e-6,-4.880142369597805e-6,-1.4978831393033572e-6,-4.880142369194039e-6,-1.4978831386673774e-6,1.5621539296758625e-6,-4.913810340734249e-6,8.965012796830006e-12,1.1349065687492175e-9,0.014086814929859621
3,0.15114994701951814,5,4,56,8.519267521906984,0.008452516419847188,-1.2876868345813424,-0.0012775974090415098,3.519108990767218e-6,0.0,0.0,0.0,0.0,0.0,0.0,0.0,0.0,5.456790808040347e-7,-7.013117775292355e-7,6.997018129577871e-7,5.332791789177318e-7,6.997018092794592e-7,5.332791833439034e-7,-5.210192111518863e-7,6.979851748708507e-7,8.965012796830006e-12,1.1349065687492175e-9,0.014086814929859621
3,0.15114994701951814,5,6,57,8.519267521906837,0.008452516419559342,1.28768683458132,0.0012775974089980018,3.519108984934085e-6,-5.210192191804469e-7,6.979851669274456e-7,-6.997018050453521e-7,-5.332791871831979e-7,-6.997018013047258e-7,-5.332791911102382e-7,5.456790888086391e-7,-7.013117695873299e-7,0.0,0.0,0.0,0.0,0.0,0.0,0.0,0.0,8.965012796830006e-12,1.1349065687492175e-9,0.014086814929859621
3,0.15114994701951814,5,4,58,8.517167639403635,0.006614194617254528,-1.2873694374522138,-0.000999735165974804,1.1509938716804355e-6,0.0,0.0,0.0,0.0,0.0,0.0,0.0,0.0,-1.2035899242798573e-8,2.846239524993067e-7,-2.8734840424135396e-7,-1.5031164909485133e-8,-2.8734840415600703e-7,-1.503116375750365e-8,1.8083898803760157e-8,-2.900698439230194e-7,8.965012796830006e-12,1.1349065687492175e-9,0.014086814929859621
3,0.15114994701951814,5,6,59,8.517167639403482,0.006614194617870143,1.2873694374521907,0.0009997351660678542,1.1509938704268755e-6,1.808388661572613e-8,-2.900698442741291e-7,2.8734840442932884e-7,1.503115262646454e-8,2.873484046166642e-7,1.5031151659992855e-8,-1.2035887050830781e-8,2.846239527949067e-7,0.0,0.0,0.0,0.0,0.0,0.0,0.0,0.0,8.965012796830006e-12,1.1349065687492175e-9,0.014086814929859621
3,0.15114994701951814,5,4,60,8.427293744364768,0.0021056708951135575,-1.2737850029786513,-0.00031827204423695555,1.099321330929497e-7,0.0,0.0,0.0,0.0,0.0,0.0,0.0,0.0,1.4969537894448865e-8,2.337625516890543e-8,-2.299430001897358e-8,1.5051296061927444e-8,-2.2994300468325986e-8,1.5051296025081236e-8,-1.5128455031227363e-8,-2.261535511828008e-8,8.965012796830006e-12,1.1349065687492175e-9,0.014086814929859621
3,0.15114994701951814,5,6,61,8.42729374436448,0.0021056708947648755,1.2737850029786077,0.0003182720441842523,1.0993213307684337e-7,-1.5128456013889227e-8,-2.2615354462507757e-8,2.2994299365744274e-8,-1.505129705131207e-8,2.2994299812565602e-8,-1.505129702087109e-8,1.49695388970037e-8,2.3376254515714288e-8,0.0,0.0,0.0,0.0,0.0,0.0,0.0,0.0,8.965012796830006e-12,1.1349065687492175e-9,0.014086814929859621
3,0.15114994701951814,5,6,62,8.579131351147524,0.005878157531967125,1.2967352491994353,0.0008884831995292125,7.977801855255473e-8,1.4047354051305201e-8,-1.4438498451779033e-8,1.4433203506353858e-8,1.3763938965950343e-8,1.4433203477956791e-8,1.3763938924587774e-8,-1.3483410204609941e-8,1.4425155456130197e-8,0.0,0.0,0.0,0.0,0.0,0.0,0.0,0.0,8.965012796830006e-12,1.1349065687492175e-9,0.014086814929859621
3,0.15114994701951814,5,4,63,8.579131351147769,0.005878157532220465,-1.2967352491994724,-0.0008884831995675048,7.977801756080668e-8,0.0,0.0,0.0,0.0,0.0,0.0,0.0,0.0,-1.3483410227121312e-8,1.442515508761275e-8,-1.4433203134240087e-8,-1.3763939003363272e-8,-1.4433203117979946e-8,-1.3763938936235272e-8,1.4047354078019062e-8,-1.4438498088218313e-8,8.965012796830006e-12,1.1349065687492175e-9,0.014086814929859621
3,0.15114994701951814,5,4,64,8.430552829304943,0.00512155632250338,-1.274277613494691,-0.0007741229668038641,7.362548622085405e-8,0.0,0.0,0.0,0.0,0.0,0.0,0.0,0.0,-1.0163367351938427e-8,-1.5125328781075316e-8,1.5379228044292092e-8,-1.0112216198172362e-8,1.5379228396915247e-8,-1.0112216089927044e-8,1.005798888812425e-8,1.5635149796217626e-8,8.965012796830006e-12,1.1349065687492175e-9,0.014086814929859621
3,0.15114994701951814,5,6,65,8.43055282930467,0.0051215563221601165,1.2742776134946496,0.0007741229667519798,7.362548608009275e-8,1.0057989199966787e-8,1.563514955154918e-8,-1.5379227796159746e-8,1.0112216502621113e-8,-1.5379228155442866e-8,1.0112216402022906e-8,-1.0163367656660196e-8,-1.512532853615114e-8,0.0,0.0,0.0,0.0,0.0,0.0,0.0,0.0,8.965012796830006e-12,1.1349065687492175e-9,0.014086814929859621
3,0.15114994701951814,5,6,66,10.646595840938609,0.002039539846778787,1.609232397296093,0.00030827633978480984,3.690640091164744e-8,-5.8993042228417205e-9,-6.9741357356516634e-9,7.1034592414739094e-9,-5.8878487820063394e-9,7.103459134980577e-9,-5.88784878510174e-9,5.874972534766705e-9,7.233960068533925e-9,0.0,0.0,0.0,0.0,0.0,0.0,0.0,0.0,8.965012796830006e-12,1.1349065687492175e-9,0.014086814929859621
3,0.15114994701951814,5,4,67,10.646595840938435,0.002039539846596555,-1.6092323972960667,-0.00030827633975726547,3.690640031291348e-8,0.0,0.0,0.0,0.0,0.0,0.0,0.0,0.0,5.8749721310291204e-9,7.23396020294534e-9,-7.103459378281145e-9,5.887848385336662e-9,-7.10345927356799e-9,5.887848380401049e-9,-5.899303825240364e-9,-6.974135876588419e-9,8.965012796830006e-12,1.1349065687492175e-9,0.014086814929859621
3,0.15114994701951814,5,4,68,10.649831616518481,0.004962562514505289,-1.6097214846035577,-0.0007500910611485212,2.9045658028510663e-8,0.0,0.0,0.0,0.0,0.0,0.0,0.0,0.0,-3.521948002512553e-9,-6.2671680171247e-9,6.365409298529629e-9,-3.4938616946149615e-9,6.365409194579272e-9,-3.4938617280396058e-9,3.4645022685459726e-9,6.464349120998149e-9,8.965012796830006e-12,1.1349065687492175e-9,0.014086814929859621
3,0.15114994701951814,5,6,69,10.649831616518721,0.004962562514455418,1.6097214846035939,0.0007500910611409832,2.9045657418534488e-8,3.4645020513145447e-9,6.464349066563324e-9,-6.3654092438633844e-9,3.4938614791098095e-9,-6.365409140525363e-9,3.493861507713625e-9,-3.5219477839176563e-9,-6.267167962894544e-9,0.0,0.0,0.0,0.0,0.0,0.0,0.0,0.0,8.965012796830006e-12,1.1349065687492175e-9,0.014086814929859621
3,0.15114994701951814,5,6,70,6.5888363986178184,0.006146564934071897,0.995902272571356,0.0009290529641369953,3.070834344393512e-16,-4.7167257989508664e-17,-6.15700674779627e-17,6.049116778780695e-17,-4.7304211760699755e-17,6.046553558135979e-17,-4.7264784562149347e-17,4.7389874156343666e-17,5.939668495915543e-17,0.0,0.0,0.0,0.0,0.0,0.0,0.0,0.0,8.965012796830006e-12,1.1349065687492175e-9,0.014086814929859621
3,0.15114994701951814,5,4,71,6.588836398619632,0.006146564937808175,-0.9959022725716301,-0.0009290529647017335,2.6527150105227743e-16,0.0,0.0,0.0,0.0,0.0,0.0,0.0,0.0,3.1060687405327464e-17,5.783962119612679e-17,-5.873138365083613e-17,3.080122297998558e-17,-5.873399302716106e-17,3.078803138251038e-17,-3.051695235490706e-17,-5.963208445055034e-17,8.965012796830006e-12,1.1349065687492175e-9,0.014086814929859621
3,0.15114994701951814,5,4,72,4.414259665297093,0.006474804529028618,-0.6672151145400516,-0.0009786663615244118,1.6446013767175256e-16,0.0,0.0,0.0,0.0,0.0,0.0,0.0,0.0,-2.203347576983666e-17,3.422874556794146e-17,-3.433249878680431e-17,-2.2578774551361473e-17,-3.436222967096615e-17,-2.2615086771510094e-17,2.3167168426779412e-17,-3.446148806893136e-17,8.965012796830006e-12,1.1349065687492175e-9,0.014086814929859621
3,0.15114994701951814,5,6,73,4.414259665296812,0.00647480453215803,0.667215114540009,0.0009786663619974223,1.6161282939946545e-16,3.204986731490017e-17,-2.5241292932757398e-17,2.5292126123472667e-17,3.1493674808688047e-17,2.5307869367384725e-17,3.15064057426663e-17,-3.0954988314257793e-17,2.5352924551733345e-17,0.0,0.0,0.0,0.0,0.0,0.0,0.0,0.0,8.965012796830006e-12,1.1349065687492175e-9,0.014086814929859621
3,0.15114994701951814,5,4,74,4.299667380571188,0.011882414112663003,-0.6498944967748854,-0.0017960262635929875,4.192377791370327e-17,0.0,0.0,0.0,0.0,0.0,0.0,0.0,0.0,-9.869744158400084e-18,3.0488332965622267e-18,-2.9847590822496814e-18,-9.973088871821432e-18,-2.8978901283809856e-18,-1.0145109819914423e-17,1.0249242303721545e-17,-2.8302043921405263e-18,8.965012796830006e-12,1.1349065687492175e-9,0.014086814929859621
3,0.15114994701951814,5,4,75,8.842578332240812,0.006224723842866343,-1.336555246434138,-0.0009408666790603792,1.502078107976767e-17,0.0,0.0,0.0,0.0,0.0,0.0,0.0,0.0,3.562422401478771e-18,1.037347766146277e-18,-1.0462760808455455e-18,3.586433578643813e-18,-1.0836661887727245e-18,3.615319292450389e-18,-3.639671509982185e-18,-1.0929399601134526e-18,8.965012796830006e-12,1.1349065687492175e-9,0.014086814929859621
3,0.15114994701951814,5,6,76,8.84257833224126,0.0062247238426674355,1.3365552464342056,0.0009408666790303142,1.4937982857111802e-17,-2.479502909481266e-18,-2.847596799433278e-18,2.7838742924324604e-18,-2.4561489850856347e-18,2.8164208291562944e-18,-2.485519543836113e-18,2.4618645211794392e-18,2.75318313411834e-18,0.0,0.0,0.0,0.0,0.0,0.0,0.0,0.0,8.965012796830006e-12,1.1349065687492175e-9,0.014086814929859621
3,0.15114994701951814,5,6,77,4.299667380570528,0.011882414097053474,0.6498944967747857,0.0017960262612336081,9.629864374340984e-18,2.0241420343334058e-18,-1.510493379827656e-18,1.5195039779247085e-18,1.986099553722568e-18,1.376897331558098e-18,1.858760385509662e-18,-1.8239469853900655e-18,1.3852729113721708e-18,0.0,0.0,0.0,0.0,0.0,0.0,0.0,0.0,8.965012796830006e-12,1.1349065687492175e-9,0.014086814929859621
3,0.15114994701951814,5,6,78,6.629515241809649,0.00636667607614754,1.0020508775646164,0.0009623227516001343,7.568994742090698e-18,-1.0680319168066367e-18,1.578997736054304e-18,-1.5804711345280521e-18,-1.0495780442541715e-18,-1.5806421333953593e-18,-1.0310947694632863e-18,1.012803687530497e-18,-1.581795490257974e-18,0.0,0.0,0.0,0.0,0.0,0.0,0.0,0.0,8.965012796830006e-12,1.1349065687492175e-9,0.014086814929859621
3,0.15114994701951814,5,4,79,6.62951524180904,0.006366676071094361,-1.0020508775645245,-0.0009623227508363466,7.24421413523e-18,0.0,0.0,0.0,0.0,0.0,0.0,0.0,0.0,1.1473928384108004e-18,1.369626738209962e-18,-1.385871865942901e-18,1.1485708363338094e-18,-1.4155438922238883e-18,1.1471614239391338e-18,-1.1480928186895571e-18,-1.4321272521998019e-18,8.965012796830006e-12,1.1349065687492175e-9,0.014086814929859621
4,0.08726646259971647,6,7,0,0.28928008477338596,0.008383524847137126,0.025244449698719498,0.0007316005575264858,50.20064727790343,9.266044218306982,-8.64989378086014,8.655142031347948,9.087750198740565,8.65514203123747,9.08775019834017,-8.91118702540418,8.658572558602005,0.0,0.0,0.0,0.0,0.0,0.0,0.0,0.0,1.1810670153819649e-11,5.425617795380871e-9,0.012343965878594178
4,0.08726646259971647,6,5,1,0.28928008477328127,0.008383524847143565,-0.02524444969871036,-0.0007316005575270478,50.20064726239429,0.0,0.0,0.0,0.0,0.0,0.0,0.0,0.0,-8.91118702279149,8.658572555723246,-8.655142028486894,-9.087750196149306,-8.655142028341544,-9.087750195705278,9.266044215694093,-8.6498937779814,1.1810670153819649e-11,5.425617795380871e-9,0.012343965878594178
4,0.08726646259971647,6,7,2,0.2730545255779071,-0.007839702018475454,0.023828502544027755,-0.0006841430629882099,47.72906870698134,-8.046534471602515,8.649053646834536,-8.654261576878431,-8.214355628438009,-8.654261576856808,-8.214355628050903,8.383907472893796,-8.657826462707598,0.0,0.0,0.0,0.0,0.0,0.0,0.0,0.0,1.1810670153819649e-11,5.425617795380871e-9,0.012343965878594178
4,0.08726646259971647,6,5,3,0.273054525577916,-0.007839702018562215,-0.023828502544028532,0.0006841430629957812,47.729068690335964,0.0,0.0,0.0,0.0,0.0,0.0,0.0,0.0,8.383907470052227,-8.657826459666902,8.654261573854896,8.214355625619147,8.654261573799715,8.214355625186398,-8.046534468761319,8.649053643794037,1.1810670153819649e-11,5.425617795380871e-9,0.012343965878594178
4,0.08726646259971647,6,7,4,1.0495787728837018,0.002550125751173936,0.09159302672931188,0.00022254045348939414,13.509868545388036,2.551280441578958,-2.264531578863106,2.2671475280263946,2.5033489656271213,2.26714752953793,2.5033489640693873,-2.4558708675405234,2.2692627635759592,0.0,0.0,0.0,0.0,0.0,0.0,0.0,0.0,1.1810670153819649e-11,5.425617795380871e-9,0.012343965878594178
4,0.08726646259971647,6,5,5,1.0495787728831998,0.00255012575180609,-0.09159302672926807,-0.00022254045354456,13.509868504459911,0.0,0.0,0.0,0.0,0.0,0.0,0.0,0.0,-2.455870864701568,2.2692627514682413,-2.267147515991031,-2.5033489629693704,-2.2671475173581856,-2.5033489610468025,2.5512804387399957,-2.2645315667551453,1.1810670153819649e-11,5.425617795380871e-9,0.012343965878594178
4,0.08726646259971647,6,7,6,1.0452037816292654,-0.001826132456625107,0.09121123671863252,-0.00015936011972820326,12.179449959732427,-1.9906367128892115,2.2637412599496574,-2.2662700274136545,-2.0334070517056064,-2.2662700289270172,-2.0334070501685466,2.0766306023066896,-2.2683920696651017,0.0,0.0,0.0,0.0,0.0,0.0,0.0,0.0,1.1810670153819649e-11,5.425617795380871e-9,0.012343965878594178
4,0.08726646259971647,6,5,7,1.0452037816293407,-0.001826132456617495,-0.09121123671863908,0.000159360119727539,12.179449916268549,0.0,0.0,0.0,0.0,0.0,0.0,0.0,0.0,2.076630599580462,-2.2683920575126484,2.2662700153329953,2.0334070491630807,2.266270016703238,2.03340704725609,-1.9906367101628897,2.263741247797127,1.1810670153819649e-11,5.425617795380871e-9,0.012343965878594178
4,0.08726646259971647,6,7,8,3.8671958619013167,0.0009791553296535603,0.33747650304838955,8.544742195452548e-5,5.088316758130787,0.9286072811854571,-0.8879637298555427,0.8882786574223258,0.9105303905568161,0.8882786590273092,0.9105303878000318,-0.8926311346818202,0.8884114627598383,0.0,0.0,0.0,0.0,0.0,0.0,0.0,0.0,1.1810670153819649e-11,5.425617795380871e-9,0.012343965878594178
4,0.08726646259971647,6,5,9,3.867195861901512,0.0009791553285032183,-0.3374765030484066,-8.54474218541392e-5,5.088316704755134,0.0,0.0,0.0,0.0,0.0,0.0,0.0,0.0,-0.8926311184227702,0.8884114603161041,-0.8882786550270727,-0.9105303742532107,-0.8882786565382901,-0.9105303715849954,0.9286072649263526,-0.8879637274117529,1.1810670153819649e-11,5.425617795380871e-9,0.012343965878594178
4,0.08726646259971647,6,7,10,3.86525745665615,-0.0009568237658856369,0.33730734527955913,-8.34986253801788e-5,4.963794775070985,-0.8490771298741122,0.8879495237255352,-0.8882520274444075,-0.866536212875971,-0.8882520290881645,-0.8665362101088299,0.8841729261750174,-0.8883812078089219,0.0,0.0,0.0,0.0,0.0,0.0,0.0,0.0,1.1810670153819649e-11,5.425617795380871e-9,0.012343965878594178
4,0.08726646259971647,6,5,11,3.8652574566561415,-0.0009568237643584176,-0.3373073452795584,8.349862524690378e-5,4.963794723322691,0.0,0.0,0.0,0.0,0.0,0.0,0.0,0.0,0.8841729098725006,-0.8883812056382625,0.8882520253220495,0.8665361965290029,0.8882520268723414,0.8665361938503152,-0.8490771135715814,0.8879495215547539,1.1810670153819649e-11,5.425617795380871e-9,0.012343965878594178
4,0.08726646259971647,6,7,12,7.454866768462937,0.0006761980216290382,0.6505598520359401,5.9009409364492733e-5,3.5775364046192566,0.6496569631011738,-0.6276836678061264,0.6278393847790074,0.6369463378612183,0.6278393858561326,0.6369463342142713,-0.6243612641245727,0.627867701051835,0.0,0.0,0.0,0.0,0.0,0.0,0.0,0.0,1.1810670153819649e-11,5.425617795380871e-9,0.012343965878594178
4,0.08726646259971647,6,5,13,7.454866768480478,0.0006761980604551958,-0.6505598520374709,-5.9009412752714166e-5,3.577536128491523,0.0,0.0,0.0,0.0,0.0,0.0,0.0,0.0,-0.6243610754223721,0.6278677941381178,-0.6278394779732773,-0.6369461487856005,-0.6278394788721413,-0.6369461459040349,0.6496567743988982,-0.6276837608923842,1.1810670153819649e-11,5.425617795380871e-9,0.012343965878594178
4,0.08726646259971647,6,7,14,7.453505371610461,-0.0006800213325195235,0.6504410477484301,-5.9343056181324354e-5,3.526030524319419,-0.6063461464329147,0.6276749757922886,-0.6278266986061808,-0.6187491360231787,-0.627826699700834,-0.6187491323609421,0.631277674928227,-0.6278546601781966,0.0,0.0,0.0,0.0,0.0,0.0,0.0,0.0,1.1810670153819649e-11,5.425617795380871e-9,0.012343965878594178
4,0.08726646259971647,6,5,15,7.453505371602931,-0.0006800213696027489,-0.650441047747773,5.9343059417446255e-5,3.526030260081633,0.0,0.0,0.0,0.0,0.0,0.0,0.0,0.0,0.6312774861401703,-0.627854753470948,0.6278267920075398,0.6187489468613753,0.6278267929227427,0.6187489439653726,-0.6063459576449354,0.6276750690850497,1.1810670153819649e-11,5.425617795380871e-9,0.012343965878594178
4,0.08726646259971647,6,5,16,4.355387140155506,0.007386406160519355,-0.3800792289736666,-0.0006445855369532777,0.20982952138413236,0.0,0.0,0.0,0.0,0.0,0.0,0.0,0.0,-0.036928796217448066,0.03651601471617612,-0.036508138574851495,-0.037666895243939874,-0.03650813857124655,-0.03766689524452915,0.03841229514533219,-0.03649272832078647,1.1810670153819649e-11,5.425617795380871e-9,0.012343965878594178
4,0.08726646259971647,6,7,17,4.355387140155427,0.007386406160986262,0.3800792289736597,0.000644585536994023,0.2098295213118416,0.03841229510861536,-0.03649272833270297,0.03650813858642789,0.03766689520673354,0.03650813858350371,0.03766689520830142,-0.036928796180728536,0.03651601472808586,0.0,0.0,0.0,0.0,0.0,0.0,0.0,0.0,1.1810670153819649e-11,5.425617795380871e-9,0.012343965878594178
4,0.08726646259971647,6,5,18,4.342756608282057,-0.005019887042797887,-0.3789770071363177,0.00043806778487512317,0.19862040008627171,0.0,0.0,0.0,0.0,0.0,0.0,0.0,0.0,0.03416676580492705,-0.03671433272695084,0.036685493174072936,0.0334616240060409,0.036685493174985456,0.03346162400582515,-0.03276381863627169,0.03664996056368054,1.1810670153819649e-11,5.425617795380871e-9,0.012343965878594178
4,0.08726646259971647,6,7,19,4.342756608281143,-0.00501988704360299,0.37897700713623794,-0.00043806778494538163,0.19862040001728176,-0.032763818599535255,0.03664996057383915,-0.03668549318397214,-0.033461623968677814,-0.0366854931854186,-0.03346162396971346,0.034166765768186724,-0.036714332737117356,0.0,0.0,0.0,0.0,0.0,0.0,0.0,0.0,1.1810670153819649e-11,5.425617795380871e-9,0.012343965878594178
4,0.08726646259971647,6,5,20,4.716584471046875,0.0005473843099963824,-0.41159964234101565,-4.776829241597092e-5,0.0633678866287951,0.0,0.0,0.0,0.0,0.0,0.0,0.0,0.0,-0.011077084852534058,0.011103362736494657,-0.011102501019983845,-0.011299999840502646,-0.01110250109870419,-0.011299999206289296,0.011525134467452042,-0.011099379161211145,1.1810670153819649e-11,5.425617795380871e-9,0.012343965878594178
4,0.08726646259971647,6,7,21,4.716584471047449,0.0005473843125215257,0.4115996423410657,4.776829263633124e-5,0.06336788578041765,0.011525134131035146,-0.011099379200953085,0.01110250105097253,0.011299999513205714,0.011102501147272703,0.011299998860767565,-0.011077084516124209,0.011103362776242645,0.0,0.0,0.0,0.0,0.0,0.0,0.0,0.0,1.1810670153819649e-11,5.425617795380871e-9,0.012343965878594178
4,0.08726646259971647,6,5,22,4.716124151457417,8.703053631699438e-5,-0.4115594718787783,-7.594847042540256e-6,0.06207011470962551,0.0,0.0,0.0,0.0,0.0,0.0,0.0,0.0,0.011061833667135444,-0.011103215758135988,0.011101712227494434,0.01084129372042585,0.011101712307836022,0.010841293086054709,-0.010622973263952808,0.01109804029745769,1.1810670153819649e-11,5.425617795380871e-9,0.012343965878594178
4,0.08726646259971647,6,7,23,4.716124151456908,8.703053470371196e-5,0.4115594718787339,7.594846901754806e-6,0.06207011388758507,-0.010622972926438492,0.011098040339777862,-0.011101712261116463,-0.010841293392008152,-0.011101712358926177,-0.010841292739456249,0.011061833329625218,-0.011103215800460501,0.0,0.0,0.0,0.0,0.0,0.0,0.0,0.0,1.1810670153819649e-11,5.425617795380871e-9,0.012343965878594178
4,0.08726646259971647,6,5,24,7.932734482893588,0.007849965293435525,-0.6922616770649145,-0.0006850387026886636,0.05998862233213791,0.0,0.0,0.0,0.0,0.0,0.0,0.0,0.0,-0.010458601271274058,0.010538875080549018,-0.010538616105871994,-0.010669629875298542,-0.010538616105213654,-0.010669629876910043,0.010882765990746435,-0.010536222993826727,1.1810670153819649e-11,5.425617795380871e-9,0.012343965878594178
4,0.08726646259971647,6,7,25,7.932734482901891,0.007849965281825863,0.692261677065639,0.0006850387016755295,0.059988622171683034,0.01088276591966708,-0.010536223008690749,0.010538616120807297,0.010669629804435327,0.010538616120039538,0.010669629805619,-0.010458601200195983,0.010538875095431796,0.0,0.0,0.0,0.0,0.0,0.0,0.0,0.0,1.1810670153819649e-11,5.425617795380871e-9,0.012343965878594178
4,0.08726646259971647,6,5,26,7.919617223545625,-0.0048581361867231785,-0.6911169802426147,0.00042395235984300745,0.05711077988716132,0.0,0.0,0.0,0.0,0.0,0.0,0.0,0.0,0.009677519900668438,-0.010691384698363221,0.010680293467396108,0.009474899137184604,0.010680293467785772,0.0094748991384228,-0.009274414244118666,0.010667307043424749,1.1810670153819649e-11,5.425617795380871e-9,0.012343965878594178
4,0.08726646259971647,6,7,27,7.919617223558955,-0.0048581361746361925,0.691116980243778,-0.000423952358788219,0.05711077973681708,-0.009274414167032488,0.01066730706159816,-0.010680293485432918,-0.009474899060223304,-0.010680293486147487,-0.009474899061089281,0.009677519823455267,-0.010691384716574558,0.0,0.0,0.0,0.0,0.0,0.0,0.0,0.0,1.1810670153819649e-11,5.425617795380871e-9,0.012343965878594178
4,0.08726646259971647,6,7,28,8.3178779232225,0.0005427424544023965,0.7258717826959037,4.736321409838506e-5,0.018262412060947447,0.003310026909332521,-0.0032106795751438394,0.003211346890589323,0.003245140972832186,0.0032113469173455124,0.0032451409427485182,-0.0031808972106552847,0.003211365140453315,0.0,0.0,0.0,0.0,0.0,0.0,0.0,0.0,1.1810670153819649e-11,5.425617795380871e-9,0.012343965878594178
4,0.08726646259971647,6,5,29,8.31787792322391,0.000542742453400762,-0.7258717826960267,-4.7363214010975954e-5,0.018262409015231518,0.0,0.0,0.0,0.0,0.0,0.0,0.0,0.0,-0.003180897866291969,0.003211363395477315,-0.0032113451680196733,-0.003245141631370715,-0.003211345149906465,-0.0032451415951185556,0.003310027564954005,-0.0032106778302431376,1.1810670153819649e-11,5.425617795380871e-9,0.012343965878594178
4,0.08726646259971647,6,7,30,8.317425587148609,9.042612293823533e-5,0.7258323089268289,7.891167875426877e-6,0.018018810424291553,-0.003095616921617409,0.0032104062454279964,-0.0032112398020551205,-0.003158998260491373,-0.0032112398290379193,-0.0031589982299076104,0.00322302175349444,-0.0032114415218693587,0.0,0.0,0.0,0.0,0.0,0.0,0.0,0.0,1.1810670153819649e-11,5.425617795380871e-9,0.012343965878594178
4,0.08726646259971647,6,5,31,8.317425587144635,9.04261221862674e-5,-0.7258323089264821,-7.891167809805297e-6,0.018018807326899006,0.0,0.0,0.0,0.0,0.0,0.0,0.0,0.0,0.003223022420561765,-0.003211439779499219,0.003211238081930053,0.0031589989304224605,0.0032112380643493253,0.0031589988937504574,-0.003095617588672033,0.0032104045031171326,1.1810670153819649e-11,5.425617795380871e-9,0.012343965878594178
4,0.08726646259971647,6,5,32,8.01103419766576,0.007883890944835005,-0.6990946161956487,-0.0006879992742776873,0.005210266973286524,0.0,0.0,0.0,0.0,0.0,0.0,0.0,0.0,-0.0009175864234078254,0.0009061109203999429,-0.0009059030300652654,-0.0009359139899594119,-0.0009059030297367694,-0.000935913990129627,0.0009544227185676405,-0.0009055079384875903,1.1810670153819649e-11,5.425617795380871e-9,0.012343965878594178
4,0.08726646259971647,6,7,33,8.011034197666058,0.00788389094562267,0.6990946161956747,0.0006879992743464241,0.005210266972262507,0.0009544227170185012,-0.0009055079397229549,0.0009059030312865244,0.0009359139884096008,0.0009059030309877537,0.0009359139885741194,-0.0009175864218514597,0.0009061109216364278,0.0,0.0,0.0,0.0,0.0,0.0,0.0,0.0,1.1810670153819649e-11,5.425617795380871e-9,0.012343965878594178
4,0.08726646259971647,6,5,34,7.995808684555147,-0.00733780416156934,-0.6977659395252199,0.0006403442124296347,0.005071060529081097,0.0,0.0,0.0,0.0,0.0,0.0,0.0,0.0,0.0009061937627688817,-0.000904669067057259,0.0009045950436622352,0.0008881755937037331,0.0009045950438147009,0.0008881755934922263,-0.000870338325670325,0.0009043433672110465,1.1810670153819649e-11,5.425617795380871e-9,0.012343965878594178
4,0.08726646259971647,6,7,35,7.995808684555131,-0.007337804162112757,0.6977659395252185,-0.0006403442124770568,0.005071060525059255,-0.000870338325494418,0.0009043433659726876,-0.0009045950424349466,-0.0008881755935219598,-0.0009045950425686342,-0.0008881755933226024,0.0009061937625936795,-0.0009046690658222539,0.0,0.0,0.0,0.0,0.0,0.0,0.0,0.0,1.1810670153819649e-11,5.425617795380871e-9,0.012343965878594178
4,0.08726646259971647,6,7,36,8.070176191070388,-0.00048448107470706187,0.7042557287511664,-4.227894958619426e-5,0.004004642685812144,0.0007103820426398682,-0.0007196362484503782,0.0007194737335269268,0.000696153809142747,0.0007194737334405312,0.0006961538097328588,-0.0006820694570578513,0.0007191719733680981,0.0,0.0,0.0,0.0,0.0,0.0,0.0,0.0,1.1810670153819649e-11,5.425617795380871e-9,0.012343965878594178
4,0.08726646259971647,6,5,37,8.070176191069391,-0.0004844810754057686,-0.7042557287510794,4.227894964716792e-5,0.0040046426825169875,0.0,0.0,0.0,0.0,0.0,0.0,0.0,0.0,-0.0006820694521953619,0.0007191719769264306,-0.0007194737370176762,-0.0006961538041891466,-0.0007194737370636727,-0.000696153804965691,0.000710382037780875,-0.0007196362520048914,1.1810670153819649e-11,5.425617795380871e-9,0.012343965878594178
4,0.08726646259971647,6,7,38,8.07427061158845,0.0033411145805938153,0.7046130343461733,0.0002915672505887576,0.003990847186038243,-0.0006819924033245173,0.0007145323029472976,-0.0007147884481160708,-0.0006960291209579073,-0.0007147884483011138,-0.000696029121156433,0.0007102087825574855,-0.0007149053733531023,0.0,0.0,0.0,0.0,0.0,0.0,0.0,0.0,1.1810670153819649e-11,5.425617795380871e-9,0.012343965878594178
4,0.08726646259971647,6,5,39,8.0742706115886,0.003341114580855434,-0.7046130343461865,-0.00029156725061158813,0.003990847173505388,0.0,0.0,0.0,0.0,0.0,0.0,0.0,0.0,0.0007102087778851235,-0.0007149053735310942,0.0007147884482380465,0.0006960291161808669,0.0007147884485326597,0.000696029116588392,-0.0006819923986517997,0.0007145323031219228,1.1810670153819649e-11,5.425617795380871e-9,0.012343965878594178
4,0.08726646259971647,6,7,40,4.289778940454363,-0.003913794201710862,0.37435383346821205,-0.0003415429753265882,0.002929808867944916,-0.0004884143145907565,-0.0005359932051311119,0.0005462860805467698,-0.00048788415324167337,0.0005462860808243399,-0.00048788415311429447,0.0004872447247915835,0.000556676522144795,0.0,0.0,0.0,0.0,0.0,0.0,0.0,0.0,1.1810670153819649e-11,5.425617795380871e-9,0.012343965878594178
4,0.08726646259971647,6,5,41,4.2897789404555615,-0.003913794202467105,-0.37435383346831663,0.00034154297539258275,0.0029298088663196804,0.0,0.0,0.0,0.0,0.0,0.0,0.0,0.0,0.0004872447245802131,0.0005566765217834402,-0.0005462860802134464,0.00048788415304635294,-0.0005462860804417453,0.00048788415289133464,-0.000488414314383798,-0.0005359932047764791,1.1810670153819649e-11,5.425617795380871e-9,0.012343965878594178
4,0.08726646259971647,6,7,42,4.296760493764937,0.003293396374237482,0.3749630889290772,0.00028740305151843707,0.0023739563933163474,0.00047330475960631906,0.00036784392585255046,-0.0003594796866247677,0.0004722139930731064,-0.00035947968684673536,0.00047221399290657524,-0.00047105132099242795,-0.00035120988322794955,0.0,0.0,0.0,0.0,0.0,0.0,0.0,0.0,1.1810670153819649e-11,5.425617795380871e-9,0.012343965878594178
4,0.08726646259971647,6,5,43,4.296760493764877,0.003293396375065356,-0.37496308892907193,-0.0002874030515906827,0.002373956390964588,0.0,0.0,0.0,0.0,0.0,0.0,0.0,0.0,-0.0004710513213474084,-0.0003512098817921849,0.00035947968517636915,-0.0004722139934331045,0.00035947968542056395,-0.0004722139932571937,0.00047330475996170323,0.0003678439244136468,1.1810670153819649e-11,5.425617795380871e-9,0.012343965878594178
4,0.08726646259971647,6,7,44,7.880778459924171,-0.0042525597750957475,0.6877276587296238,-0.00037110584856645174,0.0016408530137990728,-0.00027151851699954533,-0.0003020139615094338,0.00030777641211341696,-0.0002711829283578398,0.00030777641217969045,-0.00027118292835860307,0.0002707857790139937,0.00031359309321318525,0.0,0.0,0.0,0.0,0.0,0.0,0.0,0.0,1.1810670153819649e-11,5.425617795380871e-9,0.012343965878594178
4,0.08726646259971647,6,5,45,7.8807784599063595,-0.004252559757071464,-0.6877276587280695,0.0003711058469935363,0.0016408529876872678,0.0,0.0,0.0,0.0,0.0,0.0,0.0,0.0,0.00027078577977581976,0.0003135930838242783,-0.00030777640274817075,0.0002711829291421787,-0.00030777640274357574,0.0002711829291644819,-0.0002715185178251778,-0.00030201395209642385,1.1810670153819649e-11,5.425617795380871e-9,0.012343965878594178
4,0.08726646259971647,6,7,46,7.887637277474816,0.003018958011097247,0.6883262034748855,0.00026345378636553234,0.0011941073157607834,0.00025062078657261966,0.00016764001962789148,-0.00016348240983173547,0.00024977452595940545,-0.00016348240973031145,0.00024977452619528566,-0.0002488955641057124,-0.0001593747515692382,0.0,0.0,0.0,0.0,0.0,0.0,0.0,0.0,1.1810670153819649e-11,5.425617795380871e-9,0.012343965878594178
4,0.08726646259971647,6,5,47,7.887637277479756,0.0030189579956591064,-0.6883262034753166,-0.00026345378501830045,0.0011941072957768204,0.0,0.0,0.0,0.0,0.0,0.0,0.0,0.0,-0.0002488955678154117,-0.00015937473676674613,0.00016348239490522867,-0.00024977452974555365,0.00016348239498121224,-0.0002497745298917982,0.00025062079034394443,0.0001676400047539308,1.1810670153819649e-11,5.425617795380871e-9,0.012343965878594178
4,0.08726646259971647,6,5,48,11.599083383347516,-0.0061609837851961755,-1.012210976263889,0.0005376472610682817,0.0007004935628402018,0.0,0.0,0.0,0.0,0.0,0.0,0.0,0.0,0.00014716453220231775,-9.812619898876354e-5,9.860204881813564e-5,0.00014472147282380582,9.860204886719253e-5,0.00014472147285092397,-0.00014229813098767393,9.904895243046252e-5,1.1810670153819649e-11,5.425617795380871e-9,0.012343965878594178
4,0.08726646259971647,6,7,49,11.599083383341352,-0.006160983769857242,1.0122109762633509,-0.0005376472597297073,0.0007004935623311828,-0.0001422981304589916,9.904895297429764e-5,-9.860204936012078e-5,-0.00014472147230930812,-9.860204942028036e-5,-0.00014472147231139757,0.00014716453167697323,-9.812619953993602e-5,0.0,0.0,0.0,0.0,0.0,0.0,0.0,0.0,1.1810670153819649e-11,5.425617795380871e-9,0.012343965878594178
4,0.08726646259971647,6,5,50,8.731716600781633,0.002815549232898182,-0.7619860201734339,-0.0002457030218303696,0.0002815308103179565,0.0,0.0,0.0,0.0,0.0,0.0,0.0,0.0,-5.139117617835201e-5,4.705680398238864e-5,-4.700824687446328e-5,-5.2380357888242855e-5,-4.700824679811465e-5,-5.2380357905232635e-5,5.337894021694678e-5,-4.6949212678379235e-5,1.1810670153819649e-11,5.425617795380871e-9,0.012343965878594178
4,0.08726646259971647,6,7,51,8.731716600782203,0.0028155492321526466,0.7619860201734836,0.0002457030217653094,0.00028153080947606837,5.3378940068414445e-5,-4.6949212529533876e-5,4.700824672393528e-5,5.2380357739842676e-5,4.70082466499115e-5,5.238035775610149e-5,-5.139117602939776e-5,4.705680383247953e-5,0.0,0.0,0.0,0.0,0.0,0.0,0.0,0.0,1.1810670153819649e-11,5.425617795380871e-9,0.012343965878594178
4,0.08726646259971647,6,5,52,8.726818907825448,-0.002083273001651115,-0.761558615834248,0.0001817998654835861,0.0002511165607082956,0.0,0.0,0.0,0.0,0.0,0.0,0.0,0.0,4.252876727617576e-5,-4.70312445083747e-5,4.698203354673039e-5,4.163786650151563e-5,4.6982033564258176e-5,4.163786647052813e-5,-4.075636126982574e-5,4.6924494089817034e-5,1.1810670153819649e-11,5.425617795380871e-9,0.012343965878594178
4,0.08726646259971647,6,7,53,8.726818907825997,-0.0020832730016524473,0.761558615834296,-0.00018179986548370238,0.0002511165604895365,-4.075636123423578e-5,4.6924494048373514e-5,-4.698203350612832e-5,-4.1637866461527684e-5,-4.698203352132117e-5,-4.163786643986213e-5,4.2528767241118745e-5,-4.703124446626005e-5,0.0,0.0,0.0,0.0,0.0,0.0,0.0,0.0,1.1810670153819649e-11,5.425617795380871e-9,0.012343965878594178
4,0.08726646259971647,6,7,54,8.801650207519838,0.00035868096536886655,0.7680888786503167,3.130081904959239e-5,0.00023910740287133876,4.317468722473824e-5,-4.220447670459821e-5,4.220992489088126e-5,4.232511606819609e-5,4.220992499749409e-5,4.232511664165704e-5,-4.1483986623304725e-5,4.220690731697225e-5,0.0,0.0,0.0,0.0,0.0,0.0,0.0,0.0,1.1810670153819649e-11,5.425617795380871e-9,0.012343965878594178
4,0.08726646259971647,6,5,55,8.801650207521297,0.000358680966992932,-0.768088878650444,-3.130081919131884e-5,0.00023910738081402857,0.0,0.0,0.0,0.0,0.0,0.0,0.0,0.0,-4.148398196325597e-5,4.220690417924038e-5,-4.220992167942332e-5,-4.232511125725534e-5,-4.2209921937429396e-5,-4.2325112131138114e-5,4.3174682563977815e-5,-4.22044735699129e-5,1.1810670153819649e-11,5.425617795380871e-9,0.012343965878594178
4,0.08726646259971647,6,7,56,8.802106359125787,0.0007837591180455475,0.768128685387377,6.839588576210854e-5,0.00023763929083827782,-4.104723466271766e-5,4.212590847380381e-5,-4.2132527623035536e-5,-4.1883178769403576e-5,-4.213252777348289e-5,-4.188317933800745e-5,4.272754911222975e-5,-4.213076944503113e-5,0.0,0.0,0.0,0.0,0.0,0.0,0.0,0.0,1.1810670153819649e-11,5.425617795380871e-9,0.012343965878594178
4,0.08726646259971647,6,5,57,8.80210635912555,0.0007837591158085782,-0.7681286853873565,-6.839588556689614e-5,0.0002376392711162337,0.0,0.0,0.0,0.0,0.0,0.0,0.0,0.0,4.2727544968581234e-5,-4.213076661071953e-5,4.213252471768982e-5,4.1883174470797725e-5,4.213252501406287e-5,4.188317534773281e-5,-4.104723051803264e-5,4.212590564248054e-5,1.1810670153819649e-11,5.425617795380871e-9,0.012343965878594178
4,0.08726646259971647,6,5,58,7.98964725679741,0.002044141937433054,-0.6972282535202384,-0.00017838503593151358,5.84801694741727e-5,0.0,0.0,0.0,0.0,0.0,0.0,0.0,0.0,-9.204595700244434e-6,-1.1170421204227843e-5,1.1375090233718701e-5,-9.183805035036493e-6,1.1375090250650857e-5,-9.183805017574379e-6,9.160739150654424e-6,1.1581595813492136e-5,1.1810670153819649e-11,5.425617795380871e-9,0.012343965878594178
4,0.08726646259971647,6,7,59,7.989647256797628,0.002044141937221104,0.6972282535202575,0.00017838503591301744,5.8480168963069185e-5,9.16073889064361e-6,1.1581595859581604e-5,-1.1375090281762459e-5,9.183804779030072e-6,-1.1375090294126765e-5,9.183804753360376e-6,-9.204595440039923e-6,-1.117042124971799e-5,0.0,0.0,0.0,0.0,0.0,0.0,0.0,0.0,1.1810670153819649e-11,5.425617795380871e-9,0.012343965878594178
4,0.08726646259971647,6,7,60,7.983542768547155,-0.0037923655557563513,0.6966955364246572,-0.0003309463269358646,4.2649037265585574e-5,-8.863958044866046e-6,-5.73214216830335e-6,5.878991855341684e-6,-8.894691944864418e-6,5.878991856658492e-6,-8.894691961053096e-6,8.924249884802186e-6,6.027620364464912e-6,0.0,0.0,0.0,0.0,0.0,0.0,0.0,0.0,1.1810670153819649e-11,5.425617795380871e-9,0.012343965878594178
4,0.08726646259971647,6,5,61,7.98354276854708,-0.0037923655551770985,-0.6966955364246507,0.0003309463268853153,4.264903717628346e-5,0.0,0.0,0.0,0.0,0.0,0.0,0.0,0.0,8.92424989357182e-6,6.0276203095876295e-6,-5.87899179848048e-6,8.894691956023899e-6,-5.878991803931473e-6,8.894691968815716e-6,-8.863958054995454e-6,-5.732142113575426e-6,1.1810670153819649e-11,5.425617795380871e-9,0.012343965878594178
4,0.08726646259971647,6,7,62,8.786004666881087,0.0002149749908896964,0.7667235476633129,1.8760107002350082e-5,3.592966252688138e-5,-7.353487058206637e-6,5.0008484047253705e-6,-4.976577363696926e-6,-7.477528635880541e-6,-4.976577383188222e-6,-7.4775286347825435e-6,7.602565378292742e-6,-4.950810737775715e-6,0.0,0.0,0.0,0.0,0.0,0.0,0.0,0.0,1.1810670153819649e-11,5.425617795380871e-9,0.012343965878594178
4,0.08726646259971647,6,5,63,8.786004666864665,0.0002149749368526143,-0.7667235476618797,-1.8760102286725077e-5,3.592965054725688e-5,0.0,0.0,0.0,0.0,0.0,0.0,0.0,0.0,7.602561086198455e-6,-4.950811782401837e-6,4.976578399343338e-6,7.477524335888979e-6,4.97657843327127e-6,7.4775243517318965e-6,-7.353482767083707e-6,5.0008494450233994e-6,1.1810670153819649e-11,5.425617795380871e-9,0.012343965878594178
4,0.08726646259971647,6,7,64,5.197616814686169,8.37462163942454e-5,0.45357763336646806,7.308236060836179e-6,3.5823084711713764e-5,-8.075531167487647e-6,3.660544607715211e-6,-3.615578364493006e-6,-8.193254609814949e-6,-3.6155783377426508e-6,-8.193254565423546e-6,8.31170095957305e-6,-3.5689733713015942e-6,0.0,0.0,0.0,0.0,0.0,0.0,0.0,0.0,1.1810670153819649e-11,5.425617795380871e-9,0.012343965878594178
4,0.08726646259971647,6,5,65,5.197616814686359,8.374621760172049e-5,-0.45357763336648466,-7.308236166208259e-6,3.582308421759531e-5,0.0,0.0,0.0,0.0,0.0,0.0,0.0,0.0,8.311700772779642e-6,-3.5689734887700326e-6,3.615578481897348e-6,8.193254418075184e-6,3.6155784553876468e-6,8.1932543834061e-6,-8.075530980501543e-6,3.6605447252560833e-6,1.1810670153819649e-11,5.425617795380871e-9,0.012343965878594178
4,0.08726646259971647,6,5,66,11.590910578451824,0.0018388620343066965,-1.011497764491124,-0.00016047098494286388,2.272271330041327e-5,0.0,0.0,0.0,0.0,0.0,0.0,0.0,0.0,-3.866850011952843e-6,-4.083752111240554e-6,4.1636446100611745e-6,-3.8642666098047905e-6,4.163644613530137e-6,-3.8642666161777825e-6,3.860850407839e-6,4.244309882337819e-6,1.1810670153819649e-11,5.425617795380871e-9,0.012343965878594178
4,0.08726646259971647,6,7,67,11.590910578451764,0.0018388620327808615,1.011497764491119,0.00016047098480970965,2.2722713201747846e-5,3.8608503409552825e-6,4.244309911475826e-6,-4.16364463692091e-6,3.864266544213631e-6,-4.163644643084789e-6,3.8642665484444574e-6,-3.866849945495115e-6,-4.083752138544351e-6,0.0,0.0,0.0,0.0,0.0,0.0,0.0,0.0,1.1810670153819649e-11,5.425617795380871e-9,0.012343965878594178
4,0.08726646259971647,6,7,68,8.786408842587798,0.0006332287913182084,0.7667588186475062,5.52596366346341e-5,2.192264018871987e-5,2.4158041784703086e-6,-4.980639289081788e-6,4.954754818575928e-6,2.342335887910468e-6,4.954754845941284e-6,2.342335879288451e-6,-2.269858492836077e-6,4.928401810091206e-6,0.0,0.0,0.0,0.0,0.0,0.0,0.0,0.0,1.1810670153819649e-11,5.425617795380871e-9,0.012343965878594178
4,0.08726646259971647,6,5,69,8.786408842605272,0.0006332288431282439,-0.7667588186490312,-5.5259641155912624e-5,2.1922637786242318e-5,0.0,0.0,0.0,0.0,0.0,0.0,0.0,0.0,-2.269854514841021e-6,4.928403027550512e-6,-4.954756025854342e-6,-2.3423319029637193e-6,-4.954756070831825e-6,-2.3423319097529018e-6,2.4158002017163277e-6,-4.980640502947643e-6,1.1810670153819649e-11,5.425617795380871e-9,0.012343965878594178
4,0.08726646259971647,6,7,70,11.584763617767692,-0.003995064610848575,1.0109613409764804,-0.00034863515644606804,1.8950880942198763e-5,-3.7324429629965006e-6,-2.840654943377517e-6,2.906759805298327e-6,-3.741071808547652e-6,2.906759807151852e-6,-3.7410718110033047e-6,3.74911922977273e-6,2.973612825268248e-6,0.0,0.0,0.0,0.0,0.0,0.0,0.0,0.0,1.1810670153819649e-11,5.425617795380871e-9,0.012343965878594178
4,0.08726646259971647,6,5,71,11.584763617758105,-0.003995064607136207,-1.0109613409756437,0.0003486351561221028,1.8950880358071873e-5,0.0,0.0,0.0,0.0,0.0,0.0,0.0,0.0,3.7491191604546723e-6,2.9736126755225085e-6,-2.906759656640046e-6,3.741071738688337e-6,-2.9067596586996317e-6,3.7410717418588545e-6,-3.7324428933085285e-6,-2.840654796006606e-6,1.1810670153819649e-11,5.425617795380871e-9,0.012343965878594178
4,0.08726646259971647,6,5,72,5.198242607582825,0.0007094293514642719,-0.45363224409887926,-6.190938996669799e-5,1.4532174217774607e-5,0.0,0.0,0.0,0.0,0.0,0.0,0.0,0.0,-6.080674899670502e-7,3.5450339284343993e-6,-3.574339632657012e-6,-6.499552180663696e-7,-3.5743396382982617e-6,-6.499551830510256e-7,6.925577660025352e-7,-3.60351528005971e-6,1.1810670153819649e-11,5.425617795380871e-9,0.012343965878594178
4,0.08726646259971647,6,7,73,5.198242607583175,0.0007094293521191716,0.4536322440989098,6.190939002384878e-5,1.4532174128893414e-5,6.925579347661574e-7,-3.6035152266798162e-6,3.5743395788708786e-6,6.499553914314807e-7,3.5743395855247205e-6,6.499553471955486e-7,-6.080676587214954e-7,3.5450338752859635e-6,0.0,0.0,0.0,0.0,0.0,0.0,0.0,0.0,1.1810670153819649e-11,5.425617795380871e-9,0.012343965878594178
4,0.08726646259971647,6,7,74,11.57466023510264,-0.0039485727670177965,1.01007965451101,-0.00034457797769521753,2.9049630814733656e-6,-4.4978950832503896e-7,-5.609330723849639e-7,5.710851860795187e-7,-4.4862121635253196e-7,5.710851900313306e-7,-4.486212173587184e-7,4.473386993784598e-7,5.813270165459019e-7,0.0,0.0,0.0,0.0,0.0,0.0,0.0,0.0,1.1810670153819649e-11,5.425617795380871e-9,0.012343965878594178
4,0.08726646259971647,6,5,75,11.574660235098065,-0.0039485727593120456,-1.0100796545106108,0.0003445779770227639,2.904962776634503e-6,0.0,0.0,0.0,0.0,0.0,0.0,0.0,0.0,4.4733870833089856e-7,5.81326912354393e-7,-5.710850826630448e-7,4.486212247291858e-7,-5.710850866299736e-7,4.486212255304032e-7,-4.4978951592935216e-7,-5.609329697548539e-7,1.1810670153819649e-11,5.425617795380871e-9,0.012343965878594178
4,0.08726646259971647,6,7,76,11.58079090838267,0.001930605628808861,1.0106146566815128,0.00016847712390125058,2.020978669284197e-6,4.330097978696177e-7,2.700338714030107e-7,-2.6304660913267897e-7,4.3135355719326676e-7,-2.630466130346332e-7,4.313535589969252e-7,-4.296447003790751e-7,-2.561456162103578e-7,0.0,0.0,0.0,0.0,0.0,0.0,0.0,0.0,1.1810670153819649e-11,5.425617795380871e-9,0.012343965878594178
4,0.08726646259971647,6,5,77,11.580790908377656,0.0019306056446887192,-1.0106146566810752,-0.00016847712528702963,2.020978477958877e-6,0.0,0.0,0.0,0.0,0.0,0.0,0.0,0.0,-4.2964469528316027e-7,-2.561455332422256e-7,2.6304652628315503e-7,-4.3135355170507967e-7,2.6304652877163015e-7,-4.313535543547644e-7,4.3300979283091065e-7,2.700337872483352e-7,1.1810670153819649e-11,5.425617795380871e-9,0.012343965878594178
4,0.08726646259971647,6,7,78,8.775733957190921,0.0010755561737093317,0.7658272591602634,9.385998260689956e-5,1.4488526255104996e-6,2.4582037475524776e-7,2.7095072146205515e-7,-2.6580761161933354e-7,2.460449676110053e-7,-2.658076066930447e-7,2.460449688364974e-7,-2.4621639525983026e-7,-2.607137005193507e-7,0.0,0.0,0.0,0.0,0.0,0.0,0.0,0.0,1.1810670153819649e-11,5.425617795380871e-9,0.012343965878594178
4,0.08726646259971647,6,5,79,8.775733957191415,0.0010755561731687034,-0.7658272591603065,-9.385998255972084e-5,1.4488526025743127e-6,0.0,0.0,0.0,0.0,0.0,0.0,0.0,0.0,-2.4621638881651887e-7,-2.6071369871644866e-7,2.658076097951022e-7,-2.460449615178613e-7,2.658076048535775e-7,-2.4604496200493677e-7,2.458203682736811e-7,2.709507196015929e-7,1.1810670153819649e-11,5.425617795380871e-9,0.012343965878594178
5,0.05038331567317271,7,6,0,0.6509209333093269,0.016959007998763577,-0.03279555486120002,-0.0008544510535055663,108.02678829276759,0.0,0.0,0.0,0.0,0.0,0.0,0.0,0.0,-18.689188514256244,19.120628762659376,-19.123045697700796,-19.069198883340885,-19.1230456975104,-19.069198884196595,19.453033480994744,-19.121648410351884,1.8429627853057956e-11,1.9362100239151463e-9,0.010596466267742011
5,0.05038331567317271,7,8,1,0.650920933309493,0.016959007998430232,0.03279555486120839,0.0008544510534887712,108.02678829261893,19.453033481004162,-19.12164841029011,19.123045697639753,19.06919888334892,19.123045697447672,19.06919888420741,-18.689188514265688,19.120628762597384,0.0,0.0,0.0,0.0,0.0,0.0,0.0,0.0,1.8429627853057956e-11,1.9362100239151463e-9,0.010596466267742011
5,0.05038331567317271,7,6,2,2.2434102813257226,0.020637387607380535,-0.11303044838847508,-0.001039780014492276,10.280330740539966,0.0,0.0,0.0,0.0,0.0,0.0,0.0,0.0,-1.5604324387491524,2.0097918100120626,-2.014126662676103,-1.5963359815193527,-2.014126662669519,-1.596335981614617,1.6326423177862333,-2.0181422078578293,1.8429627853057956e-11,1.9362100239151463e-9,0.010596466267742011
5,0.05038331567317271,7,8,3,2.2434102813257857,0.020637387607239217,0.11303044838847826,0.0010397800144851558,10.280330740441185,1.6326423177836702,-2.0181422078283755,2.014126662646207,1.5963359815194123,2.0141266626403587,1.5963359816095481,-1.5604324387467121,2.0097918099824623,0.0,0.0,0.0,0.0,0.0,0.0,0.0,0.0,1.8429627853057956e-11,1.9362100239151463e-9,0.010596466267742011
5,0.05038331567317271,7,6,4,6.723355927410015,-0.0006006330998577329,-0.3387449640737957,3.0261887073888426e-5,3.900473588196343,0.0,0.0,0.0,0.0,0.0,0.0,0.0,0.0,0.6998587807937283,-0.6929739043689525,0.6929738049405608,0.6859997496606062,0.6929738049603511,0.685999749567066,-0.6722792994732099,0.6928364917242618,1.8429627853057956e-11,1.9362100239151463e-9,0.010596466267742011
5,0.05038331567317271,7,8,5,6.723355927409783,-0.0006006331040787592,0.33874496407378396,-3.0261887286557724e-5,3.900473584547446,-0.672279301064633,0.6928364888654861,-0.6929738020923413,-0.6859997512491538,-0.69297380209061,-0.6859997511607899,0.6998587823851475,-0.6929739015100845,0.0,0.0,0.0,0.0,0.0,0.0,0.0,0.0,1.8429627853057956e-11,1.9362100239151463e-9,0.010596466267742011
5,0.05038331567317271,7,6,6,6.858300370560917,0.021467355525846308,-0.34554391255140804,-0.0010815965501269431,3.601815617199032,0.0,0.0,0.0,0.0,0.0,0.0,0.0,0.0,-0.46148424959100753,0.7627287807023565,-0.7656941517717597,-0.47380287397950965,-0.7656941517757564,-0.4738028740134005,0.48627462775443125,-0.7685647469574018,1.8429627853057956e-11,1.9362100239151463e-9,0.010596466267742011
5,0.05038331567317271,7,8,7,6.858300370567263,0.021467355516972174,0.3455439125517278,0.0010815965496798348,3.6018156163899255,0.48627462798255705,-0.7685647465781748,0.7656941513930772,0.473802874211048,0.7656941513964624,0.47380287423788037,-0.46148424981897224,0.762728780323646,0.0,0.0,0.0,0.0,0.0,0.0,0.0,0.0,1.8429627853057956e-11,1.9362100239151463e-9,0.010596466267742011
5,0.05038331567317271,7,8,8,12.92121728545441,-0.0024020445519968778,0.6510137693747053,-0.00012102296892428341,3.115287068801092,-0.5381407247494389,0.5522027866681691,-0.5522887698024374,-0.5490993853208607,-0.5522887701740654,-0.5490993851285597,0.5601684924718812,-0.5522649223877572,0.0,0.0,0.0,0.0,0.0,0.0,0.0,0.0,1.8429627853057956e-11,1.9362100239151463e-9,0.010596466267742011
5,0.05038331567317271,7,6,9,12.921217285415285,-0.0024020445197008855,-0.651013769372734,0.00012102296729710424,3.115287063388346,0.0,0.0,0.0,0.0,0.0,0.0,0.0,0.0,0.5601684817393904,-0.5522649311491599,0.5522887786452068,0.5490993745283447,0.5522887788561724,0.5490993744577453,-0.5381407140168486,0.5522027954294965,1.8429627853057956e-11,1.9362100239151463e-9,0.010596466267742011
5,0.05038331567317271,7,8,10,6.740814394771888,0.012593307555881787,0.3396245795460587,0.0006344925899573431,2.978110728647804,0.6661551002199545,-0.34889560674505893,0.3520023439157479,0.6560397141141372,0.3520023438954021,0.6560397140224759,-0.6459947152647313,0.35497786608539855,0.0,0.0,0.0,0.0,0.0,0.0,0.0,0.0,1.8429627853057956e-11,1.9362100239151463e-9,0.010596466267742011
5,0.05038331567317271,7,6,11,6.740814394778614,0.012593307548019971,-0.3396245795463975,-0.0006344925895612388,2.9781107285722728,0.0,0.0,0.0,0.0,0.0,0.0,0.0,0.0,-0.6459947139592299,0.3549778684784592,-0.352002346298197,-0.6560397128145539,-0.3520023462987595,-0.6560397127116545,0.6661550989145679,-0.3488956091375367,1.8429627853057956e-11,1.9362100239151463e-9,0.010596466267742011
5,0.05038331567317271,7,8,12,2.1107769802125387,0.01347434416772958,0.10634794290971457,0.000678882135691693,2.9556313299884263,0.7122024632014441,-0.22305548379474877,0.22787643251519493,0.7028725490507441,0.2278764325151061,0.7028725491254725,-0.693588196203424,0.23255680216978858,0.0,0.0,0.0,0.0,0.0,0.0,0.0,0.0,1.8429627853057956e-11,1.9362100239151463e-9,0.010596466267742011
5,0.05038331567317271,7,6,13,2.1107769802124983,0.013474344168093658,-0.10634794290971253,-0.0006788821357100365,2.95563132964836,0.0,0.0,0.0,0.0,0.0,0.0,0.0,0.0,-0.6935881961479874,0.23255680206544554,-0.22787643241383904,-0.7028725489976624,-0.22787643240779948,-0.7028725490674461,0.7122024631457917,-0.22305548369042047,1.8429627853057956e-11,1.9362100239151463e-9,0.010596466267742011
5,0.05038331567317271,7,8,14,2.0934048167145702,-0.0004402386082668179,0.10547267571227045,-2.2180680771825306e-5,2.9555741200111525,-0.5054110925485105,0.5288536309526377,-0.5290367342355226,-0.5158066375523181,-0.5290367342523474,-0.5158066376415248,0.5263079796750334,-0.5291166656281576,0.0,0.0,0.0,0.0,0.0,0.0,0.0,0.0,1.8429627853057956e-11,1.9362100239151463e-9,0.010596466267742011
5,0.05038331567317271,7,6,15,2.0934048167147523,-0.00044023860846702234,-0.10547267571227963,2.218068078191227e-5,2.95557411963399,0.0,0.0,0.0,0.0,0.0,0.0,0.0,0.0,0.5263079796367988,-0.5291166655337209,0.5290367341443003,0.5158066375149091,0.5290367341547116,0.5158066376024877,-0.5054110925103174,0.5288536308582091,1.8429627853057956e-11,1.9362100239151463e-9,0.010596466267742011
5,0.05038331567317271,7,8,16,12.940677372012544,0.009020190192045703,0.651994233058791,0.000454467089877895,2.5920889529427233,0.5686199231109197,-0.3241382955159234,0.3265269158855014,0.5597249325817266,0.32652691624392016,0.5597249324039681,-0.5508952360637434,0.3288035850984789,0.0,0.0,0.0,0.0,0.0,0.0,0.0,0.0,1.8429627853057956e-11,1.9362100239151463e-9,0.010596466267742011
5,0.05038331567317271,7,6,17,12.940677372010448,0.009020190153662691,-0.6519942330586854,-0.0004544670879440316,2.592088936031509,0.0,0.0,0.0,0.0,0.0,0.0,0.0,0.0,-0.5508952265276262,0.328803593054501,-0.3265269239265237,-0.559724922979891,-0.3265269241220199,-0.5597249229309285,0.5686199135705801,-0.3241383034772106,1.8429627853057956e-11,1.9362100239151463e-9,0.010596466267742011
5,0.05038331567317271,7,6,18,13.051517571727917,0.024126743647480988,-0.6575787298303282,-0.001215585341356749,1.7422327658462449,0.0,0.0,0.0,0.0,0.0,0.0,0.0,0.0,-0.16642476563366995,0.3978040542410996,-0.4001007774661627,-0.17210700607314058,-0.40010077747235334,-0.172107006064761,0.1778692632165173,-0.4023630712941898,1.8429627853057956e-11,1.9362100239151463e-9,0.010596466267742011
5,0.05038331567317271,7,8,19,13.051517571719927,0.02412674366268671,0.6575787298299256,0.0012155853421228636,1.7422327650028886,0.17786926438443118,-0.40236307056413695,0.40010077673390637,0.17210700723924177,0.4001007767388594,0.17210700723857641,-0.16642476680582996,0.39780405350573184,0.0,0.0,0.0,0.0,0.0,0.0,0.0,0.0,1.8429627853057956e-11,1.9362100239151463e-9,0.010596466267742011
5,0.05038331567317271,7,6,20,4.782188726739146,0.016903492757214086,-0.24094252422798626,-0.0008516540115659059,0.012345747069852036,0.0,0.0,0.0,0.0,0.0,0.0,0.0,0.0,-0.002167132123075876,0.002154191723903052,-0.0021538423441340737,-0.0022105607489689,-0.0021538423441719106,-0.002210560749053584,0.0022544200991992803,-0.0021530508091807676,1.8429627853057956e-11,1.9362100239151463e-9,0.010596466267742011
5,0.05038331567317271,7,8,21,4.78218872673867,0.016903492757670772,0.24094252422796228,0.0008516540115889152,0.012345747068054719,0.002254420099115213,-0.0021530508086243837,0.0021538423435722865,0.002210560748903058,0.002153842343620172,0.002210560748949593,-0.002167132122990245,0.0021541917233458842,0.0,0.0,0.0,0.0,0.0,0.0,0.0,0.0,1.8429627853057956e-11,1.9362100239151463e-9,0.010596466267742011
5,0.05038331567317271,7,8,22,4.898096855555456,0.014920805758852188,0.24678236007122514,0.0007517596666463431,0.0069071158598938386,-0.0011413142741600114,0.0012727846338220846,-0.0012739833819154856,-0.0011655826292459807,-0.001273983383112254,-0.0011655826274035788,0.0011901057558406434,-0.0012749489892071783,0.0,0.0,0.0,0.0,0.0,0.0,0.0,0.0,1.8429627853057956e-11,1.9362100239151463e-9,0.010596466267742011
5,0.05038331567317271,7,6,23,4.898096855555256,0.014920805758444075,-0.2467823600712151,-0.000751759666625781,0.006907115817873046,0.0,0.0,0.0,0.0,0.0,0.0,0.0,0.0,0.0011901057538611954,-0.0012749489767828932,0.0012739833695735155,0.001165582627432118,0.001273983370600594,0.0011655826252551023,-0.0011413142721796688,0.001272784621392388,1.8429627853057956e-11,1.9362100239151463e-9,0.010596466267742011
5,0.05038331567317271,7,8,24,9.41927497762499,0.0162185671610625,0.4745743046100967,0.0008171451890423645,0.005977744309660157,0.001031671517608075,-0.0011018138248582538,0.0011010108240888986,0.0010104467823472138,0.0011010108237137265,0.0010104467831191625,-0.0009894422298098661,0.0011000057115650914,0.0,0.0,0.0,0.0,0.0,0.0,0.0,0.0,1.8429627853057956e-11,1.9362100239151463e-9,0.010596466267742011
5,0.05038331567317271,7,6,25,9.419274977624843,0.016218567163234887,-0.47457430461008926,-0.0008171451891518165,0.005977744307742836,0.0,0.0,0.0,0.0,0.0,0.0,0.0,0.0,-0.0009894422299748045,0.0011000057107350349,-0.001101010823310766,-0.0010104467825143573,-0.001101010822881765,-0.0010104467832881684,0.0010316715177800216,-0.0011018138240786847,1.8429627853057956e-11,1.9362100239151463e-9,0.010596466267742011
5,0.05038331567317271,7,6,26,9.523698244083553,0.015131711997636306,-0.4798354950077023,-0.0007623858222524448,0.005762441910840567,0.0,0.0,0.0,0.0,0.0,0.0,0.0,0.0,0.0010098290729772931,-0.0010475787311698716,0.0010471017838892705,0.0009893597188339594,0.0010471017833745984,0.0009893597124686778,-0.0009690997588833125,0.0010464269432455824,1.8429627853057956e-11,1.9362100239151463e-9,0.010596466267742011
5,0.05038331567317271,7,8,27,9.523698244085235,0.015131711998050211,0.47983549500778705,0.0007623858222732987,0.005762441663339316,-0.0009690996882062336,0.001046426924894079,-0.0010471017649544975,-0.0009893596471325314,-0.0010471017656213132,-0.0009893596428112742,0.0010098290022992078,-0.0010475787128191995,0.0,0.0,0.0,0.0,0.0,0.0,0.0,0.0,1.8429627853057956e-11,1.9362100239151463e-9,0.010596466267742011
5,0.05038331567317271,7,8,28,9.420790324352339,0.0176924932938487,0.47465065280261504,0.0008914064746694703,0.004399500892243402,0.0008557913029389042,-0.0007083234423119652,0.0007097137080910609,0.0008402210885610977,0.0007097137076255146,0.000840221090996757,-0.0008247928025572631,0.0007109359149883872,0.0,0.0,0.0,0.0,0.0,0.0,0.0,0.0,1.8429627853057956e-11,1.9362100239151463e-9,0.010596466267742011
5,0.05038331567317271,7,6,29,9.420790324351865,0.01769249329092676,-0.4746506528025911,-0.0008914064745222532,0.004399500892054261,0.0,0.0,0.0,0.0,0.0,0.0,0.0,0.0,-0.0008247928068446826,0.0007109359098664411,-0.0007097137029534442,-0.0008402210928087398,-0.000709713702471583,-0.000840221095317684,0.000855791307220553,-0.0007083234371428055,1.8429627853057956e-11,1.9362100239151463e-9,0.010596466267742011
5,0.05038331567317271,7,8,30,4.900172328629104,0.017061746255578093,0.24688692928626593,0.0008596273475303635,0.0033973179494766947,0.0005734149450861287,-0.0006380367721867499,0.0006373341140001076,0.0005613641790448528,0.0006373341155899972,0.0005613641768194652,-0.0005494408663602743,0.0006365191718281188,0.0,0.0,0.0,0.0,0.0,0.0,0.0,0.0,1.8429627853057956e-11,1.9362100239151463e-9,0.010596466267742011
5,0.05038331567317271,7,6,31,4.900172328628292,0.01706174625629484,-0.24688692928622505,-0.0008596273475664756,0.003397317904867213,0.0,0.0,0.0,0.0,0.0,0.0,0.0,0.0,-0.0005494408639213731,0.0006365191591180466,-0.0006373341013689898,-0.0005613641767810458,-0.0006373341027948119,-0.000561364174203087,0.0005734149426473212,-0.0006380367594699628,1.8429627853057956e-11,1.9362100239151463e-9,0.010596466267742011
5,0.05038331567317271,7,6,32,9.52560104066311,0.016962880144747308,-0.47993136420843197,-0.0008546461450589972,0.002912791595382077,0.0,0.0,0.0,0.0,0.0,0.0,0.0,0.0,-0.0004876722462766938,0.0005309635724856564,-0.0005313469499852009,-0.0004979117304659124,-0.000531346949740442,-0.0004979117240285879,0.000508257467639214,-0.0005316307343030182,1.8429627853057956e-11,1.9362100239151463e-9,0.010596466267742011
5,0.05038331567317271,7,8,33,9.525601040664695,0.01696288014215118,0.4799313642085118,0.0008546461449281957,0.0029127913531986154,0.000508257397437569,-0.0005316307171061108,0.0005313469322183347,0.0004979116592465268,0.0005313469331316697,0.0004979116548406124,-0.0004876721760743811,0.0005309635552928367,0.0,0.0,0.0,0.0,0.0,0.0,0.0,0.0,1.8429627853057956e-11,1.9362100239151463e-9,0.010596466267742011
5,0.05038331567317271,7,6,34,10.981879871584212,0.000617233886029276,-0.5533035202548887,-3.109828972399212e-5,0.0005348180641338812,0.0,0.0,0.0,0.0,0.0,0.0,0.0,0.0,9.506201420316748e-5,-9.591830562186846e-5,9.590037878390728e-5,9.31618012548477e-5,9.590037877480076e-5,9.316180125856273e-5,-9.128076652262474e-5,9.586381765883807e-5,1.8429627853057956e-11,1.9362100239151463e-9,0.010596466267742011
5,0.05038331567317271,7,8,35,10.981879871582969,0.0006172338859163282,0.5533035202548261,3.109828971830143e-5,0.0005348180639776631,-9.128076643402503e-5,9.586381769009794e-5,-9.590037881462512e-5,-9.316180116629651e-5,-9.590037880712808e-5,-9.316180117012305e-5,9.50620141147772e-5,-9.591830565363905e-5,0.0,0.0,0.0,0.0,0.0,0.0,0.0,0.0,1.8429627853057956e-11,1.9362100239151463e-9,0.010596466267742011
5,0.05038331567317271,7,6,36,10.998212435001022,0.013014326233672616,-0.55412640895327,-0.0006557049069047802,0.0003668095596591249,0.0,0.0,0.0,0.0,0.0,0.0,0.0,0.0,-7.852984181481002e-5,4.555733945203783e-5,-4.521966792639832e-5,-7.977524385215261e-5,-4.5219667926800554e-5,-7.977524382588788e-5,8.102968820126282e-5,-4.486604044815233e-5,1.8429627853057956e-11,1.9362100239151463e-9,0.010596466267742011
5,0.05038331567317271,7,8,37,10.99821243500164,0.013014326232368225,0.5541264089533011,0.0006557049068390608,0.00036680955964093825,8.10296881662807e-5,-4.486604050070627e-5,4.52196679778393e-5,7.97752438150417e-5,4.521966798090741e-5,7.977524379272425e-5,-7.8529841779506e-5,4.555733950501724e-5,0.0,0.0,0.0,0.0,0.0,0.0,0.0,0.0,1.8429627853057956e-11,1.9362100239151463e-9,0.010596466267742011
5,0.05038331567317271,7,6,38,11.128356721125767,0.020356235395012752,-0.5606835096041527,-0.0010256146338243391,0.0002610667762230386,0.0,0.0,0.0,0.0,0.0,0.0,0.0,0.0,-3.60410344429075e-5,5.363050803764178e-5,-5.3802730882042846e-5,-3.694312574433476e-5,-5.38027308771352e-5,-3.6943125744263284e-5,3.7855976852920754e-5,-5.3967564020407636e-5,1.8429627853057956e-11,1.9362100239151463e-9,0.010596466267742011
5,0.05038331567317271,7,8,39,11.128356721125503,0.020356235394928757,0.5606835096041394,0.001025614633820107,0.00026106677606241595,3.7855976794735086e-5,-5.396756401146366e-5,5.380273087244423e-5,3.69431256871848e-5,5.380273086917252e-5,3.694312568511472e-5,-3.604103438479256e-5,5.363050802901041e-5,0.0,0.0,0.0,0.0,0.0,0.0,0.0,0.0,1.8429627853057956e-11,1.9362100239151463e-9,0.010596466267742011
5,0.05038331567317271,7,8,40,6.352177436728782,0.0008467179007516298,0.3200437610067113,4.266045527969549e-5,9.257907911888235e-5,-1.5779015873151598e-5,1.6615355280494348e-5,-1.6622116316075123e-5,-1.6104621582600614e-5,-1.662211630261119e-5,-1.610462159693184e-5,1.6433551407532434e-5,-1.6625656081382057e-5,0.0,0.0,0.0,0.0,0.0,0.0,0.0,0.0,1.8429627853057956e-11,1.9362100239151463e-9,0.010596466267742011
5,0.05038331567317271,7,6,41,6.352177436729004,0.0008467179007673221,-0.3200437610067225,-4.266045528048612e-5,9.257907869529444e-5,0.0,0.0,0.0,0.0,0.0,0.0,0.0,0.0,1.6433551376933406e-5,-1.6625655963296235e-5,1.662211619798448e-5,1.610462155188472e-5,1.6622116184590887e-5,1.610462156696013e-5,-1.577901584308076e-5,1.661535516246784e-5,1.8429627853057956e-11,1.9362100239151463e-9,0.010596466267742011
5,0.05038331567317271,7,8,42,11.105329669386629,0.02129274495381374,0.5595233303873572,0.001072799090556353,8.874156721419563e-5,8.104771083527824e-6,-2.089070852934589e-5,2.0762060216282822e-5,7.816895691419728e-6,2.0762060216971633e-5,7.816895688309892e-6,-7.533172551860311e-6,2.0631848109541668e-5,0.0,0.0,0.0,0.0,0.0,0.0,0.0,0.0,1.8429627853057956e-11,1.9362100239151463e-9,0.010596466267742011
5,0.05038331567317271,7,6,43,11.105329669385341,0.021292744954652953,-0.5595233303872924,-0.0010727990905986353,8.874156716327882e-5,0.0,0.0,0.0,0.0,0.0,0.0,0.0,0.0,-7.533172573681193e-6,2.0631848087666683e-5,-2.076206019455834e-5,-7.81689571291007e-6,-2.0762060194955596e-5,-7.816895710732643e-6,8.104771105627309e-6,-2.089070850748207e-5,1.8429627853057956e-11,1.9362100239151463e-9,0.010596466267742011
5,0.05038331567317271,7,6,44,9.533906063163798,0.017062361772588745,-0.4803497987787569,-0.0008596583593182134,5.9551340402196224e-5,0.0,0.0,0.0,0.0,0.0,0.0,0.0,0.0,2.1804470403898874e-7,1.4737723449163738e-5,-1.4887291874058558e-5,7.13628539562355e-8,-1.4887291929912837e-5,7.13630441072429e-8,7.829626539931088e-8,-1.5036874330206872e-5,1.8429627853057956e-11,1.9362100239151463e-9,0.010596466267742011
5,0.05038331567317271,7,8,45,9.533906063161197,0.017062361774856483,0.4803497987786259,0.0008596583594324696,5.955133740807242e-5,7.82957563910243e-8,-1.5036873578944195e-5,1.4887291116546254e-5,-7.136337694026416e-8,1.4887291185482915e-5,-7.13635390172827e-8,2.1804521278202186e-7,1.4737722698380255e-5,0.0,0.0,0.0,0.0,0.0,0.0,0.0,0.0,1.8429627853057956e-11,1.9362100239151463e-9,0.010596466267742011
5,0.05038331567317271,7,8,46,6.368298040588785,0.013578594791102757,0.320855970479832,0.0006841346277582288,5.258967670651358e-5,1.0072215333314308e-5,-8.653787675853021e-6,8.666978686147907e-6,9.885821655107191e-6,8.666978690225009e-6,9.885821641836085e-6,-9.70116116160354e-6,8.678192362922917e-6,0.0,0.0,0.0,0.0,0.0,0.0,0.0,0.0,1.8429627853057956e-11,1.9362100239151463e-9,0.010596466267742011
5,0.05038331567317271,7,6,47,6.368298040588372,0.013578594791430327,-0.3208559704798112,-0.0006841346277747329,5.258967670377535e-5,0.0,0.0,0.0,0.0,0.0,0.0,0.0,0.0,-9.701161165465872e-6,8.678192357810352e-6,-8.666978680930254e-6,-9.885821658891353e-6,-8.666978684441227e-6,-9.885821645878216e-6,1.0072215337272485e-5,-8.653787669956132e-6,1.8429627853057956e-11,1.9362100239151463e-9,0.010596466267742011
5,0.05038331567317271,7,8,48,9.419618964690926,0.01645217374923568,0.47459163581902725,0.0008289150635176268,3.8462401817839756e-5,-5.3609487027052986e-6,7.866684205158444e-6,-7.891195541900808e-6,-5.494012274053075e-6,-7.891194925706882e-6,-5.494015286441755e-6,5.6286569874067816e-6,-7.914607292135439e-6,0.0,0.0,0.0,0.0,0.0,0.0,0.0,0.0,1.8429627853057956e-11,1.9362100239151463e-9,0.010596466267742011
5,0.05038331567317271,7,6,49,9.419618964694212,0.016452173751990658,-0.4745916358191928,-0.0008289150636564315,3.846238831326253e-5,0.0,0.0,0.0,0.0,0.0,0.0,0.0,0.0,5.628661835278471e-6,-7.914599803313919e-6,7.891188076024192e-6,5.494017105362518e-6,7.891187413314544e-6,5.494020149528215e-6,-5.360953550722482e-6,7.866676716678497e-6,1.8429627853057956e-11,1.9362100239151463e-9,0.010596466267742011
5,0.05038331567317271,7,6,50,11.1748996849827,0.024205116613853706,-0.5630284984445216,-0.0012195340312617486,1.3182891719476869e-5,0.0,0.0,0.0,0.0,0.0,0.0,0.0,0.0,2.1927134946092333e-6,-2.504527228257658e-6,2.5011933203232364e-6,2.145991283838323e-6,2.5011933148947285e-6,2.145991283699991e-6,-2.0997692686828633e-6,2.4974301586637913e-6,1.8429627853057956e-11,1.9362100239151463e-9,0.010596466267742011
5,0.05038331567317271,7,8,51,11.174899684982556,0.024205116613630187,0.5630284984445144,0.001219534031250487,1.3182891712753975e-5,-2.09976925217506e-6,2.497430170624902e-6,-2.5011933321688275e-6,-2.1459912671746727e-6,-2.501193326938717e-6,-2.145991267360797e-6,2.19271347811154e-6,-2.5045272401823624e-6,0.0,0.0,0.0,0.0,0.0,0.0,0.0,0.0,1.8429627853057956e-11,1.9362100239151463e-9,0.010596466267742011
5,0.05038331567317271,7,6,52,10.993183796453472,0.013625057491488724,-0.5538730494699226,-0.0006864755726588031,1.312269834927076e-5,0.0,0.0,0.0,0.0,0.0,0.0,0.0,0.0,-1.2848136152215287e-6,2.983025789558716e-6,-2.999876200094365e-6,-1.327791571390971e-6,-2.9998761971398856e-6,-1.3277915736883274e-6,1.3713694785296058e-6,-3.0164609893524988e-6,1.8429627853057956e-11,1.9362100239151463e-9,0.010596466267742011
5,0.05038331567317271,7,8,53,10.993183796453227,0.01362505749153567,0.5538730494699101,0.0006864755726611684,1.3122698303712628e-5,1.3713694734243506e-6,-3.0164609791145356e-6,2.9998761897439137e-6,1.3277915661803252e-6,2.9998761871207996e-6,1.3277915686389387e-6,-1.284813610068228e-6,2.983025779424598e-6,0.0,0.0,0.0,0.0,0.0,0.0,0.0,0.0,1.8429627853057956e-11,1.9362100239151463e-9,0.010596466267742011
5,0.05038331567317271,7,8,54,10.976557830602431,0.0003713261135015328,0.5530353781840781,1.8708640794240086e-5,1.2437798540675078e-5,-2.774538047962096e-6,1.333678039146573e-6,-1.3189888905454694e-6,-2.8157524672310264e-6,-1.3189888908488385e-6,-2.8157524685410713e-6,2.8572306292658925e-6,-1.3037365653780135e-6,0.0,0.0,0.0,0.0,0.0,0.0,0.0,0.0,1.8429627853057956e-11,1.9362100239151463e-9,0.010596466267742011
5,0.05038331567317271,7,6,55,10.976557830603486,0.0003713261147977945,-0.5530353781841313,-1.8708640859550046e-5,1.243779849124066e-5,0.0,0.0,0.0,0.0,0.0,0.0,0.0,0.0,2.857230621809947e-6,-1.303736551912581e-6,1.3189888770564024e-6,2.8157524601643288e-6,1.3189888772146642e-6,2.815752461017988e-6,-2.774538040829626e-6,1.333678025492427e-6,1.8429627853057956e-11,1.9362100239151463e-9,0.010596466267742011
5,0.05038331567317271,7,8,56,11.169030501723991,0.018930491860011958,0.5627327895316544,0.0009537809472314089,5.914381202163305e-6,9.721849269891587e-7,-1.133645545684226e-6,1.1319352884522032e-6,9.512398556865341e-7,1.131935289781095e-6,9.512398568253508e-7,-9.30521153550106e-7,1.1300347619418767e-6,0.0,0.0,0.0,0.0,0.0,0.0,0.0,0.0,1.8429627853057956e-11,1.9362100239151463e-9,0.010596466267742011
5,0.05038331567317271,7,6,57,11.169030501723796,0.018930491859832907,-0.5627327895316446,-0.0009537809472223878,5.914381173849043e-6,0.0,0.0,0.0,0.0,0.0,0.0,0.0,0.0,-9.305211474035668e-7,1.1300347578558344e-6,-1.1319352844387243e-6,-9.512398495616794e-7,-1.1319352856544421e-6,-9.512398506312168e-7,9.721849208175853e-7,-1.133645541629468e-6,1.8429627853057956e-11,1.9362100239151463e-9,0.010596466267742011
5,0.05038331567317271,7,8,58,6.48828688459705,0.020587976227717183,0.3269014062847595,0.0010372905053528502,2.054720237670015e-6,-4.99810468209078e-7,-1.3918867752435734e-7,1.328483952008695e-7,-4.961908035541891e-7,1.3284839665115764e-7,-4.961908070491246e-7,4.925445628122025e-7,1.2660734982647462e-7,0.0,0.0,0.0,0.0,0.0,0.0,0.0,0.0,1.8429627853057956e-11,1.9362100239151463e-9,0.010596466267742011
5,0.05038331567317271,7,6,59,6.488286884597265,0.020587976227267504,-0.3269014062847703,-0.001037290505330194,2.054720157907143e-6,0.0,0.0,0.0,0.0,0.0,0.0,0.0,0.0,4.925445522451591e-7,1.2660731199439668e-7,-1.3284835726862173e-7,4.961907932208549e-7,-1.3284835901076391e-7,4.961907963318638e-7,-4.998104577177733e-7,-1.3918863978760951e-7,1.8429627853057956e-11,1.9362100239151463e-9,0.010596466267742011
5,0.05038331567317271,7,8,60,9.158779672497424,0.01703702659157327,0.4614496874204751,0.0008583818888954738,1.3320195673042423e-7,2.3044443654590377e-8,-2.4499396238992957e-8,2.4482577655512282e-8,2.257145376808668e-8,2.4482577686936457e-8,2.257145400184464e-8,-2.2103360179449556e-8,2.4461244323442897e-8,0.0,0.0,0.0,0.0,0.0,0.0,0.0,0.0,1.8429627853057956e-11,1.9362100239151463e-9,0.010596466267742011
5,0.05038331567317271,7,6,61,9.15877967249687,0.017037026592168866,-0.4614496874204472,-0.0008583818889254819,1.3320195508303787e-7,0.0,0.0,0.0,0.0,0.0,0.0,0.0,0.0,-2.2103359894597965e-8,2.44612440377515e-8,-2.4482577360858762e-8,-2.257145348428157e-8,-2.44825773972775e-8,-2.25714537043431e-8,2.3044443357945823e-8,-2.4499395940301668e-8,1.8429627853057956e-11,1.9362100239151463e-9,0.010596466267742011
5,0.05038331567317271,7,8,62,10.917641479763653,0.006520868036406932,0.5500669770814566,0.0003285429527413923,2.637075057921839e-9,3.523030076379621e-10,-5.494457088898957e-10,5.513812162149443e-10,3.6137556120055197e-10,5.513812453416422e-10,3.613756070565952e-10,-3.705584297863801e-10,5.532444666531647e-10,0.0,0.0,0.0,0.0,0.0,0.0,0.0,0.0,1.8429627853057956e-11,1.9362100239151463e-9,0.010596466267742011
5,0.05038331567317271,7,6,63,10.917641479765223,0.006520868035256606,-0.5500669770815356,-0.0003285429526834351,2.637075018645105e-9,0.0,0.0,0.0,0.0,0.0,0.0,0.0,0.0,-3.705584431103759e-10,5.532444459463492e-10,-5.513811962200495e-10,-3.6137557486778106e-10,-5.513812257418525e-10,-3.6137561797489666e-10,3.52303018906185e-10,-5.494456899660972e-10,1.8429627853057956e-11,1.9362100239151463e-9,0.010596466267742011
5,0.05038331567317271,7,6,64,10.926930376159047,0.015196833255285692,-0.5505349824808011,-0.0007656668471336278,2.1375118286106286e-9,0.0,0.0,0.0,0.0,0.0,0.0,0.0,0.0,1.6605020138946302e-10,-5.023135492075541e-10,5.05659062359707e-10,1.727843042826986e-10,5.056590935477754e-10,1.7278433755903268e-10,-1.7961956894697266e-10,5.089700398514187e-10,1.8429627853057956e-11,1.9362100239151463e-9,0.010596466267742011
5,0.05038331567317271,7,8,65,10.926930376158383,0.015196833255789802,0.5505349824807676,0.0007656668471590267,2.1375117079314822e-9,-1.796194934643278e-10,5.089700341115544e-10,-5.056590555117079e-10,-1.7278423037078619e-10,-5.056590879835399e-10,-1.727842611919751e-10,1.660501265967923e-10,-5.02313542536369e-10,0.0,0.0,0.0,0.0,0.0,0.0,0.0,0.0,1.8429627853057956e-11,1.9362100239151463e-9,0.010596466267742011
5,0.05038331567317271,7,8,66,9.420629720060107,0.01746448158697492,0.47464256102586105,0.0008799184888648697,2.3167175103737627e-15,4.692606979955893e-16,-3.492734262766296e-16,3.5041604709664665e-16,4.611189744481896e-16,3.5046201803383367e-16,4.611055443563367e-16,-4.530336214234739e-16,3.5151220636628605e-16,0.0,0.0,0.0,0.0,0.0,0.0,0.0,0.0,1.8429627853057956e-11,1.9362100239151463e-9,0.010596466267742011
5,0.05038331567317271,7,6,67,9.420629720058377,0.017464481587228846,-0.4746425610257739,-0.0008799184888776633,2.2637578657811083e-15,0.0,0.0,0.0,0.0,0.0,0.0,0.0,0.0,-4.0840178126788413e-16,3.836016448478987e-16,-3.832842198594356e-16,-4.1635967395061915e-16,-3.8331667282983087e-16,-4.1635227425715265e-16,4.2438650036479445e-16,-3.829158175264263e-16,1.8429627853057956e-11,1.9362100239151463e-9,0.010596466267742011
5,0.05038331567317271,7,6,68,12.962481779685227,0.035289675377330056,-0.6530928114136304,-0.0017780108545398104,6.234439241597628e-17,0.0,0.0,0.0,0.0,0.0,0.0,0.0,0.0,-1.523420989416534e-17,2.0960603681882376e-18,-1.9751874773324232e-18,-1.5377145081975174e-17,-1.9150614440703048e-18,-1.5550048609985613e-17,1.5693914980106863e-17,-1.7898562466075455e-18,1.8429627853057956e-11,1.9362100239151463e-9,0.010596466267742011
5,0.05038331567317271,7,8,69,9.527543383021964,0.01886514456944873,0.4800292258566435,0.0009504885340625753,4.167191298172987e-17,9.327586356289179e-18,-4.865449952657567e-18,4.929631061586079e-18,9.176157971477163e-18,4.9233065027985824e-18,9.18237689593361e-18,-9.031693884371464e-18,4.985160385417383e-18,0.0,0.0,0.0,0.0,0.0,0.0,0.0,0.0,1.8429627853057956e-11,1.9362100239151463e-9,0.010596466267742011
5,0.05038331567317271,7,6,70,9.527543383021907,0.01886514456593594,-0.4800292258566406,-0.0009504885338855893,3.178660393944972e-17,0.0,0.0,0.0,0.0,0.0,0.0,0.0,0.0,-7.443977259431332e-18,2.568389302643461e-18,-2.4906574414264585e-18,-7.545710717399099e-18,-2.53296276535879e-18,-7.532349231568719e-18,7.634397569151376e-18,-2.453715300982782e-18,1.8429627853057956e-11,1.9362100239151463e-9,0.010596466267742011
5,0.05038331567317271,7,8,71,12.962481779659697,0.035289675324445685,0.6530928114123441,0.0017780108518753205,2.199226471585232e-17,3.660167561429796e-18,-4.290740489998342e-18,4.2902830977203866e-18,3.5744844355306795e-18,4.15723377117133e-18,3.4632403991034642e-18,-3.381047202384417e-18,4.155835155733142e-18,0.0,0.0,0.0,0.0,0.0,0.0,0.0,0.0,1.8429627853057956e-11,1.9362100239151463e-9,0.010596466267742011
5,0.05038331567317271,7,6,72,6.7586069136762275,0.03464874167988996,-0.3405210256426369,-0.0017457184897361124,9.492023327181884e-18,0.0,0.0,0.0,0.0,0.0,0.0,0.0,0.0,-1.7851448053280283e-18,1.5195934944544414e-18,-1.5239594435571354e-18,-1.8183968458467532e-18,-1.5267582843897448e-18,-1.8169965356839634e-18,1.850686760746936e-18,-1.5309625908833102e-18,1.8429627853057956e-11,1.9362100239151463e-9,0.010596466267742011
5,0.05038331567317271,7,6,73,4.902248034378322,0.019072762704562655,-0.2469915102242734,-0.0009609490241034956,4.987003646958909e-18,0.0,0.0,0.0,0.0,0.0,0.0,0.0,0.0,-1.1162724549800896e-18,-5.27240735236799e-19,5.438791773697809e-19,-1.1224150923701989e-18,5.431156565010796e-19,-1.1216199997320002e-18,1.1276577494932247e-18,5.599707032168611e-19,1.8429627853057956e-11,1.9362100239151463e-9,0.010596466267742011
5,0.05038331567317271,7,8,74,4.90224803437916,0.01907276270320877,0.24699151022431565,0.0009609490240352822,4.959913523752975e-18,9.668535688738527e-19,7.962373193371272e-19,-7.787824998970563e-19,9.652687247169036e-19,-7.7853326861066885e-19,9.646640284816988e-19,-9.629245110237671e-19,-7.61274376303926e-19,0.0,0.0,0.0,0.0,0.0,0.0,0.0,0.0,1.8429627853057956e-11,1.9362100239151463e-9,0.010596466267742011
5,0.05038331567317271,7,8,75,6.758606913673673,0.03464874168372376,0.3405210256425082,0.001745718489929272,4.5065351628762325e-18,3.416325836264186e-20,-1.1362890898942747e-18,1.1273811961465916e-18,3.186749794332895e-20,1.1252571684361885e-18,1.7358700783353802e-20,-1.5215250848053693e-20,1.1164063863593124e-18,0.0,0.0,0.0,0.0,0.0,0.0,0.0,0.0,1.8429627853057956e-11,1.9362100239151463e-9,0.010596466267742011
5,0.05038331567317271,7,6,76,2.1283435869620373,0.034496532697919954,-0.10723300680288103,-0.0017380496965492254,1.755928809303201e-18,0.0,0.0,0.0,0.0,0.0,0.0,0.0,0.0,2.4040938192648955e-20,4.335734891975789e-19,-4.3742814614398e-19,1.7943384454719698e-20,-4.396858607830256e-19,2.0081617633246784e-20,-1.386334802947959e-20,-4.435324840349272e-19,1.8429627853057956e-11,1.9362100239151463e-9,0.010596466267742011
5,0.05038331567317271,7,8,77,2.1283435869620932,0.03449653269816359,0.10723300680288386,0.0017380496965615005,1.2331059077570505e-18,-1.7342501231832497e-20,-3.1104672835063384e-19,3.0684472001953653e-19,-1.981469392224628e-20,3.0828780830030234e-19,-2.1735003783893223e-20,2.4126049923510623e-20,3.040836350474706e-19,0.0,0.0,0.0,0.0,0.0,0.0,0.0,0.0,1.8429627853057956e-11,1.9362100239151463e-9,0.010596466267742011
5,0.05038331567317271,7,6,78,10.908501654217295,-0.0014061942403776374,-0.5496064823657567,7.084872831074381e-5,2.2229461804937928e-20,0.0,0.0,0.0,0.0,0.0,0.0,0.0,0.0,-6.508213216979937e-22,5.575265265129215e-21,-5.52584159569525e-21,-5.8999354581762755e-22,-5.525786907622408e-21,-5.900758132588416e-22,5.303376740513657e-22,-5.476266300485535e-21,1.8429627853057956e-11,1.9362100239151463e-9,0.010596466267742011
5,0.05038331567317271,7,8,79,10.90850165421558,-0.0014061942386757488,0.5496064823656703,-7.084872822499702e-5,2.1824188817818367e-20,1.8696011224806926e-22,-5.398430034291722e-21,5.4512377915091195e-21,2.385776204100237e-22,5.449961047879757e-21,2.427815244524341e-22,-2.954375803231041e-22,5.502775111013993e-21,0.0,0.0,0.0,0.0,0.0,0.0,0.0,0.0,1.8429627853057956e-11,1.9362100239151463e-9,0.010596466267742011
6,0.029088820866572156,8,9,0,1.4766792067136367,0.00734804500155159,0.04295485692148485,0.0002137459647696451,44.08268642717991,9.279947093497947,-6.14695407917765,6.177367523897398,9.12629503738249,6.177367522962206,9.12629503288913,-8.973878267735373,6.205955585137446,0.0,0.0,0.0,0.0,0.0,0.0,0.0,0.0,3.8854708438071774e-11,2.874566280711664e-7,0.013301082328369084
6,0.029088820866572156,8,7,1,1.4766792067128132,0.007348045002139755,-0.0429548569214609,-0.00021374596478675414,44.082686400881144,0.0,0.0,0.0,0.0,0.0,0.0,0.0,0.0,-8.973878270325935,6.205955569582056,-6.177367508285933,-9.126295040291634,-6.177367507462251,-9.126295035157982,9.279947096088485,-6.146954063622138,3.8854708438071774e-11,2.874566280711664e-7,0.013301082328369084
6,0.029088820866572156,8,9,2,1.473231074778964,0.0038935560318626543,0.04285455482931286,0.00011325895394481426,26.923571579874864,-3.10422589430937,5.896560024648181,-5.9241661336770886,-3.194825474457602,-5.9241661328930135,-3.1948254698966885,3.286609819359134,-5.951133158341658,0.0,0.0,0.0,0.0,0.0,0.0,0.0,0.0,3.8854708438071774e-11,2.874566280711664e-7,0.013301082328369084
6,0.029088820866572156,8,7,3,1.4732310747789552,0.003893556032553234,-0.042854554829312594,-0.0001132589539649024,26.923571529704688,0.0,0.0,0.0,0.0,0.0,0.0,0.0,0.0,3.2866098219673536,-5.951133142685199,5.924166117958382,3.1948254773880915,5.92416611729818,3.194825472179325,-3.1042258969174115,5.89656000899162,3.8854708438071774e-11,2.874566280711664e-7,0.013301082328369084
6,0.029088820866572156,8,9,4,0.21583663913998524,0.033505711453169676,0.0062784333323860075,0.0009746416384683078,23.25631370105979,4.467565908643142,-3.811231570024063,3.817354327814806,4.3851595051171754,3.8173543277500155,4.385159505281167,-4.303516484909147,3.822599977301391,0.0,0.0,0.0,0.0,0.0,0.0,0.0,0.0,3.8854708438071774e-11,2.874566280711664e-7,0.013301082328369084
6,0.029088820866572156,8,7,5,0.2158366391399304,0.033505711453062095,-0.006278433332384412,-0.0009746416384651783,23.25631370029346,0.0,0.0,0.0,0.0,0.0,0.0,0.0,0.0,-4.303516484740887,3.822599977202981,-3.8173543277155413,-4.385159504950816,-3.8173543276525383,-4.385159505110782,4.467565908474674,-3.8112315699257002,3.8854708438071774e-11,2.874566280711664e-7,0.013301082328369084
6,0.029088820866572156,8,9,6,0.15991561595313353,-0.022402660983905025,0.0046517567062282494,-0.0006516669922953584,19.124503416034464,-2.8827304916125205,3.7543689262314537,-3.762792022089736,-2.9494775470241956,-3.7627920220720252,-2.9494775471579207,3.016977101976279,-3.770625147170821,0.0,0.0,0.0,0.0,0.0,0.0,0.0,0.0,3.8854708438071774e-11,2.874566280711664e-7,0.013301082328369084
6,0.029088820866572156,8,7,7,0.15991561595315662,-0.0224026609838476,-0.004651756706228922,0.0006516669922936879,19.124503415121218,0.0,0.0,0.0,0.0,0.0,0.0,0.0,0.0,3.016977101761718,-3.7706251470488668,3.7627920219670115,2.9494775468098604,3.7627920219508884,2.9494775469431875,-2.8827304913980365,3.754368926109504,3.8854708438071774e-11,2.874566280711664e-7,0.013301082328369084
6,0.029088820866572156,8,9,8,3.8713095240678705,0.009194363544566254,0.112611829264665,0.0002674531941300292,4.552227853024827,0.9096047797951736,-0.7027729924467034,0.7047515520957616,0.8935514255461224,0.7047515520838277,0.8935514254903647,-0.8776390036791093,0.7065513873544846,0.0,0.0,0.0,0.0,0.0,0.0,0.0,0.0,3.8854708438071774e-11,2.874566280711664e-7,0.013301082328369084
6,0.029088820866572156,8,7,9,3.871309524067968,0.009194363544767884,-0.11261182926466783,-0.00026745319413589433,4.5522278516186985,0.0,0.0,0.0,0.0,0.0,0.0,0.0,0.0,-0.8776390034664194,0.7065513870565594,-0.7047515517949011,-0.8935514253336787,-0.7047515517888965,-0.893551425277256,0.9096047795823694,-0.7027729921487957,3.8854708438071774e-11,2.874566280711664e-7,0.013301082328369084
6,0.029088820866572156,8,9,10,11.6909447344281,0.008977720699606135,0.340075797140774,0.0002611513092209597,4.515057495774547,0.8434985297230643,-0.7670018796239259,0.7676836963657536,0.8274702751528947,0.7676836964326199,0.8274702746956933,-0.8115955403142456,0.7682000037699965,0.0,0.0,0.0,0.0,0.0,0.0,0.0,0.0,3.8854708438071774e-11,2.874566280711664e-7,0.013301082328369084
6,0.029088820866572156,8,7,11,11.690944734436101,0.008977720692272918,-0.3400757971410067,-0.00026115130900764504,4.515057490667355,0.0,0.0,0.0,0.0,0.0,0.0,0.0,0.0,-0.8115955329408121,0.7682000098393803,-0.7676837024272339,-0.8274702677866383,-0.7676837025118489,-0.8274702673163246,0.8434985223496636,-0.7670018856937811,3.8854708438071774e-11,2.874566280711664e-7,0.013301082328369084
6,0.029088820866572156,8,9,12,11.674032661908544,-0.007260305950984435,0.33958384489277016,-0.00021119373924469403,4.2304771242271855,-0.7134574961476556,0.7663772576516242,-0.7668339920073053,-0.7283325140358812,-0.7668339920922902,-0.7283325135727191,0.7433608836915797,-0.7671450446126051,0.0,0.0,0.0,0.0,0.0,0.0,0.0,0.0,3.8854708438071774e-11,2.874566280711664e-7,0.013301082328369084
6,0.029088820866572156,8,7,13,11.674032661906185,-0.0072603059463886045,-0.33958384489270155,0.00021119373911100675,4.230477121964377,0.0,0.0,0.0,0.0,0.0,0.0,0.0,0.0,0.7433608762382201,-0.7671450509111443,0.7668339982978646,0.7283325065888966,0.7668339983998845,0.7283325061140679,-0.7134574886941254,0.7663772639497507,3.8854708438071774e-11,2.874566280711664e-7,0.013301082328369084
6,0.029088820866572156,8,9,14,3.8543198295269288,-0.007045540363328596,0.11211761908358577,-0.00020494646153706924,3.633488787637906,-0.5639809649431302,0.7004904639980554,-0.7017982055150446,-0.5766958249622186,-0.7017982055198096,-0.5766958248942463,0.5895510330189501,-0.7029905938368921,0.0,0.0,0.0,0.0,0.0,0.0,0.0,0.0,3.8854708438071774e-11,2.874566280711664e-7,0.013301082328369084
6,0.029088820866572156,8,7,15,3.8543198295270233,-0.00704554036337415,-0.11211761908358851,0.00020494646153839432,3.633488786242471,0.0,0.0,0.0,0.0,0.0,0.0,0.0,0.0,0.5895510328326563,-0.7029905935384304,0.7017982052137995,0.5766958247760122,0.7017982052241649,0.576695824707821,-0.5639809647568518,0.7004904636995902,3.8854708438071774e-11,2.874566280711664e-7,0.013301082328369084
6,0.029088820866572156,8,9,16,4.2676993298209,0.022292887365931064,0.1241423413175502,0.0006484738071862383,2.527109137508903,0.5003235165071483,-0.3960573603041428,0.39705065784296695,0.49139938673059197,0.3970506578274927,0.4913993867443859,-0.4825546572705221,0.39794566754892685,0.0,0.0,0.0,0.0,0.0,0.0,0.0,0.0,3.8854708438071774e-11,2.874566280711664e-7,0.013301082328369084
6,0.029088820866572156,8,7,17,4.2676993298207915,0.022292887366021193,-0.12414234131754705,-0.00064847380718886,2.5271091374403327,0.0,0.0,0.0,0.0,0.0,0.0,0.0,0.0,-0.4825546573058009,0.3979456674779869,-0.39705065777410287,-0.49139938676855366,-0.39705065775441856,-0.49139938677702066,0.5003235165424802,-0.3960573602331505,3.8854708438071774e-11,2.874566280711664e-7,0.013301082328369084
6,0.029088820866572156,8,9,18,4.242488322888672,-0.0014136745771745687,0.12340898285303271,-4.1122126539058166e-5,1.7585116112657881,-0.21353883793750247,0.37925913113985066,-0.38089453178723587,-0.21950486565164187,-0.3808945317780034,-0.2195048656545829,0.22554706788416334,-0.38248602383475483,0.0,0.0,0.0,0.0,0.0,0.0,0.0,0.0,3.8854708438071774e-11,2.874566280711664e-7,0.013301082328369084
6,0.029088820866572156,8,7,19,4.242488322888823,-0.0014136745769989453,-0.1234089828530371,4.112212653394949e-5,1.758511611096294,0.0,0.0,0.0,0.0,0.0,0.0,0.0,0.0,0.22554706792909124,-0.3824860237599546,0.3808945317144822,0.2195048657001077,0.38089453170116266,0.21950486569595198,-0.21353883798242437,0.37925913106506526,3.8854708438071774e-11,2.874566280711664e-7,0.013301082328369084
6,0.029088820866572156,8,7,20,12.09635267438258,0.02259193668394058,-0.3518686360839959,-0.0006571727992280877,0.8056105612799332,0.0,0.0,0.0,0.0,0.0,0.0,0.0,0.0,-0.15142212315489353,0.12972743669918987,-0.12949513546964875,-0.15424657368804917,-0.1294951354625284,-0.15424657369428973,0.157096920169371,-0.1292319823286921,3.8854708438071774e-11,2.874566280711664e-7,0.013301082328369084
6,0.029088820866572156,8,9,21,12.096352674390204,0.022591936675198824,0.35186863608421765,0.0006571727989738003,0.8056105609680719,0.1570969199676195,-0.12923198244807077,0.12949513558629291,0.15424657348513854,0.12949513558420586,0.15424657349354576,-0.151422122952973,0.12972743681809557,0.0,0.0,0.0,0.0,0.0,0.0,0.0,0.0,3.8854708438071774e-11,2.874566280711664e-7,0.013301082328369084
6,0.029088820866572156,8,9,22,12.070723085975644,-0.0016778515223916032,0.3511231015779425,-4.8806722375554725e-5,0.5769356039974518,-0.07099952645665665,0.12389329156342505,-0.12441498184842925,-0.07296088291010899,-0.1244149818463107,-0.07296088291695074,0.07494712090728844,-0.12492207746650807,0.0,0.0,0.0,0.0,0.0,0.0,0.0,0.0,3.8854708438071774e-11,2.874566280711664e-7,0.013301082328369084
6,0.029088820866572156,8,7,23,12.070723085965849,-0.001677851510911918,-0.35112310157765764,4.880672204162422e-5,0.5769356036938271,0.0,0.0,0.0,0.0,0.0,0.0,0.0,0.0,0.07494712113965601,-0.12492207724211384,0.12441498162603881,0.07296088314473792,0.12441498162012972,0.07296088314706635,-0.07099952668907535,0.12389329133929225,3.8854708438071774e-11,2.874566280711664e-7,0.013301082328369084
6,0.029088820866572156,8,7,24,5.174668192416474,0.005145564184270614,-0.15052499609315156,-0.00014967839481369737,0.12830515170937248,0.0,0.0,0.0,0.0,0.0,0.0,0.0,0.0,-0.022733403749931557,0.022173354880194902,-0.022165447251408982,-0.023184687901331904,-0.02216544708350329,-0.023184688218111815,0.023640404996341426,-0.022152902073431797,3.8854708438071774e-11,2.874566280711664e-7,0.013301082328369084
6,0.029088820866572156,8,9,25,5.174668192417027,0.00514556418356759,0.15052499609316763,0.00014967839479324723,0.12830515008588145,0.02364040479712967,-0.022152901694471126,0.022165446869459607,0.023184687701117732,0.02216544670755785,0.02318468801982399,-0.02273340355071726,0.022173354501221015,0.0,0.0,0.0,0.0,0.0,0.0,0.0,0.0,3.8854708438071774e-11,2.874566280711664e-7,0.013301082328369084
6,0.029088820866572156,8,7,26,5.175470548205068,0.005946605908953035,-0.15054833567695722,-0.00017297975404963434,0.11494184873990973,0.0,0.0,0.0,0.0,0.0,0.0,0.0,0.0,0.01892939825613991,-0.022000969088671697,0.021968390985187627,0.018522291992415577,0.021968390816041038,0.018522292309003256,-0.01811957935410425,0.021932107814377426,3.8854708438071774e-11,2.874566280711664e-7,0.013301082328369084
6,0.029088820866572156,8,9,27,5.175470548205383,0.0059466059089546275,0.15054833567696638,0.00017297975404968066,0.1149418470472569,-0.018119579149289036,0.021932107433556152,-0.021968390601383333,-0.018522291786637054,-0.021968390438242762,-0.018522292105078005,0.018929398051327533,-0.022000968707849386,0.0,0.0,0.0,0.0,0.0,0.0,0.0,0.0,3.8854708438071774e-11,2.874566280711664e-7,0.013301082328369084
6,0.029088820866572156,8,9,28,4.0850553332463,-0.0054353749512988415,0.11882944281883685,-0.00015810864830098536,0.04023258104554934,-0.007580292671692612,-0.00645734833162308,0.006598483547654181,-0.007590865775959204,0.006598483547262959,-0.007590865775857537,0.0076001190316073025,0.006741136804457851,0.0,0.0,0.0,0.0,0.0,0.0,0.0,0.0,3.8854708438071774e-11,2.874566280711664e-7,0.013301082328369084
6,0.029088820866572156,8,7,29,4.08505533324608,-0.005435374951204039,-0.11882944281883044,0.00015810864829822767,0.04023258103032376,0.0,0.0,0.0,0.0,0.0,0.0,0.0,0.0,0.007600119028988724,0.006741136801674305,-0.00659848354500501,0.007590865773300549,-0.006598483544345243,0.007590865773268099,-0.0075802926690626635,-0.006457348328840368,3.8854708438071774e-11,2.874566280711664e-7,0.013301082328369084
6,0.029088820866572156,8,7,30,13.000296399605677,0.006348885045196543,-0.3781632931804725,-0.0001846815797821811,0.03671085798716141,0.0,0.0,0.0,0.0,0.0,0.0,0.0,0.0,-0.006406083074515659,0.006443648801807881,-0.006443374135717551,-0.006535224853184713,-0.0064433741726849895,-0.006535224541754026,0.00666565486416231,-0.006441792333381437,3.8854708438071774e-11,2.874566280711664e-7,0.013301082328369084
6,0.029088820866572156,8,9,31,13.000296399604654,0.0063488850463101,0.37816329318044273,0.00018468157981457316,0.03671085685612252,0.0066656545569995125,-0.006441792242157915,0.006443374040091024,0.006535224541857174,0.006443374085928397,0.006535224238737735,-0.0064060827673528414,0.006443648710586824,0.0,0.0,0.0,0.0,0.0,0.0,0.0,0.0,3.8854708438071774e-11,2.874566280711664e-7,0.013301082328369084
6,0.029088820866572156,8,7,32,12.998693029205327,0.004748467284425264,-0.37811665302611397,-0.00013812731422742483,0.03394850149693999,0.0,0.0,0.0,0.0,0.0,0.0,0.0,0.0,0.00569348005729457,-0.00640835199797133,0.006400642918255715,0.005573102159962503,0.006400642957073437,0.005573101847469524,-0.005454003966875036,0.006391819129540226,3.8854708438071774e-11,2.874566280711664e-7,0.013301082328369084
6,0.029088820866572156,8,9,33,12.998693029207125,0.00474846728599013,0.37811665302616626,0.00013812731427294495,0.03394850042640409,-0.005454003661078528,0.006391819040913736,-0.006400642825219757,-0.005573101850018497,-0.006400642872912922,-0.005573101545802914,0.005693479751498134,-0.00640835190934014,0.0,0.0,0.0,0.0,0.0,0.0,0.0,0.0,3.8854708438071774e-11,2.874566280711664e-7,0.013301082328369084
6,0.029088820866572156,8,9,34,4.1042296223322055,0.015991658762167623,0.11938720027930061,0.000465178497092043,0.03270547411300033,0.007080371487071375,0.004250693533523411,-0.004138088755954057,0.007051658065195531,-0.004138088757352295,0.00705165806651609,-0.007022116885867519,-0.004026894228617921,0.0,0.0,0.0,0.0,0.0,0.0,0.0,0.0,3.8854708438071774e-11,2.874566280711664e-7,0.013301082328369084
6,0.029088820866572156,8,7,35,4.104229622332264,0.015991658762119738,-0.11938720027930232,-0.00046517849709065007,0.032705474108945636,0.0,0.0,0.0,0.0,0.0,0.0,0.0,0.0,-0.007022116884349402,-0.004026894229214081,0.004138088756519613,-0.0070516580636971376,0.00413808875799554,-0.007051658064954347,0.007080371485529068,0.0042506935341362845,3.8854708438071774e-11,2.874566280711664e-7,0.013301082328369084
6,0.029088820866572156,8,7,36,11.618235328138788,-0.005826569379423514,-0.33796076624590937,0.00016948803294470507,0.014045437073582752,0.0,0.0,0.0,0.0,0.0,0.0,0.0,0.0,0.00248574992937362,-0.0025296496160042395,0.002528965779777892,0.0024358488426636914,0.0025289657810631315,0.0024358488410511133,-0.0023864534987668947,0.002527794724501641,3.8854708438071774e-11,2.874566280711664e-7,0.013301082328369084
6,0.029088820866572156,8,9,37,11.618235328138752,-0.005826569379591143,0.3379607662459083,-0.00016948803294958124,0.014045437018303944,-0.0023864534990094208,0.0025277947051174587,-0.0025289657603691728,-0.00243584884283877,-0.0025289657616579335,-0.002435848841328992,0.002485749929587186,-0.002529649596574382,0.0,0.0,0.0,0.0,0.0,0.0,0.0,0.0,3.8854708438071774e-11,2.874566280711664e-7,0.013301082328369084
6,0.029088820866572156,8,7,38,11.90283506729958,-0.005452291513320433,-0.3462394370770308,0.0001586007311433097,0.013468656379108284,0.0,0.0,0.0,0.0,0.0,0.0,0.0,0.0,0.002473896631474077,0.0023336838290247035,-0.002285855286196969,0.0024722647163713104,-0.0022858552856436748,0.0024722647160671557,-0.002470175580462424,-0.0022385211500334425,3.8854708438071774e-11,2.874566280711664e-7,0.013301082328369084
6,0.029088820866572156,8,9,39,11.902835067286002,-0.0054522915178030484,0.34623943707663585,-0.00015860073127370368,0.013468656369046407,-0.0024701755748463717,-0.0022385211523651837,0.0022858552882170083,-0.002472264710894631,0.0022858552881887973,-0.002472264710469774,0.002473896626019101,0.002333683831259876,0.0,0.0,0.0,0.0,0.0,0.0,0.0,0.0,3.8854708438071774e-11,2.874566280711664e-7,0.013301082328369084
6,0.029088820866572156,8,9,40,11.6331187123068,0.008774459532015551,0.33839370634186106,0.0002552386815277869,0.013358112192015477,0.002585883568586198,-0.0021657261675218425,0.002169672697075338,0.0025385843336483346,0.002169672694166186,0.0025385843330957615,-0.002491718981913909,0.002173111463454809,0.0,0.0,0.0,0.0,0.0,0.0,0.0,0.0,3.8854708438071774e-11,2.874566280711664e-7,0.013301082328369084
6,0.029088820866572156,8,7,41,11.633118712306377,0.008774459532708685,-0.33839370634184873,-0.00025523868154794934,0.013358112124901718,0.0,0.0,0.0,0.0,0.0,0.0,0.0,0.0,-0.0024917189752718723,0.0021731114453947178,-0.002169672678928561,-0.002538584326967338,-0.0021696726762106683,-0.002538584326486959,0.002585883561942193,-0.0021657261494784966,3.8854708438071774e-11,2.874566280711664e-7,0.013301082328369084
6,0.029088820866572156,8,7,42,11.922231931818214,0.016247027108051978,-0.3468036689943865,-0.00047260686116046583,0.01004029225920973,0.0,0.0,0.0,0.0,0.0,0.0,0.0,0.0,-0.0022268729644458903,-0.0011029244695854345,0.0011364459630854708,-0.0022379996373993885,0.00113644596263253,-0.0022379996370640036,0.0022488989760678984,0.001170415033325155,3.8854708438071774e-11,2.874566280711664e-7,0.013301082328369084
6,0.029088820866572156,8,9,43,11.922231931797135,0.016247027120665874,0.34680366899377335,0.0004726068615273892,0.010040292254289793,0.0022488989640378665,0.0011704150542273298,-0.0011364459839593587,0.002237999625513849,-0.001136445983592645,0.002237999624945077,-0.002226872952475356,-0.0011029244905187568,0.0,0.0,0.0,0.0,0.0,0.0,0.0,0.0,3.8854708438071774e-11,2.874566280711664e-7,0.013301082328369084
6,0.029088820866572156,8,7,44,7.9674850978437695,0.03135170218616386,-0.23176474676826053,-0.000911984048755439,0.005937786275719028,0.0,0.0,0.0,0.0,0.0,0.0,0.0,0.0,-0.0010535140326764093,0.0010246705686535254,-0.0010242752137356289,-0.0010743983134269717,-0.0010242752137137796,-0.0010743983134047512,0.0010954874277077265,-0.00102366495865003,3.8854708438071774e-11,2.874566280711664e-7,0.013301082328369084
6,0.029088820866572156,8,9,45,7.967485097843922,0.031351702186488556,0.23176474676826497,0.0009119840487648842,0.005937786274831693,0.001095487427572523,-0.0010236649584705504,0.0010242752135522833,0.0010743983132889357,0.0010242752135378524,0.001074398313272297,-0.0010535140325411622,0.001024670568473708,0.0,0.0,0.0,0.0,0.0,0.0,0.0,0.0,3.8854708438071774e-11,2.874566280711664e-7,0.013301082328369084
6,0.029088820866572156,8,9,46,8.10937023966622,0.003161769802493695,0.23589201824236197,9.19721554060763e-5,0.0056468882124244635,0.0009922408727643713,-0.0010239991735065922,0.0010235838684247672,0.0009721808385154884,0.001023583868278783,0.0009721808386714484,-0.0009523255017512065,0.0010229741065590093,0.0,0.0,0.0,0.0,0.0,0.0,0.0,0.0,3.8854708438071774e-11,2.874566280711664e-7,0.013301082328369084
6,0.029088820866572156,8,7,47,8.109370239666292,0.0031617698025048525,-0.23589201824236408,-9.197215540640088e-5,0.0056468882118127835,0.0,0.0,0.0,0.0,0.0,0.0,0.0,0.0,-0.0009523255016926246,0.0010229741064042442,-0.0010235838682785391,-0.0009721808384637216,-0.001023583868114518,-0.000972180838606006,0.0009922408727057652,-0.0010239991733508422,3.8854708438071774e-11,2.874566280711664e-7,0.013301082328369084
6,0.029088820866572156,8,7,48,8.123783335373016,0.016442147312353012,-0.23631127820150974,-0.0004782826778308276,0.005435159374317682,0.0,0.0,0.0,0.0,0.0,0.0,0.0,0.0,0.000926762746241297,-0.0010122365556645195,0.0010112905855649205,0.0009074739034646883,0.0010112905852888202,0.000907473903756896,-0.0008883873009465789,0.0010101631001839138,3.8854708438071774e-11,2.874566280711664e-7,0.013301082328369084
6,0.029088820866572156,8,9,49,8.123783335372964,0.016442147312478356,0.23631127820150824,0.00047828267783447373,0.0054351593706608095,-0.0008883873002115777,0.001010163099615455,-0.0010112905849838675,-0.0009074739027286735,-0.001011290584732292,-0.0009074739030228851,0.000926762745506379,-0.0010122365550952416,0.0,0.0,0.0,0.0,0.0,0.0,0.0,0.0,3.8854708438071774e-11,2.874566280711664e-7,0.013301082328369084
6,0.029088820866572156,8,9,50,7.9159256920735785,-0.020191698404832824,0.23026494444982454,-0.0005873526978900327,0.005364922761969379,-0.0008557031521084233,0.0010153642666840483,-0.0010168738940705606,-0.0008745154737605778,-0.0010168738940090176,-0.0008745154737865946,0.0008935311527249597,-0.0010182085979649014,0.0,0.0,0.0,0.0,0.0,0.0,0.0,0.0,3.8854708438071774e-11,2.874566280711664e-7,0.013301082328369084
6,0.029088820866572156,8,7,51,7.915925692074029,-0.020191698404735683,-0.23026494444983764,0.0005873526978872071,0.005364922761290299,0.0,0.0,0.0,0.0,0.0,0.0,0.0,0.0,0.0008935311528190829,-0.0010182085976600797,0.001016873893769794,0.0008745154738618733,0.0010168738937002197,0.0008745154738733032,-0.0008557031522023656,0.0010153642663793217,3.8854708438071774e-11,2.874566280711664e-7,0.013301082328369084
6,0.029088820866572156,8,9,52,5.552825182874655,0.004018867689106899,0.16152513704803162,0.00011690412229488538,0.003415067781040462,-0.0008003554147333776,0.00027180974756562624,-0.0002664434484726239,-0.0008111038429123861,-0.00026644344855335136,-0.0008111038426373814,0.0008219055432814344,-0.00026091492336514325,0.0,0.0,0.0,0.0,0.0,0.0,0.0,0.0,3.8854708438071774e-11,2.874566280711664e-7,0.013301082328369084
6,0.029088820866572156,8,7,53,5.552825182875103,0.004018867689352987,-0.16152513704804464,-0.00011690412230204378,0.00341506777926696,0.0,0.0,0.0,0.0,0.0,0.0,0.0,0.0,0.0008219055432658933,-0.00026091492199269937,0.0002664434470872294,0.0008111038428816088,0.0002664434471922266,0.000811103842636844,-0.0008003554147178943,0.0002718097461915645,3.8854708438071774e-11,2.874566280711664e-7,0.013301082328369084
6,0.029088820866572156,8,7,54,9.06435456840071,0.007712965062843701,-0.2636713863113032,-0.00022436105906318987,0.0019446690670074317,0.0,0.0,0.0,0.0,0.0,0.0,0.0,0.0,-0.00040710504846199543,0.0002567732213094286,-0.00025522869198818326,-0.0004137693915120691,-0.00025522869214643785,-0.00041376939164113145,0.0004204847721529629,-0.00025360140384386736,3.8854708438071774e-11,2.874566280711664e-7,0.013301082328369084
6,0.029088820866572156,8,9,55,9.064354568400113,0.0077129650636293505,0.26367138631128584,0.00022436105908604347,0.0019446690664965804,0.00042048477218169857,-0.0002536014035546676,0.00025522869169745986,0.0004137693915426893,0.00025522869185894424,0.0004137693916670251,-0.0004071050484898386,0.00025677322102040637,0.0,0.0,0.0,0.0,0.0,0.0,0.0,0.0,3.8854708438071774e-11,2.874566280711664e-7,0.013301082328369084
6,0.029088820866572156,8,9,56,12.016487408457014,0.021858183047927634,0.34954544967002593,0.0006358287711499111,0.0018172657559559784,0.00032869183922777315,-0.00032019372948160455,0.00032024632475855967,0.00032223500610041605,0.00032024632493889713,0.00032223500606859716,-0.00031584221576027866,0.0003202344668112787,0.0,0.0,0.0,0.0,0.0,0.0,0.0,0.0,3.8854708438071774e-11,2.874566280711664e-7,0.013301082328369084
6,0.029088820866572156,8,7,57,12.016487408457543,0.021858183047196816,-0.34954544967004136,-0.0006358287711286524,0.0018172657501219613,0.0,0.0,0.0,0.0,0.0,0.0,0.0,0.0,-0.00031584221444344297,0.0003202344660649332,-0.0003202463240178621,-0.0003222350047775674,-0.00032024632419050424,-0.0003222350047587144,0.0003286918379120713,-0.00032019372873861863,3.8854708438071774e-11,2.874566280711664e-7,0.013301082328369084
6,0.029088820866572156,8,7,58,11.992325176832217,-0.0012503317107873321,-0.34884259884255564,3.637067515888741e-5,0.001581832380341746,0.0,0.0,0.0,0.0,0.0,0.0,0.0,0.0,0.0002170260711068201,-0.00033531762426013384,0.0003341134171058988,0.00021153607502788225,0.0003341134169657573,0.00021153607508195098,-0.00020611289745523203,0.00033286689591442345,3.8854708438071774e-11,2.874566280711664e-7,0.013301082328369084
6,0.029088820866572156,8,9,59,11.992325176832143,-0.001250331710236991,0.3488425988425535,-3.6370675142878634e-5,0.0015818323773353878,-0.00020611289712074672,0.0003328668952377054,-0.0003341134164266772,-0.00021153607468869855,-0.0003341134162903665,-0.00021153607475056526,0.00021702607077084417,-0.000335317623582175,0.0,0.0,0.0,0.0,0.0,0.0,0.0,0.0,3.8854708438071774e-11,2.874566280711664e-7,0.013301082328369084
6,0.029088820866572156,8,9,60,9.236667734026302,0.004464014590504075,0.26868377311913805,0.00012985292076893748,0.0014853683092301393,-0.00027263333110800553,0.0002466350699116801,-0.00024634743176777914,-0.00027785065640147577,-0.00024634743223957806,-0.0002778506560085273,0.00028311724522679237,-0.000246004219040247,0.0,0.0,0.0,0.0,0.0,0.0,0.0,0.0,3.8854708438071774e-11,2.874566280711664e-7,0.013301082328369084
6,0.029088820866572156,8,7,61,9.23666773402596,0.0044640145901876475,-0.2686837731191281,-0.000129852920759733,0.0014853682924448018,0.0,0.0,0.0,0.0,0.0,0.0,0.0,0.0,0.00028311724269304176,-0.00024600421557402643,0.0002463474283060199,0.0002778506539109753,0.0002463474287679696,0.0002778506534295015,-0.0002726333285729505,0.00024663506644402724,3.8854708438071774e-11,2.874566280711664e-7,0.013301082328369084
6,0.029088820866572156,8,9,62,9.239179923148285,0.006987963375937309,0.26875684973849034,0.0002032716148648072,0.0012330817415373602,0.00019604607940126766,-0.00024189132876364705,0.00024141359742992712,0.00019169085852058666,0.0002414135980395101,0.00019169085811560963,-0.00018738391611590043,0.00024089752370911357,0.0,0.0,0.0,0.0,0.0,0.0,0.0,0.0,3.8854708438071774e-11,2.874566280711664e-7,0.013301082328369084
6,0.029088820866572156,8,7,63,9.239179923147411,0.0069879633779408,-0.2687568497384649,-0.0002032716149230864,0.0012330817238883878,0.0,0.0,0.0,0.0,0.0,0.0,0.0,0.0,-0.00018738391357322275,0.00024089752009473644,-0.00024141359381525378,-0.00019169085601637253,-0.0002414135944248798,-0.00019169085553308156,0.00019604607685790867,-0.00024189132514820807,3.8854708438071774e-11,2.874566280711664e-7,0.013301082328369084
6,0.029088820866572156,8,7,64,9.06008777386613,0.0034351831140810273,-0.2635472702894123,-9.992542624937651e-5,0.0010711160298253416,0.0,0.0,0.0,0.0,0.0,0.0,0.0,0.0,0.00011632372986261711,-0.00024417046828502267,0.000242880636401268,0.00011274310787613649,0.00024288063653410828,0.00011274310799422644,-0.00010921105987906218,0.00024156825117194362,3.8854708438071774e-11,2.874566280711664e-7,0.013301082328369084
6,0.029088820866572156,8,9,65,9.060087773865394,0.003435183114629675,0.26354727028939096,9.992542626533602e-5,0.001071116029718518,-0.00010921105988449645,0.0002415682511397861,-0.00024288063637062433,-0.00011274310787954024,-0.00024288063650095126,-0.00011274310800139925,0.00011632372986776818,-0.0002441704682533885,0.0,0.0,0.0,0.0,0.0,0.0,0.0,0.0,3.8854708438071774e-11,2.874566280711664e-7,0.013301082328369084
6,0.029088820866572156,8,9,66,5.556329392344838,0.007522163825183049,0.1616270703695887,0.00021881087603975888,0.0008812096875887872,-6.983936352296887e-5,-0.00021126651068751657,0.00020846253981430146,-7.123271818244346e-5,0.00020846253997261808,-7.123271860978031e-5,7.258437933908585e-5,0.00020567281147438156,0.0,0.0,0.0,0.0,0.0,0.0,0.0,0.0,3.8854708438071774e-11,2.874566280711664e-7,0.013301082328369084
6,0.029088820866572156,8,7,67,5.556329392344833,0.007522163825060924,-0.16162707036958857,-0.00021881087603620644,0.0008812096819802462,0.0,0.0,0.0,0.0,0.0,0.0,0.0,0.0,7.258438044268824e-5,0.00020567280961568236,-0.0002084625379361238,7.123271929033777e-5,-0.00020846253813319656,7.123271970914955e-5,-6.983936462625945e-5,-0.0002112665088283885,3.8854708438071774e-11,2.874566280711664e-7,0.013301082328369084
6,0.029088820866572156,8,9,68,7.862289754708959,0.0109814839917315,0.22870473827581445,0.00031943842068460733,8.327675106380641e-5,1.317322980046886e-5,1.6390184875365868e-5,-1.6095870302285023e-5,1.3203782375529284e-5,-1.609587030184144e-5,1.320378237112031e-5,-1.3231115508068238e-5,-1.5804196163300836e-5,0.0,0.0,0.0,0.0,0.0,0.0,0.0,0.0,3.8854708438071774e-11,2.874566280711664e-7,0.013301082328369084
6,0.029088820866572156,8,7,69,7.8622897547087955,0.010981483991950706,-0.2287047382758097,-0.0003194384206909838,8.327675085727213e-5,0.0,0.0,0.0,0.0,0.0,0.0,0.0,0.0,-1.323111545181285e-5,-1.580419614269994e-5,1.6095870282000176e-5,-1.320378231934272e-5,1.609587028077907e-5,-1.320378231487876e-5,1.3173229744294158e-5,1.6390184854630254e-5,3.8854708438071774e-11,2.874566280711664e-7,0.013301082328369084
6,0.029088820866572156,8,9,70,7.842125189347573,-0.008123513024758295,0.2281181748461648,-0.00023630341518445977,5.880532021691783e-5,-1.2393279849138354e-5,-7.631884575915667e-6,7.833379043239007e-6,-1.2440115473023143e-5,7.833379040571068e-6,-1.2440115467195541e-5,1.2485384166472486e-5,8.037361374302272e-6,0.0,0.0,0.0,0.0,0.0,0.0,0.0,0.0,3.8854708438071774e-11,2.874566280711664e-7,0.013301082328369084
6,0.029088820866572156,8,7,71,7.842125189347479,-0.008123513024698447,-0.22811817484616206,0.00023630341518271887,5.88053200746271e-5,0.0,0.0,0.0,0.0,0.0,0.0,0.0,0.0,1.2485384132061854e-5,8.037361362152398e-6,-7.833379031465739e-6,1.2440115438756808e-5,-7.833379027997105e-6,1.2440115432714978e-5,-1.2393279814798534e-5,-7.631884563724884e-6,3.8854708438071774e-11,2.874566280711664e-7,0.013301082328369084
6,0.029088820866572156,8,7,72,11.847411031629719,-0.004939582203594563,-0.3446272172317277,0.00014368662187606997,4.295184887573679e-5,0.0,0.0,0.0,0.0,0.0,0.0,0.0,0.0,7.462862877614996e-6,7.869740985561384e-6,-7.717161465104217e-6,7.4661561123593095e-6,-7.7171614554472e-6,7.466156108899594e-6,-7.467905762009603e-6,-7.566075011839329e-6,3.8854708438071774e-11,2.874566280711664e-7,0.013301082328369084
6,0.029088820866572156,8,9,73,11.847411031630195,-0.0049395822038848895,0.34462721723174156,-0.00014368662188451526,4.29518483044788e-5,-7.467905651777885e-6,-7.566074919654004e-6,7.717161374816886e-6,-7.466156000936885e-6,7.717161361280599e-6,-7.466156000176914e-6,7.462862767686789e-6,7.869740893317238e-6,0.0,0.0,0.0,0.0,0.0,0.0,0.0,0.0,3.8854708438071774e-11,2.874566280711664e-7,0.013301082328369084
6,0.029088820866572156,8,7,74,12.92903171662833,0.008877117218312223,-0.3760902875832314,-0.0002582248725750476,3.7379069448737935e-5,0.0,0.0,0.0,0.0,0.0,0.0,0.0,0.0,-7.32491329043843e-6,5.651280378754803e-6,-5.633801779587356e-6,-7.455239023888343e-6,-5.6338017563374505e-6,-7.455239030151457e-6,7.586691374827864e-6,-5.614831996641876e-6,3.8854708438071774e-11,2.874566280711664e-7,0.013301082328369084
6,0.029088820866572156,8,9,75,12.929031716628643,0.008877117217726941,0.3760902875832405,0.0002582248725580224,3.737906934852287e-5,7.586691343682387e-6,-5.614831996251633e-6,5.633801779329579e-6,7.4552389921440254e-6,5.63380175597544e-6,7.455238999559533e-6,-7.324913259246665e-6,5.651280378517039e-6,0.0,0.0,0.0,0.0,0.0,0.0,0.0,0.0,3.8854708438071774e-11,2.874566280711664e-7,0.013301082328369084
6,0.029088820866572156,8,9,76,11.86549105354456,0.015280546947864976,0.34515314375047224,0.0004444930929096902,2.586407126386612e-5,6.075782760187969e-6,2.3951383787766337e-6,-2.3110339666578297e-6,6.038743098767882e-6,-2.3110339615956885e-6,6.038743093151354e-6,-6.001241104199644e-6,-2.2281372518029356e-6,0.0,0.0,0.0,0.0,0.0,0.0,0.0,0.0,3.8854708438071774e-11,2.874566280711664e-7,0.013301082328369084
6,0.029088820866572156,8,7,77,11.865491053543966,0.015280546948304819,-0.34515314375045497,-0.0004444930929224847,2.5864071172856188e-5,0.0,0.0,0.0,0.0,0.0,0.0,0.0,0.0,-6.0012410935584456e-6,-2.2281372156202936e-6,2.311033930816014e-6,-6.038743087632935e-6,2.311033925229127e-6,-6.038743083197795e-6,6.075782749733686e-6,2.395138342756502e-6,3.8854708438071774e-11,2.874566280711664e-7,0.013301082328369084
6,0.029088820866572156,8,9,78,12.922477065390005,0.002323313770002375,0.3758996205075169,6.758245807243951e-5,2.5340696606208296e-5,-3.3748316126884084e-6,5.286614620337623e-6,-5.305388411865157e-6,-3.46197614010351e-6,-5.305388426997524e-6,-3.461976128255147e-6,3.550181664094024e-6,-5.323469717257895e-6,0.0,0.0,0.0,0.0,0.0,0.0,0.0,0.0,3.8854708438071774e-11,2.874566280711664e-7,0.013301082328369084
6,0.029088820866572156,8,7,79,12.922477065389359,0.002323313770196938,-0.3758996205074981,-6.758245807809911e-5,2.5340696414519685e-5,0.0,0.0,0.0,0.0,0.0,0.0,0.0,0.0,3.550181637341202e-6,-5.323469677424954e-6,5.3053883725582115e-6,3.4619761133053775e-6,5.305388386736248e-6,3.4619761016022613e-6,-3.374831585996637e-6,5.286614580596687e-6,3.8854708438071774e-11,2.874566280711664e-7,0.013301082328369084
7,0.01679443855772424,9,8,0,1.4967270775581287,0.04598898305301065,-0.025136690941732157,-0.0007723591502160087,58.90023587621231,0.0,0.0,0.0,0.0,0.0,0.0,0.0,0.0,-9.916011198624782,10.686260606222156,-10.692955940558797,-10.123103019506987,-10.692955940456422,-10.123103019947958,10.332333229532804,-10.697626440349907,4.737718415094679e-11,0.00021649745914201297,0.012688177731507266
7,0.01679443855772424,9,10,1,1.4967270775585835,0.04598898305259699,0.025136690941739794,0.0007723591502090616,58.90023587602732,10.332333229510605,-10.69762644030673,10.692955940517091,10.123103019483501,10.692955940412286,10.123103019927575,-9.916011198603112,10.686260606179486,0.0,0.0,0.0,0.0,0.0,0.0,0.0,0.0,4.737718415094679e-11,0.00021649745914201297,0.012688177731507266
7,0.01679443855772424,9,8,2,2.6510059456582957,0.05474136849486749,-0.044522156470519894,-0.0009193505497527936,48.92107109730044,0.0,0.0,0.0,0.0,0.0,0.0,0.0,0.0,-8.201980112720147,8.907182081887525,-8.913400982575698,-8.373962898298743,-8.913400982489032,-8.373962898667571,8.54772819694391,-8.917944912345929,4.737718415094679e-11,0.00021649745914201297,0.012688177731507266
7,0.01679443855772424,9,10,3,2.65100594565883,0.054741368494008,0.044522156470528866,0.0009193505497383589,48.92107109728898,8.547728196966169,-8.917944912321284,8.913400982550376,8.37396289832172,8.91340098246464,8.373962898689134,-8.201980112742438,8.907182081862466,0.0,0.0,0.0,0.0,0.0,0.0,0.0,0.0,4.737718415094679e-11,0.00021649745914201297,0.012688177731507266
7,0.01679443855772424,9,8,4,7.048963836091216,0.06378459124330571,-0.11838339004085409,-0.0010712263985652533,7.8065989262500475,0.0,0.0,0.0,0.0,0.0,0.0,0.0,0.0,-1.1258358233742911,1.5702945044416419,-1.5746244698314564,-1.152954477953266,-1.5746244698277663,-1.1529544780232808,1.1803880344337072,-1.5787238128317211,4.737718415094679e-11,0.00021649745914201297,0.012688177731507266
7,0.01679443855772424,9,10,5,7.04896383608869,0.06378459123841604,0.11838339004081168,0.001071226398483134,7.8065989261676245,1.180388034437899,-1.5787238128029957,1.5746244698024723,1.1529544779595886,1.5746244697994287,1.152954478025483,-1.125835823378627,1.5702945044130463,0.0,0.0,0.0,0.0,0.0,0.0,0.0,0.0,4.737718415094679e-11,0.00021649745914201297,0.012688177731507266
7,0.01679443855772424,9,10,6,2.123491576848291,0.05026365098010081,0.03566284881522358,0.0008441497980721989,3.722515882146228,0.9242241856251049,0.17126238956708395,-0.16039937986429859,0.916678253849963,-0.16039937989009984,0.9166782538642426,-0.9091002238797825,-0.1497197026281813,0.0,0.0,0.0,0.0,0.0,0.0,0.0,0.0,4.737718415094679e-11,0.00021649745914201297,0.012688177731507266
7,0.01679443855772424,9,8,7,2.1234915768483704,0.05026365097997609,-0.03566284881522492,-0.0008441497980701042,3.7225158820838655,0.0,0.0,0.0,0.0,0.0,0.0,0.0,0.0,-0.9091002238656747,-0.14971970261838974,0.1603993798540111,-0.9166782538358255,0.16039937988066738,-0.9166782538501759,0.9242241856110079,0.17126238955715706,4.737718415094679e-11,0.00021649745914201297,0.012688177731507266
7,0.01679443855772424,9,10,8,6.727502917882575,0.03708840447628353,0.11298463440128945,0.0006228789301809685,2.7546438211609052,0.6703988901333626,-0.18540553326590703,0.19018906691040122,0.6618597435312552,0.1901890669041452,0.6618597435841467,-0.6533586215578598,0.1948402247975906,0.0,0.0,0.0,0.0,0.0,0.0,0.0,0.0,4.737718415094679e-11,0.00021649745914201297,0.012688177731507266
7,0.01679443855772424,9,8,9,6.727502917877887,0.0370884044785279,-0.11298463440121072,-0.0006228789302186614,2.754643820994547,0.0,0.0,0.0,0.0,0.0,0.0,0.0,0.0,-0.6533586215539584,0.1948402246611436,-0.19018906677558184,-0.6618597435293253,-0.19018906676585043,-0.6618597435779983,0.6703988901292084,-0.1854055331292394,4.737718415094679e-11,0.00021649745914201297,0.012688177731507266
7,0.01679443855772424,9,10,10,6.676678826897768,-0.0008469267382831686,0.11213107232799292,-1.4223659068990473e-5,2.4599618517668906,-0.4188682721778739,0.4418770082066923,-0.4420645587576879,-0.4275199256555019,-0.4420645587686423,-0.42751992571690944,0.4362599835550169,-0.4421665964941498,0.0,0.0,0.0,0.0,0.0,0.0,0.0,0.0,4.737718415094679e-11,0.00021649745914201297,0.012688177731507266
7,0.01679443855772424,9,8,11,6.676678826895959,-0.0008469267331567554,-0.11213107232796253,1.422365898289524e-5,2.4599618514292128,0.0,0.0,0.0,0.0,0.0,0.0,0.0,0.0,0.4362599835565584,-0.44216659637523714,0.44206455864067384,0.4275199256577889,0.4420645586477837,0.4275199257176997,-0.4188682721794337,0.4418770080877332,4.737718415094679e-11,0.00021649745914201297,0.012688177731507266
7,0.01679443855772424,9,10,12,2.072503845102099,-0.0005919453183719572,0.03480653848721444,-9.94138927893035e-6,1.2519651386043318,-0.21095099345796814,0.22697729811178688,-0.22711613534065345,-0.21535298397350602,-0.227116135339785,-0.2153529839883381,0.21980039342337213,-0.22721189742994824,0.0,0.0,0.0,0.0,0.0,0.0,0.0,0.0,4.737718415094679e-11,0.00021649745914201297,0.012688177731507266
7,0.01679443855772424,9,8,13,2.072503845102225,-0.0005919453185374429,-0.03480653848721655,9.941389281709588e-6,1.2519651385682484,0.0,0.0,0.0,0.0,0.0,0.0,0.0,0.0,0.21980039341269983,-0.22721189742761638,0.2271161353386771,0.21535298396259145,0.22711613533712335,0.21535298397792363,-0.2109509934473115,0.2269772981094785,4.737718415094679e-11,0.00021649745914201297,0.012688177731507266
7,0.01679443855772424,9,10,14,6.9194343911133025,0.05540054632852445,0.1162080157357564,0.0009304210713787592,0.03578773099294952,0.0021300797802097943,-0.008781986324301876,0.008715262347583668,0.002021832308378255,0.008715262347721252,0.002021832308307568,-0.0019153278484902712,0.008648133830239,0.0,0.0,0.0,0.0,0.0,0.0,0.0,0.0,4.737718415094679e-11,0.00021649745914201297,0.012688177731507266
7,0.01679443855772424,9,8,15,6.9194343911135565,0.05540054632820995,-0.11620801573576066,-0.0009304210713734772,0.03578773099156381,0.0,0.0,0.0,0.0,0.0,0.0,0.0,0.0,-0.0019153278473924703,0.008648133830131327,-0.008715262347469546,-0.0020218323072692217,-0.008715262347637807,-0.002021832307202423,0.0021300797790934304,-0.008781986324212121,4.737718415094679e-11,0.00021649745914201297,0.012688177731507266
7,0.01679443855772424,9,8,16,10.138497171019397,0.03922390209918877,-0.1702703678063463,-0.0006587434137990167,0.018198914749428762,0.0,0.0,0.0,0.0,0.0,0.0,0.0,0.0,-0.0027975676283221503,0.0035302635780529116,-0.0035373059995342363,-0.002861199487770227,-0.0035373059995387843,-0.0028611994878638912,0.0029255387512800196,-0.0035437761103819404,4.737718415094679e-11,0.00021649745914201297,0.012688177731507266
7,0.01679443855772424,9,10,17,10.138497171018429,0.039223902095507746,0.17027036780633004,0.0006587434137371959,0.018198914748746915,0.002925538751042558,-0.0035437761103558644,0.003537305999503274,0.0028611994875417488,0.003537305999512519,0.002861199487621015,-0.002797567628088278,0.003530263578021799,0.0,0.0,0.0,0.0,0.0,0.0,0.0,0.0,4.737718415094679e-11,0.00021649745914201297,0.012688177731507266
7,0.01679443855772424,9,8,18,5.516879502405844,0.04433706316105584,-0.09265289383352324,-0.0007446160830882912,0.011758745927435485,0.0,0.0,0.0,0.0,0.0,0.0,0.0,0.0,-0.002098977213583539,0.002016064631258294,-0.002015022501257625,-0.0021403291549954542,-0.0020150225012742235,-0.0021403291550287445,0.0021820840581298043,-0.0020135522651463273,4.737718415094679e-11,0.00021649745914201297,0.012688177731507266
7,0.01679443855772424,9,10,19,5.516879502405642,0.044337063161249385,0.09265289383351984,0.0007446160830915417,0.01175874592665829,0.0021820840579165153,-0.0020135522650890935,0.0020150225011980934,0.0021403291547854347,0.002015022501218475,0.0021403291548135845,-0.0020989772133716542,0.002016064631200227,0.0,0.0,0.0,0.0,0.0,0.0,0.0,0.0,4.737718415094679e-11,0.00021649745914201297,0.012688177731507266
7,0.01679443855772424,9,8,20,6.604253657667092,0.025365469974627193,-0.11091473227331555,-0.0004259988269766754,0.01081390448477099,0.0,0.0,0.0,0.0,0.0,0.0,0.0,0.0,0.0025481488852687945,0.000981319833925278,-0.000946278776891478,0.002532385084585687,-0.0009462787768897751,0.002532385084422817,-0.002516431977337601,-0.0009117441779432105,4.737718415094679e-11,0.00021649745914201297,0.012688177731507266
7,0.01679443855772424,9,10,21,6.6042536576668525,0.025365469973547914,0.11091473227331153,0.00042599882695854957,0.010813904478535622,-0.002516431975783385,-0.0009117441776702242,0.0009462787766289585,-0.002532385083004889,0.0009462787765988067,-0.002532385082882168,0.0025481488837014506,0.000981319833644883,0.0,0.0,0.0,0.0,0.0,0.0,0.0,0.0,4.737718415094679e-11,0.00021649745914201297,0.012688177731507266
7,0.01679443855772424,9,10,22,6.630586943686584,0.04766283374664992,0.1113569850273929,0.0008004705328451374,0.007750459137533038,0.0018141973335781105,0.0007339532202926236,-0.0007086523172360195,0.001803323390161343,-0.0007086523171619058,0.0018033233901900668,-0.0017923076802458051,-0.0006837120646055612,0.0,0.0,0.0,0.0,0.0,0.0,0.0,0.0,4.737718415094679e-11,0.00021649745914201297,0.012688177731507266
7,0.01679443855772424,9,8,23,6.630586943686332,0.0476628337472189,-0.11135698502738865,-0.0008004705328546932,0.00775045913337646,0.0,0.0,0.0,0.0,0.0,0.0,0.0,0.0,-0.0017923076792817508,-0.0006837120642124775,0.000708652316849692,-0.0018033233891918208,0.0007086523167672887,-0.0018033233892334024,0.0018141973326158633,0.0007339532199050283,4.737718415094679e-11,0.00021649745914201297,0.012688177731507266
7,0.01679443855772424,9,10,24,10.366836799789052,0.02577861076057468,0.17410520367201182,0.0004329372945219604,0.005812879959905838,-0.0008884159059729537,0.0011316564645011617,-0.001133998502117923,-0.0009087299687697555,-0.0011339985020479653,-0.0009087299686190871,0.0009292708129383356,-0.0011361587709929192,0.0,0.0,0.0,0.0,0.0,0.0,0.0,0.0,4.737718415094679e-11,0.00021649745914201297,0.012688177731507266
7,0.01679443855772424,9,8,25,10.366836799788842,0.025778610759631927,-0.1741052036720083,-0.0004329372945061274,0.005812879956678133,0.0,0.0,0.0,0.0,0.0,0.0,0.0,0.0,0.0009292708127524418,-0.0011361587701085344,0.0011339985012221998,0.0009087299685973354,0.0011339985011735209,0.0009087299684195793,-0.0008884159057871104,0.0011316564636153562,4.737718415094679e-11,0.00021649745914201297,0.012688177731507266
7,0.01679443855772424,9,10,26,11.170875882227111,0.025222039288213177,0.1876085886400268,0.00042358998912640306,0.00412229714485398,-0.0007394343404759924,0.000703020893555017,-0.0007025817267492193,-0.0007539291600386175,-0.000702581726871599,-0.0007539291600470933,0.000768564480874551,-0.0007019917601852844,0.0,0.0,0.0,0.0,0.0,0.0,0.0,0.0,4.737718415094679e-11,0.00021649745914201297,0.012688177731507266
7,0.01679443855772424,9,8,27,11.170875882226406,0.02522203928815818,-0.18760858864001495,-0.00042358998912547937,0.0041222971439931165,0.0,0.0,0.0,0.0,0.0,0.0,0.0,0.0,0.0007685644808493683,-0.0007019917598968294,0.0007025817264558555,0.000753929160017504,0.000702581726587314,0.0007539291600181122,-0.0007394343404511422,0.000703020893265829,4.737718415094679e-11,0.00021649745914201297,0.012688177731507266
7,0.01679443855772424,9,10,28,5.782120821823192,0.023009855016588178,0.09710747287544758,0.000386437596298233,0.003981934774230021,-0.0005633095247807121,0.0008087023786747919,-0.0008110989391804383,-0.0005771106922985696,-0.0008110989391218513,-0.0005771106924137664,0.0005910740681754946,-0.0008133800612684419,0.0,0.0,0.0,0.0,0.0,0.0,0.0,0.0,4.737718415094679e-11,0.00021649745914201297,0.012688177731507266
7,0.01679443855772424,9,8,29,5.7821208218231,0.023009855017132288,-0.09710747287544605,-0.00038643759630737105,0.003981934773593377,0.0,0.0,0.0,0.0,0.0,0.0,0.0,0.0,0.0005910740680570221,-0.0008133800611574809,0.0008110989390724186,0.0005771106921803282,0.0008110989390077205,0.0005771106922951464,-0.0005633095246623467,0.0008087023785635822,4.737718415094679e-11,0.00021649745914201297,0.012688177731507266
7,0.01679443855772424,9,10,30,11.59566287134993,0.0533685179450627,0.19474264762897064,0.000896294295545159,0.0034642467136528137,0.0006356514388968272,-0.0006009354867041865,0.000601220002499123,0.0006233456829474507,0.0006012200025267341,0.0006233456829836649,-0.0006111601585664937,0.0006013798371620364,0.0,0.0,0.0,0.0,0.0,0.0,0.0,0.0,4.737718415094679e-11,0.00021649745914201297,0.012688177731507266
7,0.01679443855772424,9,8,31,11.595662871349294,0.05336851794789878,-0.19474264762895996,-0.0008962942955927893,0.0034642467136070847,0.0,0.0,0.0,0.0,0.0,0.0,0.0,0.0,-0.0006111601584965603,0.0006013798372181045,-0.000601220002557125,-0.0006233456828733512,-0.0006012200025823553,-0.0006233456829164195,0.0006356514388254042,-0.0006009354867617577,4.737718415094679e-11,0.00021649745914201297,0.012688177731507266
7,0.01679443855772424,9,10,32,10.389411966107996,0.04583189892730684,0.17448434091568574,0.0007697210105184823,0.0031219943027746095,0.0005167728989775098,-0.0005953137167084942,0.0005944774593424814,0.0005057115003763723,0.0005944774594082422,0.000505711500113537,-0.0004947689868876011,0.0005935400478542538,0.0,0.0,0.0,0.0,0.0,0.0,0.0,0.0,4.737718415094679e-11,0.00021649745914201297,0.012688177731507266
7,0.01679443855772424,9,8,33,10.389411966108227,0.0458318989263069,-0.17448434091568962,-0.0007697210105016888,0.0031219942987857777,0.0,0.0,0.0,0.0,0.0,0.0,0.0,0.0,-0.000494768986496669,0.0005935400468790432,-0.0005944774583525041,-0.0005057115000051061,-0.0005944774584432445,-0.0005057114997047784,0.0005167728985885855,-0.0005953137157285847,4.737718415094679e-11,0.00021649745914201297,0.012688177731507266
7,0.01679443855772424,9,10,34,11.197383764470848,0.04245379494065033,0.1880537736396646,0.0007129876506729762,0.0029877967223383927,0.0006676734105704918,-0.0003512653692062311,0.0003543634427999177,0.0006575193801263073,0.0003543634430262199,0.0006575193800439911,-0.0006474362091365288,0.0003573300056601043,0.0,0.0,0.0,0.0,0.0,0.0,0.0,0.0,4.737718415094679e-11,0.00021649745914201297,0.012688177731507266
7,0.01679443855772424,9,8,35,11.197383764470695,0.04245379494044122,-0.18805377363966205,-0.0007129876506694643,0.002987796720081182,0.0,0.0,0.0,0.0,0.0,0.0,0.0,0.0,-0.000647436208728439,0.00035733000522855175,-0.0003543634423587172,-0.0006575193797282968,-0.00035436344260234806,-0.0006575193796260984,0.0006676734101627477,-0.00035126536877260546,4.737718415094679e-11,0.00021649745914201297,0.012688177731507266
7,0.01679443855772424,9,8,36,10.180367076381849,0.05522397141682909,-0.17097354935937373,-0.0009274555948734558,0.002096699449360276,0.0,0.0,0.0,0.0,0.0,0.0,0.0,0.0,-0.0004231300884892036,-0.000300443632190762,0.0003077217712811042,-0.00042432636163761334,0.0003077217714356771,-0.0004243263619715936,0.00042546108228065454,0.00031508476964369115,4.737718415094679e-11,0.00021649745914201297,0.012688177731507266
7,0.01679443855772424,9,10,37,10.180367076381355,0.05522397142120891,0.17097354935936543,0.0009274555949470124,0.0020966994493001037,0.00042546108225983477,0.0003150847696524261,-0.000307721771298636,0.0004243263616159484,-0.00030772177142932483,0.0004243263619479422,-0.0004231300884646833,-0.00030044363219331003,0.0,0.0,0.0,0.0,0.0,0.0,0.0,0.0,4.737718415094679e-11,0.00021649745914201297,0.012688177731507266
7,0.01679443855772424,9,8,38,11.38991738490149,0.06105903351293992,-0.19128726769828325,-0.0010254521867270948,0.002034510058309515,0.0,0.0,0.0,0.0,0.0,0.0,0.0,0.0,-0.00023289038140328146,0.0004464626645299308,-0.0004485745843156251,-0.00023972871591887464,-0.0004485745843375854,-0.00023972871593150495,0.0002466567605683553,-0.00045063854940914215,4.737718415094679e-11,0.00021649745914201297,0.012688177731507266
7,0.01679443855772424,9,10,39,11.389917384901665,0.06105903351208243,0.19128726769828616,0.0010254521867126937,0.00203451005828508,0.0002466567605657649,-0.0004506385494034041,0.0004485745843097986,0.0002397287159187384,0.00044857458433220126,0.0002397287159267,-0.00023289038140092687,0.0004464626645244574,0.0,0.0,0.0,0.0,0.0,0.0,0.0,0.0,4.737718415094679e-11,0.00021649745914201297,0.012688177731507266
7,0.01679443855772424,9,10,40,5.807969513503448,0.053973956732284126,0.09754158713966919,0.0009064623000576124,0.0015508231152890559,0.00011094635554364385,-0.0003755468846557617,0.00037289014587265945,0.00010611877831749348,0.000372890145850637,0.00010611877828751613,-0.00010136577696748413,0.00037021217585425723,0.0,0.0,0.0,0.0,0.0,0.0,0.0,0.0,4.737718415094679e-11,0.00021649745914201297,0.012688177731507266
7,0.01679443855772424,9,8,41,5.807969513502999,0.05397395673268031,-0.09754158713966167,-0.000906462300064266,0.00155082311498003,0.0,0.0,0.0,0.0,0.0,0.0,0.0,0.0,-0.00010136577692536701,0.0003702121757865509,-0.00037289014580289305,-0.0001061187782787271,-0.00037289014578407824,-0.00010611877824083084,0.0001109463555003015,-0.00037554688458713747,4.737718415094679e-11,0.00021649745914201297,0.012688177731507266
7,0.01679443855772424,9,10,42,10.507918255944723,0.0527912280317309,0.1764745875190525,0.0008865990355657142,0.0012803449936537022,0.00013549222575938075,-0.0002935327628692158,0.00029193912711543115,0.0001312312093030768,0.00029193912713070615,0.00013123120929428868,-0.0001270285780380672,0.00029031923929657093,0.0,0.0,0.0,0.0,0.0,0.0,0.0,0.0,4.737718415094679e-11,0.00021649745914201297,0.012688177731507266
7,0.01679443855772424,9,8,43,10.507918255943151,0.052791228033355814,-0.17647458751902612,-0.0008865990355930037,0.0012803449933766278,0.0,0.0,0.0,0.0,0.0,0.0,0.0,0.0,-0.00012702857799346424,0.00029031923924036464,-0.0002919391270596657,-0.00013123120925913022,-0.00029193912707484285,-0.00013123120924865778,0.00013549222571442179,-0.00029353276281379585,4.737718415094679e-11,0.00021649745914201297,0.012688177731507266
7,0.01679443855772424,9,8,44,11.653688153248435,0.060342149403791526,-0.1957171496606097,-0.0010134125206029932,0.0011560164744668603,0.0,0.0,0.0,0.0,0.0,0.0,0.0,0.0,0.00017738259348911578,-0.00023182266770014492,0.00023126083330645932,0.0001733136804883364,0.0002312608332489324,0.00017331368063524491,-0.00016929101633475095,0.00023066433149433036,4.737718415094679e-11,0.00021649745914201297,0.012688177731507266
7,0.01679443855772424,9,10,45,11.653688153248224,0.06034214940328014,0.19571714966060616,0.0010134125205944048,0.0011560164735587373,-0.00016929101607253197,0.00023066433140727036,-0.00023126083321133497,-0.00017331368022919426,-0.00023126083316958042,-0.00017331368037007086,0.00017738259322703321,-0.00023182266761267062,0.0,0.0,0.0,0.0,0.0,0.0,0.0,0.0,4.737718415094679e-11,0.00021649745914201297,0.012688177731507266
7,0.01679443855772424,9,8,46,11.082114004429714,0.0511981414075016,-0.18611788273709018,-0.0008598440401379628,0.000717214985987625,0.0,0.0,0.0,0.0,0.0,0.0,0.0,0.0,-0.00017120726838578242,4.690145179618951e-5,-4.564110887063872e-5,-0.0001733929507727337,-4.5641108860105696e-5,-0.00017339295077765907,0.0001755877579184919,-4.434608643200031e-5,4.737718415094679e-11,0.00021649745914201297,0.012688177731507266
7,0.01679443855772424,9,10,47,11.082114004429144,0.051198141407377405,0.1861178827370806,0.0008598440401358771,0.0007172149858901293,0.00017558775789178196,-4.434608643747362e-5,4.564110887509152e-5,0.00017339295074546786,4.564110886630744e-5,0.00017339295075171262,-0.00017120726835927988,4.690145180137045e-5,0.0,0.0,0.0,0.0,0.0,0.0,0.0,0.0,4.737718415094679e-11,0.00021649745914201297,0.012688177731507266
7,0.01679443855772424,9,8,48,11.041579135948968,0.012019781310052158,-0.18543712237894486,-0.00020186547868895313,0.0007057006743051505,0.0,0.0,0.0,0.0,0.0,0.0,0.0,0.0,0.00012595505560768656,-0.00012604893390163202,0.00012603558736218936,0.00012344761929565954,0.00012603558735430824,0.0001234476192935948,-0.00012096538762977305,0.00012599754877050447,4.737718415094679e-11,0.00021649745914201297,0.012688177731507266
7,0.01679443855772424,9,10,49,11.041579135948384,0.012019781309466373,0.18543712237893503,0.00020186547867911522,0.0007057006741994097,-0.00012096538759425082,0.00012599754876840158,-0.0001260355873592024,-0.00012344761925926425,-0.00012603558735291268,-0.00012344761925890931,0.00012595505557212616,-0.00012604893389934384,0.0,0.0,0.0,0.0,0.0,0.0,0.0,0.0,4.737718415094679e-11,0.00021649745914201297,0.012688177731507266
7,0.01679443855772424,9,8,50,11.64628610660635,0.05379409840946955,-0.19559283644307782,-0.0009034416805060076,0.00048164115097430434,0.0,0.0,0.0,0.0,0.0,0.0,0.0,0.0,-4.5332029199448116e-5,0.0001102535877464458,-0.0001108981523687459,-4.6898958926768154e-5,-0.00011089815230900507,-4.689895900292162e-5,4.848806742284559e-5,-0.00011153333492155574,4.737718415094679e-11,0.00021649745914201297,0.012688177731507266
7,0.01679443855772424,9,10,51,11.646286106605574,0.05379409841205738,0.19559283644306477,0.0009034416805494688,0.0004816411504060227,4.848806710810881e-5,-0.00011153333490132164,0.00011089815234191868,4.6898958613527015e-5,0.00011089815229269883,4.689895868869262e-5,-4.533202888672571e-5,0.00011025358772353065,0.0,0.0,0.0,0.0,0.0,0.0,0.0,0.0,4.737718415094679e-11,0.00021649745914201297,0.012688177731507266
7,0.01679443855772424,9,8,52,10.178488883616934,0.046782282205957336,-0.1709420061663838,-0.0007856821640980665,0.0004356260385412384,0.0,0.0,0.0,0.0,0.0,0.0,0.0,0.0,5.2517160007815075e-5,-9.665175269370946e-5,9.62052660215803e-5,5.103510226522262e-5,9.620526590516792e-5,5.103510253842208e-5,-4.9572284828920235e-5,9.574857028779732e-5,4.737718415094679e-11,0.00021649745914201297,0.012688177731507266
7,0.01679443855772424,9,10,53,10.178488883616785,0.046782282205545186,0.17094200616638128,0.0007856821640911446,0.00043562603852950467,-4.9572284647091744e-5,9.574857038095572e-5,-9.620526610425294e-5,-5.103510208291725e-5,-9.620526600877137e-5,-5.103510235710671e-5,5.2517159826003606e-5,-9.665175278678985e-5,0.0,0.0,0.0,0.0,0.0,0.0,0.0,0.0,4.737718415094679e-11,0.00021649745914201297,0.012688177731507266
7,0.01679443855772424,9,8,54,10.315842484803248,0.05014367580179907,-0.1732487827821895,-0.0008421348823117583,0.00015625798872972624,0.0,0.0,0.0,0.0,0.0,0.0,0.0,0.0,-3.212905049680035e-5,2.1528306993110516e-5,-2.141904620071258e-5,-3.266776862418593e-5,-2.14190461898864e-5,-3.2667768628880864e-5,3.321076991210016e-5,-2.130325141544601e-5,4.737718415094679e-11,0.00021649745914201297,0.012688177731507266
7,0.01679443855772424,9,10,55,10.315842484804056,0.05014367580087331,0.17324878278220307,0.0008421348822962106,0.00015625798867235306,3.321076989933606e-5,-2.130325140921379e-5,2.1419046194548586e-5,3.2667768611367875e-5,2.141904618322212e-5,3.2667768615803386e-5,-3.2129050483677457e-5,2.1528306986511943e-5,0.0,0.0,0.0,0.0,0.0,0.0,0.0,0.0,4.737718415094679e-11,0.00021649745914201297,0.012688177731507266
7,0.01679443855772424,9,10,56,10.871269867858732,0.049038473644906176,0.1825768738401924,0.0008235736325939562,7.676300657928584e-7,-1.3935850790086976e-7,-1.3472110586913158e-7,1.319942408605056e-7,-1.3929886571859125e-7,1.3199424070768216e-7,-1.3929886615715532e-7,1.3921282234113186e-7,1.2929523283190255e-7,0.0,0.0,0.0,0.0,0.0,0.0,0.0,0.0,4.737718415094679e-11,0.00021649745914201297,0.012688177731507266
7,0.01679443855772424,9,8,57,10.871269867858636,0.04903847364456331,-0.18257687384019078,-0.000823573632588198,7.676300645502162e-7,0.0,0.0,0.0,0.0,0.0,0.0,0.0,0.0,1.3921282214682017e-7,1.2929523259323807e-7,-1.3199424060510068e-7,1.3929886551715194e-7,-1.3199424046914562e-7,1.3929886597074187e-7,-1.3935850770745556e-7,-1.3472110561373502e-7,4.737718415094679e-11,0.00021649745914201297,0.012688177731507266
7,0.01679443855772424,9,8,58,10.84506768314321,0.023007338714685063,-0.18213682285890942,-0.00038639533642052847,5.587634504362756e-7,0.0,0.0,0.0,0.0,0.0,0.0,0.0,0.0,1.0882384291214478e-7,-8.980031204212809e-8,8.997981299170813e-8,1.0684659473855068e-7,8.997981310058793e-8,1.068465944234424e-7,-1.0488734007525862e-7,9.013794293152595e-8,4.737718415094679e-11,0.00021649745914201297,0.012688177731507266
7,0.01679443855772424,9,10,59,10.845067683143583,0.023007338714522554,0.1821368228589157,0.00038639533641779926,5.587634501260522e-7,-1.0488733987751605e-7,9.013794304822733e-8,-8.997981310089111e-8,-1.0684659454437422e-7,-8.997981321670069e-8,-1.0684659422514366e-7,1.0882384271733638e-7,-8.980031215057128e-8,0.0,0.0,0.0,0.0,0.0,0.0,0.0,0.0,4.737718415094679e-11,0.00021649745914201297,0.012688177731507266
7,0.01679443855772424,9,8,60,11.480040928183177,0.05813675514794665,-0.19280084200853193,-0.0009763741622776485,1.9040008729658324e-13,0.0,0.0,0.0,0.0,0.0,0.0,0.0,0.0,-1.6090666373203352e-14,4.4293093834849854e-14,-4.457346389065748e-14,-1.6698946176092846e-14,-4.457346670453464e-14,-1.669895754141143e-14,1.7316151694799827e-14,-4.48504961665351e-14,4.737718415094679e-11,0.00021649745914201297,0.012688177731507266
7,0.01679443855772424,9,10,61,11.480040928183856,0.05813675514536655,0.19280084200854333,0.0009763741622343171,1.9039800558233672e-13,1.7315823299925456e-14,-4.485005649751614e-14,4.4573038851981164e-14,1.6698639239135364e-14,4.45730251874917e-14,1.6698610805366398e-14,-1.609034102504923e-14,4.429266678703452e-14,0.0,0.0,0.0,0.0,0.0,0.0,0.0,0.0,4.737718415094679e-11,0.00021649745914201297,0.012688177731507266
7,0.01679443855772424,9,8,62,10.481131529270806,0.0433979569271498,-0.17602471948376486,-0.0007288443211437804,2.210696326536117e-14,0.0,0.0,0.0,0.0,0.0,0.0,0.0,0.0,-1.7492593982074493e-15,5.184463901929964e-15,-5.2186314094287045e-15,-1.81912095609303e-15,-5.218637043879442e-15,-1.8191169933078295e-15,1.890022237577085e-15,-5.252440565600615e-15,4.737718415094679e-11,0.00021649745914201297,0.012688177731507266
7,0.01679443855772424,9,10,63,10.481131529270844,0.043397956927793115,0.1760247194837655,0.0007288443211545845,2.210677784170051e-14,1.890026288925753e-15,-5.25239096237218e-15,5.2185887009004395e-15,1.8191229864353093e-15,5.218576214591368e-15,1.8191302853432562e-15,-1.749270649749499e-15,5.184410083030109e-15,0.0,0.0,0.0,0.0,0.0,0.0,0.0,0.0,4.737718415094679e-11,0.00021649745914201297,0.012688177731507266
7,0.01679443855772424,9,10,64,10.645294470678364,0.0543063073004963,0.17878174391668936,0.0009120439412550765,1.4521628883513534e-14,3.1958069564626762e-15,-1.7978418524559115e-15,1.8115059041516938e-15,3.1460488098368467e-15,1.8115013480707023e-15,3.146058091749089e-15,-3.096662179777789e-15,1.8245362369620333e-15,0.0,0.0,0.0,0.0,0.0,0.0,0.0,0.0,4.737718415094679e-11,0.00021649745914201297,0.012688177731507266
7,0.01679443855772424,9,8,65,10.645294470677891,0.054306307302467334,-0.17878174391668142,-0.0009120439412881789,1.4520102126426387e-14,0.0,0.0,0.0,0.0,0.0,0.0,0.0,0.0,-3.0962596317351923e-15,1.8244723270677486e-15,-1.8114373687296955e-15,-3.1456539766600854e-15,-1.8114405229307528e-15,-3.145646527061226e-15,3.195403090148813e-15,-1.7977763180832057e-15,4.737718415094679e-11,0.00021649745914201297,0.012688177731507266
7,0.01679443855772424,9,8,66,6.1731890552114645,0.05025724828578636,-0.1036752442929647,-0.0008440422684159309,3.955600618645292e-15,0.0,0.0,0.0,0.0,0.0,0.0,0.0,0.0,-9.099058589856862e-16,3.613653001868203e-16,-3.557851990466821e-16,-9.22653389140583e-16,-3.5579000166580534e-16,-9.226539732903012e-16,9.354726234786124e-16,-3.500253678470928e-16,4.737718415094679e-11,0.00021649745914201297,0.012688177731507266
7,0.01679443855772424,9,10,67,6.1731890552115845,0.05025724828542924,0.1036752442929667,0.0008440422684099333,3.95535282451039e-15,9.354174399004292e-16,-3.4999625394044153e-16,3.557583362486877e-16,9.22594890215724e-16,3.5575840717339815e-16,9.226022205662142e-16,-9.098507978865188e-16,3.6133594937936843e-16,0.0,0.0,0.0,0.0,0.0,0.0,0.0,0.0,4.737718415094679e-11,0.00021649745914201297,0.012688177731507266
7,0.01679443855772424,9,10,68,10.449188910096744,0.01694548885514606,0.1754882611286733,0.00028458997140835135,2.607617609807817e-15,-5.808589104593193e-16,-2.8133117472662446e-16,2.9001112297727214e-16,-5.83826753879227e-16,2.900112972105648e-16,-5.838232011347553e-16,5.867330256022652e-16,2.9880799270029916e-16,0.0,0.0,0.0,0.0,0.0,0.0,0.0,0.0,4.737718415094679e-11,0.00021649745914201297,0.012688177731507266
7,0.01679443855772424,9,8,69,10.44918891009694,0.01694548885492544,-0.17548826112867658,-0.0002845899714046462,2.6075426813807906e-15,0.0,0.0,0.0,0.0,0.0,0.0,0.0,0.0,5.867128089237713e-16,2.9880721035511267e-16,-2.900096751967255e-16,5.838057628498988e-16,-2.9001076422738954e-16,5.838033390712694e-16,-5.808382740103148e-16,-2.8132998862859424e-16,4.737718415094679e-11,0.00021649745914201297,0.012688177731507266
7,0.01679443855772424,9,8,70,11.323393294414252,0.04575588489693164,-0.19017003294798682,-0.0007684443975558209,2.4493612359866983e-15,0.0,0.0,0.0,0.0,0.0,0.0,0.0,0.0,5.44919104502707e-16,2.6567173556458723e-16,-2.738307929371592e-16,5.476834979034182e-16,-2.738323921327512e-16,5.476852422628301e-16,-5.50394872841819e-16,-2.821009653495027e-16,4.737718415094679e-11,0.00021649745914201297,0.012688177731507266
7,0.01679443855772424,9,10,71,11.323393294413776,0.04575588489953558,0.19017003294797882,0.0007684443975995526,2.4488692821740143e-15,-5.502931096666767e-16,-2.820291721047398e-16,2.7376086650380355e-16,-5.475843080326977e-16,2.7375917373525056e-16,-5.475809894448149e-16,5.448174145062203e-16,2.6560039902360314e-16,0.0,0.0,0.0,0.0,0.0,0.0,0.0,0.0,4.737718415094679e-11,0.00021649745914201297,0.012688177731507266
7,0.01679443855772424,9,8,72,11.299727005247306,0.02775973755337649,-0.1897725709086832,-0.0004662092067187317,1.5998067588682105e-15,0.0,0.0,0.0,0.0,0.0,0.0,0.0,0.0,4.0388884830877866e-16,7.620311086068942e-18,-3.545786149331831e-18,3.999240848109298e-16,-3.54454574136285e-18,3.999278760758229e-16,-3.9596238713677357e-16,4.499966605152654e-19,4.737718415094679e-11,0.00021649745914201297,0.012688177731507266
7,0.01679443855772424,9,10,73,11.299727005247053,0.027759737553509564,0.18977257090867897,0.0004662092067209666,1.5996944723647764e-15,-3.959340643514415e-16,3.6600971146273237e-19,3.63020251412947e-18,-3.998972627336251e-16,3.628053673811619e-18,-3.9989704157592463e-16,4.0385952182685765e-16,7.704243611829121e-18,0.0,0.0,0.0,0.0,0.0,0.0,0.0,0.0,4.737718415094679e-11,0.00021649745914201297,0.012688177731507266
7,0.01679443855772424,9,8,74,6.779457147406975,0.10181640787080665,-0.1138571765168509,-0.001709949406154453,1.4093381851240993e-18,0.0,0.0,0.0,0.0,0.0,0.0,0.0,0.0,-6.82048866361957e-20,3.4169653900464877e-19,-3.437887503148117e-19,-7.361920988583564e-20,-3.4555710572136966e-19,-7.242538224516566e-20,7.793168559952574e-20,-3.4762443965477654e-19,4.737718415094679e-11,0.00021649745914201297,0.012688177731507266
7,0.01679443855772424,9,10,75,6.779457147411757,0.10181640786893309,0.11385717651693121,0.0017099494061229876,1.2758029819747083e-18,8.001631136789391e-20,-3.1227502775536807e-19,3.092209769847733e-19,7.633190620934182e-20,3.104023407637103e-19,7.519548788019691e-20,-7.15853319775372e-20,3.073287513375844e-19,0.0,0.0,0.0,0.0,0.0,0.0,0.0,0.0,4.737718415094679e-11,0.00021649745914201297,0.012688177731507266
7,0.01679443855772424,9,8,76,10.17888931220698,0.04735593130660534,-0.17094873113973608,-0.0007953162786725933,6.979946869933387e-19,0.0,0.0,0.0,0.0,0.0,0.0,0.0,0.0,-1.711997407939547e-19,2.167467908294569e-20,-2.0675553267297418e-20,-1.7653504822172172e-19,-1.7142454689788004e-20,-1.7041500529830041e-19,1.756831806871278e-19,-1.6015164570414738e-20,4.737718415094679e-11,0.00021649745914201297,0.012688177731507266
7,0.01679443855772424,9,10,77,10.178889312205712,0.047355931307069485,0.1709487311397148,0.0007953162786803882,5.479764078060971e-19,1.3659984719909845e-19,-2.4648834324779564e-20,2.8696930927405214e-20,1.3678988121407163e-19,2.6323886185883104e-20,1.3163004886657014e-19,-1.3173998222072727e-19,3.0241488359979514e-20,0.0,0.0,0.0,0.0,0.0,0.0,0.0,0.0,4.737718415094679e-11,0.00021649745914201297,0.012688177731507266
7,0.01679443855772424,9,8,78,11.638853236955708,0.04570515155234801,-0.19546800557042252,-0.0007675923595173833,8.512716501192097e-20,0.0,0.0,0.0,0.0,0.0,0.0,0.0,0.0,-1.9624519375486812e-20,7.647502098459512e-21,-7.543434649429423e-21,-1.9896897447178432e-20,-7.521108474537985e-21,-1.9910392012241576e-20,2.018452648138683e-20,-7.413086332944993e-21,4.737718415094679e-11,0.00021649745914201297,0.012688177731507266
7,0.01679443855772424,9,10,79,11.638853236955509,0.04570515155243562,0.19546800557041918,0.0007675923595188547,8.184878984871127e-20,2.031163621745815e-20,-3.792664136295584e-21,3.972312206085268e-21,2.0058626919598398e-20,3.9556158650602896e-21,2.0089522686335314e-20,-1.9837073518187933e-20,4.131165055143748e-21,0.0,0.0,0.0,0.0,0.0,0.0,0.0,0.0,4.737718415094679e-11,0.00021649745914201297,0.012688177731507266
8,0.009696273622190719,10,11,0,2.811011071255174,0.07046310635615907,0.02725633250189762,0.0006832295594988444,59.17025878453941,10.973128971188375,-10.13999608913781,10.147245838397286,10.763012236504682,10.147245838688278,10.763012237500478,-10.554924736698563,10.152342782578886,0.0,0.0,0.0,0.0,0.0,0.0,0.0,0.0,2.506006372338258e-9,0.00010404985101926215,0.009308642405747069
8,0.009696273622190719,10,9,1,2.8110110712541454,0.07046310635704314,-0.027256332501887647,-0.0006832295595074166,59.17025877553101,0.0,0.0,0.0,0.0,0.0,0.0,0.0,0.0,-10.554924734618927,10.152342781500854,-10.147245837182505,-10.76301223413639,-10.14724583774851,-10.763012235709608,10.973128969109078,-10.139996088060883,2.506006372338258e-9,0.00010404985101926215,0.009308642405747069
8,0.009696273622190719,10,9,2,4.708568956087592,0.09180931088609365,-0.045655572967178204,-0.000890208199416337,41.52872261952233,0.0,0.0,0.0,0.0,0.0,0.0,0.0,0.0,-7.25277218777653,7.283364473152156,-7.28293414388611,-7.398861840076757,-7.28293414375004,-7.398861840265362,7.54640793140126,-7.2810238964718454,2.506006372338258e-9,0.00010404985101926215,0.009308642405747069
8,0.009696273622190719,10,11,3,4.70856895608857,0.09180931088471886,0.04565557296718769,0.0008902081994030068,41.52872261898945,7.5464079312031105,-7.281023896483368,7.282934143876631,7.398861839845416,7.282934143782498,7.3988618401002375,-7.2527721875782145,7.28336447316357,0.0,0.0,0.0,0.0,0.0,0.0,0.0,0.0,2.506006372338258e-9,0.00010404985101926215,0.009308642405747069
8,0.009696273622190719,10,11,4,3.905820382520936,0.08360132847289839,0.03787190314805262,0.0008106213560518666,4.885260977120517,1.2314062837028643,0.07283325548726594,-0.059913131141466236,1.219814236040991,-0.059913131173667034,1.2198142360587048,-1.2082101813743082,-0.04723696847427161,0.0,0.0,0.0,0.0,0.0,0.0,0.0,0.0,2.506006372338258e-9,0.00010404985101926215,0.009308642405747069
8,0.009696273622190719,10,9,5,3.9058203825211653,0.08360132847278898,-0.03787190314805484,-0.0008106213560508057,4.88526097703868,0.0,0.0,0.0,0.0,0.0,0.0,0.0,0.0,-1.2082101813544122,-0.047236968461626394,0.059913131128639496,-1.2198142360212256,0.05991313116099439,-1.2198142360387543,1.231406283683045,0.07283325547441444,2.506006372338258e-9,0.00010404985101926215,0.009308642405747069
8,0.009696273622190719,10,9,6,0.20861718367519394,0.16435242790027066,-0.0020228092952054993,-0.0015936061113923964,4.34234323189077,0.0,0.0,0.0,0.0,0.0,0.0,0.0,0.0,-0.6889564365964292,0.8248896841033072,-0.8261789772907151,-0.7041774817034174,-0.8261789772848079,-0.7041774817360382,0.7195637485531372,-0.8273274184536697,2.506006372338258e-9,0.00010404985101926215,0.009308642405747069
8,0.009696273622190719,10,11,7,0.20861718367513876,0.1643524279003617,0.002022809295204964,0.0015936061113932792,4.342343231885409,0.7195637485537155,-0.827327418451399,0.8261789772884813,0.7041774817039044,0.8261789772825445,0.704177481736695,-0.6889564365969949,0.8248896841010804,0.0,0.0,0.0,0.0,0.0,0.0,0.0,0.0,2.506006372338258e-9,0.00010404985101926215,0.009308642405747069
8,0.009696273622190719,10,11,8,11.668500440024276,0.05828893973436556,0.1131409730271282,0.0005651855088117933,3.1346631551207036,0.7355591489725546,-0.2923341445755425,0.29669360667824995,0.7253097745706443,0.29669360666167316,0.7253097746105348,-0.7151197244231265,0.30090800087709035,0.0,0.0,0.0,0.0,0.0,0.0,0.0,0.0,2.506006372338258e-9,0.00010404985101926215,0.009308642405747069
8,0.009696273622190719,10,9,9,11.668500440009746,0.05828893973704829,-0.1131409730269873,-0.0005651855088378057,3.1346631546867854,0.0,0.0,0.0,0.0,0.0,0.0,0.0,0.0,-0.7151197243644933,0.3009080007345044,-0.2966936065369369,-0.7253097745139889,-0.2966936065178214,-0.7253097745494149,0.7355591489134362,-0.2923341444329568,2.506006372338258e-9,0.00010404985101926215,0.009308642405747069
8,0.009696273622190719,10,9,10,2.8121843770608335,0.07161831132314167,-0.0272677091960318,-0.0006944307429484214,2.6887543232052025,0.0,0.0,0.0,0.0,0.0,0.0,0.0,0.0,-0.4634498391869556,-0.4961411368691772,0.4865915914052712,-0.46372785357796303,0.48659159211880043,-0.46372785243291353,0.4639085392348939,0.4771347824938884,2.506006372338258e-9,0.00010404985101926215,0.009308642405747069
8,0.009696273622190719,10,11,11,2.8121843770615307,0.07161831132240845,0.027267709196038558,0.000694430742941312,2.688754320523463,0.4639085370178145,0.4771347836807389,-0.4865915927329974,0.46372785108360454,-0.48659159316440564,0.46372785049293946,-0.4634498369699396,-0.49614113805610294,0.0,0.0,0.0,0.0,0.0,0.0,0.0,0.0,2.506006372338258e-9,0.00010404985101926215,0.009308642405747069
8,0.009696273622190719,10,11,12,11.567665750622147,-0.00458559258198595,0.11216325228807654,-4.4463160394823804e-5,2.4785175453294546,-0.42579018548676245,0.4416132475367209,-0.44172824416815065,-0.4345083886603256,-0.44172824417247675,-0.43450838871429487,0.443314928845641,-0.4417563302925153,0.0,0.0,0.0,0.0,0.0,0.0,0.0,0.0,2.506006372338258e-9,0.00010404985101926215,0.009308642405747069
8,0.009696273622190719,10,9,13,11.567665750618763,-0.004585592572126292,-0.11216325228804372,4.446316029922186e-5,2.4785175449109103,0.0,0.0,0.0,0.0,0.0,0.0,0.0,0.0,0.443314928817801,-0.441756330173185,0.44172824405038297,0.4345083886330569,0.4417282440513713,0.43450838868596414,-0.42579018545902797,0.4416132474171758,2.506006372338258e-9,0.00010404985101926215,0.009308642405747069
8,0.009696273622190719,10,11,14,4.699288180386724,0.0827336143424153,0.045565584026556416,0.0008022077624168613,1.9602966199299792,0.33294132176262237,0.3529241315994633,-0.3598160616934885,0.3327056834963694,-0.35981606170052816,0.3327056835354154,-0.3323980754033047,-0.3667745257340546,0.0,0.0,0.0,0.0,0.0,0.0,0.0,0.0,2.506006372338258e-9,0.00010404985101926215,0.009308642405747069
8,0.009696273622190719,10,9,15,4.699288180386022,0.08273361434370188,-0.0455655840265496,-0.0008022077624293363,1.9602966193065863,0.0,0.0,0.0,0.0,0.0,0.0,0.0,0.0,-0.33239807519374553,-0.366774525715476,0.3598160616947387,-0.3327056832528008,0.35981606166217045,-0.33270568335996764,0.3329413215531614,0.3529241315809745,2.506006372338258e-9,0.00010404985101926215,0.009308642405747069
8,0.009696273622190719,10,11,16,0.035216515730059905,-0.009017905718601442,0.00034146897253884437,-8.7440081346678e-5,1.598261403769747,-0.1261648254358928,0.3749211684117712,-0.3773957357742753,-0.13121336275374554,-0.37739573577675,-0.13121336276609788,0.13633737660603323,-0.37984405291901974,0.0,0.0,0.0,0.0,0.0,0.0,0.0,0.0,2.506006372338258e-9,0.00010404985101926215,0.009308642405747069
8,0.009696273622190719,10,9,17,0.0352165157300558,-0.009017905718580903,-0.0003414689725388046,8.744008134647885e-5,1.598261403752387,0.0,0.0,0.0,0.0,0.0,0.0,0.0,0.0,0.13633737659900907,-0.37984405291685935,0.37739573577219576,0.1312133627465109,0.3773957357745201,0.13121336275929776,-0.1261648254288824,0.3749211684096207,2.506006372338258e-9,0.00010404985101926215,0.009308642405747069
8,0.009696273622190719,10,11,18,3.7963725819581153,-0.003525715007992528,0.03681066732644855,-3.418629743135989e-5,1.1313138295678844,-0.1810528926842293,0.21359771834266425,-0.2139047631827204,-0.18502078112893808,-0.21390476318183507,-0.1850207811409907,0.18903144683744272,-0.2141747995879244,0.0,0.0,0.0,0.0,0.0,0.0,0.0,0.0,2.506006372338258e-9,0.00010404985101926215,0.009308642405747069
8,0.009696273622190719,10,9,19,3.7963725819582583,-0.00352571500809632,-0.036810667326449935,3.418629743236629e-5,1.131313829536909,0.0,0.0,0.0,0.0,0.0,0.0,0.0,0.0,0.18903144682898954,-0.2141747995849745,0.21390476318011054,0.18502078112028128,0.21390476317857465,0.18502078113275988,-0.18105289267579502,0.21359771833974212,2.506006372338258e-9,0.00010404985101926215,0.009308642405747069
8,0.009696273622190719,10,11,20,3.9271996884437392,0.07024847903871267,0.03807920274813264,0.0006811484743020873,0.10102515852453853,-0.01701570158798461,0.018321693533586283,-0.01833302519637708,-0.017370908515940958,-0.018333025196938323,-0.017370908514845487,0.01772978170038983,-0.01834088231140135,0.0,0.0,0.0,0.0,0.0,0.0,0.0,0.0,2.506006372338258e-9,0.00010404985101926215,0.009308642405747069
8,0.009696273622190719,10,9,21,3.9271996884437623,0.07024847903848264,-0.03807920274813286,-0.0006811484742998568,0.10102515849221805,0.0,0.0,0.0,0.0,0.0,0.0,0.0,0.0,0.017729781691204493,-0.018340882308972854,0.018333025193484762,0.01737090850685827,0.018333025194977474,0.017370908505554804,-0.01701570157879707,0.018321693531159734,2.506006372338258e-9,0.00010404985101926215,0.009308642405747069
8,0.009696273622190719,10,9,22,6.387406169546683,0.05879215401664369,-0.06193403795599376,-0.0005700648121833564,0.07197622920246335,0.0,0.0,0.0,0.0,0.0,0.0,0.0,0.0,-0.011474997089411897,0.013626574887526914,-0.013646924202991129,-0.011727376962963273,-0.013646924203324523,-0.011727376964332091,0.01198248598814544,-0.01366492777048267,2.506006372338258e-9,0.00010404985101926215,0.009308642405747069
8,0.009696273622190719,10,11,23,6.387406169546715,0.05879215401661184,0.06193403795599407,0.0005700648121830476,0.07197622920205662,0.011982485988022625,-0.013664927770460446,0.013646924202958967,0.011727376962840723,0.013646924203304782,0.011727376964202943,-0.011474997089283151,0.013626574887497224,0.0,0.0,0.0,0.0,0.0,0.0,0.0,0.0,2.506006372338258e-9,0.00010404985101926215,0.009308642405747069
8,0.009696273622190719,10,11,24,11.701104812276895,0.0559375945504065,0.11345711394176934,0.0005423862225279059,0.04938799522959214,-0.005539585016318483,0.010896575202867529,-0.010949578709858774,-0.005705040242745447,-0.010949578706266339,-0.005705040231040035,0.005872685259045988,-0.011001440986201825,0.0,0.0,0.0,0.0,0.0,0.0,0.0,0.0,2.506006372338258e-9,0.00010404985101926215,0.009308642405747069
8,0.009696273622190719,10,9,25,11.701104812267774,0.05593759456628492,-0.1134571139416809,-0.0005423862226818674,0.04938799519333118,0.0,0.0,0.0,0.0,0.0,0.0,0.0,0.0,0.005872685248311369,-0.011001440981520137,0.010949578704927555,0.005705040232463926,0.010949578701985308,0.005705040219766578,-0.005539585005498433,0.010896575198332488,2.506006372338258e-9,0.00010404985101926215,0.009308642405747069
8,0.009696273622190719,10,9,26,3.988626327302452,0.1541788913288435,-0.03867481224619821,-0.0014949607170904745,0.03954556540989078,0.0,0.0,0.0,0.0,0.0,0.0,0.0,0.0,0.005417806395180644,0.008151564374146995,-0.008287797729442783,0.005389643427972079,-0.008287797729818113,0.005389643427858014,-0.0053598227933271785,-0.008425108848031321,2.506006372338258e-9,0.00010404985101926215,0.009308642405747069
8,0.009696273622190719,10,11,27,3.9886263273025557,0.15417889132897267,0.03867481224619922,0.001494960717091727,0.039545565409039876,-0.0053598227924263825,-0.008425108848351555,0.008287797729785065,-0.00538964342706368,0.008287797730132256,-0.005389643426976609,0.005417806394291741,0.008151564374483085,0.0,0.0,0.0,0.0,0.0,0.0,0.0,0.0,2.506006372338258e-9,0.00010404985101926215,0.009308642405747069
8,0.009696273622190719,10,9,28,6.414647759578604,0.08558814558864994,-0.06219817986684681,-0.0008298860784434454,0.018645575834251506,0.0,0.0,0.0,0.0,0.0,0.0,0.0,0.0,0.0008353490826115602,-0.0046334226582300615,0.004595362442919375,0.0007811218503485245,0.004595362443244552,0.0007811218517394117,-0.0007278136763315011,0.004557145911659916,2.506006372338258e-9,0.00010404985101926215,0.009308642405747069
8,0.009696273622190719,10,11,29,6.414647759578741,0.08558814558852967,0.06219817986684814,0.0008298860784422792,0.01864557583290445,-0.000727813676522391,0.004557145911286836,-0.004595362442521626,-0.0007811218505683578,-0.004595362442894131,-0.0007811218519016882,0.0008353490828028388,-0.004633422657854984,0.0,0.0,0.0,0.0,0.0,0.0,0.0,0.0,2.506006372338258e-9,0.00010404985101926215,0.009308642405747069
8,0.009696273622190719,10,9,30,8.197633300927258,0.032526625892183476,-0.0794864955401732,-0.00031538706465724433,0.014074638174558644,0.0,0.0,0.0,0.0,0.0,0.0,0.0,0.0,0.0020368907935387746,-0.0029123033759860667,0.002903349243970437,0.0019876894055333976,0.002903349243893465,0.001987689405699246,-0.0019390686477826025,0.002893997515933674,2.506006372338258e-9,0.00010404985101926215,0.009308642405747069
8,0.009696273622190719,10,11,31,8.197633300927164,0.03252662589169639,0.07948649554017229,0.0003153870646525214,0.014074638173638826,-0.001939068647423657,0.0028939975159016623,-0.0029033492439255034,-0.0019876894051680024,-0.00290334924387298,-0.0019876894053461164,0.002036890793179181,-0.0029123033759525796,0.0,0.0,0.0,0.0,0.0,0.0,0.0,0.0,2.506006372338258e-9,0.00010404985101926215,0.009308642405747069
8,0.009696273622190719,10,9,32,6.875781860172157,0.03601465531864914,-0.06666946228272473,-0.00034920795237850834,0.011921665443309899,0.0,0.0,0.0,0.0,0.0,0.0,0.0,0.0,0.0021791879015759202,-0.0020767780982331543,0.002077587448777387,0.0021368359746048206,0.0020775874485880162,0.00213683597482962,-0.0020948995226070816,0.0020779693903899407,2.506006372338258e-9,0.00010404985101926215,0.009308642405747069
8,0.009696273622190719,10,11,33,6.875781860172387,0.03601465531801645,0.06666946228272695,0.00034920795237237365,0.01192166544156792,-0.0020948995222759676,0.0020779693901075555,-0.0020775874484587316,-0.002136835974286591,-0.002077587448339578,-0.0021368359744844017,0.0021791879012436075,-0.0020767780979483673,0.0,0.0,0.0,0.0,0.0,0.0,0.0,0.0,2.506006372338258e-9,0.00010404985101926215,0.009308642405747069
8,0.009696273622190719,10,9,34,8.682682914543463,0.07155475360870142,-0.08418966931413381,-0.0006938144699584078,0.011489843920346118,0.0,0.0,0.0,0.0,0.0,0.0,0.0,0.0,-0.001615716329040217,0.00234023798943406,-0.0023473186439472984,-0.0016555104227801904,-0.0023473186440233634,-0.0016555104231378427,0.0016957739474914406,-0.00235406814950917,2.506006372338258e-9,0.00010404985101926215,0.009308642405747069
8,0.009696273622190719,10,11,35,8.682682914543484,0.07155475360878802,0.08418966931413402,0.0006938144699592475,0.011489843920041393,0.0016957739473670666,-0.002354068149505131,0.002347318643945112,0.001655510422646917,0.0023473186440146733,0.0016555104230221711,-0.0016157163289156763,0.002340237989427224,0.0,0.0,0.0,0.0,0.0,0.0,0.0,0.0,2.506006372338258e-9,0.00010404985101926215,0.009308642405747069
8,0.009696273622190719,10,11,36,11.954690422996427,0.03612400958995117,0.11591594940995627,0.0003502682813148081,0.009680713133777505,-0.001543388166014301,0.0018327444090476632,-0.0018354810821202007,-0.0015773329674664473,-0.001835481082246189,-0.0015773329675604793,0.0016116448336774669,-0.001837902252018739,0.0,0.0,0.0,0.0,0.0,0.0,0.0,0.0,2.506006372338258e-9,0.00010404985101926215,0.009308642405747069
8,0.009696273622190719,10,9,37,11.95469042299611,0.03612400959160263,-0.1159159494099532,-0.0003502682813308211,0.009680713130888502,0.0,0.0,0.0,0.0,0.0,0.0,0.0,0.0,0.0016116448342096894,-0.001837902250607573,0.0018354810806912845,0.0015773329680357714,0.0018354810808568396,0.0015773329680541068,-0.0015433881665452831,0.001832744407640616,2.506006372338258e-9,0.00010404985101926215,0.009308642405747069
8,0.009696273622190719,10,11,38,12.015949466516544,0.07875242827900955,0.11650993385776101,0.0007636050930052268,0.008440898992107147,0.0018905824070995943,-0.000984110402929025,0.0009929882108697127,0.0018619345511812252,0.0009929882108025453,0.0018619345512168783,-0.0018334852557000693,0.0010014936119772482,0.0,0.0,0.0,0.0,0.0,0.0,0.0,0.0,2.506006372338258e-9,0.00010404985101926215,0.009308642405747069
8,0.009696273622190719,10,9,39,12.015949466516242,0.07875242828055215,-0.11650993385775808,-0.0007636050930201842,0.008440898988399514,0.0,0.0,0.0,0.0,0.0,0.0,0.0,0.0,-0.0018334852550971116,0.001001493611152474,-0.000992988210054548,-0.0018619345505737224,-0.000992988209971074,-0.001861934550601551,0.0018905824064797475,-0.0009841104021072397,2.506006372338258e-9,0.00010404985101926215,0.009308642405747069
8,0.009696273622190719,10,9,40,8.709015162821974,0.09709025193370208,-0.08444499399852971,-0.0009414136487966069,0.006867862553022976,0.0,0.0,0.0,0.0,0.0,0.0,0.0,0.0,0.0006233251766375457,-0.001618282060134938,0.0016082718238556609,0.0006010701799609808,0.0016082718238905138,0.0006010701804275984,-0.0005791368260910695,0.0015981413414112402,2.506006372338258e-9,0.00010404985101926215,0.009308642405747069
8,0.009696273622190719,10,11,41,8.709015162821958,0.09709025193375603,0.08444499399852956,0.0009414136487971301,0.006867862552564198,-0.0005791368260852302,0.0015981413412911552,-0.001608271823731323,-0.000601070179953763,-0.001608271823774429,-0.000601070180422854,0.0006233251766314418,-0.0016182820600145987,0.0,0.0,0.0,0.0,0.0,0.0,0.0,0.0,2.506006372338258e-9,0.00010404985101926215,0.009308642405747069
8,0.009696273622190719,10,11,42,11.760980507224959,0.1560718515951522,0.1140376850633046,0.0015133153777885386,0.006769068138900894,-0.0017027793675736566,-0.00014836976905542208,0.00013002738835915767,-0.001687221805924667,0.0001300273886157264,-0.0016872218061590694,0.0016716382052889408,0.00011202244967663884,0.0,0.0,0.0,0.0,0.0,0.0,0.0,0.0,2.506006372338258e-9,0.00010404985101926215,0.009308642405747069
8,0.009696273622190719,10,9,43,11.760980507208181,0.15607185160402118,-0.11403768506314191,-0.0015133153778745347,0.006769068116688107,0.0,0.0,0.0,0.0,0.0,0.0,0.0,0.0,0.0016716381998384533,0.00011202244868087244,-0.00013002738730289332,0.0016872218004503653,-0.00013002738755557206,0.0016872218006573569,-0.001702779362048429,-0.00014836976793386198,2.506006372338258e-9,0.00010404985101926215,0.009308642405747069
8,0.009696273622190719,10,11,44,8.293492249456488,0.12829854385998657,0.08041597013424812,0.001244017786595067,0.006542599837793054,0.0006450942529566707,-0.0015208915597844752,0.0015120706866371132,0.000623585820825704,0.0015120706866467231,0.0006235858208508403,-0.0006023797903823659,0.0015031250660948433,0.0,0.0,0.0,0.0,0.0,0.0,0.0,0.0,2.506006372338258e-9,0.00010404985101926215,0.009308642405747069
8,0.009696273622190719,10,9,45,8.293492249455804,0.12829854386065004,-0.08041597013424148,-0.0012440177866015,0.0065425998377400185,0.0,0.0,0.0,0.0,0.0,0.0,0.0,0.0,-0.0006023797904977318,0.001503125066033784,-0.0015120706865778158,-0.0006235858209530821,-0.0015120706865819555,-0.0006235858209547264,0.0006450942530725669,-0.0015208915597214674,2.506006372338258e-9,0.00010404985101926215,0.009308642405747069
8,0.009696273622190719,10,9,46,10.200902163641524,0.0676992174881847,-0.09891073857186555,-0.0006564301367736378,0.004489113205648129,0.0,0.0,0.0,0.0,0.0,0.0,0.0,0.0,-0.0008401944142696294,0.0007270359677647236,-0.0007258191811470817,-0.0008559393282889598,-0.0007258191811896495,-0.0008559393283030129,0.0008718293890380923,-0.0007244311921916945,2.506006372338258e-9,0.00010404985101926215,0.009308642405747069
8,0.009696273622190719,10,11,47,10.20090216364093,0.0676992174888015,0.09891073857185978,0.0006564301367796186,0.004489113205365339,0.0008718293889621117,-0.0007244311921713474,0.0007258191811261059,0.0008559393282139033,0.0007258191811695126,0.0008559393282275493,-0.0008401944141950839,0.0007270359677439617,0.0,0.0,0.0,0.0,0.0,0.0,0.0,0.0,2.506006372338258e-9,0.00010404985101926215,0.009308642405747069
8,0.009696273622190719,10,9,48,6.953543550115438,0.11381427848722755,-0.06742346090573874,-0.001103574386324373,0.0026272841483100237,0.0,0.0,0.0,0.0,0.0,0.0,0.0,0.0,-0.0006384575111346801,0.00012337959866975576,-0.0001181644012406806,-0.0006460878274050898,-0.00011816440120011878,-0.0006460878274727705,0.0006537417637013233,-0.00011281998384368288,2.506006372338258e-9,0.00010404985101926215,0.009308642405747069
8,0.009696273622190719,10,11,49,6.953543550115817,0.11381427848687653,0.0674234609057424,0.0011035743863209695,0.00262728414764536,0.0006537417635411995,-0.0001128199837901328,0.0001181644011810929,0.000646087827249465,0.0001181644011540815,0.0006460878273098678,-0.0006384575109762559,0.00012337959861765158,0.0,0.0,0.0,0.0,0.0,0.0,0.0,0.0,2.506006372338258e-9,0.00010404985101926215,0.009308642405747069
8,0.009696273622190719,10,11,50,10.62322898859561,0.03701280387684113,0.10300573502461141,0.00035888627391433305,0.0017169030702110987,-0.00025496129967350384,0.00033995959276366587,-0.00034078362998859655,-0.0002609445656716575,-0.00034078362995655924,-0.0002609445657434697,0.00026699598324801503,-0.0003415554714533915,0.0,0.0,0.0,0.0,0.0,0.0,0.0,0.0,2.506006372338258e-9,0.00010404985101926215,0.009308642405747069
8,0.009696273622190719,10,9,51,10.62322898859486,0.03701280387808757,-0.10300573502460414,-0.00035888627392641887,0.001716903069893007,0.0,0.0,0.0,0.0,0.0,0.0,0.0,0.0,0.00026699598315121844,-0.00034155547142730177,0.0003407836299604991,0.00026094456557603814,0.00034078362993248497,0.0002609445656456208,-0.0002549612995768362,0.00033995959273756593,2.506006372338258e-9,0.00010404985101926215,0.009308642405747069
8,0.009696273622190719,10,11,52,10.669252356876992,0.08519803853065339,0.10345199019648255,0.0008261034936671629,0.0006211708153589149,3.84054430700694e-5,-0.00015207487383632465,0.00015093448033801768,3.651576177329397e-5,0.00015093448032626919,3.651576175387314e-5,-3.465626662258953e-5,0.00014978678065694673,0.0,0.0,0.0,0.0,0.0,0.0,0.0,0.0,2.506006372338258e-9,0.00010404985101926215,0.009308642405747069
8,0.009696273622190719,10,9,53,10.669252356875663,0.08519803853187807,-0.10345199019646965,-0.0008261034936790379,0.0006211708152034857,0.0,0.0,0.0,0.0,0.0,0.0,0.0,0.0,-3.4656266606147384e-5,0.0001497867806211436,-0.000150934480301787,-3.651576175807319e-5,-0.0001509344802907625,-3.651576173512348e-5,3.840544305253613e-5,-0.00015207487380039668,2.506006372338258e-9,0.00010404985101926215,0.009308642405747069
8,0.009696273622190719,10,11,54,12.039637023812569,0.06913077817587604,0.11673961489474459,0.0006703109409082646,0.00032076244303925284,-1.8398058659939372e-5,7.722954431353783e-5,-7.781594685858428e-5,-1.9362101576106127e-5,-7.781594686644632e-5,-1.9362101573571885e-5,2.034170729158478e-5,-7.839847543484688e-5,0.0,0.0,0.0,0.0,0.0,0.0,0.0,0.0,2.506006372338258e-9,0.00010404985101926215,0.009308642405747069
8,0.009696273622190719,10,9,55,12.039637023812494,0.06913077817613619,-0.11673961489474387,-0.0006703109409107872,0.0003207624425481638,0.0,0.0,0.0,0.0,0.0,0.0,0.0,0.0,2.034170737308161e-5,-7.839847528789261e-5,7.781594671291296e-5,1.9362101659680177e-5,7.781594671842063e-5,1.936210165336603e-5,-1.8398058741833845e-5,7.722954416681312e-5,2.506006372338258e-9,0.00010404985101926215,0.009308642405747069
8,0.009696273622190719,10,11,56,12.071619063349077,0.11971376396576697,0.11704972150108629,0.001160777411754432,0.0002922390851339318,-1.530803016778827e-5,-7.218688876418415e-5,7.131351231465641e-5,-1.5869665529422473e-5,7.131351232852711e-5,-1.5869665520094106e-5,1.641703786210075e-5,7.044330838588332e-5,0.0,0.0,0.0,0.0,0.0,0.0,0.0,0.0,2.506006372338258e-9,0.00010404985101926215,0.009308642405747069
8,0.009696273622190719,10,9,57,12.071619063348193,0.11971376396587594,-0.11704972150107772,-0.0011607774117554886,0.0002922390845350508,0.0,0.0,0.0,0.0,0.0,0.0,0.0,0.0,1.6417037817556472e-5,7.04433082430473e-5,-7.131351217127769e-5,1.5869665484269264e-5,-7.131351218492693e-5,1.5869665476321936e-5,-1.5308030123393065e-5,-7.218688862003853e-5,2.506006372338258e-9,0.00010404985101926215,0.009308642405747069
8,0.009696273622190719,10,9,58,7.742991307471801,0.1056602417779729,-0.07507816237149086,-0.0010245106152660525,0.0002772185294353202,0.0,0.0,0.0,0.0,0.0,0.0,0.0,0.0,-4.1555886271896426e-5,-5.4597623978562775e-5,5.556330433397485e-5,-4.1419936602582564e-5,5.556330433655692e-5,-4.141993660237304e-5,4.127287344390335e-5,5.653726756793155e-5,2.506006372338258e-9,0.00010404985101926215,0.009308642405747069
8,0.009696273622190719,10,11,59,7.742991307471725,0.10566024177805106,0.07507816237149012,0.0010245106152668103,0.0002772185293894806,4.127287344115304e-5,5.653726755553062e-5,-5.5563304321590066e-5,4.141993659992278e-5,-5.556330432452508e-5,4.1419936599439875e-5,-4.155588626905608e-5,-5.4597623966544705e-5,0.0,0.0,0.0,0.0,0.0,0.0,0.0,0.0,2.506006372338258e-9,0.00010404985101926215,0.009308642405747069
8,0.009696273622190719,10,9,60,10.202259871025138,0.06889961822080001,-0.09892390327415593,-0.0006680695507333542,0.0001303423471599845,0.0,0.0,0.0,0.0,0.0,0.0,0.0,0.0,-2.991366001091195e-5,-1.3725470753840896e-5,1.3292058525455685e-5,-2.9750438013212904e-5,1.329205854690338e-5,-2.9750437989345562e-5,2.9584556984970102e-5,1.286459614025976e-5,2.506006372338258e-9,0.00010404985101926215,0.009308642405747069
8,0.009696273622190719,10,11,61,10.20225987102504,0.06889961822089244,0.09892390327415498,0.0006680695507342504,0.00013034234703783183,2.9584556935617612e-5,1.2864596175861483e-5,-1.3292058560769441e-5,2.9750437963915003e-5,-1.3292058582719609e-5,2.9750437939961095e-5,-2.9913659961590134e-5,-1.3725470789378691e-5,0.0,0.0,0.0,0.0,0.0,0.0,0.0,0.0,2.506006372338258e-9,0.00010404985101926215,0.009308642405747069
8,0.009696273622190719,10,9,62,7.683324743647532,0.047222273300503756,-0.07449961904255484,-0.00045788008298355566,9.110651694693574e-5,0.0,0.0,0.0,0.0,0.0,0.0,0.0,0.0,1.811222417803153e-5,1.4183625094551136e-5,-1.3862474737814481e-5,1.807154386633343e-5,-1.3862474738795005e-5,1.807154386527092e-5,-1.8028090697221815e-5,-1.3544938413543921e-5,2.506006372338258e-9,0.00010404985101926215,0.009308642405747069
8,0.009696273622190719,10,11,63,7.683324743647426,0.047222273300582,0.07449961904255381,0.0004578800829843143,9.110651694319358e-5,-1.8028090696983927e-5,-1.3544938412327425e-5,1.3862474736265919e-5,-1.8071543866149745e-5,1.3862474737932075e-5,-1.8071543864946385e-5,1.811222417776041e-5,1.4183625093356071e-5,0.0,0.0,0.0,0.0,0.0,0.0,0.0,0.0,2.506006372338258e-9,0.00010404985101926215,0.009308642405747069
8,0.009696273622190719,10,11,64,10.701831556592566,0.112530272764292,0.10376788703131674,0.0010911243155023312,1.3659430081811413e-5,-3.1806148118414346e-6,-1.3341325001764647e-6,1.2893016910710563e-6,-3.162019929859223e-6,1.2893016903413184e-6,-3.1620199303386493e-6,3.14316712477677e-6,1.2451032594238466e-6,0.0,0.0,0.0,0.0,0.0,0.0,0.0,0.0,2.506006372338258e-9,0.00010404985101926215,0.009308642405747069
8,0.009696273622190719,10,9,65,10.701831556591841,0.11253027276474045,-0.10376788703130972,-0.0010911243155066795,1.3659430081475012e-5,0.0,0.0,0.0,0.0,0.0,0.0,0.0,0.0,3.14316712476324e-6,1.2451032591976765e-6,-1.2893016908657237e-6,3.1620199298672073e-6,-1.2893016901258366e-6,3.162019930320473e-6,-3.180614811844577e-6,-1.3341324999823085e-6,2.506006372338258e-9,0.00010404985101926215,0.009308642405747069
8,0.009696273622190719,10,9,66,10.667774542212788,0.08071791027260064,-0.10343766090113553,-0.0007826629442145748,7.756811759511085e-7,0.0,0.0,0.0,0.0,0.0,0.0,0.0,0.0,-1.9103713729906305e-7,4.321591865576021e-8,-4.467520264730703e-8,-1.886990372805266e-7,-4.4675202125584896e-8,-1.8869903727468669e-7,1.863698685228639e-7,-4.6096745415811644e-8,2.506006372338258e-9,0.00010404985101926215,0.009308642405747069
8,0.009696273622190719,10,11,67,10.667774542213419,0.08071791027213943,0.10343766090114165,0.0007826629442101028,7.756811754724907e-7,1.8636986773456864e-7,-4.609674822595976e-8,4.467520537053703e-8,1.886990365042841e-7,4.467520503084698e-8,1.8869903647273315e-7,-1.9103713650865973e-7,4.3215921474048844e-8,0.0,0.0,0.0,0.0,0.0,0.0,0.0,0.0,2.506006372338258e-9,0.00010404985101926215,0.009308642405747069
8,0.009696273622190719,10,11,68,8.179142050689977,0.02997579172641119,0.07930719931825614,0.0002906534786210836,1.066038222564383e-13,-9.477783948542987e-15,2.462410522914484e-14,-2.4774587028042985e-14,-9.821268776804253e-15,-2.4774598042759622e-14,-9.821285843327229e-15,1.0169725363458088e-14,-2.4923115028703086e-14,0.0,0.0,0.0,0.0,0.0,0.0,0.0,0.0,2.506006372338258e-9,0.00010404985101926215,0.009308642405747069
8,0.009696273622190719,10,9,69,8.179142050690041,0.029975791726675784,-0.07930719931825675,-0.0002906534786236492,1.0660379743386178e-13,0.0,0.0,0.0,0.0,0.0,0.0,0.0,0.0,1.0169681996929797e-14,-2.492313030393642e-14,2.4774608682785674e-14,9.821244169365306e-15,2.477459544986954e-14,9.821228580017725e-15,-9.477745506509633e-15,2.4624109170164705e-14,2.506006372338258e-9,0.00010404985101926215,0.009308642405747069
8,0.009696273622190719,10,9,70,8.279974488681644,0.1307149889652267,-0.08028489822701591,-0.0012674482995284786,8.735698709106107e-14,0.0,0.0,0.0,0.0,0.0,0.0,0.0,0.0,-1.4180352289699433e-14,1.632185588550439e-14,-1.634182712077594e-14,-1.4487029066926497e-14,-1.6341834164117744e-14,-1.4486988649039825e-14,1.4796933535316568e-14,-1.6358907669973793e-14,2.506006372338258e-9,0.00010404985101926215,0.009308642405747069
8,0.009696273622190719,10,11,71,8.279974488681953,0.13071498896490663,0.08028489822701891,0.001267448299525375,8.73555213930321e-14,1.47969804763808e-14,-1.635836341654159e-14,1.6341296123592832e-14,1.448703488833101e-14,1.6341291842013445e-14,1.448708886876625e-14,-1.4180411225476131e-14,1.6321326798539384e-14,0.0,0.0,0.0,0.0,0.0,0.0,0.0,0.0,2.506006372338258e-9,0.00010404985101926215,0.009308642405747069
8,0.009696273622190719,10,9,72,11.192708095449444,0.07822925665389807,-0.10852756026678696,-0.0007585322777767797,1.7802846394915128e-14,0.0,0.0,0.0,0.0,0.0,0.0,0.0,0.0,-3.917564952740891e-15,2.0170125006441763e-15,-1.9976060460608973e-15,-3.977105874461781e-15,-1.997613695833711e-15,-3.977112702480178e-15,4.037053015573812e-15,-1.977411795393473e-15,2.506006372338258e-9,0.00010404985101926215,0.009308642405747069
8,0.009696273622190719,10,11,73,11.192708095450222,0.07822925665259647,0.10852756026679451,0.000758532277764159,1.7799717734059247e-14,4.036235541572236e-15,-1.9772952974379577e-15,1.9974854451201767e-15,3.9762796061744925e-15,1.997499251623548e-15,3.9763064332118085e-15,-3.916749909989568e-15,2.016893836137196e-15,0.0,0.0,0.0,0.0,0.0,0.0,0.0,0.0,2.506006372338258e-9,0.00010404985101926215,0.009308642405747069
8,0.009696273622190719,10,9,74,6.815975395538958,0.03757654897832492,-0.06608956243726535,-0.00036435250067148953,2.6734625226582287e-15,0.0,0.0,0.0,0.0,0.0,0.0,0.0,0.0,4.870224936181452e-16,-4.674640234691524e-16,4.676108935700078e-16,4.775250630792726e-16,4.67612029819337e-16,4.775242647216352e-16,-4.681203444495707e-16,4.676633943284931e-16,2.506006372338258e-9,0.00010404985101926215,0.009308642405747069
8,0.009696273622190719,10,11,75,6.815975395539187,0.037576548978021235,0.06608956243726757,0.0003643525006685449,2.6732540179310607e-15,-4.680709205028985e-16,4.676399825281386e-16,-4.675872402946513e-16,-4.774741557687425e-16,-4.675882314774408e-16,-4.774757301043143e-16,4.869724679798043e-16,-4.674399733408037e-16,0.0,0.0,0.0,0.0,0.0,0.0,0.0,0.0,2.506006372338258e-9,0.00010404985101926215,0.009308642405747069
8,0.009696273622190719,10,11,76,11.191360177113799,0.07687775271050448,0.10851449048178419,0.0007454277257401657,1.1578011743132656e-15,-2.0738268926822404e-17,-2.8581090387656444e-16,2.888793922281888e-16,-1.8058505080321782e-17,2.888788457075831e-16,-1.8059962441599418e-17,1.532241543585453e-17,2.9195096720326555e-16,0.0,0.0,0.0,0.0,0.0,0.0,0.0,0.0,2.506006372338258e-9,0.00010404985101926215,0.009308642405747069
8,0.009696273622190719,10,9,77,11.191360177113946,0.07687775271046865,-0.10851449048178562,-0.0007454277257398182,1.1576103832536663e-15,0.0,0.0,0.0,0.0,0.0,0.0,0.0,0.0,1.5354771862570014e-17,2.919009055010613e-16,-2.888293497696424e-16,1.809087645477534e-17,-2.8882927278003535e-16,1.8092102032320268e-17,-2.077042053284431e-17,-2.8576134080300266e-16,2.506006372338258e-9,0.00010404985101926215,0.009308642405747069
8,0.009696273622190719,10,9,78,6.890522341335789,0.11219356668189989,-0.06681239002141004,-0.0010878595211972015,6.904103708520377e-17,0.0,0.0,0.0,0.0,0.0,0.0,0.0,0.0,1.6992421400137898e-17,1.806746571116445e-18,-1.996808370811183e-18,1.714388551808314e-17,-1.996267506592669e-18,1.7144043013638742e-17,-1.729510332528593e-17,-2.1897574624242714e-18,2.506006372338258e-9,0.00010404985101926215,0.009308642405747069
8,0.009696273622190719,10,11,79,6.89052234133605,0.112193566681659,0.06681239002141258,0.0010878595211948657,6.903042254294174e-17,-1.7289483599546134e-17,-2.2145093545606786e-18,2.020925893622816e-18,-1.7138687128477395e-17,2.0217793407599486e-18,-1.7138079044771707e-17,1.6986884153641285e-17,1.8316230919928626e-18,0.0,0.0,0.0,0.0,0.0,0.0,0.0,0.0,2.506006372338258e-9,0.00010404985101926215,0.009308642405747069
